trade_date,open,high,low,close,volume,symbol
2021-09-06,54.9342372159439,55.426038815915284,54.14735540641938,54.54079818725586,26518805,BHEL
2021-09-07,54.58997087792465,55.86865413004104,53.11456625960236,54.39324951171875,41841969,BHEL
2021-09-08,54.39325461834574,55.37685778957134,54.14735382553935,54.78669738769531,24443457,BHEL
2021-09-09,54.49161371869332,55.32767486016547,54.29489234653867,54.73751449584961,18226347,BHEL
2021-09-13,54.78669323299302,54.983414602749605,54.09817031491899,54.24571228027344,21565898,BHEL
2021-09-14,54.491614112827186,57.540782270760374,54.29489273924967,57.048980712890625,59747450,BHEL
2021-09-15,57.44242796977143,57.540786788208145,56.557183595247324,56.950626373291016,28300364,BHEL
2021-09-16,57.196521431898404,58.96700625113123,56.60635732405544,57.24570083618164,38178964,BHEL
2021-09-17,57.4916044296192,57.88504343533071,55.32767676568713,55.62275695800781,38626513,BHEL
2021-09-20,54.934234620647246,55.671936985752524,52.721127525331404,53.16374969482422,26766122,BHEL
2021-09-21,53.16375131346875,53.7539154748103,52.18014813004787,53.50801467895508,25946767,BHEL
2021-09-22,53.40964686983115,56.45881869060077,53.36046746591429,56.11455535888672,33744100,BHEL
2021-09-23,56.557176903827575,57.098157845521555,56.06537536553343,56.21291732788086,22157667,BHEL
2021-09-24,56.21291916443345,58.18012538188137,54.93423212137383,55.327674865722656,53416142,BHEL
2021-09-27,55.77029642998861,56.65553696726421,54.98341470169429,56.016197204589844,22672655,BHEL
2021-09-28,56.01619856540132,59.90143164891502,55.917836001882456,59.36044692993164,117412631,BHEL
2021-09-29,59.901427742076926,62.901416318998976,59.40962621300289,61.77027130126953,130367062,BHEL
2021-09-30,62.212893337172616,64.180099450601,61.42601164223084,63.58993911743164,84962917,BHEL
2021-10-01,63.24568863134676,65.21289502729164,62.557161890187935,64.52436828613281,73574574,BHEL
2021-10-04,64.86862446386768,65.11452525031795,63.63912053161623,64.47518920898438,43796233,BHEL
2021-10-05,64.4751847655653,66.88500930498232,64.27845964738485,65.16370391845703,59198873,BHEL
2021-10-06,65.70468466734779,65.99976107045447,61.67191003837829,62.16371154785156,47534375,BHEL
2021-10-07,62.85223793875096,63.786657857470736,62.06535247771627,62.212894439697266,30079052,BHEL
2021-10-08,62.65551423260196,65.16370122753409,62.01617075743495,64.37681579589844,60132715,BHEL
2021-10-11,64.62272364444759,67.18009782566303,63.786662471802444,65.65550994873047,79804445,BHEL
2021-10-12,65.55713885903305,70.03252782951967,64.81943663819838,69.44236755371094,194579626,BHEL
2021-10-13,70.52433606758561,79.0325039973078,70.32761845823194,74.9997329711914,284153085,BHEL
2021-10-14,75.7374396408161,76.4259588176505,72.78663030416092,73.13088989257812,63824644,BHEL
2021-10-18,73.6718845121713,76.1800682830088,72.88499891487098,73.37680053710938,62935135,BHEL
2021-10-19,73.67186991660108,75.2948164493157,66.83582421923852,68.45877075195312,60458394,BHEL
2021-10-20,68.75385689338107,72.39318529298357,67.13091030814904,71.70466613769531,90667104,BHEL
2021-10-21,71.99974735554605,72.68827406099395,68.60631950026242,70.3768081665039,80710120,BHEL
2021-10-22,70.62271188803633,71.36041427891013,67.8194367992785,68.16370391845703,45361973,BHEL
2021-10-25,68.9014023349072,69.14730311768089,66.44239450717028,67.57353210449219,46106791,BHEL
2021-10-26,67.77026502855297,70.91779240838153,67.52436421749458,70.47517395019531,61931483,BHEL
2021-10-27,70.62270151527767,71.9013809690739,69.09811379634466,69.73745727539062,49001065,BHEL
2021-10-28,69.68827335429467,69.68827335429467,66.24566274041973,66.83582305908203,45480814,BHEL
2021-10-29,66.29485163160416,68.21287470933599,62.70469875126095,67.13091278076172,74880481,BHEL
2021-11-01,67.6719055632389,70.81943291321865,67.5735392363106,70.57353210449219,47088878,BHEL
2021-11-02,70.62270384118378,71.8030245303757,70.32761991673785,71.16368103027344,43239091,BHEL
2021-11-03,71.50793507324461,72.58990437630206,69.68827102474081,70.22925567626953,40004115,BHEL
2021-11-04,70.81943358481762,71.21287638337049,70.27844879877027,70.47517395019531,5126467,BHEL
2021-11-08,70.96696318123229,72.6882685580951,70.77023806415613,71.80302429199219,40376175,BHEL
2021-11-09,71.8030299807699,73.27843470640217,70.4259840693205,70.91778564453125,60335360,BHEL
2021-11-10,67.67189476911224,68.70467349844985,64.91780314895342,65.16370391845703,138304800,BHEL
2021-11-11,65.99976265902565,65.99976265902565,63.14731233456494,63.73748016357422,39623805,BHEL
2021-11-12,63.93420698388786,64.6719093721635,62.704703003428484,64.08174896240234,36992832,BHEL
2021-11-15,64.08174769618205,64.42600730304895,62.753881172234806,63.09814453125,18093447,BHEL
2021-11-16,63.04895656280288,63.54075810776124,62.31125424536533,62.655517578125,18854850,BHEL
2021-11-17,62.458797846902776,63.885019362948206,62.2620764733333,62.99978256225586,19432448,BHEL
2021-11-18,63.44240048921197,63.68830126630194,60.83585075119907,61.278472900390625,24759369,BHEL
2021-11-22,61.180112983207835,61.475193159945974,58.57356329236692,59.065364837646484,26537396,BHEL
2021-11-23,58.81946402659056,63.34404049149631,58.3276624816322,62.655517578125,54491542,BHEL
2021-11-24,62.9506019005805,63.04896071519085,61.13093756525115,61.42601776123047,26787634,BHEL
2021-11-25,61.37683644623401,62.40961897613521,60.68831350891716,61.72109603881836,28317022,BHEL
2021-11-26,60.98339159756632,61.376834334538856,58.03258232671634,58.47520446777344,35551381,BHEL
2021-11-29,58.426023940387154,58.91782547607341,55.868653703529816,56.852256774902344,34876783,BHEL
2021-11-30,57.44242919745198,59.704715839182604,56.655543624546986,57.93423080444336,39289768,BHEL
2021-12-01,58.27848311562878,59.360445014384624,56.999799848331506,59.065364837646484,33349600,BHEL
2021-12-02,58.52438454694154,59.80306782862998,58.47520514228969,59.557167053222656,25902010,BHEL
2021-12-03,59.55716770931302,60.83585100508762,59.26208752600321,59.45880889892578,24423428,BHEL
2021-12-06,59.50799307466471,61.91782164382048,59.06537088814248,59.90143585205078,43929860,BHEL
2021-12-07,60.491592400877146,61.573554341334386,59.999790836642376,61.08175277709961,24391252,BHEL
2021-12-08,61.91781450654514,61.91781450654514,60.737490062591505,61.573551177978516,20955993,BHEL
2021-12-09,61.67191919166888,63.39322097815165,60.983396225786784,63.09814453125,32530991,BHEL
2021-12-10,62.901420651009936,63.8358443710338,62.45879849393041,63.49158477783203,34504988,BHEL
2021-12-13,64.32764977611215,64.96699334698549,62.704703020601926,62.901424407958984,23669811,BHEL
2021-12-14,62.90141532605747,64.47518244554014,62.36043440304535,63.73748016357422,27498312,BHEL
2021-12-15,63.688302668490145,64.91780658100926,62.95060032097868,63.44240188598633,36670268,BHEL
2021-12-16,64.13092106799046,64.42600500868005,62.7046995313489,64.03256225585938,28718661,BHEL
2021-12-17,64.08174634207593,64.22928831455735,58.72110845604182,59.16373062133789,61215633,BHEL
2021-12-20,58.91783076009597,58.91783076009597,55.130956344398626,56.06538009643555,47400432,BHEL
2021-12-21,56.803076686533934,57.83585914858679,55.770294224481084,56.36045455932617,29272382,BHEL
2021-12-22,56.70471865478156,57.68832172770303,56.65553549941713,57.442420959472656,21868577,BHEL
2021-12-23,57.885040283203125,58.57356319589005,57.688322667133725,57.885040283203125,20133308,BHEL
2021-12-24,58.13094032550968,58.278482287857116,55.96701655873378,56.21291732788086,27427209,BHEL
2021-12-27,56.06538007167658,56.950624415772886,55.376857109840365,56.655540466308594,26450977,BHEL
2021-12-28,57.147338275467135,57.737502383310094,56.901437501902905,57.24570083618164,19540853,BHEL
2021-12-29,57.24570525018365,57.639144266934196,56.55718228068478,57.147342681884766,15659936,BHEL
2021-12-30,57.14734139874629,57.24570396483662,55.868658056757916,56.16373825073242,21703724,BHEL
2021-12-31,56.458821944711445,58.47520763870509,56.31127997230899,57.98340606689453,29471570,BHEL
2022-01-03,58.0325858097914,59.950612701392124,57.786685022461775,59.7047119140625,26998477,BHEL
2022-01-04,59.95060912000891,60.1965098926487,58.327662519727134,59.065364837646484,23684780,BHEL
2022-01-05,58.573561059244966,59.60634351452754,58.524381657021586,58.819461822509766,21100778,BHEL
2022-01-06,58.18012747719028,59.557169627708,57.58996333941278,59.16373062133789,21274724,BHEL
2022-01-07,59.999792082970885,60.09815089700171,57.93422697113774,58.52438735961914,23860527,BHEL
2022-01-10,58.81946669957834,61.868638668175365,58.721107886976064,61.622737884521484,46077589,BHEL
2022-01-11,61.57355567159102,62.262078626824426,60.39323489364603,60.88503646850586,28263294,BHEL
2022-01-12,61.03257559338085,61.57355658330728,60.294873220167986,61.32765579223633,22751471,BHEL
2022-01-13,61.42601617932845,62.606340684997136,60.58995126807856,61.67191696166992,27759563,BHEL
2022-01-14,61.52437252386156,63.49158245584302,61.032570978903195,62.655517578125,38827107,BHEL
2022-01-17,62.99977992705915,63.54075711548765,62.50797463763297,62.80305480957031,24887809,BHEL
2022-01-18,62.95060190449306,63.04896071910953,59.36044888876814,59.65553283691406,36833735,BHEL
2022-01-19,59.753887861219766,60.98339172667696,59.01618554194545,60.83584976196289,24114802,BHEL
2022-01-20,60.983392712568126,61.27847289461868,60.09814841426839,60.68831253051758,16346200,BHEL
2022-01-21,60.39323416373182,61.22929533002957,57.58996296962227,58.622745513916016,26625295,BHEL
2022-01-24,58.819470517203875,59.11455072631082,55.37685932260994,56.311283111572266,29775640,BHEL
2022-01-25,56.01620066414862,57.39324283567276,55.376857109840365,56.655540466308594,28811319,BHEL
2022-01-27,56.508002292877414,59.36044920561104,56.065380120444246,58.426029205322266,51899167,BHEL
2022-01-28,60.39323042972654,60.737490005823446,56.557176928499565,56.803077697753906,61785304,BHEL
2022-01-31,57.24570208646815,57.8358624550526,55.86865622357361,57.048980712890625,37774703,BHEL
2022-02-01,57.34405724292098,59.80306487556895,57.0489770774328,58.819461822509766,53793696,BHEL
2022-02-02,59.21290871287556,60.63913399063985,58.77028655741104,59.36044692993164,32156077,BHEL
2022-02-03,59.409627842049034,60.04896759608761,58.721104932036106,59.11454391479492,27294506,BHEL
2022-02-04,59.21290737443227,59.21290737443227,57.54078135388963,57.78668212890625,25226133,BHEL
2022-02-07,57.78668560019296,58.229307772241114,56.36046026899258,56.655540466308594,26932812,BHEL
2022-02-08,56.950616847451215,57.04897564943595,54.29488792023757,54.83586883544922,41744108,BHEL
2022-02-09,55.08177758863333,55.57357917424613,54.294895802082515,54.78669738769531,17705304,BHEL
2022-02-10,55.08177286804056,56.50799809451764,54.68833013240964,56.11455535888672,19498660,BHEL
2022-02-11,55.573575313880816,56.06537686533109,54.93423179613624,55.376853942871094,13652835,BHEL
2022-02-14,54.344072280006095,54.54079365407375,51.835885079050826,52.278507232666016,26510266,BHEL
2022-02-15,53.11456935234584,54.589974056577674,51.83588602577456,53.901451110839844,20300727,BHEL
2022-02-16,54.39325458768891,54.786697356816724,53.5571933934777,54.196533203125,17655412,BHEL
2022-02-17,54.39324846595777,55.42603092849757,53.21292404356318,53.36046600341797,45900731,BHEL
2022-02-18,53.360467557572285,53.557188925725654,52.3276850649521,52.52440643310547,17873081,BHEL
2022-02-21,52.13096278728825,52.52440551673074,49.37687493763469,49.67195510864258,44296864,BHEL
2022-02-22,48.88507236298038,49.2785113319134,47.40966778714887,48.6391716003418,51316741,BHEL
2022-02-23,48.93425434771752,50.065399416413435,48.73753297679457,48.83589553833008,31779044,BHEL
2022-02-24,47.16377256925158,47.45885276867899,43.27853931237047,43.622798919677734,48563259,BHEL
2022-02-25,46.81950797741533,48.63917603825904,45.34410326696549,47.36049270629883,61882199,BHEL
2022-02-28,47.212943983713345,49.327691933842914,46.229340984052655,49.03260803222656,41519924,BHEL
2022-03-02,48.88507780655521,50.16376116423346,48.24573425164194,49.57360076904297,33734292,BHEL
2022-03-03,50.26211964469918,50.7539212214659,49.32769965056103,49.622779846191406,25803995,BHEL
2022-03-04,49.13097471163211,49.77031446384245,48.196551033011474,48.393272399902344,25945200,BHEL
2022-03-07,47.4096720995883,48.344095833040775,46.72114915114183,47.950653076171875,25686510,BHEL
2022-03-08,47.950648437641576,49.6719537661723,47.7047476764229,49.27851104736328,26663604,BHEL
2022-03-09,49.62278239294716,50.16376340472529,49.03261821924955,49.81950378417969,25304136,BHEL
2022-03-10,50.55720741179457,51.442448065560725,49.86868440187742,50.21294403076172,28489527,BHEL
2022-03-11,50.21293494274353,51.29490054883128,50.0162135823505,51.04899978637695,23386870,BHEL
2022-03-14,50.99982586260337,51.49162747652298,49.72114241684212,50.21294403076172,20912014,BHEL
2022-03-15,50.60638071752444,50.90146089984756,48.885075276466786,49.37687683105469,21490509,BHEL
2022-03-16,49.81949651466993,50.55719881003731,49.721133957332206,50.360477447509766,16457526,BHEL
2022-03-17,50.99981978354781,51.09818234589628,50.36048001294921,50.55720138549805,16130728,BHEL
2022-03-21,50.803102763162876,50.8522821688439,49.77031648312067,49.86867904663086,14160082,BHEL
2022-03-22,49.917860349019364,50.311303113713315,49.27851679442877,50.163761138916016,18084732,BHEL
2022-03-23,50.55720230950065,52.22932462635586,50.262118369210285,50.40966033935547,37287036,BHEL
2022-03-24,50.21293830935259,51.147362019758575,50.06540009327677,50.508018493652344,17503276,BHEL
2022-03-25,50.65556242668802,51.540806766071974,50.40966163820895,50.803104400634766,24798590,BHEL
2022-03-28,51.147355982356125,51.147355982356125,48.78670728231139,49.03260803222656,28281264,BHEL
2022-03-29,49.32769668167664,49.47523489453783,47.99983025303781,48.2949104309082,24751771,BHEL
2022-03-30,48.73753330923118,49.91785779067176,48.63917449917284,49.37687683105469,25234310,BHEL
2022-03-31,49.67195855762234,49.67195855762234,48.39327522637061,48.54081344604492,22962401,BHEL
2022-04-01,48.68835374662787,53.31128909522215,48.639174341757865,52.96702575683594,74868337,BHEL
2022-04-04,53.409652109323964,53.70473231392056,52.62277031301694,53.50801467895508,34054330,BHEL
2022-04-05,53.80309201643341,55.86865709068581,53.458828669292565,55.13095474243164,34624398,BHEL
2022-04-06,55.032595335428205,56.45882061040203,54.63915258641883,55.81947708129883,42528918,BHEL
2022-04-07,55.868657743633094,57.68832580854907,54.983417166671025,55.62275695800781,45264070,BHEL
2022-04-08,56.01619971586754,56.163737935953776,55.08177598006185,55.62275695800781,19306565,BHEL
2022-04-11,55.6227604400794,56.75390562562641,55.42603904883447,55.671939849853516,19058505,BHEL
2022-04-12,55.67193309817573,55.67193309817573,53.45882615740137,54.34407043457031,25159871,BHEL
2022-04-13,54.639150257672135,54.98341358641971,53.65554717921846,53.8030891418457,15633459,BHEL
2022-04-18,53.557194087696445,54.24571706652074,52.67194972175831,53.50801467895508,18237871,BHEL
2022-04-19,54.09816886692661,54.983413131062775,51.786703152562566,52.67194366455078,26507027,BHEL
2022-04-20,52.86866694709592,53.60636927659028,52.229323427341576,52.96702575683594,17850871,BHEL
2022-04-21,53.21292504348471,54.196528121938385,53.163745639991625,53.8030891418457,18520814,BHEL
2022-04-22,53.557193123382746,54.73751767266537,52.9178495648114,53.065391540527344,21803030,BHEL
2022-04-25,52.37686760602663,52.37686760602663,50.4588407179115,50.8522834777832,31725522,BHEL
2022-04-26,51.39326415967695,52.22932532935787,51.04900456090204,52.081787109375,21251537,BHEL
2022-04-27,51.63916331502714,52.52440761557256,50.901460981955324,51.73752212524414,19789916,BHEL
2022-04-28,52.13096494044995,53.262110020205746,51.3440832012124,52.9178466796875,24440581,BHEL
2022-04-29,53.3112930075291,53.95063282205401,51.589987445722386,51.78670883178711,20369122,BHEL
2022-05-02,51.34408443906124,51.737523442091344,50.50801952234442,51.54080581665039,16280662,BHEL
2022-05-04,51.639161071169944,53.508008401271454,50.999817576096284,51.49161911010742,32442013,BHEL
2022-05-05,52.08178521273155,54.540792977712755,51.93424324597345,52.96702575683594,43687971,BHEL
2022-05-06,52.08179166451563,52.08179166451563,49.67196300587987,50.21294403076172,37146290,BHEL
2022-05-09,49.91785906840771,50.016217880983724,47.999832205989996,48.589996337890625,32286106,BHEL
2022-05-10,48.44244943178761,49.721132625750414,47.31130444165832,47.55720520019531,23048696,BHEL
2022-05-11,48.147371068224416,48.19655047133701,44.85229852960955,46.08180236816406,31708100,BHEL
2022-05-12,45.49163967950494,45.78671983510461,43.77033439433448,44.65557861328125,29606312,BHEL
2022-05-13,45.63918363304757,47.06540507296013,45.29492030964103,45.54082107543945,28207461,BHEL
2022-05-16,46.229348217630786,48.29491333926136,45.294924471312854,47.852294921875,27593828,BHEL
2022-05-17,49.081798224007656,49.32769900919377,47.90147370468466,49.130977630615234,22875497,BHEL
2022-05-18,48.983436584472656,49.52441757167746,48.58999757202747,48.983436584472656,20804686,BHEL
2022-05-19,47.704752278112544,49.27851580086109,47.21295070823509,48.54081344604492,24918767,BHEL
2022-05-20,49.18015615977361,52.62276709095776,49.18015615977361,52.22932434082031,52063254,BHEL
2022-05-23,54.294890325018415,54.88505066736129,50.01621471051477,50.262115478515625,62079730,BHEL
2022-05-24,50.55720392912598,50.65556274427497,49.22933741172495,49.57360076904297,23518464,BHEL
2022-05-25,49.91785968165925,49.96703908855144,48.09819536161077,48.491634368896484,20752902,BHEL
2022-05-26,48.63917449917284,49.671957013377806,46.917869058115194,49.37687683105469,31516573,BHEL
2022-05-27,49.67195487604807,50.50801598201347,49.32769530350889,50.31129837036133,22624272,BHEL
2022-05-30,50.95063906155609,51.19653983284946,50.45883751896936,50.7539176940918,15618484,BHEL
2022-05-31,50.60637821263223,51.294901105404705,50.16375608498222,50.360477447509766,13815189,BHEL
2022-06-01,50.65556209784735,51.54080643148456,50.360481904017696,50.8522834777832,19031052,BHEL
2022-06-02,50.8031047058846,51.54080707575428,50.606383323489695,51.344085693359375,14396611,BHEL
2022-06-03,51.688343939292984,51.83588591024661,49.622778858831275,49.77031707763672,16818510,BHEL
2022-06-06,49.57360074402337,50.36048252126299,48.93425718943278,50.163761138916016,13106186,BHEL
2022-06-07,50.16375664437171,50.508016218522926,49.278512379200095,49.67195510864258,12461144,BHEL
2022-06-08,50.01621786112731,50.45884002184002,49.3276986690722,49.77031707763672,13141747,BHEL
2022-06-09,49.57359886039657,50.06540042150309,49.22933551633312,49.86867904663086,10558307,BHEL
2022-06-10,49.2293373743065,49.67195954643708,48.68835638710169,48.983436584472656,12084428,BHEL
2022-06-13,48.19655056507765,48.393271930058575,46.475245187753444,46.671966552734375,17092346,BHEL
2022-06-14,46.7211491151948,47.753931660995775,46.32770635862861,46.770328521728516,14122032,BHEL
2022-06-15,47.21295101768092,47.3113098314418,46.5244280649101,46.72114944458008,10067299,BHEL
2022-06-16,47.114588811669854,47.40966898385494,44.55721856438718,44.852298736572266,18970107,BHEL
2022-06-17,44.852299641985,45.04902101146217,43.86869654674719,44.11459732055664,19423105,BHEL
2022-06-20,44.508046361168304,44.60640518375897,40.72117540919905,41.40969467163086,29513123,BHEL
2022-06-21,42.786738987075545,44.21296437040775,41.70477697331921,44.01624298095703,22661754,BHEL
2022-06-22,43.96705907972685,43.96705907972685,42.63919265070757,42.93427658081055,15810723,BHEL
2022-06-23,43.18017704410268,44.01623816765707,42.786734308225306,43.57361602783203,18750796,BHEL
2022-06-24,43.81952030783019,44.99984485780894,43.7703408999453,44.803123474121094,14019484,BHEL
2022-06-27,45.34409810897913,45.8850827763245,45.147380505014766,45.19655990600586,12631665,BHEL
2022-06-28,44.803118778044166,45.68836303577768,44.65558056985386,45.54082107543945,10726671,BHEL
2022-06-29,45.442463247782456,45.68836401887203,44.901482301814994,45.39328384399414,12444297,BHEL
2022-06-30,45.29492117897041,45.8850852795022,44.01623792270685,44.21295928955078,12928130,BHEL
2022-07-01,44.06541676796327,45.04901983757025,43.67197779140924,44.90148162841797,11083459,BHEL
2022-07-04,44.6555805372533,45.34409967926791,44.360496616792275,44.950660705566406,8313484,BHEL
2022-07-05,45.1473852473291,45.59000365488967,44.262140927911595,44.4588623046875,10855459,BHEL
2022-07-06,44.45885763469612,45.34409810897913,43.6719759623953,45.19655990600586,13265068,BHEL
2022-07-07,45.49164863342934,46.37689302661494,45.393289812919164,46.22935104370117,12754453,BHEL
2022-07-08,46.47524385077683,46.622785808305096,45.83590037101811,46.27852249145508,9073561,BHEL
2022-07-11,45.983443677720715,47.40966888446464,45.8359017158635,47.26212692260742,15327095,BHEL
2022-07-12,47.11459347297445,48.88507843339671,46.72115070303691,47.70475387573242,26846741,BHEL
2022-07-13,47.95064791471363,48.14736927197278,47.26212504038048,47.55720520019531,11393802,BHEL
2022-07-14,47.70474917029367,48.688352245969824,47.40966899802041,48.44245147705078,17190244,BHEL
2022-07-15,48.54081599532113,48.88507936360436,47.99983499047423,48.7375373840332,14733964,BHEL
2022-07-18,48.98343629553537,49.868680634574766,48.98343629553537,49.622779846191406,15327967,BHEL
2022-07-19,49.57359574954747,50.80309957515978,49.47523319220974,50.360477447509766,17326606,BHEL
2022-07-20,50.75391927129862,50.85228183416144,49.72113675020177,49.9178581237793,12672579,BHEL
2022-07-21,50.11458507654186,53.065394752269754,49.721142285585394,52.57359313964844,31402684,BHEL
2022-07-22,52.86867206970663,53.0653934603957,51.34408785812618,52.18014907836914,23174430,BHEL
2022-07-25,52.130964617601556,53.11456772359404,51.98342265084346,52.96702575683594,22259520,BHEL
2022-07-26,53.06539252937559,53.11457193814791,50.70474338682078,51.14736557006836,19616877,BHEL
2022-07-27,51.196540578702106,52.27850623944425,51.147361174156565,51.83588409423828,14565909,BHEL
2022-07-28,51.88506383403366,52.62276616342751,51.294903471377815,52.37686538696289,15680825,BHEL
2022-07-29,52.819487542225914,53.852270053088404,52.72112498033782,52.96702575683594,19856494,BHEL
2022-08-01,53.55718837223228,54.29489068107254,52.917844870378204,53.8030891418457,22164390,BHEL
2022-08-02,53.655548095703125,54.540792382291386,53.360467917556385,53.655548095703125,19199618,BHEL
2022-08-03,53.753911572670916,53.901449788184834,51.49162141330986,52.32768630981445,21585274,BHEL
2022-08-04,52.62277003237674,52.967029643878746,51.14736526511384,51.78670883178711,29617217,BHEL
2022-08-05,51.19654341091232,51.88506636908336,50.65556242668802,50.803104400634766,18574304,BHEL
2022-08-08,50.852278687588374,51.688339783374964,50.75391613081191,50.99981689453125,17681708,BHEL
2022-08-10,50.901464470570026,52.081789034810015,50.50802169844058,51.78670883178711,15013045,BHEL
2022-08-11,52.13095920235475,52.62276070426376,51.78669965187753,52.03260040283203,12114335,BHEL
2022-08-12,52.03260040283203,52.62276070426376,51.93423785116161,52.03260040283203,10763916,BHEL
2022-08-16,52.3276819623454,53.212922438325975,52.0326018036852,53.016204833984375,13280628,BHEL
2022-08-17,53.065388976606044,53.36046916163245,52.62276682299237,52.86866760253906,11873959,BHEL
2022-08-18,52.77030859688163,55.622755377810186,52.42604525549755,55.27849578857422,51698789,BHEL
2022-08-19,55.67193664040297,55.77029920642913,52.967027985129626,53.212928771972656,24153753,BHEL
2022-08-22,53.2129248161833,53.2129248161833,51.196539264395945,51.442440032958984,15731612,BHEL
2022-08-23,51.09818705780196,52.327691059423046,50.9014656671129,52.18014907836914,14839367,BHEL
2022-08-24,52.180144015361584,52.62276616342751,51.63916305756904,52.37686538696289,13850255,BHEL
2022-08-25,52.62276993763618,58.22930879357101,52.62276993763618,56.50800323486328,123809633,BHEL
2022-08-26,57.04898163735911,57.786683986118064,56.55718007151981,56.90143966674805,35382649,BHEL
2022-08-29,55.08177454301764,59.70470994259338,54.68833179542255,58.229305267333984,64083519,BHEL
2022-08-30,59.01618177733366,59.11454057943676,57.54077723290031,57.83585739135742,24352411,BHEL
2022-09-01,57.639142746190515,59.999791793004064,57.04898236056124,59.16373062133789,33962599,BHEL
2022-09-02,60.14733141859107,60.34404903802627,58.032583240329984,58.32766342163086,35218282,BHEL
2022-09-05,58.32766723622734,60.344052984493246,58.32766723622734,59.507991790771484,29311116,BHEL
2022-09-06,59.753883038745215,60.688306651509045,59.409623485060095,59.803062438964844,29811637,BHEL
2022-09-07,59.606348084395286,61.62273749947639,59.45880986641376,61.08175277709961,40008816,BHEL
2022-09-08,61.868639909240535,62.655521682287905,61.72109793522929,62.016178131103516,46822765,BHEL
2022-09-09,62.80306018897798,64.03256413748693,62.40962117674408,63.14731979370117,58624534,BHEL
2022-09-12,63.24568486899735,63.44240249517079,62.26207797738913,62.75387954711914,20900641,BHEL
2022-09-13,62.950600272452554,63.3932186788997,62.06535595526192,62.26207733154297,16512339,BHEL
2022-09-14,60.39323485647627,62.5571587828091,60.39323485647627,62.06535720825195,21610596,BHEL
2022-09-15,62.46130463076476,62.60978785151863,60.729018010367014,61.075477600097656,19845442,BHEL
2022-09-16,60.976492171489696,61.47143124358323,58.15534097099071,58.798763275146484,27215734,BHEL
2022-09-19,58.947240126480615,59.68964870181686,58.40280792645109,58.60078430175781,14671038,BHEL
2022-09-20,59.09571975077228,60.3825604477198,59.046226603982966,59.491668701171875,14192397,BHEL
2022-09-21,59.54116791063133,59.887623727546696,58.25432338817953,58.501792907714844,13977349,BHEL
2022-09-22,58.45230365902974,59.34319549923229,57.51191866683493,58.798763275146484,16097084,BHEL
2022-09-23,59.04622990280492,59.541168950519676,57.06647371194588,57.41292953491211,20665995,BHEL
2022-09-26,57.16545800145696,57.16545800145696,54.34430703909184,54.78974914550781,23220636,BHEL
2022-09-27,55.08671577229492,55.68064110026368,54.19582400425664,55.3836784362793,16032426,BHEL
2022-09-28,55.63114697982011,56.96748083243259,54.789748374473106,56.47254180908203,29709270,BHEL
2022-09-29,56.86849995354378,58.15534078157865,56.81900680171272,57.90787124633789,22008219,BHEL
2022-09-30,57.85837713603874,59.73914330706093,57.56141445388633,59.293701171875,19809915,BHEL
2022-10-03,59.68964520496183,61.17446226864787,59.293696253629925,59.93711471557617,33110061,BHEL
2022-10-04,60.77851878436782,61.76839691586511,60.48155232405031,61.37244415283203,19488969,BHEL
2022-10-06,61.867378596136405,63.50067890150845,61.867378596136405,63.203712463378906,33973394,BHEL
2022-10-07,63.104728749957765,63.550170873206895,62.11485065191921,63.253211975097656,16854426,BHEL
2022-10-10,62.1148454284083,63.05523029768088,61.71889271205618,62.5602912902832,16294745,BHEL
2022-10-11,62.758274831393145,63.05523751460331,60.03610997914334,60.333072662353516,19652471,BHEL
2022-10-12,60.778517419765706,61.27345647440196,59.44217970659664,60.97649002075195,15229878,BHEL
2022-10-13,61.27345758329996,61.718899719665735,59.68965031414977,60.036109924316406,13430722,BHEL
2022-10-14,61.81788996574703,62.263335879406675,60.729021757236175,60.926998138427734,21693441,BHEL
2022-10-17,60.87750031587147,62.51080061526792,59.73913904343333,62.31282424926758,20535097,BHEL
2022-10-18,62.65928848051216,68.49956751803303,61.9663729944102,67.50968933105469,139761163,BHEL
2022-10-19,67.50967902483515,69.43994572606566,65.87638630740096,66.86626434326172,68570758,BHEL
2022-10-20,66.61879186103224,67.01473701596905,65.3319474509784,65.77738952636719,27874547,BHEL
2022-10-21,65.97537190992684,66.66828350690797,63.599663138295796,64.6390380859375,29166961,BHEL
2022-10-24,65.92587781039435,65.92587781039435,65.1339798873923,65.57942199707031,4732523,BHEL
2022-10-25,66.17335092929282,71.02375523635618,65.82689509711061,70.38033294677734,133272405,BHEL
2022-10-27,70.87526492444839,72.75603467826613,69.88538690161484,72.162109375,56975973,BHEL
2022-10-28,72.50857037085818,73.99338751155835,71.12273952910392,72.70654296875,70321148,BHEL
2022-10-31,73.00350202588493,73.94388309890978,72.21159661015997,73.30046844482422,32571520,BHEL
2022-11-01,73.25097466639833,75.87415297231824,72.85502194155136,75.28022766113281,61773051,BHEL
2022-11-02,75.2307432399631,75.82466864984434,73.30048376980626,73.8944091796875,40551107,BHEL
2022-11-03,73.25097691184176,75.37921626498473,72.95401047106077,74.58731079101562,22652092,BHEL
2022-11-04,74.68629479777731,76.66605086984212,74.58730850460807,75.28022766113281,28838769,BHEL
2022-11-07,75.82466107870583,76.41858642928325,74.68629975133292,75.0822525024414,25692239,BHEL
2022-11-09,75.37921874988673,75.67617764828677,73.64693207662287,74.04288482666016,24940437,BHEL
2022-11-10,73.94389115120364,75.62668845482891,73.59743532615951,74.78529357910156,23204614,BHEL
2022-11-11,76.22061351801725,76.22061351801725,73.15199292577793,73.74591827392578,29429192,BHEL
2022-11-14,68.59854954644284,72.40957839854079,68.35108004238232,70.67729187011719,76991767,BHEL
2022-11-15,70.18236018091316,70.62780231380673,69.39045466446824,69.63792419433594,14960753,BHEL
2022-11-16,69.93488052563252,70.92475850178536,69.19247204351788,69.88538360595703,14645687,BHEL
2022-11-17,69.7864074226907,70.52881601229379,69.43995159131006,69.63792419433594,9283135,BHEL
2022-11-18,69.78640499047593,70.28134403296157,68.89551320356767,70.03387451171875,10058932,BHEL
2022-11-21,69.93488607097565,71.51868944797071,69.88538914737539,71.32071685791016,19613606,BHEL
2022-11-22,71.51868503552794,74.53781593678838,70.2813375435638,73.30046844482422,49800129,BHEL
2022-11-23,73.94389094896803,75.42870809695671,73.39946252600785,74.19136047363281,29457345,BHEL
2022-11-24,74.53782387616411,75.18123859878281,73.64693207662287,74.04288482666016,13578346,BHEL
2022-11-25,74.63680934185193,81.41747273387423,74.53782304349104,81.1205062866211,125076142,BHEL
2022-11-28,82.15988380076183,83.99115680877841,80.32861079274525,80.57608032226562,77942912,BHEL
2022-11-29,80.97203045167038,81.71443901613372,79.83366914239248,80.22962188720703,23237977,BHEL
2022-11-30,80.72455903931211,83.14975727221699,80.72455903931211,82.85279083251953,39048501,BHEL
2022-12-01,83.14976009993471,84.53559094536773,82.20937892919652,83.79318237304688,35582972,BHEL
2022-12-02,84.28811798529159,90.32637261692015,83.94166217609909,89.63346099853516,151605821,BHEL
2022-12-05,90.42536334914107,90.62334350137299,86.21838140438797,86.7628173828125,54166041,BHEL
2022-12-06,86.46585352014584,87.90118134617462,85.97091445299884,87.1092758178711,30697492,BHEL
2022-12-07,87.10926282016209,87.55470489326095,85.12950684697658,86.26786804199219,23086451,BHEL
2022-12-08,86.02041376646152,87.35674777438906,85.03053560471207,86.5648422241211,25351714,BHEL
2022-12-09,87.05977313805028,88.74257038646631,83.54571052479125,84.63457489013672,40894739,BHEL
2022-12-12,84.98103355171268,86.218381179292,83.19925749930084,85.8719253540039,18971694,BHEL
2022-12-13,86.1193997995959,86.51535257347652,84.13964348236381,84.78306579589844,11420243,BHEL
2022-12-14,85.22850534840056,85.87192764232185,84.1891378448392,84.73356628417969,11608268,BHEL
2022-12-15,84.88204914729812,86.21838310448908,82.65482336792294,83.10026550292969,15595022,BHEL
2022-12-16,83.14976179860325,83.64470085692828,79.4377188611656,79.9821548461914,26157996,BHEL
2022-12-19,80.42759022031834,83.24874110530472,79.73467861774976,82.9517822265625,25190170,BHEL
2022-12-20,82.85279094515273,83.4962131972584,80.67506222497849,83.1497573852539,18459170,BHEL
2022-12-21,83.4467230346922,86.16888768520246,79.78416970088533,80.32860565185547,60162462,BHEL
2022-12-22,80.87303339397025,81.26898612308158,77.60644037118463,78.10137939453125,32843415,BHEL
2022-12-23,77.35897735677082,78.05188902678461,72.7560425426199,73.20148468017578,33814978,BHEL
2022-12-26,73.25097730212889,76.76504747735592,72.36008552720948,76.07212829589844,28743927,BHEL
2022-12-27,76.81453451926032,77.50745367969624,75.7256701839126,76.91352081298828,20578890,BHEL
2022-12-28,76.8640364097765,77.50745868884647,75.87415830418291,76.41858673095703,13477427,BHEL
2022-12-29,76.12162077664394,79.0912548182386,75.08224584121784,78.0518798828125,22698606,BHEL
2022-12-30,78.69530475290105,79.53669958259238,78.00239314072469,78.3983383178711,21058183,BHEL
2023-01-02,78.74480451906611,80.82354698281449,78.39834114829935,79.33872985839844,18024909,BHEL
2023-01-03,79.83366381453018,80.42758911602995,79.04175837775051,79.53669738769531,14562959,BHEL
2023-01-04,79.78416909439395,79.78416909439395,76.81453495277503,78.3983383178711,19770399,BHEL
2023-01-05,78.39834154475903,81.31848643551334,78.39834154475903,81.1205062866211,32813046,BHEL
2023-01-06,81.46697476065778,82.65482551971341,80.27911644943119,80.92253875732422,25418809,BHEL
2023-01-09,81.51645633530961,81.91240906782377,79.9326529574232,80.62556457519531,14591225,BHEL
2023-01-10,80.62556672579674,80.82354687341986,77.50745681047975,79.04176330566406,15654141,BHEL
2023-01-11,79.0912580265021,80.62556447892847,78.29935256241933,80.18012237548828,12606176,BHEL
2023-01-12,80.57608517055996,80.57608517055996,78.29936234111301,79.19025421142578,11149830,BHEL
2023-01-13,79.43771371995867,80.47708869604116,78.79429147534428,79.8831558227539,11720884,BHEL
2023-01-16,80.13063025618771,80.97203269428617,78.69531001267389,78.94277954101562,8801145,BHEL
2023-01-17,79.09125771792144,79.38821660166622,77.7054269372686,78.99227142333984,9659104,BHEL
2023-01-18,79.19024682363981,80.37809750512622,78.74480470612501,80.08113861083984,12217656,BHEL
2023-01-19,80.130635459318,80.97203795205132,78.79430142993442,79.19025421142578,11636323,BHEL
2023-01-20,79.88316099278985,82.5063395123466,79.48721578786639,79.9821548461914,34188777,BHEL
2023-01-23,80.27910583895633,80.62556163520898,78.69530251882281,79.38821411132812,10598963,BHEL
2023-01-24,79.53670465619496,79.88316048438335,77.40846520850815,77.75492858886719,11680665,BHEL
2023-01-25,77.70542856807499,77.80441486473401,75.47820290848048,75.92364501953125,12122314,BHEL
2023-01-27,75.92364409218985,76.41858312161004,70.92476442634802,72.5085678100586,24286328,BHEL
2023-01-30,72.40957674017608,73.99338001945624,71.96412711176714,73.30046844482422,15140765,BHEL
2023-01-31,73.6469328736191,78.10138436736011,73.25098011929687,77.6064453125,21605272,BHEL
2023-02-01,78.34885585994097,78.89328430264011,73.15199565356181,74.83478546142578,25871135,BHEL
2023-02-02,74.2408600911309,77.50746095600898,73.10249872596606,74.83478546142578,19704904,BHEL
2023-02-03,75.42870809695671,75.42870809695671,72.65705395201351,74.19136047363281,20381422,BHEL
2023-02-06,74.14187872981896,76.0226488212523,73.4984563890429,73.8944091796875,18279464,BHEL
2023-02-07,74.43883768905324,75.5277097518131,73.69642903835589,74.33985137939453,10950829,BHEL
2023-02-08,74.38934593289055,75.5771967151751,73.30048145710118,75.32972717285156,10258753,BHEL
2023-02-09,75.42870336854766,75.82465609362428,74.04288015903462,75.57718658447266,10229353,BHEL
2023-02-10,74.83477525237353,75.87415017272488,74.14186367358582,74.63680267333984,9331734,BHEL
2023-02-13,75.1317511037997,75.7256764676214,69.83590465211915,70.8257827758789,39475505,BHEL
2023-02-14,70.82577750112364,71.3702058973427,68.74702755430661,70.28134155273438,23192868,BHEL
2023-02-15,70.28134931504519,71.32072440324878,69.0934985446734,71.02375793457031,11358552,BHEL
2023-02-16,71.46920026532477,72.55807228510609,70.7267916439308,72.21160888671875,13731805,BHEL
2023-02-17,71.51869206889681,72.55806708522994,70.87526979936537,71.66717529296875,11520434,BHEL
2023-02-20,71.51869957638493,71.81566605570211,69.88539904448307,70.92477416992188,14307992,BHEL
2023-02-21,70.87526937351025,71.71666423530176,69.58843239434985,70.03387451171875,10208971,BHEL
2023-02-22,69.78640451935149,69.78640451935149,67.70766206537937,68.1036148071289,12057163,BHEL
2023-02-23,68.45007060099472,69.09349286209928,67.31170930091285,68.25209045410156,9376810,BHEL
2023-02-24,68.35108677410643,68.99450150629612,67.50968433569717,67.7076644897461,6920781,BHEL
2023-02-27,67.65816205560192,67.90563156389028,65.62891661893946,66.42081451416016,10127233,BHEL
2023-02-28,66.5693059142233,69.53894037879833,66.5693059142233,69.09349822998047,17700910,BHEL
2023-03-01,69.04399451396253,72.36008449631377,68.79652499957557,72.06312561035156,19033336,BHEL
2023-03-02,72.16211492811101,74.98326599984945,71.76616217807373,74.04288482666016,33846022,BHEL
2023-03-03,74.53781866282286,74.73579124790957,73.34996049579249,73.94388580322266,12536302,BHEL
2023-03-06,74.73578622946265,74.73578622946265,73.49843877533247,74.14186096191406,8700081,BHEL
2023-03-08,73.74591668564648,77.5569457690344,73.4489502418831,77.2599868774414,23004128,BHEL
2023-03-09,77.55695073083842,79.14075424383803,76.41858935981124,76.61656951904297,23650904,BHEL
2023-03-10,75.23072596958706,77.4084544899441,74.98325647626604,76.2206039428711,17430705,BHEL
2023-03-13,76.27010510370813,76.81453348798772,73.25097409643308,73.49844360351562,13019179,BHEL
2023-03-14,73.59743515080426,74.24085742559352,72.60755705179635,74.04288482666016,11433968,BHEL
2023-03-15,74.38934831030956,75.47821282089808,74.04289245041839,74.33985137939453,9616546,BHEL
2023-03-16,74.2408600911309,75.23073822567932,72.50857335567117,74.83478546142578,10750873,BHEL
2023-03-17,75.28023280562333,75.97314445733008,74.73579682773187,75.52770233154297,8659283,BHEL
2023-03-20,75.47819966017597,75.577185952575,72.855021374667,73.49844360351562,9561209,BHEL
2023-03-21,73.89440180128655,75.23073572812841,73.79541550155209,75.0822525024414,6583494,BHEL
2023-03-22,75.32972161450844,75.6761774377633,73.25097912280879,73.4489517211914,8870115,BHEL
2023-03-23,73.44895688630557,74.19136551070423,73.15199796784874,73.5479507446289,9246419,BHEL
2023-03-24,73.49844811427515,73.74591763654544,70.67729707082798,71.07324981689453,8853059,BHEL
2023-03-27,71.37020852394275,71.56818867253871,69.93488831943165,70.33084106445312,9250889,BHEL
2023-03-28,70.7267833757797,70.7267833757797,68.89551050085618,69.39044952392578,8741706,BHEL
2023-03-29,69.48944608043661,70.52882120324772,68.99450698427347,69.58843994140625,21242210,BHEL
2023-03-31,69.98437230655341,71.66716945534637,69.09348813902935,69.34095764160156,17429246,BHEL
2023-04-03,70.28134899494208,70.72679114375994,68.79653176265457,69.09349822998047,20010201,BHEL
2023-04-05,69.39045416160631,69.39045416160631,67.11373903462493,67.41069793701172,33221018,BHEL
2023-04-06,67.41068866557491,70.2813363068521,66.91574967749848,69.88538360595703,36406171,BHEL
2023-04-10,70.18236296095645,72.01363604408313,70.0833766555225,70.57831573486328,19229627,BHEL
2023-04-11,70.57831074792354,72.0631278810313,70.47931689731331,71.22172546386719,12046522,BHEL
2023-04-12,73.25098641733543,73.4489590354327,70.82578786087325,70.92477416992188,30215325,BHEL
2023-04-13,71.3702087123166,71.66717515990912,70.77628336930199,71.07324981689453,13653616,BHEL
2023-04-17,71.07324749617317,72.26109814341602,70.28134202989777,71.91464233398438,10021225,BHEL
2023-04-18,72.36008268896288,74.93376406386993,72.26109639611454,74.68629455566406,36556170,BHEL
2023-04-19,74.7852858837,76.17110904127541,74.24084996310266,74.63680267333984,19669027,BHEL
2023-04-20,74.78529119185463,75.87415555816555,74.48832475005604,75.47820281982422,10833263,BHEL
2023-04-21,75.23074330681582,75.67618547657975,73.8944092453527,74.48833465576172,9544452,BHEL
2023-04-24,74.48833235893693,76.12163285132792,74.24086281621622,75.77517700195312,10625904,BHEL
2023-04-25,76.17111973510255,77.06201157016795,75.57719436244922,76.3196029663086,15881484,BHEL
2023-04-26,76.36908986177596,77.45795416062879,75.82465393626462,76.71554565429688,15774821,BHEL
2023-04-27,76.66606143853123,76.91353098165389,76.07213604547108,76.51758575439453,8190609,BHEL
2023-04-28,77.01251995710199,77.85391483993006,76.76505042967193,77.6064453125,14254949,BHEL
2023-05-02,77.60644109352877,81.56595331715604,77.35897157955206,80.7740478515625,35606484,BHEL
2023-05-03,80.67506771691129,87.05977864419116,79.98215604573252,86.06990051269531,89592598,BHEL
2023-05-04,86.1193973159782,87.01028914347421,83.94166845069536,85.17901611328125,24553286,BHEL
2023-05-05,84.68408124450733,84.783067551985,78.79430154744598,79.93266296386719,64424735,BHEL
2023-05-08,80.57607526124923,81.56595331715604,78.8437886634123,80.7740478515625,31172930,BHEL
2023-05-09,80.77405770308283,81.17001048417156,78.00240333980405,78.59632873535156,20842146,BHEL
2023-05-10,78.3983412301037,80.1306278770633,77.40846314612678,79.78417205810547,15936655,BHEL
2023-05-11,79.9326554405535,81.0710167498314,79.9326554405535,80.22962188720703,10982435,BHEL
2023-05-12,80.22961670771012,81.07101151601537,79.19024176369365,80.13062286376953,14913713,BHEL
2023-05-15,80.13062782339526,80.47709119429148,79.33872988804636,79.63568878173828,6660341,BHEL
2023-05-16,79.78416979565569,81.61544268864925,79.73468042416248,80.7740478515625,17397846,BHEL
2023-05-17,81.16999571084251,82.35784628574304,79.38821229632197,81.41746520996094,23479447,BHEL
2023-05-18,82.11038434586386,82.7538066132404,80.67506413970659,80.82354736328125,15242495,BHEL
2023-05-19,81.02152216870851,81.02152216870851,78.69531010985756,79.23974609375,14458238,BHEL
2023-05-22,79.53670482812048,79.68518805542807,78.34885411400099,78.4973373413086,16522857,BHEL
2023-05-23,78.6953076234582,80.37809734422373,78.39834117759585,79.63568878173828,13196912,BHEL
2023-05-24,79.38822682608588,80.1801323890686,79.04177097434513,79.19025421142578,7944636,BHEL
2023-05-25,79.23974150870349,81.36797329018837,79.09125828967262,81.07101440429688,15727153,BHEL
2023-05-26,81.26898873457048,81.36797503198659,77.60644286498167,78.15087127685547,34064193,BHEL
2023-05-29,78.2993555246398,82.75380693624324,76.46808256585913,82.15988159179688,69936887,BHEL
2023-05-30,82.11038960421789,83.0507783789663,80.72456623456078,81.2195053100586,21708061,BHEL
2023-05-31,81.3184839186249,81.6154428045164,80.03163942325105,81.07101440429688,14009026,BHEL
2023-06-01,81.17000579833984,82.45685037454766,80.97203319530973,81.17000579833984,11738032,BHEL
2023-06-02,81.61544815879937,83.05077596736703,81.17000602465431,82.35785675048828,18339998,BHEL
2023-06-05,82.65482372488617,85.12951904599055,82.50634049518575,84.73356628417969,27799817,BHEL
2023-06-06,83.1992542528766,83.64469636055583,81.36797379377909,83.00127410888672,33451773,BHEL
2023-06-07,83.14976755716745,84.09014881224313,83.00128431895256,83.34774017333984,14636223,BHEL
2023-06-08,83.3477377100511,85.03053510646728,83.24875140489038,83.44673156738281,17859626,BHEL
2023-06-09,83.54570312927046,85.72343166718744,82.20936936499552,84.93153381347656,27565304,BHEL
2023-06-12,85.32747896424718,86.02039808243505,84.33760098298134,84.93153381347656,13270970,BHEL
2023-06-13,85.42648282085794,85.87192494379036,83.9416656748558,84.2386245727539,15766317,BHEL
2023-06-14,84.23862168818489,84.43660183217476,82.50633507716746,83.00127410888672,12406707,BHEL
2023-06-15,83.29824584740234,84.73356610982107,82.90229308640625,83.69419860839844,13288056,BHEL
2023-06-16,85.12951677745632,86.46585070480786,84.33761127493733,85.8719253540039,34525441,BHEL
2023-06-19,87.01028680787002,89.23751254073954,86.21838130420373,86.46585083007812,48262241,BHEL
2023-06-20,85.77293178444506,87.50521831623409,85.0800126404275,87.05976867675781,20356316,BHEL
2023-06-21,87.50522578434008,87.50522578434008,85.57495895287805,86.0204086303711,12787420,BHEL
2023-06-22,86.02040318760181,86.31736206830378,84.23861969470958,84.88204193115234,14017753,BHEL
2023-06-23,84.63457724457639,84.63457724457639,82.50633782682253,83.79318237304688,17269470,BHEL
2023-06-26,84.23861913878557,84.23861913878557,82.45684320982208,82.9517822265625,12716576,BHEL
2023-06-27,83.29823561083427,84.48608619567615,83.24873868972843,83.49620819091797,8859692,BHEL
2023-06-28,83.84266932495038,84.93154124130766,83.64469673225105,84.18913269042969,14368143,BHEL
2023-06-30,84.63457794738564,87.55471533522837,84.23862519509241,86.7628173828125,25365133,BHEL
2023-07-03,86.76282007220608,88.24763727520275,86.21838407690564,87.40624237060547,19684273,BHEL
2023-07-04,87.60421208417057,87.85168160983207,85.7729391047096,86.0204086303711,16087313,BHEL
2023-07-05,86.71331677806656,92.45461256232855,86.2183777467395,92.00916290283203,83791105,BHEL
2023-07-06,92.50410964898299,94.33539025935775,91.76170104007568,92.15765380859375,56439123,BHEL
2023-07-07,91.61321736146476,92.05865946705013,88.34661674660457,90.6728286743164,31284507,BHEL
2023-07-10,90.82131432470737,91.21726706925463,89.18801397355648,90.2768783569336,11075931,BHEL
2023-07-11,90.77181310966209,93.54347463833258,90.57384052282995,92.99903869628906,22800419,BHEL
2023-07-12,93.74145760765457,94.78083268406621,92.85057331606849,93.34551239013672,25725680,BHEL
2023-07-13,93.93943202352332,95.5232354532467,90.42536179168079,90.87081146240234,36009798,BHEL
2023-07-14,91.56372313133882,91.95967587693546,90.12840292474279,91.16777038574219,12918080,BHEL
2023-07-17,91.56373095768754,92.70209236651463,91.26676448506443,92.05867004394531,11898240,BHEL
2023-07-18,92.05866533935846,94.97880277817949,91.11828414439458,93.88993835449219,37436831,BHEL
2023-07-19,94.38486720612262,95.32525585153815,93.39498919126623,93.9889144897461,20977209,BHEL
2023-07-20,94.2363943941733,95.96868111136158,93.74145533211951,94.78083038330078,24047166,BHEL
2023-07-21,94.23639156463526,96.26564467899382,93.14752717124527,93.5434799194336,26435192,BHEL
2023-07-24,94.03841736560632,97.70096323160915,93.84044477096795,97.05754852294922,29251662,BHEL
2023-07-25,97.70096312194725,98.5918549011608,96.21614600731479,96.76058197021484,27110132,BHEL
2023-07-26,97.00805232860135,100.81908144536231,96.81007973247239,100.1756591796875,41205469,BHEL
2023-07-27,100.67060132005818,102.79884077870267,100.52212564447773,102.45238494873047,31217241,BHEL
2023-07-28,102.45238739742405,102.94732646697682,100.32414788791294,102.05643463134766,19471153,BHEL
2023-07-31,102.55136127316794,104.38263409815542,101.80895275880789,102.99681091308594,20986122,BHEL
2023-08-01,103.64022827148438,106.0159370894795,103.24428309529364,103.64022827148438,22397728,BHEL
2023-08-02,103.39276813372345,103.78872089798085,97.99793532125024,99.5322494506836,28667271,BHEL
2023-08-03,99.48275506940136,101.46251138919045,97.99793782955956,99.730224609375,19267199,BHEL
2023-08-04,100.32414182303239,102.10592538657681,97.60197710505476,97.94843292236328,31396068,BHEL
2023-08-07,94.48386157554194,98.59185719886344,93.84044685260928,95.62222290039062,36847815,BHEL
2023-08-08,96.66159091594092,99.92818387606926,96.26563819442445,97.84944152832031,26841111,BHEL
2023-08-09,98.34438877096055,100.91807034791067,97.60198018806123,100.22515869140625,20454065,BHEL
2023-08-10,100.42312837151967,101.36351708047366,98.24539961256276,98.83932495117188,14663080,BHEL
2023-08-11,99.83318039005873,103.311688523267,99.23686622658937,102.41722106933594,30945987,BHEL
2023-08-14,102.36753228065679,102.36753228065679,99.8331874290394,101.1749038696289,12302674,BHEL
2023-08-16,100.37980975644084,100.8270434995649,98.0442414419834,99.23686981201172,17684303,BHEL
2023-08-17,99.23687167890792,101.12520628576566,98.98840679859892,99.28656768798828,11091212,BHEL
2023-08-18,99.48534274357014,99.7338076393246,97.14977423998775,97.39823913574219,12953826,BHEL
2023-08-21,98.04424390816244,100.57858115385723,96.90130393498411,100.33011627197266,20365580,BHEL
2023-08-22,100.87674852595704,112.15705337170985,100.42951474285088,110.36811065673828,100869823,BHEL
2023-08-23,112.30612203519638,112.30612203519638,107.88345035089958,108.8276138305664,52947192,BHEL
2023-08-24,110.81534094392299,112.3558262949962,106.3926689347851,106.98898315429688,43168726,BHEL
2023-08-25,106.98897834257676,108.52945604182187,104.35524911042347,104.60371398925781,26019715,BHEL
2023-08-28,106.14420550815998,109.82148289796919,105.39881082785702,108.8773193359375,41415363,BHEL
2023-08-29,109.12577452849621,114.89015499421235,108.38037991445606,113.94599151611328,65979986,BHEL
2023-08-30,114.7907752904794,118.7662133957774,113.29998600099266,117.97112274169922,80676360,BHEL
2023-08-31,120.15761334298313,121.25085726079253,117.97111792481822,120.50546264648438,68540952,BHEL
2023-09-01,121.25085898636806,136.2581435007178,120.65454480294436,135.31396484375,192280009,BHEL
2023-09-04,136.40722095386403,139.78633730125588,133.77349925649327,137.89801025390625,92488417,BHEL
2023-09-05,138.84216068541645,142.71822159908766,136.3078160813029,137.55014038085938,52060353,BHEL
2023-09-06,137.64953370920273,137.7489257201558,133.67409591254705,134.7176513671875,26583311,BHEL
2023-09-07,134.9661345265506,138.09678614979606,134.1710438264124,136.85446166992188,25911001,BHEL
2023-09-08,137.7489353936916,145.50102750949407,137.7489353936916,144.4077911376953,71729474,BHEL
2023-09-11,145.50102428678636,147.98567302915015,138.14647007542652,138.9912567138672,76013022,BHEL
2023-09-12,140.58142413674574,140.63112014508056,123.43734765262816,124.87844848632812,86077435,BHEL
2023-09-13,126.1704633148958,129.8974365232824,120.85331638744019,128.0091094970703,74638974,BHEL
2023-09-14,128.7544989784561,133.42563551273645,125.37537522177331,129.1023406982422,63995422,BHEL
2023-09-15,129.99682997018675,131.23915438663525,125.92199981819859,126.81647491455078,23253842,BHEL
2023-09-18,127.66124957602936,128.9035739494144,125.22629683721316,125.67353057861328,16251908,BHEL
2023-09-20,125.22629827636791,126.66739153303774,122.39380018900694,122.84103393554688,20538834,BHEL
2023-09-21,122.24471333616937,126.22015116823991,121.39993431336356,123.4870376586914,32859985,BHEL
2023-09-22,124.23243784236064,124.82875202749472,122.54287972072304,123.63612365722656,18256470,BHEL
2023-09-25,124.08336591001455,126.17046949238946,122.94042588697333,124.48091125488281,37608586,BHEL
2023-09-26,124.97783058056473,125.1765994450899,122.34410142160225,123.58642578125,16917591,BHEL
2023-09-27,123.58642853231466,126.8164719393004,122.095639267552,126.12077331542969,28571024,BHEL
2023-09-28,126.51831701335217,130.39436298599,125.17660062623547,125.87230682373047,54115299,BHEL
2023-09-29,127.51218463683621,130.89130107627804,127.31341575776788,130.1956024169922,29692801,BHEL
2023-10-03,130.19559267047552,131.58698988488646,129.10234116980104,130.34466552734375,18947214,BHEL
2023-10-04,129.99682810437477,129.99682810437477,124.92813849197745,126.76678466796875,21432884,BHEL
2023-10-05,127.51217371371071,129.6986615263472,126.31953779382587,126.6176986694336,14679290,BHEL
2023-10-06,127.31339931783975,129.1023341635437,126.76677359716736,128.1084747314453,13871322,BHEL
2023-10-09,126.26985234387509,127.11463140126767,123.58642714783564,125.67353057861328,17709670,BHEL
2023-10-10,126.22015653517552,130.64282827838954,126.22015653517552,130.3943634033203,23073503,BHEL
2023-10-11,130.99067218773612,131.785762742179,128.50602368328396,130.0465087890625,18607776,BHEL
2023-10-12,130.24530073299997,132.92871856064474,129.45021003756244,129.84774780273438,18231128,BHEL
2023-10-13,129.15203278477304,129.40049764783151,126.71708015981842,127.5618667602539,14077735,BHEL
2023-10-16,127.31340622701335,130.7919144281329,126.22015472633886,130.34466552734375,15014283,BHEL
2023-10-17,131.0900624723668,132.77963576073566,129.30112749777572,131.63668823242188,23757135,BHEL
2023-10-18,131.93485105142153,132.8790145607672,127.4127872102375,128.40664672851562,25434863,BHEL
2023-10-19,127.4127872102375,129.15204136722423,126.31954325664083,128.40664672851562,18139312,BHEL
2023-10-20,128.1581788560172,129.301126374401,123.78520314375439,124.43120574951172,17288411,BHEL
2023-10-23,124.43120479959335,124.97783055072631,116.13247959563685,117.0269546508789,19539996,BHEL
2023-10-25,117.32511530582093,119.51160314108003,113.3496773634981,115.58586120605469,20235803,BHEL
2023-10-26,114.69138998540922,117.52388809746462,112.80305538319016,117.1263427734375,18497619,BHEL
2023-10-27,117.92143367867708,119.80976828501457,116.6791092774743,116.92757415771484,13964054,BHEL
2023-10-30,117.4741981213144,120.70424172327365,116.9772683363976,119.95884704589844,18259367,BHEL
2023-10-31,120.70423196281584,121.64840302733771,118.76620899137257,120.10791778564453,13504849,BHEL
2023-11-01,120.55516213554819,122.24472027709108,119.95884036084237,120.80362701416016,11853409,BHEL
2023-11-02,121.79748285727725,127.71094375697476,121.59870641085156,127.26371002197266,22803638,BHEL
2023-11-03,128.20788627812524,131.63669880835866,127.2637227067702,127.81034851074219,27932123,BHEL
2023-11-06,128.60541653553176,130.39436671447635,126.86616994842792,129.25143432617188,13327821,BHEL
2023-11-07,129.45019292103402,129.99681864968818,127.56186603851049,128.15817260742188,10828413,BHEL
2023-11-08,128.80420049150112,129.45020311664106,123.78520685779895,124.53060150146484,15189519,BHEL
2023-11-09,123.28827274824071,126.61770052271088,121.20116175353013,125.02752685546875,33342195,BHEL
2023-11-10,124.77907503972153,129.40051608504334,123.03982075050027,128.25758361816406,24894388,BHEL
2023-11-13,128.15817732676257,137.1526086828211,127.90971245596035,135.6618194580078,77439295,BHEL
2023-11-15,137.15261144080512,137.5004683329601,134.46919381519916,136.55628967285156,24142281,BHEL
2023-11-16,136.5563052401257,139.9851330491026,136.40723236368942,137.7986297607422,29402772,BHEL
2023-11-17,137.89800293278537,142.32067458842204,136.70537458908782,140.97897338867188,28788415,BHEL
2023-11-20,141.72438056122263,142.2709911919273,138.9912667473253,140.08450317382812,19703693,BHEL
2023-11-21,140.63114037801134,140.68083639349604,135.3636812036252,138.74281311035156,19689241,BHEL
2023-11-22,139.14033178651835,140.87958593384982,138.39493715194772,140.28326416015625,14276386,BHEL
2023-11-23,140.63111922870377,143.3145368452789,140.23358149480094,141.87344360351562,22350588,BHEL
2023-11-24,142.81760747368756,154.44576061971193,141.3765142281067,151.3151092529297,109749908,BHEL
2023-11-28,151.56357727610919,156.8310357816745,150.56971775298715,155.09178161621094,48716588,BHEL
2023-11-29,160.01138025521053,164.98067777866427,157.27826661731098,164.03651428222656,66299728,BHEL
2023-11-30,164.73222899356176,175.41621971260122,159.81262699781357,169.4033660888672,125768226,BHEL
2023-12-01,170.2978353668141,173.0806298997073,168.45918918285201,169.4530487060547,37623687,BHEL
2023-12-04,174.0248177946763,175.51560715842822,169.75121858556878,172.98126220703125,43592841,BHEL
2023-12-05,172.98126833120727,180.53459227590966,172.2358736229416,175.614990234375,43939364,BHEL
2023-12-06,176.60883812926932,179.88857766108111,173.77634752482197,177.35423278808594,24652623,BHEL
2023-12-07,177.80147762433165,183.26770546277228,175.26714775858443,182.17446899414062,28058369,BHEL
2023-12-08,182.6713995386611,182.72109555223096,172.13648159580185,175.614990234375,36422560,BHEL
2023-12-11,176.3603717930108,180.33580994068123,175.96283404428098,178.54685974121094,20541517,BHEL
2023-12-12,178.89471297950897,179.6401076169236,175.16773979243587,176.80760192871094,14211330,BHEL
2023-12-13,176.9069975713341,180.78304369927557,175.26713540145727,178.54685974121094,21665601,BHEL
2023-12-14,179.1431851293254,183.0689273460201,179.1431851293254,180.28611755371094,23427830,BHEL
2023-12-15,182.87014867380492,185.0566365488428,179.88857016281898,180.43519592285156,25157198,BHEL
2023-12-18,180.43519849778713,187.0940542343304,178.79532119428714,186.249267578125,25404383,BHEL
2023-12-19,186.24926111564866,187.1437437497281,181.32965970603453,183.61553955078125,19460688,BHEL
2023-12-20,184.8578652670217,189.28053696754222,168.5585756858589,170.94383239746094,39496283,BHEL
2023-12-21,167.91256484829955,180.03764810206454,164.7819133894705,179.34194946289062,31883299,BHEL
2023-12-22,179.9382525889259,180.23641345053724,174.819867432357,177.20513916015625,19064120,BHEL
2023-12-26,178.39778951898717,183.16831839986733,177.55300283405774,181.08120727539062,37756996,BHEL
2023-12-27,182.2738110171824,184.50999470549888,178.89469506531842,180.8327178955078,17855973,BHEL
2023-12-28,181.37937071995339,192.75905971292627,180.88244093715898,191.4173583984375,80428777,BHEL
2023-12-29,190.77134508077657,198.47375689573835,190.12534241394633,192.3615264892578,56016618,BHEL
2024-01-01,197.77804471568442,203.39334494433885,195.6909336551602,196.93325805664062,75665268,BHEL
2024-01-02,201.75347250759012,203.6417994354667,196.38663743303093,200.75961303710938,72765808,BHEL
2024-01-03,200.56085307632242,200.56085307632242,192.31181607224627,193.20628356933594,52393773,BHEL
2024-01-04,194.64740086155825,195.54186839938083,190.67196262218073,193.85231018066406,30243640,BHEL
2024-01-05,194.84616691272234,196.6847979726945,191.66581940039512,194.5977020263672,31168193,BHEL
2024-01-08,194.69707004025457,198.92097291647582,192.31181330560193,193.95167541503906,24173941,BHEL
2024-01-09,195.64126552223487,198.02652246201333,193.5541543261084,194.39894104003906,20766773,BHEL
2024-01-10,194.79646066396407,199.76575812988153,190.82102269123013,198.42404174804688,39855938,BHEL
2024-01-11,199.7657642774425,200.7099277920039,195.54186130142693,196.5357208251953,26199838,BHEL
2024-01-12,196.78418339689932,197.92711576978365,194.39892663388306,195.2436981201172,14384270,BHEL
2024-01-15,203.24426451499417,203.24426451499417,197.77803735199922,200.01422119140625,39361703,BHEL
2024-01-16,200.8093306969477,202.49888894593187,195.79033679680282,201.7534942626953,36297046,BHEL
2024-01-17,199.02036447801166,211.89084194432027,198.9706684700923,205.82830810546875,104586370,BHEL
2024-01-18,208.21356839037645,211.84114955405238,195.0946258255288,210.8472900390625,68991855,BHEL
2024-01-19,213.67978794368233,221.63066377414492,211.19513924666276,220.88526916503906,63867429,BHEL
2024-01-23,220.13987776127132,220.53741549254593,200.3123839033762,201.7037811279297,45960109,BHEL
2024-01-24,203.24426410543873,210.05220762439617,199.4675950401432,208.61109924316406,32560581,BHEL
2024-01-25,209.70435439638408,219.24541165770677,209.70435439638408,218.54969787597656,34410301,BHEL
2024-01-29,219.64294020381962,221.8294279782601,218.5496887340535,219.94110107421875,22269048,BHEL
2024-01-30,222.0778948500363,233.0103489861455,220.9349625291162,226.55026245117188,46928698,BHEL
2024-01-31,226.59996956932844,230.82387251086197,223.71778303996618,226.8484344482422,19835653,BHEL
2024-02-01,229.0846211863088,230.57541047819367,221.8294435994505,226.10304260253906,26372822,BHEL
2024-02-02,228.28951943280708,234.25267631045162,227.5938208301003,232.36434936523438,31480257,BHEL
2024-02-05,233.20913052774858,241.7563284740608,230.92326576160968,233.8551483154297,32248058,BHEL
2024-02-06,234.84901594802332,234.84901594802332,226.94783551648723,230.37664794921875,20312567,BHEL
2024-02-07,230.87356846468873,236.53856466955446,227.29566814314578,230.128173828125,20297349,BHEL
2024-02-08,230.5754103824158,235.49501201057376,228.33922644551737,229.38278198242188,20903389,BHEL
2024-02-09,235.04776443487796,235.1471564478217,216.0153616682386,226.15272521972656,49500870,BHEL
2024-02-12,226.5999698204103,228.736761715399,212.8847054561564,215.36935424804688,28287984,BHEL
2024-02-13,215.66749787192288,216.11473158564357,200.1136037458139,212.0399169921875,58782489,BHEL
2024-02-14,201.25654905943787,224.81101621263508,201.25654905943787,223.07176208496094,48738557,BHEL
2024-02-15,226.1030292132547,231.71832914745917,223.4196116797861,226.15272521972656,30765077,BHEL
2024-02-16,227.1465827942908,229.08460570979344,223.568682669446,224.46316528320312,20099858,BHEL
2024-02-19,225.25826573241403,229.23370401696647,223.6680995176492,224.31410217285156,12184195,BHEL
2024-02-20,225.50670930804273,232.36434879969892,224.56254583773202,229.48214721679688,22994469,BHEL
2024-02-21,230.57541740937796,230.923274320645,218.69879872669807,220.5374298095703,22193528,BHEL
2024-02-22,222.6245256085886,227.9913607849016,219.5932511331318,227.09689331054688,25023398,BHEL
2024-02-23,228.04105175134956,232.31465049399,227.09688829038166,228.1901397705078,21463226,BHEL
2024-02-26,228.38892767480846,230.72448851878215,224.86072323848975,226.64967346191406,14288582,BHEL
2024-02-27,226.6496548502195,226.99749656517884,220.388337164939,221.23312377929688,22497412,BHEL
2024-02-28,222.27668065322732,229.03492857643596,219.6429589311758,223.3202362060547,36680021,BHEL
2024-02-29,224.46316715532723,231.56925629313557,218.400618327968,226.15272521972656,150876575,BHEL
2024-03-01,228.58768982131136,235.8925633664208,228.1901520789636,233.8551483154297,35475431,BHEL
2024-03-04,235.6440827601575,274.15613662729027,235.6440827601575,262.9255065917969,246246357,BHEL
2024-03-05,263.869670474437,270.03161088124233,253.13598593059425,264.1678161621094,64079248,BHEL
2024-03-06,269.0377877581556,270.3297930191876,248.0673455424682,253.63294982910156,81812288,BHEL
2024-03-07,255.173443825731,259.4470278317308,253.23542070311123,255.91883850097656,26124937,BHEL
2024-03-11,257.50901776108526,257.95623636445055,252.0924710333409,252.98695373535156,20685651,BHEL
2024-03-12,253.43418292468408,254.27896960047028,241.65694129920564,242.6011199951172,27919780,BHEL
2024-03-13,243.49556232023258,244.7378866177848,220.68649125019238,223.91653442382812,42267395,BHEL
2024-03-14,223.4196318128539,230.8735785025726,220.58712600472344,225.0594940185547,38281171,BHEL
2024-03-15,224.11532297101402,226.3018108938102,205.82831377023672,215.41905212402344,52563647,BHEL
2024-03-18,215.4190416317312,225.50670925686885,212.0896063178683,222.9226837158203,30924687,BHEL
2024-03-19,222.87299804236991,225.05948596004572,215.91598138106963,217.4564666748047,21463953,BHEL
2024-03-20,218.64910121489154,224.56256251018473,214.47489413380774,223.36993408203125,21903121,BHEL
2024-03-21,228.48829188999932,236.4888638597124,226.5999649150773,235.74346923828125,36784553,BHEL
2024-03-22,233.55697552556668,238.87412975782382,233.10974179694037,237.63180541992188,18998595,BHEL
2024-03-26,237.03549424636122,238.9735172669293,234.74961432962516,238.3275146484375,12328059,BHEL
2024-03-27,239.8679998780365,247.96794885474978,239.02321322471872,241.6072540283203,22974438,BHEL
2024-03-28,251.49615589313447,252.14215851849852,244.09190546316998,245.78146362304688,28014588,BHEL
2024-04-01,247.4710161180919,253.28510027365036,246.97408636685077,252.1918487548828,16746624,BHEL
2024-04-02,252.19186782464058,253.33480027288226,248.2661255260048,250.65138244628906,18413211,BHEL
2024-04-03,249.01150555711192,253.08632048658862,247.1231633716632,250.2538299560547,19412822,BHEL
2024-04-04,251.44646252125915,255.32250864428482,245.93053906534337,249.95567321777344,15849252,BHEL
2024-04-05,249.9556634766351,254.32863919706807,246.22869036316638,253.3844757080078,14549888,BHEL
2024-04-08,254.17956089318622,256.71389042397715,252.5893796661363,254.87527465820312,12516140,BHEL
2024-04-09,255.62067382714966,258.3040762611411,251.79430871163353,254.1795654296875,13774213,BHEL
2024-04-10,255.2231111938187,263.6709170671446,254.37833970554175,260.88812255859375,35119907,BHEL
2024-04-12,257.012076518046,267.54699343787775,256.4157547433036,260.88812255859375,22621987,BHEL
2024-04-15,252.6390925544608,260.34151917039173,250.99923037612615,254.9249725341797,21131641,BHEL
2024-04-16,253.43418361837718,258.85073026307975,250.0053712259707,256.16729736328125,14383707,BHEL
2024-04-18,258.0059433260179,261.385059704834,250.154443840391,251.64523315429688,17532083,BHEL
2024-04-19,249.21028437874668,254.77590397427946,244.73791636397357,252.98695373535156,16875480,BHEL
2024-04-22,255.86914975369905,259.39733897550605,252.937251989526,257.7574768066406,12338668,BHEL
2024-04-23,258.403478405719,262.3789165350377,258.0059406588243,258.55255126953125,12491248,BHEL
2024-04-24,259.8445784310966,263.7703052583485,256.5648238826824,262.4285888671875,14961057,BHEL
2024-04-25,263.3727720960576,272.2181157343786,262.47830459648543,269.9322509765625,29632042,BHEL
2024-04-26,272.76475012469035,279.72176657922967,272.56596609391534,277.1377258300781,33600079,BHEL
2024-04-29,280.1690048481024,280.1690048481024,273.1125958821346,275.19970703125,16489028,BHEL
2024-04-30,276.98863654011126,283.051154826697,275.6966010770914,279.97021484375,25044316,BHEL
2024-05-02,281.3616224508164,298.4063063211942,280.4174438208073,290.9026794433594,52394156,BHEL
2024-05-03,294.1824306800717,316.3454868053132,292.2941035762032,303.1271667480469,130758171,BHEL
2024-05-06,306.25780478603224,306.7050537017619,279.32420574874385,287.17572021484375,67553636,BHEL
2024-05-07,288.21927508746376,288.21927508746376,275.00095494828594,278.5291442871094,34027122,BHEL
2024-05-08,278.28062912901356,288.86522556377724,276.93891288681954,284.54193115234375,30462793,BHEL
2024-05-09,284.8898205809319,284.8898205809319,269.28624457580753,271.47271728515625,26191548,BHEL
2024-05-10,273.26169459081905,275.1003104886946,265.4101799050512,272.61566162109375,26800050,BHEL
2024-05-13,272.71505048681854,284.5419728937368,265.65864171842975,281.5603942871094,31570308,BHEL
2024-05-14,282.2561079622452,287.622943385631,280.2683888920886,286.4800109863281,18050458,BHEL
2024-05-15,287.6229056324242,291.3995895681082,286.33090053848457,289.5609436035156,15400221,BHEL
2024-05-16,291.79716337629145,295.17627970417414,285.734614191751,292.9897766113281,16245511,BHEL
2024-05-17,293.58610372418315,299.94679875041874,291.9959223850776,298.0584716796875,20721512,BHEL
2024-05-21,309.98476727881,320.5196838849411,306.5062590816091,317.2399597167969,42280416,BHEL
2024-05-22,300.1455670730758,307.7485861332277,293.1885506177396,300.09588623046875,74932755,BHEL
2024-05-23,301.98419645808536,306.804420800908,298.6547612730316,302.9283447265625,26563225,BHEL
2024-05-24,302.92837616535013,308.2952419544535,300.5431193314077,303.7731628417969,22736707,BHEL
2024-05-27,305.3633254542678,305.56210948248753,294.9774817485664,296.71673583984375,26504237,BHEL
2024-05-28,298.0584664616517,299.05232598992006,288.716192961966,289.7100524902344,22303081,BHEL
2024-05-29,289.21312724854414,295.1266036662847,286.8775512545547,292.2940979003906,15049196,BHEL
2024-05-30,291.8965892406278,293.48674040505546,287.52358254788385,288.9646911621094,13070194,BHEL
2024-05-31,290.60451880568746,298.75417903607956,286.77815357153764,297.0646057128906,27964255,BHEL
2024-06-03,318.0350541085605,319.02891365264975,306.2578124450656,309.5375671386719,33744563,BHEL
2024-06-04,309.13999672179835,309.13999672179835,222.67423220424573,245.03607177734375,122751545,BHEL
2024-06-05,253.43417130884015,256.6145338259662,223.61838644897662,253.7820281982422,59449633,BHEL
2024-06-06,268.2426685736647,290.5548261138944,265.360482137089,276.2432556152344,111330080,BHEL
2024-06-07,277.2868004580095,284.243816956956,273.65921934959584,283.74688720703125,32634629,BHEL
2024-06-10,286.62906533490076,288.76585713124956,281.0137653904823,282.7033386230469,17918606,BHEL
2024-06-11,284.2438393675501,294.5302920680426,283.5481255307294,293.3873596191406,29060221,BHEL
2024-06-12,293.6854728466961,296.8658352769403,289.3124972527482,293.3376159667969,18978949,BHEL
2024-06-13,295.3750662946237,303.6737691578547,290.6045223226889,302.0836181640625,26007861,BHEL
2024-06-14,303.27623502701306,307.54984928181875,297.95908037881026,303.8228759765625,24901598,BHEL
2024-06-18,306.60563600538893,308.69274688702137,301.4872659760357,303.72344970703125,20245612,BHEL
2024-06-19,305.06518545610356,305.06518545610356,294.23209264909224,295.2259521484375,22855416,BHEL
2024-06-20,296.5676554313987,296.5676554313987,289.7100312550349,291.5983581542969,26187852,BHEL
2024-06-21,292.19471032761226,297.9094027915026,289.7100614302686,293.2382507324219,22108141,BHEL
2024-06-24,292.19469758396474,296.0210627850299,286.72847024821033,292.8904113769531,15182677,BHEL
2024-06-25,293.8842717277448,298.008782663135,290.85298199846414,292.0953063964844,15320510,BHEL
2024-06-26,292.39348980074,295.72289500698537,291.2008462165839,293.9339599609375,12663797,BHEL
2024-06-27,294.03333541189096,298.8038488193138,290.0081862898299,295.1265869140625,25624094,BHEL
2024-06-28,304.12099466305034,306.0093215704116,298.1578379049513,299.00262451171875,32298955,BHEL
2024-07-01,300.09590273927046,302.38176756827073,295.3750698848767,300.5431213378906,12526215,BHEL
2024-07-02,301.83514590156454,301.93450758860814,291.94623162590653,295.3253479003906,12935465,BHEL
2024-07-03,296.4682551732962,311.5749306075537,295.77257177196316,309.388427734375,37577666,BHEL
2024-07-04,311.87309774514347,315.35160598150503,307.59951404397316,309.1399841308594,31457159,BHEL
2024-07-05,308.7921721236638,320.0227728268161,306.4068849564578,314.4571533203125,37284773,BHEL
2024-07-08,315.35160515082913,327.92395200756664,313.61235103722976,326.3337707519531,45685018,BHEL
2024-07-09,328.9675350391811,333.29083046298445,321.21544211595256,327.47674560546875,39457293,BHEL
2024-07-10,328.8681162287208,329.1662922892937,312.66821783373405,325.9362487792969,25392018,BHEL
2024-07-11,327.4767113829737,332.74415469954823,326.3834598464623,330.6570739746094,23370124,BHEL
2024-07-12,329.96135270314676,331.6012148056646,319.327043962869,323.8988037109375,19411215,BHEL
2024-07-15,325.43931622717895,326.38346458545874,320.1221616593589,323.4018859863281,10789487,BHEL
2024-07-16,323.40186931543286,325.4392994512571,317.19024755411084,318.0350341796875,9882249,BHEL
2024-07-18,317.786574960654,317.786574960654,304.31979087469244,306.7050476074219,21439407,BHEL
2024-07-19,304.0713395605696,305.8105937622361,290.9523814502106,292.2940979003906,26877331,BHEL
2024-07-22,292.2940999787062,304.46887947693875,287.32480222432554,303.02777099609375,19646190,BHEL
2024-07-23,304.7173738194785,313.6123994615256,281.2622800855306,305.4627685546875,65820195,BHEL
2024-07-24,306.1087156289785,311.3264778271997,304.96578330873825,307.25164794921875,15750887,BHEL
2024-07-25,303.12716441682574,310.58111108281327,299.15172619496576,309.6369323730469,13306048,BHEL
2024-07-26,311.57493921971565,316.29577163213554,308.8418257177883,315.3515930175781,16011265,BHEL
2024-07-29,324.9920411513568,324.9920411513568,317.1405575382017,321.0662841796875,25820136,BHEL
2024-07-30,321.01663890695147,324.9920771596692,314.6559437686406,315.4510192871094,16317537,BHEL
2024-07-31,314.4571413492088,317.48843103789034,309.9350927330548,313.314208984375,26845162,BHEL
2024-08-01,312.76759280927325,317.9853551179968,303.9719302799595,306.60565185546875,23814781,BHEL
2024-08-02,301.5369530234114,307.6988937855263,298.7541586774016,299.7976989746094,16899884,BHEL
2024-08-05,290.2069877669137,294.0830339347496,283.24997093688495,289.859130859375,25762827,BHEL
2024-08-06,290.20698889183456,300.04619238069165,283.9456858526127,285.7843017578125,17719054,BHEL
2024-08-07,291.59837556057784,303.723473772559,290.50512402831964,302.7296142578125,18911910,BHEL
2024-08-08,303.02775444787557,303.02775444787557,295.27566250645486,296.02105712890625,11640751,BHEL
2024-08-09,300.3976981547066,304.17752459849396,297.5628131440345,300.5966491699219,12805164,BHEL
2024-08-12,298.45804755285263,301.0442591070961,294.9766170948193,297.115234375,11827604,BHEL
2024-08-13,298.9553879005927,299.7511616289945,287.46667979499597,288.4116516113281,11461814,BHEL
2024-08-14,290.30158609769404,291.8433503783886,284.78101359562754,288.4613952636719,10643943,BHEL
2024-08-16,291.44547042146263,296.0707934884177,287.76508885749206,294.97662353515625,10118811,BHEL
2024-08-19,296.31947374311216,297.9109909512134,291.79362608962555,292.1914978027344,9809448,BHEL
2024-08-20,292.7883116556749,295.32477031089684,290.1026245513628,294.8274230957031,7415963,BHEL
2024-08-21,294.72793121982437,296.12052762958933,293.28564258922967,295.0760803222656,4898623,BHEL
2024-08-22,296.41894092136914,300.89506586816833,295.2750483949868,298.0601806640625,12084994,BHEL
2024-08-23,298.35858282136456,299.7511488420832,293.6835072278851,294.62847900390625,7528035,BHEL
2024-08-26,296.1702503437205,302.38709019140566,293.03696913161986,295.7226257324219,15560440,BHEL
2024-08-27,297.31417120956394,298.20939016202595,295.0263860693092,296.2200012207031,6802421,BHEL
2024-08-28,296.4189423204319,297.16496314841953,292.39044199156456,293.0369873046875,6579323,BHEL
2024-08-29,293.3851094964853,293.3851094964853,285.5767528092124,289.4560546875,11000139,BHEL
2024-08-30,290.1523762437194,291.8930914894429,288.2127099705044,289.0084533691406,9721851,BHEL
2024-09-02,289.45607958490984,290.45077401647313,283.5376355748424,285.2783508300781,6500598,BHEL
2024-09-03,285.6762458287901,288.66032904974963,284.3334023082255,284.83074951171875,5677328,BHEL
2024-09-04,281.99586501616983,283.28895560590064,275.33140033207576,277.2213439941406,14798436,BHEL
2024-09-05,277.5197603976757,278.96207953842486,268.8161836826948,272.0986633300781,18037015,BHEL
2024-09-06,270.6065885799765,271.7505113788629,261.75381484435314,262.4003601074219,20003822,BHEL
2024-09-09,262.30093809256186,264.38977214893055,256.8301186282971,260.65966796875,17426762,BHEL
2024-09-10,261.75380575898083,266.27968315469604,260.4607152777261,263.0966491699219,11350960,BHEL
2024-09-11,263.64372910051674,265.782346268171,255.98460070923835,257.3771667480469,10164459,BHEL
2024-09-12,258.76974619611667,265.08606180750337,258.2723989882226,264.5887145996094,12118164,BHEL
2024-09-13,265.5833919706551,266.03101657129764,261.8532881508425,262.897705078125,7917998,BHEL
2024-09-16,262.8977365210749,269.26380541947617,262.3506667043371,268.0701599121094,10495634,BHEL
2024-09-17,268.3188208243145,268.418296337829,262.84800149332756,263.44482421875,7503456,BHEL
2024-09-18,263.54430676401734,266.5781126953361,261.3559668309685,263.8924255371094,8732556,BHEL
2024-09-19,265.1855498649566,266.3294424260923,248.1265307205071,255.78567504882812,17353175,BHEL
2024-09-20,257.07878618295734,265.3844603439266,256.4819634570578,264.7379150390625,13916388,BHEL
2024-09-23,272.5462577237182,274.13777478885794,267.77173688396215,272.7452087402344,21859230,BHEL
2024-09-24,273.5409678348511,281.94614789786067,270.8552807356611,280.75250244140625,21252167,BHEL
2024-09-25,281.29959100482404,283.1895348295962,277.3208130253744,280.6530456542969,12868230,BHEL
2024-09-26,280.65302184030014,281.79691434119684,276.425570595843,279.1609802246094,8488686,BHEL
2024-09-27,283.5376473626302,289.55556713717584,281.6974868722674,286.0243835449219,45809973,BHEL
2024-09-30,283.2889510566137,283.3884265670719,273.19280903621336,278.2160339355469,22843205,BHEL
2024-10-01,278.91231371520365,283.98526140869876,277.51974757627653,278.9620666503906,13449947,BHEL
2024-10-03,272.7452480075626,276.37587691421294,264.93688999790766,267.5231018066406,15222490,BHEL
2024-10-04,267.5230803744829,271.3029070843545,260.85861551923733,266.18023681640625,11763747,BHEL
2024-10-07,268.07014408720573,268.5177687149603,252.8015787888424,255.28831481933594,11421742,BHEL
2024-10-08,254.64177259887006,266.08075847733494,253.54760266110134,264.09136962890625,16215450,BHEL
2024-10-09,263.9421523610701,267.8711768378751,261.10726738688004,262.897705078125,8894689,BHEL
2024-10-10,263.892419847173,271.70077718523817,263.74322175396975,269.91033935546875,12825979,BHEL
2024-10-11,269.81087296097365,272.44680721554215,267.0754631890191,268.5675048828125,6125003,BHEL
2024-10-14,269.21404053701565,271.800252117778,265.88180813616793,267.3241271972656,5634973,BHEL
2024-10-15,268.5674795211437,271.1536909506281,266.32941719180087,270.15899658203125,5601497,BHEL
2024-10-16,270.20872807990406,274.0880301743852,267.4235958981391,268.16961669921875,5147947,BHEL
2024-10-17,268.36854219430063,269.06484043010096,251.6079503352063,252.851318359375,20613475,BHEL
2024-10-18,252.45345132946142,254.44284020490582,245.19217889852283,252.50318908691406,18204264,BHEL
2024-10-21,254.14443234407415,256.58144589237946,243.7001406039067,246.33607482910156,12966258,BHEL
2024-10-22,246.33606821281984,246.68421733260772,230.42095741716773,231.5648651123047,22786450,BHEL
2024-10-23,231.7637989214894,234.15105944868944,221.36924531014787,222.5131378173828,55940287,BHEL
2024-10-24,222.9110208759173,228.58077591436816,220.87189432250258,226.0940399169922,26378660,BHEL
2024-10-25,226.79033024142026,226.98926609203045,209.58211355157056,215.69949340820312,38742027,BHEL
2024-10-28,217.19154089012906,237.23462813982377,212.11859308518834,228.5310516357422,57158451,BHEL
2024-10-29,231.56486439485838,234.7478835085605,226.29298092456574,233.75318908691406,29437193,BHEL
2024-10-30,233.70345636593035,241.8102251837268,229.52574274056357,235.34471130371094,21343526,BHEL
2024-10-31,235.245228085059,239.52241708580834,231.61459955783897,237.73196411132812,14333246,BHEL
2024-11-01,239.6218727192073,241.71073701142646,239.22400103394264,240.6862030029297,3323181,BHEL
2024-11-04,241.66100976124812,241.66100976124812,229.57547845645485,232.1517333984375,17322490,BHEL
2024-11-05,232.758493551159,235.1457540805508,228.28236867517518,234.00186157226562,11731176,BHEL
2024-11-06,236.23992846373378,247.87785032511752,234.87720194381782,246.66432189941406,23232573,BHEL
2024-11-07,247.0721497329068,248.0767856467341,242.60596626241866,242.993896484375,8342302,BHEL
2024-11-08,243.70012910350462,244.19747630575668,236.1404455581406,237.77174377441406,9480514,BHEL
2024-11-11,236.1404544939996,241.16366446239647,233.56419953152488,237.9508056640625,7671938,BHEL
2024-11-12,238.1298378984375,238.56750587136273,227.78502200932175,228.99855041503906,10589650,BHEL
2024-11-13,228.49127064912972,228.49127064912972,220.32482246985606,221.3791961669922,11397140,BHEL
2024-11-14,221.18024306299588,226.59138292156229,219.53900340624494,222.52308654785156,10187321,BHEL
2024-11-18,223.91567389099293,225.14910050410447,218.49459203740696,221.48861694335938,11297324,BHEL
2024-11-19,222.81154923046745,231.96273482400946,222.41367753511736,224.68157958984375,12068006,BHEL
2024-11-21,224.25385724924814,228.02375765603972,216.96274522215222,226.73065185546875,14856780,BHEL
2024-11-22,226.88980214733454,234.89708004633758,225.59669637218428,233.14642333984375,15168514,BHEL
2024-11-25,240.6165857586019,244.43622405120104,239.12454405647458,239.94020080566406,16392929,BHEL
2024-11-26,242.20809055428614,246.28634373536804,241.81021885859477,242.67559814453125,12353100,BHEL
2024-11-27,241.8002627773999,247.0721462359637,240.21870229318043,246.3460235595703,9980383,BHEL
2024-11-28,248.0370074140113,252.45345317829475,246.34602989306626,251.15040588378906,17770794,BHEL
2024-11-29,251.65769781580966,252.44349975920147,246.09735943955528,249.75782775878906,8530849,BHEL
2024-12-02,248.42493022457833,249.91697184754875,246.78369051044373,248.32545471191406,5206287,BHEL
2024-12-03,249.12121044175038,252.45344276622325,248.7730765070559,251.01113891601562,5163693,BHEL
2024-12-04,251.50849060721416,255.18884175424049,248.97201679621955,250.01644897460938,8341454,BHEL
2024-12-05,250.66298613528753,251.55820501463796,246.4355349802281,250.46405029296875,6737876,BHEL
2024-12-06,250.56352299724267,251.50849485612233,246.93289436770254,247.72865295410156,7762375,BHEL
2024-12-09,247.0820902241456,253.05025680132624,245.98793545836196,248.2259979248047,9382718,BHEL
2024-12-10,248.82280057006156,254.2936198246151,246.2863419670343,247.28103637695312,13142458,BHEL
2024-12-11,249.66830146820587,253.0502564528175,247.28104091175442,252.35397338867188,10687907,BHEL
2024-12-12,252.4534347465877,253.09998001750455,242.70542686165962,243.20277404785156,13847859,BHEL
2024-12-13,242.70543465579942,242.85463274531563,236.0907229381574,241.46206665039062,9230527,BHEL
2024-12-16,241.46207238877815,246.88315398562708,241.0642006887247,246.28634643554688,8698753,BHEL
2024-12-17,245.49058076661257,249.17094700821337,239.9202860597672,241.06419372558594,7406625,BHEL
2024-12-18,241.71073484570397,242.1086065274037,236.23991574425798,238.57745361328125,9599459,BHEL
2024-12-19,231.21671339144433,241.7604802460847,230.76910394091846,240.9647216796875,10935031,BHEL
2024-12-20,240.96472856054243,243.65040051822032,233.25584663548895,234.05160522460938,12507201,BHEL
2024-12-23,237.08541923538652,242.5562385028646,233.85266239551314,239.67161560058594,14608700,BHEL
2024-12-24,240.71605813627173,242.5065111910337,237.3838256405249,238.0801239013672,6497376,BHEL
2024-12-26,239.02507283150834,241.2631352827812,236.83674813694134,240.46737670898438,7197644,BHEL
2024-12-27,240.71605130012796,241.41233436336347,233.5542544623022,234.15106201171875,6572582,BHEL
2024-12-30,234.39972741072125,234.64840100872874,222.41367212902605,224.40306091308594,34741159,BHEL
2024-12-31,224.40306522561502,230.3214939363658,224.05491611058113,228.18289184570312,8401290,BHEL
2025-01-01,228.7896518108666,232.85796341233896,226.12387812367388,231.99256896972656,7758093,BHEL
2025-01-02,231.76378780121667,232.46007082342226,226.29296877586606,231.5051727294922,13936789,BHEL
2025-01-03,231.76378988369999,235.51379193547373,228.4415143065875,228.83938598632812,10901266,BHEL
2025-01-06,230.27175571305645,230.27175571305645,218.02706996514794,218.6537322998047,15604026,BHEL
2025-01-07,219.8274574576939,225.07944255738872,217.48991959911515,223.627197265625,12709847,BHEL
2025-01-08,223.62720344541341,224.47268458306985,216.62454633375208,220.19549560546875,9124370,BHEL
2025-01-09,222.662347760671,222.662347760671,214.6550547961308,215.2319793701172,9403979,BHEL
2025-01-10,215.2319915655159,215.50054814099468,202.0323918650191,203.4050750732422,20791872,BHEL
2025-01-13,198.93887317116187,199.9335675370177,190.643125802604,191.55824279785156,23244835,BHEL
2025-01-14,192.6723053907686,198.34206052778916,190.75255245277845,196.0542755126953,16773870,BHEL
2025-01-15,197.9441947690493,204.3102331528002,196.999238080844,201.08743286132812,13345400,BHEL
2025-01-16,203.91234880147604,210.59669627885341,203.26580352275042,209.47268676757812,12785825,BHEL
2025-01-17,209.17428299654725,213.74988340171438,206.89643945198083,212.94418334960938,11603310,BHEL
2025-01-20,214.00849069404197,217.34072295231545,212.11857743515455,215.76910400390625,7252346,BHEL
2025-01-21,216.0376818670404,217.08211403567245,207.69219635375336,208.43821716308594,8267629,BHEL
2025-01-22,208.88582473692773,209.07481910204763,198.31221837071888,204.3699188232422,11550327,BHEL
2025-01-23,203.216071761523,206.9959135692805,202.12190183528216,205.3944549560547,11501338,BHEL
2025-01-24,205.90175067143548,207.55294709727758,198.4415423137748,199.1278839111328,9344993,BHEL
2025-01-27,197.94418674549723,197.94418674549723,192.0754958226681,193.50784301757812,8410047,BHEL
2025-01-28,195.2087749791312,196.40240521732255,185.01315743245044,186.6245574951172,17826505,BHEL
2025-01-29,183.16302454209816,199.45612352273676,183.16302454209816,198.79962158203125,38044200,BHEL
2025-01-30,199.9335803241574,200.6298633892223,193.00055893650108,195.32814025878906,12911947,BHEL
2025-01-31,197.4468458984735,207.57282798967032,194.75121729385503,206.9859619140625,21137642,BHEL
2025-02-01,208.44814829743794,213.26246537203895,195.55691785157813,198.95877075195312,24872103,BHEL
2025-02-03,196.77045627583712,196.85001847247,188.62390659618583,195.19883728027344,23794278,BHEL
2025-02-04,196.94949349707792,206.69750176633812,196.51182552752016,205.62322998046875,22318249,BHEL
2025-02-05,205.96142616831855,211.44220218932836,205.38450157780002,207.9010772705078,13834798,BHEL
2025-02-06,209.98000122026227,209.98000122026227,203.0071835197351,203.75320434570312,6329168,BHEL
2025-02-07,203.91235275877617,205.30491885282524,200.23198650064762,201.76380920410156,7630722,BHEL
2025-02-10,207.89114103915978,208.6868996385126,200.65970810345897,201.903076171875,19309166,BHEL
2025-02-11,202.50984056807644,202.8181934208518,192.47337715399257,198.6504364013672,18788514,BHEL
2025-02-12,199.63515908340617,199.76447420974662,189.09140775930746,197.77508544921875,18458569,BHEL
2025-02-13,197.94419148380868,204.3102297619037,197.94419148380868,200.74923706054688,10675334,BHEL
2025-02-14,201.42560631802755,202.55955727240837,190.09603825372187,192.28436279296875,12360217,BHEL
2025-02-17,192.28437247463657,194.77110848031512,187.49989482816412,192.4435272216797,14215439,BHEL
2025-02-18,192.52311756472704,193.46807427497652,182.59607101110507,185.5801544189453,19765470,BHEL
2025-02-19,183.45148543235996,194.45281851714003,182.2180740597444,194.054931640625,16602294,BHEL
2025-02-20,191.84671392178663,200.58012998799202,191.77709320268448,199.1079864501953,14019550,BHEL
2025-02-21,198.77972976473725,201.07747145243266,194.4627596134409,195.36793518066406,12105028,BHEL
2025-02-24,191.23000915623032,193.94552077117837,189.4992353388589,190.4143524169922,10830137,BHEL
2025-02-25,190.68291968938146,195.36793714506388,186.65440420187943,193.57748413085938,18316744,BHEL
2025-02-27,194.0051787961427,194.45280339463963,185.31155991558353,186.4455108642578,11545214,BHEL
2025-02-28,182.02907217925946,185.5304006589485,176.6577285795288,178.21939086914062,17163841,BHEL
2025-03-03,179.14447293988997,185.63982635449725,175.06621970517062,184.48597717285156,15248881,BHEL
2025-03-04,181.63119886749593,192.2644689822637,179.84074595770477,191.7273406982422,16755486,BHEL
2025-03-05,190.97139214676864,197.04897581878947,190.9017562501907,195.01979064941406,11759241,BHEL
2025-03-06,196.9494946371969,200.43092509795542,195.95480021983732,197.3473663330078,12704429,BHEL
2025-03-07,197.34736366455581,200.13251103106944,195.15903901152083,195.90505981445312,8240367,BHEL
2025-03-10,196.20347268703773,199.31687105223517,190.34472320985873,191.0907440185547,7893304,BHEL
2025-03-11,188.99193654884104,194.16434440829553,187.00254774306376,193.09007263183594,9057560,BHEL
2025-03-12,194.36328990287294,195.42762025216405,187.74857786639532,192.60269165039062,7855326,BHEL
2025-03-13,193.9654133854772,196.32283432202507,191.87654901634676,192.3042755126953,6439500,BHEL
2025-03-17,193.9654161168672,196.1537408528756,191.95612909499164,194.39312744140625,6627117,BHEL
2025-03-18,194.39312744140625,194.39312744140625,194.39312744140625,194.39312744140625,0,BHEL
2025-03-19,204.9070619654157,206.64777729764617,203.0270900137201,204.5987091064453,8763675,BHEL
2025-03-20,205.84207023306476,206.8467061553534,201.40572634399126,205.44418334960938,7090259,BHEL
2025-03-21,205.44418462283983,212.5363608943718,205.20546766911983,210.8254852294922,14567468,BHEL
2025-03-24,212.86460689608347,219.3301206569458,211.66101996389207,216.3858184814453,17162186,BHEL
2025-03-25,218.53436274245672,220.72268744795372,211.72071501902664,212.46673583984375,13641191,BHEL
2025-03-26,213.5111538570205,214.89377851103058,208.8858308172012,209.403076171875,11768733,BHEL
2025-03-27,209.40307705250214,215.74921723737725,207.6524051301924,212.84471130371094,37280559,BHEL
2025-03-28,214.39641513383538,220.12586434675478,213.0734849948734,215.2816925048828,20677777,BHEL
2025-04-01,214.00849820426885,214.55558317035573,208.93556577341514,210.56686401367188,16822545,BHEL
2025-04-02,211.96939380235767,212.01911638269374,206.30957994175674,211.4521484375,9217703,BHEL
2025-04-03,208.05028054491368,219.3301111921142,208.05028054491368,217.51976013183594,14138540,BHEL
2025-04-04,217.51977868601736,220.72269608292115,211.91965915959221,213.31222534179688,20924777,BHEL
2025-04-07,192.97071230776,207.9806470605654,192.47336511109052,206.5980224609375,19369229,BHEL
2025-04-08,209.88051053213778,213.75981247558025,207.47335199571557,209.82083129882812,9741351,BHEL
2025-04-09,209.82083899133897,213.06353726864404,204.10134619605788,210.68621826171875,10120991,BHEL
2025-04-11,214.85399552145194,216.83344288865533,211.37256503846544,211.84007263183594,7830994,BHEL
2025-04-15,214.85399918890386,221.4687111483551,213.01380840249547,220.62322998046875,13352688,BHEL
2025-04-16,220.62323537912215,225.6961680440731,219.57880315527453,224.8009490966797,16706004,BHEL
2025-04-17,226.79032743486528,228.18289354973592,223.33873658818703,226.18356323242188,14226916,BHEL
2025-04-21,224.9601003307053,227.70545154717254,219.1510883885865,225.98463439941406,25601594,BHEL
2025-04-22,226.7903330709114,231.2167203080008,225.89511414308035,227.108642578125,10971980,BHEL
2025-04-23,229.17758489482733,230.10265858416784,222.91102228411754,229.30690002441406,9723451,BHEL
2025-04-24,227.7850274274251,230.29166167336282,225.3679272165025,229.27706909179688,13730795,BHEL
2025-04-25,229.754520658875,230.56022073789435,216.69419280311587,221.19020080566406,18081374,BHEL
2025-04-28,221.1901974593607,230.1623455455199,220.38449739253048,229.08807373046875,11353051,BHEL
2025-04-29,229.07812709829997,233.95212366679968,229.01844786177804,230.1026611328125,16328906,BHEL
2025-04-30,230.27175416747778,231.13713344070416,223.86591978723823,225.636474609375,8248908,BHEL
2025-05-02,225.63647629594578,230.0031841482337,223.07016289709907,223.63714599609375,6528363,BHEL
2025-05-05,223.8062509398312,228.2724344781614,223.8062509398312,227.5065155029297,4412046,BHEL
2025-05-06,227.50651037328407,227.73528584151558,214.9733545321086,216.59471130371094,11268211,BHEL
2025-05-07,212.36726032382654,224.99987652063754,212.26778480991894,223.9554443359375,16036419,BHEL
2025-05-08,224.1046624783204,225.79564000668051,213.75983109818688,216.01779174804688,7896625,BHEL
2025-05-09,210.97468745595995,216.84337832103876,210.97468745595995,215.48065185546875,9483894,BHEL
2025-05-12,222.8115533958388,232.26115052646588,222.8115533958388,231.7140655517578,14953189,BHEL
2025-05-13,232.559562547019,241.90968418934898,231.7638039613705,237.11526489257812,26179873,BHEL
2025-05-14,238.41829307370486,239.48260814418643,233.09667218780282,238.0900421142578,21213251,BHEL
2025-05-15,238.72666867235364,246.355973304001,236.3294513984222,244.37652587890625,16138842,BHEL
2025-05-16,246.48528517657297,258.61059764631733,242.8645980234229,249.02175903320312,50239674,BHEL
2025-05-19,251.64774500503913,252.54296390559253,241.9096782023321,242.48660278320312,15730487,BHEL
2025-05-20,243.69018981426848,248.15635801683047,240.5171122069211,243.13314819335938,15814933,BHEL
2025-05-21,243.202778743795,248.21603179916337,240.51710692206794,246.10728454589844,9812359,BHEL
2025-05-22,245.68951714997363,250.31484004542938,243.3022566577059,246.25650024414062,14679264,BHEL
2025-05-23,246.18686324274537,254.6019845191071,243.79960276122122,253.44813537597656,18672122,BHEL
2025-05-26,254.49257963917498,260.95809352696966,254.08475127434193,260.4706726074219,18231776,BHEL
2025-05-27,260.59999371130596,262.00251655254084,257.10863677377733,258.7896728515625,11619198,BHEL
2025-05-28,259.7147194684661,267.5230767466809,259.4560892051195,265.1954650878906,16354936,BHEL
2025-05-29,265.5635346343473,267.6921649679551,262.71869272834334,264.9965515136719,12113755,BHEL
2025-05-30,266.31945185756337,267.2246273461753,257.35727653034627,258.451416015625,16166684,BHEL
2025-06-02,259.6649734307644,261.5051642301492,257.2777128274088,260.01312255859375,5496542,BHEL
2025-06-03,261.1072908841598,261.4554400098051,250.71273700643314,251.6079559326172,10202467,BHEL
2025-06-04,251.75715649904032,253.24919808593032,249.17094501063153,252.40370178222656,7322863,BHEL
2025-06-05,253.59733989457638,255.1391192844936,249.9169735681443,250.66299438476562,5868497,BHEL
2025-06-06,251.4587456027249,256.92954958675756,250.71272480792518,254.34335327148438,5912223,BHEL
2025-06-09,255.63644206761057,258.2226533892324,252.90103266805443,256.78033447265625,8142667,BHEL
2025-06-10,258.12321600121436,262.00251837865426,256.83012532728986,259.1676330566406,13506650,BHEL
2025-06-11,260.01312413466695,260.01312413466695,254.14443292877553,255.636474609375,6312600,BHEL
2025-06-12,254.98991922710076,256.6311589398857,251.80688495844876,252.4534454345703,7494477,BHEL
2025-06-13,246.28634419229368,253.84601266928095,244.3964156896726,252.20477294921875,6863381,BHEL
2025-06-16,251.6576869786368,254.8904438271766,246.88315075138078,253.09999084472656,5449381,BHEL
2025-06-17,253.64707301543535,255.1391146214085,249.3698840427459,251.01113891601562,3780350,BHEL
2025-06-18,251.0111352427193,253.8957429009212,248.9222709537925,250.46405029296875,4309390,BHEL
2025-06-19,249.7677756071207,251.65768893908762,242.20809192358828,245.88845825195312,6499510,BHEL
2025-06-20,245.68952308804992,250.86193106486346,245.54032499536424,249.1212158203125,7364337,BHEL
2025-06-23,247.13182424588553,254.14442290364653,246.83341288597035,252.4534454345703,6599595,BHEL
2025-06-24,254.59203836901918,262.40038060057316,252.85132310252953,258.5708312988281,13591549,BHEL
2025-06-25,259.8142090568037,262.8480150638072,258.67028612582453,260.46075439453125,8079034,BHEL
2025-06-26,261.007824661734,263.9421855107916,259.51578294641655,263.0469665527344,8632812,BHEL
2025-06-27,263.5940409952405,266.97599620480077,261.8036030477283,262.6988220214844,8256515,BHEL
2025-06-30,270.55688589129784,270.6563614057732,262.0522606277896,264.8871154785156,24499093,BHEL
2025-07-01,266.32943899315165,266.32943899315165,261.1072931305409,263.2458801269531,6368798,BHEL
2025-07-02,263.2458770420955,264.1908489008081,257.6258595364678,259.2173767089844,4720752,BHEL
2025-07-03,259.2173594839894,260.2617764326048,255.73592918105388,256.2332763671875,3482668,BHEL
2025-07-04,257.6258523718722,261.9527791295597,256.78035605164246,258.7697448730469,6547713,BHEL
2025-07-07,259.1178896038691,259.51576129028547,253.99521954655688,254.9899139404297,3448589,BHEL
2025-07-08,254.98993651210344,257.7750689192213,254.89046099277783,256.73065185546875,3629949,BHEL
2025-07-09,256.73064311235913,263.9421778607082,256.4322165645454,260.65966796875,9205944,BHEL
2025-07-10,261.10731133700637,261.2067868600778,258.27242588564246,259.9136657714844,3978183,BHEL
2025-07-11,258.9687240155866,260.1126166409621,255.58676872312827,257.3274841308594,3395468,BHEL
2025-07-14,257.2777097649816,258.37187971556455,253.84601699681875,255.984619140625,2826291,BHEL
2025-07-15,255.98462148446555,257.9740103744079,254.34336654356346,256.1338195800781,2785020,BHEL
2025-07-16,255.13912100858343,256.9295588383075,251.95610187172315,253.0005340576172,3917127,BHEL
2025-07-17,253.0005267227063,255.03963810053395,250.81218690034058,251.90635681152344,3133140,BHEL
2025-07-18,251.80689369135362,253.49788639690735,248.6736122481599,249.17095947265625,3769277,BHEL
2025-07-21,249.7180289898294,254.04494046827688,246.98261942450688,253.29891967773438,3502780,BHEL
2025-07-22,253.29893536484258,254.2439072336518,248.6736122481599,249.17095947265625,3295956,BHEL
2025-07-23,250.26512014789444,250.46405599474195,246.43554059029282,249.8672332763672,2778287,BHEL
2025-07-24,249.8672309261883,251.01113859600866,247.18155907442696,249.71803283691406,2537746,BHEL
2025-07-25,247.82810410730255,249.618557065892,238.17957144657828,238.8758544921875,6249024,BHEL
2025-07-28,239.72134763562565,242.10860809696388,234.25052849871304,235.493896484375,3829301,BHEL
2025-07-29,234.99655368946478,240.3181748388564,233.00716487516243,239.27374267578125,4090733,BHEL
2025-07-30,240.46738017793268,241.71074822435426,238.1298421795271,240.36790466308594,3128052,BHEL
2025-07-31,237.33408875425314,240.06949834091944,236.33939435910176,237.18487548828125,4900265,BHEL
2025-08-01,237.68328144920915,237.68328144920915,230.3569238691944,230.85531616210938,4328861,BHEL
2025-08-04,231.3537000596798,241.42121488539777,229.58938714806078,240.6536865234375,4836529,BHEL
2025-08-05,242.2286103989747,248.19935538761567,242.21864802887794,247.45176696777344,16107703,BHEL
2025-08-06,248.69774256069618,248.79742709851834,237.63342809033833,239.058837890625,11261810,BHEL
2025-08-07,231.1045133301585,231.94180873562274,221.87427829034655,227.2369842529297,32931833,BHEL
2025-08-08,226.76848784384086,228.37331159697092,221.52540652348,221.993896484375,10903726,BHEL
2025-08-11,222.28295103565944,224.0671886588685,219.19291289701366,220.74790954589844,8120448,BHEL
2025-08-12,221.28616840412522,224.93440347950022,219.79099159058384,222.1533660888672,5579037,BHEL
2025-08-13,223.2797377605597,226.23022670181757,220.80771635121937,223.269775390625,4866381,BHEL
2025-08-14,223.75819723795217,224.07717560276396,219.71125429518742,220.6183319091797,3835220,BHEL
2025-08-18,225.27330575452606,225.27330575452606,215.42506964469408,215.9234619140625,9821664,BHEL
2025-08-19,217.14951851452486,219.43214842296263,215.3453257177019,218.99356079101562,5359240,BHEL
2025-08-20,218.993566969151,220.83762450739044,218.3955053530352,219.96044921875,3150685,BHEL
2025-08-21,220.26944241810082,221.71477695277542,217.2790888113017,217.77748107910156,3594173,BHEL
2025-08-22,218.2758761027076,219.083269153181,216.3221869057122,217.8871307373047,3265473,BHEL
2025-08-25,218.29582663545702,218.89390347725274,215.51480430347647,215.81382751464844,2460395,BHEL
2025-08-26,215.80385374966525,215.95336534735696,210.3713810274732,210.81993103027344,5248328,BHEL
2025-08-28,210.81992981878915,213.02283034038032,207.3810262041156,207.83953857421875,5028650,BHEL
2025-08-29,207.83954829825242,210.86978195344864,204.46044916421653,207.34115600585938,6491590,BHEL
2025-09-01,208.82637285600785,212.61415736264436,208.3778228297659,211.53762817382812,6448724,BHEL
2025-09-02,212.3649546646254,216.4517622562414,211.59742629067364,214.3784637451172,7347728,BHEL
2025-09-03,214.50804113955235,216.6610995084369,213.53119649819254,216.27235412597656,3107124,BHEL
2025-09-04,220.40900307665294,221.0868245050743,209.8231556266397,210.4112548828125,9965549,BHEL
2025-09-05,210.80997209959463,212.44469816983587,208.9260498893183,211.6771697998047,3958541,BHEL
2025-09-08,213.81029327466808,217.9967854856535,213.11254710779147,215.9832763671875,5280719,BHEL
2025-09-09,215.98327382971124,216.302252193522,213.39164306751357,213.83023071289062,2832092,BHEL
2025-09-10,213.8601345298085,220.1299028412983,213.3617422401607,219.322509765625,8012241,BHEL
2025-09-11,219.29260845959567,229.2604542986682,218.7144715757624,228.34341430664062,28357811,BHEL
2025-09-12,227.7652795369846,229.76881109373423,226.07074877055834,227.9845733642578,7574797,BHEL
2025-09-15,228.96140561529683,232.10128603965302,227.56591334428856,228.93150329589844,8536557,BHEL
2025-09-16,229.36012910972386,231.931819842535,228.38326930793815,231.4434051513672,5707608,BHEL
2025-09-17,232.2508111278193,234.2344179515797,231.6527342856599,233.5665740966797,5487958,BHEL
2025-09-18,234.24437761236558,235.14147765550138,230.3569238124762,233.73602294921875,4534560,BHEL
2025-09-19,233.18778450996996,240.57396181673832,232.9585283178186,236.4073944091797,14496280,BHEL
2025-09-22,236.3276508305722,241.6504768015972,235.64984462140444,238.82958984375,7227055,BHEL
2025-09-23,238.82958472897377,240.05562546913825,235.83923107315053,237.96237182617188,6141305,BHEL
2025-09-24,237.73311287256456,238.4009566894295,233.98520847636394,235.25111389160156,4665637,BHEL
2025-09-25,234.2443683217595,237.23472195990962,232.35048376815448,233.86558532714844,4026105,BHEL
2025-09-26,232.64951115485616,233.24758797714927,229.03119353013162,230.26719665527344,4520518,BHEL
2025-09-29,230.45658442840903,234.84244556492558,230.26719293075539,233.21768188476562,6844860,BHEL
2025-09-30,234.1446851148825,238.87941173554734,232.3305451398112,237.6832733154297,7781995,BHEL
2025-10-01,238.23151472056696,242.01929916811105,237.73312243035656,239.3977508544922,7001353,BHEL
2025-10-03,239.72669190741775,245.4980679433877,239.22829961654992,244.23216247558594,9487956,BHEL
2025-10-06,243.91318576820146,245.95659721660675,242.39806893493216,244.52122497558594,5947078,BHEL
2025-10-07,244.81028838644286,245.47813220110774,241.70031028819483,244.07266235351562,6648973,BHEL
2025-10-08,244.0627087069734,244.7704172361368,236.96559220680908,238.27137756347656,4226459,BHEL
2025-10-09,238.72990515919307,240.1253974770685,237.0253968476144,238.27137756347656,4334247,BHEL
2025-10-10,238.28134657437758,241.60064090723336,238.1417973476085,238.86944580078125,6959120,BHEL
2025-10-13,236.63665403057988,238.43086932276108,233.3273371225351,234.10482788085938,6337675,BHEL
2025-10-14,234.2942200732061,235.24116238833264,229.65916262065141,231.69261169433594,4680465,BHEL
2025-10-15,231.25402460262922,237.13504759268508,231.25402460262922,235.04180908203125,5422265,BHEL
2025-10-16,236.0385931703995,236.69647464794983,233.14790874315983,235.41061401367188,4104632,BHEL
2025-10-17,234.84245354070623,236.82604512413485,230.7057884006697,231.8720245361328,3238488,BHEL
2025-10-20,232.73924092633766,234.94212636728915,232.30065327029504,233.00836181640625,3655987,BHEL
2025-10-21,233.24759576515933,234.92218658793306,233.09808415945662,233.84567260742188,712531,BHEL
2025-10-23,234.54341376728044,237.87267060068035,232.9983946325845,233.53665161132812,4072749,BHEL
2025-10-24,234.513512530739,236.0286141422114,228.8019259330385,230.1974334716797,5297389,BHEL
2025-10-27,231.25401585355718,236.17813396951223,230.8254057972553,234.24436950683594,7375341,BHEL
2025-10-28,234.24437104715773,237.7331169989239,233.4668803089707,236.57684326171875,9973722,BHEL
2025-10-29,237.6733176201708,245.90675277309364,236.2379453918289,244.60096740722656,14046107,BHEL
2025-10-30,253.18329128489523,261.5263736148481,244.33183906892512,260.4498596191406,75432122,BHEL
2025-10-31,260.4498451382194,265.63310657742136,259.82186600086703,264.6363220214844,23280006,BHEL
2025-11-03,264.1479105567203,267.53697200450125,262.00482981911256,264.09808349609375,11181498,BHEL
2025-11-04,262.65274376151046,267.5369822485172,262.602916698976,266.39068603515625,9063915,BHEL
2025-11-06,265.84244764548424,266.0417863008092,258.6655868258878,259.21380615234375,5823324,BHEL
2025-11-07,257.1704215566405,264.9453291103398,254.479106233458,263.0016174316406,10052522,BHEL
2025-11-10,264.0980849997904,273.9163887162971,263.35049656942994,272.4710693359375,18151146,BHEL
2025-11-11,273.11896645137784,286.8247540014014,270.826374156245,284.8810119628906,37222053,BHEL
2025-11-12,284.58197980789816,289.9646101196743,281.8408223841794,286.1269836425781,15184051,BHEL
2025-11-13,285.08037907276866,288.56912497051235,279.29904089571636,280.5948486328125,16076468,BHEL
2025-11-14,280.5948650166151,283.5852188178578,278.90031902813007,280.6945495605469,11786151,BHEL
2025-11-17,280.69454691138594,285.9276660141713,279.6977623203792,284.5820007324219,7910619,BHEL
2025-11-18,284.0337604916089,289.26687920963,281.9903339786168,288.17041015625,11332882,BHEL
2025-11-19,289.46623432159254,291.4598034703906,285.82797670892626,288.2701110839844,14533784,BHEL
2025-11-20,288.5691285463512,289.8649362995045,283.5353787135819,284.3327941894531,8839796,BHEL
2025-11-21,284.0836057409776,284.3328018863644,280.39549062147205,281.5916442871094,6158231,BHEL
2025-11-24,281.2926313172926,283.6849083161762,274.86335836455646,277.0064392089844,9586847,BHEL
2025-11-25,276.1093334061124,284.4324908760715,275.8103101947529,281.9903564453125,7350075,BHEL
2025-11-26,281.89065598491106,289.3167129820318,281.2427521172479,288.76849365234375,11134915,BHEL
2025-11-27,288.768498763497,294.3006408953586,287.9710528650314,289.914794921875,10234788,BHEL
2025-11-28,289.3167181028885,292.207387238631,289.1672065030045,289.914794921875,7279931,BHEL
2025-12-01,290.1639850747922,294.3006348233043,289.3167121336632,290.0643005371094,9651733,BHEL
2025-12-02,289.9646314399679,290.66239282145324,283.88423935093647,284.5820007324219,6242631,BHEL
2025-12-03,285.0803845423174,286.7749304643702,275.1623659892362,277.6543273925781,6343542,BHEL
2025-12-04,278.102892103567,278.6511114435178,273.5176770459263,274.86334228515625,8033107,BHEL
2025-12-05,274.9630185539602,278.60127600284443,272.2218610977605,276.8569030761719,4629680,BHEL
2025-12-08,276.8071016826115,278.3022786155328,266.83925546313617,268.83282470703125,5178235,BHEL
2025-12-09,268.5337454761422,279.64788686773244,268.03535321266776,276.10931396484375,9945144,BHEL
2025-12-10,276.05949522775006,279.84726437655365,273.3183376960118,274.1157531738281,3543157,BHEL
2025-12-11,274.1157545534655,278.2524044019276,272.91960091127004,275.6109313964844,3695549,BHEL
2025-12-12,275.9598237329291,286.57557368285586,275.9598237329291,284.2331237792969,12084724,BHEL
2025-12-15,284.23310308491426,285.5289412275869,280.6446726874781,281.6913146972656,4114513,BHEL
2025-12-16,280.5948630183004,280.89388622851436,274.91317866862164,278.4517822265625,5220449,BHEL
2025-12-17,277.6045079025533,279.74758868397896,274.7636657413837,276.95660400390625,3130658,BHEL
2025-12-18,276.30869957567586,276.80709186898014,270.5771882026766,274.16558837890625,4139636,BHEL
2025-12-19,274.1655809257183,277.00642300421475,271.62379246674556,274.86334228515625,7050742,BHEL
2025-12-22,275.11253000732705,281.54180238723467,274.91316093374473,280.9437255859375,4874650,BHEL
2025-12-23,281.29261441005906,283.43569512567603,279.6977530335125,280.9935607910156,5087115,BHEL
2025-12-24,280.9935656331831,284.5819961873871,276.85691573046154,277.30548095703125,5866008,BHEL
2025-12-26,277.1061027350688,284.6816713397737,276.15914525218693,280.5948486328125,6390786,BHEL
2025-12-29,281.5916249889819,283.58519401545254,277.60448693604053,278.5015869140625,3963435,BHEL
2025-12-30,278.80064778162256,282.8376129975968,275.41155601278734,281.8906555175781,5022408,BHEL
2025-12-31,282.88743843557523,290.2636683189323,281.3424345764517,286.5257263183594,10765553,BHEL
2026-01-01,287.5723517350465,292.35690555800505,287.17364398637517,290.51287841796875,7927074,BHEL
2026-01-02,291.7588642014436,299.882652596796,290.6125375774,298.5369873046875,13871683,BHEL
2026-01-05,299.8327935231656,302.42443954986334,295.0482396426865,299.085205078125,9119661,BHEL
2026-01-06,299.73312020853194,301.7266892676656,293.75241303113086,295.99517822265625,6926709,BHEL
2026-01-07,295.99519026457324,304.91639391546636,295.54662504023935,302.5739440917969,12724071,BHEL
2026-01-08,302.9228401780403,302.9228401780403,260.65917833989766,270.876220703125,48951103,BHEL
2026-01-09,278.10289069621695,284.58199030025065,270.7765181369964,273.3681640625,62968609,BHEL
2026-01-12,271.62378922161037,271.62378922161037,257.41960941827847,267.03857421875,36431979,BHEL
2026-01-13,268.2845670929098,268.8826439325352,261.60612857220644,264.6961364746094,10914720,BHEL
2026-01-14,265.09488045097584,271.4742959012551,262.6527459771455,266.5900573730469,9508874,BHEL
2026-01-15,266.5900573730469,266.5900573730469,266.5900573730469,266.5900573730469,0,BHEL
2026-01-16,268.334430649797,268.53376932121773,263.00162687319187,264.546630859375,5568981,BHEL
2026-01-19,264.54662067987437,268.2845628440195,255.67524402752682,262.2540283203125,25303568,BHEL
2026-01-20,261.6559530323298,261.6559530323298,247.95016501635067,249.3456573486328,24904986,BHEL
2026-01-21,249.14629741076962,257.02090455051336,247.10288602344323,251.53858947753906,14481811,BHEL
2026-01-22,253.98071505931352,256.1238110408685,249.4951844310633,250.7411651611328,6157502,BHEL
2026-01-23,254.7283024294542,254.7283024294542,240.87298764333167,241.7202606201172,6847147,BHEL
2026-01-27,242.7170418006431,248.0000030419451,239.7266881028939,246.90353393554688,9603734,BHEL
2026-01-28,249.24597174793965,260.0610746415411,246.05626433253934,258.8150939941406,8340263,BHEL
2026-01-29,259.9614072405088,260.90836476272904,255.67524569872018,259.6623840332031,7777528,BHEL
2026-01-30,258.96461660164,262.80224324273667,256.02412040038587,261.8553161621094,6252061,BHEL
2026-02-02,252.68488996418955,258.2668896725352,248.69775166100706,257.41961669921875,5287190,BHEL
2026-02-03,265.54339739734667,270.7266892126584,260.50964759973544,267.03857421875,8088230,BHEL
2026-02-04,268.08520868664976,273.1189583423327,263.74918994294546,271.8231506347656,8243278,BHEL
2026-02-05,271.4244313914384,272.02250822867256,266.7395620752492,268.0353698730469,3631556,BHEL
2026-02-06,267.33762869919536,268.2845557708094,262.2540214060949,265.7427673339844,3549301,BHEL
2026-02-09,266.7395571660281,274.6639762503179,266.7395571660281,273.7668762207031,5685381,BHEL
2026-02-10,274.51445788829153,276.10931924580353,270.1286119697212,275.21221923828125,5379904,BHEL
2026-02-11,261.05787034924475,262.4035355900067,257.76849346689386,259.8118896484375,85237867,BHEL
2026-02-12,258.16719311244276,264.9453157445262,258.16719311244276,259.7620544433594,69540657,BHEL
2026-02-13,256.1736388145887,261.3569308338707,253.88103122294098,254.9276580810547,27784730,BHEL
2026-02-16,255.17684523809524,262.50321777706347,252.1864915829613,261.65594482421875,29358420,BHEL
2026-02-17,261.25725558832823,264.2974365185576,260.16078641990936,261.9549865722656,10432190,BHEL
2026-02-18,265.04501158912353,265.04501158912353,257.170419554861,260.75885009765625,12611325,BHEL
2026-02-19,258.1672093316452,258.4662325414688,251.1897171875467,252.9839324951172,10932988,BHEL
2026-02-20,252.18649479089942,258.8151060602088,249.89388725085524,256.47265625,9855329,BHEL
2026-02-23,257.22024761627915,259.9614051997171,254.4292629718319,257.41961669921875,11160170,BHEL
2026-02-24,256.1736371009838,261.6559522918609,254.18006794066488,260.95819091796875,10678349,BHEL
2026-02-25,261.5562618500647,264.2475923235678,259.16398499553446,261.10772705078125,8855564,BHEL
2026-02-26,262.1543554522876,264.64631700601655,258.9148054324399,263.9984130859375,6496828,BHEL
2026-02-27,263.64951827265105,267.038579720432,261.95497233903507,264.09808349609375,8367571,BHEL
2026-03-02,255.22667593511355,265.54340227623845,255.22667593511355,261.30706787109375,12870609,BHEL
2026-03-04,257.17042030424756,258.11737781810956,246.40514385421767,247.10289001464844,16208648,BHEL
2026-03-05,248.9469370494431,257.9678249028742,248.49838705165936,256.4228210449219,10224873,BHEL
2026-03-06,255.7250633571823,263.59968561379964,254.92764788738702,258.11737060546875,10342609,BHEL
2026-03-09,252.23633132195442,255.52572335154628,246.80385861157362,254.57876586914062,7235564,BHEL
2026-03-10,258.1672095488106,261.1575633273683,251.78779423844463,257.8183288574219,6171454,BHEL
2026-03-11,258.1173809266823,261.9549772504058,254.18006964093428,254.9276580810547,6282466,BHEL
2026-03-12,253.0835828310687,269.480700306651,251.04018673860557,266.9887390136719,16227938,BHEL
2026-03-13,264.9951962538539,269.430869543489,255.7749385556325,257.6688232421875,11238122,BHEL
2026-03-16,256.2234638343277,259.96140600514235,248.0996756003141,252.6848907470703,7970526,BHEL
2026-03-17,254.6784533641775,256.32314179320673,249.196138321113,255.52572631835938,7083919,BHEL
2026-03-18,256.6720339793269,260.65917237123875,255.52573777554258,259.3135070800781,4198413,BHEL
2026-03-19,255.1768557596822,255.97427126615054,249.2459904744004,250.94052124023438,4709558,BHEL
2026-03-20,253.23313571195456,265.34407796882994,252.4357049741384,261.2073974609375,19056140,BHEL
2026-03-23,259.3633600564554,259.41318711770805,248.4485567304082,252.0369873046875,11692333,BHEL
2026-03-24,257.1704124175098,259.1639815060176,251.48874355720747,257.3697814941406,7393540,BHEL
2026-03-25,259.11417409483835,265.9421244051711,258.51609723904465,261.2073974609375,6801129,BHEL
2026-03-27,259.4630056296495,260.6093321952022,253.6318251507402,254.03054809570312,6984305,BHEL
2026-03-30,249.54502841517473,254.0305590742152,243.21544017908286,244.7106170654297,12308911,BHEL
2026-04-01,253.68167832261895,256.52252048988635,249.69453995998447,251.0302276611328,14241715,BHEL
2026-04-02,248.14952074743005,248.49840143797346,240.1453417029963,247.31222534179688,7987056,BHEL
2026-04-06,248.60804074104382,249.9935706709495,238.40096137191827,244.85015869140625,13853601,BHEL
2026-04-07,244.8003205539602,253.57202787131473,241.4810260882121,252.77459716796875,14913436,BHEL
2026-04-08,260.3601420391931,266.93889587036784,260.2405023383682,264.8456726074219,17510017,BHEL
2026-04-09,265.64307860918234,280.09645436840617,262.9118987171806,276.3086853027344,31642983,BHEL
2026-04-10,278.102893794516,285.25979967465287,278.092916214636,283.7945251464844,15013291,BHEL
2026-04-13,278.1029059730444,292.0578905021577,275.60096686967154,286.8446960449219,42151898,BHEL
2026-04-15,290.0842266854663,296.43376977523934,290.0842266854663,291.5594787597656,12730693,BHEL
2026-04-16,293.4234581812196,311.2957975614518,292.1076952966817,308.2655944824219,28292886,BHEL
2026-04-17,310.0000016376742,316.77812455393297,306.3916463571067,315.7713928222656,25068627,BHEL
2026-04-20,317.5058004827894,332.7167433596864,316.5787980965192,324.5829772949219,49865330,BHEL
2026-04-21,325.95852764381635,332.71672572194376,321.4729971383481,331.5404968261719,20292270,BHEL
2026-04-22,330.922511290743,335.71704280739647,328.63989644722244,332.5672302246094,15926893,BHEL
2026-04-23,331.92925038397823,340.1527228034011,329.58680064122234,336.51446533203125,16570930,BHEL
2026-04-24,337.90995374650083,339.39515295352265,331.94917134002975,336.3051452636719,15907329,BHEL
2026-04-27,338.3385646266786,352.8617224826346,337.90995458082807,347.4591369628906,20484360,BHEL
2026-04-28,348.5656102518241,354.85531866311135,346.163355708293,353.5694580078125,14893265,BHEL
2026-04-29,355.65271058485064,356.9485487344422,341.40868145508585,343.39227294921875,14716414,BHEL
2026-04-30,343.2926012946246,353.7588393244574,340.94020430068446,351.27685546875,17432476,BHEL
2026-05-01,351.27685546875,351.27685546875,351.27685546875,351.27685546875,0,BHEL
2026-05-04,353.8585280142554,397.71704979630397,352.56272022029367,375.8376159667969,104983361,BHEL
2026-05-05,378.67845011005886,387.15111891145017,370.1060967682904,373.744384765625,33273604,BHEL
2026-05-06,376.7845654358688,386.25401879999777,367.2154275313851,384.7090148925781,20995123,BHEL
2026-05-07,384.26044820631427,407.0369815055463,382.2170520243593,405.1430969238281,37208886,BHEL
2026-05-08,404.7942185980129,407.5852032168357,398.81351119814894,403.2990417480469,17888566,BHEL
2026-05-11,398.7138135551271,405.2925975626767,391.7861488768268,400.0594787597656,18431673,BHEL
2026-05-12,395.823159994378,405.89069026486084,389.29420279001613,390.4903564453125,17519753,BHEL
2026-05-13,391.2379417407087,406.43890635611206,391.2379417407087,402.55145263671875,21915995,BHEL
2026-05-14,405.8906833469465,416.55625984384466,400.75721854829004,411.821533203125,22299813,BHEL
2026-05-15,413.46623272341736,414.31350570257644,395.7234793196855,397.019287109375,15856773,BHEL
2026-05-18,394.32797613720885,395.02570707420716,384.8585228624198,393.9790954589844,10710854,BHEL
2026-05-19,395.7234798560021,403.09967969386094,389.84245689417344,399.810302734375,11644140,BHEL
2026-05-20,395.72348421077726,408.68168394563895,394.7266996157879,407.0868225097656,10932205,BHEL
2026-05-21,410.6752426433494,413.3665731488411,404.9935584292897,406.8376159667969,8203336,BHEL
2026-05-22,407.1865010637641,412.22025102663724,405.791008735196,407.236328125,7879542,BHEL
2026-05-25,410.67525272506185,419.5964870090787,408.6318564751572,418.05145263671875,11083538,BHEL
2026-05-26,418.1511112124102,419.0482112074027,413.9147769510211,416.40673828125,9434405,BHEL
2026-05-27,415.85853936859934,423.3344237262363,415.160777994106,420.9919738769531,10651428,BHEL
2026-05-28,420.9919738769531,420.9919738769531,420.9919738769531,420.9919738769531,0,BHEL
2026-05-29,422.68648840075815,423.53376137648485,411.7218580358155,415.40997314453125,18794737,BHEL
2026-06-01,415.6591665142547,416.4565820040556,401.80386704766977,403.4983825683594,9218173,BHEL
2026-06-02,398.7138261754413,411.6720255261431,398.0160648118539,409.42926025390625,8510633,BHEL
2026-06-03,409.42926431903885,411.323148928286,396.0224996129965,404.9935607910156,10000048,BHEL
2026-06-04,409.0803931161288,409.67846995908354,383.26367810040784,387.9485778808594,22452304,BHEL
2026-06-05,388.7459913886724,399.06271801326216,381.36979148211105,385.705810546875,17437792,BHEL
2026-06-08,376.7845616915666,388.64629180907764,376.7845616915666,385.057861328125,9622172,BHEL
2026-06-09,387.0016027212246,396.12217529773164,383.811879983688,395.27490234375,9498965,BHEL
2026-06-10,395.72345945270894,395.92282852701413,374.5417881343964,376.0867919921875,11028183,BHEL
2026-06-11,375.33921373549765,378.27974035398745,366.41801017908324,369.45819091796875,11173287,BHEL
2026-06-12,378.3794385173681,378.92765787708584,368.5112771062863,377.53216552734375,9280094,BHEL
2026-06-15,382.7652842367405,389.99197254589774,379.8247575155786,381.6189880371094,7802473,BHEL
2026-06-16,382.665576515086,386.4035185175506,380.5224958508963,382.9646301269531,6165659,BHEL
2026-06-17,382.96463556880684,392.78293903257014,380.6720128563809,390.9887390136719,7880789,BHEL
2026-06-18,391.5369647544192,408.13345208833687,390.09164538761416,404.5948486328125,15191954,BHEL
2026-06-19,404.5948582574305,422.3376421786641,402.55146201944683,413.0177001953125,22020572,BHEL
2026-06-22,415.95818768668454,419.3472795504149,406.98712658270614,410.1768493652344,10136520,BHEL
2026-06-23,412.5192839617563,413.4163839551651,396.4212198807857,398.5643005371094,9746360,BHEL
2026-06-24,399.81029215153615,406.68809951533177,397.51766941730386,401.6044921875,9391640,BHEL
2026-06-25,403.3987204717289,406.987120524343,399.81028999966435,401.4051513671875,8630710,BHEL
2026-06-26,401.4051513671875,401.4051513671875,401.4051513671875,401.4051513671875,0,BHEL
2026-06-29,401.4051593454853,415.0610897313477,392.58360979866313,412.41961669921875,45313478,BHEL
2026-06-30,413.21702845405605,418.6495164905832,410.42604384523247,412.76849365234375,18542296,BHEL
2026-07-01,414.7620687949127,421.04179946558315,410.47587685985485,412.6189880371094,10048287,BHEL
2026-07-02,413.6157614128317,413.71541553232504,398.51445113664596,400.6575622558594,11966341,BHEL
2026-07-03,400.7074076328153,401.90356131591784,381.7685003068862,382.3665771484375,29608874,BHEL
2026-07-06,382.76528225806453,392.73312815020165,382.76528225806453,386.2540283203125,12997839,BHEL
2026-07-07,388.4469585212116,388.4469585212116,373.79421319614244,375.23956298828125,18569613,BHEL
2026-07-08,372.7974358125164,386.25402774692543,370.604497551721,376.585205078125,13150600,BHEL
2026-07-09,378.77812449492245,385.7556162619342,378.0803631504413,380.37298583984375,9102802,BHEL
2026-07-10,387.6495074493143,394.5273147965867,384.3601305847994,393.9790954589844,11887326,BHEL
2026-07-13,391.4871425029143,410.67524560458486,388.34727717016756,407.7845764160156,14286194,BHEL
2026-07-14,406.8376223285118,407.6848953097451,399.7106186288699,402.6012878417969,12494044,BHEL
2026-07-15,403.89710676591693,422.63664390328245,401.205776346866,416.6061096191406,19808847,BHEL
2026-07-16,422.83603095690836,439.5819997312715,405.7411510762423,434.0,55731908,BHEL
2026-07-17,445.0,446.5,420.29998779296875,422.0,48217882,BHEL
2026-07-20,422.3999938964844,427.25,414.3999938964844,417.5,12038780,BHEL
2026-07-21,417.5,417.95001220703125,411.20001220703125,413.29998779296875,8374361,BHEL
2026-07-22,414.0,421.0,412.3500061035156,416.45001220703125,11711567,BHEL
2026-07-23,415.45001220703125,417.0,405.6499938964844,409.6000061035156,7519426,BHEL
2026-07-24,405.0,418.0,402.1499938964844,417.29998779296875,8874814,BHEL
2026-07-27,420.0,422.3999938964844,412.8999938964844,415.95001220703125,9042974,BHEL
2026-07-28,415.95001220703125,415.95001220703125,403.20001220703125,405.75,6949460,BHEL
2026-07-29,408.0,408.45001220703125,395.5,405.1499938964844,10523689,BHEL
2026-07-30,406.0,406.0,399.75,403.0,5875071,BHEL
2026-07-31,406.0,412.3500061035156,405.95001220703125,407.0,6869187,BHEL
2026-08-03,409.0,414.3500061035156,406.45001220703125,411.1499938964844,5593016,BHEL
2026-08-04,411.1499938964844,412.8500061035156,406.25,411.95001220703125,4709584,BHEL
2026-08-05,411.95001220703125,414.79998779296875,407.0,412.3999938964844,5588130,BHEL
2026-08-06,410.1000061035156,411.8999938964844,404.95001220703125,408.1499938964844,5362227,BHEL
2026-08-07,406.95001220703125,418.70001220703125,402.20001220703125,405.20001220703125,9754089,BHEL
2026-08-10,404.75,409.45001220703125,400.20001220703125,409.0,4506602,BHEL
2026-08-11,409.8999938964844,413.3999938964844,401.6499938964844,403.0,5246729,BHEL
2026-08-12,404.5,420.20001220703125,403.25,420.0,14607097,BHEL
2026-08-13,420.0,420.5,412.0,420.0,14823680,BHEL
2026-08-14,419.95001220703125,430.0,416.54998779296875,421.70001220703125,11362612,BHEL
2026-08-17,424.0,435.95001220703125,421.79998779296875,435.95001220703125,15351093,BHEL
2026-08-18,434.0,434.1499938964844,423.5,425.0,7418846,BHEL
2026-08-19,425.0,425.1499938964844,414.29998779296875,419.79998779296875,5840962,BHEL
2026-08-20,422.8999938964844,423.75,412.3999938964844,413.5,4572719,BHEL
2026-08-21,416.04998779296875,416.6499938964844,409.1000061035156,413.0,3639529,BHEL
2026-08-24,412.5,413.79998779296875,409.20001220703125,411.3999938964844,4441028,BHEL
2026-08-25,410.79998779296875,417.0,408.1499938964844,417.0,4652600,BHEL
2026-08-26,418.0,421.0,415.5,415.5,3386320,BHEL
2026-08-27,416.0,438.20001220703125,416.0,433.95001220703125,19967976,BHEL
2026-08-28,434.0,436.6499938964844,427.0,430.8500061035156,5837847,BHEL
2026-08-31,430.6000061035156,442.6499938964844,424.04998779296875,442.6499938964844,9251968,BHEL
2026-09-01,437.25,437.25,423.20001220703125,426.54998779296875,7144021,BHEL
2026-09-02,423.54998779296875,427.5,417.3500061035156,427.5,5742323,BHEL
2026-09-03,428.5,432.70001220703125,424.04998779296875,431.79998779296875,5980404,BHEL
2026-09-04,433.0,439.20001220703125,429.20001220703125,432.8999938964844,5471594,BHEL
