trade_date,open,high,low,close,volume,symbol
2021-09-06,131.0255035752828,131.0255035752828,127.89965445417363,128.33380126953125,589709,GICRE
2021-09-07,129.2021021595284,129.72307041776278,127.20502404685475,127.72600555419922,561408,GICRE
2021-09-08,127.81280658541462,128.33378800965795,125.55525132827877,125.85914611816406,590796,GICRE
2021-09-09,126.20648477472024,126.68403567327444,124.68697091795117,125.20793914794922,565260,GICRE
2021-09-13,125.72893439481588,126.94454031370049,124.60014989921683,125.16453552246094,997729,GICRE
2021-09-14,125.64209576735827,130.50454578805434,125.51185701197426,128.46405029296875,1928828,GICRE
2021-09-15,129.37575587427173,129.76648537306332,127.68258588010154,127.98648071289062,621259,GICRE
2021-09-16,128.50746722132322,128.50746722132322,126.20649422274772,127.85624694824219,1170632,GICRE
2021-09-17,128.33380126953125,130.9386821616769,123.12403948523993,128.33380126953125,2828858,GICRE
2021-09-20,127.63916455459498,127.89965529534462,125.16452239113764,126.68403625488281,773605,GICRE
2021-09-21,125.46844292675276,126.94453960548063,124.64356654003224,125.68551635742188,514251,GICRE
2021-09-22,126.29332193718841,126.46697803550923,124.60015179261619,124.94746398925781,503125,GICRE
2021-09-23,125.38160434974776,126.1630766252836,124.25283314471326,124.38307189941406,718832,GICRE
2021-09-24,124.46991459322474,129.2021128896879,124.29624524361337,126.72747039794922,1197190,GICRE
2021-09-27,127.6391580921881,127.6391580921881,124.64354784800952,124.99085998535156,574441,GICRE
2021-09-28,125.4684474382027,125.72893821419423,123.51478649193311,123.86209869384766,469458,GICRE
2021-09-29,123.29769774158842,124.6869728749403,118.0011012009327,119.47721099853516,2080255,GICRE
2021-09-30,119.82452613860492,127.98648131506883,119.3903793047694,125.94599914550781,6973381,GICRE
2021-10-01,125.7723379585005,126.2498888570547,123.731842622624,125.20793914794922,751535,GICRE
2021-10-04,125.33819114228076,126.77087033616213,124.77379233172948,125.20793914794922,534377,GICRE
2021-10-05,125.38161134186305,129.28893319010947,125.07771648091054,125.77235412597656,1174043,GICRE
2021-10-06,125.90259515473296,127.16161845645803,123.77527809332008,124.42649841308594,687719,GICRE
2021-10-07,124.77379475535618,129.2020976664573,124.77379475535618,126.46696472167969,1045546,GICRE
2021-10-08,127.29186628696421,128.42063753817698,125.90259101747189,126.85771942138672,756928,GICRE
2021-10-11,127.42211463477355,128.42064720109124,126.24991270986852,126.64065551757812,717771,GICRE
2021-10-12,127.1616004047389,127.1616004047389,125.51184779517362,126.68403625488281,468630,GICRE
2021-10-13,126.94452231125096,132.6752653998349,126.33671943800331,129.896728515625,2567151,GICRE
2021-10-14,131.02550785961824,131.8069801022805,127.94307596907585,128.50746154785156,779834,GICRE
2021-10-18,128.68111172111887,129.288914604763,127.16159788745391,127.42208862304688,846820,GICRE
2021-10-19,128.37722826720517,129.80990756611683,125.03429223759748,125.2513656616211,733851,GICRE
2021-10-20,125.121141073417,125.90260018873683,121.90844343482871,122.34259033203125,1054561,GICRE
2021-10-21,123.29770109959975,123.64501326784196,120.7796547570688,121.95184326171875,639901,GICRE
2021-10-22,121.64795213316806,123.47136094566045,119.5206219782614,120.64940643310547,673343,GICRE
2021-10-25,120.69282514908734,121.47428418494083,117.65379717770745,118.08794403076172,990259,GICRE
2021-10-26,118.9562476998591,120.51917915157739,117.74064170914023,118.47868347167969,603741,GICRE
2021-10-27,118.95624351848886,120.64941367787141,118.17478444465421,119.1733169555664,500965,GICRE
2021-10-28,119.1298895097075,119.73769243212799,116.35135240070666,117.04598999023438,526363,GICRE
2021-10-29,117.39329815813839,118.04451839191036,115.00549063430783,115.74354553222656,704936,GICRE
2021-11-01,116.00404081413274,116.82891715936134,114.31085754079336,115.6567153930664,566952,GICRE
2021-11-02,116.43818223515585,120.08501286743054,116.0908568302524,118.04451751708984,1179437,GICRE
2021-11-03,118.69573963630904,119.34695987562579,117.21964307701305,117.82744598388672,541619,GICRE
2021-11-04,117.87085907423445,120.30208386334068,117.87085907423445,119.65086364746094,120011,GICRE
2021-11-08,120.25866527250287,122.86354610873038,118.73915145137016,121.34403228759766,584626,GICRE
2021-11-09,122.34258158676923,122.55965501985371,121.04014098826235,121.38746643066406,269904,GICRE
2021-11-10,119.39038447253479,122.25575634969772,119.34696713744995,121.82160949707031,413910,GICRE
2021-11-11,125.03429282704887,130.15722035851294,123.81868694643006,128.46405029296875,6914107,GICRE
2021-11-12,129.3757640526348,129.8099109118718,125.12113013175617,127.94308471679688,1650822,GICRE
2021-11-15,126.6840491915049,128.0733244512989,124.86064031827492,125.4250259399414,492498,GICRE
2021-11-16,125.51184721894678,126.07623278038868,124.25282410173143,125.20793914794922,405180,GICRE
2021-11-17,124.94746552532605,125.2513736379569,123.55820347256933,124.12258911132812,416625,GICRE
2021-11-18,124.60013682710463,127.63916455459498,122.42940273604009,126.68403625488281,1832061,GICRE
2021-11-22,127.6391715872328,128.94161211363314,122.86355632376491,123.47135925292969,926436,GICRE
2021-11-23,123.29770357884289,125.38160312841869,101.24304259968814,124.07916259765625,423206,GICRE
2021-11-24,125.38159086473534,129.5928201352739,125.12111338334857,128.16014099121094,1614038,GICRE
2021-11-25,128.85478085100445,129.2021062833566,125.12112850927004,126.16307830810547,432755,GICRE
2021-11-26,125.85916023394796,125.85916023394796,121.56110937376874,122.90696716308594,585891,GICRE
2021-11-29,121.56112071372245,124.4264926375109,116.43819306900272,123.34112548828125,872825,GICRE
2021-11-30,123.297716144111,125.20795980074675,121.17039904355957,123.08064270019531,598798,GICRE
2021-12-01,123.29770029248762,125.25136103655872,122.25575054547166,124.46990203857422,346569,GICRE
2021-12-02,124.94746828019471,124.94746828019471,122.29918287935529,123.60162353515625,561223,GICRE
2021-12-03,123.68842802965204,125.38159800057404,121.99525805873003,122.68989562988281,459266,GICRE
2021-12-06,122.7767246233843,123.90550909003764,120.73624236550182,121.82160949707031,263016,GICRE
2021-12-07,122.51623755132749,124.46989823570941,121.17037976337583,122.0386734008789,356589,GICRE
2021-12-08,123.99234110289692,124.6001440337272,122.038680307943,123.21086883544922,304345,GICRE
2021-12-09,123.47135917443757,124.33965285815248,122.16891864886522,122.60306549072266,345019,GICRE
2021-12-10,122.55964039659949,123.25427794941105,121.38745194726998,121.7347640991211,495506,GICRE
2021-12-13,123.47136094566045,123.47136094566045,120.38891567443217,120.64940643310547,463856,GICRE
2021-12-14,121.82161976964785,123.47137264910278,119.04308232835513,121.08356475830078,1081362,GICRE
2021-12-15,121.51769937329179,121.77819013034453,119.8245293261144,120.30209350585938,216613,GICRE
2021-12-16,120.30209453123696,121.17038822940668,119.17331007379424,119.52062225341797,200673,GICRE
2021-12-17,118.65232499191158,123.21086677040164,118.2181781558649,121.69135284423828,546195,GICRE
2021-12-20,121.82161148520291,122.42941443897854,115.4830646835755,116.13428497314453,581767,GICRE
2021-12-21,116.13428998303304,118.56551515212627,116.13428998303304,117.74063873291016,246930,GICRE
2021-12-22,118.04451486626759,119.39037262568809,117.26305590872494,117.91427612304688,187729,GICRE
2021-12-23,118.08794854224828,118.6523341731367,115.78697543279742,117.13282012939453,429392,GICRE
2021-12-24,116.87234796359436,118.95624773373783,116.39478373527892,116.74209594726562,255318,GICRE
2021-12-27,115.91720784129144,118.3918501622665,115.30940490692696,117.43672180175781,221049,GICRE
2021-12-28,117.566950725943,118.9128084853635,117.43671198272229,117.91427612304688,192163,GICRE
2021-12-29,117.91428366486652,119.1298895097075,116.74208190446912,117.04598999023438,203630,GICRE
2021-12-30,117.04598910470294,117.78403077309046,116.00403935284942,116.4815902709961,224543,GICRE
2021-12-31,116.61183637692514,124.73037381352374,116.61183637692514,122.25574493408203,5087739,GICRE
2022-01-03,123.12405353902507,123.21087496254106,120.99673655077568,121.64795684814453,458544,GICRE
2022-01-04,121.64795334856214,122.2557562921322,120.5191688824403,120.95331573486328,273282,GICRE
2022-01-05,121.56112554566351,125.2513739997283,120.47575835329152,123.86209869384766,2361842,GICRE
2022-01-06,123.29770724729477,123.29770724729477,119.39038553875373,121.90843200683594,324915,GICRE
2022-01-07,121.86502406882799,123.21086868216709,120.69282229366986,121.47428131103516,292252,GICRE
2022-01-10,121.47427040795883,125.55526096311259,121.47427040795883,124.51329803466797,758566,GICRE
2022-01-11,125.25136195078203,126.1196556211514,122.42940752208156,122.82013702392578,397895,GICRE
2022-01-12,123.29770095210569,125.68550854096688,122.95038878427894,123.94892120361328,584313,GICRE
2022-01-13,123.99234110289692,124.73038278708005,122.86355666043484,123.21086883544922,237295,GICRE
2022-01-14,124.16600606462598,126.33674043638517,121.73478091843344,122.64649200439453,1632502,GICRE
2022-01-17,122.51623954937205,123.77526269446227,122.3425702197516,122.68989562988281,305030,GICRE
2022-01-18,122.68990476200374,124.77380438146234,121.56112028100088,121.86502838134766,558320,GICRE
2022-01-19,121.69134876391956,123.03720656035955,120.90988978488191,122.385986328125,280094,GICRE
2022-01-20,123.25428758859775,123.25428758859775,121.2138053509538,121.5177001953125,233524,GICRE
2022-01-21,120.69282752527968,121.12697438688141,118.95624007887278,119.34696960449219,242799,GICRE
2022-01-24,120.17183562998535,120.77965178310788,115.74354597294023,116.35134887695312,363632,GICRE
2022-01-25,115.91721154328819,116.78550526271357,113.92013333878768,116.13428497314453,345859,GICRE
2022-01-27,115.30940490692696,119.95476820802939,115.00549681518956,117.43672180175781,1334786,GICRE
2022-01-28,118.17477323958096,123.16746181896846,117.87086515684386,120.47574615478516,927584,GICRE
2022-01-31,121.12696936090552,125.81574997200616,121.12696936090552,124.07916259765625,1270288,GICRE
2022-02-01,125.0342907214997,128.81137355335576,120.77965696187053,121.47428131103516,2400882,GICRE
2022-02-02,122.4294030121528,125.16452267341882,121.64794403725094,122.90696716308594,1255038,GICRE
2022-02-03,121.99525249665453,122.95038076958159,120.82305082070853,121.34403228759766,295776,GICRE
2022-02-04,121.995260838127,121.995260838127,120.34550816202407,120.82305908203125,296676,GICRE
2022-02-07,121.47428307429985,121.47428307429985,118.60892446962808,119.52062225341797,237268,GICRE
2022-02-08,119.52062299861352,120.17184327630109,117.52355807966003,118.34843444824219,216466,GICRE
2022-02-09,118.78258290149493,119.8245327100208,117.69721575738242,119.26014709472656,211249,GICRE
2022-02-10,120.69281779697963,125.20794214387922,119.2167212363349,121.56111145019531,1715753,GICRE
2022-02-11,117.6538044175152,118.86941038122507,116.78551065797635,117.48014831542969,877897,GICRE
2022-02-14,115.52647221389577,116.26451386329859,112.9215912767126,113.74646759033203,364012,GICRE
2022-02-15,113.92012565603667,116.17769447393695,109.83914809977986,114.39768981933594,548092,GICRE
2022-02-16,114.74499944945269,116.26451332240705,114.44110462432752,115.1357421875,194338,GICRE
2022-02-17,115.13575085023567,115.83037521656168,113.65964094901659,114.35427856445312,140716,GICRE
2022-02-18,114.05037969801724,114.22403578348015,112.00988425877537,112.18354034423828,204630,GICRE
2022-02-21,112.14011446118126,112.14011446118126,108.18938250938083,108.9708480834961,227382,GICRE
2022-02-22,105.06353732158726,108.18939330541767,105.06353732158726,106.19232177734375,239246,GICRE
2022-02-23,106.8435362646021,108.53670623199935,105.5410957898181,105.9752426147461,246858,GICRE
2022-02-24,102.4586617189115,103.8913477204006,94.730846077913,96.29377746582031,808314,GICRE
2022-02-25,97.46595969164336,102.45864805001263,97.46595969164336,99.54986572265625,424653,GICRE
2022-02-28,97.68304490456887,101.98109623054773,97.46597147144762,100.8957290649414,254284,GICRE
2022-03-02,100.28792421760541,103.71768174665377,100.1142681241936,101.11280059814453,324861,GICRE
2022-03-03,102.89279715288792,102.89279715288792,99.89718672104348,100.50498962402344,237455,GICRE
2022-03-04,100.5049936547807,102.24158101814625,98.2908421166676,98.94206237792969,357760,GICRE
2022-03-07,97.33571989449801,98.72498845318249,96.68449963656262,97.4659652709961,198913,GICRE
2022-03-08,97.72645962274277,99.07231089730348,96.07670025031017,96.72792053222656,314021,GICRE
2022-03-09,97.59621459211898,99.85377691929637,97.59621459211898,99.63670349121094,333447,GICRE
2022-03-10,102.45866043323669,102.54548848157411,100.54841687159175,100.8957290649414,249165,GICRE
2022-03-11,101.50353478313697,101.50353478313697,100.02743151944762,100.46157836914062,240984,GICRE
2022-03-14,100.98255748663779,101.06938552960023,98.98547937572656,99.20255279541016,240444,GICRE
2022-03-15,99.20255279541016,100.50499331351182,98.81182328980168,99.20255279541016,212769,GICRE
2022-03-16,99.41962829191522,108.44988406430153,99.41962829191522,106.19232177734375,9424923,GICRE
2022-03-17,107.5815844204221,109.23134367819401,102.45865056715347,103.67426300048828,1817726,GICRE
2022-03-21,104.8464616193112,104.8464616193112,101.72060570339802,102.06792449951172,550981,GICRE
2022-03-22,101.67719420165605,101.98109568147852,99.72353331408324,100.8523178100586,367021,GICRE
2022-03-23,101.2430434743785,102.2849998827235,100.07084831147614,100.41816711425781,373923,GICRE
2022-03-24,99.9405990855723,100.93913812092687,99.72352567025848,99.98401641845703,300715,GICRE
2022-03-25,99.98402215329008,100.98256124591833,99.98402215329008,100.20109558105469,347995,GICRE
2022-03-28,100.54841638680134,100.72207248263888,97.422553665282,97.68304443359375,576455,GICRE
2022-03-29,98.20400407657775,99.7669351943277,96.29376082115392,97.11863708496094,661126,GICRE
2022-03-30,99.07231169005671,103.10987879515707,97.94353383376924,101.11280059814453,3559455,GICRE
2022-03-31,101.06938372993876,101.24303981277147,98.20401199131446,98.85523223876953,833956,GICRE
2022-04-01,99.63669836185437,102.28499669798272,98.811822027417,101.7640151977539,427876,GICRE
2022-04-04,102.54548101092806,103.8913388480536,102.02450613430219,103.50060272216797,442812,GICRE
2022-04-05,103.80451813704987,104.97671334838101,103.15329783913752,104.62939453125,387732,GICRE
2022-04-06,104.759627508383,109.66548782986764,104.4991367702475,108.4932861328125,1519638,GICRE
2022-04-07,109.3181819994947,112.87818496978451,107.7118399229127,109.5352554321289,2361631,GICRE
2022-04-08,110.2732979981475,111.96646803412379,108.88402942701886,109.31817626953125,429878,GICRE
2022-04-11,109.40501037041581,110.18647605511559,108.102569770768,108.4064712524414,266108,GICRE
2022-04-12,108.40646543577333,108.88402961317549,105.9752470882804,107.32109832763672,203328,GICRE
2022-04-13,107.75525438234554,108.36306398959368,106.10549491203724,106.49623107910156,181620,GICRE
2022-04-18,105.1937795377769,106.19231858406468,104.45573124253985,105.23719024658203,179938,GICRE
2022-04-19,105.15036739039884,107.49476439181524,104.1952456303649,105.41085815429688,222534,GICRE
2022-04-20,105.93183320797749,106.45280811195812,104.23866311390161,104.84646606445312,150603,GICRE
2022-04-21,105.106951256352,106.88694930263007,105.106951256352,106.36597442626953,126171,GICRE
2022-04-22,105.75816765286365,107.14743614736868,104.80303935237137,105.93182373046875,121413,GICRE
2022-04-25,104.19524397538316,106.45280626993876,102.50207391060528,103.63085174560547,156792,GICRE
2022-04-26,104.19523985476275,105.54109768604208,103.58743693876528,104.32548522949219,259875,GICRE
2022-04-27,104.19524973222165,104.67281394331656,102.50207957389527,103.84793090820312,181995,GICRE
2022-04-28,104.10841395473697,105.06353568147574,102.54548267494258,102.97962951660156,191650,GICRE
2022-04-29,104.19524685474312,122.16892428736415,103.37037046696523,113.0084228515625,13476245,GICRE
2022-05-02,112.87817761709039,117.21964598697848,108.9708560841911,116.17769622802734,6255922,GICRE
2022-05-04,116.00404559143303,116.17770168456268,104.36890186419741,108.01573944091797,2117078,GICRE
2022-05-05,110.27330142401884,115.39622902517549,107.6684202880184,111.44550323486328,4087073,GICRE
2022-05-06,110.57719382978296,110.57719382978296,106.27914295769096,106.53962707519531,942055,GICRE
2022-05-09,105.93182915008093,106.40939332475988,101.59036074229073,102.67572784423828,664812,GICRE
2022-05-10,102.89280516543532,106.6264707875053,99.1157288323747,100.80889892578125,2661750,GICRE
2022-05-11,102.4586560433371,104.15182609931594,96.98840311323517,98.98548126220703,1536907,GICRE
2022-05-12,98.98548133331259,98.98548133331259,96.46742829027343,97.55279541015625,433265,GICRE
2022-05-13,99.63669752756155,101.89425971961494,97.24888996154156,99.11572265625,497002,GICRE
2022-05-16,99.7235280968094,101.59036083884449,98.98547979169463,99.81035614013672,291771,GICRE
2022-05-17,100.72206689978158,102.02450742003738,99.59328246573787,100.93914031982422,308404,GICRE
2022-05-18,101.85084742647807,102.02450350602811,100.02742546842862,100.50498962402344,218917,GICRE
2022-05-19,99.24596995917483,100.50499314136123,96.85816234674508,97.4659652709961,314530,GICRE
2022-05-20,98.46450636994855,99.59328419908272,97.85669680851768,98.98548126220703,163839,GICRE
2022-05-23,99.63669607396525,99.63669607396525,98.1171821904843,98.5079116821289,183779,GICRE
2022-05-24,98.98548139999357,99.41962824823916,95.72938003815169,98.42108917236328,191644,GICRE
2022-05-25,96.90157903982383,98.37768235703065,95.33865429899684,95.68596649169922,220993,GICRE
2022-05-26,96.03327579347847,100.2444986460014,96.03327579347847,98.76840209960938,1734932,GICRE
2022-05-27,100.76548203849777,101.15621153624069,99.07230542431702,99.98401641845703,257490,GICRE
2022-05-30,103.32695616853896,106.62647506575992,102.4586624192235,104.1518325805664,2432196,GICRE
2022-05-31,104.97671331635289,105.75817899852036,101.59036644333078,103.76110076904297,531023,GICRE
2022-06-01,105.93182962521222,112.00988542338013,103.89134078930972,107.88549041748047,7316828,GICRE
2022-06-02,107.62499387681241,107.62499387681241,104.28206469242491,104.80303955078125,846396,GICRE
2022-06-03,105.71475937951575,107.36451875634533,103.76109852855961,104.23866271972656,467474,GICRE
2022-06-06,104.23866898134465,105.75818306781,103.06646710071254,105.36744689941406,407628,GICRE
2022-06-07,105.50013827494257,109.7909182301043,101.9613495697034,107.75611877441406,867454,GICRE
2022-06-08,107.71188073463343,108.4638719811973,104.4385038967889,105.23472595214844,530212,GICRE
2022-06-09,105.27897593447291,105.98673645576295,104.17310433852256,105.54438781738281,428261,GICRE
2022-06-10,104.83661811989234,106.11942635903053,103.55380988075414,104.43850708007812,441392,GICRE
2022-06-13,102.62487353060038,103.11145968256668,98.28985597117735,99.0418472290039,393916,GICRE
2022-06-14,98.99761960874775,101.91711636548528,92.89320748145423,100.50160217285156,493189,GICRE
2022-06-15,100.5016008093547,101.07665534066471,97.44939816196897,99.26302337646484,276033,GICRE
2022-06-16,99.52843047645817,103.95191627541186,99.52843047645817,102.4921646118164,1125678,GICRE
2022-06-17,102.2709952133104,102.40370114356685,95.8569404980546,97.75904083251953,729919,GICRE
2022-06-20,98.33409671818933,101.29783103611744,95.3261248396651,98.99761962890625,353311,GICRE
2022-06-21,97.84751612384491,101.74018543838488,97.62634180767452,101.03242492675781,263779,GICRE
2022-06-22,100.590067303819,101.5190020485896,98.28985597117735,99.0418472290039,150912,GICRE
2022-06-23,98.6437422206126,102.8902916707987,98.6437422206126,102.09406280517578,224058,GICRE
2022-06-24,102.00559049732678,103.37686711607367,100.81124387009999,102.53640747070312,176707,GICRE
2022-06-27,103.5095761988651,104.08463074991076,99.97078726898937,100.59007263183594,179619,GICRE
2022-06-28,100.6785394840676,103.06721911562113,100.45736519411992,102.4921646118164,183555,GICRE
2022-06-29,101.25358909129422,104.35002920723231,100.50159784165001,103.46533203125,186250,GICRE
2022-06-30,102.31523204575086,103.9519205080647,100.94394869235863,101.9171142578125,68267,GICRE
2022-07-01,100.94395051925098,102.97875680632929,100.94395051925098,102.13829040527344,90066,GICRE
2022-07-04,101.74017680008355,103.11146014379231,100.72277368214193,102.31523132324219,120466,GICRE
2022-07-05,101.78440693334682,103.19992098343695,100.89970980832756,101.43052673339844,109351,GICRE
2022-07-06,100.8554800847005,102.71334284158314,99.43996592468058,102.04981994628906,142038,GICRE
2022-07-07,102.18253673325083,102.75759132021871,101.3863078243495,102.00559997558594,93392,GICRE
2022-07-08,102.09405774127515,103.02298574700653,100.85548031726272,101.16512298583984,102015,GICRE
2022-07-11,101.74017545173321,103.02298365972136,101.60746952511627,102.58063507080078,102977,GICRE
2022-07-12,102.58063483296809,106.16366109479908,101.43053255426338,102.71334075927734,326300,GICRE
2022-07-13,103.19992640294375,104.12885438317423,101.60746879440039,102.22676086425781,112770,GICRE
2022-07-14,102.49216670295743,103.28839551295523,101.91711218741992,102.58063507080078,76917,GICRE
2022-07-15,102.71334099741772,103.33263307172882,101.91711218741992,102.58063507080078,86101,GICRE
2022-07-18,102.62487374933605,103.50957093683033,101.82864493065043,102.44793701171875,116869,GICRE
2022-07-19,102.44793518314911,104.35002870254867,102.44793518314911,102.97875213623047,112482,GICRE
2022-07-20,103.59804165799055,104.35003293449502,102.71334445040787,103.15569305419922,118124,GICRE
2022-07-21,103.64227641331074,105.54437670807647,103.28839618991415,104.21733093261719,224361,GICRE
2022-07-22,104.4827341776726,105.05778868674076,103.55380620121208,103.99615478515625,84146,GICRE
2022-07-25,103.55381269615805,104.08462968024341,101.51900638250932,103.37686920166016,92664,GICRE
2022-07-26,102.7133430784294,103.3326351652876,100.94394868689848,101.16512298583984,153481,GICRE
2022-07-27,101.07665205193076,102.18252351858209,100.8554777586005,101.3420639038086,84630,GICRE
2022-07-28,101.91711586629485,103.24416168095861,101.38629889037016,101.51900482177734,78858,GICRE
2022-07-29,102.18252883130405,103.86345489795032,102.04982289846544,102.89028930664062,172510,GICRE
2022-08-01,102.62487194329691,105.50013775205306,102.62487194329691,103.73074340820312,161857,GICRE
2022-08-02,103.73074478173392,105.45590158994943,103.02298433494076,104.21733093261719,185729,GICRE
2022-08-03,104.74815084859623,112.26807712172604,104.4385081755258,108.06576538085938,2041564,GICRE
2022-08-04,108.64081878446741,109.70245272384886,105.9424896264589,106.6944808959961,318728,GICRE
2022-08-05,106.95989806570947,107.84459530901607,105.80978894952915,106.73872375488281,156012,GICRE
2022-08-08,107.22530548180698,107.9330659914689,105.98673471445534,107.44647979736328,151166,GICRE
2022-08-10,106.34060360441461,109.26010714293336,104.48274078431366,107.53495025634766,180109,GICRE
2022-08-11,111.38337396364348,111.38337396364348,107.26953081343494,108.28693389892578,472487,GICRE
2022-08-12,108.28694042608394,108.3311712369952,106.78295111131506,106.91565704345703,140055,GICRE
2022-08-16,107.0483684310413,109.52552345825296,105.45591066359032,108.3311767578125,342407,GICRE
2022-08-17,107.57918263041856,110.58715458507339,107.57918263041856,108.64082336425781,350666,GICRE
2022-08-18,108.55234502584948,110.85256317285722,108.41964584404091,109.43704223632812,227901,GICRE
2022-08-19,109.70245975056324,110.1448083785897,107.49071661043092,107.84459686279297,159360,GICRE
2022-08-22,107.84458617524457,107.84458617524457,105.10202630321287,105.50013732910156,141131,GICRE
2022-08-23,104.7923842283714,106.2079051966042,104.57120992079805,105.63285064697266,112017,GICRE
2022-08-24,105.45590162150968,106.2078996275914,104.92508466110787,105.7213134765625,90651,GICRE
2022-08-25,106.16366944372406,108.81776117981717,106.16366944372406,106.60601806640625,225400,GICRE
2022-08-26,107.04836355315618,112.93160141242336,107.04836355315618,110.05633544921875,1211158,GICRE
2022-08-29,107.31377018625916,108.64081595072385,106.25212952486513,107.75611877441406,148466,GICRE
2022-08-30,108.15422804328159,111.02949381948335,108.15422804328159,109.7909164428711,245666,GICRE
2022-09-01,109.61398523534815,114.1259396385597,108.59658209793182,111.20643615722656,678122,GICRE
2022-09-02,111.02950104067025,112.09113500412569,109.12740066891715,110.05633544921875,230270,GICRE
2022-09-05,110.49868281492222,114.8337004913515,110.10056502083044,113.72782897949219,517462,GICRE
2022-09-06,116.20498385353304,117.75320396997077,114.61252617674403,115.2318115234375,874056,GICRE
2022-09-07,114.12594074667132,116.51462052753396,113.32971865285317,114.08170318603516,214578,GICRE
2022-09-08,114.2586392055398,115.9838095635668,113.24124281439248,113.72782897949219,205628,GICRE
2022-09-09,114.74522801896993,115.45298850277668,111.64878771429775,112.04690551757812,206264,GICRE
2022-09-12,112.6219624513825,113.81629563739735,110.76409282948114,111.25067901611328,209459,GICRE
2022-09-13,111.47184705734253,114.03746353429597,111.47184705734253,113.24124145507812,326701,GICRE
2022-09-14,112.35654291943713,115.32028390014604,111.6045516592872,114.25863647460938,382816,GICRE
2022-09-15,114.78946848552687,115.45299142474957,112.3565510417103,114.391357421875,193781,GICRE
2022-09-16,113.59512388083623,113.63936144414505,106.91566355317818,108.95046997070312,725945,GICRE
2022-09-19,108.9504678040894,111.1179733690283,107.66765274039332,110.36598205566406,227517,GICRE
2022-09-20,110.76408940490244,113.06430758000472,110.05633567769755,110.67562103271484,213013,GICRE
2022-09-21,110.67562235456987,113.06430893038903,108.99469626411287,111.91419982910156,295639,GICRE
2022-09-22,111.91419613483035,114.39135100212322,110.32173847018437,112.975830078125,284137,GICRE
2022-09-23,113.5508901965833,113.99323879337652,108.90622318055053,109.34857177734375,142780,GICRE
2022-09-26,108.02152858344236,108.02152858344236,104.88085752054155,105.41167449951172,178205,GICRE
2022-09-27,106.38484059349966,107.44647455650532,104.17309754581775,104.39427185058594,103604,GICRE
2022-09-28,103.9519190933103,105.98672531586939,103.86345072487377,104.96932220458984,104260,GICRE
2022-09-29,105.45591095735668,107.97730355446194,105.10203745223018,107.44647979736328,206326,GICRE
2022-09-30,105.85402462235609,110.01209889180456,105.5886127542193,108.77352142333984,167204,GICRE
2022-10-03,107.84459059139463,110.54291301562009,107.13683012782835,109.83515930175781,156609,GICRE
2022-10-04,110.89678569335992,113.24123447580759,109.87938262742563,112.09112548828125,369320,GICRE
2022-10-06,112.09113311380524,113.94900264307707,110.98526160814535,113.5951156616211,258182,GICRE
2022-10-07,112.9758303242243,113.37394136640103,110.67561894227259,111.33914184570312,95844,GICRE
2022-10-10,110.23327452927556,110.54291721270329,108.86199785989439,110.01210021972656,78245,GICRE
2022-10-11,108.81776035938336,111.47185207546588,107.93306312068918,108.50811767578125,117409,GICRE
2022-10-12,109.08316225839796,109.87938430066801,108.15422754281137,109.30433654785156,82625,GICRE
2022-10-13,109.83515955163953,110.14480222401524,108.0215275781898,108.19847106933594,46622,GICRE
2022-10-14,108.77352488601994,110.27751427049921,108.37541382084554,108.59658813476562,72421,GICRE
2022-10-17,108.72929407305857,109.70245970436609,108.06577113129829,108.59658813476562,87733,GICRE
2022-10-18,109.17163615790164,110.4986819618882,108.55234406621885,109.96786499023438,100151,GICRE
2022-10-19,110.49867542704823,110.49867542704823,108.24269499380709,108.55233764648438,107535,GICRE
2022-10-20,107.75612430053668,108.90622663889853,107.75612430053668,108.41964721679688,72652,GICRE
2022-10-21,108.81776254097845,108.95046847938393,106.25213914738848,107.09260559082031,70592,GICRE
2022-10-24,108.02152806350134,108.46387666879798,107.22529922402654,107.93305969238281,26338,GICRE
2022-10-25,107.04836459431235,109.083170918714,105.63285037936971,106.51754760742188,175379,GICRE
2022-10-27,107.49070510377192,108.9946875781819,106.606007942424,108.28693389892578,102425,GICRE
2022-10-28,108.86199372663218,111.1622051086666,108.41964512432925,109.83515930175781,280212,GICRE
2022-10-31,109.92362606164181,111.91419474283855,108.64081783364104,109.48127746582031,150342,GICRE
2022-11-01,109.48127133505686,111.9141884758359,109.03892276400612,111.47183990478516,257092,GICRE
2022-11-02,111.47184569579507,113.2412400719188,109.9236256166868,112.0026626586914,145289,GICRE
2022-11-03,110.94103032210502,112.57771879352391,110.94103032210502,111.60455322265625,106368,GICRE
2022-11-04,110.76408545617227,117.22237764119116,110.76408545617227,116.1607437133789,990267,GICRE
2022-11-07,116.78002503801795,118.32824506693107,114.1701711177316,115.09910583496094,402767,GICRE
2022-11-09,115.98380919371913,123.72490975204953,112.48925117756471,120.40729522705078,564043,GICRE
2022-11-10,124.65383346786216,131.9083615045395,123.01715170302803,125.27313232421875,7156910,GICRE
2022-11-11,127.21945673608013,128.23685308973592,123.7691296465804,124.74230194091797,756693,GICRE
2022-11-14,123.85762310201787,124.65384527933843,120.67270739391643,121.4247055053711,439773,GICRE
2022-11-15,120.45152368845977,127.1752281045324,120.45152368845977,124.60961151123047,702395,GICRE
2022-11-16,124.74229908662565,127.21945382510677,121.38044719150179,122.26514434814453,495512,GICRE
2022-11-17,121.24775301140346,123.59219517330054,119.52259618478034,120.18611907958984,292257,GICRE
2022-11-18,120.31882433416247,122.08821880966487,117.75320774444742,119.08025360107422,262766,GICRE
2022-11-21,118.85906498408147,121.20350698214858,117.70895601356656,118.5494155883789,181451,GICRE
2022-11-22,119.12447490135094,124.74230763057635,118.63790223139654,121.11504364013672,890459,GICRE
2022-11-23,121.73434603658187,123.59220214723697,121.02658554230004,122.84021759033203,303114,GICRE
2022-11-24,123.06139456285634,128.98886351928456,123.06139456285634,127.44064331054688,1298335,GICRE
2022-11-25,127.44064055948651,128.90038561073555,127.44064055948651,127.97145080566406,463563,GICRE
2022-11-28,128.81192383992047,132.92576061561533,128.32533765692003,129.2542724609375,1099680,GICRE
2022-11-29,129.12155375867113,135.75678276476327,128.36956923762548,130.36013793945312,5648990,GICRE
2022-11-30,131.02365030504302,132.3506959995597,130.3158899014194,131.775634765625,756323,GICRE
2022-12-01,132.2179911383335,132.6161021703168,126.24628516036125,127.88298034667969,803647,GICRE
2022-12-02,128.54651100840303,132.262236697343,127.88298808182773,131.51023864746094,778750,GICRE
2022-12-05,131.99680812654302,134.42972521617213,131.3775228399733,132.30645751953125,780956,GICRE
2022-12-06,132.7045862364693,133.4123467296122,129.65238345291223,130.7582550048828,408684,GICRE
2022-12-07,130.71402037736686,131.9525911436156,128.14840371896213,128.9446258544922,230286,GICRE
2022-12-08,129.16580433684172,131.8641337711576,128.50228136935795,129.12156677246094,275782,GICRE
2022-12-09,129.78507292568585,133.01422571540076,124.91923846119627,125.62699890136719,1907177,GICRE
2022-12-12,126.55593663643579,130.05048786210045,125.7154769997936,127.2194595336914,594616,GICRE
2022-12-13,128.23684244072209,130.40434764421767,128.1041432749718,129.8292999267578,558922,GICRE
2022-12-14,130.93518268464234,145.35574942344056,129.96201038654746,141.46307373046875,11581457,GICRE
2022-12-15,141.55154394643105,160.8379445090137,141.55154394643105,156.67987060546875,17307208,GICRE
2022-12-16,157.4761026203732,159.11279785074143,145.9750389458516,147.43478393554688,6641951,GICRE
2022-12-19,147.43477456337496,170.61385067963764,146.55007741388118,165.74801635742188,24225026,GICRE
2022-12-20,164.90754926882911,177.602959225965,160.17442744638697,166.14613342285156,26564519,GICRE
2022-12-21,166.323082400824,168.44635039341148,146.46163190975628,148.58489990234375,10200013,GICRE
2022-12-22,149.86768951998093,157.21067845264787,143.49787283720497,155.4412841796875,15637540,GICRE
2022-12-23,154.29119567821127,156.59141393808218,134.60668177921505,138.0127716064453,9706224,GICRE
2022-12-26,138.89746387995206,151.06205068472494,138.89746387995206,146.9039764404297,5994581,GICRE
2022-12-27,148.36371731877796,150.133111713753,143.80753215148033,145.4442138671875,3354271,GICRE
2022-12-28,146.1962056035581,154.82200290845788,145.97503131368887,152.61026000976562,5628113,GICRE
2022-12-29,152.52179995077938,153.0083861364082,147.61174103049478,148.58489990234375,2112430,GICRE
2022-12-30,150.39853225387893,164.11133960643846,150.39853225387893,158.13963317871094,15276073,GICRE
2023-01-02,158.53773226048176,167.91552778624848,155.26435538807903,166.14613342285156,8673882,GICRE
2023-01-03,167.4289435010502,177.2490877270308,163.75745555587616,173.6660614013672,8726180,GICRE
2023-01-04,176.5855694243282,180.47823176859345,167.73859727880895,177.86837768554688,14838839,GICRE
2023-01-05,178.310729769059,179.10695187791512,169.95034362843597,172.7813720703125,8183673,GICRE
2023-01-06,171.18891697800507,171.8966774741783,158.22810773318054,159.90902709960938,6306695,GICRE
2023-01-09,161.54572751016178,168.49059300617145,161.14760293763518,164.86334228515625,8064381,GICRE
2023-01-10,164.81909863822773,164.81909863822773,156.19330054161543,159.1570281982422,4435130,GICRE
2023-01-11,160.04172803211026,163.40358030104187,158.05115920833072,161.63418579101562,3912324,GICRE
2023-01-12,162.43040568282834,167.7385886986148,157.8299696029541,166.19036865234375,4679766,GICRE
2023-01-13,167.07507795956656,169.28682104349298,163.66898821055645,165.4826202392578,4244899,GICRE
2023-01-16,165.48261619844362,166.2788382894513,160.13019536615727,161.014892578125,2358203,GICRE
2023-01-17,161.63417188256733,162.29769476673175,155.92787777863498,157.82997131347656,1829258,GICRE
2023-01-18,158.44927008480929,162.60734412428965,157.3433986115747,159.11279296875,2238896,GICRE
2023-01-19,158.2723329494453,158.80315670029614,155.7067163189533,156.3702392578125,1292096,GICRE
2023-01-20,157.21069579975682,158.7589159594325,152.16792426526632,154.1584930419922,1515652,GICRE
2023-01-23,154.11425675520746,157.82998246928312,151.90251365166142,156.14906311035156,1751190,GICRE
2023-01-24,156.9452835401575,164.28827326484947,155.1316650142793,162.9612274169922,3294056,GICRE
2023-01-25,161.36875145811996,162.34192370296864,156.19328133617083,157.47608947753906,1450912,GICRE
2023-01-27,156.237534196708,159.82054713233217,150.70817658073457,153.18531799316406,1897760,GICRE
2023-01-30,153.27378098997352,162.38616432013907,151.50438669283096,161.4572296142578,2199786,GICRE
2023-01-31,162.74005543846803,164.02286374321045,158.0069332796725,162.9169921875,2076262,GICRE
2023-02-01,163.66898096359677,164.42097897859807,133.63351391367235,142.70166015625,4895659,GICRE
2023-02-02,141.55155342694417,149.02724214242303,137.43771680523682,141.1534423828125,3188852,GICRE
2023-02-03,142.39199799511752,144.78067750633588,136.02218146539963,139.384033203125,1772461,GICRE
2023-02-06,137.3934757212446,148.45219054910706,137.3934757212446,145.22303771972656,2572201,GICRE
2023-02-07,144.20563280056197,146.0635021811909,140.66684426557885,141.86119079589844,1149722,GICRE
2023-02-08,141.90542691074828,143.5863597073381,139.56098470687775,141.1534423828125,1071099,GICRE
2023-02-09,141.7284806314525,148.49642192388524,138.94169001065544,144.82492065429688,2248441,GICRE
2023-02-10,145.44421534328976,145.62116558410943,138.89746141520266,140.1360321044922,1517843,GICRE
2023-02-13,140.6668416245408,141.06495262737045,130.9794108917887,131.55445861816406,1796945,GICRE
2023-02-14,131.8198863823719,133.45658164661432,124.388435100176,125.27313232421875,2619204,GICRE
2023-02-15,125.71547633223236,141.19767718598473,125.4943020343216,138.67628479003906,8663271,GICRE
2023-02-16,138.89747266946893,140.53416803380912,133.8547008838987,136.95114135742188,4015387,GICRE
2023-02-17,135.6240717326619,137.08381658667665,131.3775228399733,132.30645751953125,2029663,GICRE
2023-02-20,132.30647281835428,132.79305899242624,128.59074716987362,130.802490234375,1694165,GICRE
2023-02-21,131.46600395526428,137.57040898640952,131.11211699005992,132.70457458496094,3632887,GICRE
2023-02-22,132.26223656225292,134.47397964857822,129.78508160568688,132.79306030273438,1261502,GICRE
2023-02-23,133.32386272014253,134.16432234374489,129.51966213501808,132.39492797851562,947543,GICRE
2023-02-24,133.1027112092909,134.6509315438941,127.88300233810695,129.03311157226562,1099554,GICRE
2023-02-27,128.10416667048733,128.7676896192301,124.29996573114694,125.05196380615234,944642,GICRE
2023-02-28,126.73288499512232,129.87356302996182,126.11359960078714,128.900390625,1567596,GICRE
2023-03-01,127.8829940938398,129.07732731817802,125.80395009306748,126.7771224975586,1407185,GICRE
2023-03-02,126.73287015528112,128.54650206157328,126.06934727488697,126.5116958618164,789945,GICRE
2023-03-03,127.1752295215515,131.2006047036806,126.73288089712871,128.72344970703125,1488132,GICRE
2023-03-06,129.96201388541374,130.5813127278239,128.2810945973496,128.5907440185547,905021,GICRE
2023-03-08,127.39640094322041,128.67920922505866,126.55594127576835,127.13098907470703,587099,GICRE
2023-03-09,127.61757217575389,129.7850776341433,127.26369869253409,128.32533264160156,937555,GICRE
2023-03-10,127.04252772149029,128.0156865755632,125.40583244501944,126.24629211425781,580889,GICRE
2023-03-13,126.06934818833055,126.95404536859954,123.28255747024632,124.47689056396484,697100,GICRE
2023-03-14,125.00772873173182,125.05196629574382,121.20352771665567,121.60163879394531,467146,GICRE
2023-03-15,122.84021000472407,124.25571740646895,119.52259554834234,120.05340576171875,535417,GICRE
2023-03-16,119.52260264553745,120.58423663473737,116.42616230238268,116.91273498535156,895971,GICRE
2023-03-17,117.57625068679832,120.1861181865153,116.82426617791342,119.43412017822266,669591,GICRE
2023-03-20,116.86850303990335,120.40729176481297,115.54145726806225,116.29344177246094,499982,GICRE
2023-03-21,118.54942324137393,120.7169286529951,116.91272804312915,120.05340576171875,764878,GICRE
2023-03-22,120.58422833390068,124.4326529672567,120.36305403890064,122.97290802001953,1230183,GICRE
2023-03-23,122.08821981687683,122.97291706192665,119.69953995512401,121.95552062988281,810243,GICRE
2023-03-24,121.29199417147737,122.04397870827266,117.66473017241408,118.72636413574219,445704,GICRE
2023-03-27,118.68212611054312,118.72636367121876,116.91273167878306,117.48779296875,302666,GICRE
2023-03-28,117.70896642218568,118.0628399062174,113.06430607237661,113.72782897949219,493895,GICRE
2023-03-29,113.72783475632976,121.1592862937437,113.50666044272329,120.54000091552734,1050033,GICRE
2023-03-31,121.07082629239765,122.39787219184194,117.53203722721288,118.23978424072266,515633,GICRE
2023-04-03,119.25719259649156,121.1592862937437,118.23978265425652,120.54000091552734,429791,GICRE
2023-04-05,122.08822256867101,126.99829508924937,120.67270154492284,125.05196380615234,874649,GICRE
2023-04-06,125.00771240828489,125.5385226088884,123.23831807412489,124.2557144165039,362740,GICRE
2023-04-10,126.06935536800896,127.35216365257368,124.12302416045472,126.24629211425781,406138,GICRE
2023-04-11,127.08673979327186,129.16578348891798,126.06934347377269,128.45802307128906,611891,GICRE
2023-04-12,129.03307883948744,129.96200000507505,126.51168667727562,129.29847717285156,288062,GICRE
2023-04-13,129.25426789900428,129.91779080711126,127.17522405383912,128.05992126464844,191468,GICRE
2023-04-17,128.2368584947828,129.34273001250153,125.93665383757273,127.79450988769531,341704,GICRE
2023-04-18,128.28108274870837,130.05047699351815,125.93664077409814,129.5196533203125,424819,GICRE
2023-04-19,129.21003845051388,134.16433504243673,129.07732576091578,131.2006072998047,943581,GICRE
2023-04-20,131.20058796304914,133.50079241690622,130.05047898641712,132.5276336669922,414884,GICRE
2023-04-21,132.08530164121512,134.47398150758656,130.9351925205448,133.0142364501953,469717,GICRE
2023-04-24,133.94314798893006,135.84525503035601,131.24483238267345,133.67774963378906,697607,GICRE
2023-04-25,134.29704475811621,134.29704475811621,132.04106407899536,133.0142364501953,246196,GICRE
2023-04-26,132.08529970848306,136.95113449446637,131.7756502768844,135.801025390625,629478,GICRE
2023-04-27,136.1548998769835,136.1548998769835,134.12010702390143,135.27020263671875,260465,GICRE
2023-04-28,135.27020165057252,136.99537205603883,134.60667872521117,135.801025390625,484544,GICRE
2023-05-02,136.99538799054696,139.64948000070098,135.75680361949574,138.05702209472656,966196,GICRE
2023-05-03,137.34924825298717,139.25134194336164,135.80102806333997,136.77420043945312,403286,GICRE
2023-05-04,136.24337678081514,164.1113402132546,136.24337678081514,163.40357971191406,23042650,GICRE
2023-05-05,159.9532621144145,162.25346681608463,153.05262101058727,154.4239044189453,5661975,GICRE
2023-05-08,154.42390842638346,154.42390842638346,149.29266165194593,150.57546997070312,1346351,GICRE
2023-05-09,151.15052103972917,155.75094375001922,148.23101759877713,150.0004119873047,1536927,GICRE
2023-05-10,150.57545520706768,156.9895096713766,147.8329020874904,153.0968475341797,3558394,GICRE
2023-05-11,153.58344518616983,156.76834712817833,151.76981315701317,155.6624755859375,1268696,GICRE
2023-05-12,155.61824436104396,155.61824436104396,150.92935963054117,151.54864501953125,522448,GICRE
2023-05-15,151.46016151863057,154.37966504749056,149.69076707682552,152.69874572753906,637150,GICRE
2023-05-16,153.40648717362535,162.12075988508326,152.74296428187193,155.04318237304688,3309364,GICRE
2023-05-17,154.5123531044805,156.679871939136,151.81403757455922,154.37965393066406,801561,GICRE
2023-05-18,154.37966498461637,158.89162620914496,153.05261915380305,155.7067108154297,1150131,GICRE
2023-05-19,156.14904731200144,156.32598404250186,152.12367257093243,153.62765502929688,469708,GICRE
2023-05-22,153.58344679063256,154.3354313475671,150.84087993746073,151.8582763671875,443878,GICRE
2023-05-23,153.05262047982689,158.09539198072562,151.902511383276,156.19329833984375,1063895,GICRE
2023-05-24,156.1932965234981,156.90105699771502,153.09685626078127,154.4681396484375,701616,GICRE
2023-05-25,154.4681313885557,161.103360168143,153.7161333937728,157.12222290039062,1828348,GICRE
2023-05-26,161.014901839888,163.624756065433,158.0069365459394,160.61679077148438,2214490,GICRE
2023-05-29,161.45722657107234,162.74003471244058,156.06056866674223,157.47608947753906,873306,GICRE
2023-05-30,157.4761150769951,161.41301525403816,156.54718023761413,160.5725555419922,796838,GICRE
2023-05-31,160.5282968282087,167.915523506889,158.53772822011723,163.18238830566406,2039527,GICRE
2023-06-01,163.66899657217363,167.51743513458027,161.28031661938047,164.33251953125,1326381,GICRE
2023-06-02,165.3499168180301,167.65013515394287,163.31512386634867,165.0845184326172,971014,GICRE
2023-06-05,166.32307633172044,166.32307633172044,161.58994083421936,162.2534637451172,670266,GICRE
2023-06-06,162.29769060138105,163.7574490087228,160.74947057806565,161.94381713867188,412645,GICRE
2023-06-07,162.74005160441598,166.58848992738504,161.94382950282642,165.26144409179688,1118543,GICRE
2023-06-08,164.95178636944618,171.41007847778087,163.0496928338429,163.62474060058594,2498727,GICRE
2023-06-09,163.7132180316332,165.43837485564742,160.7494770395363,162.07652282714844,556592,GICRE
2023-06-12,162.96123837416846,163.3151253903701,159.3339875791148,160.26290893554688,501971,GICRE
2023-06-13,161.0148958130592,161.8111179200637,159.20126379220625,160.2186737060547,353938,GICRE
2023-06-14,160.17441868091092,163.2266210908586,157.96267584770146,161.76687622070312,933966,GICRE
2023-06-15,162.74003684276985,163.58049642919187,159.73207195470985,160.70523071289062,500044,GICRE
2023-06-16,160.70525406961167,170.17152568016186,160.13020624253747,167.87130737304688,1788049,GICRE
2023-06-19,168.09247717377414,169.68493492056533,165.43838542892507,166.6769561767578,925839,GICRE
2023-06-20,166.41153652245654,169.41950138222143,165.52683938730132,166.27882385253906,602623,GICRE
2023-06-21,166.63272189556776,167.73859338810692,163.44780659729173,164.59791564941406,532406,GICRE
2023-06-22,165.7922634250086,165.7922634250086,161.0591411179703,162.34194946289062,477144,GICRE
2023-06-23,162.78428134844012,163.09393076163772,158.00692196949896,158.84738159179688,342741,GICRE
2023-06-26,158.3608014424642,160.57254447937012,158.0511520175341,159.24549865722656,258509,GICRE
2023-06-27,159.95324946833418,163.35932543981002,159.9090119103862,161.41299438476562,382517,GICRE
2023-06-28,162.25346189877203,166.5000111800766,161.5014773746232,162.03228759765625,666388,GICRE
2023-06-30,162.1649965721388,164.55367626972094,161.05912509183153,161.58993530273438,300617,GICRE
2023-07-03,161.89958927809164,166.32307532394114,161.4572406735067,164.28826904296875,634528,GICRE
2023-07-04,164.28827140786487,164.68638245784044,161.36876787569693,162.74005126953125,240746,GICRE
2023-07-05,162.7842725242167,164.33249250746331,161.28029009751566,161.76687622070312,318101,GICRE
2023-07-06,161.8995823927784,165.65954537184564,161.45723380700576,164.4209747314453,643631,GICRE
2023-07-07,163.536292899025,166.10190953738893,161.89959757838707,163.13816833496094,642038,GICRE
2023-07-10,165.30566659110204,169.86185147838975,163.2708604620524,168.26939392089844,1921604,GICRE
2023-07-11,169.86187065972223,173.13524775901223,165.96920819020036,167.20777893066406,1480241,GICRE
2023-07-12,167.56165300050182,168.0482391857064,164.64216288809172,165.43838500976562,468436,GICRE
2023-07-13,165.88072860904109,168.5790578276298,161.94382868326815,163.00546264648438,586394,GICRE
2023-07-14,162.82853189799232,164.95179990260516,162.78429433551938,163.40357971191406,390708,GICRE
2023-07-17,163.4035639802019,165.8807187467008,162.87275377985694,163.66897583007812,308404,GICRE
2023-07-18,165.39413404624875,166.94235410137432,163.97862666692131,165.6595458984375,535870,GICRE
2023-07-19,166.05766988431105,167.82706437108988,163.89016433788873,165.70379638671875,458900,GICRE
2023-07-20,163.93440189993993,167.20777900059903,163.93440189993993,165.70379638671875,382084,GICRE
2023-07-21,163.89016184533978,176.49709737190437,163.89016184533978,171.7639617919922,4406387,GICRE
2023-07-24,173.40065551666552,185.74217906401594,173.04678202761934,175.5681610107422,7544568,GICRE
2023-07-25,176.54133684424872,180.56671198390427,176.54133684424872,178.7973175048828,1389072,GICRE
2023-07-26,180.0358733520527,181.1859823681881,176.7624965364423,178.53189086914062,750301,GICRE
2023-07-27,178.08953951161558,179.94739543236193,176.89519295588727,177.5587158203125,501302,GICRE
2023-07-28,176.93943881460896,177.77989844909678,173.8429986353533,174.90463256835938,594204,GICRE
2023-07-31,176.05476355233233,182.60151820426327,174.41806813964482,181.58412170410156,991926,GICRE
2023-08-01,182.24761237285747,187.90966871671736,181.93796297149024,184.37088012695312,2045816,GICRE
2023-08-02,184.01702245785177,186.98076355585454,177.91261701646522,181.09751892089844,1085952,GICRE
2023-08-03,182.46878330681017,184.6362885783309,179.68199274334162,182.1591339111328,700539,GICRE
2023-08-04,183.53042970645723,187.33463033040366,181.71679776370752,182.4687957763672,1234719,GICRE
2023-08-07,183.75160303957696,185.47675985434128,181.49562251285084,182.99961853027344,589417,GICRE
2023-08-08,183.75160307982122,187.42310450631118,177.7798970662777,180.2128143310547,1332685,GICRE
2023-08-09,180.8763372214484,182.8669058926296,179.5935289999021,180.2128143310547,711156,GICRE
2023-08-10,180.4339797727468,184.41511691972806,178.885759771143,180.1243438720703,475089,GICRE
2023-08-11,180.4782331412714,184.14972120982316,177.77990391648348,178.35496520996094,1638236,GICRE
2023-08-14,179.06271666133136,179.46084122038144,172.16208896245638,174.24111938476562,687652,GICRE
2023-08-16,173.26796086150858,176.45286284438717,172.0736141807987,175.25852966308594,660435,GICRE
2023-08-17,175.17006386080308,180.12437409703398,174.2853665685768,179.10696411132812,757130,GICRE
2023-08-18,179.4608422766397,182.2476332099409,178.08955884144046,179.01849365234375,705359,GICRE
2023-08-21,181.1417421409443,182.2033760250391,179.63775968019274,181.84950256347656,596804,GICRE
2023-08-22,183.04384441551096,197.06630036903,180.78787736569484,192.02352905273438,8089555,GICRE
2023-08-23,193.4832726453547,195.91618991649966,190.65224433881306,191.5369415283203,1703833,GICRE
2023-08-24,192.37740990497656,198.4375913283926,191.18307674448567,192.90823364257812,1994008,GICRE
2023-08-25,192.7312704396754,193.7044291591451,188.7058958970968,191.58116149902344,752945,GICRE
2023-08-28,191.97930531949228,194.45646034607717,191.36001993769827,193.0409393310547,460479,GICRE
2023-08-29,193.66022278947634,196.75666316710237,193.39482441377822,194.32374572753906,621269,GICRE
2023-08-30,195.3411356457006,197.72981527803702,193.83715317344488,194.41220092773438,626039,GICRE
2023-08-31,195.47385959824604,195.60657228872523,191.97930807283885,192.5101318359375,360946,GICRE
2023-09-01,193.21786537681703,195.51808352392052,192.46588084752375,194.2352752685547,487737,GICRE
2023-09-04,195.87195915259528,202.10907725488943,195.208436237445,199.98580932617188,1512005,GICRE
2023-09-05,202.3745020714911,203.08226259282515,200.03005968769432,201.53404235839844,629152,GICRE
2023-09-06,202.59566886359207,205.42669734433693,200.82627437570042,203.6573028564453,875881,GICRE
2023-09-07,204.71894616900585,205.69211858141279,201.88791755938007,203.2592010498047,609211,GICRE
2023-09-08,203.25919685189925,206.7754675158196,202.75686848958335,205.496826171875,734012,GICRE
2023-09-11,207.18646770589623,207.32346001250372,202.80253272457023,203.85284423828125,628988,GICRE
2023-09-12,204.857488434038,204.857488434038,184.94712814747595,188.78306579589844,2354511,GICRE
2023-09-13,190.24438377129403,196.77461018932817,188.92007377682876,194.03465270996094,870481,GICRE
2023-09-14,194.44564524676807,202.43718796487858,194.44564524676807,200.51922607421875,1078140,GICRE
2023-09-15,202.75685672181635,217.36996351257787,200.56489627765995,214.76699829101562,6578374,GICRE
2023-09-18,214.58432671294366,218.73993153986507,210.20039210362154,211.342041015625,1810499,GICRE
2023-09-20,210.52007128831627,216.82196806478845,205.1314936931383,209.69808959960938,1548007,GICRE
2023-09-21,209.01308485431665,210.3830635255851,202.43717608331303,203.3961639404297,647805,GICRE
2023-09-22,204.62915186949016,207.32344048950387,202.52851510373338,206.0904541015625,467380,GICRE
2023-09-25,207.27777968460998,209.10441799676542,203.44184201631242,206.6841278076172,496315,GICRE
2023-09-26,207.64311341938165,207.6887682277667,203.4418397732871,203.9441680908203,279115,GICRE
2023-09-27,202.80252998076492,207.1407961558124,202.80252998076492,204.8574981689453,365484,GICRE
2023-09-28,205.45113992422134,209.10441652278013,203.44184058224283,203.98983764648438,531187,GICRE
2023-09-29,203.71584513739663,207.18646079586804,203.71584513739663,205.8621368408203,316371,GICRE
2023-10-03,205.49682159829663,205.49682159829663,202.9395250311777,203.85284423828125,263844,GICRE
2023-10-04,203.03085378641038,203.48751337030416,197.27694024211965,199.28623962402344,434537,GICRE
2023-10-05,200.79324246516725,202.30021365154437,193.76067309901862,195.6329803466797,540023,GICRE
2023-10-06,196.59195248902137,208.05411092659742,196.59195248902137,205.77081298828125,1913858,GICRE
2023-10-09,201.52386571564787,202.3915300606911,197.27693722484844,197.7335968017578,351326,GICRE
2023-10-10,199.10358507402142,202.02620371907165,198.32725818161427,201.11288452148438,289143,GICRE
2023-10-11,201.112878254423,205.2228145154922,200.93021720782664,201.84353637695312,293456,GICRE
2023-10-12,203.3504909228081,206.181785691703,202.80250782750622,204.30947875976562,312427,GICRE
2023-10-13,203.67015654584424,205.6337870098334,200.70186951098327,201.6151885986328,344716,GICRE
2023-10-16,201.52386967420455,206.72980010214752,200.9758865328358,204.49215698242188,478102,GICRE
2023-10-17,205.40546321200407,213.3056819116311,204.53781284073062,207.2321014404297,1176590,GICRE
2023-10-18,208.14543419153364,208.7847687622843,202.02619851262764,204.44650268554688,401958,GICRE
2023-10-19,203.25918474179568,209.15009062051578,202.8481939011677,207.04945373535156,511067,GICRE
2023-10-20,207.09513097217507,215.99999327417598,203.89851373555933,205.13150024414062,2192180,GICRE
2023-10-23,205.49681697770313,208.23677453740584,195.17630738226063,197.04861450195312,989551,GICRE
2023-10-25,198.09893472940874,204.21818469822324,197.13996069013209,202.9395294189453,889051,GICRE
2023-10-26,200.06257438361274,203.53319014535106,194.08033081137432,199.87991333007812,604218,GICRE
2023-10-27,200.93020930952324,207.55177302540525,199.92555268851802,206.31878662109375,420974,GICRE
2023-10-30,207.09511315662377,207.41478042724376,203.53317411670062,206.2274627685547,290670,GICRE
2023-10-31,207.23211477493194,212.71202981281797,205.9534735072164,208.28244018554688,985948,GICRE
2023-11-01,208.05409899902145,212.62069461385445,205.49680266748618,208.6477508544922,708516,GICRE
2023-11-02,210.20041007400522,210.29174756923166,206.41014093657483,207.64312744140625,186402,GICRE
2023-11-03,208.64776310398395,209.74374332865895,205.81648201825223,207.09512329101562,273352,GICRE
2023-11-06,208.05411093773898,209.0587536689651,204.12683569639594,204.53782653808594,309068,GICRE
2023-11-07,204.5834901783951,209.0130936428761,203.57883353609705,207.87144470214844,404783,GICRE
2023-11-08,208.6934297009477,214.72134177880267,207.09512115838024,209.51541137695312,935958,GICRE
2023-11-09,209.88073841591742,210.8853810950995,202.80251517343555,204.9488067626953,408882,GICRE
2023-11-10,203.6701586725433,207.91708690000218,202.25451128467586,206.8667755126953,341129,GICRE
2023-11-13,206.6384516006861,207.04944241885096,203.670164450621,204.8118133544922,196838,GICRE
2023-11-15,205.4968089922052,207.50610833734459,204.30949130857692,205.31414794921875,244719,GICRE
2023-11-16,205.67947353894405,225.49849666769185,204.94881541840724,220.97756958007812,8700572,GICRE
2023-11-17,221.936546178398,237.8739759726342,220.8405660215359,236.54965209960938,6080431,GICRE
2023-11-20,236.4126724060196,242.4862393037653,232.21139865530068,240.24859619140625,2516875,GICRE
2023-11-21,240.2485842995539,248.24012663057118,236.68664529218657,242.89723205566406,2135462,GICRE
2023-11-22,242.0295813891811,248.6054905984821,239.88327575334748,245.50018310546875,2595700,GICRE
2023-11-23,247.69217918376233,247.69217918376233,239.51796116201487,240.84228515625,692327,GICRE
2023-11-24,240.8422706798947,288.60885101171584,240.8422706798947,280.4803161621094,24375853,GICRE
2023-11-28,280.3889981463324,306.7839178045421,270.89048391387894,284.7272644042969,21569588,GICRE
2023-11-29,282.21565005897025,288.15222522202305,275.2287633261434,278.06005859375,5038297,GICRE
2023-11-30,277.649033035387,298.8837041474684,274.9090754725378,291.85113525390625,12070302,GICRE
2023-12-01,293.17544336254593,294.72809704640304,278.5623371513287,280.2976379394531,3062169,GICRE
2023-12-04,286.78223100392114,290.3441703368366,280.75431866313863,284.63592529296875,2577489,GICRE
2023-12-05,284.4989137154412,289.88749109739155,278.24267199667923,280.34332275390625,2248637,GICRE
2023-12-06,280.3433314490243,282.5352918909217,267.282850544867,268.42449951171875,1652479,GICRE
2023-12-07,270.93612989786453,289.3395058496743,269.6574886168994,283.9052734375,5447785,GICRE
2023-12-08,284.9099178942932,285.7318995487852,274.22407276903255,277.9230041503906,1038710,GICRE
2023-12-11,279.3843296067092,285.22956674280863,276.27904999118346,278.5166931152344,830328,GICRE
2023-12-12,282.21564303341995,306.3272652132734,282.21564303341995,285.3209228515625,10916914,GICRE
2023-12-13,288.471856657668,290.20715745350674,281.8046101957881,285.3665771484375,1824211,GICRE
2023-12-14,288.5175164683987,289.5221731167632,282.48960445050045,285.868896484375,881932,GICRE
2023-12-15,289.52216891686277,297.69638641216903,284.8642357036795,290.70947265625,1864658,GICRE
2023-12-18,290.7094883924133,296.46341603979084,289.5678393995554,291.8968200683594,1538249,GICRE
2023-12-19,295.0020746852689,305.9162492784222,292.5817846005438,295.0477294921875,3024998,GICRE
2023-12-20,297.1483714405612,308.4735225796114,274.95470083507354,279.01898193359375,2952867,GICRE
2023-12-21,276.5987173219861,284.95558218665616,269.93147063078374,283.67694091796875,1173019,GICRE
2023-12-22,284.6816046629275,291.3488236476409,280.38899329098984,286.9192199707031,1406486,GICRE
2023-12-26,287.69552817587737,289.01985207353874,284.08790643555034,285.2752380371094,389529,GICRE
2023-12-27,286.73656954255307,295.458756618384,283.58560720249835,286.50823974609375,961223,GICRE
2023-12-28,287.01052632832386,290.4354729432203,284.0422392620802,286.7365417480469,823317,GICRE
2023-12-29,287.42155625281816,289.43084171955763,280.4346422484571,281.34796142578125,777015,GICRE
2024-01-01,282.169954735176,288.51750592869774,280.4346261003531,284.909912109375,837234,GICRE
2024-01-02,284.90994713888904,288.51754140176337,280.6629903888895,282.7636413574219,661388,GICRE
2024-01-03,282.7636212331341,286.8735575072427,280.6173156044195,283.72259521484375,907867,GICRE
2024-01-04,284.6359192242933,296.64606096606695,284.45327211015785,289.1568603515625,2845106,GICRE
2024-01-05,291.34882528931735,295.002102095453,284.0879264882067,287.01055908203125,1156902,GICRE
2024-01-08,287.60417684433776,288.2891661641666,281.89593251243093,284.1335754394531,643513,GICRE
2024-01-09,286.5538819413828,287.64987606505406,281.347951662377,283.03759765625,541363,GICRE
2024-01-10,282.71793572556373,283.7225923792072,277.3750409204528,278.3340148925781,620286,GICRE
2024-01-11,278.56236488410656,281.48499756623323,275.91374469409294,277.37506103515625,411425,GICRE
2024-01-12,278.0143258673091,280.2062861123663,276.5530097465087,278.97332763671875,482342,GICRE
2024-01-15,281.66763459506757,289.3851929535571,278.3796799135723,284.2249450683594,952104,GICRE
2024-01-16,286.73652993202705,297.23969911822167,280.4802887988366,283.40289306640625,2827378,GICRE
2024-01-17,281.7589531046075,294.63675848060467,279.5213100752829,282.6266174316406,2229727,GICRE
2024-01-18,282.9919597805228,285.3209125923151,271.34713997698134,279.2016906738281,884290,GICRE
2024-01-19,280.8456508614091,332.4025302741512,280.8456508614091,325.1872863769531,14982293,GICRE
2024-01-23,335.18811596259786,335.18811596259786,302.3086277482831,305.1855773925781,3278620,GICRE
2024-01-24,305.96193954775913,341.5813892264535,299.8426896078877,331.1695556640625,7470027,GICRE
2024-01-25,330.941207858019,336.7407901800983,319.84438548230366,322.0820007324219,2007544,GICRE
2024-01-29,326.2832572185665,347.06126730036465,324.45661896961724,338.3390808105469,3949612,GICRE
2024-01-30,339.4350316638288,354.8244637887102,333.8181248771521,342.3119812011719,3704194,GICRE
2024-01-31,344.77797641766807,352.03887475206807,339.1153865832175,344.0929870605469,1554736,GICRE
2024-02-01,347.06128013977934,347.51793971891067,331.94585921944923,336.8777770996094,1170549,GICRE
2024-02-02,338.01942620165386,350.89723191348924,338.01942620165386,344.5039978027344,1401584,GICRE
2024-02-05,345.82829954502,400.0337980782551,343.45366411895606,373.2278747558594,15083123,GICRE
2024-02-06,377.2008120966893,399.7598064387966,364.4599986989873,372.63421630859375,5277326,GICRE
2024-02-07,375.7851656640282,384.3246771970798,366.2409696453041,368.9352722167969,2047717,GICRE
2024-02-08,374.1411834314656,427.2506863171432,368.5699310537951,402.8650817871094,24243212,GICRE
2024-02-09,408.20800617040584,414.1902354676046,366.3323174731484,369.8942565917969,6056893,GICRE
2024-02-12,373.63887460500695,375.32852062851515,307.0579132952627,316.5564270019531,5040052,GICRE
2024-02-13,317.83507111986785,335.1424805380981,305.50526232642466,329.57122802734375,4251176,GICRE
2024-02-14,325.0046277323954,350.71455643852204,318.88537822895364,347.015625,3702219,GICRE
2024-02-15,349.52728041611203,361.26341022197266,344.54967946446186,351.94757080078125,2508887,GICRE
2024-02-16,353.5458488689845,405.92470774476254,339.29806454124696,390.1699523925781,22169397,GICRE
2024-02-19,389.9872778838769,405.4223659774227,381.3564007490068,387.6583251953125,5255764,GICRE
2024-02-20,388.1606357600581,395.8781936670263,370.80757204372605,372.22320556640625,3618445,GICRE
2024-02-21,374.4608602023663,410.49131265611936,374.4608602023663,388.34332275390625,16992674,GICRE
2024-02-22,397.2938566397007,401.12980847341396,375.6025253863837,392.3619384765625,4445645,GICRE
2024-02-23,397.2938237391907,398.8464774176614,381.4477311719171,384.64434814453125,2548586,GICRE
2024-02-26,384.5073589583293,392.4989014544941,364.7796599076248,367.0629577636719,3183867,GICRE
2024-02-27,368.98093426476225,387.61263923238664,368.4329372037728,372.17755126953125,4023111,GICRE
2024-02-28,375.3741704286796,378.8447720477179,349.8012342437574,354.45916748046875,3314308,GICRE
2024-02-29,356.19444120838045,363.3183188836335,341.76401089295547,347.152587890625,2985549,GICRE
2024-03-01,351.6278963342833,360.25877402958645,348.1116117964824,353.86553955078125,1862048,GICRE
2024-03-04,356.19449686959797,373.5475621017066,349.2532652022964,364.6883544921875,2751405,GICRE
2024-03-05,364.41435406445333,364.41435406445333,354.8701574519447,358.1124572753906,1245283,GICRE
2024-03-06,353.50018386495356,355.920502033569,333.3615067305578,340.6680603027344,2561704,GICRE
2024-03-07,343.773334499335,343.773334499335,331.9915226270556,335.0511474609375,1758170,GICRE
2024-03-11,337.8367338735949,346.6046029211567,322.3559916522674,325.41558837890625,2343167,GICRE
2024-03-12,326.05493333157915,327.0139072806979,306.875231370898,313.5424499511719,3090554,GICRE
2024-03-13,315.049473211691,322.35602690498627,284.4075969370598,289.88751220703125,4205429,GICRE
2024-03-14,289.88749316845815,314.63844775341687,281.34795352580176,308.7475280761719,4047339,GICRE
2024-03-15,306.8295646458864,309.6151767687851,288.15217778923807,304.82025146484375,3772573,GICRE
2024-03-18,308.7931990538971,323.1322924684341,301.85196818975095,305.1855773925781,2795442,GICRE
2024-03-19,306.05324962444087,309.4325137216735,296.7373832403425,298.2443542480469,1108292,GICRE
2024-03-20,301.2126704788893,308.2452396888551,292.7644676133429,300.6190185546875,1331688,GICRE
2024-03-21,305.1399733467438,313.90784390358453,305.1399733467438,309.34124755859375,1527056,GICRE
2024-03-22,307.78855561728267,315.4147761454624,304.13527899274516,306.14459228515625,1562974,GICRE
2024-03-26,306.87520773830977,311.3961482869404,297.3766949780098,298.7466735839844,1674115,GICRE
2024-03-27,299.20334919943366,312.3551389491509,299.20334919943366,302.6282958984375,2994563,GICRE
2024-03-28,303.5872823804323,312.30949705798486,298.9293491026956,301.1669921875,1494850,GICRE
2024-04-01,301.1669711042385,315.734421795572,299.97966743151403,314.638427734375,2379347,GICRE
2024-04-02,316.46509827299053,330.0735485838647,308.2452255905752,309.5695495605469,3260034,GICRE
2024-04-03,311.1678559584574,318.8853863106359,310.7568511782992,311.9898376464844,1495006,GICRE
2024-04-04,315.14079360594945,320.0727398153208,304.6833049983774,311.1678771972656,1617370,GICRE
2024-04-05,312.1724858649604,315.55177799383915,306.4185861561014,312.1268310546875,1153254,GICRE
2024-04-08,315.323422494646,316.60206367324434,306.3729063721706,307.4232177734375,1079104,GICRE
2024-04-09,310.4828804462803,313.1315006137323,303.86131609150493,305.5052795410156,914212,GICRE
2024-04-10,303.2219860787194,305.36829185584327,297.9704004764524,300.6647033691406,1053976,GICRE
2024-04-12,299.52303586655535,303.63297217156946,295.00209478212406,296.55474853515625,867211,GICRE
2024-04-15,292.2621415966895,302.67397481661357,283.72260157245324,297.10272216796875,1799893,GICRE
2024-04-16,297.1026945539721,308.7018583694307,294.81939678496747,299.7969970703125,1274958,GICRE
2024-04-18,303.4959274457149,307.9712133580908,301.66928923569606,302.3542785644531,851630,GICRE
2024-04-19,299.5230033983336,299.5230033983336,292.3990978518318,296.46337890625,622768,GICRE
2024-04-22,300.48202837318877,303.86132069225965,298.92937452447165,300.6647033691406,494016,GICRE
2024-04-23,303.5872911798685,304.5919478567023,298.65537316084453,299.3403625488281,666143,GICRE
2024-04-24,302.30867362478034,305.0486313917723,297.28541771862837,298.7923889160156,889959,GICRE
2024-04-25,300.25368768283244,307.9255634058217,298.4727040898661,302.4456481933594,1140025,GICRE
2024-04-26,303.99828949976444,315.0951117747658,300.48200514173317,311.5331726074219,2626954,GICRE
2024-04-29,316.9217358315009,329.70820355957295,315.14075239189003,323.0409851074219,4545321,GICRE
2024-04-30,324.2282934568247,324.6392982171641,314.3187752513627,315.9170837402344,1031437,GICRE
2024-05-02,317.83507039835166,318.2917299822573,310.52851705586085,311.670166015625,841645,GICRE
2024-05-03,314.5471020053908,316.96739211933794,304.95725116454173,310.52850341796875,1135166,GICRE
2024-05-06,313.17712571613805,313.17712571613805,299.84266077497676,303.130615234375,739022,GICRE
2024-05-07,303.2219701760769,303.2219701760769,292.90147450875884,296.7830810546875,678793,GICRE
2024-05-08,296.5090637207031,301.03000477262526,294.0887734885009,296.5090637207031,574828,GICRE
2024-05-09,298.7010152351947,298.7010152351947,292.26212641160436,293.1754455566406,456557,GICRE
2024-05-10,296.78304200859316,296.78304200859316,289.06548474253987,293.632080078125,720245,GICRE
2024-05-13,293.6321236756099,296.783086073922,289.4765324521339,294.8194274902344,467900,GICRE
2024-05-14,297.6963878371534,303.2219575410186,296.1437341345641,300.93865966796875,447494,GICRE
2024-05-15,302.30864189796785,317.0130859454083,300.7103333682958,311.44183349609375,1881986,GICRE
2024-05-16,313.2684966486258,313.6338187670523,306.50993990471716,308.3365783691406,581684,GICRE
2024-05-17,308.24520839781076,314.5927875418809,306.8752296938205,313.2228088378906,706837,GICRE
2024-05-21,310.5285251254302,316.92175946624786,310.5285251254302,314.8211364746094,717304,GICRE
2024-05-22,317.6067285348296,350.71454710963206,317.6067285348296,346.42193603515625,15605191,GICRE
2024-05-23,346.4219329008044,353.45450131094503,344.5039850364822,348.7052307128906,2484533,GICRE
2024-05-24,345.23464243452634,347.92894510508694,335.64479125578947,337.0604248046875,1715044,GICRE
2024-05-27,340.942012172861,344.32130402440265,331.6261739862893,332.9504699707031,1042944,GICRE
2024-05-28,334.04647688335103,337.2430938870194,322.90397217879143,326.28326416015625,909606,GICRE
2024-05-29,323.36063713970196,336.74078511873125,319.433375904375,324.2739562988281,1807066,GICRE
2024-05-30,325.9179605882406,328.3382508825973,321.8080242072345,325.23297119140625,968033,GICRE
2024-05-31,327.8815912847078,336.7407986326813,324.3196519956271,325.23297119140625,1176705,GICRE
2024-06-03,339.7547433264481,350.2122593438798,329.70823209905313,338.2477722167969,2487040,GICRE
2024-06-04,337.517089109659,337.88243907655664,289.7505075281635,319.3877258300781,4020914,GICRE
2024-06-05,315.27779938264985,324.0456414157675,305.5052727815294,315.23211669921875,1163710,GICRE
2024-06-06,319.6617063155437,339.1153932938313,319.6617063155437,329.3885498046875,2004781,GICRE
2024-06-07,329.3429010099401,338.20208030909606,326.96826557377324,332.49383544921875,808175,GICRE
2024-06-10,333.2701868676815,357.2448170447332,332.44820512178376,347.2439880371094,5674853,GICRE
2024-06-11,350.7145707109772,364.87101822665466,345.9652997503501,353.50018310546875,3866420,GICRE
2024-06-12,354.3678115717325,359.71073389282554,351.99317633210364,355.50946044921875,1673753,GICRE
2024-06-13,356.97078869429686,363.72934470378914,354.0481563198898,356.5597839355469,1736005,GICRE
2024-06-14,361.6744145810922,377.8401760787089,357.29049343205594,359.57379150390625,3871107,GICRE
2024-06-18,358.02113029233874,361.3090850225428,351.71923331828367,353.91119384765625,1148778,GICRE
2024-06-19,353.95686992816627,356.5598354073329,344.54969264954093,347.9746398925781,1121875,GICRE
2024-06-20,348.3399437651816,360.21309358535814,344.3669995970491,354.1395263671875,1639774,GICRE
2024-06-21,362.5877162200144,381.7674190931134,357.336130909523,371.0815734863281,5735000,GICRE
2024-06-24,369.8942596886292,374.4608554872542,361.03505269038106,362.4507141113281,1718509,GICRE
2024-06-25,363.5010154414174,364.7796566549447,353.180520373026,356.5141296386719,808013,GICRE
2024-06-26,358.43211460777746,358.43211460777746,350.71455657587717,352.1758728027344,689058,GICRE
2024-06-27,352.5411980418946,369.8942621942158,340.25704411146734,344.7323303222656,2938327,GICRE
2024-06-28,345.5999799221385,353.4545306215192,343.6363492153659,345.9196472167969,991346,GICRE
2024-07-01,349.2989289630531,357.9297784270076,344.3669831296057,350.12091064453125,1540642,GICRE
2024-07-02,354.3221711860377,354.3221711860377,345.41730957922766,349.1618957519531,590810,GICRE
2024-07-03,350.3035529086479,355.23549867385174,347.9746001979707,352.3128662109375,816057,GICRE
2024-07-04,354.3678622907547,358.8888036415764,349.84692093993306,352.0845642089844,1620511,GICRE
2024-07-05,355.098509309496,378.1141653029393,353.63722082354957,367.70233154296875,6266764,GICRE
2024-07-08,370.6249137892502,386.1970226028056,359.16276917677123,381.17376708984375,4776334,GICRE
2024-07-09,386.7906451801089,388.1606238525296,373.86718527806454,381.26507568359375,3244522,GICRE
2024-07-10,380.8997264865954,381.2193937519111,363.6836834339174,376.2418212890625,2649947,GICRE
2024-07-11,378.06849565172854,388.98264341635684,373.73022943264806,376.6985168457031,3188126,GICRE
2024-07-12,378.9361133961124,379.8037777458523,366.3323201541051,367.6566162109375,1563552,GICRE
2024-07-15,369.89426315127486,377.6574760816103,359.8934071097507,372.9538879394531,1746345,GICRE
2024-07-16,375.2828424192409,396.3805208792048,373.86720885073083,380.8997497558594,6919474,GICRE
2024-07-18,380.9454127428691,385.37501607509887,369.8942457521138,371.4468994140625,2109331,GICRE
2024-07-19,371.72088854244765,372.58855287100744,349.43590718708776,351.4908752441406,2209715,GICRE
2024-07-22,350.7145593869732,360.8524076937107,347.10693753603016,357.564453125,1199506,GICRE
2024-07-23,357.6101213161272,360.39576159720366,324.4109907213419,343.2710266113281,2278913,GICRE
2024-07-24,337.9281123111705,352.4042275616612,337.8824574989636,344.138671875,1119715,GICRE
2024-07-25,343.40797717942786,350.25787034125153,338.2933847108088,339.8916931152344,1237321,GICRE
2024-07-26,340.6680705991645,397.0198778766826,337.51710812701197,374.91754150390625,26092512,GICRE
2024-07-29,377.10948677640755,382.49806440580073,367.06297571838013,368.5242919921875,3335028,GICRE
2024-07-30,369.8029219806054,393.27523552064247,366.14964534385496,377.7488098144531,7207516,GICRE
2024-07-31,380.3974258766058,401.86042589605415,374.14118412626635,392.68157958984375,9191676,GICRE
2024-08-01,396.5631716364791,404.14370915648806,374.14117059719297,376.2418212890625,5585395,GICRE
2024-08-02,366.24097263097855,381.4934133134034,366.24097263097855,374.3238525390625,2493549,GICRE
2024-08-05,365.32766539890997,365.32766539890997,348.88792045595903,352.4498596191406,2152573,GICRE
2024-08-06,358.8887927969595,364.8253676301756,341.58138271120555,343.5450134277344,1771582,GICRE
2024-08-07,351.6278607881832,357.610089868262,346.1936008816326,356.1031188964844,1379332,GICRE
2024-08-08,356.0574761264181,371.72089397113734,351.993194760865,357.1534423828125,2694746,GICRE
2024-08-09,363.5923740722942,365.099345157021,352.95221111372075,355.7378234863281,1165288,GICRE
2024-08-12,361.3547259975072,371.72090420773355,354.4591773754932,363.09002685546875,1839171,GICRE
2024-08-13,363.0900195163976,367.61096048997234,352.2215271285431,354.6875,829943,GICRE
2024-08-14,358.75174433197924,359.5737538495979,343.68197863586227,346.42193603515625,1198441,GICRE
2024-08-16,351.5365224350896,353.45449815457187,348.3399055267149,350.988525390625,691786,GICRE
2024-08-19,351.8562058097495,367.8392910833916,351.8562058097495,364.96234130859375,1393872,GICRE
2024-08-20,365.32768281337337,375.7395161990965,363.77502901250045,371.6752624511719,1427269,GICRE
2024-08-21,372.5428913432999,388.34333002469583,370.71625296664996,376.3331604003906,3420577,GICRE
2024-08-22,377.20080101519306,379.66677381723423,370.35090753428767,371.72088623046875,850911,GICRE
2024-08-23,372.77123480621617,380.4887933794046,370.0769598252589,372.3145751953125,816789,GICRE
2024-08-26,376.28748741851996,377.2008065627397,371.2185773170159,372.17755126953125,634294,GICRE
2024-08-27,371.72087375887446,387.1559609768617,371.675218952782,378.3880920410156,2452845,GICRE
2024-08-28,379.027454396816,388.9826277450697,377.47480066362425,380.6257629394531,1646919,GICRE
2024-08-29,382.1784035340947,383.4113620696254,366.5149580568979,369.30059814453125,1453304,GICRE
2024-08-30,372.1319095737518,380.16910717717025,370.6249106348577,373.3648681640625,939912,GICRE
2024-09-02,376.1961589038629,389.0739647190207,369.16361804898173,385.6033630371094,3633746,GICRE
2024-09-03,388.160637903882,391.9965894744358,380.5801001243216,385.10101318359375,1541305,GICRE
2024-09-04,369.84861599280754,371.72090917758715,362.90738459586885,363.3640441894531,7151584,GICRE
2024-09-05,362.58771458727165,364.3230154554229,361.08074351420055,363.1357116699219,2545936,GICRE
2024-09-06,362.17670868309233,363.86635473589905,348.38561140088774,350.2122497558594,2285186,GICRE
2024-09-09,353.0891939084284,372.5428809269044,348.9792576758809,367.7479553222656,6869237,GICRE
2024-09-10,367.83931815879794,369.84863160429865,360.8067489718363,362.1310729980469,1563849,GICRE
2024-09-11,363.5364739162475,367.89328418650524,359.2733643321809,360.7724609375,999957,GICRE
2024-09-12,362.5995354244309,370.5636079079132,361.66258572049173,368.1275329589844,1199678,GICRE
2024-09-13,370.0951439472502,370.65731950484474,366.5347464048792,368.64288330078125,743848,GICRE
2024-09-16,370.0951232910156,372.34379680245127,367.00320078697104,370.0951232910156,738416,GICRE
2024-09-17,366.44103263657814,370.8446790614784,366.394167995613,369.20501708984375,714284,GICRE
2024-09-18,369.15815158874494,371.87529977769117,367.84642783478125,370.1419372558594,962043,GICRE
2024-09-19,372.0158788271365,372.25011625961633,355.38502112106653,359.7886962890625,1239142,GICRE
2024-09-20,361.1003959597838,371.8753171307812,359.0859598943277,368.8302307128906,1251238,GICRE
2024-09-23,371.0320675740984,379.9330893972144,368.9239308265183,372.859130859375,1846324,GICRE
2024-09-24,373.0933672545645,374.12398900914616,369.3455686024581,371.92218017578125,568987,GICRE
2024-09-25,372.71855189881245,376.3726783356788,368.221205105885,372.9527893066406,2018952,GICRE
2024-09-26,369.15817024863185,376.9817057175119,362.97429670344496,374.7330322265625,2315019,GICRE
2024-09-27,374.73303509674884,378.3871331217087,369.9077213810313,375.9978942871094,949022,GICRE
2024-09-30,373.8429106918827,373.8429106918827,366.39414953019707,370.65728759765625,1118749,GICRE
2024-10-01,367.2842807802665,374.21770281100277,367.2842807802665,369.8140563964844,638463,GICRE
2024-10-03,361.6625952689558,368.40864475279795,357.3526207983586,359.3202209472656,506320,GICRE
2024-10-04,358.85172503879477,362.5995237337169,351.4498283350105,360.3039855957031,493514,GICRE
2024-10-07,361.6157349149173,362.83375804295554,339.17577898398946,340.2532653808594,742661,GICRE
2024-10-08,340.30013096007053,348.35787523261126,335.6622186646643,345.6875915527344,496636,GICRE
2024-10-09,351.0281944006413,365.87885265340384,347.3272602942673,364.9887390136719,1298591,GICRE
2024-10-10,364.9887338626173,367.14373526765775,361.4751725871072,364.8013610839844,514706,GICRE
2024-10-11,362.4121316197164,369.2518815687373,359.0859716303774,365.78515625,368902,GICRE
2024-10-14,367.75276047786696,380.02680737428676,365.9725617509288,374.4988098144531,2041505,GICRE
2024-10-15,378.2934579231361,379.46464509936874,369.6735088686893,370.8446960449219,422563,GICRE
2024-10-16,370.8446715970158,375.20151048012644,368.03382255936253,370.0951232910156,329035,GICRE
2024-10-17,371.5942497858206,373.5149851975076,365.4103761628393,368.0806884765625,412005,GICRE
2024-10-18,364.33287763027283,365.1292905525725,356.97781714880875,363.2085266113281,319987,GICRE
2024-10-21,367.050039347517,368.6897012973783,356.04088054130557,358.1490173339844,324610,GICRE
2024-10-22,353.74534116129433,357.44630384423783,337.30188567215106,339.50372314453125,512954,GICRE
2024-10-23,339.2226096991709,344.5632341471185,328.11977920983026,338.5198974609375,617935,GICRE
2024-10-24,339.17580142235056,342.9236003330947,335.14692903067515,337.25506591796875,317633,GICRE
2024-10-25,336.36493414328515,343.9073676080099,325.121538015933,326.7611999511719,712402,GICRE
2024-10-28,329.9468128639186,340.5811970886755,325.1683639398611,337.58294677734375,418226,GICRE
2024-10-29,338.9415347119031,342.6893332989041,331.1179994428517,341.6118469238281,342500,GICRE
2024-10-30,341.8929477759836,352.80840631658083,340.11274902319957,348.5921325683594,400677,GICRE
2024-10-31,349.482241944211,351.7777801718356,343.251532089362,345.9218444824219,317716,GICRE
2024-11-01,351.3561447131183,351.3561447131183,338.988396981842,347.6551818847656,54464,GICRE
2024-11-04,347.6551812220075,348.6389955813905,338.3793847379515,340.34698486328125,193118,GICRE
2024-11-05,341.7992493773386,350.8876731773851,338.05145046489656,347.5146484375,242712,GICRE
2024-11-06,349.1542951190135,362.41212747050884,348.170509385102,358.61749267578125,364928,GICRE
2024-11-07,358.38326343683684,359.78868799933423,350.55972765358075,351.8246154785156,330401,GICRE
2024-11-08,351.8246324688458,352.6678815283792,341.0497103026894,341.6587219238281,262550,GICRE
2024-11-11,342.4551227766401,350.8876702595122,336.3649495945658,344.70379638671875,376249,GICRE
2024-11-12,351.3561244024161,352.1056726971008,341.8929270664908,343.20465087890625,323738,GICRE
2024-11-13,342.45509820323497,343.20464648833075,326.05847927421553,326.71435546875,423260,GICRE
2024-11-14,329.75944747306653,340.6280407597452,326.0584848427931,331.8675842285156,822267,GICRE
2024-11-18,330.0405147377793,339.64424866556425,329.99367869257844,335.5685119628906,605534,GICRE
2024-11-19,338.37937077585656,350.9344907529383,337.30188436393655,347.889404296875,766042,GICRE
2024-11-21,347.93627101411386,350.1381084910997,335.4279870089209,343.3920593261719,527466,GICRE
2024-11-22,345.4533457233827,355.9003285517233,342.0334566426579,354.96337890625,810370,GICRE
2024-11-25,358.66432846939466,372.81227445086176,356.9778304714705,369.4861145019531,1565006,GICRE
2024-11-26,371.3131345007884,377.8717820444854,367.3779631306307,373.14019775390625,1218059,GICRE
2024-11-27,374.7798845450395,378.0592085348086,370.0951359882265,370.9383850097656,694619,GICRE
2024-11-28,370.46989667341074,377.8717934051475,367.846449014432,372.5780334472656,732644,GICRE
2024-11-29,372.5780574239831,381.99441944257217,372.0627465056972,374.4051208496094,915543,GICRE
2024-12-02,374.6861673430059,381.6195891828499,372.0158550646144,377.6844177246094,703431,GICRE
2024-12-03,379.4177922664513,383.63406591438525,377.6844296036135,381.0105895996094,593706,GICRE
2024-12-04,382.8376545696981,391.3170379490189,382.08807765083486,385.83587646484375,1198494,GICRE
2024-12-05,388.3188085686404,392.30084473176714,382.5565451284265,386.7259826660156,792778,GICRE
2024-12-06,388.0845655696848,392.581912557794,385.64849070386117,387.9440002441406,753376,GICRE
2024-12-09,390.5206151499327,394.690052662915,386.3043415903289,387.803466796875,755636,GICRE
2024-12-10,388.880945304256,402.7946534867742,385.08631061513034,399.0937194824219,1890746,GICRE
2024-12-11,399.32796812860147,413.3822134368333,393.5657046774782,398.53155517578125,2697718,GICRE
2024-12-12,402.60728530492685,407.5262710805951,394.69004914290593,403.30999755859375,1488115,GICRE
2024-12-13,406.4487725926889,406.4487725926889,391.45757723888295,402.9352111816406,1030397,GICRE
2024-12-16,404.7622699697521,419.05075287956396,404.2937951202501,414.55340576171875,2891649,GICRE
2024-12-17,415.06871985250723,422.4706168129054,405.7929234796824,412.86688232421875,1414431,GICRE
2024-12-18,412.25785961643,431.7464015427417,410.9929718284653,421.3462829589844,3911665,GICRE
2024-12-19,416.38044051871526,418.7228147662254,408.4632327181924,414.55340576171875,1286473,GICRE
2024-12-20,416.00564374181323,492.3670400592857,410.7118839489207,469.4117736816406,43928862,GICRE
2024-12-23,469.3649561158082,469.3649561158082,423.03278275738694,450.25115966796875,13192115,GICRE
2024-12-24,453.48363905690337,457.1377370413609,436.8059464132589,439.335693359375,3495482,GICRE
2024-12-26,434.74465249039037,486.0894836316228,430.99685376202495,436.1032409667969,16322239,GICRE
2024-12-27,436.10323359243847,453.3899377786507,427.4364491796458,443.3645935058594,5569520,GICRE
2024-12-30,443.1771792453568,443.36458061052963,414.1317404364645,416.75518798828125,2379196,GICRE
2024-12-31,413.19481219719415,441.30330282285365,405.9802881659008,416.2398986816406,4979936,GICRE
2025-01-01,419.1912916700782,441.49071177172,416.3804425592908,429.6382751464844,4589823,GICRE
2025-01-02,430.0599022532488,432.5428131815577,422.1426660358313,423.3607177734375,1391972,GICRE
2025-01-03,426.31208246693507,434.2761543371965,423.5949342534149,428.84185791015625,1574485,GICRE
2025-01-06,430.0598896526994,430.90313861960607,404.2469382144045,407.61993408203125,1366307,GICRE
2025-01-07,409.54070416098585,428.6544716022689,409.54070416098585,424.1102600097656,2584907,GICRE
2025-01-08,422.56430306994395,432.355438602841,414.22545668813757,418.5354309082031,1300871,GICRE
2025-01-09,418.53545331504125,445.9412327529677,413.3353651887062,435.5879211425781,6269185,GICRE
2025-01-10,431.60584476514,434.416693677441,399.42161900060614,402.4667053222656,2268906,GICRE
2025-01-13,389.7710674046889,404.38748815105174,379.9330957514456,381.90069580078125,1910671,GICRE
2025-01-14,388.83410808428187,398.9063169081518,383.399811505056,396.61077880859375,1981825,GICRE
2025-01-15,398.8126424668896,401.29555350537794,386.4917593716679,388.97467041015625,934201,GICRE
2025-01-16,392.58193200521833,411.64886449313275,392.58193200521833,403.2631530761719,2331850,GICRE
2025-01-17,402.4667122054308,416.23988354863434,400.077502026487,410.1028747558594,1244210,GICRE
2025-01-20,412.21102685059316,425.3751585352914,408.0415892998225,423.0796203613281,1269927,GICRE
2025-01-21,423.78234193561275,429.77884294785235,404.9028110182935,407.4325866699219,1361279,GICRE
2025-01-22,410.85241970634894,414.7876196563033,390.7548383654378,396.42340087890625,927668,GICRE
2025-01-23,398.9531675365324,413.66328914274254,395.58017151906364,411.7425537109375,974662,GICRE
2025-01-24,411.3209074846583,412.96056941654473,388.97465200854737,393.8468017578125,764820,GICRE
2025-01-27,390.6611843854609,390.6611843854609,370.04829122115365,373.8429260253906,1128507,GICRE
2025-01-28,376.6537760973819,381.1511231805735,358.80489590626075,366.8626403808594,1149835,GICRE
2025-01-29,371.07891058940606,381.7132952122818,367.51851323066404,379.41778564453125,561879,GICRE
2025-01-30,380.40158252716003,388.4124911159118,372.8591487937373,375.4357604980469,556886,GICRE
2025-01-31,380.35474174343113,392.30085040558714,375.85736603220516,385.5079650878906,1026769,GICRE
2025-02-01,385.5079508769103,395.2522216685434,376.3258270092018,378.76190185546875,1188621,GICRE
2025-02-03,361.990511058654,376.1384568074523,350.4191769047436,363.8644104003906,2541231,GICRE
2025-02-04,365.3166622924056,385.9764192013376,365.3166622924056,376.0915832519531,1740019,GICRE
2025-02-05,379.1366833006159,385.6016303911052,376.6537723607062,382.3691711425781,849690,GICRE
2025-02-06,387.1476277068853,394.9242987841212,383.0250261496928,389.39630126953125,1408561,GICRE
2025-02-07,390.70802806946426,398.43786315716955,387.8971789466624,392.2071533203125,1277063,GICRE
2025-02-10,393.14406947384896,393.14406947384896,372.718550435371,376.04473876953125,507807,GICRE
2025-02-11,375.9979156350301,376.6069558349652,355.10394806987637,356.8373107910156,455546,GICRE
2025-02-12,359.74183867241595,363.3022359952794,341.7523934991055,353.9327392578125,817666,GICRE
2025-02-13,355.0571106991041,371.87534115288,355.0571106991041,362.2716064453125,1169135,GICRE
2025-02-14,364.47341750319913,366.67525492145546,342.174027047061,345.828125,600123,GICRE
2025-02-17,346.62454206182684,348.4984414029511,333.5540827201115,338.7073059082031,780752,GICRE
2025-02-18,340.44067647638053,359.78868190712615,330.2747665944322,354.1201477050781,1172789,GICRE
2025-02-19,353.8859207160468,362.0373661247837,349.294844212848,359.46075439453125,705746,GICRE
2025-02-20,352.57416011578255,367.0500443952941,352.57416011578255,362.8337707519531,389517,GICRE
2025-02-21,362.8806048188743,370.00142820744907,357.91478288119526,360.9598693847656,461664,GICRE
2025-02-24,359.3202201039289,368.22124250546034,353.8859231277369,365.2229919433594,461802,GICRE
2025-02-25,366.7220984977294,369.0644726943085,358.0084779238294,366.6752624511719,355286,GICRE
2025-02-27,364.52026794757484,368.6428694864893,360.02292084222256,365.3166809082031,487989,GICRE
2025-02-28,360.72564332817814,361.5220563113562,343.81371226666016,345.6407470703125,501590,GICRE
2025-03-03,350.70025182087437,350.70025182087437,330.7432351861118,340.11273193359375,537965,GICRE
2025-03-04,328.8693319109896,359.320195976822,328.8693319109896,358.1021728515625,845540,GICRE
2025-03-05,358.33640137315024,368.2212086410256,354.86967626663727,366.90948486328125,1171167,GICRE
2025-03-06,367.4248144188936,371.0320764362666,361.4751781815947,365.45721435546875,463923,GICRE
2025-03-07,363.6770114242276,367.5185108187769,356.36881538069287,358.28955078125,389877,GICRE
2025-03-10,357.9147977040957,359.78869716851506,349.81018823916935,353.88592529296875,225229,GICRE
2025-03-11,349.4822225349312,355.01021980004083,345.68758785630905,351.73089599609375,280544,GICRE
2025-03-12,352.7147241509671,360.86616934211855,350.84082476080323,355.0570983886719,337656,GICRE
2025-03-13,355.1976270299326,365.5509094872811,346.99931738479046,360.3039855957031,485463,GICRE
2025-03-17,359.78866187825406,369.15815828133356,356.55617418181805,366.90948486328125,650489,GICRE
2025-03-18,366.90948486328125,366.90948486328125,366.90948486328125,366.90948486328125,0,GICRE
2025-03-19,378.62138573745943,396.1423282605639,376.7006216646977,392.0666198730469,1053132,GICRE
2025-03-20,394.3621292329497,396.70450351990405,381.8070087735615,383.680908203125,1204255,GICRE
2025-03-21,383.680915238156,421.0652038247249,383.680915238156,417.27056884765625,3601721,GICRE
2025-03-24,416.0056554549498,423.548088896883,407.5731083849171,414.0380554199219,1534287,GICRE
2025-03-25,415.06871350218034,417.176850308907,389.1151955997714,400.40545654296875,1558810,GICRE
2025-03-26,400.0775041901293,407.5731014583284,390.0052953609867,393.6593933105469,504665,GICRE
2025-03-27,390.61431041120545,395.06482132897224,388.13139951261195,390.5674743652344,769770,GICRE
2025-03-28,390.8017311757171,401.2487147613835,390.8017311757171,394.5495300292969,499764,GICRE
2025-04-01,391.2233501678963,395.1117144404708,385.0863408448482,388.2251281738281,337794,GICRE
2025-04-02,388.0377069144791,395.7207057805432,381.3853584221702,393.5657043457031,453299,GICRE
2025-04-03,390.9890863496888,406.9172307598975,390.5674761537148,401.7640075683594,814135,GICRE
2025-04-04,401.014482231845,403.1226191127367,376.7474900771566,379.511474609375,537019,GICRE
2025-04-07,348.17051496124975,364.47343405639623,345.12542842993025,360.8193359375,557506,GICRE
2025-04-08,370.704142108658,376.6537784066542,362.3652955193371,373.702392578125,380401,GICRE
2025-04-09,370.5635981306245,371.59424849645103,364.14548710929586,370.0951232910156,222984,GICRE
2025-04-11,381.7132995381164,381.7132995381164,370.14196510091796,372.2969665527344,288545,GICRE
2025-04-15,374.6861807118544,387.6629398240474,374.6861807118544,385.83587646484375,514816,GICRE
2025-04-16,382.3223006374887,393.9873354429107,382.3223006374887,391.03594970703125,448030,GICRE
2025-04-17,392.4881955687682,410.94611477735884,390.7548330289266,402.1387939453125,2329842,GICRE
2025-04-21,401.9514032703637,402.7946522438524,395.11168220453544,401.108154296875,495700,GICRE
2025-04-22,401.951438054314,404.38751309454267,399.140588837151,400.3586120605469,433353,GICRE
2025-04-23,402.37306596062916,405.69922600668133,390.7548666367282,397.9693908691406,701925,GICRE
2025-04-24,397.17294194636935,404.6685389770852,392.5818944837426,399.1873779296875,1180928,GICRE
2025-04-25,399.6090408039984,416.6615365148374,395.0648291113386,401.01446533203125,4089576,GICRE
2025-04-28,395.86125038873286,403.2631473400362,389.02152897915397,401.0613098144531,793630,GICRE
2025-04-29,401.4829609192071,410.6650568727501,397.21985106794136,406.4019470214844,755528,GICRE
2025-04-30,406.6361486003796,425.18774025583434,382.4159943993891,390.8485412597656,3442275,GICRE
2025-05-02,388.9278221514217,404.7154301512256,388.9278221514217,396.5171203613281,741356,GICRE
2025-05-05,400.31175256918743,403.8253138848913,394.45581704301446,400.5459899902344,410308,GICRE
2025-05-06,400.5460020553234,407.8541983747479,380.40158323850596,382.74395751953125,699538,GICRE
2025-05-07,382.74392255934026,391.27016988216405,380.4015484922696,384.8988952636719,624207,GICRE
2025-05-08,389.6773736515817,393.0035622353047,372.905979777271,377.12225341796875,532864,GICRE
2025-05-09,371.4537230411497,374.2645721641446,363.95812537983,369.532958984375,530352,GICRE
2025-05-12,388.9277976365087,388.9277976365087,381.80697472057926,387.8503112792969,424718,GICRE
2025-05-13,384.19621375975964,394.26842305342916,384.19621375975964,389.8647766113281,684221,GICRE
2025-05-14,393.3314630489232,394.1747406331463,388.50617793005796,391.3638916015625,470755,GICRE
2025-05-15,393.5188415922075,396.2359897797527,388.8340934780145,393.89361572265625,413561,GICRE
2025-05-16,392.2071665520954,409.91551090448155,390.75487730025736,408.74432373046875,1041257,GICRE
2025-05-19,408.51007164570905,418.62911702891654,400.17122498447236,406.02716064453125,1345688,GICRE
2025-05-20,407.4325686167847,417.87955169035666,401.06129372194715,404.85595703125,1388755,GICRE
2025-05-21,404.6217273883135,410.102888766992,398.2036163241664,408.93170166015625,637801,GICRE
2025-05-22,408.55689984547297,408.55689984547297,391.9729075308166,394.0341796875,628934,GICRE
2025-05-23,391.64498589624895,408.041606119178,391.64498589624895,400.1712341308594,980959,GICRE
2025-05-26,404.1063913485447,407.9010547630873,401.95141849097894,404.2937927246094,542011,GICRE
2025-05-27,404.76226432517785,408.3226616943678,388.83411966423336,390.1458435058594,1124570,GICRE
2025-05-28,392.34769552656746,398.8595075225322,384.14938547078845,386.0232849121094,1403689,GICRE
2025-05-29,387.9908664151821,390.4737773370305,381.3853540456213,382.9781799316406,608722,GICRE
2025-05-30,381.4322249256467,389.63053472191524,373.8429267098426,385.64849853515625,1652374,GICRE
2025-06-02,383.6340829389256,386.3512314694859,380.4015948946871,382.6502685546875,432306,GICRE
2025-06-03,384.47730000942437,385.46108571840193,376.2321258172762,378.2934265136719,442394,GICRE
2025-06-04,379.88626630050345,382.18177590338814,371.96902991900924,373.702392578125,717133,GICRE
2025-06-05,373.3744746086549,384.75840832910217,372.90599973461644,373.6555480957031,905239,GICRE
2025-06-06,375.2015305447757,378.9024648195397,371.5005676765752,374.545654296875,744558,GICRE
2025-06-09,376.60692102924617,384.992603191129,376.2789829349974,382.1349182128906,878346,GICRE
2025-06-10,384.9457960367676,386.4449212991056,379.69887191530256,383.680908203125,543581,GICRE
2025-06-11,385.929570172908,397.8756786764716,376.23213519838697,379.2772216796875,3231660,GICRE
2025-06-12,379.08985356061686,382.978189088949,368.17439529670764,369.20501708984375,822487,GICRE
2025-06-13,362.5995223823635,368.595994553204,359.88237405735833,366.8157958984375,749968,GICRE
2025-06-16,368.6428770082949,368.9707865339776,357.07154230294896,362.5527038574219,561205,GICRE
2025-06-17,361.66257226508725,366.30048456440977,354.3543762836329,355.47869873046875,804452,GICRE
2025-06-18,357.4463217648922,358.4301075433842,346.6713998768286,347.9831237792969,734399,GICRE
2025-06-19,349.85703318371634,356.6967835588135,344.8443462702569,347.5615234375,711755,GICRE
2025-06-20,348.5452999128647,355.5255868458061,345.26597585454476,353.4174499511719,861673,GICRE
2025-06-23,349.4822338169289,354.2606829470539,349.4822338169289,352.7147216796875,360294,GICRE
2025-06-24,355.0570867825176,362.5995201440048,355.0570867825176,357.024658203125,1890058,GICRE
2025-06-25,358.3832488487488,378.9024409072843,358.3832488487488,360.4445495605469,3336076,GICRE
2025-06-26,362.59952066085293,366.81579415690936,355.338160750978,357.4931335449219,951678,GICRE
2025-06-27,360.7256451135133,364.0049691599998,358.94544634982225,362.2716064453125,682155,GICRE
2025-06-30,364.3328750247694,364.3328750247694,357.4462894182089,360.86614990234375,804904,GICRE
2025-07-01,361.6625748285993,365.08243542629674,356.50935161212965,357.8210754394531,700395,GICRE
2025-07-02,358.8517303973001,359.6949793975623,353.32373295843087,355.6661071777344,599697,GICRE
2025-07-03,356.7904309538973,356.9309962823187,353.230033564888,353.65167236328125,893283,GICRE
2025-07-04,354.16695536345514,357.68051642856875,353.2300057460915,355.9940185546875,371809,GICRE
2025-07-07,356.41564737967394,356.7435854816007,352.62101266812994,354.541748046875,495890,GICRE
2025-07-08,354.63547075826443,355.9940592962982,349.95072213530193,351.0750732421875,462273,GICRE
2025-07-09,349.85701243947665,352.0120139066355,347.13986402678006,349.0137634277344,657429,GICRE
2025-07-10,351.1687136210763,354.5417380436329,350.13809189186316,353.0894775390625,469998,GICRE
2025-07-11,351.730899280194,353.74533534559765,348.5921121769939,351.5903625488281,493638,GICRE
2025-07-14,352.1056694075116,359.17965646878474,350.41917146351017,358.711181640625,1154248,GICRE
2025-07-15,359.22648475971766,363.4427581221403,357.96159703230416,361.0066833496094,1214002,GICRE
2025-07-16,361.006721455982,373.0933959121596,359.92923497942576,368.5023193359375,1281867,GICRE
2025-07-17,368.7834256769229,370.0483135524792,361.1941270170218,362.4590148925781,469513,GICRE
2025-07-18,362.5995131548713,364.8013505425864,356.97781527650125,358.38323974609375,491665,GICRE
2025-07-21,357.1183725398523,358.8048991564027,354.26068739139805,356.9309997558594,466377,GICRE
2025-07-22,358.80490346175856,364.0986636131269,355.3381780917814,359.6012878417969,581369,GICRE
2025-07-23,358.75803071173135,359.92921782465385,355.3381700606847,356.6030578613281,235454,GICRE
2025-07-24,356.9778207984173,360.5850827115239,355.3849949375335,357.16522216796875,246558,GICRE
2025-07-25,357.1652037724421,357.8679159819156,349.1542674283843,350.0912170410156,302760,GICRE
2025-07-28,352.1993761366466,353.183190448728,345.7344291157704,347.093017578125,288112,GICRE
2025-07-29,349.48222882078505,350.88765333346913,344.703779758972,348.02996826171875,297443,GICRE
2025-07-30,350.4191888644521,366.20679707609656,350.4191888644521,357.8679504394531,3253435,GICRE
2025-07-31,356.97782166200994,369.7671788453872,353.13632232438806,367.4248046875,2141966,GICRE
2025-08-01,370.9852497114439,371.0320857596452,357.9147897984456,359.6012878417969,491653,GICRE
2025-08-04,359.6481350995162,360.7256214969891,355.5723983327464,359.03912353515625,268513,GICRE
2025-08-05,359.3201781809118,369.11131311760846,358.10215511597687,358.9454040527344,1126612,GICRE
2025-08-06,359.92922252279254,364.66083567682216,354.4949256852727,356.32196044921875,327779,GICRE
2025-08-07,356.4156534840235,359.50760459215854,350.3723451883036,353.7922058105469,502720,GICRE
2025-08-08,367.2842877115782,374.77988541997775,361.2878152635458,368.4554748535156,4416331,GICRE
2025-08-11,370.0951277597974,377.59072528404647,364.848203774136,374.3114013671875,1051714,GICRE
2025-08-12,375.6699809554114,375.7636530474969,367.8932815521883,369.2987060546875,585291,GICRE
2025-08-13,372.90597463426366,372.90597463426366,365.5509138882425,369.01763916015625,610523,GICRE
2025-08-14,370.14193474265556,371.07888435961553,360.72560252958135,361.89678955078125,621004,GICRE
2025-08-18,371.03206683553583,378.5745001911571,363.3022321097955,364.4734191894531,1527012,GICRE
2025-08-19,367.2842914029101,370.09514057180996,364.1923687544949,365.3635559082031,589653,GICRE
2025-08-20,365.59777667223364,368.502297806271,362.1310514179222,362.6463623046875,486405,GICRE
2025-08-21,366.34732423640105,372.9059719848788,358.0553138642814,358.7580261230469,2593820,GICRE
2025-08-22,359.50761280694684,361.19411083651346,354.3543894357385,356.7904357910156,916943,GICRE
2025-08-25,358.47696093162546,359.6949841042272,355.1039362930048,355.385009765625,588138,GICRE
2025-08-26,355.3849985346188,356.3219482049905,348.54527737827914,349.575927734375,717025,GICRE
2025-08-28,352.76156483455736,353.65167849395783,341.51816834580654,343.43890380859375,1231939,GICRE
2025-08-29,343.57945436337565,346.67137682743567,339.92532778693334,340.72174072265625,712750,GICRE
2025-09-01,342.40830113281976,348.96694945097033,341.19024928910073,347.42095947265625,624735,GICRE
2025-09-02,350.3255080617324,352.9489845346849,346.20293485387845,347.5615234375,987527,GICRE
2025-09-03,349.85701243947665,352.71472618199334,346.8119259129259,349.0137634277344,1453185,GICRE
2025-09-04,362.01149889702776,365.86268505550674,351.03562422180624,352.7686462402344,1713588,GICRE
2025-09-05,352.7686506149278,354.88681478124613,347.1362849118614,353.6833190917969,655091,GICRE
2025-09-08,353.34633004044997,357.19751619892895,348.147234602947,352.7686462402344,1093112,GICRE
2025-09-09,351.420750201185,354.0203127089858,349.2063298295175,352.3354187011719,498812,GICRE
2025-09-10,352.3835290572754,354.69423484678106,351.6614316616662,353.9721374511719,487318,GICRE
2025-09-11,353.34634702151646,357.4863605879541,353.201933410077,356.379150390625,547713,GICRE
2025-09-12,356.47542640963496,358.06403485750144,353.39446566414546,355.65704345703125,434233,GICRE
2025-09-15,356.23474406495285,361.4819973182573,354.8386772339722,360.3266296386719,625248,GICRE
2025-09-16,361.00057416533616,361.00057416533616,355.07935194283493,355.9458923339844,384225,GICRE
2025-09-17,356.5235629069038,358.2566143855137,351.46888084650976,352.2391357421875,1167046,GICRE
2025-09-18,354.4054378211969,354.79055058853953,349.78399646642356,350.84307861328125,620815,GICRE
2025-09-19,351.7577261449616,352.28725249566696,349.1100356269969,350.5060729980469,667132,GICRE
2025-09-22,357.67891574938136,357.7270438236472,349.11003239252904,349.5914306640625,1027641,GICRE
2025-09-23,352.38355139496633,355.6089258429217,349.4951616294338,350.0728454589844,649197,GICRE
2025-09-24,350.4098187605277,352.3835399499828,348.29165458171116,349.39886474609375,415494,GICRE
2025-09-25,349.4951682479563,351.805874227697,345.49956820641415,346.70306396484375,314325,GICRE
2025-09-26,346.5586312673383,348.72492351322666,341.79277657349627,346.31793212890625,522014,GICRE
2025-09-29,347.6658521448864,352.1909784575696,345.78838705435385,350.1209716796875,594361,GICRE
2025-09-30,349.49514198062354,355.6089058503922,348.5804735200734,354.9349365234375,715232,GICRE
2025-10-01,355.07935464784936,357.14939072889985,351.27632591795367,352.67236328125,287098,GICRE
2025-10-03,353.8277423639122,354.8386670177783,350.0728415866983,352.2872619628906,844857,GICRE
2025-10-06,353.39447452825686,367.6920096821154,353.0093617709658,366.8736267089844,2034405,GICRE
2025-10-07,365.86268548946765,376.453447437847,365.86268548946765,368.5103759765625,2086123,GICRE
2025-10-08,367.7401467325087,370.532250795693,358.40100862983127,360.2303161621094,694853,GICRE
2025-10-09,360.2303255087782,365.47757849125145,355.8977410072855,364.1296691894531,732871,GICRE
2025-10-10,364.4666187129967,376.35716186656015,362.1077848177171,369.5694580078125,1411197,GICRE
2025-10-13,365.8627093255112,371.63948894644034,362.82990590096756,370.82110595703125,914082,GICRE
2025-10-14,371.30249048889203,371.30249048889203,361.67452481106665,362.9261779785156,721913,GICRE
2025-10-15,363.16686946313206,370.0508589011852,363.16686946313206,368.4140930175781,496554,GICRE
2025-10-16,367.83642611749985,375.3943852390232,363.45571337801715,372.02459716796875,1127437,GICRE
2025-10-17,368.3178118529678,377.8976493668756,368.12527017052,369.3287658691406,1021421,GICRE
2025-10-20,369.7138747093419,375.49065400167535,366.87361313772374,373.6613464355469,510580,GICRE
2025-10-21,371.73576736937184,374.28717244334547,370.9173843956241,372.1208801269531,89748,GICRE
2025-10-23,371.35064130919244,377.2236767619173,371.0136566400478,373.6131896972656,696902,GICRE
2025-10-24,372.74667547924514,376.3571625129112,368.75107570509834,371.63946533203125,519329,GICRE
2025-10-27,370.86924170099303,373.5650602800232,366.82548445022894,371.5913391113281,423317,GICRE
2025-10-28,370.0989965234922,373.5650700602893,368.07711784517556,369.1361999511719,183414,GICRE
2025-10-29,369.13620995006886,373.0836818799524,368.847382723437,371.9283142089844,227189,GICRE
2025-10-30,370.6766663291769,372.1208611330568,367.11430739338573,368.5585021972656,196901,GICRE
2025-10-31,368.55849954391726,369.328754396439,359.02681978337455,360.2784729003906,560731,GICRE
2025-11-03,360.27847488905087,366.0070966388223,358.64170902784844,365.4294128417969,262477,GICRE
2025-11-04,366.3440941118735,366.7292068626169,360.56731470406476,361.8670959472656,435931,GICRE
2025-11-06,361.24127644633177,362.7817274168613,358.30472934654466,360.03778076171875,305275,GICRE
2025-11-07,359.98962956023195,368.12527228246955,352.62424171886204,365.0443115234375,506757,GICRE
2025-11-10,366.8736095425112,367.69199247734906,361.8670851675488,364.32220458984375,298264,GICRE
2025-11-11,363.45569910516673,371.44689874982316,362.6373161578901,370.43597412109375,476653,GICRE
2025-11-12,372.69855250929953,373.70947713968366,369.2324790330668,372.5059814453125,456538,GICRE
2025-11-13,378.3790615135629,378.86045981065394,371.83205642601274,377.22369384765625,1074717,GICRE
2025-11-14,378.3309289061045,387.04422622621973,374.4797425754953,378.42718505859375,1338723,GICRE
2025-11-17,380.35278248240246,385.84073481785265,377.60883569689764,380.40093994140625,725201,GICRE
2025-11-18,379.2455577156096,381.6525491067752,376.7904382495083,378.81231689453125,692771,GICRE
2025-11-19,378.716029044638,379.3899690007083,371.639468521477,373.6131896972656,324101,GICRE
2025-11-20,375.4906772405992,377.41627045721765,369.8583112055461,370.7729797363281,193596,GICRE
2025-11-21,370.3878571074701,371.54319537734665,363.9852363269139,365.8627014160156,234203,GICRE
2025-11-24,369.7138808044145,370.62854929366733,361.4338244724551,363.9852294921875,569371,GICRE
2025-11-25,365.91083003716466,369.42506107493296,363.7445377229228,367.9327087402344,237905,GICRE
2025-11-26,366.2959574246008,378.8604405883012,366.0552582882677,377.89764404296875,1941255,GICRE
2025-11-27,378.8123158930938,379.8232405218232,369.76200478046144,370.43597412109375,2023919,GICRE
2025-11-28,371.5913346528139,374.2390251256078,369.3287569178009,372.7948303222656,305906,GICRE
2025-12-01,373.5650546290601,377.319955229558,372.7948291559082,373.8538818359375,211414,GICRE
2025-12-02,372.36157476448534,377.22368570729407,369.4250569684872,373.3243713378906,294490,GICRE
2025-12-03,371.6876150593844,373.99835040132047,368.1252852746371,371.9283142089844,361028,GICRE
2025-12-04,369.23248797894,373.7094861940269,368.1252777897366,370.0989990234375,391851,GICRE
2025-12-05,370.0990099766322,372.169016805922,366.39223716201343,367.6438903808594,272706,GICRE
2025-12-08,366.44037068219126,367.0661825596196,357.7752017824232,362.1559143066406,421344,GICRE
2025-12-09,362.92617605981627,366.2478065717737,354.3572631460778,364.03338623046875,438588,GICRE
2025-12-10,362.10779368950887,369.6175951377429,362.10779368950887,366.1033935546875,304945,GICRE
2025-12-11,364.65919051779565,366.681069133744,356.04214970844805,361.1449890136719,734300,GICRE
2025-12-12,364.89990027013664,372.6022728352055,362.10779609174307,368.1252746582031,694903,GICRE
2025-12-15,369.08807825573604,370.8692578217632,363.4557123338535,367.88458251953125,407714,GICRE
2025-12-16,369.7620223923695,369.85830792879153,362.49291981692363,363.552001953125,148065,GICRE
2025-12-17,363.455705336465,364.32221637340604,353.68332602306754,354.501708984375,280231,GICRE
2025-12-18,355.17566096593237,355.9459158776553,347.8584009067773,348.8211975097656,478748,GICRE
2025-12-19,351.42073371453654,357.5344975610824,348.6767577255273,351.85400390625,707595,GICRE
2025-12-22,356.6679878160141,360.51917395247654,351.9984187491097,358.1121826171875,631181,GICRE
2025-12-23,358.16031338502427,360.08590646773945,354.35725529377436,354.8386535644531,308413,GICRE
2025-12-24,354.4054245858085,359.5082346725284,354.02031183284805,358.6417236328125,392548,GICRE
2025-12-26,361.0968458200168,365.04431767712714,356.04216377160265,357.4863586425781,499144,GICRE
2025-12-29,356.7161248285787,359.12311622418315,353.00935220290404,355.7052001953125,507455,GICRE
2025-12-30,353.3944725044,379.34185205659026,353.3944725044,370.0989990234375,1083284,GICRE
2025-12-31,370.2434218305856,372.7948563336217,363.7927022215633,366.6329345703125,740660,GICRE
2026-01-01,366.58479830090147,369.4731880445724,362.3484992199614,363.7926940917969,202794,GICRE
2026-01-02,364.61105929341414,368.26967437087796,363.40756362553543,365.4294128417969,361238,GICRE
2026-01-05,366.2478021183307,369.90644664140586,362.49290144593215,364.17779541015625,212419,GICRE
2026-01-06,365.9108208209965,366.0071063534261,357.1975237071728,357.77520751953125,298175,GICRE
2026-01-07,359.12313338182577,360.5192002108632,356.2828716464271,358.2566223144531,354317,GICRE
2026-01-08,358.97872186081446,359.55640570317155,352.3835592068648,356.09033203125,422710,GICRE
2026-01-09,355.2719186653024,356.8123989858232,349.2063122946357,352.9130554199219,472519,GICRE
2026-01-12,354.98310976803856,357.1975301427201,347.85839159095246,355.4645080566406,354258,GICRE
2026-01-13,359.0268192462969,360.8079986987048,352.3835290826577,352.9130554199219,274802,GICRE
2026-01-14,352.9130828542832,355.7533445842309,350.5060913483005,350.9393615722656,225968,GICRE
2026-01-15,350.9393615722656,350.9393615722656,350.9393615722656,350.9393615722656,0,GICRE
2026-01-16,350.9393638883761,351.4688902702988,345.64398254026617,346.6549072265625,766601,GICRE
2026-01-19,346.5104768504985,353.298210243167,344.681169258809,350.4098205566406,440119,GICRE
2026-01-20,351.08377065778706,354.69425787019173,348.96563578917505,352.1428527832031,553291,GICRE
2026-01-21,349.5432844093803,357.1975289249456,346.2697819344905,356.5235595703125,668501,GICRE
2026-01-22,357.6789367150709,367.01807548313053,345.7402647576876,364.611083984375,710654,GICRE
2026-01-23,363.9370970636013,364.4666234149068,354.886815341109,356.8124084472656,559088,GICRE
2026-01-27,354.3091226944853,363.2149905883005,346.7993215206961,359.2193908691406,875344,GICRE
2026-01-28,358.5936073910414,362.9743201921969,354.5979779733349,361.3857116699219,543826,GICRE
2026-01-29,361.04871312847206,364.2259300511148,357.9196242813586,359.7489318847656,327964,GICRE
2026-01-30,356.2347289000869,364.65919884029165,353.3463392063024,363.9852294921875,551438,GICRE
2026-02-02,359.6045062481204,360.13403259010977,352.2391186230966,357.00494384765625,385759,GICRE
2026-02-03,361.5301064092105,363.3594139873006,355.0793577377031,356.7642517089844,295028,GICRE
2026-02-04,356.7642453209006,361.0005735929004,354.16471229823003,360.134033203125,299778,GICRE
2026-02-05,356.3310012819573,361.5300966624436,355.8496030174268,359.2193908691406,313930,GICRE
2026-02-06,359.2193953131512,369.61758620276294,357.48634391007016,366.3922119140625,913822,GICRE
2026-02-09,359.17123344059416,373.8538805098894,359.17123344059416,369.7138671875,919655,GICRE
2026-02-10,369.56947867657567,385.40746502682447,368.07712632576323,383.530029296875,1458486,GICRE
2026-02-11,384.011417642501,384.15583125149,377.5125407980209,378.6197509765625,506237,GICRE
2026-02-12,379.2937317931681,379.6306870969211,369.7620219607037,378.2346496582031,542910,GICRE
2026-02-13,372.65041380168435,380.1120874822113,368.94367038229586,376.068359375,694021,GICRE
2026-02-16,376.06834238798285,376.06834238798285,370.14714941766283,371.3987731933594,286535,GICRE
2026-02-17,370.6285431352601,377.1274198382891,370.3396865413497,374.7204284667969,272921,GICRE
2026-02-18,371.7357737603227,375.2499754797764,366.82550521563775,370.8692626953125,292582,GICRE
2026-02-19,372.60226324134055,374.76855546948786,364.2740789962401,366.3440856933594,200429,GICRE
2026-02-20,365.8627090410091,368.3659860845759,362.0115226300511,366.6329345703125,298601,GICRE
2026-02-23,369.47318742927865,376.21276348662053,367.93270702544226,375.34625244140625,446401,GICRE
2026-02-24,372.65038737055227,377.80135471272496,369.5212986296889,371.7357482910156,536108,GICRE
2026-02-25,371.7357582712389,378.18647760395123,371.63947273864517,376.6460266113281,387571,GICRE
2026-02-26,377.41625482845143,381.98953852854106,371.1099490580577,374.43157958984375,404087,GICRE
2026-02-27,373.70949337633135,374.2871772111721,366.19969167006286,368.7992248535156,319784,GICRE
2026-03-02,359.12312377739187,363.9371066698502,355.75333575267103,358.5935974121094,345893,GICRE
2026-03-04,355.2719270059885,356.1865954815202,347.8583818169326,349.4951477050781,343058,GICRE
2026-03-05,352.19095987350886,355.27192053072775,347.4251346664521,352.86492919921875,262321,GICRE
2026-03-06,354.69425806103635,356.47543762989176,349.06189213021054,350.0246887207031,157073,GICRE
2026-03-09,342.75556810463263,355.27192311968946,337.21948800181906,352.7686462402344,575332,GICRE
2026-03-10,355.27193973938535,356.23473632404495,349.6877313012478,353.25006103515625,192206,GICRE
2026-03-11,353.2019234455593,359.3638155449703,351.5170294677865,352.5279541015625,173106,GICRE
2026-03-12,350.45795044500466,358.6417212658358,346.79933524269734,355.5607604980469,168333,GICRE
2026-03-13,353.346330703346,355.5607509957384,345.1625601012249,346.46234130859375,218321,GICRE
2026-03-16,346.3179428908187,350.45795644761404,338.90439744384656,349.0618896484375,366791,GICRE
2026-03-17,349.15818054298427,359.36383036275095,345.788392448491,354.1165771484375,326798,GICRE
2026-03-18,352.38352968996725,362.3966077172822,352.38352968996725,357.1012268066406,230608,GICRE
2026-03-19,353.20191967149674,355.75332464841784,346.0290736327345,347.4251403808594,301411,GICRE
2026-03-20,349.4470374513709,360.32662727002935,347.76214340268,358.30474853515625,429312,GICRE
2026-03-23,355.0312417480476,355.0312417480476,343.236983547604,344.8255920410156,277202,GICRE
2026-03-24,354.69424993449434,354.69424993449434,340.8299852254944,344.0072021484375,294455,GICRE
2026-03-25,345.69209078700914,354.35725976865257,345.69209078700914,353.6351623535156,375196,GICRE
2026-03-27,351.709566152133,351.709566152133,343.7183665811451,349.54327392578125,523504,GICRE
2026-03-30,345.2106931354573,350.7949307852947,338.1341619600742,349.447021484375,668740,GICRE
2026-04-01,351.9984340244895,368.7510885686582,351.9984340244895,365.958984375,720984,GICRE
2026-04-02,357.63081187455555,367.78830433834133,349.639582397034,364.4666442871094,320182,GICRE
2026-04-06,362.0115153677319,378.0420726053111,356.3310214019694,371.1099548339844,646163,GICRE
2026-04-07,366.87363289355613,375.39438868502725,366.6329337434141,367.74017333984375,213258,GICRE
2026-04-08,379.1492788541046,380.9304583913483,366.10339703735116,373.3243713378906,593105,GICRE
2026-04-09,370.96550168057337,377.1755512264686,368.75108135223354,374.57598876953125,238461,GICRE
2026-04-10,376.45345912060714,392.62842975448706,374.72043704634126,382.80792236328125,2931078,GICRE
2026-04-13,378.28277992165437,380.1120875932286,370.5322790105704,375.00927734375,852895,GICRE
2026-04-15,380.3046321807962,389.40307120990775,378.90856544901726,384.30023193359375,969346,GICRE
2026-04-16,385.11861997226606,402.400829796409,384.1558234223354,385.166748046875,2693397,GICRE
2026-04-17,386.08143749989995,391.4249468894667,383.4818749209526,385.5037536621094,707292,GICRE
2026-04-20,388.9698003931441,391.85819000002385,380.3046315725047,381.171142578125,624335,GICRE
2026-04-21,383.1930465715746,383.62631679420446,378.4271916515274,382.4228210449219,315547,GICRE
2026-04-22,383.1930478004797,387.8144597396576,380.49722906632934,384.4446716308594,439663,GICRE
2026-04-23,383.6744296204785,388.680983491375,381.5081373578786,383.9632568359375,458768,GICRE
2026-04-24,386.0332878245366,386.4665286419748,380.78603488299586,383.09674072265625,386889,GICRE
2026-04-27,385.5518964623106,387.5256176689791,381.3155680677313,384.9742126464844,308218,GICRE
2026-04-28,384.20396547704917,388.24772288678656,383.77072464314733,384.68536376953125,363884,GICRE
2026-04-29,387.81444229341724,389.40308012187484,384.15582712133977,385.07049560546875,358831,GICRE
2026-04-30,385.11862331743146,385.11862331743146,375.4906577344957,378.76416015625,314843,GICRE
2026-05-01,378.76416015625,378.76416015625,378.76416015625,378.76416015625,0,GICRE
2026-05-04,380.304651681009,398.5977868251588,377.9457882911122,394.12078857421875,817498,GICRE
2026-05-05,396.6721825159098,396.6721825159098,382.23023412334027,382.95233154296875,659931,GICRE
2026-05-06,386.8035176591435,388.00701335814523,381.3637229760997,385.07049560546875,482622,GICRE
2026-05-07,386.08143688386457,389.74005221366633,383.14491900459365,384.4928283691406,567356,GICRE
2026-05-08,384.15583630440585,386.5628277599472,379.34185339332305,380.54534912109375,295637,GICRE
2026-05-11,379.34184854821234,380.01581790004366,374.19088102270007,376.5015869140625,321844,GICRE
2026-05-12,372.6022709579511,378.09022313580095,366.58479242180846,368.17340087890625,390418,GICRE
2026-05-13,367.74015296953854,372.4578501745494,365.3812896759237,370.5322570800781,301885,GICRE
2026-05-14,370.86926477790973,375.0092784352177,366.92179281267386,368.7029724121094,223448,GICRE
2026-05-15,368.70296829529116,376.2608980702509,366.9217887157437,373.0355529785156,378500,GICRE
2026-05-18,372.6022819484703,378.1864904418384,364.129683672556,377.22369384765625,506884,GICRE
2026-05-19,377.1755441818192,377.8013560557729,371.6875921562161,374.8166809082031,156220,GICRE
2026-05-20,372.6022809994507,374.81670140754125,370.0508759078106,372.02459716796875,104602,GICRE
2026-05-21,373.468770950728,380.3046322421573,370.62853879495947,373.8057556152344,365919,GICRE
2026-05-22,372.1208694065309,374.9611310035305,365.8626917839114,367.2587585449219,324371,GICRE
2026-05-25,368.7029488320184,380.3046354517736,367.9326939663291,376.83856201171875,297361,GICRE
2026-05-26,377.70507734881977,384.1558260300313,375.2018298077828,378.81231689453125,473896,GICRE
2026-05-27,381.2674551598262,387.04423478345996,374.57600700956226,376.068359375,488307,GICRE
2026-05-28,376.068359375,376.068359375,376.068359375,376.068359375,0,GICRE
2026-05-29,376.0683464406089,377.41625576331967,364.5147875907113,367.0661926269531,292956,GICRE
2026-06-01,367.78829419936915,371.1099541590315,360.6154479130118,361.6745300292969,370742,GICRE
2026-06-02,361.53012137131526,368.60668222000743,355.4645145765621,363.6001281738281,507442,GICRE
2026-06-03,364.0333823114021,368.7510795413621,360.13403864514504,368.365966796875,278145,GICRE
2026-06-04,367.78827978742504,378.3309136965227,366.82548324347886,373.70947265625,440578,GICRE
2026-06-05,373.7094913457924,379.2937292092839,372.60228114132553,378.3309326171875,281956,GICRE
2026-06-08,369.1361877718729,380.11206245774224,369.1361877718729,370.6285400390625,246333,GICRE
2026-06-09,372.4096958572525,375.00925830959045,368.99177983864064,373.5650634765625,166816,GICRE
2026-06-10,373.56507218304796,373.56507218304796,364.2259336255839,365.91082763671875,273030,GICRE
2026-06-11,363.93710231471385,364.899898881684,355.56076042918585,356.6198425292969,330252,GICRE
2026-06-12,361.0487091124804,366.2959621044695,357.72704923575793,365.1405944824219,222257,GICRE
2026-06-15,368.75107128717116,379.3418331257061,367.64386115322253,372.84295654296875,717437,GICRE
2026-06-16,357.3900978824525,360.4710292714791,342.8037063678867,345.0662841796875,12826964,GICRE
2026-06-17,337.94158301606075,342.99626481330955,333.80156967786814,340.2522888183594,10648643,GICRE
2026-06-18,342.755584626969,348.53236414315387,341.9372016523988,343.8146667480469,5324699,GICRE
2026-06-19,345.1144288042587,359.12310659830246,343.5739484759188,354.98309326171875,8541234,GICRE
2026-06-22,358.3047365908871,360.56731440014903,354.4535503222607,355.5607604980469,1362627,GICRE
2026-06-23,355.99404226825766,361.2412954825711,351.4688865027642,354.1165771484375,1436745,GICRE
2026-06-24,354.30914196521786,355.7052087611753,346.51048377921336,350.16912841796875,1194698,GICRE
2026-06-25,351.42073757927426,354.50169826436354,346.51046934213383,347.52142333984375,874354,GICRE
2026-06-26,347.52142333984375,347.52142333984375,347.52142333984375,347.52142333984375,0,GICRE
2026-06-29,347.7139688737278,352.5761090905945,343.8627826657791,350.5060729980469,1153012,GICRE
2026-06-30,350.506088874691,352.81682420990325,344.5367676113134,349.9765625,1153195,GICRE
2026-07-01,349.9765376412357,351.56514603469043,344.96998394685073,345.5958251953125,567133,GICRE
2026-07-02,348.05095489516304,350.60235989139466,343.7183703943934,346.269775390625,561105,GICRE
2026-07-03,348.0028216105003,348.43606242475994,345.4032591960675,347.52142333984375,357709,GICRE
2026-07-06,348.0028433969439,348.0028433969439,344.77746890517926,346.7511901855469,274569,GICRE
2026-07-07,347.3288675507604,349.8802726209817,341.88907272959716,349.0618896484375,1048051,GICRE
2026-07-08,348.0028333671654,354.5979663921901,341.9371973226449,342.8999938964844,1139463,GICRE
2026-07-09,344.8255873021245,351.42074971430264,344.2960609390045,349.2063293457031,588247,GICRE
2026-07-10,350.9393475676236,355.2719321054955,348.5323561576948,351.4207458496094,868050,GICRE
2026-07-13,349.4951571276757,352.1428477119763,348.05096226351174,351.2763366699219,383395,GICRE
2026-07-14,350.9393424297774,353.20192019842966,348.19536638618723,351.6133117675781,981384,GICRE
2026-07-15,351.4207508388592,356.9568311602933,350.60236787142065,353.3463439941406,901335,GICRE
2026-07-16,353.82774244535153,353.82774244535153,349.73585698850053,351.2281799316406,291600,GICRE
2026-07-17,351.22816720084177,351.22816720084177,346.60675554644337,348.5323486328125,324913,GICRE
2026-07-20,348.5323671847892,349.4951637792223,345.88467655009816,346.84747314453125,346586,GICRE
2026-07-21,348.4360701020758,349.4470241220607,346.7511761176536,348.2916564941406,193244,GICRE
2026-07-22,348.29166535798646,349.68773216206756,342.8518705177128,348.0028381347656,539517,GICRE
2026-07-23,346.60675491336394,347.6176795289738,344.8255754352821,346.46234130859375,240822,GICRE
2026-07-24,343.2850995871883,346.510473919639,343.23697151237434,344.19976806640625,188457,GICRE
2026-07-27,344.9700074123542,347.1844572049017,343.8146691304436,345.8365478515625,314450,GICRE
2026-07-28,347.56955081232036,348.33977629115,344.1034773931499,344.392333984375,465533,GICRE
2026-07-29,346.5104642668321,347.9065309841755,343.7664882878368,345.5958251953125,315421,GICRE
2026-07-30,345.54766965437994,345.74024071377653,342.7555655864397,343.4295349121094,225968,GICRE
2026-07-31,344.7292893064388,347.0881525817263,342.4667409437891,343.333251953125,386766,GICRE
2026-08-03,346.1253758976498,350.2172614263425,343.76651248704474,344.72930908203125,600417,GICRE
2026-08-04,346.6067593421371,348.53235244959336,345.1625645115448,346.31793212890625,671392,GICRE
2026-08-05,350.45794628447953,350.9393445623428,345.16256522798324,346.269775390625,646201,GICRE
2026-08-06,346.6067523744138,348.48421736932926,345.210685646685,345.4995422363281,593786,GICRE
2026-08-07,345.5958437199645,346.17349816148004,342.9962812042653,343.91094970703125,301498,GICRE
2026-08-10,343.9109500386961,345.0181602289618,338.42299778124743,339.67462158203125,452590,GICRE
2026-08-11,339.9153318319601,343.2369918934951,339.0006926806507,342.4667663574219,300455,GICRE
2026-08-12,342.5148900007916,345.16258064731915,339.6746282816284,342.6111755371094,420356,GICRE
2026-08-13,341.79279371502685,343.5258158457641,334.4755336632751,335.24578857421875,1180620,GICRE
2026-08-14,335.245770715335,340.01159601209247,334.1385311762261,339.00067138671875,705812,GICRE
2026-08-17,339.00066756277903,343.23696646173966,338.23041270155613,342.274169921875,354545,GICRE
2026-08-18,343.23696518240206,346.99186579743485,341.35950018377645,346.5104675292969,744475,GICRE
2026-08-19,346.51047638529906,349.5914371330119,345.06628154397475,346.2216491699219,569396,GICRE
2026-08-20,348.0509504470172,349.49514526215006,345.06627528596556,346.4141845703125,675306,GICRE
2026-08-21,348.2916722140175,348.53237136551303,342.1297798121763,342.514892578125,603727,GICRE
2026-08-24,343.2369873461703,344.39235501719423,341.79279244850056,343.6702575683594,399535,GICRE
2026-08-25,343.67025997960764,345.306996579118,337.74903735184114,338.32672119140625,904213,GICRE
2026-08-26,340.3485852583039,341.88906563662414,334.5718058762676,336.73809814453125,1502465,GICRE
2026-08-27,337.508326076913,343.6220901767751,335.5346048600359,338.7599792480469,1644017,GICRE
2026-08-28,340.8299751903224,342.6592827400414,338.8080965796988,340.156005859375,672586,GICRE
2026-08-31,340.87812413365026,345.06629521587445,339.4820866943892,341.5520935058594,1071759,GICRE
2026-09-01,343.2369875541617,346.02909181490435,340.82999605658694,341.5520935058594,1430980,GICRE
2026-09-02,341.74464542863245,345.11443333640847,339.14508300403196,342.2260437011719,1798962,GICRE
2026-09-03,343.7183768606919,346.41419551455454,340.25230331842585,342.8999938964844,2236265,GICRE
2026-09-04,343.6499938964844,361.29998779296875,341.6000061035156,358.79998779296875,4763187,GICRE
