trade_date,open,high,low,close,volume,symbol
2021-09-03,978.5855720491516,996.6555174055535,965.5539008712449,972.5299682617188,5363972,INDUSINDBK
2021-09-06,974.7099701337224,976.9384204647289,960.1765212748696,961.0969848632812,3349749,INDUSINDBK
2021-09-07,961.1938664455353,980.5233655684301,953.5396187378747,970.1077270507812,5483796,INDUSINDBK
2021-09-08,981.6860626560336,990.0185498946657,961.533024880901,968.509033203125,6385224,INDUSINDBK
2021-09-09,968.8965576538269,975.5819675563394,962.598730029077,968.412109375,3193603,INDUSINDBK
2021-09-13,972.7721609600561,972.7721609600561,961.7752084923505,965.3116455078125,2386618,INDUSINDBK
2021-09-14,967.9277259769893,1006.6835908809729,966.5712470506472,1004.3582153320312,7838383,INDUSINDBK
2021-09-15,1003.7768115156456,1028.9681214571578,995.5411909578435,1021.16845703125,6071710,INDUSINDBK
2021-09-16,1037.6882558629263,1149.5958128677519,1037.6882558629263,1095.7735595703125,27230283,INDUSINDBK
2021-09-17,1102.1199967375899,1110.8885591858784,1077.7522210671048,1094.853271484375,5784278,INDUSINDBK
2021-09-20,1080.3197358680325,1097.1785607820211,1050.8652548407842,1056.048828125,2954179,INDUSINDBK
2021-09-21,1057.0661525452283,1107.5941320709046,1051.2527731545122,1102.1683349609375,6332732,INDUSINDBK
2021-09-22,1109.3865635389652,1121.8368607065136,1093.1090539872444,1105.8985595703125,5587136,INDUSINDBK
2021-09-23,1114.2311282788091,1138.4535441109572,1111.3244383789513,1132.7855224609375,4879235,INDUSINDBK
2021-09-24,1135.7405534606025,1152.3571538967462,1105.753250834986,1126.875244140625,4615559,INDUSINDBK
2021-09-27,1135.5469715592178,1141.3118598136102,1109.2898937384498,1114.909423828125,3083520,INDUSINDBK
2021-09-28,1123.9200840975436,1123.9200840975436,1084.1953225044406,1099.4554443359375,3684708,INDUSINDBK
2021-09-29,1092.0432464582648,1101.5384796847152,1079.4475916703414,1088.2645263671875,5574048,INDUSINDBK
2021-09-30,1090.0088075282,1099.600908689153,1072.5686666077486,1077.3162841796875,3180267,INDUSINDBK
2021-10-01,1069.6619570743283,1077.4131306763163,1057.357016290582,1069.71044921875,1940798,INDUSINDBK
2021-10-04,1073.0531042354842,1090.008796627467,1071.5997591733144,1084.9705810546875,1817348,INDUSINDBK
2021-10-05,1082.0637896576825,1140.4881847247361,1074.1672585709075,1132.2525634765625,5270013,INDUSINDBK
2021-10-06,1141.7961893043548,1142.47448791124,1091.6557885705417,1096.6456298828125,3329243,INDUSINDBK
2021-10-07,1107.4488188778655,1149.256731014265,1104.5906212041643,1130.41162109375,4002618,INDUSINDBK
2021-10-08,1142.7167979800256,1143.298112348549,1122.3699671670431,1137.872314453125,2344868,INDUSINDBK
2021-10-11,1136.1766202657202,1157.2984951559781,1133.6090206241342,1136.7579345703125,2535840,INDUSINDBK
2021-10-12,1128.7645398091845,1158.8003344307165,1123.9685489451506,1145.138916015625,2354120,INDUSINDBK
2021-10-13,1151.145962896026,1154.8761909442292,1138.6956659319433,1147.657958984375,1235622,INDUSINDBK
2021-10-14,1152.9869364588715,1177.2093510903603,1125.6641000639554,1172.3648681640625,3315820,INDUSINDBK
2021-10-18,1183.0226164384753,1191.4035947468956,1158.8486962784723,1181.6661376953125,4512591,INDUSINDBK
2021-10-19,1183.9916538257694,1201.4317927528266,1148.7237936741294,1156.862548828125,3879525,INDUSINDBK
2021-10-20,1152.9869551252164,1176.1436075425174,1135.9827724692175,1164.322998046875,2850772,INDUSINDBK
2021-10-21,1167.520403541111,1173.2852910043785,1128.9582715338342,1147.5611572265625,2408608,INDUSINDBK
2021-10-22,1154.9731898362843,1167.229636682154,1140.197517319582,1159.1878662109375,2618946,INDUSINDBK
2021-10-25,1168.4408805109947,1173.3338559563056,1120.7227199776767,1141.1180419921875,3612312,INDUSINDBK
2021-10-26,1143.2980419178177,1155.8936983118276,1102.3136664955946,1118.978759765625,3413917,INDUSINDBK
2021-10-27,1120.0445523768212,1127.6503675942263,1087.1020655422087,1107.012939453125,4329232,INDUSINDBK
2021-10-28,1135.5468986666933,1203.3696656519053,1132.8824328208457,1139.4224853515625,17223159,INDUSINDBK
2021-10-29,1130.6538235144628,1145.2357644404733,1088.6521801738224,1104.73583984375,5112475,INDUSINDBK
2021-11-01,1121.9823214057462,1196.5873635026742,1110.40405374037,1190.870849609375,10563295,INDUSINDBK
2021-11-02,1182.053803352592,1201.5286005564049,1169.458148070966,1174.8355712890625,3730392,INDUSINDBK
2021-11-03,1177.2094359593798,1182.0539192349327,1137.7268972636227,1141.311767578125,2922214,INDUSINDBK
2021-11-04,1157.831381484671,1157.831381484671,1148.1424159492344,1152.1148681640625,278458,INDUSINDBK
2021-11-08,1094.8531607427221,1094.8531607427221,1009.2026774334565,1028.1446533203125,29099645,INDUSINDBK
2021-11-09,1047.3772354893738,1051.1559559233624,1029.4526482030153,1035.0238037109375,7752739,INDUSINDBK
2021-11-10,1033.6188859218448,1033.6188859218448,995.8319205057543,1000.094970703125,6796906,INDUSINDBK
2021-11-11,1000.0950078094805,1005.7146553123442,988.758965073456,1001.160888671875,4527396,INDUSINDBK
2021-11-12,1007.6524481037875,1011.0435861502906,996.5586295182022,1004.7942504882812,3479296,INDUSINDBK
2021-11-15,1009.5902832734488,1018.3103528986513,1000.4342574763916,1009.1058349609375,3105993,INDUSINDBK
2021-11-16,1009.5902396602837,1013.4658259929527,986.5789458100612,989.1465454101562,2685826,INDUSINDBK
2021-11-17,986.2398392187371,1009.5902228290846,982.4611189526793,1001.8390502929688,3042496,INDUSINDBK
2021-11-18,999.7075726665781,1009.5902708104037,971.1250634444987,977.0838012695312,3244457,INDUSINDBK
2021-11-22,992.1500777411719,993.9910048604319,957.802682851395,975.5819702148438,6198324,INDUSINDBK
2021-11-23,964.0521843601972,978.5856343756775,943.7053543385247,950.8267211914062,8136685,INDUSINDBK
2021-11-24,958.2386760730243,962.7440686293827,935.954055699233,940.2172241210938,6646771,INDUSINDBK
2021-11-25,937.8918753254005,939.8296684562381,921.7597238564762,929.4624633789062,5711537,INDUSINDBK
2021-11-26,921.4206386275388,927.1855850498778,870.0691203864667,873.7509155273438,6746021,INDUSINDBK
2021-11-29,898.0702588109648,908.8249871362335,861.2036968314831,867.5984497070312,11905868,INDUSINDBK
2021-11-30,873.9448034820037,898.6516687689119,848.4628326801134,855.5357666015625,6964145,INDUSINDBK
2021-12-01,863.2868871267044,909.5517006623948,862.4633486556407,904.6103515625,14626216,INDUSINDBK
2021-12-02,905.9183501226545,920.4517995898628,896.8591902761308,916.1401977539062,5703967,INDUSINDBK
2021-12-03,915.5588085547137,928.0575385923014,909.3094139675436,921.5659790039062,4928235,INDUSINDBK
2021-12-06,922.3895960607945,922.3895960607945,885.5715239491242,887.1702270507812,4617346,INDUSINDBK
2021-12-07,894.194701690886,907.3716718830707,892.1599833354161,897.8280639648438,3434735,INDUSINDBK
2021-12-08,906.8872226162601,919.4828784859304,903.4960844975027,915.89794921875,3774244,INDUSINDBK
2021-12-09,917.5451204831631,920.936258732045,909.0188418561834,916.9638061523438,3111606,INDUSINDBK
2021-12-10,930.1407242326012,937.8918969345395,908.8249993022707,915.3650512695312,6605152,INDUSINDBK
2021-12-13,924.6180319092113,925.8775856868663,905.1432335172776,909.35791015625,2681792,INDUSINDBK
2021-12-14,903.0116481311745,919.6282487874325,895.4542663368272,916.6246337890625,2725729,INDUSINDBK
2021-12-15,915.5588721740606,921.275326745497,907.8561322237861,909.35791015625,2266938,INDUSINDBK
2021-12-16,915.6073438647635,919.8220206818183,892.4991821743089,899.4267578125,2457432,INDUSINDBK
2021-12-17,897.198323752035,900.1050137857889,852.871300737288,855.5357666015625,4786306,INDUSINDBK
2021-12-20,846.8156249138864,846.8156249138864,804.9592801388467,819.7833862304688,4700733,INDUSINDBK
2021-12-21,828.4549957041397,840.9537850417324,821.9633768942022,830.5381469726562,3568436,INDUSINDBK
2021-12-22,834.655996857407,857.4735002050024,834.2199815553753,844.6356201171875,3619713,INDUSINDBK
2021-12-23,852.5321973177003,856.5046499807806,841.9712000376679,844.005859375,2642247,INDUSINDBK
2021-12-24,850.6912410034898,851.466346480014,820.4616543249892,834.3653564453125,3462247,INDUSINDBK
2021-12-27,816.7798205534292,834.9950645106626,786.2595781484079,828.6488037109375,12325932,INDUSINDBK
2021-12-28,837.126714177665,838.8222833325387,818.8145436503249,826.1297607421875,4660498,INDUSINDBK
2021-12-29,827.4861504854741,847.6876805922252,827.4377174815912,842.9400634765625,6067054,INDUSINDBK
2021-12-30,837.1266728313045,865.6606898842135,833.2510863830115,857.861083984375,12354342,INDUSINDBK
2021-12-31,854.0823874253082,865.1278327665099,851.0788314985949,860.5255737304688,3606043,INDUSINDBK
2022-01-03,860.5739924790125,887.0248584627288,849.4316813131782,883.9243774414062,5594214,INDUSINDBK
2022-01-04,886.5403605420278,889.3986172476287,868.2281917351469,876.2700805664062,4102750,INDUSINDBK
2022-01-05,876.8514360631174,883.5368463574171,864.4980042290789,875.8341064453125,5448165,INDUSINDBK
2022-01-06,867.4047155435292,895.2604938980406,857.521958004316,893.0320434570312,5209239,INDUSINDBK
2022-01-07,897.6826908797163,909.2610169607236,887.6061426862675,893.5648803710938,4207773,INDUSINDBK
2022-01-10,898.070245523482,900.9284430673679,889.4470424808941,892.2083740234375,2569322,INDUSINDBK
2022-01-11,898.1671843966495,905.9667905136271,885.5715280890374,889.398681640625,3383081,INDUSINDBK
2022-01-12,899.1360502205479,917.1575034344902,891.4817433797008,912.2645874023438,5506622,INDUSINDBK
2022-01-13,918.5140012189914,920.4517944705084,897.198275452306,898.2640380859375,2109207,INDUSINDBK
2022-01-14,890.5128859659645,897.8281029714174,884.8448642270428,891.433349609375,2557488,INDUSINDBK
2022-01-17,890.4159178891822,902.9147068766036,883.8758662615957,891.8692626953125,3048497,INDUSINDBK
2022-01-18,891.8693795113198,898.5062980072436,867.5016047488381,871.6679077148438,3088062,INDUSINDBK
2022-01-19,869.1002813254355,875.6887666140404,856.6499832242501,865.4669189453125,3628266,INDUSINDBK
2022-01-20,867.1624859231933,870.5051911320364,844.8778633799157,849.9161376953125,3565267,INDUSINDBK
2022-01-21,842.8432213467297,845.798344308389,818.8145370643809,827.5346069335938,4042974,INDUSINDBK
2022-01-24,832.2822032597971,842.2618266985411,805.6859789999878,824.7732543945312,4657809,INDUSINDBK
2022-01-25,816.1499764729951,859.3143646213457,815.8108863388376,856.7467651367188,5165597,INDUSINDBK
2022-01-27,847.0094234610742,865.8059821058731,834.3168424603732,860.47705078125,4323258,INDUSINDBK
2022-01-28,869.100211547564,896.9559875587038,867.1624184337455,875.4464721679688,5520247,INDUSINDBK
2022-01-31,898.603195656625,898.603195656625,839.69429209574,844.9747314453125,10148990,INDUSINDBK
2022-02-01,851.6600722270314,898.1671068878932,851.6600722270314,893.61328125,11628936,INDUSINDBK
2022-02-02,901.170733098651,951.2627007631688,901.170733098651,945.0133056640625,14380553,INDUSINDBK
2022-02-03,937.2620612046438,949.2279691713318,924.763331095456,928.5419921875,5623611,INDUSINDBK
2022-02-04,928.2028977032127,944.6257061026607,915.6072425151732,926.3135375976562,5000045,INDUSINDBK
2022-02-07,922.4379654503407,929.5593907049793,899.2813729643901,904.0289306640625,2587054,INDUSINDBK
2022-02-08,908.8250199485435,911.4894856253649,884.6026047047123,908.5343627929688,3160992,INDUSINDBK
2022-02-09,912.9912436648033,941.1861698767952,911.1503756284064,937.068359375,4101202,INDUSINDBK
2022-02-10,935.9541583814482,947.338693951823,930.3830026767968,942.1066284179688,4037566,INDUSINDBK
2022-02-11,925.2963236881138,959.2077072787778,924.8603083574534,951.8441162109375,7171664,INDUSINDBK
2022-02-14,929.3656656016591,934.79146311161,908.0499395976613,912.3130493164062,3652419,INDUSINDBK
2022-02-15,913.6694516119996,941.7674517145956,894.5337446455766,939.5390014648438,3985559,INDUSINDBK
2022-02-16,936.0509705174619,956.8338141686334,932.0300851571438,938.2794799804688,3683264,INDUSINDBK
2022-02-17,949.5187220139788,949.5187220139788,921.5175850264142,926.0714111328125,3152042,INDUSINDBK
2022-02-18,920.4517419441066,935.9540870715863,919.0952630907508,925.6353149414062,2417043,INDUSINDBK
2022-02-21,922.3895462341062,941.7674778776799,919.4828564875702,922.8255615234375,3535914,INDUSINDBK
2022-02-22,896.2293290604173,920.3063852188525,894.2915359165029,909.8907470703125,2866135,INDUSINDBK
2022-02-23,914.6383858676298,930.9158368396179,913.8148474164128,921.1300048828125,3507003,INDUSINDBK
2022-02-24,890.9004617454249,905.2401202104412,841.8258232050167,848.4143676757812,7305449,INDUSINDBK
2022-02-25,870.7474405390719,900.8801030231626,867.1625110681979,898.2156372070312,4821342,INDUSINDBK
2022-02-28,887.5092237862228,896.0355014450283,874.9135688634925,892.0630493164062,3299912,INDUSINDBK
2022-03-02,878.78929136185,884.2635812747619,859.944239052703,878.1594848632812,4507940,INDUSINDBK
2022-03-03,889.4470709280369,897.1982436594359,878.3047601266508,883.8759155273438,3731807,INDUSINDBK
2022-03-04,868.1313865787628,894.1947297635647,863.2869033947295,873.847900390625,3623960,INDUSINDBK
2022-03-07,850.6911937185873,869.0517956609349,799.8241234791501,808.4473266601562,6323502,INDUSINDBK
2022-03-08,805.2499486663955,821.4305338757252,790.6196335146383,814.5513916015625,6163433,INDUSINDBK
2022-03-09,836.1577471036626,852.6289889353686,812.1775567898553,848.1235961914062,6967640,INDUSINDBK
2022-03-10,881.5020878751949,899.1360172828779,862.9961870362508,876.1731567382812,6312569,INDUSINDBK
2022-03-11,872.0070065042798,887.0249049496314,865.1762967806817,873.7025756835938,3451877,INDUSINDBK
2022-03-14,871.038117653135,885.5715678920639,864.5464980523947,879.37060546875,3718477,INDUSINDBK
2022-03-15,888.3813882092111,893.3227376150676,859.6535780357578,868.76123046875,4390735,INDUSINDBK
2022-03-16,883.6337167750619,906.8872356375635,883.1977014690386,899.765869140625,5705364,INDUSINDBK
2022-03-17,914.5899425551169,919.9673067705003,900.6378080868341,903.4476318359375,4492246,INDUSINDBK
2022-03-21,908.8250059170823,908.8250059170823,882.6647978576353,884.9901733398438,2363059,INDUSINDBK
2022-03-22,887.5092355065519,903.0115802315572,875.494894689972,898.8453369140625,2764481,INDUSINDBK
2022-03-23,903.9805390020131,915.0744170368381,899.232921948479,902.3818359375,2433056,INDUSINDBK
2022-03-24,893.322684783971,908.7765977201124,886.7341995868852,896.0355834960938,2923793,INDUSINDBK
2022-03-25,901.0738530332743,904.2712000392669,887.5577334104239,897.4404907226562,1984601,INDUSINDBK
2022-03-28,894.3400358233416,913.572669697538,891.6271370462601,906.063720703125,2654339,INDUSINDBK
2022-03-29,910.7143766938831,915.122844424107,892.7413564788126,900.2503051757812,3351562,INDUSINDBK
2022-03-30,910.1330420576194,915.6073317699952,894.2431725227136,897.4889526367188,4849869,INDUSINDBK
2022-03-31,901.0738428800867,909.2610310217784,895.2604632486023,906.305908203125,2311242,INDUSINDBK
2022-04-01,900.5409398673661,940.7501480159062,900.2502827201491,938.4732055664062,5222165,INDUSINDBK
2022-04-04,944.6742004360626,963.8583416021821,928.2513909703613,956.4947509765625,5033678,INDUSINDBK
2022-04-05,963.0832426089295,963.0832426089295,937.8919304280118,942.9786376953125,3827808,INDUSINDBK
2022-04-06,936.9229414596385,948.3074756500737,931.1095622985653,938.1824951171875,2406015,INDUSINDBK
2022-04-07,930.6251906328918,956.204084701658,930.1407423295951,942.3488159179688,3182285,INDUSINDBK
2022-04-08,940.7986515416394,959.2076879775726,938.1341857417017,954.9445190429688,2659878,INDUSINDBK
2022-04-11,953.0066395826999,967.8308043662101,946.4181547548916,949.9546508789062,2413145,INDUSINDBK
2022-04-12,946.6119831265144,956.9307556249191,935.954120471047,954.4600219726562,1963842,INDUSINDBK
2022-04-13,961.1454758079462,965.2632865661959,951.4565093179467,952.81298828125,2060127,INDUSINDBK
2022-04-18,941.767475446221,952.42533782267,936.050961971424,947.0479736328125,1575552,INDUSINDBK
2022-04-19,949.4217801487429,958.1902823496308,921.42064539834,933.822509765625,1747142,INDUSINDBK
2022-04-20,935.5181385616938,952.1831725905798,922.874049241951,942.3004150390625,2421543,INDUSINDBK
2022-04-21,945.7399431466152,961.8236621128419,945.7399431466152,958.48095703125,1957820,INDUSINDBK
2022-04-22,949.518651125874,957.2698237881261,927.3308957254759,929.995361328125,1942893,INDUSINDBK
2022-04-25,915.6072919135106,928.6389630807948,902.0427394407179,917.1090698242188,2096910,INDUSINDBK
2022-04-26,932.0784973916022,952.7644154409661,928.2997771258539,949.9546508789062,2673266,INDUSINDBK
2022-04-27,939.9265895085481,949.3248985709097,937.0683917825637,944.1897583007812,1476543,INDUSINDBK
2022-04-28,947.5808914226939,961.5814593656462,941.7675117207141,957.6089477539062,2003774,INDUSINDBK
2022-04-29,959.2076475857291,978.1011315533268,944.8679895299805,948.11376953125,3476442,INDUSINDBK
2022-05-02,941.7674846452904,994.0879004589177,936.3901204029074,986.43359375,8962019,INDUSINDBK
2022-05-04,993.6034518148242,996.9945898756256,940.7985877252016,947.8715209960938,4565643,INDUSINDBK
2022-05-05,964.0520845284802,964.0520845284802,903.0116007844659,907.6622924804688,4679266,INDUSINDBK
2022-05-06,890.4160439245084,905.2401512179888,874.429248794199,886.9280395507812,3713381,INDUSINDBK
2022-05-09,884.4088322537923,884.4088322537923,853.5979312395789,862.02734375,3283626,INDUSINDBK
2022-05-10,860.3802090481746,891.3849012661268,860.3802090481746,882.422607421875,3972560,INDUSINDBK
2022-05-11,882.5679003689042,899.1360078941492,863.5774923063295,894.630615234375,4209334,INDUSINDBK
2022-05-12,887.5093115972687,887.9937599114594,829.3755138943909,842.8432006835938,4776857,INDUSINDBK
2022-05-13,858.4423810897149,866.338911974531,841.7289148664671,845.2169189453125,2932319,INDUSINDBK
2022-05-16,849.4316594885382,870.8442506545413,838.6284387636613,858.3455200195312,1971123,INDUSINDBK
2022-05-17,862.3179881418179,876.8514373801631,860.477060916925,875.7371826171875,2038983,INDUSINDBK
2022-05-18,878.7892493922841,889.3986793903583,871.0865093039969,875.0590209960938,2665522,INDUSINDBK
2022-05-19,860.3801406926407,863.1414722192167,833.3479031580695,839.306640625,2656251,INDUSINDBK
2022-05-20,860.3802232205103,872.0069829937604,853.7917378430202,868.6158447265625,2286465,INDUSINDBK
2022-05-23,872.0069608754108,893.3226865856986,870.9896312484075,874.3323364257812,2577890,INDUSINDBK
2022-05-24,877.2390437670426,888.4782211652478,867.4531521958178,870.020751953125,2149695,INDUSINDBK
2022-05-25,879.5642878626194,894.7759757255864,861.8819255919188,865.563720703125,3664893,INDUSINDBK
2022-05-26,874.5260626738709,878.595440291805,850.1583482432684,869.6815795898438,3909078,INDUSINDBK
2022-05-27,880.097208908232,898.1671542751584,877.0452200796417,896.616943359375,2509528,INDUSINDBK
2022-05-30,906.8872635303342,917.0122453404764,903.1085429442544,907.0810546875,2036338,INDUSINDBK
2022-05-31,897.1982142077336,910.7143330417774,897.1982142077336,901.8973388671875,1249259,INDUSINDBK
2022-06-01,901.8974002553264,909.1641249470869,890.1253417367286,899.4751586914062,1144864,INDUSINDBK
2022-06-02,892.353741171198,915.6072588564409,892.353741171198,913.6210327148438,1735855,INDUSINDBK
2022-06-03,920.4517400632645,924.1335351961668,893.3226361456103,895.5510864257812,1398174,INDUSINDBK
2022-06-06,891.3848260851279,904.9009447862692,889.931481259989,899.8626708984375,1417254,INDUSINDBK
2022-06-07,895.5026688921779,901.0253912552988,887.9937203567011,894.9697875976562,929573,INDUSINDBK
2022-06-08,900.1048666401559,908.8249353158948,878.353127949435,885.28076171875,1905868,INDUSINDBK
2022-06-09,879.7581206503829,894.7760180843928,878.159417591415,891.675537109375,1031195,INDUSINDBK
2022-06-10,884.1181472715742,896.2293547684451,875.1558537238898,884.79638671875,882217,INDUSINDBK
2022-06-13,867.1625003446869,872.3460737590832,833.3479836597829,838.5316162109375,3353078,INDUSINDBK
2022-06-14,837.126645344609,842.8915918245066,814.163784565097,817.9425048828125,3770890,INDUSINDBK
2022-06-15,825.499846235988,830.3443289016922,802.2463294406081,817.0704345703125,3911673,INDUSINDBK
2022-06-16,827.4376715388746,832.6697366763746,780.1070977056673,784.4186401367188,3141825,INDUSINDBK
2022-06-17,784.8062290803881,796.2876298881588,771.9683494071595,781.8026733398438,2624540,INDUSINDBK
2022-06-20,789.26323475315,789.26323475315,745.5660168731208,759.6634521484375,3103978,INDUSINDBK
2022-06-21,771.2900921910451,784.2248967060036,759.0820192304183,774.0029907226562,3425596,INDUSINDBK
2022-06-22,774.7781885430965,776.9097137501112,743.8219303977511,753.4624633789062,3066728,INDUSINDBK
2022-06-23,756.7083077092467,769.5946217366103,739.4619586182574,760.5354614257812,3888446,INDUSINDBK
2022-06-24,769.2555198018051,790.4743213052529,767.8506078087463,781.4151611328125,4706175,INDUSINDBK
2022-06-27,793.7201089736778,803.893523304777,792.218331066438,797.8863525390625,2569316,INDUSINDBK
2022-06-28,793.5263644078476,797.8863993771214,786.744087788977,791.2009887695312,1280737,INDUSINDBK
2022-06-29,779.9616987032067,791.9275470720899,763.6842489924029,783.6434936523438,3774208,INDUSINDBK
2022-06-30,786.5502631939132,791.297880280008,765.6705528893253,769.6430053710938,2686640,INDUSINDBK
2022-07-01,768.3349796391954,784.8062213212462,758.6460139438714,782.0933227539062,2796110,INDUSINDBK
2022-07-04,787.5191818512842,813.873182443472,785.9689708727618,806.1220092773438,4711395,INDUSINDBK
2022-07-05,807.090825394862,812.9042046894228,795.5124998058445,798.419189453125,1836183,INDUSINDBK
2022-07-06,803.9904043506316,813.8731617130702,799.3881454004684,810.5304565429688,1660551,INDUSINDBK
2022-07-07,814.8420387471872,836.5453461925397,814.1153662988395,834.219970703125,3868679,INDUSINDBK
2022-07-08,840.0334108152343,840.5178591490378,819.8803719563615,822.2056884765625,1342616,INDUSINDBK
2022-07-11,818.7175982489341,833.2510467385603,816.8282381179321,831.65234375,1503503,INDUSINDBK
2022-07-12,823.5620529861975,834.3652729830111,818.7175703215728,820.7037963867188,1221366,INDUSINDBK
2022-07-13,829.5208044993268,829.5208044993268,764.9438258212137,793.57470703125,10850036,INDUSINDBK
2022-07-14,797.4987737616719,803.9903928575077,788.3911811357021,795.3672485351562,2463571,INDUSINDBK
2022-07-15,798.5161522090235,803.2152770388067,785.9689294797997,789.6991577148438,1365475,INDUSINDBK
2022-07-18,800.3086189416035,826.6626191893081,797.5957201962716,824.5794677734375,2536142,INDUSINDBK
2022-07-19,814.8421058219286,844.6841116632038,813.8732091443759,841.0991821289062,2608372,INDUSINDBK
2022-07-20,858.4424249941918,869.5363033747979,845.6529774897258,851.9508056640625,3995680,INDUSINDBK
2022-07-21,874.9136269793294,932.0785261950331,864.8370787171135,918.61083984375,23581540,INDUSINDBK
2022-07-22,920.5001870574307,926.2651335549194,909.4548014908158,913.1365966796875,4842122,INDUSINDBK
2022-07-25,910.7627951304089,936.438554780362,910.326779837304,932.126953125,6043152,INDUSINDBK
2022-07-26,929.1718105416909,939.7328068083885,922.2441764121479,931.69091796875,2983144,INDUSINDBK
2022-07-27,930.8189884724646,953.1520435876239,925.5384901012226,949.3248901367188,3405140,INDUSINDBK
2022-07-28,963.5192355953535,988.2745318953819,958.335603303849,986.0460815429688,7001490,INDUSINDBK
2022-07-29,990.4060938183592,1017.2929147200032,987.0633887970454,1011.0435791015625,5862550,INDUSINDBK
2022-08-01,1007.6524323872019,1015.3067389417675,992.6830276962371,1007.7977905273438,4299697,INDUSINDBK
2022-08-02,1000.8703401109378,1038.5604472412635,999.9499355102764,1034.0550537109375,5074834,INDUSINDBK
2022-08-03,1030.4700078404271,1036.7193434894414,1018.8432488480222,1025.38330078125,2753893,INDUSINDBK
2022-08-04,1028.0961527849129,1039.4806877704614,1011.3343126639136,1017.53515625,2142720,INDUSINDBK
2022-08-05,1022.6703949763056,1024.850412398093,1001.4031612153848,1004.067626953125,2382020,INDUSINDBK
2022-08-08,1004.0675882050529,1024.8018807088608,1001.5483624405065,1017.53515625,2057991,INDUSINDBK
2022-08-10,1012.88463334489,1034.2972267498305,1010.6077497556955,1030.0340576171875,2727232,INDUSINDBK
2022-08-11,1045.7101495454353,1060.7025606036373,1044.098561036177,1054.0609130859375,3998702,INDUSINDBK
2022-08-12,1052.058680663997,1062.7047977733587,1050.495975222894,1055.28173828125,2463516,INDUSINDBK
2022-08-16,1059.7258345345817,1071.3486578554796,1050.0564228902451,1059.1885986328125,3083931,INDUSINDBK
2022-08-17,1057.772293110944,1069.4927617326719,1056.7955873924666,1063.2418212890625,1768441,INDUSINDBK
2022-08-18,1057.2841365256675,1081.652901034779,1056.356313611582,1079.357666015625,2407824,INDUSINDBK
2022-08-19,1079.2110751092814,1079.2110751092814,1035.3081950929873,1038.5313720703125,3660413,INDUSINDBK
2022-08-22,1030.4246591048961,1042.4381886031845,1021.145953643762,1032.5733642578125,2662510,INDUSINDBK
2022-08-23,1010.8905371093505,1053.7679470214714,1010.011478014333,1046.100830078125,3030759,INDUSINDBK
2022-08-24,1051.9121787262657,1079.259941961489,1051.9121787262657,1076.232177734375,3685015,INDUSINDBK
2022-08-25,1083.1668419408054,1093.666430354569,1057.4794291075782,1064.560546875,3775014,INDUSINDBK
2022-08-26,1072.4231194952822,1076.0368837737178,1039.8500003213635,1044.8311767578125,3662548,INDUSINDBK
2022-08-29,1025.5410877488744,1038.1406163865743,1016.7507355681698,1034.5267333984375,1642550,INDUSINDBK
2022-08-30,1046.833364306365,1083.9481861307675,1045.0752461081786,1081.65283203125,3200407,INDUSINDBK
2022-09-01,1072.0812798910745,1094.8873393406336,1069.4929853505744,1085.510986328125,3487969,INDUSINDBK
2022-09-02,1090.9315965218136,1093.4222442328917,1069.4929499196217,1075.1090087890625,2428618,INDUSINDBK
2022-09-05,1073.8880638921303,1086.5363567447566,1071.0068293741303,1082.1900634765625,2419887,INDUSINDBK
2022-09-06,1089.0269637983592,1092.6896105375915,1072.0322590829658,1082.971435546875,2516672,INDUSINDBK
2022-09-07,1069.492959355439,1074.3764888502128,1060.7026062648465,1064.560546875,3165749,INDUSINDBK
2022-09-08,1077.3064440521923,1089.026913071799,1071.8369156883978,1082.4830322265625,2995969,INDUSINDBK
2022-09-09,1092.933776843472,1122.7721863595357,1090.540895353428,1110.6610107421875,4751837,INDUSINDBK
2022-09-12,1117.6444493732918,1118.3280957148954,1101.7240977872507,1110.367919921875,1918731,INDUSINDBK
2022-09-13,1118.3281900806076,1138.3995428422015,1110.3192498598282,1136.6903076171875,3571187,INDUSINDBK
2022-09-14,1121.8444673019183,1196.464828186851,1115.691291150183,1187.4302978515625,9043198,INDUSINDBK
2022-09-15,1190.604416335261,1191.5811221731078,1157.4453008310766,1167.99365234375,4063705,INDUSINDBK
2022-09-16,1167.9936537656827,1221.9078876165347,1157.396419257501,1198.7598876953125,16270762,INDUSINDBK
2022-09-19,1197.4413200065649,1226.7424942318478,1189.6276735464894,1197.1971435546875,6074889,INDUSINDBK
2022-09-20,1212.3362242186693,1246.0814614737426,1211.1153418176434,1234.6539306640625,5704241,INDUSINDBK
2022-09-21,1230.6492874304422,1235.5328163488168,1193.339174184771,1195.7320556640625,6121456,INDUSINDBK
2022-09-22,1190.604429490011,1209.6501935384565,1176.9305476090756,1188.2115478515625,5463724,INDUSINDBK
2022-09-23,1181.814023577257,1185.6719638147506,1148.6549092014843,1155.7847900390625,4197496,INDUSINDBK
2022-09-26,1142.7458685261506,1152.5129272315023,1109.244809476078,1122.821044921875,5082576,INDUSINDBK
2022-09-27,1139.2784899884232,1150.5594902362084,1114.0306676346247,1137.9599609375,4493527,INDUSINDBK
2022-09-28,1128.290552617237,1132.9787883978745,1106.607730392062,1114.32373046875,4898528,INDUSINDBK
2022-09-29,1132.978864015649,1147.4341592817395,1110.807687384682,1115.642333984375,4998273,INDUSINDBK
2022-09-30,1114.4213258245463,1164.5263814160476,1102.505562669458,1157.5916748046875,4392250,INDUSINDBK
2022-10-03,1150.5595147804054,1158.2755149982297,1126.1907510163076,1129.316162109375,3397982,INDUSINDBK
2022-10-04,1157.2988100003972,1193.5345739568381,1148.7526336320482,1190.8486328125,4446589,INDUSINDBK
2022-10-06,1196.4646114522056,1206.1827865239002,1169.40990833702,1172.926025390625,2773277,INDUSINDBK
2022-10-07,1173.0237114585432,1189.4811809837738,1154.9546534552267,1185.1348876953125,3338767,INDUSINDBK
2022-10-10,1165.307765012849,1188.5534127159917,1155.6872359118884,1182.107177734375,2547644,INDUSINDBK
2022-10-11,1186.69755407607,1187.6253769008895,1134.9321463674019,1137.4715576171875,21664338,INDUSINDBK
2022-10-12,1147.678290548672,1164.33105424576,1129.169642609756,1161.3521728515625,3412460,INDUSINDBK
2022-10-13,1161.3521763526717,1168.872763951217,1139.815763969977,1156.6639404296875,1982808,INDUSINDBK
2022-10-14,1173.2678545398308,1188.01608842896,1151.7314437335267,1154.0755615234375,2918993,INDUSINDBK
2022-10-17,1150.5594946361412,1175.7585533299232,1136.8856126964927,1171.7052001953125,3419791,INDUSINDBK
2022-10-18,1178.8839018272276,1200.029606264597,1175.074725357906,1194.75537109375,3451130,INDUSINDBK
2022-10-19,1199.2971382010126,1203.0085488984694,1181.8140796240266,1190.0184326171875,3896969,INDUSINDBK
2022-10-20,1185.720931857622,1185.720931857622,1123.309402620417,1132.929931640625,11242103,INDUSINDBK
2022-10-21,1138.8390995191783,1141.7692172709428,1112.565686499663,1115.642333984375,5309754,INDUSINDBK
2022-10-24,1132.978736210827,1132.978736210827,1116.374737490496,1119.1583251953125,674170,INDUSINDBK
2022-10-25,1119.1583321681182,1126.1906855589662,1095.6686288976048,1110.9539794921875,3514202,INDUSINDBK
2022-10-27,1123.211768753419,1126.7278860972017,1108.7564739517884,1115.886474609375,2590606,INDUSINDBK
2022-10-28,1118.3282045000205,1133.955498187357,1111.0029105840815,1120.2816162109375,2778938,INDUSINDBK
2022-10-31,1128.095252339356,1132.5880753864321,1112.4190758174316,1116.032958984375,2048520,INDUSINDBK
2022-11-01,1119.793254898268,1132.881137108769,1118.3281961260504,1124.3349609375,2664189,INDUSINDBK
2022-11-02,1119.3049994776995,1130.7324112057315,1108.5612342122067,1111.6866455078125,1947283,INDUSINDBK
2022-11-03,1107.047303686548,1124.1396576934317,1099.038362642614,1121.2584228515625,1742221,INDUSINDBK
2022-11-04,1126.8744658695543,1131.0254660688572,1115.4958179484588,1125.848876953125,1571565,INDUSINDBK
2022-11-07,1131.0253993517679,1131.0253993517679,1112.712164258637,1117.498046875,2601148,INDUSINDBK
2022-11-09,1129.072048894419,1145.5784028663493,1117.3515777986293,1122.235107421875,3456108,INDUSINDBK
2022-11-10,1116.374826412406,1130.8301211992768,1091.957179290525,1101.08935546875,2072769,INDUSINDBK
2022-11-11,1113.444580078125,1134.3948711967782,1104.2635219759848,1113.444580078125,2198448,INDUSINDBK
2022-11-14,1119.0117785138498,1132.9787190340337,1107.7308981491917,1126.0928955078125,2007506,INDUSINDBK
2022-11-15,1130.8788907776348,1140.548302933023,1120.4281854464011,1125.995361328125,1802234,INDUSINDBK
2022-11-16,1124.1883906339708,1131.025331324186,1109.5378034406524,1117.4490966796875,2331206,INDUSINDBK
2022-11-17,1114.8608008518106,1125.897624212532,1111.0517435683676,1119.793212890625,1721557,INDUSINDBK
2022-11-18,1124.5301824319986,1124.5301824319986,1095.8638914693115,1102.3590087890625,2082130,INDUSINDBK
2022-11-21,1093.4710155711089,1115.4468958598934,1090.9803681143342,1112.4678955078125,2602264,INDUSINDBK
2022-11-22,1116.3748523052593,1145.9202060080013,1111.9796757213803,1142.159912109375,3927395,INDUSINDBK
2022-11-23,1148.6059731140742,1155.4429134302293,1133.955386722313,1146.994384765625,3265438,INDUSINDBK
2022-11-24,1152.512919380119,1159.300977443379,1140.401742822631,1148.1666259765625,3496170,INDUSINDBK
2022-11-25,1152.5129219618902,1165.991510604364,1148.6549814816324,1159.447509765625,4715695,INDUSINDBK
2022-11-28,1152.5129670092706,1177.3700845815915,1151.243201643034,1169.9471435546875,2846018,INDUSINDBK
2022-11-29,1164.233347240209,1171.9004641463919,1150.9989355770913,1153.098876953125,1875146,INDUSINDBK
2022-11-30,1152.5129319473192,1156.1266959923698,1135.9089320802816,1140.59716796875,2421938,INDUSINDBK
2022-12-01,1147.6294063310806,1153.4407586128489,1135.0298766630235,1146.5550537109375,2693170,INDUSINDBK
2022-12-02,1142.4040474536976,1158.1289881533694,1139.8646360309144,1151.2431640625,2299901,INDUSINDBK
2022-12-05,1154.4663263605707,1170.0936201184127,1152.366384916503,1167.65185546875,3842074,INDUSINDBK
2022-12-06,1171.0213915204652,1179.860626854418,1151.5361581633763,1156.517333984375,3130375,INDUSINDBK
2022-12-07,1156.4197424265626,1161.3032717442422,1134.394977513111,1137.5205078125,2752097,INDUSINDBK
2022-12-08,1137.8622857004034,1166.4798140529388,1135.9577570330782,1163.110107421875,3666432,INDUSINDBK
2022-12-09,1167.6517073093978,1187.6741748960499,1161.5472964598086,1174.4886474609375,6171282,INDUSINDBK
2022-12-12,1173.3167713791634,1191.4834761283328,1167.4076533660352,1178.6397705078125,2790292,INDUSINDBK
2022-12-13,1184.548921781206,1212.0430965231637,1181.3257447332187,1206.182861328125,4161518,INDUSINDBK
2022-12-14,1212.8245136158343,1227.719278127726,1204.2783372565523,1223.958984375,3913725,INDUSINDBK
2022-12-15,1223.5681924356386,1243.8837207910183,1206.231664464589,1210.7244873046875,3097282,INDUSINDBK
2022-12-16,1206.231690446657,1219.7102784840622,1180.0559267203394,1200.90869140625,1944616,INDUSINDBK
2022-12-19,1205.206107130013,1212.7755772867133,1183.8651086626078,1195.0484619140625,1382378,INDUSINDBK
2022-12-20,1186.6974837112912,1205.5967160880045,1181.7650719936325,1200.029541015625,1245359,INDUSINDBK
2022-12-21,1207.2083436853043,1209.3082849569737,1163.2077006199784,1173.8050537109375,1495106,INDUSINDBK
2022-12-22,1179.7141279736366,1180.6420700600488,1142.9411291595452,1152.659423828125,2126536,INDUSINDBK
2022-12-23,1133.027576266927,1152.2197492674902,1116.3746951964265,1121.1116943359375,2621761,INDUSINDBK
2022-12-26,1123.2116397319742,1179.8605746054127,1114.4212877688542,1167.8470458984375,2100374,INDUSINDBK
2022-12-27,1173.658638734353,1181.7652259621266,1157.3964620675392,1174.34228515625,1462244,INDUSINDBK
2022-12-28,1170.0936083175309,1198.4180779679552,1166.1867849174723,1185.867431640625,2834356,INDUSINDBK
2022-12-29,1177.9072594826218,1206.1340824980025,1173.8051425880744,1202.471435546875,3134405,INDUSINDBK
2022-12-30,1209.1617684297812,1209.1617684297812,1183.2790649860096,1191.6787109375,1767556,INDUSINDBK
2023-01-02,1191.6787915226314,1202.4225559428,1183.5233214672246,1197.783203125,2587946,INDUSINDBK
2023-01-03,1197.9786217998274,1220.7357968307442,1193.8276218895394,1212.0430908203125,2195814,INDUSINDBK
2023-01-04,1228.6959443133408,1243.7372380652366,1178.0048874712725,1194.60888671875,8001367,INDUSINDBK
2023-01-05,1200.6157147973197,1203.7900089385369,1175.758597597582,1187.52783203125,2364186,INDUSINDBK
2023-01-06,1185.720885859251,1189.3346497646476,1148.7037107996716,1154.36865234375,3029739,INDUSINDBK
2023-01-09,1162.4265765443438,1195.097341934145,1160.375517954155,1190.2626953125,2836421,INDUSINDBK
2023-01-10,1186.697616071455,1202.4714395049232,1176.9305575029657,1198.955322265625,2442613,INDUSINDBK
2023-01-11,1203.6922206823638,1209.3570426400115,1179.2745763129017,1184.98828125,2675249,INDUSINDBK
2023-01-12,1185.7208861831027,1196.2204739314293,1169.409946395022,1180.98388671875,1862790,INDUSINDBK
2023-01-13,1184.7442224519775,1208.478222826604,1181.9117515784983,1205.645751953125,2184432,INDUSINDBK
2023-01-16,1211.1152197964998,1220.8822780206651,1203.8875728652606,1210.3826904296875,2398823,INDUSINDBK
2023-01-17,1211.1151760978514,1211.1151760978514,1184.451060417243,1201.68994140625,1803413,INDUSINDBK
2023-01-18,1203.3015829415372,1209.1618179233953,1189.6277013172016,1194.51123046875,1865108,INDUSINDBK
2023-01-19,1186.6977035672735,1215.998881433132,1155.6872903259066,1172.5843505859375,9691261,INDUSINDBK
2023-01-20,1180.446706432486,1199.3948244093936,1170.582000858842,1174.43994140625,4144033,INDUSINDBK
2023-01-23,1184.45122059627,1191.7277512308374,1172.535456072013,1176.6375732421875,1848813,INDUSINDBK
2023-01-24,1178.200311788713,1191.3858407328587,1170.43542876331,1184.060546875,2472106,INDUSINDBK
2023-01-25,1181.8139649110285,1182.7906706671533,1124.5301484689526,1129.2183837890625,3420414,INDUSINDBK
2023-01-27,1135.9577598575836,1141.4272886437852,1080.236644732864,1090.3944091796875,4781085,INDUSINDBK
2023-01-30,1084.1435821652374,1098.5988776181598,1030.4247560219148,1063.681640625,7991091,INDUSINDBK
2023-01-31,1071.4952817237365,1073.2532808510366,1043.4637501660113,1057.7236328125,6080048,INDUSINDBK
2023-02-01,1068.5161007799213,1092.9337447648372,966.9387018026711,1017.5808715820312,7563064,INDUSINDBK
2023-02-02,1010.7929491453408,1055.819066817355,1004.4443608619802,1050.837890625,4494575,INDUSINDBK
2023-02-03,1084.1435776007872,1104.6544020418833,1053.8656939020266,1077.8438720703125,9207051,INDUSINDBK
2023-02-06,1083.166765783816,1108.5611173711732,1074.815883244182,1102.847412109375,2865938,INDUSINDBK
2023-02-07,1107.5843940120715,1121.4048051372085,1096.3522771415787,1116.277099609375,3603258,INDUSINDBK
2023-02-08,1117.3515148666584,1124.432632421539,1109.5378679095488,1118.6700439453125,1675932,INDUSINDBK
2023-02-09,1123.3582490167205,1140.9877179443642,1111.784308624126,1136.6903076171875,2284751,INDUSINDBK
2023-02-10,1132.9787575360972,1139.8156983143322,1120.3792285422783,1134.1507568359375,2126093,INDUSINDBK
2023-02-13,1137.8623266020893,1142.7458559008107,1121.844326656925,1130.3905029296875,2112106,INDUSINDBK
2023-02-14,1133.6625156328944,1134.9322810218305,1110.5146329791921,1129.9022216796875,2433798,INDUSINDBK
2023-02-15,1128.095280468123,1133.4182797718236,1118.3282217627714,1122.821044921875,2050158,INDUSINDBK
2023-02-16,1128.4370383542177,1129.1695677147143,1117.0583917758147,1121.60009765625,1918858,INDUSINDBK
2023-02-17,1115.3981272987428,1117.25389233663,1083.166832902194,1088.7340087890625,3146155,INDUSINDBK
2023-02-20,1091.224479679855,1096.6452441861595,1078.0878352679072,1083.459716796875,1613608,INDUSINDBK
2023-02-21,1084.1435167950135,1086.2434582629928,1070.4696346012026,1076.085693359375,1767689,INDUSINDBK
2023-02-22,1071.202233895097,1071.3975273913197,1054.0609970501864,1067.29541015625,1983022,INDUSINDBK
2023-02-23,1067.2464461754098,1071.9835649807005,1041.8033300431275,1050.5447998046875,3193602,INDUSINDBK
2023-02-24,1054.8911440238298,1064.2674958321913,1044.68449690637,1054.0120849609375,1862986,INDUSINDBK
2023-02-27,1054.7935363545164,1064.4629490438485,1042.194125060477,1056.7469482421875,2047252,INDUSINDBK
2023-02-28,1057.28418348357,1064.511831308402,1043.170830295456,1052.595947265625,1360243,INDUSINDBK
2023-03-01,1051.9612156577928,1080.7740418543747,1045.1730376109906,1074.8160400390625,4006038,INDUSINDBK
2023-03-02,1074.3276064094068,1084.631901339323,1067.9302543040853,1076.3787841796875,3831094,INDUSINDBK
2023-03-03,1083.1666731148055,1106.8029044947698,1079.0156736912365,1100.161376953125,3365349,INDUSINDBK
2023-03-06,1105.6310528755316,1113.4446998923197,1090.6386415074276,1094.49658203125,3623590,INDUSINDBK
2023-03-08,1083.8015608241617,1151.5360808345088,1079.7970910890067,1146.896728515625,7227479,INDUSINDBK
2023-03-09,1146.8968303982406,1155.1011832837046,1135.2252433235656,1142.550537109375,3086720,INDUSINDBK
2023-03-10,1128.1928103887544,1135.1762804853213,1111.4911655773676,1118.1328125,3255900,INDUSINDBK
2023-03-13,1092.9338842023556,1093.4222371443584,1030.4247076259921,1035.4058837890625,12242080,INDUSINDBK
2023-03-14,1035.405789374675,1057.1863762926366,1027.6897897492618,1039.2149658203125,5410127,INDUSINDBK
2023-03-15,1054.6471243442388,1061.2398894557512,1015.7741801441559,1020.0228271484375,4117107,INDUSINDBK
2023-03-16,1015.7740679740232,1017.6785966607599,978.561599521486,994.0911865234375,9261210,INDUSINDBK
2023-03-17,1013.8206851105081,1014.406684782555,982.8102739811644,996.7283325195312,5324960,INDUSINDBK
2023-03-20,996.2399761339931,996.2399761339931,967.1341534598162,978.9522705078125,5439347,INDUSINDBK
2023-03-21,983.8846188234357,1005.958147292879,972.7990312186612,999.0235595703125,6200518,INDUSINDBK
2023-03-22,1004.0536626360913,1019.6809569961861,1000.2933687760524,1007.1303100585938,2992139,INDUSINDBK
2023-03-23,1004.2001121417841,1021.8295806472933,990.6238774056812,994.5307006835938,3703523,INDUSINDBK
2023-03-24,995.2632685038457,1001.0746206635696,981.2475632981435,986.0333862304688,2709449,INDUSINDBK
2023-03-27,990.3797663736747,997.1678841901379,980.6127075336976,989.2565307617188,2116764,INDUSINDBK
2023-03-28,993.993559025631,1014.2113821156787,983.7381475639223,1012.0137939453125,4396283,INDUSINDBK
2023-03-29,1006.9838287722193,1039.1662419525417,1001.1235931052616,1032.475830078125,5803091,INDUSINDBK
2023-03-31,1038.2383516260688,1050.935528080574,1035.6989401805263,1043.072998046875,3097113,INDUSINDBK
2023-04-03,1048.005279774406,1055.9654555584023,1039.2149279403245,1053.621337890625,1534155,INDUSINDBK
2023-04-05,1063.6326897037027,1063.8279831864859,1035.4058662876953,1042.3404541015625,2979782,INDUSINDBK
2023-04-06,1042.3404814581388,1067.979011152814,1039.4592467641214,1056.7957763671875,3458673,INDUSINDBK
2023-04-10,1056.7955945096787,1057.7723002347338,1038.2381857336309,1044.3914794921875,1602094,INDUSINDBK
2023-04-11,1052.3028983956622,1052.9865447945936,1030.473546664447,1049.1773681640625,1932390,INDUSINDBK
2023-04-12,1048.4937173116205,1052.009834483796,1032.915306882987,1049.714599609375,3005913,INDUSINDBK
2023-04-13,1048.0052510149783,1088.5385389153712,984.4705550359555,1083.459716796875,6082307,INDUSINDBK
2023-04-17,1081.6040635058598,1110.221472881882,1079.2599456608773,1098.1591796875,5360050,INDUSINDBK
2023-04-18,1103.6776072984612,1122.7233713182134,1100.7963727400345,1120.1839599609375,4455007,INDUSINDBK
2023-04-19,1116.3747981247543,1119.2072689644795,1092.4943875353736,1094.30126953125,2207739,INDUSINDBK
2023-04-20,1092.8849471444385,1105.1915360554472,1086.4875954568004,1099.966064453125,2530597,INDUSINDBK
2023-04-21,1099.9661100899361,1109.2936988983984,1082.5319340450576,1090.3455810546875,1894300,INDUSINDBK
2023-04-24,1104.410126840138,1114.4213616843665,1066.5627755997618,1076.329833984375,7711772,INDUSINDBK
2023-04-25,1093.8617546884632,1101.333578871517,1087.171342937325,1095.619873046875,5268567,INDUSINDBK
2023-04-26,1091.7130195256702,1113.249432307456,1089.173608031493,1111.2960205078125,2688362,INDUSINDBK
2023-04-27,1113.4447533065352,1121.69787067322,1103.6776940670043,1118.0841064453125,2990958,INDUSINDBK
2023-04-28,1121.9908268844392,1130.5858859149432,1108.5611216660182,1125.946533203125,2239678,INDUSINDBK
2023-05-02,1131.9532311046555,1134.7857019999353,1123.2117611757867,1124.0908203125,2000569,INDUSINDBK
2023-05-03,1115.886537556044,1132.8812447742487,1113.737832176634,1119.4515380859375,1816420,INDUSINDBK
2023-05-04,1119.4514101761717,1124.1884096032522,1102.700881357143,1108.17041015625,2752160,INDUSINDBK
2023-05-05,1104.6544717675595,1128.0465324754518,1040.5336998483342,1048.298583984375,8504838,INDUSINDBK
2023-05-08,1061.6791996236288,1108.2192546208396,1061.6791996236288,1100.112548828125,6764292,INDUSINDBK
2023-05-09,1108.5611108762553,1123.114051507565,1104.751934315112,1114.0306396484375,4181498,INDUSINDBK
2023-05-10,1128.095215464425,1148.410744091641,1123.2116863931506,1145.2364501953125,6466598,INDUSINDBK
2023-05-11,1147.6293665748658,1172.0470126722034,1142.0133079724783,1159.789306640625,6086958,INDUSINDBK
2023-05-12,1164.721781397339,1185.7209581688635,1148.6550170930998,1180.49560546875,3983609,INDUSINDBK
2023-05-15,1180.4466015569988,1194.1693656856587,1168.1401323690357,1191.1416015625,3323300,INDUSINDBK
2023-05-16,1191.141616151619,1197.5389676596383,1180.4954989962514,1191.8741455078125,2888698,INDUSINDBK
2023-05-17,1188.6999222678298,1218.9289211390148,1185.7209216849071,1207.35498046875,4661849,INDUSINDBK
2023-05-18,1218.9288928866283,1218.9288928866283,1202.03183410061,1210.0408935546875,2489971,INDUSINDBK
2023-05-19,1214.0454256106646,1221.8590727586013,1193.1438956445752,1218.928955078125,2366675,INDUSINDBK
2023-05-22,1217.9522464747624,1221.8590700400382,1203.7900110506373,1217.1220703125,2106351,INDUSINDBK
2023-05-23,1216.9755504836608,1237.3887276236494,1215.9988445843962,1230.8447265625,2142459,INDUSINDBK
2023-05-24,1225.7659085429157,1246.1790857656028,1218.587143999597,1242.125732421875,2782379,INDUSINDBK
2023-05-25,1239.3908608635102,1242.2722147040367,1220.5892729446252,1233.97021484375,2589092,INDUSINDBK
2023-05-26,1227.1819581274215,1242.8092509708215,1226.644841471999,1238.5118408203125,1981580,INDUSINDBK
2023-05-29,1242.5651883511623,1264.8341303837717,1242.3698948634421,1255.0181884765625,2985334,INDUSINDBK
2023-05-30,1255.0181714438295,1265.9573488239507,1246.6674077150303,1263.1248779296875,1818000,INDUSINDBK
2023-05-31,1258.973756400366,1267.1781088366943,1247.4974634308514,1256.629638671875,2764078,INDUSINDBK
2023-06-01,1250.1834579141516,1267.7641627910696,1222.347341859032,1260.0970458984375,3244947,INDUSINDBK
2023-06-02,1266.2683933017179,1276.6856098883832,1255.0117726501464,1271.995361328125,1912458,INDUSINDBK
2023-06-05,1278.7099288601476,1290.015848743113,1266.5153061551912,1285.4244384765625,3040374,INDUSINDBK
2023-06-06,1285.6218500998996,1299.3470229905606,1283.6470085482867,1289.571533203125,2902701,INDUSINDBK
2023-06-07,1293.4717787352222,1296.236605082229,1286.8066885929215,1294.7060546875,2679118,INDUSINDBK
2023-06-08,1299.8899633382362,1307.246320049734,1283.6469406493072,1287.448486328125,3215312,INDUSINDBK
2023-06-09,1282.6596333516202,1319.5891957860183,1282.0672049720372,1314.3065185546875,4233651,INDUSINDBK
2023-06-12,1320.1322365288827,1320.1322365288827,1302.0130883219654,1315.6888427734375,1904622,INDUSINDBK
2023-06-13,1319.1941848398035,1326.0074124463035,1315.59007482367,1319.4410400390625,3756073,INDUSINDBK
2023-06-14,1318.2561051154123,1319.4409617876795,1301.6179692442963,1306.6044921875,2858453,INDUSINDBK
2023-06-15,1298.458303025934,1303.3459875876786,1272.2916528128637,1280.783447265625,5952095,INDUSINDBK
2023-06-16,1280.7833909317396,1302.0129363972642,1278.2655404183101,1297.4708251953125,3508045,INDUSINDBK
2023-06-19,1293.5213363688013,1300.6801376578653,1274.3653474331788,1285.029541015625,2679485,INDUSINDBK
2023-06-20,1278.7098839814964,1298.8532915890066,1269.0331123212457,1282.067138671875,2102065,INDUSINDBK
2023-06-21,1281.425292938869,1291.052645361257,1268.2432498828591,1270.41552734375,1490552,INDUSINDBK
2023-06-22,1270.4156031955924,1272.8348565260067,1253.08644012149,1256.6904296875,3185099,INDUSINDBK
2023-06-23,1256.6904001359012,1301.4206104541888,1246.125045821841,1292.237548828125,4636121,INDUSINDBK
2023-06-26,1298.2609572921588,1309.9124507814001,1289.4728877860593,1298.5078125,2236596,INDUSINDBK
2023-06-27,1302.16118877723,1304.3334663379662,1281.0303594078443,1299.3963623046875,2638788,INDUSINDBK
2023-06-28,1308.3325921545957,1330.0064310333623,1299.692659942254,1317.268798828125,5550351,INDUSINDBK
2023-06-30,1325.020000897921,1364.8624062294618,1320.2310341058233,1357.3580322265625,4590286,INDUSINDBK
2023-07-03,1362.5912136483444,1369.5525781390181,1350.3965915115928,1362.9862060546875,2890340,INDUSINDBK
2023-07-04,1371.527588283928,1376.4646926334021,1346.1509201415404,1350.14990234375,2262047,INDUSINDBK
2023-07-05,1354.0994854312862,1395.3243036930148,1354.0994854312862,1381.94482421875,5288351,INDUSINDBK
2023-07-06,1377.6988032815157,1379.1305151570282,1356.1236839720898,1372.7122802734375,3337234,INDUSINDBK
2023-07-07,1367.1335831897836,1376.4152427323347,1335.980407224267,1340.02880859375,2922616,INDUSINDBK
2023-07-10,1344.1265297633674,1355.1362955098878,1328.2290793952493,1349.80419921875,1941110,INDUSINDBK
2023-07-11,1354.7412459331258,1366.2447215817106,1352.7664044667508,1363.57861328125,2110648,INDUSINDBK
2023-07-12,1354.6919525999838,1367.3804066286284,1334.0055345308263,1354.1982421875,4921224,INDUSINDBK
2023-07-13,1366.5903966863716,1373.996052737779,1349.211814592689,1358.9873046875,5174896,INDUSINDBK
2023-07-14,1358.8884819283292,1366.5409932701416,1349.804258613891,1359.678466796875,3885754,INDUSINDBK
2023-07-17,1362.6406271069309,1387.0792905278704,1352.3714272594632,1373.008544921875,4003275,INDUSINDBK
2023-07-18,1380.4142296799137,1391.473294035691,1365.1092078200863,1372.76171875,4106331,INDUSINDBK
2023-07-19,1412.0117363952081,1425.2431991508993,1392.2633205015688,1401.6932373046875,8850582,INDUSINDBK
2023-07-20,1408.0620618940115,1415.4677178997654,1400.360131434121,1407.2227783203125,4491531,INDUSINDBK
2023-07-21,1404.1617641885016,1412.3572843169877,1382.9815162003642,1389.6466064453125,2138540,INDUSINDBK
2023-07-24,1390.7822167177071,1421.29354398162,1387.6225183263628,1417.6400146484375,2738185,INDUSINDBK
2023-07-25,1418.92361871113,1427.8104054671496,1393.6456716009595,1397.6446533203125,2982900,INDUSINDBK
2023-07-26,1403.5692207057114,1411.9129986246353,1393.4481577021402,1409.7406005859375,1537232,INDUSINDBK
2023-07-27,1415.1714284824866,1415.1714284824866,1387.474347634678,1397.7928466796875,3362598,INDUSINDBK
2023-07-28,1397.3977778817605,1404.0628678521857,1380.0191970287885,1384.314453125,1565680,INDUSINDBK
2023-07-31,1391.6214130586302,1402.038750208637,1378.4393701232148,1399.915771484375,1721385,INDUSINDBK
2023-08-01,1402.8780845490544,1405.2972172657455,1371.8730476989447,1377.0570068359375,1578914,INDUSINDBK
2023-08-02,1372.5148092830882,1376.6126294033668,1351.8776920005855,1363.8748779296875,1913777,INDUSINDBK
2023-08-03,1358.9378878606376,1363.233144271173,1337.0171941232227,1347.335693359375,3631489,INDUSINDBK
2023-08-04,1352.815867200844,1397.1016644008253,1349.1130393323713,1391.8682861328125,4063355,INDUSINDBK
2023-08-07,1392.2633065050345,1399.8170996153656,1381.7472510404373,1397.447265625,2792582,INDUSINDBK
2023-08-08,1397.447332325145,1403.0755828529814,1384.660280766143,1386.2894287109375,1846797,INDUSINDBK
2023-08-09,1387.3262345140267,1392.7076297009041,1374.489764016744,1390.7327880859375,1218020,INDUSINDBK
2023-08-10,1384.8081806714395,1415.9613535039268,1382.4877660191623,1412.2091064453125,3730443,INDUSINDBK
2023-08-11,1413.7397234881366,1413.7397234881366,1375.2303124764117,1379.6737060546875,3074690,INDUSINDBK
2023-08-14,1377.451953436975,1379.920505324855,1361.7026406062055,1371.4287109375,1783022,INDUSINDBK
2023-08-16,1366.5904461742134,1370.5895488006981,1349.8042918498193,1363.3319091796875,2051360,INDUSINDBK
2023-08-17,1363.7761368537983,1373.749061911488,1352.7663718373683,1357.0123291015625,3329471,INDUSINDBK
2023-08-18,1351.7790804030199,1359.6784468334247,1343.7315767450916,1354.445068359375,1720129,INDUSINDBK
2023-08-21,1357.703675243726,1382.3891966117935,1349.0143235082571,1380.2169189453125,1763990,INDUSINDBK
2023-08-22,1385.351362549998,1386.9312117004079,1376.5632934489645,1383.524658203125,1224910,INDUSINDBK
2023-08-23,1383.5247241459538,1390.2885327444683,1374.6379366497179,1383.3765869140625,1681561,INDUSINDBK
2023-08-24,1390.5353426803938,1416.9488491009163,1384.6108178757906,1407.2227783203125,3559546,INDUSINDBK
2023-08-25,1400.113255084576,1403.569227835057,1371.5768908012717,1383.524658203125,1862535,INDUSINDBK
2023-08-28,1382.3891363870443,1393.4976205187259,1376.2671755683798,1391.72021484375,1072295,INDUSINDBK
2023-08-29,1391.720172393209,1395.9167107149517,1374.9340191062383,1382.5372314453125,1831565,INDUSINDBK
2023-08-30,1387.474398852175,1393.1520686061408,1369.4045495082546,1374.93408203125,1500390,INDUSINDBK
2023-08-31,1374.934009601974,1384.2652082443224,1346.1013711928595,1360.81396484375,4106180,INDUSINDBK
2023-09-01,1364.6155207974093,1405.6922012238665,1358.8884320475959,1398.73095703125,2792033,INDUSINDBK
2023-09-04,1405.9390572757713,1409.5431672394132,1397.200407456231,1403.9149169921875,998692,INDUSINDBK
2023-09-05,1407.0747301806684,1411.8143985383442,1398.5335156063013,1405.8404541015625,1469938,INDUSINDBK
2023-09-06,1403.8654858881903,1403.8654858881903,1378.883692084012,1390.9302978515625,4046484,INDUSINDBK
2023-09-07,1390.9303410954763,1425.0456575879864,1380.4142854150818,1421.490966796875,2278316,INDUSINDBK
2023-09-08,1426.823087731472,1441.5849808058592,1416.0601766651598,1430.6246337890625,2862657,INDUSINDBK
2023-09-11,1430.822082099654,1433.734925090307,1413.7396549573327,1431.95751953125,2220230,INDUSINDBK
2023-09-12,1431.8589032630268,1435.6111505832064,1407.1733828270228,1411.1724853515625,1943026,INDUSINDBK
2023-09-13,1411.9129265538947,1441.288693284293,1398.2371735443412,1436.74658203125,4302942,INDUSINDBK
2023-09-14,1441.584939205297,1449.3855875806232,1432.2044416673796,1439.9063720703125,2407947,INDUSINDBK
2023-09-15,1445.979015183192,1445.979015183192,1428.2547398509855,1431.7601318359375,1647901,INDUSINDBK
2023-09-18,1435.7098198773767,1444.349751737024,1426.9711700462863,1438.5733642578125,1504046,INDUSINDBK
2023-09-20,1422.8733298328177,1457.0874836265898,1404.4086096443118,1422.3302001953125,5683215,INDUSINDBK
2023-09-21,1412.9991382509168,1425.4900352431762,1388.659191881291,1393.5469970703125,2514377,INDUSINDBK
2023-09-22,1398.1879257684132,1445.090416216153,1395.2256632138192,1434.623779296875,4397398,INDUSINDBK
2023-09-25,1433.24137292233,1436.2530547479598,1416.0602259157208,1424.6014404296875,2013653,INDUSINDBK
2023-09-26,1421.8860272237246,1425.7862913761587,1393.892670169712,1405.1492919921875,2870137,INDUSINDBK
2023-09-27,1407.0745737502887,1420.8984642994144,1400.4589029156825,1418.3804931640625,3697690,INDUSINDBK
2023-09-28,1418.923685061704,1427.16862460838,1391.7201938948056,1395.2255859375,5876746,INDUSINDBK
2023-09-29,1397.249885648559,1421.8365677459715,1381.6980076657346,1410.876220703125,2593595,INDUSINDBK
2023-10-03,1413.986617168406,1420.3061345364474,1402.1375673038663,1417.3438720703125,1442499,INDUSINDBK
2023-10-04,1406.9265396918345,1410.5306498133623,1368.7627006634343,1383.6728515625,3978667,INDUSINDBK
2023-10-05,1390.9795059989108,1397.5952970769338,1376.7607442023484,1384.2156982421875,1647175,INDUSINDBK
2023-10-06,1387.2768564376786,1419.911163307578,1383.4753103229816,1416.75146484375,2167139,INDUSINDBK
2023-10-09,1402.2362997716236,1426.8231026016088,1392.26337347285,1410.580078125,1613546,INDUSINDBK
2023-10-10,1415.9613023674362,1418.281716935913,1394.2874659321296,1402.6805419921875,1874201,INDUSINDBK
2023-10-11,1412.949740460662,1413.8878625381449,1396.7561358267578,1403.3223876953125,1855211,INDUSINDBK
2023-10-12,1415.270313102843,1425.835667689683,1403.1249887721883,1406.3341064453125,2069952,INDUSINDBK
2023-10-13,1403.3223373821818,1447.855110133086,1402.1374806828333,1445.2877197265625,4480890,INDUSINDBK
2023-10-16,1444.448467998945,1444.448467998945,1426.2799014886368,1428.2054443359375,1913782,INDUSINDBK
2023-10-17,1436.5985566619836,1440.1038282070733,1407.6177800743942,1417.936279296875,1373704,INDUSINDBK
2023-10-18,1418.923611751512,1425.835556972292,1397.7927836838905,1402.4830322265625,3067244,INDUSINDBK
2023-10-19,1433.2412709014957,1446.2751770629948,1405.1491977532603,1432.105712890625,13948984,INDUSINDBK
2023-10-20,1429.7851979585648,1453.2858592328357,1424.946812339185,1450.6197509765625,5135316,INDUSINDBK
2023-10-23,1450.5211598466083,1451.2617254489805,1412.0611677773115,1416.9488525390625,3319090,INDUSINDBK
2023-10-25,1426.7736422110352,1428.7484838185994,1392.3127525868529,1394.9293212890625,4045910,INDUSINDBK
2023-10-26,1394.8800167990432,1411.320597220953,1376.1190216047987,1396.8548583984375,4194418,INDUSINDBK
2023-10-27,1402.1375660300175,1426.3293761481411,1394.9293458217305,1423.169677734375,2424655,INDUSINDBK
2023-10-30,1421.885945806371,1442.5230645434303,1410.0368962579846,1436.3516845703125,2255111,INDUSINDBK
2023-10-31,1437.684715591342,1441.6343988759336,1418.4794288339226,1423.169677734375,1454345,INDUSINDBK
2023-11-01,1425.7370055072936,1427.4155727573227,1409.1977060831953,1414.5791015625,2658439,INDUSINDBK
2023-11-02,1428.797886826815,1461.3333537275903,1420.997238458679,1442.8192138671875,4524652,INDUSINDBK
2023-11-03,1452.4959387895137,1456.4456218317694,1429.7852612965437,1432.0069580078125,3052041,INDUSINDBK
2023-11-06,1444.596570590142,1453.3846394532475,1437.6846252763137,1451.75537109375,2090640,INDUSINDBK
2023-11-07,1451.0642544830007,1471.701252343254,1445.8308761386295,1467.7022705078125,2830149,INDUSINDBK
2023-11-08,1475.1571965747314,1477.132038095249,1462.617001133349,1470.2200927734375,3210977,INDUSINDBK
2023-11-09,1470.2201056205251,1497.2261600773966,1466.1717045750406,1488.388671875,3207721,INDUSINDBK
2023-11-10,1481.081726513111,1490.462223769624,1474.3673376398322,1479.9462890625,2247500,INDUSINDBK
2023-11-13,1483.1060993674678,1496.929991105913,1477.3297115694286,1490.6104736328125,2026629,INDUSINDBK
2023-11-15,1519.1468705401783,1519.1468705401783,1471.5038178891782,1475.1572265625,6293703,INDUSINDBK
2023-11-16,1481.1312117570656,1487.6481649818431,1474.219266102199,1479.7982177734375,2728834,INDUSINDBK
2023-11-17,1471.800179807412,1490.0180460733268,1466.863075612338,1479.6007080078125,4182376,INDUSINDBK
2023-11-20,1480.0450428547392,1490.462259844568,1471.9481200743892,1485.870849609375,2125867,INDUSINDBK
2023-11-21,1486.5620712545044,1488.4874936742372,1475.3054495970348,1483.155517578125,1661103,INDUSINDBK
2023-11-22,1481.1311959461766,1486.5620103313124,1440.59752400321,1451.903564453125,3914008,INDUSINDBK
2023-11-23,1456.4456592425365,1477.428350943488,1451.9528464526622,1467.406005859375,3832098,INDUSINDBK
2023-11-24,1472.688659913835,1473.1330715814067,1455.4582156829183,1457.6304931640625,2813844,INDUSINDBK
2023-11-28,1461.3827557461982,1468.0972652702887,1449.5337063752831,1458.963623046875,4305915,INDUSINDBK
2023-11-29,1465.3324747421307,1470.8127084242437,1452.7428594773312,1464.88818359375,3477076,INDUSINDBK
2023-11-30,1481.1311815841932,1481.1311815841932,1431.8095614513452,1447.6575927734375,45549217,INDUSINDBK
2023-12-01,1460.3954204898318,1474.2193122321291,1439.8077201091505,1442.6712646484375,4063279,INDUSINDBK
2023-12-04,1471.256977245269,1498.4604682263605,1454.9151149552495,1495.596923828125,4254987,INDUSINDBK
2023-12-05,1500.6820974524953,1506.3103474887957,1467.800938408453,1487.6480712890625,3457904,INDUSINDBK
2023-12-06,1497.9173641038974,1502.212620507064,1474.5648379131885,1482.7110595703125,3405245,INDUSINDBK
2023-12-07,1486.0682663265543,1495.8930548235792,1477.2308986044975,1485.8214111328125,1931490,INDUSINDBK
2023-12-08,1491.0053458700763,1501.8175549656273,1475.2560329802536,1489.968505859375,2568088,INDUSINDBK
2023-12-11,1493.7702130371047,1518.6037493732435,1491.0053866228388,1502.706298828125,2194782,INDUSINDBK
2023-12-12,1509.6676931038012,1509.6676931038012,1471.207580422272,1478.1689453125,1621785,INDUSINDBK
2023-12-13,1483.1059502086957,1493.6220051876332,1476.1940050346207,1487.9443359375,2562565,INDUSINDBK
2023-12-14,1503.8418577753764,1534.9456125488002,1496.5349198486351,1532.1807861328125,3427500,INDUSINDBK
2023-12-15,1533.415091608975,1558.1500309993928,1527.5894052846356,1551.0406494140625,3478643,INDUSINDBK
2023-12-18,1550.2506569019827,1550.2506569019827,1532.4770824916416,1536.7723388671875,1352458,INDUSINDBK
2023-12-19,1536.7723516405038,1566.0988219821813,1522.800323089289,1546.8441162109375,2297704,INDUSINDBK
2023-12-20,1558.150072234968,1561.1123347297114,1530.0085785349067,1536.574951171875,3218717,INDUSINDBK
2023-12-21,1522.7015467358149,1554.2002934352608,1508.3346468397197,1550.2506103515625,2400593,INDUSINDBK
2023-12-22,1554.496650575181,1571.085248088322,1538.3029249636063,1542.6968994140625,2214206,INDUSINDBK
2023-12-26,1543.2892996634705,1562.840279825278,1537.4141940849522,1551.0406494140625,1129332,INDUSINDBK
2023-12-27,1553.3610929835124,1579.873317994148,1547.58470527155,1577.3553466796875,1887827,INDUSINDBK
2023-12-28,1579.8731902814284,1598.337909978939,1571.9738243300212,1590.29052734375,3143161,INDUSINDBK
2023-12-29,1594.6845776929715,1598.5355428853748,1567.0862147944817,1578.83642578125,1779207,INDUSINDBK
2024-01-01,1578.8363888682907,1591.1298497514376,1571.776426804504,1578.7376708984375,1341121,INDUSINDBK
2024-01-02,1574.0474357326812,1578.1452560621633,1550.2506191256664,1555.7801513671875,1227193,INDUSINDBK
2024-01-03,1555.6814222199453,1584.7609156654357,1538.4015587551094,1581.0087890625,2620296,INDUSINDBK
2024-01-04,1572.9612299871114,1634.181315523333,1572.9612299871114,1627.8125,4271262,INDUSINDBK
2024-01-05,1633.1939778445942,1633.1939778445942,1608.508458227838,1622.52978515625,2294140,INDUSINDBK
2024-01-08,1612.4581309175048,1629.2937034009406,1601.5965023565175,1606.63232421875,1791003,INDUSINDBK
2024-01-09,1611.4214014617762,1623.2211528926757,1600.6091914116762,1604.6575927734375,1619091,INDUSINDBK
2024-01-10,1599.621635995957,1622.0854583533076,1599.621635995957,1619.5181884765625,1629958,INDUSINDBK
2024-01-11,1623.270310722963,1647.215264160853,1621.8880180863162,1636.9954833984375,1914421,INDUSINDBK
2024-01-12,1636.9955131365978,1656.7439287018606,1626.677014217653,1652.9423828125,2161848,INDUSINDBK
2024-01-15,1663.6066089087324,1673.1845424367182,1647.067310540001,1667.6055908203125,2930339,INDUSINDBK
2024-01-16,1667.6055343336818,1670.4690786582246,1642.1301509256293,1646.079833984375,1316138,INDUSINDBK
2024-01-17,1629.2443120797034,1655.9540928037645,1611.3226005398737,1623.2210693359375,6683398,INDUSINDBK
2024-01-18,1614.3835172692227,1618.9750478928856,1575.0348242383402,1592.6109619140625,3557256,INDUSINDBK
2024-01-19,1602.287619126465,1611.2238252188622,1530.699614022517,1541.4625244140625,10982524,INDUSINDBK
2024-01-23,1515.6908577063314,1528.4286095425416,1410.0862562578952,1423.564453125,10097057,INDUSINDBK
2024-01-24,1441.5848663237755,1476.98399640765,1423.8607121910568,1472.09619140625,9155544,INDUSINDBK
2024-01-25,1471.2569673729952,1524.5282704273939,1469.874554169182,1492.980224609375,8118578,INDUSINDBK
2024-01-29,1503.841868980534,1518.406325689308,1496.2880758008946,1507.5941162109375,3058020,INDUSINDBK
2024-01-30,1510.7538096674964,1525.021991878228,1491.0548131082867,1500.7808837890625,1721705,INDUSINDBK
2024-01-31,1500.0895134597527,1528.5272784826343,1488.1911660740716,1514.7528076171875,3867886,INDUSINDBK
2024-02-01,1518.406295066471,1528.0830668646072,1504.38496829098,1521.7635498046875,2240634,INDUSINDBK
2024-02-02,1531.4895505424815,1545.1653035309612,1510.3094241212225,1514.45654296875,3554450,INDUSINDBK
2024-02-05,1513.469165439322,1530.5021734992329,1502.656956363022,1518.4556884765625,2624023,INDUSINDBK
2024-02-06,1530.5022360576831,1530.9465272026325,1485.2290166012524,1492.3878173828125,3312270,INDUSINDBK
2024-02-07,1503.2493281567276,1503.2493281567276,1473.4291500934257,1496.2879638671875,4066189,INDUSINDBK
2024-02-08,1503.545604792421,1521.5660344025646,1451.5085768170363,1458.716796875,2931291,INDUSINDBK
2024-02-09,1461.6296742765717,1472.6394405677402,1444.251091886469,1467.55419921875,2388841,INDUSINDBK
2024-02-12,1469.4795967273687,1478.1689480426617,1424.0089408869965,1428.946044921875,2821957,INDUSINDBK
2024-02-13,1434.130012218461,1457.679974490232,1412.6536095460392,1445.4853515625,4601482,INDUSINDBK
2024-02-14,1431.809556156427,1475.7003617944888,1417.8868266732113,1462.8638916015625,4208176,INDUSINDBK
2024-02-15,1472.2444041221327,1474.0711084844124,1441.9306339547177,1458.37109375,1906763,INDUSINDBK
2024-02-16,1467.257871596529,1487.5494170022002,1452.4959790310234,1474.861083984375,1844045,INDUSINDBK
2024-02-19,1481.032384119593,1483.8959283572442,1458.42042518746,1464.9373779296875,1209609,INDUSINDBK
2024-02-20,1470.2695723546196,1489.0305675693528,1456.4951003977087,1485.2783203125,2390096,INDUSINDBK
2024-02-21,1500.8797140179602,1507.5942241103708,1483.5998488894638,1498.164306640625,5259113,INDUSINDBK
2024-02-22,1498.164225287781,1500.879632517665,1445.090356703686,1470.417724609375,4969478,INDUSINDBK
2024-02-23,1479.600668469838,1485.9696050321545,1456.495117882136,1461.6790771484375,2557861,INDUSINDBK
2024-02-26,1462.3700907174289,1467.307194332275,1445.4852204616063,1448.052490234375,2077787,INDUSINDBK
2024-02-27,1448.0526062487113,1478.5145138858923,1440.15323983208,1474.2686767578125,2843312,INDUSINDBK
2024-02-28,1476.1940110240648,1484.5376680898626,1424.3544220081696,1430.9700927734375,2661887,INDUSINDBK
2024-02-29,1432.747543220165,1465.332428765489,1421.8859147050568,1456.346923828125,4216252,INDUSINDBK
2024-03-01,1461.3827204284044,1509.5194823344075,1459.2597416938029,1507.4459228515625,3549401,INDUSINDBK
2024-03-04,1510.7043611166257,1519.5911480599734,1501.2251458173405,1512.0374755859375,2985524,INDUSINDBK
2024-03-05,1510.4082055999386,1527.5399318600005,1504.8292541400392,1523.047119140625,2694157,INDUSINDBK
2024-03-06,1523.0471074587783,1545.0666386844503,1517.2214213857158,1534.9949951171875,5167456,INDUSINDBK
2024-03-07,1536.871003823372,1551.7317345732788,1526.6019242794584,1544.0792236328125,2285176,INDUSINDBK
2024-03-11,1546.3997364418046,1549.0164257460347,1517.2708219815604,1521.6649169921875,1694488,INDUSINDBK
2024-03-12,1521.6648693154716,1536.377342781182,1509.2726900838668,1513.7655029296875,1918571,INDUSINDBK
2024-03-13,1515.6909643436736,1521.2204968493093,1476.1941313966072,1483.7479248046875,4165036,INDUSINDBK
2024-03-14,1453.0390443284844,1487.944343528692,1450.718509151828,1458.173583984375,3652530,INDUSINDBK
2024-03-15,1455.4583189930422,1470.7633420218021,1438.3758902373568,1465.6781005859375,2985042,INDUSINDBK
2024-03-18,1468.5415066487803,1472.8367627932469,1447.8550902035533,1462.0738525390625,2365287,INDUSINDBK
2024-03-19,1457.4825565830995,1464.2956638460455,1412.8510629836317,1416.0601806640625,3180412,INDUSINDBK
2024-03-20,1421.885953450782,1445.5840526749616,1404.8035253794462,1423.41650390625,5480729,INDUSINDBK
2024-03-21,1441.634335703811,1468.1959787357173,1440.6469149259317,1465.43115234375,3870591,INDUSINDBK
2024-03-22,1459.1610988483767,1501.2252011572182,1454.4708500109348,1493.0789794921875,5309042,INDUSINDBK
2024-03-26,1493.0789939773294,1504.4343333781424,1483.303503777502,1499.595947265625,9046136,INDUSINDBK
2024-03-27,1499.8921349962054,1523.5408139930707,1495.399322322635,1514.2591552734375,8408702,INDUSINDBK
2024-03-28,1515.4440482312145,1544.8198165549666,1514.3084902226713,1533.4644775390625,3964429,INDUSINDBK
2024-04-01,1533.4644386724506,1552.9659986620068,1519.6405480469423,1522.997802734375,2159432,INDUSINDBK
2024-04-02,1523.5407919529744,1551.1885728432642,1517.6656867276913,1539.783935546875,2335256,INDUSINDBK
2024-04-03,1534.4519531684907,1537.3154976513702,1518.7026393148064,1523.2447509765625,3711781,INDUSINDBK
2024-04-04,1528.5767838855318,1530.9464973253691,1492.1902317815486,1525.02197265625,6077155,INDUSINDBK
2024-04-05,1532.477077886504,1536.7723342491427,1508.8776967167369,1532.8720703125,3286862,INDUSINDBK
2024-04-08,1540.37639858209,1556.5207040371997,1530.5021908988713,1548.621337890625,2372626,INDUSINDBK
2024-04-09,1555.0891330827478,1555.0891330827478,1521.6155418958012,1535.3900146484375,1176425,INDUSINDBK
2024-04-10,1545.165333153793,1545.165333153793,1528.527317659605,1533.3162841796875,2528578,INDUSINDBK
2024-04-12,1526.5525420230956,1543.0424210095687,1522.6028588613283,1536.0811767578125,1749128,INDUSINDBK
2024-04-15,1525.5156995378927,1538.3028710745095,1510.7538069583168,1520.529296875,1528341,INDUSINDBK
2024-04-16,1510.7537755052415,1515.4934434070058,1469.2326839841503,1472.1949462890625,3981325,INDUSINDBK
2024-04-18,1483.8960466938236,1489.3761598877113,1449.6818914001992,1455.853271484375,3856849,INDUSINDBK
2024-04-19,1447.5589517924209,1471.5039071682504,1426.2306857501824,1463.4071044921875,4311650,INDUSINDBK
2024-04-22,1475.206627240641,1482.1185726159317,1451.4591095587728,1458.9141845703125,2887202,INDUSINDBK
2024-04-23,1464.1476675406398,1467.1099300561375,1452.5947714093359,1455.9520263671875,1206443,INDUSINDBK
2024-04-24,1458.4205124146827,1464.5918923758145,1444.349766103302,1456.10009765625,2964953,INDUSINDBK
2024-04-25,1457.482558200199,1480.6375283523216,1452.0517436580599,1477.2802734375,3697957,INDUSINDBK
2024-04-26,1492.4865131886825,1499.8921690596155,1425.1444640162379,1428.2054443359375,6135488,INDUSINDBK
2024-04-29,1440.4001323875007,1472.2444540803863,1431.8589181210598,1468.5416259765625,5463640,INDUSINDBK
2024-04-30,1478.9589309978926,1517.6657783675969,1470.2695796937876,1496.6336669921875,6293171,INDUSINDBK
2024-05-02,1489.0304512400778,1502.1631950783126,1481.1805047010898,1486.265625,2554549,INDUSINDBK
2024-05-03,1498.114728259278,1498.855293828982,1454.520198150512,1465.0361328125,2119368,INDUSINDBK
2024-05-06,1476.8851920628588,1491.0053572360184,1463.406995029561,1478.66259765625,2600170,INDUSINDBK
2024-05-07,1478.6625912134252,1483.7478322450847,1429.7852634905107,1434.278076171875,1884596,INDUSINDBK
2024-05-08,1436.6972520851386,1436.6972520851386,1413.3941455053498,1424.3544921875,5278612,INDUSINDBK
2024-05-09,1427.31673425559,1438.2770807818006,1375.9214345591506,1383.82080078125,3272042,INDUSINDBK
2024-05-10,1384.363995201156,1406.5809637404043,1377.995179100479,1392.4114990234375,1575172,INDUSINDBK
2024-05-13,1397.5460305203676,1399.9158645903026,1359.9253214649932,1386.8819580078125,3624862,INDUSINDBK
2024-05-14,1389.3011083743843,1411.3699398268955,1385.1539891006073,1403.125,1279355,INDUSINDBK
2024-05-15,1403.1250132334008,1411.8636635579144,1389.6961139202463,1399.2740478515625,2516309,INDUSINDBK
2024-05-16,1402.3349726864376,1407.074640742846,1368.2196563492862,1391.029052734375,5666243,INDUSINDBK
2024-05-17,1390.288483869147,1399.273989025837,1377.4520134925144,1394.583740234375,3673405,INDUSINDBK
2024-05-21,1402.1375540181746,1402.9768376020065,1382.3891377643974,1388.807373046875,3010012,INDUSINDBK
2024-05-22,1391.2759580688744,1395.3737786456552,1374.341666622757,1387.27685546875,6739695,INDUSINDBK
2024-05-23,1390.8316005626568,1432.7475648418856,1388.9060577032444,1422.7252197265625,6444146,INDUSINDBK
2024-05-24,1422.8733452395204,1430.5258562912943,1409.8887378640738,1423.663330078125,2155290,INDUSINDBK
2024-05-27,1429.6371574976984,1457.0380842439283,1421.1947821183667,1446.670166015625,3253683,INDUSINDBK
2024-05-28,1454.2733129036835,1460.1978373388674,1430.8713690638526,1440.992431640625,2381333,INDUSINDBK
2024-05-29,1434.7224247740915,1453.1378468315174,1421.1453887516252,1441.8812255859375,4383563,INDUSINDBK
2024-05-30,1439.6595286304146,1459.111670206645,1421.0466706285315,1428.6004638671875,3415942,INDUSINDBK
2024-05-31,1437.6846720484991,1451.4098451537172,1428.353593785167,1443.4610595703125,3546505,INDUSINDBK
2024-06-03,1495.8930630206655,1515.5921799100768,1477.5764798655005,1510.45751953125,8265525,INDUSINDBK
2024-06-04,1490.9559111376911,1502.7556614043406,1346.3976099701651,1373.9959716796875,7911282,INDUSINDBK
2024-06-05,1382.8828418965138,1496.7325092969024,1355.086922038481,1482.0692138671875,11014467,INDUSINDBK
2024-06-06,1481.131148650258,1490.8079203686775,1452.3972284733952,1462.4688720703125,3279775,INDUSINDBK
2024-06-07,1450.0768786529957,1479.551365722786,1445.0409360944825,1473.33056640625,3964791,INDUSINDBK
2024-06-10,1479.6500769835368,1486.8582970773098,1461.4815100560984,1467.1591796875,2416022,INDUSINDBK
2024-06-11,1466.3199418236343,1472.2444668411035,1456.6431694145265,1462.419677734375,1737873,INDUSINDBK
2024-06-12,1472.2444362091019,1473.478712228727,1454.470861526497,1465.579345703125,5419536,INDUSINDBK
2024-06-13,1477.1815547769118,1491.0054463323106,1462.5676783472968,1488.2900390625,2446832,INDUSINDBK
2024-06-14,1491.4991640294004,1496.8312606194781,1477.1321427359642,1483.45166015625,2706742,INDUSINDBK
2024-06-18,1494.9551276856744,1497.473099001034,1480.2425332996477,1488.931884765625,2811967,INDUSINDBK
2024-06-19,1497.1273906562787,1530.5022623986201,1494.2145474675563,1508.9764404296875,11002582,INDUSINDBK
2024-06-20,1516.6783630777106,1521.3686119218637,1493.9676844639168,1508.630859375,3589441,INDUSINDBK
2024-06-21,1503.8418768429149,1518.4557528816897,1492.2396824549278,1507.939697265625,5249389,INDUSINDBK
2024-06-24,1488.1912758616522,1489.9192622535647,1459.6053715145858,1471.6519775390625,4609137,INDUSINDBK
2024-06-25,1475.9471977863038,1483.25413560031,1463.5550188935445,1476.7371826171875,3309896,INDUSINDBK
2024-06-26,1479.1563351589957,1501.867013202158,1462.9133114681179,1479.0576171875,5605220,INDUSINDBK
2024-06-27,1475.20674726543,1486.0189573397117,1466.319959631301,1483.8466796875,5166134,INDUSINDBK
2024-06-28,1488.5889842149625,1488.5889842149625,1458.138304122034,1462.1318359375,6425323,INDUSINDBK
2024-07-01,1466.5745081709665,1466.624476064994,1450.600381814915,1454.5440673828125,3166439,INDUSINDBK
2024-07-02,1455.0433036967793,1458.0882985035448,1418.3527310913926,1427.138427734375,4644571,INDUSINDBK
2024-07-03,1436.57322995357,1455.6423196428955,1419.6007200537556,1453.1463623046875,5907225,INDUSINDBK
2024-07-04,1453.096323630059,1455.4924669326085,1433.8774530619874,1440.5167236328125,3010077,INDUSINDBK
2024-07-05,1434.6762170178229,1447.3556310077859,1423.6940051965314,1431.9306640625,4216309,INDUSINDBK
2024-07-08,1425.6908122622237,1439.3686095410635,1420.499269818278,1435.724609375,2772277,INDUSINDBK
2024-07-09,1438.6697485892018,1447.2558170930838,1423.6940051965314,1431.9306640625,3126274,INDUSINDBK
2024-07-10,1431.1818825888922,1431.1818825888922,1412.7617668917615,1423.64404296875,3979121,INDUSINDBK
2024-07-11,1425.6408502654942,1433.5280997545533,1413.4106594234272,1427.43798828125,2416195,INDUSINDBK
2024-07-12,1429.684299488914,1448.6036065186004,1425.0417946725554,1432.230224609375,3340305,INDUSINDBK
2024-07-15,1436.1738916289887,1446.6569127357698,1430.6827853349607,1441.7149658203125,4284427,INDUSINDBK
2024-07-16,1442.7132885402882,1447.6552352493873,1433.4282786271087,1443.5618896484375,2284985,INDUSINDBK
2024-07-18,1438.3701913235627,1458.487631077798,1435.674606250144,1454.5440673828125,3634938,INDUSINDBK
2024-07-19,1449.2027559244236,1449.6519794829492,1426.6891726454094,1430.133544921875,2981749,INDUSINDBK
2024-07-22,1425.6908036392629,1427.637601575739,1407.3205336155468,1421.0982666015625,2883674,INDUSINDBK
2024-07-23,1420.1996826189043,1424.6924056922153,1393.393125989397,1410.9146728515625,3054925,INDUSINDBK
2024-07-24,1407.5202387930551,1410.215823831037,1384.1580549298737,1394.3914794921875,5553500,INDUSINDBK
2024-07-25,1386.753888418828,1394.29172828215,1371.7781444834193,1376.869873046875,3631639,INDUSINDBK
2024-07-26,1362.7926420270542,1406.7214890960581,1356.8523125930237,1401.6297607421875,3607419,INDUSINDBK
2024-07-29,1412.711869610399,1442.6133901155295,1404.175646666766,1409.217529296875,5955870,INDUSINDBK
2024-07-30,1409.2175404978543,1430.3832103874074,1404.9244450436631,1427.3880615234375,2158067,INDUSINDBK
2024-07-31,1432.6795193586343,1432.6795193586343,1411.7634455081054,1425.4912109375,3926481,INDUSINDBK
2024-08-01,1429.6843318493345,1437.6713951557554,1414.5089603163005,1417.553955078125,4074181,INDUSINDBK
2024-08-02,1411.663472425943,1411.663472425943,1390.447835504573,1402.0291748046875,3268026,INDUSINDBK
2024-08-05,1385.755518488498,1393.942209834148,1366.7862426590445,1387.203125,3532894,INDUSINDBK
2024-08-06,1392.7442069195217,1405.0243658802374,1374.0245267189905,1378.766845703125,2425599,INDUSINDBK
2024-08-07,1388.750687533129,1397.2369426330797,1327.050572292554,1342.974853515625,8728852,INDUSINDBK
2024-08-08,1345.7701892811401,1353.6075925909163,1331.8427964927687,1345.121337890625,3669342,INDUSINDBK
2024-08-09,1364.7894469865962,1364.7894469865962,1335.8863103003107,1347.6173095703125,5082087,INDUSINDBK
2024-08-12,1347.617298413751,1355.4046119749812,1334.4885387946215,1348.66552734375,4436342,INDUSINDBK
2024-08-13,1352.808925069922,1369.4320259038525,1341.327520908812,1348.416015625,3905817,INDUSINDBK
2024-08-14,1354.7556508425496,1354.7556508425496,1333.7896095798455,1335.9361572265625,4868357,INDUSINDBK
2024-08-16,1344.9216141729148,1365.6880277664045,1336.3855132861372,1361.944091796875,5456176,INDUSINDBK
2024-08-19,1367.8345456742632,1373.5752473693249,1343.374164538783,1345.4207763671875,5895105,INDUSINDBK
2024-08-20,1361.694518688191,1389.3996453229902,1355.0052798544168,1379.06640625,5507239,INDUSINDBK
2024-08-21,1377.76843120597,1385.1065213019406,1364.190447852726,1381.761962890625,5441231,INDUSINDBK
2024-08-22,1381.8119529629732,1393.692612417166,1377.3690757687405,1379.6654052734375,3510879,INDUSINDBK
2024-08-23,1379.7652304588605,1388.0518576543436,1371.5785390562457,1386.3046875,2252945,INDUSINDBK
2024-08-26,1393.043692337709,1393.293288059702,1377.5687575741294,1382.2611083984375,2541300,INDUSINDBK
2024-08-27,1383.6589639425404,1384.9069426383048,1375.3224906294179,1380.9632568359375,1167406,INDUSINDBK
2024-08-28,1386.8037969738314,1419.6504964350013,1380.314308212836,1413.4605712890625,6532773,INDUSINDBK
2024-08-29,1411.9130923880437,1420.7488788264588,1402.9776139040196,1415.1578369140625,3316387,INDUSINDBK
2024-08-30,1419.850349701281,1427.6876315558675,1413.261046545607,1422.9453125,2792988,INDUSINDBK
2024-09-02,1422.9452253875913,1448.9031807358301,1422.9452253875913,1446.706787109375,4024426,INDUSINDBK
2024-09-03,1447.6552507229312,1449.5522026674273,1431.5813098998324,1434.376708984375,2351018,INDUSINDBK
2024-09-04,1414.7085576444788,1436.9225769864615,1414.7085576444788,1432.0804443359375,2919356,INDUSINDBK
2024-09-05,1440.6665939741072,1441.6649769221142,1416.605589301722,1420.59912109375,3427784,INDUSINDBK
2024-09-06,1424.143246153261,1435.874245287548,1399.2336414215365,1407.0709228515625,2608515,INDUSINDBK
2024-09-09,1407.0709693261574,1428.6859843089085,1397.8359271494578,1425.7906494140625,1802343,INDUSINDBK
2024-09-10,1426.5893669576687,1436.1738185357754,1418.302740041074,1433.2286376953125,2414043,INDUSINDBK
2024-09-11,1433.078843748822,1436.6230299317333,1415.5073290256014,1418.9017333984375,2622902,INDUSINDBK
2024-09-12,1422.8454704629926,1444.1609218446365,1417.8535557659839,1441.0159912109375,2437399,INDUSINDBK
2024-09-13,1447.655287890155,1468.5713620936071,1440.0176338932542,1461.6826171875,2999055,INDUSINDBK
2024-09-16,1467.572914037405,1471.5664456889215,1458.7372496330083,1467.822509765625,1495683,INDUSINDBK
2024-09-17,1475.6099450739775,1481.1010510942124,1459.885414197851,1463.978759765625,1866702,INDUSINDBK
2024-09-18,1467.6228982712485,1486.3425780961368,1458.7872337684844,1477.8563232421875,3966006,INDUSINDBK
2024-09-19,1492.5324557735414,1495.5775723435659,1472.514951910981,1482.3489990234375,3861906,INDUSINDBK
2024-09-20,1485.5938322574727,1489.5373961678597,1470.8177158218734,1477.806396484375,5335400,INDUSINDBK
2024-09-23,1487.790222619199,1488.439195910968,1450.700393543024,1462.7308349609375,4610747,INDUSINDBK
2024-09-24,1467.7226819839125,1471.7162135977032,1443.661678385405,1445.9580078125,3893140,INDUSINDBK
2024-09-25,1447.6552620742336,1453.645559710403,1429.9339649005663,1437.1722412109375,3012173,INDUSINDBK
2024-09-26,1442.6633302852867,1454.94348904311,1434.9758304924485,1450.350830078125,3388674,INDUSINDBK
2024-09-27,1454.6439826352535,1478.6051738385795,1451.6488337348376,1460.334716796875,4708951,INDUSINDBK
2024-09-30,1464.6278091625088,1472.4152450360584,1434.67632022258,1445.2591552734375,2888962,INDUSINDBK
2024-10-01,1447.6552921989473,1447.9548558361564,1402.3786493313091,1407.42041015625,3377999,INDUSINDBK
2024-10-03,1401.729581381733,1410.4154637992501,1379.815125635649,1385.505859375,2081630,INDUSINDBK
2024-10-04,1381.8119021355537,1408.6683046596895,1378.6170037303232,1380.61376953125,2178195,INDUSINDBK
2024-10-07,1385.755476762813,1391.7957421073781,1336.0359591787858,1348.66552734375,3878973,INDUSINDBK
2024-10-08,1355.654238393663,1368.7829983100237,1341.3774356050617,1357.3515625,2429248,INDUSINDBK
2024-10-09,1366.7861768240118,1369.2821340497678,1333.3903178925605,1339.380615234375,5269772,INDUSINDBK
2024-10-10,1347.8169897501077,1359.7975852145532,1342.126255653664,1354.2066650390625,1673393,INDUSINDBK
2024-10-11,1357.9005626607998,1369.0825243036245,1336.8347077717647,1345.4207763671875,2755874,INDUSINDBK
2024-10-14,1352.409541085551,1369.2822375819985,1346.1198015248217,1368.23388671875,1381439,INDUSINDBK
2024-10-15,1368.782983942314,1372.227356268714,1347.2677832573663,1358.6993408203125,2775029,INDUSINDBK
2024-10-16,1352.80880714197,1356.1533654271116,1338.9312606867431,1344.1229248046875,2126519,INDUSINDBK
2024-10-17,1345.820237950817,1352.06013148731,1334.838025326589,1345.1712646484375,1353852,INDUSINDBK
2024-10-18,1342.825049525799,1352.7589109943137,1328.8476884154934,1345.0714111328125,3676670,INDUSINDBK
2024-10-21,1349.8637443524165,1351.7605744985055,1297.4984844127987,1306.134521484375,5862686,INDUSINDBK
2024-10-22,1306.9831146625802,1310.078077478444,1269.1943438247613,1272.289306640625,4183194,INDUSINDBK
2024-10-23,1272.2892259041303,1282.8222142620687,1264.4519445034643,1272.2393798828125,4860497,INDUSINDBK
2024-10-24,1273.9366029732496,1283.8704642551054,1256.1154922670546,1277.9801025390625,2441333,INDUSINDBK
2024-10-25,1161.1193631107867,1164.8632991483323,1023.841708400784,1039.9156494140625,56935420,INDUSINDBK
2024-10-28,1049.6998340245257,1082.8960663536684,1029.3327979352205,1053.0943603515625,11099823,INDUSINDBK
2024-10-29,1057.087946356619,1057.087946356619,1016.4536860090054,1036.4713134765625,7951124,INDUSINDBK
2024-10-30,1035.9720921536493,1067.6707508073239,1028.5840339511226,1054.6917724609375,8907271,INDUSINDBK
2024-10-31,1052.2955561016367,1065.1747196353374,1042.3117272961183,1053.8929443359375,4509824,INDUSINDBK
2024-11-01,1059.733509528637,1068.1699183888295,1056.8382965375395,1060.7818603515625,441083,INDUSINDBK
2024-11-04,1065.2746106843074,1068.7689510192606,1052.3954462180388,1062.079833984375,5143749,INDUSINDBK
2024-11-05,1061.9798256732804,1090.633487587028,1060.2826235185073,1088.337158203125,4840541,INDUSINDBK
2024-11-06,1090.5336823846353,1096.823421484548,1066.522525067373,1075.9073486328125,7153974,INDUSINDBK
2024-11-07,1084.243795471709,1084.243795471709,1049.3003950651623,1055.091064453125,4901367,INDUSINDBK
2024-11-08,1059.73347894138,1059.73347894138,1046.355245598829,1052.095947265625,2107903,INDUSINDBK
2024-11-11,1051.2972807826493,1065.773834031793,1038.3183020075548,1059.084716796875,4918839,INDUSINDBK
2024-11-12,1059.5838400290452,1063.7270316420029,1049.8496065748109,1057.836669921875,2186055,INDUSINDBK
2024-11-13,1052.0960055805251,1066.0733669352783,1030.5308362777132,1035.0235595703125,4850346,INDUSINDBK
2024-11-14,1041.3133614993735,1043.3101272932363,1013.3586403852964,1015.5051879882812,2612235,INDUSINDBK
2024-11-18,1013.8578621436574,1016.3039125015565,998.4328337376365,1002.9754638671875,5427908,INDUSINDBK
2024-11-19,1008.8659738283548,1030.3312073140644,996.4860008387569,998.5826416015625,5718490,INDUSINDBK
2024-11-21,998.7822832903826,1001.378054470759,964.8372644947636,979.8629150390625,6606440,INDUSINDBK
2024-11-22,984.4055922437047,1000.8290040176183,979.8130550317561,996.5858764648438,4026863,INDUSINDBK
2024-11-25,1018.3505764492245,1020.3972492440124,995.4376762918255,1001.8772583007812,6491357,INDUSINDBK
2024-11-26,1010.0640479944233,1016.0543457258088,996.4860032414068,1007.9674072265625,2390208,INDUSINDBK
2024-11-27,1010.363509048426,1010.363509048426,992.8918080520352,1000.3297729492188,4798242,INDUSINDBK
2024-11-28,1004.3232904749308,1011.7612552674638,989.7468635725833,991.9932250976562,4822835,INDUSINDBK
2024-11-29,996.4859856330128,997.8837461202208,985.7034620943431,994.2396240234375,4815934,INDUSINDBK
2024-12-02,988.449026186418,991.5440498893051,977.4169067904267,989.3475952148438,4969967,INDUSINDBK
2024-12-03,991.3942712847846,1009.8643558958305,989.796882936251,996.735595703125,4665094,INDUSINDBK
2024-12-04,1003.3748204569732,1004.3232964048956,988.8982683210269,997.2347412109375,4256690,INDUSINDBK
2024-12-05,1004.3732513155852,1004.3732513155852,988.9482224952657,996.5858764648438,5254145,INDUSINDBK
2024-12-06,998.3829550470377,1001.4280108726393,984.7050963756014,988.74853515625,6258019,INDUSINDBK
2024-12-09,991.1945654855681,992.3926371946238,976.2188214635164,981.0110473632812,3565285,INDUSINDBK
2024-12-10,981.4104273570946,986.8017195930497,977.5167095270762,982.7083129882812,3843321,INDUSINDBK
2024-12-11,983.9063585204609,998.2830968094979,979.6632311498754,983.2573852539062,4679888,INDUSINDBK
2024-12-12,984.4055546486807,1003.874021500252,984.4055546486807,996.3362426757812,5771673,INDUSINDBK
2024-12-13,989.3975069027596,996.0367779180128,963.988648549297,985.0545654296875,5674567,INDUSINDBK
2024-12-16,986.3025120573114,1006.3200774366144,983.956275631023,997.7339477539062,3058066,INDUSINDBK
2024-12-17,1000.3796924000864,1000.3796924000864,970.4282046036766,974.0723266601562,3294161,INDUSINDBK
2024-12-18,975.2204388645308,977.7163962023989,958.9468092089224,963.6392211914062,2958191,INDUSINDBK
2024-12-19,957.4492229789382,965.2865045484476,946.4670108279806,962.8405151367188,3665813,INDUSINDBK
2024-12-20,958.4476076445211,965.2865063036514,924.9518727104859,927.947021484375,4466131,INDUSINDBK
2024-12-23,937.431630795469,947.2656779297961,928.5459986615674,944.1707153320312,2502370,INDUSINDBK
2024-12-24,939.4783314751315,944.4702460950845,928.2964305391455,933.7875366210938,5603093,INDUSINDBK
2024-12-26,938.4799636441488,943.4718783443836,926.748964098597,930.4429931640625,5262262,INDUSINDBK
2024-12-27,931.5411478942068,969.5296048576588,931.5411478942068,951.8582763671875,6300341,INDUSINDBK
2024-12-30,951.7584374665278,971.9257848924716,947.315621229137,961.9419555664062,8165774,INDUSINDBK
2024-12-31,956.4508643961153,959.895297754771,947.5153248222418,958.597412109375,2295670,INDUSINDBK
2025-01-01,957.0498738602826,977.7164131636414,951.9581451772847,967.8324584960938,4024591,INDUSINDBK
2025-01-02,973.9225422382254,996.3861580253705,967.233364460984,989.7468872070312,3956740,INDUSINDBK
2025-01-03,991.3942153548278,1023.7418455476342,989.0480399246933,996.2863159179688,5896120,INDUSINDBK
2025-01-06,1003.3249109449375,1003.3249109449375,961.6424247285768,968.4813232421875,3370654,INDUSINDBK
2025-01-07,968.5811981124375,992.9417043936328,968.5811981124375,982.0093994140625,3581533,INDUSINDBK
2025-01-08,984.3057557876656,984.4055697061559,965.5361079406534,979.4635620117188,3781895,INDUSINDBK
2025-01-09,979.4635636514238,983.7565980734859,968.8308219831551,979.3138427734375,3134034,INDUSINDBK
2025-01-10,970.1786023567279,973.4233468462152,931.5411711715404,936.0838012695312,5611356,INDUSINDBK
2025-01-13,935.3849593465728,971.9257489542455,932.9888160223343,940.1771850585938,8752532,INDUSINDBK
2025-01-14,943.5716796983479,977.716387980544,943.5716796983479,960.544189453125,5735697,INDUSINDBK
2025-01-15,969.679434478797,981.4104340722342,953.1063019809502,960.8936767578125,3633812,INDUSINDBK
2025-01-16,965.436293024827,989.0480736869357,965.436293024827,973.7727661132812,3948431,INDUSINDBK
2025-01-17,971.2768349032217,974.0223880337289,957.4492553296146,969.3799438476562,3066978,INDUSINDBK
2025-01-20,964.6375869305203,978.8645435027528,946.5668195646173,969.1303100585938,4485164,INDUSINDBK
2025-01-21,969.9789379349533,976.9177115893333,956.4508612187851,958.8969116210938,3369291,INDUSINDBK
2025-01-22,962.8904546300937,975.9692469862897,947.6152075821999,969.3799438476562,2639472,INDUSINDBK
2025-01-23,964.3880290649158,986.9514595083186,960.9435956775329,969.3799438476562,3359986,INDUSINDBK
2025-01-24,969.2800161725846,971.4265637867783,946.7165869586972,949.262451171875,2938649,INDUSINDBK
2025-01-27,945.4686619113553,945.4686619113553,922.2063511603848,924.951904296875,3907787,INDUSINDBK
2025-01-28,935.8341808067707,947.4154589327385,924.2030566598772,932.639404296875,5708478,INDUSINDBK
2025-01-29,934.1869397155895,951.45895258573,930.4430036482269,946.7665405273438,2571504,INDUSINDBK
2025-01-30,946.7665296476354,965.8356803601456,944.5700749927312,955.5023803710938,4509409,INDUSINDBK
2025-01-31,956.001558150214,997.6840452909281,951.5587419443314,989.59716796875,5365839,INDUSINDBK
2025-02-01,975.4201296891222,1021.3457448024278,970.827592552375,1007.7677612304688,6054296,INDUSINDBK
2025-02-03,992.3926054586174,1022.294185587041,988.4988877628189,1011.0623779296875,3655089,INDUSINDBK
2025-02-04,1020.7965955300766,1052.195749529809,1013.059128151812,1045.4566650390625,9861468,INDUSINDBK
2025-02-05,1050.698190306013,1076.9555875015321,1050.698190306013,1059.48388671875,5000442,INDUSINDBK
2025-02-06,1060.3825319841956,1075.0088669233746,1056.3391540644939,1063.8270263671875,3889634,INDUSINDBK
2025-02-07,1059.7834655186712,1084.793006317995,1059.7834655186712,1077.35498046875,3975043,INDUSINDBK
2025-02-10,1074.2600125087781,1080.2503099762991,1060.9814710399407,1066.27294921875,4457091,INDUSINDBK
2025-02-11,1061.7802909862514,1073.1618812444683,1045.9559452506974,1052.4454345703125,4109028,INDUSINDBK
2025-02-12,1058.7351645812173,1062.2295049524337,1018.600218209558,1037.9688720703125,4798340,INDUSINDBK
2025-02-13,1037.819050883359,1055.2407841812485,1023.7418760107508,1045.5565185546875,4539780,INDUSINDBK
2025-02-14,1047.9026696208666,1056.3889242883222,1016.5534830582577,1022.7434692382812,4036016,INDUSINDBK
2025-02-17,1022.7435225598033,1049.250516867541,1011.4617464292485,1046.554931640625,2795714,INDUSINDBK
2025-02-18,1043.3101357816213,1049.7996246644734,1019.6983557025072,1022.4439086914062,2620716,INDUSINDBK
2025-02-19,1022.4439682766845,1040.3650155905455,1014.2572767273072,1034.1251220703125,2464555,INDUSINDBK
2025-02-20,1028.2844810980803,1048.202294277614,1023.9415395958396,1045.9559326171875,1819683,INDUSINDBK
2025-02-21,1039.865740196348,1054.092696274426,1037.269847203072,1042.0621337890625,2589619,INDUSINDBK
2025-02-24,1028.4342548993686,1037.0702918122688,1019.4488083277099,1027.48583984375,3074297,INDUSINDBK
2025-02-25,1026.5372493523805,1040.0154185066021,1024.6902653613845,1032.5775146484375,3628538,INDUSINDBK
2025-02-27,1045.20707392088,1061.5805777228761,1039.0170268672573,1045.00732421875,5951737,INDUSINDBK
2025-02-28,1038.3182332809224,1038.967206551306,968.5312430348621,988.4989013671875,55666745,INDUSINDBK
2025-03-03,977.3669918142032,984.7050820524781,945.468644677139,982.4088134765625,6158061,INDUSINDBK
2025-03-04,976.4184782024269,1001.9770561202596,965.3863593220937,986.0029296875,3271190,INDUSINDBK
2025-03-05,982.6584152965655,993.6406277103447,969.0804315959311,970.2784423828125,3944062,INDUSINDBK
2025-03-06,974.4217576353459,982.5086351427768,960.644085134761,970.1287231445312,3928358,INDUSINDBK
2025-03-07,969.4298455691636,975.0207657210343,930.7924131722665,935.2352294921875,7737031,INDUSINDBK
2025-03-10,893.552717159087,911.8730194435757,879.6751701381226,899.0438232421875,16014401,INDUSINDBK
2025-03-11,809.1394418745042,809.1394418745042,647.9505088123896,654.8892822265625,101075220,INDUSINDBK
2025-03-12,628.9812174494401,696.521843983474,605.020028213271,683.5927734375,108682122,INDUSINDBK
2025-03-13,688.884239902351,705.7569362397606,666.570405201837,671.2627563476562,31592987,INDUSINDBK
2025-03-17,703.8599711745402,708.7520719445212,673.9084830394534,676.3046264648438,22353102,INDUSINDBK
2025-03-18,676.3046264648438,676.3046264648438,676.3046264648438,676.3046264648438,0,INDUSINDBK
2025-03-19,683.89233396865,699.6667726962552,681.4462835065794,691.5798950195312,11120576,INDUSINDBK
2025-03-20,696.3720685324636,699.8664086613003,679.8987507822333,682.9937133789062,8918567,INDUSINDBK
2025-03-21,683.8922937009127,692.7279580843635,671.2128185501152,685.7892456054688,14265415,INDUSINDBK
2025-03-24,690.8809534120653,692.6281234532086,664.074397441107,668.367431640625,14649992,INDUSINDBK
2025-03-25,669.1162550889187,671.7619333042584,632.5754031134364,636.0198364257812,18615476,INDUSINDBK
2025-03-26,636.3692782470268,661.4286644030351,636.3692782470268,654.2402954101562,23506399,INDUSINDBK
2025-03-27,654.2403268185823,675.6556530172826,639.4642715294709,672.4608154296875,21589495,INDUSINDBK
2025-03-28,670.9133399366704,672.8601988693141,642.4594259661419,648.7991333007812,8807815,INDUSINDBK
2025-04-01,647.9504928631245,688.6845024151485,645.8039452841422,681.5960083007812,14019630,INDUSINDBK
2025-04-02,681.5960244528856,707.2544774124426,673.9084638630087,701.3140869140625,14993840,INDUSINDBK
2025-04-03,693.8262232541506,713.5442859472515,692.378555831163,708.2528686523438,6972769,INDUSINDBK
2025-04-04,699.8664313621185,703.7601491494154,674.5574485540631,680.8971557617188,9627949,INDUSINDBK
2025-04-07,635.9699463045964,677.5526210144809,635.9699463045964,674.8070678710938,9382614,INDUSINDBK
2025-04-08,683.7924745958861,694.7746865281891,671.9116936763576,678.5509643554688,5639989,INDUSINDBK
2025-04-09,678.5509554946689,682.1950164809281,669.1661319550328,677.4526977539062,4243562,INDUSINDBK
2025-04-11,683.8423797564933,692.8777328170322,674.4076491612468,688.385009765625,5019467,INDUSINDBK
2025-04-15,703.8599650858017,739.8017505369916,691.9292768945735,734.7100219726562,12452925,INDUSINDBK
2025-04-16,745.7920460796265,793.1154211693025,731.814685108924,786.975341796875,31252589,INDUSINDBK
2025-04-17,786.9753349848488,799.7047171872678,776.0430298472445,793.4149169921875,13986710,INDUSINDBK
2025-04-21,800.7031330962135,840.5386375338136,797.0590109213787,826.8607788085938,15639685,INDUSINDBK
2025-04-22,788.7225198412699,806.6934126984127,774.1461533428374,786.2265625,25698945,INDUSINDBK
2025-04-23,796.1604548704618,803.698233569443,780.7354268960303,792.9157104492188,10657940,INDUSINDBK
2025-04-24,793.7144008123428,836.1456738117448,792.0171377050755,818.4243774414062,22577201,INDUSINDBK
2025-04-25,820.6707929753643,827.6594736941325,806.044458239358,821.0202026367188,11724192,INDUSINDBK
2025-04-28,826.6610449603979,840.4387168557798,819.7222715865429,829.2069091796875,6929801,INDUSINDBK
2025-04-29,840.5885333812107,850.6222697989416,827.2101775332635,835.5966186523438,8769289,INDUSINDBK
2025-04-30,818.6739806932644,841.7366013845531,808.7400586182927,837.0442504882812,20241775,INDUSINDBK
2025-05-02,833.6497376689139,862.103650870787,831.7527857475394,855.0650634765625,7845964,INDUSINDBK
2025-05-05,853.6173963926872,860.6060768309899,839.1907510148993,845.3807373046875,7875811,INDUSINDBK
2025-05-06,845.3807317592896,849.8734548687278,820.5709407406414,830.4548950195312,10040705,INDUSINDBK
2025-05-07,825.6626685393485,840.6384122250682,814.7802704198093,832.45166015625,9432595,INDUSINDBK
2025-05-08,833.6497650906806,842.8848073985713,814.6804889987968,825.4630126953125,13290700,INDUSINDBK
2025-05-09,804.1974172103472,825.1135509253314,804.1974172103472,816.8768920898438,5074137,INDUSINDBK
2025-05-12,833.6497192769846,836.6448679689977,784.728957307437,787.2249145507812,14573162,INDUSINDBK
2025-05-13,792.7160518582475,802.6998812267393,767.8063853965688,768.8546752929688,10848937,INDUSINDBK
2025-05-14,773.746779513684,785.1283694191785,763.3136655897239,780.0864868164062,9164606,INDUSINDBK
2025-05-15,776.741896752132,781.3844016150146,756.6244569282494,779.2378540039062,7350633,INDUSINDBK
2025-05-16,748.7871785807127,784.2297717001999,748.7871785807127,778.9383544921875,27168178,INDUSINDBK
2025-05-19,778.6388519982362,790.6693538164135,769.054339548188,782.7821044921875,7193105,INDUSINDBK
2025-05-20,783.7305994420891,798.4068406889969,778.7885917551308,780.9850463867188,6637953,INDUSINDBK
2025-05-21,781.7338412210804,785.4278702825969,759.7694165635277,768.7049560546875,8134620,INDUSINDBK
2025-05-22,748.7871886818273,795.4116831510405,724.6263098730687,783.7305908203125,43477564,INDUSINDBK
2025-05-23,779.8369062633557,797.9076744147167,776.0430631998166,792.1170654296875,9260373,INDUSINDBK
2025-05-26,792.0670676132804,800.703104272095,789.4712963879789,798.80615234375,5381797,INDUSINDBK
2025-05-27,797.3085649681452,826.2616692643375,796.7095595986688,819.3728637695312,10346628,INDUSINDBK
2025-05-28,819.173175718629,819.3728644874483,801.6016609187475,803.8480224609375,5308859,INDUSINDBK
2025-05-29,803.8480459772437,825.6626887727754,801.7514052479892,822.8173217773438,8791159,INDUSINDBK
2025-05-30,819.7722199865843,822.51777311287,809.688576515537,815.6289672851562,5630146,INDUSINDBK
2025-06-02,813.6820717285866,823.4662120602402,808.2408726812697,811.3858032226562,4094000,INDUSINDBK
2025-06-03,817.1265074743575,817.1265074743575,796.8593465242216,799.554931640625,3241313,INDUSINDBK
2025-06-04,806.4936853208615,814.1313387941531,801.7014596422958,813.0330810546875,3877545,INDUSINDBK
2025-06-05,815.6788563720148,817.1764307717186,799.005849201354,801.9011840820312,3366237,INDUSINDBK
2025-06-06,805.6950034914321,844.4821549354891,803.6982376835227,821.5193481445312,10916786,INDUSINDBK
2025-06-09,829.9058268383097,838.641677647134,820.1715930799055,835.297119140625,6894267,INDUSINDBK
2025-06-10,836.6448843033291,855.9635693694019,834.6481184696697,843.6834716796875,10162134,INDUSINDBK
2025-06-11,843.8831712431357,850.0232506347497,833.1006477907636,834.9476318359375,2359273,INDUSINDBK
2025-06-12,835.6465390883133,841.7866186784207,824.6643265077022,828.5580444335938,2742462,INDUSINDBK
2025-06-13,817.6756003577601,825.4629748405426,811.7352098772714,815.529052734375,3164561,INDUSINDBK
2025-06-16,815.728776496177,823.4662443528528,808.9397846285792,819.9219970703125,2286257,INDUSINDBK
2025-06-17,818.6739828894886,819.6224588374446,804.7465291640164,807.841552734375,2343961,INDUSINDBK
2025-06-18,816.7271560677959,854.1166095498168,814.231198704997,849.1246948242188,20826809,INDUSINDBK
2025-06-19,845.6303286059934,848.2260998091858,834.0990181304759,836.1456909179688,4363823,INDUSINDBK
2025-06-20,834.1489165560613,846.379107133933,827.659427678007,838.8912353515625,20961217,INDUSINDBK
2025-06-23,833.8494580311097,843.6335988242648,825.163514116278,838.5418701171875,3191499,INDUSINDBK
2025-06-24,849.6238575670791,850.6222404784387,822.4678301908046,830.6046752929688,5482589,INDUSINDBK
2025-06-25,832.6513503090705,837.4435761091694,826.6610528248326,828.4581298828125,4946637,INDUSINDBK
2025-06-26,833.5499140645393,839.1408339734202,823.1667074492384,834.7479248046875,4451922,INDUSINDBK
2025-06-27,834.6481275969918,879.5753593456337,830.1554044221276,856.3130493164062,12647856,INDUSINDBK
2025-06-30,863.3516073711379,874.3338192023983,856.3130201574849,870.689697265625,4353159,INDUSINDBK
2025-07-01,868.692959428848,891.3562640334915,864.6495207663477,877.6784057617188,5729474,INDUSINDBK
2025-07-02,874.0842330322413,874.0842330322413,846.329200469908,856.2631225585938,10183147,INDUSINDBK
2025-07-03,847.6270769752098,864.5995861725933,844.1826438037438,861.0054321289062,3855070,INDUSINDBK
2025-07-04,855.7139575340626,862.5030099898881,848.0264579683325,854.8653564453125,2658812,INDUSINDBK
2025-07-07,845.6303333971698,865.5480848421633,843.8332563281274,853.0682983398438,3295065,INDUSINDBK
2025-07-08,853.6173997214189,861.5046491928432,847.0780037587979,848.9249877929688,2344400,INDUSINDBK
2025-07-09,850.3726540394493,853.517584619168,838.1923702005214,839.3904418945312,2406142,INDUSINDBK
2025-07-10,843.6335438665195,854.3162529998127,839.5901053406043,851.4708251953125,2560806,INDUSINDBK
2025-07-11,850.6222827326752,866.2969074069425,848.226139251802,857.461181640625,3849544,INDUSINDBK
2025-07-14,857.4112637275003,872.087505253343,856.0634711220131,866.197021484375,3605770,INDUSINDBK
2025-07-15,869.5915489240077,885.3160803769964,868.2437563169067,879.5753784179688,3532750,INDUSINDBK
2025-07-16,874.5834565483802,887.5125278250573,874.5834565483802,878.327392578125,2863446,INDUSINDBK
2025-07-17,878.3273841280933,889.4593781906882,861.3548742898693,863.7010498046875,4185118,INDUSINDBK
2025-07-18,864.5996276788773,875.0327416089453,859.857308704888,868.64306640625,2622714,INDUSINDBK
2025-07-21,868.6430629342083,868.6430629342083,829.2568438466888,857.4112548828125,6765856,INDUSINDBK
2025-07-22,878.5769659317137,883.2194708649131,839.7398461312857,841.8364868164062,7686762,INDUSINDBK
2025-07-23,847.6271338998636,852.6190487049275,840.4387643932794,849.773681640625,2623940,INDUSINDBK
2025-07-24,853.8670209978496,859.4080342025928,843.6335957242711,846.5289306640625,2006984,INDUSINDBK
2025-07-25,845.0313469760935,847.0281128612578,820.0717734115404,822.3680419921875,2805230,INDUSINDBK
2025-07-28,823.6658904067161,827.4098262722013,796.7095521752236,800.7529907226562,5922408,INDUSINDBK
2025-07-29,798.7063144953812,817.5258076560963,788.7224855641889,806.89306640625,16766666,INDUSINDBK
2025-07-30,809.6885314952509,813.4823743260632,794.2635035106704,800.603271484375,3218643,INDUSINDBK
2025-07-31,794.3134418491932,804.6966487887933,787.8239527460577,797.608154296875,4480429,INDUSINDBK
2025-08-01,791.2184971333259,797.3585767222569,778.4392074110827,782.4327392578125,4739250,INDUSINDBK
2025-08-04,781.7338080723085,804.2972371618821,779.7370422790204,802.749755859375,2980888,INDUSINDBK
2025-08-05,818.6739795099513,847.3275809800909,808.7400574493381,817.8253784179688,18982770,INDUSINDBK
2025-08-06,820.6707693598112,820.6707693598112,794.1138077672765,802.0509033203125,5249912,INDUSINDBK
2025-08-07,800.5533274826138,808.6901727309717,787.8239451340708,806.04443359375,2553303,INDUSINDBK
2025-08-08,805.2956651604203,807.1926171448683,777.7403200443443,781.1847534179688,2490574,INDUSINDBK
2025-08-11,783.2313770497527,788.8222968580621,776.5921064579863,781.9833984375,1629229,INDUSINDBK
2025-08-12,782.782135385827,790.070318692807,779.5373908164595,781.7837524414062,1462522,INDUSINDBK
2025-08-13,785.727356130997,786.526050277765,765.4601950915296,772.1992797851562,4114205,INDUSINDBK
2025-08-14,772.1992779972007,778.5389851345358,764.4618104039151,768.5052490234375,1859573,INDUSINDBK
2025-08-18,776.2427011660334,794.6129708157991,776.2427011660334,787.3746948242188,3029689,INDUSINDBK
2025-08-19,785.9769675038106,789.4214008252885,779.5872923295772,784.2297973632812,2807872,INDUSINDBK
2025-08-20,785.1782483269895,788.9221842231353,775.7435176814108,776.9415893554688,2332155,INDUSINDBK
2025-08-21,779.7370607578348,780.5856618655107,765.2605084134192,766.208984375,3324022,INDUSINDBK
2025-08-22,766.2090007927239,771.4505112366336,757.5230570126674,758.870849609375,2483587,INDUSINDBK
2025-08-25,766.708180664598,773.746768109789,760.2685986007798,769.6034545898438,2790762,INDUSINDBK
2025-08-26,769.603464610766,771.7500123054746,752.930518268728,755.1768798828125,3306397,INDUSINDBK
2025-08-28,755.1768402032403,761.1671375260484,743.6454691076706,745.3926391601562,3085661,INDUSINDBK
2025-08-29,741.798539580164,749.1366299645493,736.806624778144,738.30419921875,2538543,INDUSINDBK
2025-09-01,741.1995154361371,752.7807331093904,740.3009464199112,751.632568359375,1436082,INDUSINDBK
2025-09-02,751.7823676651477,757.5230696758709,746.2912613940211,749.9852905273438,1330606,INDUSINDBK
2025-09-03,748.7872033564967,767.7564791748612,747.9885091935414,766.85791015625,1933362,INDUSINDBK
2025-09-04,770.5519364178466,772.14938567442,751.6325676277207,753.6293334960938,1401421,INDUSINDBK
2025-09-05,755.1269254066352,758.2718560968281,748.7872180021344,755.8258056640625,2873689,INDUSINDBK
2025-09-08,758.2718616832386,759.2702446479302,745.2928831422483,749.5360107421875,2330647,INDUSINDBK
2025-09-09,752.4312921119143,753.8788985584229,743.8950696227454,744.9434204101562,1347461,INDUSINDBK
2025-09-10,748.9868663886224,754.6276932314906,744.8934599224224,750.03515625,1350420,INDUSINDBK
2025-09-11,750.2847390416779,753.0801989359792,746.2912074965459,747.389404296875,975314,INDUSINDBK
2025-09-12,751.7823377528116,753.130130318423,738.0545726212032,739.3025512695312,1853165,INDUSINDBK
2025-09-15,739.8017490914845,743.1962754187141,736.9064142278793,738.7035522460938,1499071,INDUSINDBK
2025-09-16,739.5022622691929,747.738921595743,733.4120897204135,741.0497436523438,2892657,INDUSINDBK
2025-09-17,743.795310273405,744.6938793181181,735.8581534999738,737.8549194335938,2280605,INDUSINDBK
2025-09-18,741.2494227368255,741.7985211641237,731.3155003401355,734.2607421875,2280312,INDUSINDBK
2025-09-19,736.8066138362201,745.7421533864309,734.9596297614853,743.1962890625,8190278,INDUSINDBK
2025-09-22,743.1962526462369,747.0899093813265,732.2140407830071,733.112548828125,1884250,INDUSINDBK
2025-09-23,733.8114327636234,755.7758566014461,727.8710423111028,754.0286865234375,4501893,INDUSINDBK
2025-09-24,754.0286758942979,757.7227047658776,737.7051400558755,739.5521240234375,2993982,INDUSINDBK
2025-09-25,739.7518127882577,744.3942566539362,734.2107999491161,739.5521240234375,3037406,INDUSINDBK
2025-09-26,740.8001119398896,741.4490851995946,709.4508644993872,711.597412109375,5779485,INDUSINDBK
2025-09-29,716.5893367687614,733.6616602294218,711.3977334268932,722.230224609375,41100690,INDUSINDBK
2025-09-30,728.8195217243422,736.5070822914656,721.3815568838367,734.3605346679688,3965781,INDUSINDBK
2025-10-01,731.0159978867587,744.2445717880397,724.8260114966034,741.9483032226562,4127017,INDUSINDBK
2025-10-03,741.9981858691352,757.7227165950355,740.5505184721579,746.19140625,4112610,INDUSINDBK
2025-10-06,740.8001383012247,754.3781218523781,732.9128887344855,738.1044921875,5118797,INDUSINDBK
2025-10-07,741.7486137895582,751.1833447131598,739.2526564519102,747.788818359375,4348518,INDUSINDBK
2025-10-08,745.8419424451241,752.8805297895354,737.9547539998421,739.7518310546875,4238626,INDUSINDBK
2025-10-09,742.7969021532704,752.0818512428947,741.7985192202688,747.9385986328125,3506978,INDUSINDBK
2025-10-10,748.3878350220322,765.5101269908688,746.5408509389268,762.1156005859375,5386722,INDUSINDBK
2025-10-13,756.7742516948721,766.708173914306,755.8257757356675,758.6712036132812,2906803,INDUSINDBK
2025-10-14,756.7742704615393,761.8160921341826,742.098029018595,749.1865844726562,1833516,INDUSINDBK
2025-10-15,751.1333894015652,751.7823626948099,732.0143924367402,738.9031982421875,2333738,INDUSINDBK
2025-10-16,741.6987256587075,743.6455236823274,733.811475896932,738.30419921875,3056360,INDUSINDBK
2025-10-17,738.8033712211842,759.7694128369205,733.3122650837295,749.7855834960938,4770012,INDUSINDBK
2025-10-20,741.7985094327133,769.4038215405594,725.1255024842827,758.5214233398438,9184006,INDUSINDBK
2025-10-21,760.7179121538553,761.6663881576291,754.7775213264936,757.2235717773438,350896,INDUSINDBK
2025-10-23,757.7726376878763,764.7613181408607,750.5842684632295,758.3716430664062,5363491,INDUSINDBK
2025-10-24,758.7211413979236,758.7211413979236,749.6358199149124,753.8290405273438,2001556,INDUSINDBK
2025-10-27,754.477978134897,770.7516073991683,751.9321138987843,768.8047485351562,3590863,INDUSINDBK
2025-10-28,772.6485524256459,800.6531806464594,771.2008850300925,798.4567260742188,8948361,INDUSINDBK
2025-10-29,802.6998539071834,808.7400582822535,792.5163361106219,806.144287109375,4077629,INDUSINDBK
2025-10-30,805.6950509286725,808.6901998168831,795.9608170419878,799.6548461914062,4103276,INDUSINDBK
2025-10-31,799.6547886260618,805.1958014830744,790.7192495655239,793.5147094726562,3511425,INDUSINDBK
2025-11-03,793.5147484245457,802.4003809640076,789.8706872558809,795.6113891601562,2640561,INDUSINDBK
2025-11-04,795.7610786697397,797.9575332381683,783.830390821271,788.9221801757812,3505823,INDUSINDBK
2025-11-06,789.7208756456455,796.2103645099902,776.092924655939,784.9286499023438,2640541,INDUSINDBK
2025-11-07,780.8852570974815,800.653227532338,777.8401403181341,795.9608154296875,2079256,INDUSINDBK
2025-11-10,789.7208999316614,806.4937210172546,789.7208999316614,798.057373046875,1894738,INDUSINDBK
2025-11-11,798.4068268096041,826.8607397978946,791.5179603431194,824.7640991210938,7150449,INDUSINDBK
2025-11-12,828.7077083219754,871.5882657726519,825.6626526849749,863.002197265625,11714519,INDUSINDBK
2025-11-13,860.6061045051642,890.9070027195964,857.6608626098791,862.0537719726562,9325204,INDUSINDBK
2025-11-14,862.6028265915119,870.5898898006926,844.4821525611007,846.8782958984375,4460991,INDUSINDBK
2025-11-17,850.6222724545667,860.3565062062474,837.144102644547,852.6689453125,4019335,INDUSINDBK
2025-11-18,852.6689077319503,857.1117238459914,843.683461587962,846.5787963867188,1958051,INDUSINDBK
2025-11-19,848.6255167379253,848.9250194388937,834.9476579867396,838.2423095703125,2317710,INDUSINDBK
2025-11-20,842.6352044942597,842.6352044942597,826.1618859229857,828.058837890625,5136903,INDUSINDBK
2025-11-21,830.8542600590276,855.4144549798606,829.2069039024356,845.1810302734375,7304707,INDUSINDBK
2025-11-24,845.7301785705075,856.1133856987557,831.2037187322404,834.6980590820312,5082933,INDUSINDBK
2025-11-25,834.698059170136,843.5337849031299,827.7093784698167,838.5418701171875,3021941,INDUSINDBK
2025-11-26,843.5337322175819,857.3114039789632,839.6400145531574,849.3243408203125,2939823,INDUSINDBK
2025-11-27,851.6206602274798,862.353276988846,845.1810779833681,856.0634765625,3016014,INDUSINDBK
2025-11-28,858.2598788385588,861.6044371574615,850.1230338813191,857.16162109375,2901007,INDUSINDBK
2025-12-01,858.6092861044751,861.0054294170234,841.287367323345,845.7800903320312,3019328,INDUSINDBK
2025-12-02,845.7801181453434,859.1085058014983,844.0329480289546,848.9249877929688,2674933,INDUSINDBK
2025-12-03,852.6190119209174,854.9152804448884,839.9894436343911,845.530517578125,2063761,INDUSINDBK
2025-12-04,844.6319819126594,871.5883217609357,841.5370191194781,861.6044921875,4259999,INDUSINDBK
2025-12-05,862.2534112085531,872.9860273244162,854.7155716059217,868.6929321289062,3377823,INDUSINDBK
2025-12-08,868.692970292711,872.1873105769721,833.150562061668,840.0394287109375,2015558,INDUSINDBK
2025-12-09,840.0893451485904,847.327621533366,830.8043959043771,842.984619140625,3015385,INDUSINDBK
2025-12-10,846.4290410603115,850.2228840302986,826.8108529273112,832.5015869140625,2623610,INDUSINDBK
2025-12-11,833.1006556806868,841.4371288472021,826.1618820669715,834.1988525390625,2810755,INDUSINDBK
2025-12-12,838.6915658630487,849.8235598766549,837.6432759767104,844.78173828125,3492109,INDUSINDBK
2025-12-15,844.5820567485125,852.1198357267002,834.0491289628497,849.8734741210938,2458486,INDUSINDBK
2025-12-16,852.6190109726052,855.414470952437,840.4886341585408,843.6834716796875,2811166,INDUSINDBK
2025-12-17,836.8445892480855,844.7317778816057,826.461382337792,832.5015869140625,3107473,INDUSINDBK
2025-12-18,829.4565202117826,841.1376125977612,824.6642943688436,833.5499267578125,1537403,INDUSINDBK
2025-12-19,833.5499052053744,846.5288828683284,829.6561875319057,843.3340454101562,7000947,INDUSINDBK
2025-12-22,843.6335473269753,861.404750692844,839.5402018269534,855.01513671875,2387606,INDUSINDBK
2025-12-23,855.0151849927689,858.3098365491015,844.8316666888195,848.5256958007812,1628642,INDUSINDBK
2025-12-24,848.6255088452217,857.4611735921441,842.8348999133344,846.6786499023438,1947886,INDUSINDBK
2025-12-26,839.6899504181257,857.5111222662579,835.7463256604859,848.4757080078125,4257972,INDUSINDBK
2025-12-29,848.4258279584596,853.1681470225833,835.2471606877081,838.2423095703125,1907670,INDUSINDBK
2025-12-30,838.2422692823449,842.7349923903203,831.9025621601179,840.1392211914062,4409838,INDUSINDBK
2025-12-31,840.1392462829258,868.1937825982415,835.1972385292639,862.8025512695312,2887744,INDUSINDBK
2026-01-01,864.050520485625,890.1581975894748,862.1036615813864,888.760498046875,4244931,INDUSINDBK
2026-01-02,894.5510797193052,908.2788446145513,888.8103780358388,900.9906616210938,6250730,INDUSINDBK
2026-01-05,903.53657270325,908.5284874695664,891.0567857874594,898.4947509765625,2521435,INDUSINDBK
2026-01-06,896.5478836072087,922.5058401481747,885.0664797525508,912.7716064453125,8308942,INDUSINDBK
2026-01-07,913.0211711136644,923.2046889820487,891.4061567395072,896.3980712890625,2952528,INDUSINDBK
2026-01-08,895.5495000326438,901.2902019559299,874.6832721455938,882.0214233398438,3567518,INDUSINDBK
2026-01-09,876.6301436490041,890.5575980934755,876.6301436490041,880.8233642578125,2515780,INDUSINDBK
2026-01-12,878.7766707584051,906.4817971789327,877.6784129690496,903.98583984375,4015935,INDUSINDBK
2026-01-13,907.5300943107297,912.2225063255908,896.0486904773156,909.0775756835938,3958844,INDUSINDBK
2026-01-14,911.523594659873,947.3655654181243,903.5365313988883,942.97265625,11559313,INDUSINDBK
2026-01-15,942.97265625,942.97265625,942.97265625,942.97265625,0,INDUSINDBK
2026-01-16,943.471891385382,958.6473244711477,936.5331176688537,952.3075561523438,10345071,INDUSINDBK
2026-01-19,946.4171150666178,960.3445691919512,939.9276259915447,948.2640991210938,5455304,INDUSINDBK
2026-01-20,944.4702589579027,946.467024833078,897.5961678508716,903.6863403320312,6701234,INDUSINDBK
2026-01-21,906.5317065904242,917.6637007100331,890.008481174113,905.68310546875,3567143,INDUSINDBK
2026-01-22,909.5268232413919,914.7184265163398,891.4561170993233,900.9906616210938,2338485,INDUSINDBK
2026-01-23,898.5945216424753,913.1209807259169,886.8136155483476,891.0068359375,5907525,INDUSINDBK
2026-01-27,873.5850382930374,895.5494621129767,849.773630481004,893.3031005859375,8419598,INDUSINDBK
2026-01-28,897.296640551806,901.5397679202011,876.2307855209444,900.2418823242188,2982683,INDUSINDBK
2026-01-29,898.444840048281,903.0373772384255,889.2597047315325,896.947265625,4382116,INDUSINDBK
2026-01-30,890.6574081288139,901.2902109544248,886.7637511734122,894.6509399414062,2867342,INDUSINDBK
2026-02-02,887.5624385792879,913.0212036903924,882.9199335079735,908.778076171875,3762702,INDUSINDBK
2026-02-03,949.7616776395164,958.0482438455417,914.8681817357873,920.908447265625,9608114,INDUSINDBK
2026-02-04,920.5090609019304,930.4928901958776,914.3190745523916,919.8101806640625,2883259,INDUSINDBK
2026-02-05,916.6153548557087,920.6588545207702,900.8409165563012,912.92138671875,2552518,INDUSINDBK
2026-02-06,907.6299000771844,915.5670565823636,893.5527250955143,902.1387939453125,2711855,INDUSINDBK
2026-02-09,908.5284574846307,935.4348893743517,898.8940379290293,926.3995361328125,6863941,INDUSINDBK
2026-02-10,926.3995392121932,931.4912677481304,918.5122897409217,926.0999755859375,2768617,INDUSINDBK
2026-02-11,926.3995463010508,926.7988629116843,913.5203821130701,923.5042114257812,2473671,INDUSINDBK
2026-02-12,927.198244390371,935.4848105677671,913.520385986667,921.2079467773438,3082642,INDUSINDBK
2026-02-13,920.5090515984845,928.4462079942444,901.8891857788778,924.552490234375,2860622,INDUSINDBK
2026-02-16,928.496114485943,932.1901434728022,910.6750037599087,930.39306640625,2098887,INDUSINDBK
2026-02-17,930.3930833230469,950.6602447559438,926.6990542690213,942.2738037109375,6284594,INDUSINDBK
2026-02-18,942.4734632599576,948.4637606959319,931.2915625255142,943.1224365234375,3474257,INDUSINDBK
2026-02-19,942.9726947718206,942.9726947718206,921.7071501580115,925.8504028320312,2641817,INDUSINDBK
2026-02-20,932.489646630135,946.3671935830465,921.1580248706152,924.552490234375,6462199,INDUSINDBK
2026-02-23,924.5524955530082,933.1386252702919,910.4753206844206,918.2626953125,4217172,INDUSINDBK
2026-02-24,918.2626746733204,932.889008571104,910.5252071781116,929.8938598632812,3079572,INDUSINDBK
2026-02-25,932.4896700266227,940.3269517652179,930.5927180577665,935.834228515625,1173030,INDUSINDBK
2026-02-26,936.483199259732,967.2832886347888,934.7859360716496,963.0401611328125,8974624,INDUSINDBK
2026-02-27,961.4427742540664,966.4346889698196,949.6618677121807,955.202880859375,3745120,INDUSINDBK
2026-03-02,937.4815509340808,954.404153417786,931.6909422529827,940.9758911132812,1568186,INDUSINDBK
2026-03-04,928.496099126017,941.4251698979126,915.217618712904,926.050048828125,2527046,INDUSINDBK
2026-03-05,928.546046838106,946.0177483949518,925.4510840797626,935.6845092773438,1949212,INDUSINDBK
2026-03-06,933.4880138081696,941.3752631122544,910.5751140092233,916.36572265625,1153433,INDUSINDBK
2026-03-09,897.5462278618559,898.5446107627033,869.1422221454546,879.7750244140625,3362985,INDUSINDBK
2026-03-10,890.5575872158549,902.5880895195396,883.5689065986902,897.2467651367188,4547967,INDUSINDBK
2026-03-11,895.7491943656252,906.0325265568853,871.7380966204728,875.7316284179688,2754525,INDUSINDBK
2026-03-12,868.5931394235803,869.0923308830191,826.6610568307178,830.005615234375,7514347,INDUSINDBK
2026-03-13,825.6626691788209,831.8027484693043,803.4985563194982,813.0830688476562,5606889,INDUSINDBK
2026-03-16,813.2327995970915,828.6578279799128,804.8963265456117,823.7158203125,3107008,INDUSINDBK
2026-03-17,823.6658964372004,823.6658964372004,806.6933870560703,819.5225830078125,3713235,INDUSINDBK
2026-03-18,818.2746242103419,846.5289098493978,814.2810924944565,840.7882080078125,4695600,INDUSINDBK
2026-03-19,826.8607618108783,829.9058175858565,811.6354219995288,814.97998046875,5080824,INDUSINDBK
2026-03-20,820.6707714662052,835.646515471063,811.785138982073,817.2762451171875,7872290,INDUSINDBK
2026-03-23,804.9961229349116,807.6917689617538,770.651787615099,777.09130859375,7448050,INDUSINDBK
2026-03-24,788.5727571458157,800.8529163117729,770.4521429707223,795.9608154296875,6347812,INDUSINDBK
2026-03-25,801.651570951601,832.9508508515821,801.651570951601,817.0765991210938,3095936,INDUSINDBK
2026-03-27,807.6917828141848,814.8801520302304,784.0300954072441,791.2683715820312,6211886,INDUSINDBK
2026-03-30,779.7370345618208,782.7321832221095,749.2863565155525,751.2332153320312,7093604,INDUSINDBK
2026-04-01,764.7114216204141,792.3666411205819,764.7114216204141,784.3795776367188,4336917,INDUSINDBK
2026-04-02,770.9513068858236,783.4810004075019,752.7807254632131,777.4407958984375,2481604,INDUSINDBK
2026-04-06,773.34737167487,787.0252296223956,755.1768516038699,784.9286499023438,2512596,INDUSINDBK
2026-04-07,776.7418922905239,786.5260324739874,769.0543318119255,783.5308837890625,1165539,INDUSINDBK
2026-04-08,810.6869226913586,839.4902452621524,808.6901568719219,834.5982055664062,3572416,INDUSINDBK
2026-04-09,830.5048002614561,833.5499168896142,810.686923849809,813.2327880859375,2531440,INDUSINDBK
2026-04-10,817.1764238438617,834.0990266043401,816.4775436092999,829.556396484375,1509168,INDUSINDBK
2026-04-13,805.7948383421572,820.8704571454182,799.4052241527161,817.5758056640625,1555260,INDUSINDBK
2026-04-15,830.6545779129303,848.6254702235466,826.8108280988534,838.741455078125,3272348,INDUSINDBK
2026-04-16,844.1327872010311,855.8637869048893,839.5402499894236,846.5289306640625,3785293,INDUSINDBK
2026-04-17,847.6271252406489,856.0634733623148,837.1940112173561,852.5192260742188,1850548,INDUSINDBK
2026-04-20,852.5191855088973,854.6157652312605,838.142447326686,850.5723266601562,2453075,INDUSINDBK
2026-04-21,856.3130222965773,864.4498063390998,853.4675944804055,855.01513671875,975223,INDUSINDBK
2026-04-22,849.6238432185597,871.5882668975354,849.6238432185597,868.6929321289062,2253573,INDUSINDBK
2026-04-23,860.306593768671,868.2936573089414,852.7688147398326,858.958740234375,1561128,INDUSINDBK
2026-04-24,866.5963614424235,866.5963614424235,837.6432572006835,846.5787963867188,1453183,INDUSINDBK
2026-04-27,863.800902229899,902.0389553322885,863.800902229899,898.6943969726562,11254307,INDUSINDBK
2026-04-28,888.7105789422741,894.2515919505684,881.0230182854311,884.1179809570312,5748485,INDUSINDBK
2026-04-29,889.559188304228,923.5042078354779,889.559188304228,912.2723999023438,3485256,INDUSINDBK
2026-04-30,904.5349283605633,918.5122892844572,893.802311936859,914.5686645507812,3438569,INDUSINDBK
2026-05-01,914.5686645507812,914.5686645507812,914.5686645507812,914.5686645507812,0,INDUSINDBK
2026-05-04,923.7538020079423,940.876093558355,909.6266592346428,912.4221801757812,1973688,INDUSINDBK
2026-05-05,909.6266725712929,916.6153531536891,901.5397951291037,909.2273559570312,2006111,INDUSINDBK
2026-05-06,918.9116888940334,948.2142040171093,916.4656384863237,945.2190551757812,2901974,INDUSINDBK
2026-05-07,946.7165867570955,950.111112998247,932.5894443201739,945.418701171875,2007411,INDUSINDBK
2026-05-08,944.4702664580183,956.3510478842409,938.979160257681,949.2125854492188,1604266,INDUSINDBK
2026-05-11,937.4815392639106,939.378491140731,916.6153123647108,920.8085327148438,1584134,INDUSINDBK
2026-05-12,918.5123103234286,920.8085789119453,888.6606358633335,891.4061889648438,1374763,INDUSINDBK
2026-05-13,889.559188304228,905.3336263696938,888.8603080677635,891.0567626953125,1428120,INDUSINDBK
2026-05-14,893.5527206189915,913.0211877162768,884.7669630393032,906.431884765625,1862991,INDUSINDBK
2026-05-15,908.5284881446236,908.5284881446236,880.5238584720729,884.9666748046875,1437283,INDUSINDBK
2026-05-18,884.3176614351277,894.4512723336353,868.7928193911841,890.7073364257812,1421988,INDUSINDBK
2026-05-19,897.0470516116417,902.6379715765414,887.362725122032,893.8023071289062,1303728,INDUSINDBK
2026-05-20,884.1180011090719,899.3433409574933,879.7251527310748,895.6992797851562,2947978,INDUSINDBK
2026-05-21,904.0357641798818,912.4222053618769,890.8570970095147,898.4947509765625,2144884,INDUSINDBK
2026-05-22,901.5397605321602,913.0211639054934,901.2402578488428,908.67822265625,1165558,INDUSINDBK
2026-05-25,918.6620872442892,931.9904751278272,918.6620872442892,924.6024169921875,1193834,INDUSINDBK
2026-05-26,924.7023077651793,933.4880656071309,919.5107041969707,930.7924194335938,2323571,INDUSINDBK
2026-05-27,928.9953422967222,938.2802916176082,926.4993849020508,930.7924194335938,1088920,INDUSINDBK
2026-05-28,930.7924194335938,930.7924194335938,930.7924194335938,930.7924194335938,0,INDUSINDBK
2026-05-29,929.0951213828611,938.6796339809182,908.8778672440386,912.8713989257812,3160610,INDUSINDBK
2026-06-01,916.2659424751711,924.402787804451,895.349807711083,899.6928100585938,1597794,INDUSINDBK
2026-06-02,891.8554498204139,914.3190655096263,889.0100828743634,911.0244140625,1756559,INDUSINDBK
2026-06-03,905.6331525305192,906.4319076422973,882.6204376450929,898.4947509765625,2302274,INDUSINDBK
2026-06-04,902.2386323643431,905.6330976378154,894.0518804565121,901.7394409179688,1798199,INDUSINDBK
2026-06-05,897.5462442837721,924.3028943287444,894.6509094437577,903.3368530273438,1890312,INDUSINDBK
2026-06-08,879.5753325769942,902.2386365344305,879.5753325769942,893.6026000976562,1864831,INDUSINDBK
2026-06-09,894.600996354522,926.4993425889212,894.600996354522,921.3077392578125,1694676,INDUSINDBK
2026-06-10,921.3576904738928,922.2562595126841,880.4239891044531,882.5206298828125,1993081,INDUSINDBK
2026-06-11,882.420722734306,896.1484879351287,880.324142969127,887.5125122070312,1768283,INDUSINDBK
2026-06-12,899.992324764746,918.212813648809,888.510920810405,915.8665771484375,2663666,INDUSINDBK
2026-06-15,924.5026095929971,951.9581406554242,921.6072746700121,931.6909790039062,3037001,INDUSINDBK
2026-06-16,931.4912437620225,934.5362994133959,920.5090318848711,924.5025634765625,1602315,INDUSINDBK
2026-06-17,924.5025782822157,936.8825507893033,918.7119695688193,934.6860961914062,1193109,INDUSINDBK
2026-06-18,935.4848244658164,939.9775477423332,930.7425054517154,937.2319946289062,1007080,INDUSINDBK
2026-06-19,936.982368412695,949.0128703856304,929.6941852996,945.9179077148438,6521623,INDUSINDBK
2026-06-22,945.4686577626442,945.4686577626442,912.4222063484809,919.5606079101562,3031578,INDUSINDBK
2026-06-23,921.5074481494406,922.5058310835137,901.340100693873,903.98583984375,1163601,INDUSINDBK
2026-06-24,902.5880699217088,932.3898367539817,898.6944130814207,926.0999755859375,1793188,INDUSINDBK
2026-06-25,933.0,936.9000244140625,915.5,918.9500122070312,1469160,INDUSINDBK
2026-06-26,918.9500122070312,918.9500122070312,918.9500122070312,918.9500122070312,0,INDUSINDBK
2026-06-29,918.9500122070312,921.6500244140625,908.0999755859375,915.4000244140625,3346498,INDUSINDBK
2026-06-30,916.4500122070312,933.0999755859375,916.4500122070312,924.2000122070312,2515841,INDUSINDBK
2026-07-01,927.0499877929688,949.5499877929688,927.0499877929688,941.5999755859375,2290915,INDUSINDBK
2026-07-02,941.5999755859375,944.9000244140625,931.5999755859375,943.5,1177319,INDUSINDBK
2026-07-03,948.0,978.4000244140625,942.0999755859375,974.3499755859375,3819865,INDUSINDBK
2026-07-06,968.0,1012.2999877929688,960.0,1009.7999877929688,4977371,INDUSINDBK
2026-07-07,1009.7000122070312,1038.0,1004.2999877929688,1022.25,5804915,INDUSINDBK
2026-07-08,1015.9000244140625,1031.300048828125,989.7999877929688,994.6500244140625,3903183,INDUSINDBK
2026-07-09,995.9000244140625,1022.3499755859375,995.9000244140625,1015.1500244140625,1952468,INDUSINDBK
2026-07-10,1019.7000122070312,1031.6500244140625,1013.7000122070312,1015.7999877929688,1084109,INDUSINDBK
2026-07-13,1010.0,1018.2000122070312,1000.5499877929688,1012.9000244140625,862018,INDUSINDBK
2026-07-14,1008.9000244140625,1009.0,994.0999755859375,997.3499755859375,767488,INDUSINDBK
2026-07-15,998.4000244140625,1022.8499755859375,992.0,1009.7000122070312,1491258,INDUSINDBK
2026-07-16,1018.0,1019.0,1005.5499877929688,1013.5,695548,INDUSINDBK
2026-07-17,1013.7999877929688,1031.199951171875,1010.0,1027.199951171875,2257757,INDUSINDBK
2026-07-20,1029.0,1034.6500244140625,1017.1500244140625,1032.8499755859375,1686017,INDUSINDBK
2026-07-21,1037.800048828125,1068.800048828125,1031.449951171875,1063.449951171875,5124543,INDUSINDBK
2026-07-22,1058.0,1077.8499755859375,1055.6500244140625,1069.300048828125,5069159,INDUSINDBK
2026-07-23,1036.5999755859375,1042.199951171875,998.1500244140625,1005.5,7505583,INDUSINDBK
2026-07-24,1000.0,1003.4500122070312,984.0499877929688,996.0499877929688,1995292,INDUSINDBK
2026-07-27,1003.0,1015.5999755859375,1000.0999755859375,1006.6500244140625,1979222,INDUSINDBK
2026-07-28,1001.0,1006.0,989.2000122070312,991.9500122070312,1643112,INDUSINDBK
2026-07-29,995.0499877929688,1015.0,993.5499877929688,1012.2999877929688,1232625,INDUSINDBK
2026-07-30,1012.2999877929688,1013.5999755859375,999.0,1011.4500122070312,1237239,INDUSINDBK
2026-07-31,1011.4500122070312,1017.9000244140625,996.4000244140625,1012.4500122070312,2922821,INDUSINDBK
2026-08-03,1019.0,1028.9000244140625,1013.2999877929688,1028.9000244140625,887652,INDUSINDBK
2026-08-04,1028.9000244140625,1028.9000244140625,1014.5999755859375,1026.0,720413,INDUSINDBK
2026-08-05,1025.0,1038.0,1013.0999755859375,1019.0,1367377,INDUSINDBK
2026-08-06,1016.0,1033.9000244140625,1011.0,1016.2000122070312,769423,INDUSINDBK
2026-08-07,1010.2999877929688,1024.9000244140625,1004.4000244140625,1022.0,1727371,INDUSINDBK
2026-08-10,1022.0,1028.0,1012.0,1027.300048828125,1042293,INDUSINDBK
2026-08-11,1023.0,1024.0,1005.0,1008.9000244140625,1400560,INDUSINDBK
2026-08-12,1009.0,1022.7000122070312,1006.5,1017.5,915131,INDUSINDBK
2026-08-13,1015.0,1024.699951171875,1009.0,1024.699951171875,674807,INDUSINDBK
2026-08-14,1022.5,1026.5999755859375,1014.2000122070312,1020.7999877929688,1034094,INDUSINDBK
2026-08-17,1020.0,1020.0,1002.5,1010.5999755859375,1108193,INDUSINDBK
2026-08-18,1007.0,1019.5,1007.0,1015.0,539358,INDUSINDBK
2026-08-19,1011.9000244140625,1016.7000122070312,1007.5999755859375,1016.7000122070312,433216,INDUSINDBK
2026-08-20,1013.0,1014.5,1002.0,1008.0,858064,INDUSINDBK
2026-08-21,1007.7999877929688,1007.7999877929688,997.0,1005.5999755859375,1043385,INDUSINDBK
2026-08-24,1005.0999755859375,1018.4000244140625,1004.5,1018.4000244140625,948101,INDUSINDBK
2026-08-25,1014.9000244140625,1022.0,1003.5999755859375,1015.0,1427222,INDUSINDBK
2026-08-26,1010.5,1018.5999755859375,989.4000244140625,1004.0,1098699,INDUSINDBK
2026-08-27,1004.0,1005.2999877929688,994.5,1002.9000244140625,1187891,INDUSINDBK
2026-08-28,997.0,1000.5999755859375,987.2999877929688,994.0,1026834,INDUSINDBK
2026-08-31,992.0,1016.5999755859375,980.2999877929688,1016.5999755859375,1476566,INDUSINDBK
2026-09-01,1004.0,1004.0,985.0,992.5999755859375,1742567,INDUSINDBK
2026-09-02,985.0,987.5999755859375,963.2999877929688,978.0,2673391,INDUSINDBK
2026-09-03,980.0,1004.7999877929688,977.5999755859375,1004.7999877929688,1959776,INDUSINDBK
