trade_date,open,high,low,close,volume,symbol
2021-09-03,301.9471694046753,314.6291502945285,301.0758945895334,308.41400146484375,10662555,MCX
2021-09-06,311.1440117954187,325.27812678469445,306.89411353738154,318.2497863769531,10887215,MCX
2021-09-07,318.70479572413876,325.2200499153579,311.43446230697117,317.3204345703125,5481010,MCX
2021-09-08,319.08238600989495,322.74176406595524,313.0802177705877,315.1712951660156,2912825,MCX
2021-09-09,315.79087393773744,323.1483320688716,314.6291544729514,321.6961975097656,4162350,MCX
2021-09-13,322.1802142594558,322.8191569549787,314.29998010217486,315.461669921875,2302250,MCX
2021-09-14,315.9844715295206,317.9206509255884,311.91851252402995,312.4025573730469,2502210,MCX
2021-09-15,312.1121159044298,315.3261808250167,308.8206168064658,311.5990295410156,1947975,MCX
2021-09-16,310.1953179545696,324.1164231710777,310.1953179545696,317.5818176269531,6370275,MCX
2021-09-17,320.03106797189315,320.4473689804643,306.3422954922702,309.04327392578125,3070540,MCX
2021-09-20,307.43624907629675,312.88659874261776,304.97729299838454,308.53985595703125,4614055,MCX
2021-09-21,306.88442178650797,318.1142677353955,305.5387629800079,317.0396728515625,3956025,MCX
2021-09-22,316.9526005316472,318.4628182843562,312.49938145971373,313.4481201171875,1352960,MCX
2021-09-23,313.7578614156838,321.27990735904115,312.03466302075276,315.5101013183594,2689600,MCX
2021-09-24,315.5972117235471,327.73706366148207,313.23507072015303,321.27020263671875,7647325,MCX
2021-09-27,325.06518956843513,334.9590684363695,321.6091019163215,332.6840515136719,7405485,MCX
2021-09-28,336.3143472761843,337.73744028056495,320.7765198057802,325.1038818359375,5024795,MCX
2021-09-29,320.63131632192864,325.7234479884972,319.0726765622807,322.5190734863281,1470005,MCX
2021-09-30,322.7611331172898,329.70234997622066,318.60801960682056,321.1444396972656,2961305,MCX
2021-10-01,319.66318681026195,324.89086456281115,318.8886974304868,323.7001037597656,1597345,MCX
2021-10-04,325.4523931787863,330.92209415777864,324.12611499672346,326.8948669433594,1919250,MCX
2021-10-05,326.6334626966387,333.9715992530814,325.6653729853008,326.7883605957031,2626185,MCX
2021-10-06,326.6334327429617,342.2874549390056,324.794068368848,333.00347900390625,7846195,MCX
2021-10-07,337.2824415207863,365.5506722388111,333.02285280069077,352.36529541015625,11279180,MCX
2021-10-08,369.59724756948253,384.13794277543064,355.63738249051966,372.2401428222656,23342075,MCX
2021-10-11,379.4911670252223,404.1968058345825,375.85114025485683,393.56719970703125,16651215,MCX
2021-10-12,396.1422976663961,411.2444726121445,387.42949079288667,398.06878662109375,12498065,MCX
2021-10-13,399.03690133560747,402.7253207802145,390.7790972619364,392.33770751953125,3393950,MCX
2021-10-14,392.3376736367786,413.3742719282697,390.1401208128634,400.35345458984375,7308565,MCX
2021-10-18,391.1179340773946,400.20828111214206,372.84039558417624,383.0246887207031,9661665,MCX
2021-10-19,387.9909971695594,398.8045723515151,373.10177253477116,376.2384033203125,5469060,MCX
2021-10-20,374.6604222850297,380.7496855196301,366.90601396077545,373.2760314941406,2999335,MCX
2021-10-21,375.7156163301283,378.3100896207904,360.5165963095464,363.88555908203125,2732995,MCX
2021-10-22,365.9379442168445,372.29830129016256,345.2111380639678,347.3022155761719,4250375,MCX
2021-10-25,329.34413957825376,337.1953331460457,320.8152713786376,323.8453674316406,6315765,MCX
2021-10-26,322.37387019672343,334.39755727358227,317.610855872043,331.4739074707031,6204910,MCX
2021-10-27,334.95902958344817,335.5398893007249,324.51333365453445,328.41473388671875,2908400,MCX
2021-10-28,330.07986841276676,330.07986841276676,318.51121378335887,319.9633483886719,2851220,MCX
2021-10-29,316.9525826625302,333.4585308565301,316.0232247618175,329.8765869140625,3334455,MCX
2021-11-01,330.10891480074326,339.4025823208187,329.2376399334325,333.4585266113281,2912155,MCX
2021-11-02,334.1168210577127,342.7037724366819,333.79733489483687,339.4413146972656,1932005,MCX
2021-11-03,339.0540569207146,347.16662356633884,338.87977832626626,340.8643798828125,2990175,MCX
2021-11-04,341.7357108057721,346.3438278615746,341.3581415901674,343.8945617675781,476025,MCX
2021-11-08,344.19462789440615,355.36636201031325,340.8643968885584,354.0497741699219,3001015,MCX
2021-11-09,354.86298545303595,357.4381077990068,350.70987204729215,356.0150146484375,1188110,MCX
2021-11-10,354.5144687223766,383.36353067812814,353.59477166713714,374.5635986328125,10423280,MCX
2021-11-11,376.0060296581055,380.5657238254013,368.45494189419185,378.09710693359375,2186130,MCX
2021-11-12,378.5231035200729,381.39833134492955,372.7145648471306,377.29364013671875,1579205,MCX
2021-11-15,377.80666143401777,389.17202402492467,377.80666143401777,381.42730712890625,4367340,MCX
2021-11-16,388.1749308817922,391.48581067799637,373.2953968166396,374.9411315917969,5094530,MCX
2021-11-17,373.6438758773575,374.8443271422189,360.4004164553524,362.43341064453125,2239225,MCX
2021-11-18,361.88164629388524,364.1663535879175,346.4018998236701,350.8454284667969,2599810,MCX
2021-11-22,351.61018991952113,354.3208292547888,332.64528674861054,334.1458435058594,2872830,MCX
2021-11-23,333.9812927091959,342.4036858386779,330.3122536160564,337.86334228515625,2420295,MCX
2021-11-24,338.83139946965684,341.5904610598033,330.11859205472285,331.66754150390625,1993295,MCX
2021-11-25,331.0963747463968,334.0490365762793,327.60155549280677,333.09063720703125,2339150,MCX
2021-11-26,329.344123360969,332.9260374769009,321.4445079691734,322.41259765625,1449535,MCX
2021-11-29,322.5675136751584,324.6972933801389,311.25054223387895,315.8489685058594,2056205,MCX
2021-11-30,318.50154501144806,327.2143532336457,305.91637757938474,309.60479736328125,2524910,MCX
2021-12-01,313.66107370061553,313.94182799562344,305.451662123564,307.2135925292969,2361030,MCX
2021-12-02,308.2397800511756,321.4058069682653,300.5144425145805,318.08526611328125,6462945,MCX
2021-12-03,321.40579591955117,322.7223837941231,312.69298819884045,313.7288513183594,3957015,MCX
2021-12-06,315.40362361533727,321.7930217704255,307.5621204025628,309.2078552246094,4371000,MCX
2021-12-07,313.2738313579766,317.03968491054485,309.8177440547017,314.2903137207031,1592300,MCX
2021-12-08,317.5333944855046,339.9737047248032,315.79084499180385,329.90557861328125,12369115,MCX
2021-12-09,332.24837757064637,340.3803246698402,329.35376944592485,338.16339111328125,4742790,MCX
2021-12-10,338.25050902594705,344.60117460169033,335.0074028738333,336.1013488769531,4207895,MCX
2021-12-13,338.8314114455264,342.97483438088153,333.516608188568,335.7915954589844,3288770,MCX
2021-12-14,333.9909609823463,350.2258153195627,332.1031741679878,346.1211242675781,5123175,MCX
2021-12-15,349.2867481381529,355.08562546774505,338.8991646782939,340.48681640625,8171310,MCX
2021-12-16,341.5904539025044,344.5818475070364,326.64314668701735,330.94146728515625,3434555,MCX
2021-12-17,330.893025623448,330.893025623448,316.5653108343772,317.5430908203125,2922700,MCX
2021-12-20,310.57283672071924,311.7151754115829,290.1558296482013,300.8725891113281,4653540,MCX
2021-12-21,303.01206213931675,309.0142298202799,298.1813042128854,300.959716796875,2348070,MCX
2021-12-22,308.0461678157245,316.0813008592701,302.55708597766073,311.5216064453125,3529160,MCX
2021-12-23,312.88660002433664,314.75500603791767,307.958997497453,308.7528381347656,1587035,MCX
2021-12-24,309.78874041749515,312.6252364814413,304.9482913484718,306.2552185058594,1243505,MCX
2021-12-27,305.51939608484867,311.33762408752546,302.0633090910581,308.0557861328125,1121210,MCX
2021-12-28,312.6929666048276,317.92064496748907,310.75678724504536,314.32904052734375,2450365,MCX
2021-12-29,315.2100018245677,316.3813820506529,309.788693774759,310.2533874511719,1059370,MCX
2021-12-30,311.6765100439651,311.6765100439651,302.81846510511855,303.71881103515625,1727215,MCX
2021-12-31,303.98015836826204,309.0142365026896,303.98015836826204,306.4584655761719,1382975,MCX
2022-01-03,307.0780739390797,314.24193202686,307.0780739390797,313.21575927734375,2091060,MCX
2022-01-04,313.66105077166236,318.3853330534951,310.78582329117205,314.8130798339844,2169180,MCX
2022-01-05,313.6610847679222,316.18778488088356,309.5273520951585,311.57000732421875,1821385,MCX
2022-01-06,308.62697437058137,315.33585822371816,307.89124631258204,312.7994384765625,1766975,MCX
2022-01-07,316.2652587762304,316.2652587762304,310.9504552341018,312.3832092285156,1083205,MCX
2022-01-10,313.22541111627277,314.60980184272955,310.0113757604071,310.7277526855469,1997660,MCX
2022-01-11,311.3376799383187,311.7249099425396,305.5291412437372,307.436279296875,1739250,MCX
2022-01-12,309.78873736689735,310.9504569495257,304.8805149687391,306.2745666503906,1285455,MCX
2022-01-13,307.94933947813325,315.0163824706179,306.526246437386,312.063720703125,2963540,MCX
2022-01-14,311.7249035493936,320.6216508309652,310.0985198387675,314.687255859375,3814995,MCX
2022-01-17,315.984493707112,317.24302812913896,311.97661743870754,312.9059753417969,1014490,MCX
2022-01-18,313.6223175465679,314.96797635310327,302.0730150092794,303.50579833984375,1936775,MCX
2022-01-19,303.53481745987887,308.6269485990853,300.08842089275447,305.88726806640625,2132860,MCX
2022-01-20,304.9676093520029,309.2078470024571,303.01207877648096,303.8349609375,1216130,MCX
2022-01-21,301.26951374690674,305.36451409713624,295.673956698734,296.8453369140625,1860285,MCX
2022-01-24,297.10673517609143,298.0942056184915,283.06943395181577,286.12860107421875,2730075,MCX
2022-01-25,285.35409899365374,300.28202403112374,283.7083348616694,296.9808349609375,3356695,MCX
2022-01-27,294.2992553863787,302.2376023820646,293.33116573050245,301.0661926269531,3577155,MCX
2022-01-28,305.33545573755947,311.51187214909805,300.4950077089243,301.627685546875,2511080,MCX
2022-01-31,302.0439922733523,305.7517628971998,296.25480511902833,297.7069396972656,1997155,MCX
2022-02-01,299.1107158510499,302.99276552197904,293.33121838624396,297.2423095703125,2223725,MCX
2022-02-02,299.5269405411637,302.99271813379266,297.3971609752697,298.3555603027344,1948390,MCX
2022-02-03,297.0098966193657,297.36811461122045,282.2949514765152,284.07623291015625,6414855,MCX
2022-02-04,282.68220747336005,284.1343421007917,275.13111922821736,276.4573974609375,8547035,MCX
2022-02-07,275.89588781675553,275.89588781675553,268.19959204673637,270.919921875,4533945,MCX
2022-02-08,272.60439699758393,277.6481364678949,270.10673837000115,275.8475036621094,2459790,MCX
2022-02-09,277.2996100495933,282.44985423299295,276.88333857807385,279.6036682128906,2134350,MCX
2022-02-10,281.13323168109844,283.06941100334257,275.5183234640912,281.1913146972656,1516340,MCX
2022-02-11,278.63555206731155,279.39066076354754,272.34296975076205,273.1368103027344,1993635,MCX
2022-02-14,268.9353361788739,273.96941498550945,263.71734748942964,265.9245910644531,1930715,MCX
2022-02-15,266.03105189821423,271.1329037966896,258.66390307020407,268.1415100097656,2589385,MCX
2022-02-16,270.44554854606133,280.72668689432174,264.6757416914039,275.2763366699219,3483860,MCX
2022-02-17,275.13108846547766,280.1457857276745,273.0012794325459,274.4631042480469,1790680,MCX
2022-02-18,273.3884974794313,277.2318143780761,270.89083930750036,271.4426574707031,1213335,MCX
2022-02-21,270.097075898765,272.9819943702826,265.49864897934157,266.4473876953125,1751905,MCX
2022-02-22,256.54381026612975,261.1228858926704,248.79909146564282,254.75283813476562,6862490,MCX
2022-02-23,256.9310087107604,258.89622968303286,249.3895814336638,250.4351348876953,2365125,MCX
2022-02-24,241.8288129279978,241.8288129279978,225.56490281767026,228.2852325439453,8562310,MCX
2022-02-25,236.21389389421313,245.87542525425252,232.53514996935408,244.55882263183594,4221065,MCX
2022-02-28,241.4609239552407,247.43403545236512,237.8886707059422,246.33041381835938,1866620,MCX
2022-03-02,246.2820051823775,270.81339377961615,242.18699003031304,264.5401916503906,9701720,MCX
2022-03-03,270.65852138902096,270.65852138902096,260.83241625963984,263.136474609375,2637490,MCX
2022-03-04,259.67072066259476,260.6097688887696,243.20350479038294,244.8782958984375,7249325,MCX
2022-03-07,241.0059346337137,249.6025613664322,237.18198316562294,242.78721618652344,7269265,MCX
2022-03-08,245.86573345872247,245.86573345872247,233.81302008105726,239.57315063476562,9487080,MCX
2022-03-09,242.97116558371857,245.41075593266606,239.8926472151828,244.49107360839844,5196850,MCX
2022-03-10,251.1224311658988,259.34153179058967,246.5724130938634,257.2698059082031,6163600,MCX
2022-03-11,256.4469467453272,274.8696919169448,254.9367292290978,268.8675537109375,10322455,MCX
2022-03-14,270.25192289385274,276.33152499878133,269.03212042373474,272.2461853027344,4377330,MCX
2022-03-15,274.7437994400091,274.7437994400091,261.67459065926084,265.2371826171875,3501510,MCX
2022-03-16,267.27022436521025,274.7051766321392,267.27022436521025,273.54345703125,3747610,MCX
2022-03-17,275.22790535582135,277.6384689340078,272.72055643719955,276.22503662109375,2747610,MCX
2022-03-21,276.87365323395596,281.7141017170671,273.6983202107852,278.6742858886719,3099405,MCX
2022-03-22,279.971592093838,280.4846785246273,273.00133346447615,274.8406982421875,2433770,MCX
2022-03-23,275.6345220374616,278.6162255464826,270.0970473403466,271.41363525390625,1450000,MCX
2022-03-24,271.0651303700302,275.90557912663786,271.0651303700302,275.46026611328125,1242040,MCX
2022-03-25,278.8098821799936,288.0648189610789,275.83783919264243,279.4294738769531,8728335,MCX
2022-03-28,281.05581685469514,281.05581685469514,274.94717303601004,276.72845458984375,1668870,MCX
2022-03-29,278.8098440602611,280.0683488999759,273.9693953786594,275.2666320800781,1627275,MCX
2022-03-30,276.87367847937844,279.7779478340572,275.90558869448546,277.7159118652344,1384165,MCX
2022-03-31,278.4226437016716,279.4585069202624,273.0013346926407,274.0565490722656,1536720,MCX
2022-04-01,273.9693511296335,281.52043803584803,273.9693511296335,279.477783203125,1591500,MCX
2022-04-04,280.9396221428075,283.65026128640585,279.31320911289754,281.0364074707031,1500635,MCX
2022-04-05,281.71410465239865,287.9098728665873,281.18166713120985,282.9822998046875,3048390,MCX
2022-04-06,283.19527344582735,289.22648279941853,282.68218709620425,284.5893249511719,2119500,MCX
2022-04-07,284.61837871398956,287.66785543431723,280.94931038960914,282.83709716796875,1357565,MCX
2022-04-08,283.2921111820656,285.45093243875783,282.1013501415716,284.2021179199219,739045,MCX
2022-04-11,284.3763382231384,284.61836063864746,278.122487278635,278.85821533203125,1103200,MCX
2022-04-12,280.3587862083448,280.3587862083448,271.8880012372762,273.43695068359375,1075995,MCX
2022-04-13,275.5473872385699,277.1544197511436,267.5122246757013,271.4910888671875,1629005,MCX
2022-04-18,270.29065211427064,270.774696957209,264.7047557187605,267.3863830566406,824645,MCX
2022-04-19,269.12894058535693,270.6875508444359,255.84674852291937,259.118896484375,2349880,MCX
2022-04-20,260.4161383409047,264.62733459085604,256.9310093911604,260.0773010253906,900095,MCX
2022-04-21,261.77143758042763,270.1938294214337,261.77143758042763,268.5480651855469,1800145,MCX
2022-04-22,266.23434561809853,272.9722413482557,266.23434561809853,267.9962463378906,1092305,MCX
2022-04-25,267.1540020251736,267.1540020251736,260.6774801338806,263.19451904296875,1070050,MCX
2022-04-26,265.24691511209016,267.9478939290311,263.36881853471976,264.7144775390625,737120,MCX
2022-04-27,263.3203987247229,264.28848842591674,259.6416696776876,261.3648681640625,476035,MCX
2022-04-28,263.90126236264507,269.1192505666082,256.5437746158548,268.325439453125,1473705,MCX
2022-04-29,268.7417046615137,278.6162018029788,268.54807490542987,276.9123840332031,4858055,MCX
2022-05-02,275.7022912638103,278.5871798431306,267.61873585198856,276.9898376464844,2795045,MCX
2022-05-04,277.82239404409137,279.39069463844254,261.3939105763299,263.0202941894531,1130980,MCX
2022-05-05,265.2759377995902,266.2246763729617,252.3906658266392,253.42652893066406,1440020,MCX
2022-05-06,250.54160734498993,250.54160734498993,242.99051935774858,245.7979736328125,1704795,MCX
2022-05-09,243.9586091208001,243.9586091208001,235.8363369715025,240.47348022460938,1447060,MCX
2022-05-10,239.2924018536739,241.81911652879646,231.37343530082416,232.54483032226562,1258910,MCX
2022-05-11,234.2680391142385,234.60686165666098,225.09053783676833,231.24758911132812,1513560,MCX
2022-05-12,230.21173651538368,230.21173651538368,222.6606338058533,224.4031982421875,1341035,MCX
2022-05-13,225.58425522773393,232.05108702356065,221.71189661316677,222.83486938476562,2437210,MCX
2022-05-16,222.66064341034266,232.14792595350664,221.30532366355237,228.10130310058594,1662955,MCX
2022-05-17,239.89262846071423,246.86287128376284,225.60361516299437,234.6455841064453,11752525,MCX
2022-05-18,236.2138958154801,253.05865132963646,235.05219108551708,249.98013305664062,7693720,MCX
2022-05-19,241.05435003198824,248.21820834105537,241.05435003198824,246.38851928710938,2324205,MCX
2022-05-20,249.72841385080054,254.98516344054005,246.40787322893482,250.58033752441406,2326545,MCX
2022-05-23,251.31607303461905,253.43619168088358,247.61796356961648,249.18626403808594,1385990,MCX
2022-05-24,249.3799194335102,249.53481733498722,245.17839879423832,247.1145782470703,932985,MCX
2022-05-25,248.53767759752833,249.079805462278,238.46953592404728,240.29922485351562,916870,MCX
2022-05-26,240.86071859843042,247.0468111464843,234.34547909997187,244.18125915527344,1813750,MCX
2022-05-27,244.96541197389027,246.90159138009892,242.04179170626637,244.6072235107422,817780,MCX
2022-05-30,246.6692728610878,251.70333663950237,246.00128856573642,250.83206176757812,1100295,MCX
2022-05-31,251.50970682961474,269.51618220270893,249.76715708605118,265.5760498046875,4419625,MCX
2022-06-01,265.6438347145314,266.98949371501817,257.12465630796356,259.177001953125,1731050,MCX
2022-06-02,257.51189924259916,260.7550061380526,255.78870049708698,258.9737243652344,688675,MCX
2022-06-03,259.7191175997007,265.92457645801636,258.67359366633025,260.03857421875,1277015,MCX
2022-06-06,259.28343948628805,260.3967662253419,255.02385090996813,257.8990783691406,720695,MCX
2022-06-07,257.10524158103766,257.8409991843004,251.3741672786554,253.4362030029297,526220,MCX
2022-06-08,253.25230231388343,257.93785348805477,251.77112607399818,254.4817657470703,554880,MCX
2022-06-09,253.63951735134802,259.44805591664607,251.7323793406583,254.7044219970703,978330,MCX
2022-06-10,252.6714020230725,254.60758134891978,247.25978435257952,251.00628662109375,837575,MCX
2022-06-13,248.14075392466802,248.67319143128842,239.47633946919186,240.98655700683594,825650,MCX
2022-06-14,240.08626073389607,247.637363824257,239.8442382936401,244.50074768066406,891150,MCX
2022-06-15,245.49786952489146,248.75066635976646,244.74276072204162,247.89874267578125,652375,MCX
2022-06-16,250.72553270891794,253.09736420400918,239.18592045469327,240.2411346435547,1080595,MCX
2022-06-17,237.9564468231256,244.92668958012138,233.8904731125344,235.7685546875,1379495,MCX
2022-06-20,237.95646600193086,237.95646600193086,223.2221386705314,226.649169921875,1530945,MCX
2022-06-21,230.80225203986961,243.07762144746837,226.72658820136454,241.41250610351562,3089650,MCX
2022-06-22,241.24794383094758,243.89082450511088,236.4268613900628,237.5595245361328,1134165,MCX
2022-06-23,239.31178522718108,244.1522340172611,235.51687514838363,239.18594360351562,662050,MCX
2022-06-24,241.17049904968877,248.67319415353165,241.17049904968877,247.18234252929688,1051445,MCX
2022-06-27,251.70332961782208,252.93279293828078,246.36916052725857,248.21820068359375,841785,MCX
2022-06-28,247.57927904264238,247.63736206439066,241.49967656836876,246.62086486816406,887930,MCX
2022-06-29,243.95861467268256,254.18163997165652,242.88403446955874,246.7563934326172,1982690,MCX
2022-06-30,256.3501439319281,258.1411158079614,244.9266971473023,253.24258422851562,8974655,MCX
2022-07-01,252.8553441235765,256.43728773215776,246.95968155864313,248.99267578125,2169580,MCX
2022-07-04,248.98300676484376,252.2841963787929,247.83097759144565,248.94427490234375,625505,MCX
2022-07-05,248.99269185881286,255.38206047992406,248.99269185881286,252.41970825195312,1516895,MCX
2022-07-06,252.4100357365729,258.7703625523439,250.32861926619782,253.72662353515625,1741665,MCX
2022-07-07,255.18844118727117,257.51185047073795,252.67140215361883,253.6685333251953,831065,MCX
2022-07-08,255.5757005743198,257.0859182596676,251.51940205397696,252.4584503173828,927725,MCX
2022-07-11,252.09055210155861,254.99482120305987,250.70619092034374,254.152587890625,681400,MCX
2022-07-12,253.44588578912112,262.0619082350452,252.4390937164271,258.59613037109375,2123960,MCX
2022-07-13,261.3551696989454,261.3551696989454,255.85642745738062,257.0955810546875,855860,MCX
2022-07-14,257.51188195228957,259.83529151979974,255.12069900955382,258.87689208984375,825105,MCX
2022-07-15,259.118888572049,261.37452453832293,256.9309964304573,260.1741027832031,743340,MCX
2022-07-18,260.5129540330301,263.70763834637245,259.9514454412885,262.6233825683594,774940,MCX
2022-07-19,261.9650862110693,264.83062353266473,260.96795497333915,264.085205078125,1056035,MCX
2022-07-20,266.9991072363191,273.0012747395833,264.57888316947884,272.27520751953125,2682325,MCX
2022-07-21,273.95001891835943,277.5125817284881,273.4078910795899,276.1185302734375,3388025,MCX
2022-07-22,276.4864183981496,277.21248565783816,272.81735024027284,275.3827819824219,1183415,MCX
2022-07-25,275.2085089062434,275.2085089062434,271.0844377772229,271.67498779296875,839850,MCX
2022-07-26,271.22001103296463,272.4785158121727,269.5355444267548,270.0389404296875,562175,MCX
2022-07-27,270.0389653643228,271.6363075911971,269.4193737246533,270.52301025390625,645740,MCX
2022-07-28,271.83956539938225,271.83956539938225,267.8704214183253,268.76104736328125,1404815,MCX
2022-07-29,271.83960628567564,273.47568042479713,268.16087683255114,270.4649353027344,1186925,MCX
2022-08-01,271.64600198779834,271.64600198779834,255.00453607262708,256.0791015625,4650960,MCX
2022-08-02,256.13714631265026,258.3734605819125,253.65883917490893,255.58535766601562,1810700,MCX
2022-08-03,255.5950271667983,257.11493505780646,253.83312639907967,255.18844604492188,1136950,MCX
2022-08-04,256.73740060868545,256.75675176696086,250.04789722728472,251.7130126953125,1094305,MCX
2022-08-05,252.67140512267287,254.95608257419863,248.3537334453177,249.3218231201172,1046655,MCX
2022-08-08,249.1959743170274,251.46130067972916,247.83096428878022,248.8184051513672,874240,MCX
2022-08-10,248.8184065298205,250.17375575828595,247.07585687001256,247.8115997314453,841055,MCX
2022-08-11,248.99267722231326,255.91451251746795,248.41181750624207,254.5301513671875,3112115,MCX
2022-08-12,255.57568335393717,256.8245273516676,254.0751561214438,255.35301208496094,1324820,MCX
2022-08-16,256.54378411457026,260.4161431200732,252.6714251090673,254.27845764160156,2774915,MCX
2022-08-17,255.57567130054497,258.59610632527836,255.13035832734758,257.221435546875,2138950,MCX
2022-08-18,257.22145463853104,261.93604692522405,255.58538062140806,260.6291198730469,2312725,MCX
2022-08-19,261.3842187750501,265.2565775717175,253.87183325551436,255.59503173828125,4419755,MCX
2022-08-22,255.57566455106425,255.57566455106425,245.89476816655423,247.0564727783203,2146770,MCX
2022-08-23,245.7011876659991,254.4624030775858,245.3139428931615,253.23291015625,2040520,MCX
2022-08-24,253.19417438951504,254.2881204169378,249.7671287690383,250.81265258789062,1190380,MCX
2022-08-25,251.7032974249861,254.66564925425706,248.79902860854395,249.67030334472656,1942700,MCX
2022-08-26,250.73523365479596,252.80695980499158,247.63734955243248,248.15042114257812,1041475,MCX
2022-08-29,242.60328624501182,247.63734976209923,242.21604149946566,243.49392700195312,955060,MCX
2022-08-30,246.08838170178703,251.6936141760374,244.34581740838323,249.62191772460938,2250915,MCX
2022-09-01,247.685731914506,251.509668136752,247.2016871108989,249.22499084472656,911295,MCX
2022-09-02,250.28991605110326,250.73522903505378,246.86287028547764,247.2985076904297,680300,MCX
2022-09-05,249.37991178649145,249.37991178649145,244.1522185610216,246.28201293945312,831595,MCX
2022-09-06,246.6692518201617,249.28309098485093,244.92668745307682,245.2171173095703,1000685,MCX
2022-09-07,245.2171122098194,250.14469977324018,243.9585927057716,246.4756317138672,1618050,MCX
2022-09-08,247.8309651540042,249.45734877232655,245.2074355466935,246.0399932861328,1031420,MCX
2022-09-09,246.86286782709934,247.57925950651224,241.3544351971827,245.20742797851562,2221920,MCX
2022-09-12,245.87541349399132,247.81159285953282,245.2171196002078,245.86573791503906,1274715,MCX
2022-09-13,246.8628666825662,253.40716232783805,246.18520686565594,248.99267578125,2363295,MCX
2022-09-14,245.89478949452686,247.7922518500947,244.14254946044804,247.124267578125,1600390,MCX
2022-09-15,247.6373399585988,251.5096838576254,246.1464735980507,250.32861328125,1442295,MCX
2022-09-16,248.99268043414642,251.5096899966686,240.24114135204155,241.63519287109375,3091270,MCX
2022-09-19,245.03215312574946,246.03357087254375,238.0222588596761,240.771240234375,1603420,MCX
2022-09-20,242.4991587319183,256.24405031996224,242.4991587319183,252.169677734375,6007310,MCX
2022-09-21,252.51329986948963,257.4221896028663,252.16967159585622,253.0827178955078,3298630,MCX
2022-09-22,251.7278493100869,255.65496093726915,247.6043850976939,254.2117462158203,2388335,MCX
2022-09-23,254.2117606136277,254.2117606136277,244.71796951490316,247.7909393310547,1838670,MCX
2022-09-26,247.01533339545617,247.01533339545617,239.56362751490127,243.13729858398438,1521345,MCX
2022-09-27,243.4809282923305,243.93255273472198,235.03763204473498,235.8426971435547,1761655,MCX
2022-09-28,235.61690980235062,237.1975729962674,226.9870727129484,228.7150115966797,3768535,MCX
2022-09-29,230.89452007849047,235.19471208824464,228.41062318191115,231.86648559570312,2045980,MCX
2022-09-30,232.77954777790376,239.9465145155157,232.67155160888743,239.30836486816406,1523985,MCX
2022-10-03,243.67727552153565,247.5258431508785,239.57345102734456,244.8750457763672,3069315,MCX
2022-10-04,247.40804690316952,250.74608598813737,245.97464448434653,250.1570281982422,2025330,MCX
2022-10-06,250.64794018061545,259.28759005190454,250.54975638291845,258.3548889160156,2853630,MCX
2022-10-07,258.18797937566046,262.7237887687708,255.252442893847,261.32965087890625,2220315,MCX
2022-10-10,259.0813944963912,260.436222883477,256.84291203424135,259.709716796875,1427695,MCX
2022-10-11,259.5231633371026,260.80928997355585,255.16406711715211,255.9593048095703,719560,MCX
2022-10-12,254.53577234754724,260.8584250267063,254.3983090468545,260.2202453613281,2032255,MCX
2022-10-13,260.2202193803742,261.31000842503204,257.2258087818205,258.8162841796875,1133945,MCX
2022-10-14,260.8387434236684,264.6873259473134,256.6269378349313,257.47125244140625,1643365,MCX
2022-10-17,255.654981644657,259.0224729469677,254.49649081155965,256.1851501464844,551655,MCX
2022-10-18,257.4712765379008,259.95517364121787,254.9480999259719,257.8836364746094,1040265,MCX
2022-10-19,259.17954452894475,264.4909666923403,258.18796919966775,262.45867919921875,1160655,MCX
2022-10-20,260.1711563439327,263.55830225074027,259.18937839546504,261.0351257324219,594045,MCX
2022-10-21,261.1725505390761,263.8822671760616,257.72653042626223,258.75738525390625,730540,MCX
2022-10-24,269.0071884216657,272.5415954297226,265.52188829349876,268.8206481933594,1909820,MCX
2022-10-25,270.5583483132623,294.92608368581176,270.18529786813417,293.6006774902344,25694980,MCX
2022-10-27,295.5151519705853,298.6764780505905,288.7605151317059,297.0368957519531,6420610,MCX
2022-10-28,297.13511101823303,297.28237172856757,291.33279933915315,296.0158996582031,2328240,MCX
2022-10-31,296.8896146042837,302.34829703050326,296.8896146042837,301.6708679199219,2693340,MCX
2022-11-01,302.1912465094567,302.8588782983015,296.5067736480665,297.8714294433594,1539005,MCX
2022-11-02,297.47873909357855,298.44089233618826,291.0579024744215,292.9723815917969,1384930,MCX
2022-11-03,291.7844614223418,297.4787623810128,286.68903071929236,295.0832214355469,1585895,MCX
2022-11-04,295.12248853662464,297.16457370251254,292.63859126257205,294.2094421386719,605255,MCX
2022-11-07,296.4969526142849,304.3217243833929,295.112642054714,301.5236511230469,2844820,MCX
2022-11-09,303.28100767909245,305.13655228726094,296.3496582621138,298.1757507324219,1377655,MCX
2022-11-10,296.69329073357176,299.756432960571,292.56981160554454,293.3846740722656,838375,MCX
2022-11-11,295.8685785011843,302.19123067964193,295.8685785011843,299.7367858886719,1893930,MCX
2022-11-14,298.8531851727957,300.9247521107118,294.12100852929404,297.4394226074219,1017365,MCX
2022-11-15,298.85323266261383,307.1983460941735,296.61477990531387,302.3287353515625,2500845,MCX
2022-11-16,302.534862546025,307.1786829319851,297.31179677787503,299.3637390136719,1761230,MCX
2022-11-17,299.4423081091344,300.81679139996055,295.91772847135957,298.5783386230469,575110,MCX
2022-11-18,299.432430821995,299.8153385828303,290.7240656809697,294.05230712890625,2000855,MCX
2022-11-21,292.9232250364401,298.3230032131351,292.9232250364401,295.2206115722656,747795,MCX
2022-11-22,295.49552302847303,296.9289103727741,291.7352968943103,295.73114013671875,540865,MCX
2022-11-23,297.47874933206026,304.9402685089245,295.52502059904083,303.00616455078125,2605040,MCX
2022-11-24,303.75227597471314,309.75092450517127,300.8363944409753,301.857421875,3172720,MCX
2022-11-25,301.8574328131008,307.0804985714637,301.20945578640305,306.48162841796875,1300220,MCX
2022-11-28,306.8252339134132,309.84912677553433,306.0692756786255,308.7691650390625,1061045,MCX
2022-11-29,310.241857655428,312.04832563627093,305.6274889272237,307.8070373535156,1211530,MCX
2022-11-30,307.29649467326794,307.61067080426534,304.7438660415125,306.7761535644531,822770,MCX
2022-12-01,308.2390029641533,310.83091118555984,307.3357840105014,309.03424072265625,1026375,MCX
2022-12-02,307.29650504736725,310.04547138268543,304.26281471112776,306.3245544433594,1240545,MCX
2022-12-05,306.31474375502404,311.4200014688695,305.88275902716845,308.1703186035156,1071815,MCX
2022-12-06,307.2965003850147,309.7411179090285,305.34277183925184,306.3736267089844,1011585,MCX
2022-12-07,306.5110716994991,311.8617432659985,306.5110716994991,307.59100341796875,1647310,MCX
2022-12-08,307.4928554802755,315.15071124557426,307.29648791235127,310.57562255859375,2606350,MCX
2022-12-09,311.99920473303456,314.0903964371345,303.88970975626654,307.27685546875,1705470,MCX
2022-12-12,305.7453002515874,311.5868610366827,305.65691387059337,310.8210754394531,742160,MCX
2022-12-13,311.0272519321897,323.98673324665015,310.8210869457034,322.8773193359375,6829695,MCX
2022-12-14,324.36957601462103,327.71741188759626,321.77766828672776,325.9698486328125,2089710,MCX
2022-12-15,325.55755669910855,327.0989551884464,322.02315027694294,323.51544189453125,1266845,MCX
2022-12-16,320.45229694075397,326.922209633148,319.89267635333175,322.8674621582031,2822865,MCX
2022-12-19,322.59258806081533,326.89278030808333,320.874476635358,325.6655578613281,1107900,MCX
2022-12-20,323.98673664404635,333.2350984913032,321.7973609405893,322.8380432128906,4663100,MCX
2022-12-21,323.98667587653443,325.9502314879074,309.3876446998136,313.0005798339844,1339530,MCX
2022-12-22,313.17733811240834,314.54202384193565,308.3764595256249,309.79022216796875,1013260,MCX
2022-12-23,309.25022434321704,309.25022434321704,300.728398997956,303.37921142578125,1757795,MCX
2022-12-26,302.4071987069827,310.99775478472037,298.6764549092436,308.8182067871094,603800,MCX
2022-12-27,308.81824493488665,311.7832335456112,303.67373801880086,305.6863708496094,593040,MCX
2022-12-28,305.90235032584974,307.28666078478636,302.9570165735977,305.1562194824219,443780,MCX
2022-12-29,302.387590554484,306.30487475353783,301.40581266307333,304.567138671875,437080,MCX
2022-12-30,305.1463901462832,309.5153138351889,304.5475200020359,305.17584228515625,453705,MCX
2023-01-02,294.7297393225918,295.4758701572334,283.04655827371715,286.2275390625,6423625,MCX
2023-01-03,288.25980355780547,293.02143250914907,285.54028947867,290.21356201171875,5464175,MCX
2023-01-04,291.58806501816844,291.7255283192193,286.6791750346976,290.3313903808594,1550060,MCX
2023-01-05,290.58662115060787,292.87415037633053,285.1966403372398,287.0620422363281,893900,MCX
2023-01-06,287.0620849865966,290.69464562470085,281.81936407884456,283.5374755859375,859030,MCX
2023-01-09,284.96102195839285,287.56272727768896,280.39576093223445,282.3298645019531,707740,MCX
2023-01-10,282.7520541544036,288.33837317680354,281.4168505024099,286.03118896484375,897140,MCX
2023-01-11,286.0311732112218,291.7844073539954,285.9329894277509,290.94989013671875,1272805,MCX
2023-01-12,291.2935313485193,297.89108040719304,290.6651790755573,296.2220458984375,1972745,MCX
2023-01-13,297.7830768061514,316.1325096547712,297.1547544787359,315.0918273925781,8618200,MCX
2023-01-16,311.419976712963,315.543426112677,308.47464287253075,313.8547668457031,3167570,MCX
2023-01-17,313.18717340854914,320.76650055909005,311.22361746241404,318.84222412109375,2441200,MCX
2023-01-18,319.66692282481665,319.67672023100664,313.7958795980842,317.3891906738281,1868640,MCX
2023-01-19,317.133915827765,321.4439355892396,311.4985197477923,314.3751220703125,2700035,MCX
2023-01-20,314.1885413175919,316.80990139807864,307.4928390544227,309.06365966796875,697055,MCX
2023-01-23,310.60505032257396,311.11559397451794,304.5474978306297,307.1197509765625,571815,MCX
2023-01-24,307.1001194389836,309.2600428338454,304.1646130645214,307.19830322265625,736855,MCX
2023-01-25,307.10013709825944,309.54478461790205,297.97944132724376,302.6036071777344,857290,MCX
2023-01-27,302.60363671577943,304.09592859003646,292.9920210599525,294.16033935546875,611070,MCX
2023-01-30,294.14067238450644,297.3216232745042,291.60766855903944,295.9864196777344,876190,MCX
2023-01-31,297.28233848537525,298.76483271376895,292.10837969761013,297.4001770019531,1054600,MCX
2023-02-01,298.6863040571247,300.7087641528538,290.3117396913677,292.6483459472656,1154200,MCX
2023-02-02,289.67358760191587,300.7382448634901,285.2261344498351,288.62310791015625,1267810,MCX
2023-02-03,290.59644024407373,297.82234139707754,288.613259609349,296.3005676269531,1070560,MCX
2023-02-06,285.12797943266617,289.62450948156305,274.01424530180327,279.836181640625,4226245,MCX
2023-02-07,279.8067508489855,279.8263756243125,272.94413170531317,273.5135498046875,1687770,MCX
2023-02-08,275.2905403778348,275.87961315979715,269.00716728037156,275.4869079589844,1632415,MCX
2023-02-09,274.5148951576772,279.27652380747907,272.37462659722445,276.8613586425781,946015,MCX
2023-02-10,276.2722922642511,281.76042707418264,275.10397417818785,280.1797790527344,1162295,MCX
2023-02-13,280.7885007043389,282.16298387632867,276.87121617379654,277.8824462890625,1210195,MCX
2023-02-14,277.88246353449864,279.66927678823225,271.3634429977955,275.9974365234375,903100,MCX
2023-02-15,275.8795998849042,277.5289796258441,263.95100396046956,264.7953186035156,2493120,MCX
2023-02-16,265.43347029022476,274.8781992696126,265.43347029022476,272.5611877441406,1550050,MCX
2023-02-17,272.5513518891486,273.27788791815857,269.00714800677605,270.96087646484375,735415,MCX
2023-02-20,270.9706993627948,276.7533855531724,269.2035111341526,270.6761779785156,1017505,MCX
2023-02-21,270.6762088615943,273.91606430425406,267.84868340397054,270.33258056640625,586905,MCX
2023-02-22,270.19508218473385,271.74630801482255,266.25817325654924,271.0590515136719,769840,MCX
2023-02-23,272.1390276901563,273.52333817129323,267.4461303681003,271.23577880859375,976560,MCX
2023-02-24,272.590633638314,272.590633638314,268.59479031106724,269.2427673339844,600625,MCX
2023-02-27,269.242764831758,273.6509680277057,267.9566381647566,271.98193359375,729195,MCX
2023-02-28,272.5710321526135,278.13769665907165,271.4714455815347,275.4181823730469,1122185,MCX
2023-03-01,276.8025017405497,281.75067142895017,275.98760919260803,281.0732421875,1251910,MCX
2023-03-02,278.24569044768583,281.7408175281821,269.44896846677824,279.66925048828125,2427925,MCX
2023-03-03,282.45753202837045,288.20090914453505,279.8165469101525,284.00872802734375,1554100,MCX
2023-03-06,286.6791703203906,290.59645487510664,285.7464692542743,286.32574462890625,940295,MCX
2023-03-08,284.71560555960406,290.71425445384693,283.9498199569032,290.14483642578125,632000,MCX
2023-03-09,290.9891753047074,297.28234547531827,288.9568877971016,289.86993408203125,1578785,MCX
2023-03-10,287.66094507207293,291.9807621457045,286.67916710254366,290.41973876953125,597045,MCX
2023-03-13,291.88259556290666,292.7858445311738,286.16867021414026,290.5670166015625,792560,MCX
2023-03-14,291.58806538161593,293.98360609345457,287.86711838029083,289.9877624511719,1122015,MCX
2023-03-15,292.01021570872746,295.31880268831964,291.80405072333815,293.7872314453125,702835,MCX
2023-03-16,294.5333793444079,295.5151572755559,291.16588823132645,291.9022216796875,815680,MCX
2023-03-17,294.2290636646145,295.1028305416071,290.90082172229575,292.2164306640625,766035,MCX
2023-03-20,293.3454367482532,293.3552341537654,287.71001104367315,290.88116455078125,1690875,MCX
2023-03-21,291.73532597631817,295.9962388902576,290.89101127994854,294.7297668457031,770190,MCX
2023-03-22,295.48575207781965,301.788780580161,295.48575207781965,298.1463623046875,1009205,MCX
2023-03-23,298.27395821662003,298.8532036148957,293.92468906519565,295.54461669921875,932720,MCX
2023-03-24,296.23185252024,296.33983370625776,283.5374416753338,289.6735534667969,1575035,MCX
2023-03-27,289.8404600065139,293.55157910577987,288.94703856168366,291.47021484375,619610,MCX
2023-03-28,291.4702338006477,293.15889302218613,286.48278518661084,288.8881530761719,752665,MCX
2023-03-29,288.6427204367967,297.09581429664695,287.66094247612733,294.5137634277344,1354160,MCX
2023-03-31,294.53339899023337,298.4605109767698,294.53339899023337,297.77325439453125,467435,MCX
2023-04-03,297.8714149458102,302.7410250399598,296.1925830917689,297.01727294921875,705105,MCX
2023-04-05,298.43104194548647,298.43104194548647,288.6427146745599,289.4968566894531,1621765,MCX
2023-04-06,289.49683200496037,294.3369896509736,285.0297547385799,293.50250244140625,770805,MCX
2023-04-10,293.50253052811894,299.44227514893817,291.71568746598194,297.5867004394531,696955,MCX
2023-04-11,298.46048347834534,299.04955621434937,286.6791486042001,287.5823974609375,1275465,MCX
2023-04-12,287.85727944196844,295.40715355357736,286.2275246051879,290.79278564453125,1810090,MCX
2023-04-13,292.16733422220113,294.11126560001975,287.6609764459521,288.04388427734375,761330,MCX
2023-04-17,288.0536365916303,290.3313685635547,286.1293602519281,289.5557556152344,945335,MCX
2023-04-18,289.87975942138524,292.9723538896187,283.93018759899803,284.81378173828125,906370,MCX
2023-04-19,285.6875700377794,286.76753182782926,281.78991018743136,283.22332763671875,658780,MCX
2023-04-20,283.75342881344125,285.8642752002425,282.29058937681515,284.990478515625,654740,MCX
2023-04-21,285.5010322180072,287.0326035107583,284.52908157954624,286.23736572265625,551220,MCX
2023-04-24,287.6511075154923,289.14342915166657,284.7156010782571,287.1504211425781,686175,MCX
2023-04-25,287.464547817316,293.1490500632697,285.8544476934785,292.1083679199219,1252350,MCX
2023-04-26,290.606281790738,290.9008031998504,269.3998714515491,273.8080749511719,5729520,MCX
2023-04-27,273.729525751747,276.6650324266316,272.39432203390226,273.3564453125,2659855,MCX
2023-04-28,274.8978378621209,276.26252365302145,272.64955787038946,274.780029296875,2220970,MCX
2023-05-02,274.78002464928034,277.4210098009911,273.0324610508887,274.15167236328125,1118950,MCX
2023-05-03,274.89782559198545,275.0352888862943,268.41808513930584,269.498046875,1781550,MCX
2023-05-04,269.9790831995486,274.3480066460243,268.6537070623207,273.503662109375,1220065,MCX
2023-05-05,273.5037077522695,275.56544758749965,270.1754958429374,270.9707336425781,806915,MCX
2023-05-08,271.0296272222612,272.67900704070615,269.2035345578727,269.7336730957031,788315,MCX
2023-05-09,270.91181113607337,271.67759674205166,268.13336274666887,269.1446228027344,1253015,MCX
2023-05-10,269.39987617488384,269.97912159728475,265.5807753494986,266.9847106933594,818200,MCX
2023-05-11,270.17549358976584,272.1292222464802,267.7406733332345,269.30169677734375,1122930,MCX
2023-05-12,269.39986193465194,272.8557394740799,266.10110242318177,266.46435546875,1001835,MCX
2023-05-15,266.68032954523136,272.4335335234116,263.69571640969116,271.4125061035156,1798565,MCX
2023-05-16,272.8360936853582,272.8360936853582,268.025387592659,268.3984680175781,803610,MCX
2023-05-17,270.2147715136964,270.79401694214994,261.90890800647986,263.568115234375,1192075,MCX
2023-05-18,264.8836560536152,271.63829256021324,264.69711586230346,266.02252197265625,1429540,MCX
2023-05-19,267.03378189962734,268.1530231729217,261.15294141557615,265.3549499511719,1029035,MCX
2023-05-22,252.52307873955144,264.49095342798154,252.32674114151897,259.21881103515625,5661785,MCX
2023-05-23,262.5176127264925,275.94832749751237,262.5176127264925,272.6299133300781,8799685,MCX
2023-05-24,270.98054236057396,273.51351629593665,265.19785583662997,266.1011047363281,1949265,MCX
2023-05-25,266.1010996671044,268.7028052003623,263.8528198086355,264.4615173339844,1635865,MCX
2023-05-26,264.7953190973141,269.0071548378228,264.0982651510012,268.5162658691406,898985,MCX
2023-05-29,269.5962179064275,280.57248766104647,269.4195050748073,273.3662414550781,3333045,MCX
2023-05-30,273.9160355971992,285.5893892735168,273.9160355971992,284.19525146484375,4739625,MCX
2023-05-31,284.1854062671501,287.4056363962417,282.9581839624432,285.7464294433594,1543325,MCX
2023-06-01,287.0325645047714,290.21354518639055,285.304655822485,289.72265625,1129710,MCX
2023-06-02,288.64269700599704,290.04663218503214,283.64545118722356,286.9834899902344,940545,MCX
2023-06-05,287.6707948511221,292.5502329382862,287.00316300909947,288.475830078125,1438935,MCX
2023-06-06,288.5445197949848,292.5207382803423,286.53188707776167,288.6034240722656,979305,MCX
2023-06-07,290.1154009314444,294.51377718686183,288.44636633573805,294.02288818359375,983105,MCX
2023-06-08,294.4351919761963,307.85610931473224,293.74796540964593,302.4366760253906,5063755,MCX
2023-06-09,300.82656497820346,309.0636658435241,300.81673761169054,304.2529602050781,2434480,MCX
2023-06-12,305.92199989812235,308.60223439210165,302.7901259974823,307.9248352050781,974205,MCX
2023-06-13,307.9248873858044,311.48871660217867,306.0300329453296,310.7229309082031,1217950,MCX
2023-06-14,310.7228726739445,313.38351230974996,307.18849626352403,312.04827880859375,1129975,MCX
2023-06-15,312.9908115281326,312.9908115281326,302.25015791029386,304.2235412597656,1312625,MCX
2023-06-16,304.54753628880474,319.0778381652753,304.54753628880474,314.4732971191406,2930725,MCX
2023-06-19,314.4732839718769,315.8674218049369,306.5110794015898,308.5237121582031,1585285,MCX
2023-06-20,307.68919459752857,312.89263555822924,305.9220063234699,308.8673400878906,666015,MCX
2023-06-21,312.205401054759,320.6584951735017,310.7621862099144,317.0848388671875,2796555,MCX
2023-06-22,317.08483280760265,322.80858520116993,312.4017626674113,318.5084228515625,2594040,MCX
2023-06-23,317.89971119316573,319.2349448816066,297.8911002942223,307.502685546875,3027985,MCX
2023-06-26,302.78033301925365,326.9320781155853,302.78033301925365,320.72723388671875,4427180,MCX
2023-06-27,320.72720795849784,320.72720795849784,313.02024519222743,319.3232727050781,1919835,MCX
2023-06-28,319.4705239735296,325.1059495163732,315.3470747535654,322.4747619628906,1983070,MCX
2023-06-30,290.2331867817729,299.57973184779286,277.136272795057,294.6119079589844,26896685,MCX
2023-07-03,294.3370060758579,297.47870737930896,290.01718925472585,296.0256652832031,4854080,MCX
2023-07-04,296.0256988347098,297.83216680241947,290.71427613264257,292.9527587890625,2219315,MCX
2023-07-05,295.48571121937573,300.9149420919389,293.55160745673646,298.2641296386719,2480805,MCX
2023-07-06,296.88963068905997,328.0905311233173,296.88963068905997,319.7846984863281,18051540,MCX
2023-07-07,318.0076986957743,318.0076986957743,307.4928652631099,313.5111389160156,4970310,MCX
2023-07-10,314.16896388122507,317.09467314350434,308.3666522341652,309.5644226074219,1334710,MCX
2023-07-11,312.13668498000106,313.7664401213283,306.5209133942967,310.1436767578125,1000110,MCX
2023-07-12,311.0272190261313,321.5224269139106,310.8308814278881,314.7874450683594,3245155,MCX
2023-07-13,315.15072681094034,320.73704582952354,307.26705094930054,308.37646484375,2566545,MCX
2023-07-14,311.8126572850615,313.5798454652259,304.50822754047863,305.6568908691406,2719290,MCX
2023-07-17,307.4339665842291,316.2895930493828,306.3147253217327,313.7860412597656,1455295,MCX
2023-07-18,313.9725955023891,313.9725955023891,307.3455939372323,311.6065368652344,1022965,MCX
2023-07-19,310.43818801802684,319.31343877764385,310.43818801802684,317.0259094238281,2478370,MCX
2023-07-20,318.2826098861052,319.6669204513462,313.6289917878599,319.1072998046875,1171820,MCX
2023-07-21,317.15354543091433,325.93064237077755,313.3933192453828,318.3807678222656,3908515,MCX
2023-07-24,317.89966898431925,333.205612664524,316.3386457336794,325.2335510253906,3158445,MCX
2023-07-25,325.9600814963106,328.6795954208388,321.14934594508657,326.9909362792969,1826410,MCX
2023-07-26,328.3065881105304,337.92803139306926,325.7736138151609,327.1971740722656,3378510,MCX
2023-07-27,327.7174901226107,330.82973961986477,323.2994890456711,325.78338623046875,2142260,MCX
2023-07-28,326.735664196232,330.94749966121566,320.5701003513753,328.0119934082031,1966800,MCX
2023-07-31,323.8001694426601,329.8380975846024,321.0413759180809,326.1858825683594,2879960,MCX
2023-08-01,326.6767768249339,330.49590733058255,320.157786989928,321.05120849609375,1741610,MCX
2023-08-02,319.2741956938638,320.80576687193417,309.2600487958795,312.2152099609375,1581775,MCX
2023-08-03,311.164699916965,317.09464701073387,309.8589184900144,314.2474670410156,906260,MCX
2023-08-04,315.3373035869627,322.2686544276964,312.6079617258366,320.825439453125,1585430,MCX
2023-08-07,322.6122493714652,322.6122493714652,317.3106542857116,319.5,909810,MCX
2023-08-08,319.50981361642624,320.8450172267354,312.20538338189334,314.2376708984375,1001805,MCX
2023-08-09,314.2474717857568,320.79594386890386,313.589697340341,317.5855407714844,670510,MCX
2023-08-10,317.50701171613747,317.50701171613747,308.2783041448628,309.80987548828125,1618060,MCX
2023-08-11,311.2236248222948,312.1759506771506,308.09175061722726,309.2796936035156,525865,MCX
2023-08-14,309.45640240853703,313.1086173518475,304.07624879396644,312.3722839355469,648765,MCX
2023-08-16,313.1773315545108,313.6191436065487,308.51388639815667,312.5686340332031,418025,MCX
2023-08-17,312.79444711676126,314.9837926737014,309.0440483218135,309.5938415527344,536310,MCX
2023-08-18,309.2600575441118,309.6331379629234,303.36938978136686,304.33154296875,791020,MCX
2023-08-21,305.9416473579504,307.64013403851635,301.99491068997395,304.2824401855469,753535,MCX
2023-08-22,306.31472975005494,309.2600636899593,303.76210100984053,306.9725341796875,998325,MCX
2023-08-23,306.97251210938265,311.97955547804133,306.97251210938265,310.9388732910156,651390,MCX
2023-08-24,313.57983419205914,315.1506847187793,311.22357338271974,312.55877685546875,616710,MCX
2023-08-25,311.22362607587263,317.3793633512381,309.2698974430721,309.94732666015625,843325,MCX
2023-08-28,310.44795522063697,316.99642644510965,310.10432699228414,314.99359130859375,923995,MCX
2023-08-29,315.150729703628,320.7272214060695,313.33443445914475,315.78887939453125,1032245,MCX
2023-08-30,318.2924292454363,322.1213573287631,316.3288733092189,319.8730773925781,1231650,MCX
2023-08-31,322.0133359858298,337.2800008838708,321.0512127828697,331.497314453125,6727270,MCX
2023-09-01,331.4187932101583,362.15825874660874,329.09198423835926,358.152587890625,10352230,MCX
2023-09-04,358.1722415348959,368.2943698766648,355.4036205048474,356.4737548828125,2689435,MCX
2023-09-05,358.3489633964092,361.86371538858583,346.67560881001003,352.6546630859375,2037025,MCX
2023-09-06,353.44006578615114,355.2072541304877,348.148268197451,352.3993835449219,1047710,MCX
2023-09-07,353.18478619798515,353.18478619798515,345.8116542497003,351.4666748046875,1171320,MCX
2023-09-08,351.8594330635024,356.9155837893396,350.54382417267544,354.932373046875,1341475,MCX
2023-09-11,352.09502096080166,352.42882185890363,344.01497787660486,350.85797119140625,2228275,MCX
2023-09-12,350.88743563781344,355.2072526538333,336.95600403907235,338.53668212890625,2075690,MCX
2023-09-13,338.53668625788805,347.5494008171351,336.74984316462525,344.5844421386719,1143935,MCX
2023-09-14,346.54795086933456,350.0234228318134,342.83683185272645,348.4918518066406,688435,MCX
2023-09-15,351.1298447655138,362.44383272747825,351.06039607670465,353.2437744140625,2760180,MCX
2023-09-18,353.5117429163669,354.3156273601722,345.09573123474905,346.22711181640625,1451720,MCX
2023-09-20,345.3537742520251,346.1675626192644,337.8309642393108,341.3144836425781,1028230,MCX
2023-09-21,347.7257476976493,361.04448008998963,345.37363896788156,347.2493896484375,7516565,MCX
2023-09-22,349.9388860483624,356.68755341144623,342.2076697541775,354.0178527832031,3960615,MCX
2023-09-25,354.30565778392776,387.4932826054924,352.3207521380794,377.5885925292969,18913935,MCX
2023-09-26,379.91097092309394,389.63702784616146,376.74504364146316,377.44970703125,6037335,MCX
2023-09-27,377.50924868984356,389.04154683948093,376.3083891302871,384.47625732421875,5810775,MCX
2023-09-28,391.22496757689646,419.6885111010791,385.0717471315398,416.14544677734375,36950685,MCX
2023-09-29,391.02642926173723,424.75989249013566,379.76208317352246,406.84613037109375,47254440,MCX
2023-10-03,404.52381526709627,406.05220124061736,386.71920750255265,388.3765869140625,13386670,MCX
2023-10-04,388.44607221078695,392.3662734139882,381.21108184334486,382.9677429199219,9192475,MCX
2023-10-05,386.83829690575084,390.0339965110467,379.74226460428673,386.90777587890625,6053590,MCX
2023-10-06,387.85058106339454,406.90568885133627,386.77874525818004,404.8414001464844,19779195,MCX
2023-10-09,417.8127759671415,426.7547871289058,407.1141339106096,412.65203857421875,30272405,MCX
2023-10-10,415.92709813368947,420.60154299103147,411.2923598742986,416.79052734375,5688430,MCX
2023-10-11,423.97590360305315,432.60032198350586,422.189470157573,428.05487060546875,12608355,MCX
2023-10-12,428.73965095196763,430.148947390287,415.04381310590554,416.8202819824219,6336530,MCX
2023-10-13,415.837781701284,423.7575670628748,413.0291532085504,418.8052062988281,4331850,MCX
2023-10-16,418.80517549143644,439.65661991096476,417.43558568954484,436.1135559082031,17304070,MCX
2023-10-17,436.67927194998384,438.26720263270823,430.1290768132823,435.6173400878906,4307490,MCX
2023-10-18,427.7471773901048,438.26718363394866,426.754724542332,435.4783935546875,4725575,MCX
2023-10-19,433.6622058831699,437.6717240350344,429.06714416128517,433.6026611328125,2823325,MCX
2023-10-20,433.1362051319548,464.2694472740926,431.37957442972754,460.4981384277344,13555245,MCX
2023-10-23,458.3246916030313,479.7914536257164,437.1755217913392,439.20013427734375,16669880,MCX
2023-10-25,449.6804266070449,453.14407762515947,437.6915783059917,442.42559814453125,8210005,MCX
2023-10-26,442.2370067138244,447.46722245641485,429.206095632185,443.4378662109375,6558495,MCX
2023-10-27,447.59626195381196,455.25799962269355,441.63161027886815,445.27392578125,6167100,MCX
2023-10-30,445.27394371977476,453.6303805892443,439.9742486067412,452.2310485839844,2503110,MCX
2023-10-31,454.54342473768617,469.1126259297686,451.84395165875804,462.66168212890625,8345940,MCX
2023-11-01,467.44530607487474,477.74697180630784,464.04119996836704,473.9657287597656,6768680,MCX
2023-11-02,476.972864083527,485.72630582560674,474.78945561477974,481.458740234375,5788330,MCX
2023-11-03,486.10343640569084,516.0755272166381,480.74419660358546,505.2677001953125,7735490,MCX
2023-11-06,507.1434472502485,513.0386200776647,500.6726650498037,509.3565979003906,5098850,MCX
2023-11-07,508.1358697321074,523.2211654796826,502.18115250868425,520.769775390625,4571000,MCX
2023-11-08,521.6332691454991,529.1759482406933,514.1799980470322,520.7301635742188,4837055,MCX
2023-11-09,508.46341144319115,525.0373869954395,487.69134921866925,491.32373046875,10958560,MCX
2023-11-10,486.6989150040004,526.7940076636827,482.3420623531722,516.8496704101562,18313510,MCX
2023-11-13,528.7888428814839,552.7962816662354,519.668198037475,550.7518310546875,10295085,MCX
2023-11-15,555.7736294962511,586.0533774666216,540.9265121585961,577.0121459960938,19974720,MCX
2023-11-16,578.6000418683144,601.4264586144056,572.6453244562905,588.8421630859375,10269635,MCX
2023-11-17,582.3713157002156,589.5169882791077,566.1546701800571,569.9359130859375,8748730,MCX
2023-11-20,569.9359452316357,581.1010403363558,563.9216830915406,571.3848876953125,4910795,MCX
2023-11-21,574.352306295606,583.4828849805548,573.2705665693628,576.7937622070312,3300875,MCX
2023-11-22,578.590050504692,578.5999847246538,564.4575322678335,567.0676879882812,3155060,MCX
2023-11-23,568.4769723984408,585.3288627459478,565.3011112080444,580.8429565429688,4723660,MCX
2023-11-24,581.1804153292568,591.4920158763948,578.2626012732438,581.0513916015625,5358300,MCX
2023-11-28,581.5774164946164,629.1258096784438,581.5774164946164,621.2060546875,19381925,MCX
2023-11-29,622.6946864486343,638.941134810452,608.3835332655661,614.4176635742188,8150900,MCX
2023-11-30,617.504211494438,637.9487171701569,604.4137552144723,634.2468872070312,11504190,MCX
2023-12-01,637.1547628766274,645.6799599548207,617.3057048430876,620.3128662109375,6741240,MCX
2023-12-04,632.1925259465816,633.0857578268638,608.1255420310328,613.36572265625,5152965,MCX
2023-12-05,616.4621508639494,638.1472227734901,613.3358999595907,632.7383422851562,5673430,MCX
2023-12-06,635.1698391901086,639.119782243727,627.4287188898824,629.9098510742188,3094750,MCX
2023-12-07,632.192481413563,659.981161915258,628.2226699133208,657.1427612304688,8390760,MCX
2023-12-08,659.1872158249538,663.7524748487849,628.9670134767306,631.5076904296875,4836680,MCX
2023-12-11,635.8645744502659,651.0490914499732,633.740710742103,645.4814453125,3529370,MCX
2023-12-12,648.8656827845764,656.6068031570023,637.3532535716881,640.6978149414062,3878820,MCX
2023-12-13,644.6973903716159,650.6323000033548,633.8994977934138,648.3496704101562,3090440,MCX
2023-12-14,653.0339930024475,657.2023072003451,641.5215638601744,645.8982543945312,4137715,MCX
2023-12-15,652.0315807612934,653.0339678202346,644.3500054821995,649.6993408203125,2394770,MCX
2023-12-18,651.0491357530457,651.3270516550518,637.5517998513885,640.3504638671875,2047925,MCX
2023-12-19,645.0943323557897,650.3741886218586,632.2321220146097,633.8300170898438,1674875,MCX
2023-12-20,639.1396660231107,662.9486013434463,613.335890686774,617.5836181640625,5614490,MCX
2023-12-21,613.3358638750159,642.9903600034778,607.2322545920847,638.712890625,3950555,MCX
2023-12-22,645.1043242379225,646.3448903725705,623.2604260471189,627.9944458007812,2895180,MCX
2023-12-26,627.9944342881754,632.986440823734,619.9853322007718,624.0841674804688,1647925,MCX
2023-12-27,628.2227299924067,641.9086346414955,624.054415403619,632.8475341796875,3778980,MCX
2023-12-28,636.142468046991,639.1396953188233,628.3120603630279,631.954345703125,2240885,MCX
2023-12-29,635.1698783474109,640.7275905531427,628.6593895173307,635.1400756835938,1864110,MCX
2024-01-01,634.1773766004529,636.9562324894329,624.0543453285474,629.10595703125,1634015,MCX
2024-01-02,629.2250878331724,641.501725653111,617.3057185278735,630.81298828125,3190950,MCX
2024-01-03,632.1726829644373,633.0857833242404,623.2704087652795,630.7138061523438,1659020,MCX
2024-01-04,632.1924853407138,643.0598565050376,627.2302209345858,631.5076904296875,1974045,MCX
2024-01-05,636.559333641328,639.1396870299641,615.7276957544474,624.1437377929688,2305710,MCX
2024-01-08,626.0392880982279,633.8796903744585,624.2528849620478,627.3692016601562,1082140,MCX
2024-01-09,633.1849221324288,633.1849221324288,607.8575058632869,610.8944091796875,2177360,MCX
2024-01-10,613.335902290321,617.9805746697909,603.0143677307087,607.6888427734375,2076210,MCX
2024-01-11,611.351058696738,629.1755366954395,610.3586056793732,627.7066650390625,2046315,MCX
2024-01-12,632.7879377340298,632.7879377340298,594.0525329789385,607.3414916992188,3839085,MCX
2024-01-15,612.1449304219716,633.8300624126462,606.4185184374847,627.0217895507812,3555640,MCX
2024-01-16,626.8233570421028,632.1925006063958,617.404928089249,627.82568359375,1397835,MCX
2024-01-17,621.2754607059022,640.1320641458577,619.2905550806438,624.8482666015625,2331670,MCX
2024-01-18,624.8483589410514,641.8987540872837,605.3963051687176,633.8499145507812,3169490,MCX
2024-01-19,638.9015091996318,639.1496224326332,628.8181534887274,635.3485107421875,1347090,MCX
2024-01-23,641.1245452304768,641.600903217701,593.8936871419031,601.873046875,4446220,MCX
2024-01-24,601.8731236706776,631.9940474756903,587.1351605280363,628.1532592773438,5291160,MCX
2024-01-25,632.0237903770033,641.9185166063539,617.315631290422,639.3579711914062,2906090,MCX
2024-01-29,645.0944428504886,681.4777427744659,640.4199674654667,677.9248046875,6663790,MCX
2024-01-30,682.4105818096522,685.1894983566866,662.5516503960721,664.0303955078125,1890940,MCX
2024-01-31,664.9434195044515,679.0362623013892,663.3653927964226,677.65673828125,1510250,MCX
2024-02-01,675.2748766696594,689.6456363978459,666.7398056354751,684.7825927734375,2616030,MCX
2024-02-02,690.7472101602467,730.8025941885516,685.7849457194403,725.5029296875,6429170,MCX
2024-02-05,731.3981131085262,772.5253638265873,716.5509958747112,764.1986694335938,7083765,MCX
2024-02-06,769.7464619105026,769.7464619105026,738.5834765110086,756.1101684570312,3832210,MCX
2024-02-07,760.814370166656,781.8147074870675,751.2868465407287,755.008544921875,3818230,MCX
2024-02-08,759.0478133136121,773.736103713629,751.2868245807057,770.18310546875,3430700,MCX
2024-02-09,774.1529828332403,791.9774597492107,744.7565310905158,760.1990966796875,3502505,MCX
2024-02-12,751.2869053917874,751.2869053917874,685.8941640424556,692.5237426757812,6860495,MCX
2024-02-13,692.5038760733987,708.5815645161605,668.9132513704499,678.51025390625,6016610,MCX
2024-02-14,673.5380585639501,678.17285722131,653.4310136894782,666.5115356445312,5036530,MCX
2024-02-15,674.4709558730026,694.320013557017,665.2312219440746,685.5963745117188,2788730,MCX
2024-02-16,692.3351234468344,719.7367942359798,681.9541048110029,711.5391235351562,3983305,MCX
2024-02-19,717.3449054401627,739.3674365301977,713.1865255897392,736.1817016601562,2963910,MCX
2024-02-20,737.3925245943842,747.5155565624008,732.6386968819554,736.0130004882812,2254720,MCX
2024-02-21,741.0745525341653,745.5306565181882,721.6423071156103,725.274658203125,2575725,MCX
2024-02-22,731.8347236158424,731.8347236158424,715.8661313092446,728.0633544921875,1719710,MCX
2024-02-23,731.9141584969586,737.3925179875222,721.7117739998649,729.8399658203125,1057725,MCX
2024-02-26,730.4353425522146,735.4075408808615,719.280182528211,727.1900024414062,1197375,MCX
2024-02-27,727.4481094080879,744.3198087579514,724.9868455926595,738.4345703125,3279445,MCX
2024-02-28,740.7072787458799,745.9275297980761,724.4905726987142,726.4854125976562,1711395,MCX
2024-02-29,730.0285238066036,752.0609903818995,722.5057138362893,747.078857421875,2732155,MCX
2024-03-01,761.2113563658121,769.7166847873682,754.2741204501766,758.1843872070312,3614265,MCX
2024-03-04,762.2038062648572,762.9977564481466,732.6386569927375,735.9434814453125,1346790,MCX
2024-03-05,736.0030748838129,741.7096792795833,707.6189450755282,709.7924194335938,1683275,MCX
2024-03-06,714.2385634431071,714.2385634431071,686.3804031985795,697.7738037109375,2672615,MCX
2024-03-07,702.6566768100836,719.5283766769924,693.7246004099554,717.9305419921875,2714940,MCX
2024-03-11,717.9305864525566,720.1933477819681,696.9203129387992,701.2176513671875,1068590,MCX
2024-03-12,705.7332581663667,709.990920027126,680.9814795333442,684.0680541992188,1740880,MCX
2024-03-13,684.0680441980801,693.4665442835841,630.2076047949839,637.2738647460938,3811870,MCX
2024-03-14,637.1746589857702,648.2404729752553,626.2576765932884,638.37548828125,2976095,MCX
2024-03-15,631.85503924066,650.5429443848153,610.4081465219907,646.79150390625,3939195,MCX
2024-03-18,639.1396616370434,649.8482065213099,625.2453211666729,634.197265625,2917795,MCX
2024-03-19,636.7577327726842,641.8589550272026,629.2647257707406,630.9122314453125,1616575,MCX
2024-03-20,635.1698221284637,641.3230418952361,630.009055208767,636.1920776367188,1824305,MCX
2024-03-21,641.7795881848471,655.1578949370387,640.1420771870883,650.9597778320312,2108905,MCX
2024-03-22,650.4536803854081,667.0970749801012,647.0892503846495,662.3333129882812,2095030,MCX
2024-03-26,658.244441405506,671.2952223703056,656.7855645953123,667.3055419921875,1835970,MCX
2024-03-27,673.6670694946276,676.8528650504447,660.9835531702903,666.2931518554688,1331460,MCX
2024-03-28,667.9704573397743,673.80608563183,658.1154066461808,664.8640747070312,1658665,MCX
2024-04-01,660.9736546654448,710.000853880948,657.0038429257124,707.0631713867188,3816405,MCX
2024-04-02,702.66660024116,714.1690956402945,702.66660024116,709.782470703125,1694125,MCX
2024-04-03,707.6189637293488,711.9659125600715,694.9552542096743,709.3855590820312,1901185,MCX
2024-04-04,713.7820887032643,723.4981810145895,700.3045610453097,712.680419921875,3461815,MCX
2024-04-05,712.5911472721929,714.5661189367754,701.6642306781947,707.3609008789062,1141325,MCX
2024-04-08,713.5736977003644,721.5133215968914,709.0183118369418,713.970703125,2073110,MCX
2024-04-09,720.5108765010825,742.8510011370191,709.6137629624374,740.7866821289062,4993250,MCX
2024-04-10,750.6715883275791,791.2132682480967,743.7839622374436,774.8973388671875,14882070,MCX
2024-04-12,770.9473729063325,808.3727954207569,755.6536996147018,757.88671875,12101985,MCX
2024-04-15,753.2717013964942,756.17958093268,726.5151511711587,739.7842407226562,6899355,MCX
2024-04-16,734.4151528209487,754.6710900452898,726.9419533387721,743.3472290039062,3917485,MCX
2024-04-18,749.599716949817,781.854438510261,747.3766319864976,772.2078247070312,6855100,MCX
2024-04-19,768.1586160825623,772.5948518826167,750.4135517332978,752.7061157226562,3589800,MCX
2024-04-22,765.1811673339761,785.8241750381995,758.6310025827136,774.7583618164062,5438885,MCX
2024-04-23,780.0679726884324,803.499770917945,777.6265167686119,798.3489379882812,9514450,MCX
2024-04-24,774.113255507662,776.7531535467338,737.0550378796742,762.0946655273438,17761250,MCX
2024-04-25,765.1811984401369,830.6830909136116,759.1966782792913,825.8895263671875,22475720,MCX
2024-04-26,825.8895188897474,847.5547828165196,822.7533943555328,827.26904296875,6924615,MCX
2024-04-29,825.7208407193214,827.6958123651764,773.6269959288442,807.1421508789062,10465260,MCX
2024-04-30,813.8113752213156,823.0213671776374,810.2782453323599,815.5977783203125,3463865,MCX
2024-05-02,816.9674279968242,823.6764197611943,808.4323566906802,810.0996704101562,1782390,MCX
2024-05-03,817.1857453875396,817.9995034632477,791.4117119717798,795.8380737304688,2042425,MCX
2024-05-06,801.5049437042289,814.5855263279955,784.2462336829469,803.3509521484375,2560625,MCX
2024-05-07,807.7772720357794,807.7772720357794,758.7302651832306,776.6340942382812,2886740,MCX
2024-05-08,776.6341315786458,784.4944027778733,771.1359638874859,774.8973388671875,1746330,MCX
2024-05-09,774.8972509841399,780.0679522198016,741.0050219747701,746.135986328125,2137795,MCX
2024-05-10,749.6989766527496,765.6873790112554,743.4464746582319,758.1348266601562,1856385,MCX
2024-05-13,761.3900096222815,769.3296328334311,731.0904540414809,764.0299682617188,2113135,MCX
2024-05-14,766.9675827369779,770.332012578366,759.3654202378951,766.8782958984375,869540,MCX
2024-05-15,773.1208363668087,786.7769984443638,768.5555770956059,774.20263671875,1866750,MCX
2024-05-16,782.0528544688634,785.0302130518668,768.7936987837725,778.9464721679688,1265790,MCX
2024-05-17,785.9829717746636,801.7828040025062,775.4828037826115,798.864990234375,2193685,MCX
2024-05-21,803.886863173917,803.886863173917,760.2189348039759,761.8565063476562,4203880,MCX
2024-05-22,769.7464445590692,769.7464445590692,741.9577633753553,749.5103759765625,2804785,MCX
2024-05-23,754.1947141355099,754.2343904441104,729.8597499951248,745.768798828125,3512205,MCX
2024-05-24,745.9276420732008,760.9831975253576,742.751840968996,745.5703735351562,2124910,MCX
2024-05-27,748.2995567440308,764.9826876673656,738.5040514098534,755.891845703125,2764750,MCX
2024-05-28,762.2038204479221,770.7290174361884,745.342055518217,749.2125854492188,2716565,MCX
2024-05-29,750.2348239040605,756.0505831761075,736.538986432437,744.0816040039062,1640875,MCX
2024-05-30,742.1562489242319,742.1562489242319,713.3751155060254,715.8463134765625,2955635,MCX
2024-05-31,724.0935817311956,729.6513540865704,714.5660585141464,720.7887573242188,1652840,MCX
2024-06-03,756.0506046751775,757.2316260453625,721.9102613696141,723.9547119140625,4537655,MCX
2024-06-04,724.0340636911236,724.0340636911236,579.1657435877713,638.941162109375,13415025,MCX
2024-06-05,653.0240407902231,703.5895255902205,630.3067805259055,696.1957397460938,5318090,MCX
2024-06-06,704.9988593718856,710.7948112226491,689.2585702043128,691.7098999023438,3117040,MCX
2024-06-07,691.7099059506427,725.7212880521892,687.928662620649,720.8781127929688,2990650,MCX
2024-06-10,724.4807097611563,733.6410309854715,716.9777679807023,723.597412109375,1281350,MCX
2024-06-11,723.9348023700794,743.2876327591017,721.1856886181532,734.2066650390625,2347110,MCX
2024-06-12,736.7176367977831,763.1168594500044,735.5266812145175,752.904541015625,3420770,MCX
2024-06-13,754.2542740104394,773.1208134372035,754.2542740104394,770.24267578125,2898220,MCX
2024-06-14,773.7261995519191,785.2287554453543,760.8045038389486,776.0783081054688,2388545,MCX
2024-06-18,783.7598759775373,783.7598759775373,766.3721423410125,776.9119873046875,1199015,MCX
2024-06-19,779.6709785686005,785.238685406786,766.1736432794944,767.8508911132812,963350,MCX
2024-06-20,769.7464307570343,769.7464307570343,757.2812249868294,764.3971557617188,1029580,MCX
2024-06-21,764.3971790222064,774.2919054773153,751.4357464167756,756.0208740234375,1461145,MCX
2024-06-24,756.2690160447211,764.5857766084042,739.6354949173548,759.9013671875,1410480,MCX
2024-06-25,763.9901765643426,789.9725843897405,756.655935611365,782.3704223632812,3362960,MCX
2024-06-26,784.0378018393395,785.1989547875276,753.6687669092942,755.2666015625,1959270,MCX
2024-06-27,755.2666153632024,770.9374253503721,736.7176676438442,766.6897583007812,3559095,MCX
2024-06-28,769.1510200472304,802.497414234954,768.1883697817793,778.8572387695312,5127455,MCX
2024-07-01,782.0429392365179,782.0429392365179,769.6075360849877,774.3018188476562,1273480,MCX
2024-07-02,771.7711087492594,776.2569547889697,756.0506277315872,769.1212158203125,2331720,MCX
2024-07-03,770.1434700486745,783.0453580778405,768.3868089870111,780.9115600585938,1662350,MCX
2024-07-04,780.9114743857914,790.1909445642104,766.9675244297158,781.3978271484375,1655405,MCX
2024-07-05,781.3978978243802,796.9000073733438,774.3117695361908,790.8460083007812,2398685,MCX
2024-07-08,793.7440198771188,793.9623304422215,774.1728169329683,783.4224853515625,1286260,MCX
2024-07-09,782.0230616885945,801.2270611363289,754.9191761351614,769.8059692382812,3250605,MCX
2024-07-10,766.1736489901198,768.0394653128966,730.4453441149328,737.9780883789062,8281180,MCX
2024-07-11,739.3774244443575,749.6790905866042,734.5342493550557,746.2055053710938,1844015,MCX
2024-07-12,750.2944388879719,755.6537091098375,740.3699092730516,748.5775146484375,2747685,MCX
2024-07-15,748.706565918346,781.3284911165281,747.8629445253347,775.0759887695312,3285840,MCX
2024-07-16,775.0759383072574,788.8015793367905,769.7464709009598,784.14697265625,2031260,MCX
2024-07-18,784.1469049906431,812.4318111512574,771.7313101734826,807.4298706054688,3581730,MCX
2024-07-19,798.9245537557932,801.8919781206779,755.3161725849498,759.0577392578125,5698545,MCX
2024-07-22,757.3209584111032,768.1585268680672,746.9299452892168,755.4154052734375,2407560,MCX
2024-07-23,756.2590237622607,787.0151286174435,718.5954251012894,777.3585815429688,4596560,MCX
2024-07-24,774.1132848571173,824.4207262665176,771.1359260692052,807.1818237304688,7536230,MCX
2024-07-25,803.8570927938038,834.2559317235773,798.1306804205345,830.4449462890625,3668765,MCX
2024-07-26,830.683052394701,842.3939841486838,814.7144590596789,821.7509765625,2702265,MCX
2024-07-29,828.6982468350312,851.3063550280503,824.8078480742291,834.15673828125,4412035,MCX
2024-07-30,838.6226750876295,858.4518640449097,831.7251155267394,834.087158203125,4512210,MCX
2024-07-31,834.265861275058,862.8088178607612,818.7736852353387,851.465087890625,6785790,MCX
2024-08-01,859.0672347843919,873.3585812528834,847.0287758582058,869.4979248046875,3656045,MCX
2024-08-02,847.356289228556,869.3788219007888,840.0717187325529,859.5436401367188,2685480,MCX
2024-08-05,824.0435637149477,853.48962425202,819.9149863100537,833.4321899414062,3761160,MCX
2024-08-06,843.5849344460354,854.2637369551805,819.7759999292986,823.4678955078125,1731240,MCX
2024-08-07,838.6227066359206,853.3109975484864,827.7156588770403,851.1871337890625,1228745,MCX
2024-08-08,848.7457884399562,864.2082226074925,825.7903464957736,836.2408447265625,3001550,MCX
2024-08-09,855.4944108210514,879.9285966878675,849.7679381304334,868.9818725585938,7378160,MCX
2024-08-12,871.3736771632057,886.2604711921899,862.4416007458152,878.8567504882812,2881555,MCX
2024-08-13,878.7178642053806,878.7178642053806,862.630180114835,864.9326782226562,1210645,MCX
2024-08-14,867.0068137063826,873.6959970153616,853.9064841202569,869.2993774414062,1638470,MCX
2024-08-16,869.29942190936,926.7525367398123,869.2002008458659,920.2718505859375,5919620,MCX
2024-08-19,919.0113393033131,949.6582881640543,919.0113393033131,947.1572875976562,3238140,MCX
2024-08-20,950.1744481424828,975.5415423094414,944.6662859866954,947.6635131835938,4625295,MCX
2024-08-21,947.7528317588252,956.9230867522887,942.1653171532615,952.42724609375,1279020,MCX
2024-08-22,953.5387738911527,959.4240121581645,945.4503193221991,948.5567016601562,1794770,MCX
2024-08-23,950.9485080221973,979.6304209283636,941.1530027908001,964.3069458007812,2857575,MCX
2024-08-26,970.7975358577246,979.5509773927291,964.7634054798917,968.9019775390625,1524665,MCX
2024-08-27,971.6113841446119,974.5887428294269,959.9996731589301,963.7611083984375,865960,MCX
2024-08-28,967.8202075095417,994.437801439776,965.269596298783,988.2250366210938,3294405,MCX
2024-08-29,985.505739207107,996.2242185156039,977.198913199933,993.395751953125,1823360,MCX
2024-08-30,1000.392546899841,1039.018858296572,990.4680176647236,1028.737060546875,4805145,MCX
2024-09-02,1034.1060417501799,1045.6482729593815,1020.6484444307742,1025.3526611328125,1843940,MCX
2024-09-03,1025.9979598843368,1036.5179374547806,1017.3834145385482,1033.65966796875,1260310,MCX
2024-09-04,1027.1787895658867,1064.8820645277328,1022.2264594204229,1062.3116455078125,3535645,MCX
2024-09-05,1056.962290062814,1076.2555154031302,1056.426326753684,1071.025390625,1965840,MCX
2024-09-06,1066.8870056490762,1075.6206407595914,1052.8139683992108,1067.2939453125,1627790,MCX
2024-09-09,1063.8995574634537,1068.2961770452982,1034.4534367805193,1044.3184814453125,1532280,MCX
2024-09-10,1049.6181420733722,1054.3422274759635,1035.5452280728641,1038.105712890625,1141045,MCX
2024-09-11,1038.1057891194966,1059.6222224519495,1037.1232703876835,1051.16650390625,1765595,MCX
2024-09-12,1056.962256243617,1073.6156436853626,1042.4724692610685,1046.7498779296875,1588150,MCX
2024-09-13,1052.992552257788,1061.924628572887,1048.4272930376562,1053.746826171875,1080440,MCX
2024-09-16,1057.5577489207064,1135.0980961242592,1055.9698485662027,1110.0982666015625,7857130,MCX
2024-09-17,1110.1776133282387,1132.9246764914712,1099.8362109141235,1122.13671875,3459900,MCX
2024-09-18,1125.4218123518472,1184.304125267824,1123.4865774979285,1152.65478515625,8547030,MCX
2024-09-19,1158.4662364053556,1172.4385658263147,1102.4778095607542,1137.438232421875,4282540,MCX
2024-09-20,1143.6194678021798,1159.6488272191464,1141.9598443342372,1153.5867919921875,2038445,MCX
2024-09-23,1155.743260033935,1172.4384820471305,1141.9896510778506,1167.5789794921875,1948535,MCX
2024-09-24,1163.9120707575394,1195.3745601823164,1150.7745868848976,1168.5330810546875,2051550,MCX
2024-09-25,1192.512460589132,1199.5581877440268,1142.893951248984,1148.4591064453125,4325780,MCX
2024-09-26,1152.7620473059967,1155.4352045151363,1118.9741941953037,1135.997314453125,1937335,MCX
2024-09-27,1135.9972721780778,1152.066420686482,1122.1839790704382,1133.463134765625,915035,MCX
2024-09-30,1136.4643725207893,1147.1771387783715,1121.35926291982,1124.9964599609375,1035450,MCX
2024-10-01,1132.886801908943,1168.5727701354929,1132.886801908943,1158.4462890625,1797125,MCX
2024-10-03,1142.824430565714,1187.9808437505287,1140.836909816904,1149.7210693359375,2351020,MCX
2024-10-04,1151.7682818432834,1182.5450117358419,1131.4756511874966,1153.78564453125,2411750,MCX
2024-10-07,1164.2796323555397,1168.860852924908,1128.4049086642942,1147.1273193359375,1590200,MCX
2024-10-08,1147.1373238202268,1198.6737226031205,1144.8716423469366,1192.9993896484375,2609375,MCX
2024-10-09,1202.4400608647686,1219.3339865994283,1184.2740927842503,1212.6658935546875,2097425,MCX
2024-10-10,1217.8532891515076,1236.0391517846901,1216.2533495710213,1230.9013671875,1936035,MCX
2024-10-11,1237.0129575572032,1280.3508290598772,1233.236619948063,1274.1099853515625,2941600,MCX
2024-10-14,1280.7186928879935,1299.043576866228,1271.019581451506,1292.782958984375,1965985,MCX
2024-10-15,1298.6361544779056,1301.3789428074863,1276.8628307754989,1294.07470703125,2161425,MCX
2024-10-16,1281.9509478000027,1309.7762396902353,1272.212047114963,1277.6380615234375,2357885,MCX
2024-10-17,1279.7049328988085,1287.8835611027857,1255.824842770275,1260.3763427734375,1580905,MCX
2024-10-18,1253.1317913432338,1312.9461681039463,1248.2722887135026,1304.0421142578125,2672960,MCX
2024-10-21,1320.8367663541437,1327.6638954552243,1278.9596885078229,1317.527587890625,4794740,MCX
2024-10-22,1319.71373167441,1331.3209058227674,1271.0194750087126,1278.1844482421875,2844130,MCX
2024-10-23,1275.193205854869,1353.3922692369717,1275.193205854869,1328.8662109375,3297575,MCX
2024-10-24,1331.6388783659727,1338.3964973169566,1292.5244852719013,1321.5621337890625,2432045,MCX
2024-10-25,1320.9857246648755,1327.5345710951246,1260.088064183934,1289.4139404296875,2681840,MCX
2024-10-28,1291.6897951207327,1312.7475194209715,1269.2406607130918,1304.8868408203125,1880010,MCX
2024-10-29,1309.3586837819469,1365.4266849227351,1291.1033114857983,1356.43310546875,4211390,MCX
2024-10-30,1361.4516555906814,1364.3832000482441,1236.6353820843867,1270.09521484375,5429630,MCX
2024-10-31,1273.1063992153977,1300.1565276589286,1261.2210638832091,1295.0487060546875,3290125,MCX
2024-11-01,1299.8484729272316,1315.3113207478373,1264.7190691456588,1289.771728515625,324975,MCX
2024-11-04,1288.9170892698294,1288.9170892698294,1235.3334888565587,1283.3917236328125,3265425,MCX
2024-11-05,1272.0132995182566,1307.7886735672075,1219.7415272529065,1299.60009765625,4873400,MCX
2024-11-06,1299.4409635157392,1311.5846854498784,1272.4107314736161,1283.2923583984375,1866765,MCX
2024-11-07,1284.932072849895,1295.8634361920053,1254.5031371990199,1276.5050048828125,1610220,MCX
2024-11-08,1281.9507770987634,1297.8509417759574,1267.3822172468683,1274.6168212890625,1173040,MCX
2024-11-11,1268.2667641411572,1287.9134258570155,1258.1006150732883,1273.0169677734375,906955,MCX
2024-11-12,1275.9882932003195,1281.4440278333775,1207.7765680161258,1213.252197265625,2015945,MCX
2024-11-13,1192.810524145553,1221.3313959339853,1174.753856012184,1182.40576171875,1809245,MCX
2024-11-14,1184.552359138163,1215.3688764962878,1176.6520130842284,1182.7039794921875,1116005,MCX
2024-11-18,1180.5872988247945,1192.512423055348,1156.8960859865133,1174.485595703125,1711800,MCX
2024-11-19,1182.5747542841104,1223.1202229544463,1178.6295550162422,1213.649658203125,1931420,MCX
2024-11-21,1220.3377577427495,1241.8029578843139,1199.0712611555368,1225.604736328125,1949360,MCX
2024-11-22,1231.2690698915612,1242.1904864000326,1224.272958230153,1231.4677734375,800805,MCX
2024-11-25,1243.4526038640533,1253.2510665047305,1212.387645153223,1215.5875244140625,1624775,MCX
2024-11-26,1215.5874750420362,1224.272930573627,1195.891198785901,1199.1904296875,1214400,MCX
2024-11-27,1199.8462576397742,1219.930113509376,1193.7644497512597,1215.02099609375,917795,MCX
2024-11-28,1224.2332783639454,1237.0329163603615,1204.8846724026855,1213.113037109375,1163065,MCX
2024-11-29,1204.4574500051826,1239.2191679617197,1203.284759405489,1229.35107421875,1213395,MCX
2024-12-02,1237.231671426019,1268.4258242690498,1233.256629911397,1256.7093505859375,1521795,MCX
2024-12-03,1256.5106786540114,1264.3811834134956,1220.2384239202893,1235.5423583984375,1312170,MCX
2024-12-04,1245.1717933157795,1258.4484172701066,1228.2878143746573,1255.2684326171875,1180670,MCX
2024-12-05,1258.2992658076193,1295.3765214908983,1250.428761728589,1289.5531005859375,2636470,MCX
2024-12-06,1297.8311748387066,1400.923868001821,1277.1411368928614,1375.3643798828125,6395685,MCX
2024-12-09,1386.236092402702,1393.2520991472418,1353.5215772414276,1361.33251953125,1986000,MCX
2024-12-10,1365.2280240022435,1365.2280240022435,1317.7262305174509,1326.888671875,1761485,MCX
2024-12-11,1332.7419681933616,1341.7752160779473,1320.618140085106,1332.9208984375,1418925,MCX
2024-12-12,1339.5889641513982,1360.249280837156,1322.8937415940088,1326.4813232421875,1375315,MCX
2024-12-13,1321.7012339147857,1322.8936977828344,1279.7645966704165,1305.671875,1406870,MCX
2024-12-16,1309.3786595957686,1339.9865279908176,1296.5690736703928,1332.98046875,1277670,MCX
2024-12-17,1332.9804405188381,1349.526574847734,1322.6950450090826,1341.685791015625,1128080,MCX
2024-12-18,1337.6014234732759,1349.5066529890128,1306.0196906162755,1331.2413330078125,1045410,MCX
2024-12-19,1306.7948412383994,1336.5479674563974,1291.7393478932033,1328.9259033203125,1010400,MCX
2024-12-20,1331.6388551256978,1331.6388551256978,1257.6434990544167,1271.4964599609375,1402535,MCX
2024-12-23,1272.023136333028,1284.216594671581,1252.3169131772822,1266.70654296875,1091590,MCX
2024-12-24,1267.0444600515084,1286.9196672680027,1252.3367581878476,1260.55517578125,756625,MCX
2024-12-26,1266.0307194112895,1268.1374863813433,1249.4449183395077,1262.602294921875,858715,MCX
2024-12-27,1262.6024102551999,1278.4926290964277,1257.136728141219,1260.32666015625,771280,MCX
2024-12-30,1260.3266033882396,1278.4129930454858,1250.647387385237,1260.3564453125,1335025,MCX
2024-12-31,1252.3366787697819,1259.8893540800002,1230.6827243704904,1239.0401611328125,1515270,MCX
2025-01-01,1240.2129248386225,1251.979013492468,1228.3871523352448,1249.3753662109375,816935,MCX
2025-01-02,1253.7279658360858,1262.075576588634,1234.4589391294016,1259.9588623046875,807335,MCX
2025-01-03,1259.9590097373034,1274.6766596791715,1220.3377869309072,1224.4818115234375,1405100,MCX
2025-01-06,1226.4989918659871,1232.2330085716317,1151.7981029939754,1155.4154052734375,1756435,MCX
2025-01-07,1158.118432096189,1203.8015679777604,1140.1611139681945,1197.5111083984375,1775595,MCX
2025-01-08,1197.5111300275923,1197.5905871888858,1159.7482346351842,1180.2891845703125,1564910,MCX
2025-01-09,1178.4110499115668,1192.2739586358855,1161.1096477957744,1163.9915771484375,843615,MCX
2025-01-10,1163.2163255558255,1165.4821281534887,1117.4536152256176,1120.1368408203125,1335125,MCX
2025-01-13,1093.344985908997,1130.700523101255,1092.5003139118103,1106.3731689453125,2762715,MCX
2025-01-14,1108.0527995269385,1137.855664385497,1108.0527995269385,1131.704345703125,1709655,MCX
2025-01-15,1134.874340460599,1194.9570535019466,1134.874340460599,1183.97607421875,2751495,MCX
2025-01-16,1194.6491150774477,1229.8679261904858,1194.6491150774477,1212.9739990234375,1765710,MCX
2025-01-17,1212.973916398585,1216.8794479652065,1186.8281445680059,1199.4488525390625,1183265,MCX
2025-01-20,1206.4250963064055,1209.4461666678155,1179.9910945699864,1197.85888671875,1122795,MCX
2025-01-21,1182.5747291089895,1182.5747291089895,1053.644280532503,1094.1201171875,10229790,MCX
2025-01-22,1105.0416470022758,1143.5995982369068,1083.1988132778533,1137.7264404296875,7703680,MCX
2025-01-23,1137.7264105581357,1182.5748201441845,1133.1054006546685,1164.6871337890625,3055070,MCX
2025-01-24,1164.68714939613,1174.6148057515645,1135.3314293545316,1140.737548828125,1738785,MCX
2025-01-27,1132.8469627720624,1132.8469627720624,1097.210732656437,1109.9705810546875,2030845,MCX
2025-01-28,1125.8609893114797,1127.9080725930994,1070.896045020997,1099.3275146484375,2770160,MCX
2025-01-29,1103.0740795887987,1138.84945514303,1096.2171083458416,1133.2645263671875,1680270,MCX
2025-01-30,1144.5933101540845,1144.8119083141694,1109.3544861114174,1112.8724365234375,1833560,MCX
2025-01-31,1113.0116146670903,1144.2157145543063,1110.5371610498876,1139.4356689453125,1387515,MCX
2025-02-01,1139.4456551603412,1157.7308708588098,1121.7964606775788,1147.7435302734375,845835,MCX
2025-02-03,1132.8867545710161,1136.5438458913943,1108.450222489274,1129.1402587890625,999410,MCX
2025-02-04,1137.8555432927913,1172.6371537864572,1120.9616181958677,1164.22998046875,1557655,MCX
2025-02-05,1172.915471205506,1217.3564040414194,1172.915471205506,1211.7117919921875,2577380,MCX
2025-02-06,1212.3876501034956,1230.2554421276059,1193.3571147766188,1196.9049072265625,1218885,MCX
2025-02-07,1192.651578634367,1215.0310814565357,1183.5685943440772,1192.8602294921875,1082545,MCX
2025-02-10,1192.8601343828452,1195.195446791936,1142.4367472036054,1149.860107421875,925830,MCX
2025-02-11,1148.9856476774178,1149.8601616221838,1076.8386718144402,1091.447021484375,2157385,MCX
2025-02-12,1095.7201288204058,1126.9142805126207,1063.3633551655848,1102.66650390625,2409020,MCX
2025-02-13,1110.9843394975849,1144.7522985267772,1102.189584207183,1115.1781005859375,1254985,MCX
2025-02-14,1124.9068966490036,1126.9242593137,1069.5047560345954,1081.9466552734375,1220970,MCX
2025-02-17,1079.2834235289245,1108.0427898185815,1050.5338832388181,1103.17333984375,1358420,MCX
2025-02-18,1098.6020666028826,1106.7012377147353,1065.3110948876438,1080.893310546875,1897015,MCX
2025-02-19,1080.8932145062186,1128.7030061256182,1068.6898093820337,1120.2659912109375,1742885,MCX
2025-02-20,1119.7692645323964,1140.5984436472015,1113.3098219480353,1130.750244140625,1503265,MCX
2025-02-21,1126.9242376188836,1147.8130995985907,1093.2257901624685,1110.7557373046875,1581205,MCX
2025-02-24,1097.7772235448099,1109.0265366550861,1086.9750540417122,1101.354736328125,1059900,MCX
2025-02-25,1101.3548871727446,1116.9867192705913,1089.111690786688,1092.6495361328125,1457175,MCX
2025-02-27,1097.0120337674837,1097.091490921415,1058.9609125644697,1067.6861572265625,2353330,MCX
2025-02-28,1060.0243241150383,1071.233848463337,982.9780564754353,992.1007690429688,3894740,MCX
2025-03-03,993.7702559662606,1002.0681302818326,932.8626478298202,937.1458129882812,4380410,MCX
2025-03-04,919.2482287948417,935.1682285375106,904.7392911276534,917.4594116210938,3399375,MCX
2025-03-05,914.2694217326236,944.9865258648067,900.1182847896931,934.8501586914062,2766510,MCX
2025-03-06,944.8673260879091,956.593686055259,922.1996549920265,926.7212524414062,1709285,MCX
2025-03-07,922.4480710409197,947.8485824299863,919.5760891550088,926.9895629882812,1898520,MCX
2025-03-10,926.9895612309492,942.0450543334958,892.396766934419,898.4686279296875,1908770,MCX
2025-03-11,884.9137808488889,935.5458845916129,876.1289730125832,931.4317626953125,2468890,MCX
2025-03-12,939.0836582009144,953.0161980446936,925.4095057588979,948.7330932617188,1724205,MCX
2025-03-13,949.041132931408,963.9475381606971,922.2096035186876,955.6893920898438,1972445,MCX
2025-03-17,963.9475742463143,1004.9501374699776,954.8049665658975,985.810302734375,4210825,MCX
2025-03-18,985.810302734375,985.810302734375,985.810302734375,985.810302734375,0,MCX
2025-03-19,1017.6106067348519,1038.658504496047,1011.7871855931909,1035.0709228515625,2709100,MCX
2025-03-20,1043.3788434521928,1082.8410275948972,1025.5805618594875,1070.1009521484375,3683120,MCX
2025-03-21,1070.0612656030014,1091.138883154092,1066.12589224917,1086.0010986328125,1850655,MCX
2025-03-24,1091.1488449111205,1100.8877446915224,1068.3321464993194,1071.8499755859375,1720095,MCX
2025-03-25,1077.2362886779524,1080.5355198763286,1021.7844090583419,1024.7955322265625,2002705,MCX
2025-03-26,1026.7829088697117,1034.4746036885838,1009.0642068489423,1021.9631958007812,2122405,MCX
2025-03-27,1023.1657506829274,1050.0171764785666,1014.6492773107585,1042.6236572265625,2109820,MCX
2025-03-28,1053.3860008496144,1091.347598771871,1046.9762949339383,1055.7213134765625,4057010,MCX
2025-04-01,1063.313632432603,1079.5020274326553,1036.56156000764,1039.055908203125,2483945,MCX
2025-04-02,1043.438455518732,1079.22377663848,1030.7182740846197,1067.7955322265625,2350110,MCX
2025-04-03,1067.0998933212154,1067.1992450927162,1036.2933230206654,1060.2628173828125,1199810,MCX
2025-04-04,1060.1535617697718,1061.5150086284639,996.1454221771249,999.0869140625,1689675,MCX
2025-04-07,901.3406254990467,999.7228988445877,901.3406254990467,991.6932983398438,3474970,MCX
2025-04-08,1015.712505353357,1049.2319606587425,1015.712505353357,1033.3914794921875,3487465,MCX
2025-04-09,1033.3915193561522,1043.2596130241234,1007.643154677735,1037.6944580078125,2019685,MCX
2025-04-11,1058.4441983531335,1084.788795462449,1045.4359090782648,1081.49951171875,2184685,MCX
2025-04-15,1103.073978127293,1116.3903909538,1088.4657496431155,1109.334716796875,2348965,MCX
2025-04-16,1113.0115048235452,1125.7316848306937,1100.7882049524787,1118.5765380859375,1931375,MCX
2025-04-17,1118.576663785459,1141.0356241984523,1113.7072136429285,1126.6260986328125,2652425,MCX
2025-04-21,1132.886836487929,1184.164847983023,1122.551704244206,1180.98486328125,3661200,MCX
2025-04-22,1192.5124490276035,1210.2014322116354,1180.9848529487313,1188.04052734375,2838780,MCX
2025-04-23,1192.5124240553298,1234.9459426211772,1174.4260341472786,1219.940185546875,2462655,MCX
2025-04-24,1224.3128176575774,1246.1755465443198,1214.9714455987862,1237.3310546875,2023370,MCX
2025-04-25,1243.3928969923447,1262.0756400296236,1177.0097786326612,1202.9468994140625,3350205,MCX
2025-04-28,1205.431231743109,1235.1446886751721,1204.5368232204032,1226.4989013671875,1417865,MCX
2025-04-29,1232.561010329707,1256.5106104971749,1232.561010329707,1237.728515625,1681000,MCX
2025-04-30,1232.2629332432946,1237.231735393469,1209.7046200049606,1217.9527587890625,896875,MCX
2025-05-02,1222.5238593741751,1275.3919795501458,1222.5238593741751,1248.7591552734375,3498000,MCX
2025-05-05,1255.1193665476294,1258.2993512569146,1233.2566380725323,1245.1817626953125,1458950,MCX
2025-05-06,1250.94548175099,1259.2929710077992,1188.5372880045572,1192.5123291015625,2061545,MCX
2025-05-07,1182.5748129066428,1235.7409914700927,1182.5748129066428,1203.84130859375,2978620,MCX
2025-05-08,1216.1638728361281,1237.1321903728972,1182.7734305556048,1193.40673828125,3119900,MCX
2025-05-09,1156.7370175297535,1160.910762368521,1113.0115632588695,1127.0235595703125,7482630,MCX
2025-05-12,1177.5066599907586,1219.145242811897,1148.4887850591615,1204.7357177734375,4724170,MCX
2025-05-13,1201.4563023231908,1202.0525342909036,1175.6185323807565,1180.0904541015625,2855200,MCX
2025-05-14,1189.531070806095,1238.1259733989973,1176.2146586172166,1232.7596435546875,4337105,MCX
2025-05-15,1240.61042909071,1248.8585671034148,1223.2196231915534,1233.1572265625,2005780,MCX
2025-05-16,1242.2003930853318,1293.5777528198885,1234.2503105695857,1281.9508056640625,3690895,MCX
2025-05-19,1281.9507952899878,1303.4159936470708,1261.181180623951,1287.2177734375,2289665,MCX
2025-05-20,1298.745408594351,1300.0372242471778,1254.224896976474,1258.9949951171875,1696125,MCX
2025-05-21,1267.0444329814236,1278.9695570565427,1251.0449157756989,1266.1500244140625,1246925,MCX
2025-05-22,1268.2368833800922,1273.8020382695472,1242.5979396763903,1266.0506591796875,1641380,MCX
2025-05-23,1271.9137883968751,1301.8259481342654,1255.1192156439522,1290.397705078125,2220940,MCX
2025-05-26,1295.863519457,1304.409834357335,1275.690135469605,1283.3421630859375,1337595,MCX
2025-05-27,1285.826628587999,1286.4228605768271,1270.1251654665389,1276.6839599609375,888860,MCX
2025-05-28,1281.9508210002475,1295.2672336351552,1276.3857874343762,1284.7333984375,1059030,MCX
2025-05-29,1284.9321262131812,1324.6825400171465,1284.8327744403985,1306.2979736328125,2954660,MCX
2025-05-30,1310.1737340851435,1332.8313983933847,1307.7886848662122,1312.1612548828125,1882260,MCX
2025-06-02,1313.7512025264673,1345.8497108393362,1304.012302426038,1331.440185546875,2513995,MCX
2025-06-03,1341.4771132854219,1380.5318220385998,1336.7070151084276,1357.9735107421875,3283820,MCX
2025-06-04,1370.4948024656765,1385.401206933018,1348.6320759135751,1365.5260009765625,2813115,MCX
2025-06-05,1376.3581301937702,1420.083587037471,1370.594271450008,1410.9410400390625,3286340,MCX
2025-06-06,1419.1890761657912,1496.801732208938,1412.928458990398,1474.3427734375,8328300,MCX
2025-06-09,1504.2550413314505,1586.7371530166968,1494.9137907899133,1581.172119140625,12633785,MCX
2025-06-10,1588.8240857239205,1591.7058936731848,1540.8254126090335,1568.253173828125,5012160,MCX
2025-06-11,1570.1413620700046,1579.085205271669,1504.0562984132607,1525.620849609375,4827310,MCX
2025-06-12,1502.5655595284975,1527.3102150284903,1486.0691629647122,1492.82666015625,4000410,MCX
2025-06-13,1465.2003610029624,1528.1053216657692,1465.2003610029624,1502.06884765625,4386935,MCX
2025-06-16,1514.8884046962946,1559.7069752637435,1513.1989392013604,1555.73193359375,5506335,MCX
2025-06-17,1558.613844475744,1594.2898673001373,1540.8255089529653,1575.2095947265625,5757250,MCX
2025-06-18,1578.8865145691755,1595.8797925288613,1564.7750446176726,1577.3958740234375,3927105,MCX
2025-06-19,1584.053946321766,1584.053946321766,1537.5459149326553,1543.0115966796875,3227265,MCX
2025-06-20,1543.7072697575807,1611.3823217275192,1531.4839695799512,1606.910400390625,5035650,MCX
2025-06-23,1599.9541007093312,1658.1884306721806,1597.0721715457062,1648.0521240234375,4774360,MCX
2025-06-24,1659.5798484135094,1662.561129578324,1601.1466890596848,1632.947021484375,4286585,MCX
2025-06-25,1654.6109822692943,1750.6082077896774,1646.5615476983603,1721.5904541015625,13907300,MCX
2025-06-26,1721.98792026718,1766.5083095400103,1709.267739727153,1756.76953125,5697570,MCX
2025-06-27,1760.9432643556488,1803.674957565182,1747.1299718238643,1760.2476806640625,8683640,MCX
2025-06-30,1764.0239603225289,1795.9236430661279,1764.0239603225289,1777.6385498046875,3388945,MCX
2025-07-01,1784.0981108045792,1811.6252256104744,1760.9434447513772,1800.793212890625,5037950,MCX
2025-07-02,1802.681260683714,1810.333166794915,1768.9927608226606,1775.8497314453125,3323865,MCX
2025-07-03,1776.2472666591298,1803.5756761734683,1776.2472666591298,1789.2655029296875,3245335,MCX
2025-07-04,1794.731269379409,1794.731269379409,1753.1920364373148,1765.8128662109375,2563710,MCX
2025-07-07,1766.5083545778562,1772.8684450100227,1734.1117917839067,1738.385009765625,2659085,MCX
2025-07-08,1744.446938502014,1754.086365350629,1663.6541737157504,1688.5975341796875,4954940,MCX
2025-07-09,1693.3676273497938,1704.298991141371,1672.1011317117252,1677.864990234375,4014330,MCX
2025-07-10,1683.8275962544928,1693.3676715507977,1649.3440386085038,1655.9029541015625,3267730,MCX
2025-07-11,1649.840890247013,1653.6172281135155,1594.488487084216,1599.556640625,3519495,MCX
2025-07-14,1604.9229603113129,1652.4247534185943,1603.5316715638667,1631.5557861328125,3460415,MCX
2025-07-15,1645.667159206631,1660.5735646342273,1632.8476262771705,1654.0147705078125,2056815,MCX
2025-07-16,1654.2133582017348,1669.616642731462,1642.2882346948493,1665.6416015625,2609105,MCX
2025-07-17,1673.6911604854652,1678.0637303591386,1634.735802647948,1641.5927734375,1731930,MCX
2025-07-18,1641.4933647180262,1643.3814123016853,1612.8730186365124,1636.7232666015625,1328105,MCX
2025-07-21,1637.5183386926728,1654.610968037231,1622.015580323614,1639.505859375,1783220,MCX
2025-07-22,1650.6358885082627,1658.2877944348481,1617.0467412300961,1620.52490234375,2702665,MCX
2025-07-23,1627.7794131966552,1644.6733387304423,1600.9478844076993,1641.990234375,1967790,MCX
2025-07-24,1641.6921505938162,1643.9778479952179,1616.947492827375,1638.2139892578125,1501630,MCX
2025-07-25,1622.8106840522728,1636.7233292309206,1591.6065841755778,1597.9666748046875,1530365,MCX
2025-07-28,1593.9916591473,1593.9916591473,1530.9872264130413,1536.6517333984375,2298115,MCX
2025-07-29,1535.161102558819,1563.0857453209085,1513.2983739280721,1558.116943359375,2345660,MCX
2025-07-30,1567.7562833300603,1571.8306764498789,1542.9122749060018,1547.682373046875,1344900,MCX
2025-07-31,1539.4341173517385,1559.4086759099912,1520.4533191327882,1528.9996337890625,1485770,MCX
2025-08-01,1529.1984897584232,1534.365995104491,1497.4975100278916,1509.621337890625,1915430,MCX
2025-08-04,1552.1543534082778,1601.9417239158963,1541.7198694745823,1585.544677734375,6880970,MCX
2025-08-05,1586.2402107051007,1586.2402107051007,1526.4158865900642,1565.570068359375,4410650,MCX
2025-08-06,1569.7438267516352,1569.7438267516352,1535.3597428561948,1538.937255859375,1713960,MCX
2025-08-07,1533.2728313231344,1570.041963386957,1530.5896056576212,1567.1600341796875,2028385,MCX
2025-08-08,1576.138076757496,1578.0334570269724,1527.3575764832078,1538.729736328125,1618360,MCX
2025-08-11,1541.0241745301346,1589.4056285062711,1534.7395245832201,1585.51513671875,1669805,MCX
2025-08-12,1589.1063074177086,1641.976762090112,1579.0310187118844,1626.315185546875,3827835,MCX
2025-08-13,1640.6798757464048,1668.9107518778612,1635.293172171644,1663.7235107421875,2234100,MCX
2025-08-14,1667.9132095557156,1673.3997661660962,1611.251994397917,1625.716552734375,2202100,MCX
2025-08-18,1655.9425101586914,1683.7743393524934,1646.066684087092,1657.7381591796875,2044025,MCX
2025-08-19,1657.9376134613753,1663.8232165879788,1629.0084974623503,1654.9449462890625,2025445,MCX
2025-08-20,1654.944905308678,1656.6407012888878,1634.9937913206288,1640.7796630859375,1113870,MCX
2025-08-21,1645.9669791109163,1646.7650724156256,1574.6417433494432,1581.52490234375,3404560,MCX
2025-08-22,1581.724383451241,1612.0501028089666,1580.7268276945524,1588.1087646484375,2351445,MCX
2025-08-25,1596.0891130073219,1611.9502729222193,1586.8117963291925,1596.6876220703125,1526495,MCX
2025-08-26,1596.089179566744,1596.089179566744,1530.7492787782303,1534.6397705078125,2464130,MCX
2025-08-28,1534.6397249535157,1539.3281880705445,1472.9907335139649,1476.6817626953125,2277040,MCX
2025-08-29,1473.7888200341222,1488.9516180116425,1457.2294197179508,1474.3873291015625,3224815,MCX
2025-09-01,1485.1609686957008,1560.0773770999235,1483.9638287975151,1554.790283203125,3368255,MCX
2025-09-02,1562.471572596709,1565.9630176159312,1523.267584100667,1525.3624267578125,2521965,MCX
2025-09-03,1534.9389729453803,1540.2260670917126,1501.9199022086186,1537.732177734375,2149855,MCX
2025-09-04,1548.3062070849273,1554.0920789638258,1517.8807576558318,1524.96337890625,2072510,MCX
2025-09-05,1532.5448777818451,1545.114055306206,1511.3966237798372,1517.3819580078125,1268875,MCX
2025-09-08,1517.381973158299,1545.2138019506617,1510.9975922303258,1522.5693359375,1623860,MCX
2025-09-09,1526.2602317980686,1529.5522143401333,1492.3433377581114,1518.5791015625,1941090,MCX
2025-09-10,1530.1507277687192,1551.9972221698984,1512.4939186403415,1520.075439453125,1718425,MCX
2025-09-11,1522.170376739404,1523.8661728429038,1501.5208991973263,1510.399169921875,2221455,MCX
2025-09-12,1506.408914632882,1558.3815448849678,1506.408914632882,1541.921875,2397945,MCX
2025-09-15,1550.6006992860275,1575.8387869767025,1543.617808958878,1547.50830078125,1777875,MCX
2025-09-16,1548.2064770951113,1550.1018573170768,1517.681296424299,1525.3624267578125,2494225,MCX
2025-09-17,1532.8441284104038,1603.0720769836137,1532.8441284104038,1579.8289794921875,6444475,MCX
2025-09-18,1589.9044358842382,1600.0794560355366,1582.3229146101548,1595.8897705078125,2258455,MCX
2025-09-19,1596.0891411171583,1617.4368577339878,1583.1209168455814,1606.364013671875,4384320,MCX
2025-09-22,1605.8653227497114,1621.1278529247274,1586.2134010726759,1593.994384765625,1887210,MCX
2025-09-23,1593.9942907928028,1608.0598019267322,1570.152685007864,1603.770263671875,1609060,MCX
2025-09-24,1607.0623213798126,1619.6314995390094,1580.627093871082,1587.2109375,2179560,MCX
2025-09-25,1594.1937443767608,1615.142414136697,1581.3252514555554,1600.6778564453125,1640520,MCX
2025-09-26,1600.8775042767154,1613.9454601491093,1568.3570896535825,1580.22802734375,1952760,MCX
2025-09-29,1595.6901526137417,1611.0525355110842,1579.4300669593647,1584.1185302734375,2139380,MCX
2025-09-30,1591.8994298705186,1592.6974013649015,1541.323282972979,1555.3887939453125,1813690,MCX
2025-10-01,1558.481428601644,1599.0818997428564,1547.5083151286738,1595.7899169921875,1880470,MCX
2025-10-03,1603.6705932239763,1638.884359773333,1592.0989709225369,1625.018310546875,2404390,MCX
2025-10-06,1635.991450607904,1650.954787046391,1626.9137175229441,1634.3953857421875,1619415,MCX
2025-10-07,1647.9621295045677,1661.927910263081,1626.6144117050228,1637.787109375,1688095,MCX
2025-10-08,1637.9865604897957,1650.5557387311264,1622.025668304755,1633.796875,1128360,MCX
2025-10-09,1633.7968057690764,1745.4231933405645,1631.7018413410076,1736.9439697265625,6516650,MCX
2025-10-10,1736.9439596457041,1773.4545961775284,1718.7884943686927,1733.4525146484375,4226025,MCX
2025-10-13,1735.7469624125874,1793.2061478484095,1735.7469624125874,1783.130859375,5738760,MCX
2025-10-14,1798.393529615018,1887.37545255969,1798.393529615018,1874.906005859375,10001115,MCX
2025-10-15,1907.3265270272327,1918.6986865323056,1880.392522722978,1903.5357666015625,5075480,MCX
2025-10-16,1908.3240836991158,1912.414037778166,1849.568027703391,1861.5386962890625,4202435,MCX
2025-10-17,1865.4291867200163,1893.859524592487,1854.3563426398625,1861.1396484375,3022940,MCX
2025-10-20,1876.0032992903193,1877.599364119081,1817.6462885314045,1834.5050048828125,2466580,MCX
2025-10-21,1845.577844698197,1850.4658921639616,1827.9211568617968,1832.908935546875,365955,MCX
2025-10-23,1826.0258173298705,1865.0302231626429,1803.880128183022,1847.2738037109375,2967135,MCX
2025-10-24,1843.4830195018294,1847.0741958347824,1790.7122961584548,1796.298583984375,2087400,MCX
2025-10-27,1796.3983672067598,1862.4365063503653,1792.3082913874766,1856.5509033203125,3177265,MCX
2025-10-28,1859.344121461911,1861.0399174685622,1809.5660669311915,1818.8433837890625,2909250,MCX
2025-10-29,1825.5269920673254,1835.1035027532905,1796.4981445806427,1830.614501953125,2099500,MCX
2025-10-30,1825.6266809047283,1830.2154128173165,1807.7704093375448,1815.8507080078125,971970,MCX
2025-10-31,1829.5172535334493,1857.4488146560975,1821.5368074984071,1844.1812744140625,2398080,MCX
2025-11-03,1853.0594638716227,1920.095280694899,1850.4658433781485,1900.6429443359375,4049765,MCX
2025-11-04,1920.2947493140705,1920.2947493140705,1856.1518681996358,1860.5411376953125,2329345,MCX
2025-11-06,1872.4121550652583,1876.4023780915027,1830.2154978539447,1845.577880859375,2310060,MCX
2025-11-07,1804.5783445023474,1896.3534731337547,1757.7929556608613,1881.4898681640625,6315385,MCX
2025-11-10,1879.3949610916484,1912.414030798903,1860.9401804227548,1901.44091796875,2386565,MCX
2025-11-11,1905.4311202948834,1948.026821794527,1881.5895146844794,1894.3582763671875,3619240,MCX
2025-11-12,1905.3314758335534,1915.1075708581252,1871.1152650194936,1881.7891845703125,2356905,MCX
2025-11-13,1892.3632233456133,1939.8468518279417,1888.373000418158,1914.70849609375,3088485,MCX
2025-11-14,1910.3192659819415,1944.0366991242379,1883.2855294443661,1928.5745849609375,2214895,MCX
2025-11-17,1938.8493539058047,1954.2117369889477,1923.2875083791175,1934.859130859375,1833795,MCX
2025-11-18,1944.8346696829724,1944.8346696829724,1916.703646186244,1928.2752685546875,1712820,MCX
2025-11-19,1928.2752233896629,1962.9902114538243,1925.2825562038538,1955.009765625,2386540,MCX
2025-11-20,1968.3769488530365,1990.1237128196926,1957.2043732091413,1966.880615234375,2686080,MCX
2025-11-21,1960.1970629375655,1965.1848417236663,1925.1828802135274,1931.866455078125,1990805,MCX
2025-11-24,1937.3529934971036,1973.0655379780258,1926.2801490506313,1968.2772216796875,2249275,MCX
2025-11-25,1975.1603816704508,1986.133494901953,1958.4013963899247,1968.5765380859375,1506640,MCX
2025-11-26,1972.7662165758104,2057.159408232089,1971.3696141786925,2051.5732421875,4051170,MCX
2025-11-27,2057.0598780551636,2089.1811255670004,2046.6851517830391,2079.803955078125,2843950,MCX
2025-11-28,2080.901286091691,2086.8866205675063,1985.3353969190678,2009.7755126953125,4594910,MCX
2025-12-01,2035.013677613859,2056.560978676733,2022.4444998418082,2037.0087890625,2137580,MCX
2025-12-02,2037.806887632469,2064.9403546955377,2031.023459980732,2038.804443359375,1629970,MCX
2025-12-03,2040.0014145009009,2064.541382234696,2002.4933443881812,2022.6439208984375,2471110,MCX
2025-12-04,2038.8045096364465,2056.5610508613763,1991.5203422896068,2019.2523193359375,3413675,MCX
2025-12-05,2021.8460657799728,2066.7360750399907,2021.8460657799728,2063.5439453125,1982765,MCX
2025-12-08,2072.7213168326894,2098.0591346188867,2023.2424558676628,2031.6219482421875,2474390,MCX
2025-12-09,2032.0210941921264,2070.3271381672944,1985.1359732166575,2066.53662109375,2600650,MCX
2025-12-10,2068.930620280279,2074.517029883739,1948.8248839289063,1967.97802734375,2408525,MCX
2025-12-11,1964.1871874197561,2006.2839895535988,1945.2336289835066,1982.74169921875,2399730,MCX
2025-12-12,1999.1016444355632,2032.6194919639277,1989.5251339663073,2027.4322509765625,2219790,MCX
2025-12-15,2027.432264603533,2046.9843323121659,2012.069882199629,2032.220458984375,1293085,MCX
2025-12-16,2032.2204465407037,2040.9989855097356,1997.5055808473955,2027.831298828125,1743700,MCX
2025-12-17,2027.8313412294274,2038.8044542841928,1991.1212415737998,2000.0992431640625,1391200,MCX
2025-12-18,2019.0527643879188,2044.3905820965806,1985.1358701244853,2029.4273681640625,1891380,MCX
2025-12-19,2039.0039554715145,2067.93307225658,2031.2229719033062,2056.361328125,2358165,MCX
2025-12-22,2074.9160088320205,2164.097397563302,2057.758098236995,2158.91015625,3615345,MCX
2025-12-23,2166.491681864733,2180.2580002749346,2142.1511748170406,2160.306884765625,2497730,MCX
2025-12-24,2163.099844169121,2181.4550165476203,2155.1193979725276,2159.708251953125,1483525,MCX
2025-12-26,2172.077731489169,2216.568814104313,2156.3165459179486,2204.9970703125,2041720,MCX
2025-12-29,2222.5540811577316,2238.315509795721,2174.6714079550516,2182.05322265625,2282335,MCX
2025-12-30,2164.695823634915,2202.2040145864125,2157.1143030562507,2172.476806640625,2824770,MCX
2025-12-31,2204.5981934338756,2234.1259408630317,2191.6299687666174,2221.756103515625,2188250,MCX
2026-01-01,2226.54433493898,2226.54433493898,2187.8391248522335,2192.427978515625,1323355,MCX
2026-01-02,2224.5492763037287,2272.431951309369,2184.6470471323614,2210.58349609375,3418580,MCX
2026-01-05,2219.56144838563,2226.5443383356073,2170.681218735789,2193.625,1638124,MCX
2026-01-06,2206.5933578097174,2264.451592327332,2184.6471309237254,2240.51025390625,2414137,MCX
2026-01-07,2245.497957162588,2309.341524136558,2230.534621153064,2299.365966796875,2484262,MCX
2026-01-08,2304.353779134917,2332.285340094128,2218.5639847601974,2225.546875,2773533,MCX
2026-01-09,2218.563869237791,2252.480762922182,2168.6860844078046,2185.64453125,2446798,MCX
2026-01-12,2195.6202137513983,2243.502889925895,2187.6397677223154,2229.537109375,1905600,MCX
2026-01-13,2243.5028120357815,2297.3708208618964,2233.52725484576,2287.395263671875,2810584,MCX
2026-01-14,2298.3684836574266,2439.023846589587,2278.4173683479003,2411.09228515625,5300087,MCX
2026-01-15,2411.09228515625,2411.09228515625,2411.09228515625,2411.09228515625,0,MCX
2026-01-16,2444.0114630311605,2492.891692291784,2417.077459152858,2440.021240234375,3433035,MCX
2026-01-19,2448.99943854692,2479.9236677098343,2412.0898747073124,2423.06298828125,3253397,MCX
2026-01-20,2444.011496934919,2448.0017197870575,2336.2754799271756,2367.19970703125,4028731,MCX
2026-01-21,2374.1826908506196,2419.0726997112406,2300.3635651687096,2314.329345703125,3776728,MCX
2026-01-22,2369.194894591177,2405.106901414454,2239.5126477293447,2308.343994140625,4401399,MCX
2026-01-23,2331.287682923594,2349.2436856162017,2266.446562089176,2276.422119140625,2959911,MCX
2026-01-27,2379.1705034506826,2440.0214052160877,2295.3758190524195,2412.08984375,6439930,MCX
2026-01-28,2481.918753615503,2598.632778604657,2452.9896363104995,2586.662109375,7308758,MCX
2026-01-29,2643.522806515555,2698.3883741979535,2621.5765794425956,2679.434814453125,5308326,MCX
2026-01-30,2677.439489437055,2677.439489437055,2483.9136843138103,2521.82080078125,7639727,MCX
2026-02-02,2207.2915697433245,2344.2560235741125,2120.304756641181,2316.125,8631439,MCX
2026-02-03,2493.8892128584002,2547.65736687008,2385.155643177774,2428.150390625,10210272,MCX
2026-02-04,2453.9870564097973,2550.7499606666065,2444.0114992699205,2537.08349609375,4065299,MCX
2026-02-05,2468.950500141902,2471.8433144214837,2387.1509280159885,2404.50830078125,5412056,MCX
2026-02-06,2374.182618097545,2391.0412123799306,2322.2098675695397,2374.58154296875,4957750,MCX
2026-02-09,2424.060316744123,2451.09417324964,2385.155644993909,2428.9482421875,3235535,MCX
2026-02-10,2441.0188666250265,2488.402763709084,2429.048197888001,2464.660888671875,3096524,MCX
2026-02-11,2463.962610720107,2463.962610720107,2344.3557781678833,2367.000244140625,6371079,MCX
2026-02-12,2370.192329510973,2441.4177086620625,2333.8813996582353,2435.93115234375,3463494,MCX
2026-02-13,2374.182750609204,2398.52301416428,2315.526422179493,2334.879150390625,3459271,MCX
2026-02-16,2234.5249389804944,2352.435983033991,2162.700923084693,2333.981201171875,5065061,MCX
2026-02-17,2333.0833353301095,2338.869207137227,2265.847934578218,2277.619140625,3230251,MCX
2026-02-18,2275.6241928812588,2343.0590609158094,2274.4271746560075,2335.577392578125,3261320,MCX
2026-02-19,2395.031379322039,2430.045681760021,2346.3508560660484,2355.428466796875,3671027,MCX
2026-02-20,2366.3020693838207,2417.077559156135,2360.416344388725,2390.043701171875,2937437,MCX
2026-02-23,2421.06778310588,2444.0115651460264,2378.172886248215,2390.343017578125,1635978,MCX
2026-02-24,2379.170441090707,2405.0070373520844,2367.199772204716,2389.944091796875,1777072,MCX
2026-02-25,2408.997169586992,2478.8260687920597,2394.3331494627027,2443.21337890625,2689531,MCX
2026-02-26,2450.395759151788,2461.9675028550423,2371.6887107122625,2452.8896484375,2765633,MCX
2026-02-27,2449.1986962247806,2475.9332375876033,2426.5542306332977,2437.327880859375,2538434,MCX
2026-03-02,2421.0678368732197,2528.10561895509,2419.3720407848464,2495.08642578125,5390946,MCX
2026-03-04,2488.1034708957604,2491.5949159757924,2426.654183613525,2472.44189453125,2931485,MCX
2026-03-05,2491.9940551498153,2565.813178832689,2491.9940551498153,2547.258544921875,3764228,MCX
2026-03-06,2555.7377115045647,2584.3675114765792,2516.6335766493353,2527.706298828125,1832576,MCX
2026-03-09,2472.9407087211375,2581.574432674996,2445.109000663371,2570.801025390625,4232863,MCX
2026-03-10,2598.6327362452625,2617.4864425570886,2555.837691864382,2571.898193359375,3351851,MCX
2026-03-11,2573.69370787258,2601.625267492903,2514.239290691773,2525.412109375,2043024,MCX
2026-03-12,2506.558144677732,2533.69161085737,2460.8700451642053,2519.925537109375,2510419,MCX
2026-03-13,2513.8405162243403,2537.781854474096,2458.9749494019834,2492.6923828125,2434350,MCX
2026-03-16,2467.952870811249,2570.701110784393,2434.834069353924,2549.353515625,3474374,MCX
2026-03-17,2573.5940106774,2674.4469955434606,2563.7183060599377,2665.26953125,4027322,MCX
2026-03-18,2673.4492395541747,2696.0937049266995,2568.805745468277,2596.7373046875,5748986,MCX
2026-03-19,2550.2511449157596,2617.985079471526,2514.2392867583485,2524.21484375,4095995,MCX
2026-03-20,2543.767194497114,2552.645343366235,2390.941700383555,2408.598388671875,5214539,MCX
2026-03-23,2394.1337891525354,2396.627678516236,2254.4759847853043,2308.742919921875,6653727,MCX
2026-03-24,2377.9734880254505,2420.070292718453,2285.400264063469,2413.08740234375,4100132,MCX
2026-03-25,2462.96507692841,2491.5948774330186,2444.0115182157165,2459.07470703125,3400803,MCX
2026-03-27,2421.9654916315253,2480.921133475455,2384.9563196830904,2392.338134765625,7840574,MCX
2026-03-30,2365.404104686009,2410.0946502200577,2339.2681931978623,2383.5595703125,3743842,MCX
2026-04-01,2443.9116779762326,2501.8697631281316,2434.335289124079,2463.663330078125,3749070,MCX
2026-04-02,2419.072561931571,2443.0138986269762,2354.2314417148486,2437.028564453125,2870777,MCX
2026-04-06,2431.2427530026803,2563.7182013779916,2416.379270186561,2542.76953125,3640729,MCX
2026-04-07,2518.828173458468,2553.4433079651417,2478.9259449680367,2535.686767578125,3664426,MCX
2026-04-08,2644.3208911786955,2648.510576715569,2563.71833602976,2589.9541015625,4126660,MCX
2026-04-09,2593.6449391462843,2675.245047863586,2570.202379119385,2651.00439453125,3860778,MCX
2026-04-10,2673.449432597558,2702.1790871491744,2616.4889013735406,2662.875244140625,3165287,MCX
2026-04-13,2643.5227877228413,2769.6137395008204,2622.574116574849,2758.84033203125,4807666,MCX
2026-04-15,2837.946307059335,2881.9386138471427,2805.326282153436,2844.13134765625,4612212,MCX
2026-04-16,2873.9579531697295,2895.904178428228,2833.058169733437,2855.203857421875,3431999,MCX
2026-04-17,2876.950849273579,2876.950849273579,2773.205048883686,2849.119140625,3924484,MCX
2026-04-20,2855.0043863506685,2887.923724138779,2838.744179885949,2852.111572265625,2053838,MCX
2026-04-21,2850.016756413573,2858.695442664824,2808.318877666964,2818.693603515625,2126934,MCX
2026-04-22,2823.082628076681,2827.870944140497,2761.732952590209,2776.39697265625,2904468,MCX
2026-04-23,2764.226865282894,2845.0288775845593,2758.74030889204,2784.576904296875,1914246,MCX
2026-04-24,2784.776768117124,2806.423679486503,2749.2636855022256,2754.151611328125,2338789,MCX
2026-04-27,2779.689088682572,2827.5717645328373,2767.0201794059662,2823.082763671875,1697920,MCX
2026-04-28,2828.0704929517665,2907.8749513066664,2826.175234483389,2890.91650390625,1771034,MCX
2026-04-29,2904.7823892784186,2973.613733617861,2855.004456514256,2961.044677734375,2698924,MCX
2026-04-30,2967.7282614196847,2977.8036715902904,2918.5487158073834,2964.23681640625,2414520,MCX
2026-05-01,2964.23681640625,2964.23681640625,2964.23681640625,2964.23681640625,0,MCX
2026-05-04,2992.667232017331,3033.5670175215682,2863.3839101766293,2905.780029296875,2390500,MCX
2026-05-05,2912.8627429209732,2918.8480773242354,2859.9922890254898,2895.405517578125,1752968,MCX
2026-05-06,2932.6143535661245,2982.0929711383237,2903.8847001291733,2965.9326171875,1999829,MCX
2026-05-07,2982.092927587887,3050.525346379415,2955.258776536631,3035.1630859375,2366069,MCX
2026-05-08,3061.498616985703,3128.3348526774726,3015.0124213108875,3090.228271484375,3775007,MCX
2026-05-11,3112.373971464058,3211.730622586042,3035.0634000574987,3180.10791015625,6246307,MCX
2026-05-12,3192.1783432279026,3248.0414642343912,3138.609649114386,3149.18359375,4305796,MCX
2026-05-13,3241.058463916416,3257.019355089904,3123.3468915119415,3196.367919921875,4279384,MCX
2026-05-14,3211.4312499250705,3355.7775171284484,3202.153932812818,3330.9384765625,3838705,MCX
2026-05-15,3358.2713107910877,3414.633208625544,3341.811641511999,3382.71142578125,3403551,MCX
2026-05-18,3340.0161137306345,3360.7653220412094,3298.1187722270042,3340.215576171875,2862332,MCX
2026-05-19,3355.6776356372957,3438.973539412699,3323.356927278524,3406.353515625,2730028,MCX
2026-05-20,3390.293090687212,3443.462617661458,3360.9648053264523,3433.28759765625,2257155,MCX
2026-05-21,3461.5183771511183,3471.4939344339746,3299.914349168847,3314.67822265625,3460281,MCX
2026-05-22,3325.152651790419,3349.0939899459886,3249.338414297783,3261.907470703125,2710869,MCX
2026-05-25,3291.933877590352,3336.8238850120388,3232.0805343614365,3305.7998046875,2400665,MCX
2026-05-26,3320.862974756732,3338.818977624146,3281.958301877335,3299.216064453125,1955204,MCX
2026-05-27,3303.904590292069,3314.57838793478,3143.0986547148905,3150.77978515625,2992806,MCX
2026-05-28,3150.77978515625,3150.77978515625,3150.77978515625,3150.77978515625,0,MCX
2026-05-29,3162.05211157104,3169.2344639136277,2899.0963312175036,2947.2783203125,17655814,MCX
2026-06-01,2959.7478271864456,2980.1977194875317,2868.6709410586873,2883.434814453125,3492170,MCX
2026-06-02,2882.936002452686,2898.5975783939134,2816.897863146801,2871.66357421875,4613055,MCX
2026-06-03,2878.945896178548,2897.101362130357,2790.662212252075,2826.674072265625,3605952,MCX
2026-06-04,2830.0655917729123,2905.8798268715173,2803.231440188458,2886.427490234375,3710305,MCX
2026-06-05,2902.887119682189,2924.733492340598,2744.2757615964615,2788.168212890625,4709089,MCX
2026-06-08,2714.3491703688783,2843.033860915584,2700.3833899994684,2816.89794921875,3497131,MCX
2026-06-09,2845.028975277478,2907.874987003453,2788.4676134328765,2817.8955078125,3778873,MCX
2026-06-10,2823.082762495879,2823.082762495879,2725.721224223344,2737.093505859375,2377745,MCX
2026-06-11,2708.363710484086,2788.168166041628,2703.2760790247444,2772.0078125,1827023,MCX
2026-06-12,2815.1023824633608,2851.0143901772803,2774.4020583454744,2846.026611328125,1876623,MCX
2026-06-15,2901.8896102636863,2901.8896102636863,2803.3310557130226,2888.5224609375,3912641,MCX
2026-06-16,2893.809281579857,2896.8019487303936,2826.075345823591,2878.34716796875,2264594,MCX
2026-06-17,2877.9484083437937,2902.7874497018915,2803.1317252845965,2850.316162109375,3414894,MCX
2026-06-18,2850.3160471908263,2863.0848092935653,2793.156054929388,2810.31396484375,2627105,MCX
2026-06-19,2797.1462397790388,2807.5207218528226,2755.049437090284,2796.94677734375,2642248,MCX
2026-06-22,2815.102190512367,2875.653772903557,2815.102190512367,2863.3837890625,1811097,MCX
2026-06-23,2852.9095859619806,2868.7708684797003,2802.034242819788,2824.080322265625,2083582,MCX
2026-06-24,2813.107236398009,2862.9850242774064,2795.251085754739,2833.656982421875,1700264,MCX
2026-06-25,2813.007357911488,2874.95566731384,2801.1365419213266,2824.778564453125,3043053,MCX
2026-06-26,2824.778564453125,2824.778564453125,2824.778564453125,2824.778564453125,0,MCX
2026-06-29,2815.1023142303034,2932.8138922172543,2802.1340895368257,2907.376220703125,8791691,MCX
2026-06-30,2906.877467339565,2927.327360297856,2821.4865973742185,2830.26513671875,3486024,MCX
2026-07-01,2851.512993894341,2985.6842367415647,2848.0215489131865,2954.760009765625,5251828,MCX
2026-07-02,2978.2027038290707,3030.5743809186793,2907.8750231658823,2916.054931640625,3333640,MCX
2026-07-03,2942.1907746902407,2942.1907746902407,2793.156045942164,2807.121826171875,3916977,MCX
2026-07-06,2793.1560296214266,2798.1438082457503,2708.363793007919,2716.444091796875,3744659,MCX
2026-07-07,2723.327143917631,2727.3173668391223,2571.1998950357856,2636.7392578125,5896736,MCX
2026-07-08,2593.6449358360687,2759.239189431756,2588.6571571133068,2735.2978515625,4929261,MCX
2026-07-09,2748.8645876733976,2832.0606357368106,2742.6795474907944,2778.591552734375,2578842,MCX
2026-07-10,2793.1561672626335,2813.1072827430808,2738.589915132388,2763.927734375,2473000,MCX
2026-07-13,2766.221950418596,2809.316307861312,2756.346246426428,2775.2998046875,1211933,MCX
2026-07-14,2773.2049094953754,2891.914040513343,2772.2073537725355,2884.23291015625,3673525,MCX
2026-07-15,2913.8602703051715,2934.908793502743,2874.556672190363,2885.52978515625,1703478,MCX
2026-07-16,2890.916511970565,2896.1037530693275,2803.1316075352956,2808.6181640625,1430775,MCX
2026-07-17,2803.13165821912,2812.109659971423,2722.3296424483906,2740.784423828125,2000089,MCX
2026-07-20,2742.2807148486017,2838.0460653853297,2732.6044729302293,2811.112060546875,1718268,MCX
2026-07-21,2803.430881791173,2854.505685821898,2788.1682306036014,2794.35302734375,1326654,MCX
2026-07-22,2801.2363155790927,2825.476724747169,2748.465471849139,2797.04638671875,980174,MCX
2026-07-23,2776.696445743327,2804.1292290226306,2719.3369897956923,2745.8720703125,1512380,MCX
2026-07-24,2728.314927097642,2740.5849113103673,2699.3858108688187,2723.3271484375,1157955,MCX
2026-07-27,2733.7017023164262,2760.1369299083653,2726.4197401167744,2748.365966796875,932313,MCX
2026-07-28,2732.803879689252,2758.0420879731823,2693.400428969148,2706.767578125,1135493,MCX
2026-07-29,2724.3246682203026,2771.10993401752,2692.60234765162,2710.857666015625,1061461,MCX
2026-07-30,2725.023038832007,2725.023038832007,2655.992228494102,2670.456787109375,1374388,MCX
2026-07-31,2678.437032493411,2698.0888309131733,2661.8775105919185,2685.619384765625,999020,MCX
2026-08-03,2693.4004691536034,2703.376026446765,2623.6714210919563,2635.64208984375,2108978,MCX
2026-08-04,2649.208808977279,2692.4030225155957,2630.5545647920067,2673.449462890625,1513020,MCX
2026-08-05,2671.4543662988617,2671.4543662988617,2559.229341575702,2592.24853515625,5561921,MCX
2026-08-06,2614.0947824651544,2660.880048641427,2610.802799857453,2633.547119140625,2085783,MCX
2026-08-07,2626.763685765435,2677.9383431551037,2614.5935546319715,2631.552001953125,1444759,MCX
2026-08-10,2633.547212892338,2782.1830214987613,2596.837112125061,2752.5556640625,4554692,MCX
2026-08-11,2772.70614171794,2887.923828125,2735.8964328288207,2887.923828125,4190150,MCX
2026-08-12,2957.752700457769,2980.5966289560643,2873.0603175148253,2962.84033203125,6169318,MCX
2026-08-13,2973.2148135406806,3016.3091717921325,2921.840694132076,2962.740478515625,2857150,MCX
2026-08-14,2962.740555870846,2970.1223709494025,2904.383544921875,2904.383544921875,1478383,MCX
2026-08-17,2905.9797929272354,2973.7137318713253,2885.0311218875518,2925.930908203125,1222769,MCX
2026-08-18,2942.689469714698,3050.5253385844985,2908.8724288137337,3032.5693359375,3187586,MCX
2026-08-19,3052.520501899912,3060.500947656513,2952.8647829319066,2965.733154296875,3238717,MCX
2026-08-20,3012.6182262301063,3125.541483219758,2998.6524463734104,3118.359130859375,3923221,MCX
2026-08-21,3137.4127105807584,3203.550462473169,3124.344632738913,3177.215087890625,3473999,MCX
2026-08-24,3192.1784156976746,3281.659118203923,3172.3271535926087,3260.01220703125,3395697,MCX
2026-08-25,3281.9584678091655,3300.61271191134,3246.345775697035,3271.98291015625,2029898,MCX
2026-08-26,3291.933980002332,3346.7995463357042,3235.3726176001596,3341.811767578125,2328150,MCX
2026-08-27,3321.86067827681,3353.7824625725634,3262.8054260384442,3265.0,2087896,MCX
2026-08-28,3273.10009765625,3339.0,3245.0,3332.0,1360874,MCX
2026-08-31,3316.0,3400.0,3300.0,3400.0,2802136,MCX
2026-09-01,3360.10009765625,3369.0,3255.199951171875,3303.0,1505861,MCX
2026-09-02,3280.0,3333.0,3258.0,3286.0,2448588,MCX
2026-09-03,,,,,2412478,MCX
