trade_date,open,high,low,close,prev_close,volume,turnover_lakhs,num_trades,delivery_qty,delivery_pct,adjusted_close,adjustment_factor,symbol
2020-01-01,2168.0,2183.9,2154.0,2167.6,,1354908,,,,,2167.6,1.0,TCS
2020-01-02,2179.95,2179.95,2149.2,2157.65,,2380752,,,,,2157.65,1.0,TCS
2020-01-03,2164.0,2223.0,2164.0,2200.65,,4655761,,,,,2200.65,1.0,TCS
2020-01-06,2205.0,2225.95,2187.9,2200.45,,3023209,,,,,2200.45,1.0,TCS
2020-01-07,2200.5,2214.65,2183.8,2205.85,,2429317,,,,,2205.85,1.0,TCS
2020-01-08,2205.0,2260.0,2202.05,2255.25,,5197454,,,,,2255.25,1.0,TCS
2020-01-09,2248.75,2251.95,2210.0,2214.35,,3734173,,,,,2214.35,1.0,TCS
2020-01-10,2228.0,2234.0,2208.0,2213.55,,1915807,,,,,2213.55,1.0,TCS
2020-01-13,2217.85,2218.95,2184.7,2190.35,,2843893,,,,,2190.35,1.0,TCS
2020-01-14,2195.0,2229.8,2195.0,2206.9,,2948452,,,,,2206.9,1.0,TCS
2020-01-15,2213.0,2231.0,2194.2,2226.9,,2620681,,,,,2226.9,1.0,TCS
2020-01-16,2226.95,2249.0,2215.0,2238.8,,3117214,,,,,2238.8,1.0,TCS
2020-01-17,2240.75,2253.55,2213.0,2219.1,,3281059,,,,,2219.1,1.0,TCS
2020-01-20,2194.9,2242.2,2156.2,2170.35,,5817599,,,,,2170.35,1.0,TCS
2020-01-21,2169.95,2186.55,2158.05,2171.05,,1902980,,,,,2171.05,1.0,TCS
2020-01-22,2181.0,2210.0,2173.7,2206.9,,1773686,,,,,2206.9,1.0,TCS
2020-01-23,2209.8,2217.75,2183.7,2190.95,,2069866,,,,,2190.95,1.0,TCS
2020-01-24,2190.95,2190.95,2170.0,2183.4,,1319430,,,,,2183.4,1.0,TCS
2020-01-27,2189.7,2193.45,2165.0,2169.25,,1549101,,,,,2169.25,1.0,TCS
2020-01-28,2174.0,2187.8,2152.0,2183.75,,1743024,,,,,2183.75,1.0,TCS
2020-01-29,2185.0,2186.95,2150.0,2154.6,,2306761,,,,,2154.6,1.0,TCS
2020-01-30,2160.0,2165.0,2125.0,2137.85,,2098567,,,,,2137.85,1.0,TCS
2020-01-31,2139.4,2144.35,2071.6,2079.05,,3287223,,,,,2079.05,1.0,TCS
2020-02-03,2152.0,2194.7,2093.2,2102.5,,4728073,,,,,2102.5,1.0,TCS
2020-02-04,2129.0,2136.7,2086.6,2107.75,,3509339,,,,,2107.75,1.0,TCS
2020-02-05,2115.0,2156.7,2104.3,2146.55,,2439322,,,,,2146.55,1.0,TCS
2020-02-06,2145.0,2174.2,2115.5,2128.35,,2640065,,,,,2128.35,1.0,TCS
2020-02-07,2139.0,2151.0,2119.0,2136.55,,2083442,,,,,2136.55,1.0,TCS
2020-02-10,2140.9,2167.0,2119.0,2161.95,,2383032,,,,,2161.95,1.0,TCS
2020-02-11,2163.0,2174.8,2147.6,2153.4,,1335820,,,,,2153.4,1.0,TCS
2020-02-12,2151.1,2185.0,2150.0,2170.75,,1620407,,,,,2170.75,1.0,TCS
2020-02-13,2172.95,2197.0,2171.0,2191.95,,1645948,,,,,2191.95,1.0,TCS
2020-02-14,2188.0,2212.0,2171.0,2184.2,,1500115,,,,,2184.2,1.0,TCS
2020-02-17,2196.95,2217.0,2190.2,2203.25,,1774724,,,,,2203.25,1.0,TCS
2020-02-18,2199.95,2221.0,2186.05,2215.75,,2486223,,,,,2215.75,1.0,TCS
2020-02-19,2215.75,2230.0,2190.5,2196.35,,1760463,,,,,2196.35,1.0,TCS
2020-02-20,2204.5,2214.4,2151.25,2156.8,,2317278,,,,,2156.8,1.0,TCS
2020-02-24,2156.0,2178.95,2106.7,2115.35,,3092877,,,,,2115.35,1.0,TCS
2020-02-25,2115.5,2176.65,2111.0,2156.15,,2674567,,,,,2156.15,1.0,TCS
2020-02-26,2154.0,2163.9,2112.95,2123.6,,2686842,,,,,2123.6,1.0,TCS
2020-02-27,2119.95,2119.95,2086.2,2105.5,,2349001,,,,,2105.5,1.0,TCS
2020-02-28,2068.0,2069.5,1990.0,2000.15,,4298076,,,,,2000.15,1.0,TCS
2020-03-02,2035.0,2053.95,1985.7,2001.3,,2667076,,,,,2001.3,1.0,TCS
2020-03-03,2020.0,2060.0,2012.0,2036.2,,2757585,,,,,2036.2,1.0,TCS
2020-03-04,2056.0,2094.45,2025.0,2083.2,,3237002,,,,,2083.2,1.0,TCS
2020-03-05,2085.7,2147.75,2084.05,2125.05,,3937056,,,,,2125.05,1.0,TCS
2020-03-06,2098.0,2123.65,2071.6,2116.45,,2595027,,,,,2116.45,1.0,TCS
2020-03-09,2075.0,2079.9,1935.0,1972.35,,4940975,,,,,1972.35,1.0,TCS
2020-03-11,1933.0,1987.3,1920.0,1953.7,,6796449,,,,,1953.7,1.0,TCS
2020-03-12,1904.0,1908.4,1758.35,1769.85,,8728786,,,,,1769.85,1.0,TCS
2020-03-13,1687.9,1820.0,1506.05,1806.3,,8029720,,,,,1806.3,1.0,TCS
2020-03-16,1755.0,1842.25,1675.85,1696.4,,7844271,,,,,1696.4,1.0,TCS
2020-03-17,1730.0,1731.0,1623.15,1658.0,,5713248,,,,,1658.0,1.0,TCS
2020-03-18,1676.8,1713.55,1627.75,1654.4,,7258778,,,,,1654.4,1.0,TCS
2020-03-19,1559.7,1685.45,1546.75,1636.35,,5135111,,,,,1636.35,1.0,TCS
2020-03-20,1630.0,1869.0,1627.0,1797.45,,8547498,,,,,1797.45,1.0,TCS
2020-03-23,1620.0,1750.0,1617.75,1669.7,,7003490,,,,,1669.7,1.0,TCS
2020-03-24,1653.05,1770.0,1632.85,1703.15,,6350865,,,,,1703.15,1.0,TCS
2020-03-25,1700.0,1810.0,1680.0,1750.3,,2765520,,,,,1750.3,1.0,TCS
2020-03-26,1831.6,1832.05,1722.55,1790.95,,4556067,,,,,1790.95,1.0,TCS
2020-03-27,1820.0,1850.0,1750.4,1824.5,,4331250,,,,,1824.5,1.0,TCS
2020-03-30,1766.0,1905.0,1763.55,1778.5,,8513547,,,,,1778.5,1.0,TCS
2020-03-31,1837.4,1855.0,1780.0,1826.1,,3927593,,,,,1826.1,1.0,TCS
2020-04-01,1825.9,1834.75,1702.0,1708.75,,4941878,,,,,1708.75,1.0,TCS
2020-04-03,1740.0,1740.0,1650.0,1654.2,,5735369,,,,,1654.2,1.0,TCS
2020-04-07,1710.0,1785.85,1705.0,1775.2,,5427577,,,,,1775.2,1.0,TCS
2020-04-08,1760.0,1806.0,1701.0,1705.45,,6285615,,,,,1705.45,1.0,TCS
2020-04-09,1750.45,1778.8,1731.2,1766.15,,5307397,,,,,1766.15,1.0,TCS
2020-04-13,1761.0,1787.0,1746.0,1759.25,,2990438,,,,,1759.25,1.0,TCS
2020-04-15,1785.0,1812.0,1727.8,1735.15,,4761399,,,,,1735.15,1.0,TCS
2020-04-16,1709.95,1764.9,1675.05,1716.05,,6245533,,,,,1716.05,1.0,TCS
2020-04-17,1800.0,1851.95,1753.0,1806.2,,9895823,,,,,1806.2,1.0,TCS
2020-04-20,1830.0,1830.0,1802.5,1818.65,,3244282,,,,,1818.65,1.0,TCS
2020-04-21,1765.0,1794.6,1727.7,1737.65,,5122541,,,,,1737.65,1.0,TCS
2020-04-22,1737.65,1790.0,1719.15,1769.5,,3829836,,,,,1769.5,1.0,TCS
2020-04-23,1780.0,1900.0,1760.85,1878.25,,5934366,,,,,1878.25,1.0,TCS
2020-04-24,1840.7,1851.95,1807.8,1818.55,,2987102,,,,,1818.55,1.0,TCS
2020-04-27,1832.3,1875.0,1825.0,1836.6,,3374741,,,,,1836.6,1.0,TCS
2020-04-28,1865.0,1868.0,1832.6,1859.05,,2678505,,,,,1859.05,1.0,TCS
2020-04-29,1874.0,1912.55,1850.05,1905.65,,4241510,,,,,1905.65,1.0,TCS
2020-04-30,1980.0,2032.0,1942.2,2014.45,,5915544,,,,,2014.45,1.0,TCS
2020-05-04,1966.0,1966.0,1913.65,1930.45,,3729348,,,,,1930.45,1.0,TCS
2020-05-05,1955.1,1977.0,1927.0,1932.75,,2905528,,,,,1932.75,1.0,TCS
2020-05-06,1939.8,1953.7,1893.6,1903.6,,3517431,,,,,1903.6,1.0,TCS
2020-05-07,1910.0,1934.45,1883.35,1891.65,,3166754,,,,,1891.65,1.0,TCS
2020-05-08,1939.1,1939.5,1886.25,1893.4,,2686530,,,,,1893.4,1.0,TCS
2020-05-11,1909.0,1951.4,1909.0,1935.3,,2449841,,,,,1935.3,1.0,TCS
2020-05-12,1933.4,1956.5,1910.25,1949.5,,3256595,,,,,1949.5,1.0,TCS
2020-05-13,1994.0,1994.0,1925.65,1949.65,,2656665,,,,,1949.65,1.0,TCS
2020-05-14,1910.0,1923.1,1891.1,1902.35,,2263146,,,,,1902.35,1.0,TCS
2020-05-15,1916.0,1917.4,1865.2,1892.9,,3173682,,,,,1892.9,1.0,TCS
2020-05-18,1907.0,1952.95,1872.1,1945.6,,3727694,,,,,1945.6,1.0,TCS
2020-05-19,1903.0,1966.45,1903.0,1948.65,,3198693,,,,,1948.65,1.0,TCS
2020-05-20,1950.0,1962.9,1931.7,1953.6,,2778505,,,,,1953.6,1.0,TCS
2020-05-21,1946.0,1998.0,1941.15,1991.2,,3400908,,,,,1991.2,1.0,TCS
2020-05-22,1977.1,2032.0,1961.25,2020.35,,3663418,,,,,2020.35,1.0,TCS
2020-05-26,2015.0,2024.0,1925.0,1943.0,,4575317,,,,,1943.0,1.0,TCS
2020-05-27,1959.0,2010.0,1941.25,2005.3,,3482160,,,,,2005.3,1.0,TCS
2020-05-28,1988.5,2014.0,1971.3,2004.3,,3475681,,,,,2004.3,1.0,TCS
2020-05-29,1982.0,2002.65,1962.4,1972.35,,7237735,,,,,1972.35,1.0,TCS
2020-06-01,1990.0,2060.0,1981.1,2045.25,,3747773,,,,,2045.25,1.0,TCS
2020-06-02,2060.2,2081.0,2040.05,2047.15,,2443886,,,,,2047.15,1.0,TCS
2020-06-03,2051.85,2063.75,2020.0,2046.15,,3699799,,,,,2046.15,1.0,TCS
2020-06-04,2046.75,2100.0,2046.75,2091.55,,4048593,,,,,2091.55,1.0,TCS
2020-06-05,2091.6,2098.0,2040.3,2048.25,,3573289,,,,,2048.25,1.0,TCS
2020-06-08,2078.25,2095.0,2062.1,2071.75,,2957841,,,,,2071.75,1.0,TCS
2020-06-09,2063.1,2095.5,2060.25,2072.05,,2909439,,,,,2072.05,1.0,TCS
2020-06-10,2077.05,2132.0,2073.5,2108.75,,5168397,,,,,2108.75,1.0,TCS
2020-06-11,2100.0,2105.0,2061.8,2067.65,,2269513,,,,,2067.65,1.0,TCS
2020-06-12,2011.2,2049.2,2011.0,2039.5,,2842642,,,,,2039.5,1.0,TCS
2020-06-15,2039.1,2059.0,2000.95,2029.9,,2399022,,,,,2029.9,1.0,TCS
2020-06-16,2065.0,2073.95,2031.0,2045.8,,2146528,,,,,2045.8,1.0,TCS
2020-06-17,2046.0,2058.85,2026.55,2047.8,,2703527,,,,,2047.8,1.0,TCS
2020-06-18,2045.0,2059.2,2025.2,2038.1,,1944389,,,,,2038.1,1.0,TCS
2020-06-19,2042.0,2090.0,2032.0,2044.6,,5681758,,,,,2044.6,1.0,TCS
2020-06-22,2050.0,2052.25,2019.15,2027.95,,3196138,,,,,2027.95,1.0,TCS
2020-06-23,2027.0,2044.0,2010.0,2035.3,,4205944,,,,,2035.3,1.0,TCS
2020-06-24,2034.0,2064.25,2031.6,2042.2,,2560937,,,,,2042.2,1.0,TCS
2020-06-25,2035.0,2060.0,2009.25,2016.1,,3043931,,,,,2016.1,1.0,TCS
2020-06-26,2025.0,2132.0,2019.95,2118.85,,6300722,,,,,2118.85,1.0,TCS
2020-06-29,2108.0,2127.6,2091.3,2101.65,,3076341,,,,,2101.65,1.0,TCS
2020-06-30,2100.0,2111.9,2075.05,2082.15,,3071725,,,,,2082.15,1.0,TCS
2020-07-01,2079.7,2113.95,2079.5,2092.05,,2503466,,,,,2092.05,1.0,TCS
2020-07-02,2102.0,2165.0,2098.0,2157.15,,3758699,,,,,2157.15,1.0,TCS
2020-07-03,2163.65,2205.0,2160.25,2199.65,,4185208,,,,,2199.65,1.0,TCS
2020-07-06,2205.0,2269.9,2205.0,2263.2,,5190366,,,,,2263.2,1.0,TCS
2020-07-07,2275.0,2302.7,2232.15,2269.9,,5630055,,,,,2269.9,1.0,TCS
2020-07-08,2270.0,2274.4,2207.6,2218.9,,2793358,,,,,2218.9,1.0,TCS
2020-07-09,2229.0,2244.5,2191.05,2204.35,,3443998,,,,,2204.35,1.0,TCS
2020-07-10,2205.25,2249.85,2176.0,2222.35,,9610320,,,,,2222.35,1.0,TCS
2020-07-13,2220.0,2244.95,2210.0,2220.0,,2963503,,,,,2220.0,1.0,TCS
2020-07-14,2210.0,2239.0,2165.0,2171.95,,2976738,,,,,2171.95,1.0,TCS
2020-07-15,2185.0,2260.0,2181.1,2233.9,,5569321,,,,,2233.9,1.0,TCS
2020-07-16,2244.0,2333.0,2220.1,2234.75,,8582118,,,,,2234.75,1.0,TCS
2020-07-17,2237.0,2243.9,2190.05,2200.75,,4509135,,,,,2200.75,1.0,TCS
2020-07-20,2201.0,2226.9,2190.8,2207.9,,2952646,,,,,2207.9,1.0,TCS
2020-07-21,2230.0,2238.65,2201.15,2225.05,,2665286,,,,,2225.05,1.0,TCS
2020-07-22,2231.0,2231.0,2184.2,2190.95,,2861534,,,,,2190.95,1.0,TCS
2020-07-23,2190.95,2190.95,2163.0,2171.2,,2265766,,,,,2171.2,1.0,TCS
2020-07-24,2154.5,2163.0,2125.1,2157.4,,3665100,,,,,2157.4,1.0,TCS
2020-07-27,2165.0,2215.0,2163.5,2206.8,,4248480,,,,,2206.8,1.0,TCS
2020-07-28,2215.0,2320.0,2215.0,2309.75,,8092319,,,,,2309.75,1.0,TCS
2020-07-29,2292.0,2342.0,2246.05,2276.05,,6090431,,,,,2276.05,1.0,TCS
2020-07-30,2285.9,2358.0,2272.25,2279.5,,7098496,,,,,2279.5,1.0,TCS
2020-07-31,2303.15,2334.8,2257.45,2281.4,,4723290,,,,,2281.4,1.0,TCS
2020-08-03,2290.45,2303.85,2230.7,2254.15,,4012337,,,,,2254.15,1.0,TCS
2020-08-04,2259.95,2269.65,2225.05,2249.7,,2927928,,,,,2249.7,1.0,TCS
2020-08-05,2260.0,2300.0,2253.0,2259.5,,3800641,,,,,2259.5,1.0,TCS
2020-08-06,2275.0,2319.5,2265.35,2308.1,,4748047,,,,,2308.1,1.0,TCS
2020-08-07,2308.0,2328.0,2287.0,2295.35,,3165491,,,,,2295.35,1.0,TCS
2020-08-10,2318.0,2325.0,2276.05,2282.8,,2929353,,,,,2282.8,1.0,TCS
2020-08-11,2283.0,2312.0,2275.6,2279.9,,2774423,,,,,2279.9,1.0,TCS
2020-08-12,2288.35,2296.4,2246.55,2257.35,,3415751,,,,,2257.35,1.0,TCS
2020-08-13,2273.0,2300.0,2250.5,2254.45,,2695682,,,,,2254.45,1.0,TCS
2020-08-14,2277.0,2281.3,2233.1,2242.15,,2270405,,,,,2242.15,1.0,TCS
2020-08-17,2263.0,2270.0,2238.25,2253.4,,2625630,,,,,2253.4,1.0,TCS
2020-08-18,2262.8,2289.0,2248.3,2269.75,,3493374,,,,,2269.75,1.0,TCS
2020-08-19,2276.35,2284.6,2252.5,2256.6,,2843005,,,,,2256.6,1.0,TCS
2020-08-20,2257.0,2276.55,2240.05,2252.85,,2895164,,,,,2252.85,1.0,TCS
2020-08-21,2260.0,2271.0,2241.05,2248.6,,1975294,,,,,2248.6,1.0,TCS
2020-08-24,2250.6,2259.95,2230.0,2248.1,,2167966,,,,,2248.1,1.0,TCS
2020-08-25,2245.0,2250.0,2233.55,2242.65,,1663419,,,,,2242.65,1.0,TCS
2020-08-26,2242.0,2259.9,2216.45,2253.5,,2618149,,,,,2253.5,1.0,TCS
2020-08-27,2266.0,2287.35,2241.75,2248.4,,3579393,,,,,2248.4,1.0,TCS
2020-08-28,2268.4,2279.95,2235.1,2238.55,,2941136,,,,,2238.55,1.0,TCS
2020-08-31,2240.0,2276.2,2228.0,2257.25,,6018154,,,,,2257.25,1.0,TCS
2020-09-01,2269.0,2278.0,2241.3,2246.35,,3610908,,,,,2246.35,1.0,TCS
2020-09-02,2247.0,2268.75,2241.65,2265.15,,2084137,,,,,2265.15,1.0,TCS
2020-09-03,2268.0,2324.0,2268.0,2299.5,,4654146,,,,,2299.5,1.0,TCS
2020-09-04,2275.0,2324.25,2262.95,2288.8,,5231303,,,,,2288.8,1.0,TCS
2020-09-07,2289.0,2343.5,2283.35,2327.05,,4620401,,,,,2327.05,1.0,TCS
2020-09-08,2335.95,2390.45,2327.05,2348.2,,7453998,,,,,2348.2,1.0,TCS
2020-09-09,2325.0,2359.0,2320.0,2327.65,,3866535,,,,,2327.65,1.0,TCS
2020-09-10,2335.0,2348.5,2324.3,2331.15,,2308813,,,,,2331.15,1.0,TCS
2020-09-11,2330.95,2383.0,2330.15,2374.1,,4145424,,,,,2374.1,1.0,TCS
2020-09-14,2384.1,2505.75,2381.85,2491.4,,7512131,,,,,2491.4,1.0,TCS
2020-09-15,2491.4,2538.0,2464.6,2491.4,,7318770,,,,,2491.4,1.0,TCS
2020-09-16,2488.95,2507.6,2477.3,2503.0,,3074003,,,,,2503.0,1.0,TCS
2020-09-17,2480.0,2495.75,2450.6,2460.95,,4828176,,,,,2460.95,1.0,TCS
2020-09-18,2485.0,2500.4,2436.4,2449.9,,4183256,,,,,2449.9,1.0,TCS
2020-09-21,2465.0,2504.9,2452.15,2465.3,,4598809,,,,,2465.3,1.0,TCS
2020-09-22,2485.0,2555.0,2458.0,2522.95,,7499613,,,,,2522.95,1.0,TCS
2020-09-23,2510.0,2519.85,2409.0,2467.45,,7502280,,,,,2467.45,1.0,TCS
2020-09-24,2450.0,2450.0,2302.6,2332.25,,8424708,,,,,2332.25,1.0,TCS
2020-09-25,2368.0,2440.0,2352.1,2422.3,,8228267,,,,,2422.3,1.0,TCS
2020-09-28,2440.0,2444.0,2366.0,2426.3,,4347166,,,,,2426.3,1.0,TCS
2020-09-29,2434.85,2511.05,2426.3,2488.4,,6995811,,,,,2488.4,1.0,TCS
2020-09-30,2489.0,2505.0,2460.0,2492.3,,3917166,,,,,2492.3,1.0,TCS
2020-10-01,2510.0,2540.0,2492.3,2523.45,,2610337,,,,,2523.45,1.0,TCS
2020-10-05,2620.0,2728.1,2603.05,2705.8,,17412105,,,,,2705.8,1.0,TCS
2020-10-06,2736.0,2736.0,2650.1,2714.3,,9846367,,,,,2714.3,1.0,TCS
2020-10-07,2742.0,2770.0,2703.0,2735.95,,9656101,,,,,2735.95,1.0,TCS
2020-10-08,2800.0,2885.0,2800.0,2825.7,,19839329,,,,,2825.7,1.0,TCS
2020-10-09,2810.0,2829.85,2780.0,2812.95,,7739245,,,,,2812.95,1.0,TCS
2020-10-12,2815.5,2854.0,2800.75,2830.0,,4623203,,,,,2830.0,1.0,TCS
2020-10-13,2845.0,2854.9,2812.2,2826.55,,4209878,,,,,2826.55,1.0,TCS
2020-10-14,2842.0,2842.0,2787.55,2809.6,,4395936,,,,,2809.6,1.0,TCS
2020-10-15,2811.0,2827.75,2727.0,2740.6,,6629355,,,,,2740.6,1.0,TCS
2020-10-16,2750.1,2771.65,2731.3,2763.3,,5273773,,,,,2763.3,1.0,TCS
2020-10-19,2774.0,2774.0,2706.6,2711.55,,3331194,,,,,2711.55,1.0,TCS
2020-10-20,2725.0,2759.9,2717.95,2739.0,,3406273,,,,,2739.0,1.0,TCS
2020-10-21,2739.0,2749.0,2663.05,2675.4,,4570143,,,,,2675.4,1.0,TCS
2020-10-22,2661.0,2686.65,2638.1,2671.15,,5262294,,,,,2671.15,1.0,TCS
2020-10-23,2687.8,2702.0,2670.1,2686.8,,3499091,,,,,2686.8,1.0,TCS
2020-10-26,2689.95,2709.95,2670.5,2688.2,,2672752,,,,,2688.2,1.0,TCS
2020-10-27,2699.75,2718.15,2624.1,2630.15,,3537502,,,,,2630.15,1.0,TCS
2020-10-28,2650.0,2655.95,2606.0,2622.2,,3569445,,,,,2622.2,1.0,TCS
2020-10-29,2608.0,2655.0,2600.25,2632.65,,3105968,,,,,2632.65,1.0,TCS
2020-10-30,2636.1,2674.35,2621.6,2664.85,,3427003,,,,,2664.85,1.0,TCS
2020-11-02,2660.0,2664.85,2600.05,2604.6,,2571196,,,,,2604.6,1.0,TCS
2020-11-03,2604.0,2665.0,2601.05,2633.6,,2879269,,,,,2633.6,1.0,TCS
2020-11-04,2610.0,2721.85,2610.0,2653.15,,4893928,,,,,2653.15,1.0,TCS
2020-11-05,2685.0,2710.0,2667.0,2685.7,,2816502,,,,,2685.7,1.0,TCS
2020-11-06,2699.0,2713.25,2681.3,2707.45,,3884421,,,,,2707.45,1.0,TCS
2020-11-09,2731.1,2744.0,2695.1,2726.6,,3646592,,,,,2726.6,1.0,TCS
2020-11-10,2697.2,2713.15,2638.35,2649.6,,4760020,,,,,2649.6,1.0,TCS
2020-11-11,2667.95,2692.8,2643.4,2687.8,,3242441,,,,,2687.8,1.0,TCS
2020-11-12,2686.0,2713.0,2661.75,2671.05,,2437505,,,,,2671.05,1.0,TCS
2020-11-13,2655.75,2664.9,2636.0,2656.85,,2548093,,,,,2656.85,1.0,TCS
2020-11-14,2677.95,2689.0,2660.05,2670.35,,298819,,,,,2670.35,1.0,TCS
2020-11-17,2695.0,2695.0,2650.05,2666.05,,2827273,,,,,2666.05,1.0,TCS
2020-11-18,2661.0,2664.2,2607.05,2626.65,,2893762,,,,,2626.65,1.0,TCS
2020-11-19,2637.0,2676.15,2630.85,2636.9,,4167501,,,,,2636.9,1.0,TCS
2020-11-20,2655.0,2676.0,2627.55,2660.25,,2711471,,,,,2660.25,1.0,TCS
2020-11-23,2690.0,2730.0,2665.0,2724.25,,3706418,,,,,2724.25,1.0,TCS
2020-11-24,2734.4,2743.0,2705.0,2722.05,,3120516,,,,,2722.05,1.0,TCS
2020-11-25,2729.0,2732.95,2688.2,2701.3,,3302249,,,,,2701.3,1.0,TCS
2020-11-26,2686.0,2730.95,2680.0,2720.6,,2341099,,,,,2720.6,1.0,TCS
2020-11-27,2705.0,2717.7,2669.05,2679.65,,6086808,,,,,2679.65,1.0,TCS
2020-12-01,2679.0,2735.9,2624.45,2726.8,,3605017,,,,,2726.8,1.0,TCS
2020-12-02,2719.0,2754.7,2702.45,2749.55,,2509032,,,,,2749.55,1.0,TCS
2020-12-03,2773.9,2773.9,2700.8,2709.45,,2852548,,,,,2709.45,1.0,TCS
2020-12-04,2710.8,2738.85,2699.0,2727.55,,2686527,,,,,2727.55,1.0,TCS
2020-12-07,2715.0,2744.0,2706.15,2737.7,,1996400,,,,,2737.7,1.0,TCS
2020-12-08,2740.0,2805.55,2732.45,2797.3,,4277818,,,,,2797.3,1.0,TCS
2020-12-09,2815.0,2840.0,2793.15,2810.8,,3659996,,,,,2810.8,1.0,TCS
2020-12-10,2818.0,2827.3,2780.25,2784.3,,2127801,,,,,2784.3,1.0,TCS
2020-12-11,2792.7,2807.7,2764.55,2783.6,,1795408,,,,,2783.6,1.0,TCS
2020-12-14,2802.0,2804.0,2756.25,2797.7,,2483658,,,,,2797.7,1.0,TCS
2020-12-15,2786.0,2794.7,2755.0,2761.55,,2365509,,,,,2761.55,1.0,TCS
2020-12-16,2779.0,2819.8,2760.45,2814.2,,2565149,,,,,2814.2,1.0,TCS
2020-12-17,2811.0,2853.7,2805.0,2838.2,,2863460,,,,,2838.2,1.0,TCS
2020-12-18,2868.0,2898.0,2846.2,2861.0,,6076692,,,,,2861.0,1.0,TCS
2020-12-21,2861.0,2886.5,2785.0,2820.15,,2705195,,,,,2820.15,1.0,TCS
2020-12-22,2834.0,2883.65,2818.65,2872.5,,2881737,,,,,2872.5,1.0,TCS
2020-12-23,2876.05,2919.0,2865.45,2908.75,,2790988,,,,,2908.75,1.0,TCS
2020-12-24,2909.0,2921.35,2883.2,2909.35,,1807144,,,,,2909.35,1.0,TCS
2020-12-28,2910.0,2949.7,2902.0,2929.4,,2108994,,,,,2929.4,1.0,TCS
2020-12-29,2920.0,2952.0,2920.0,2930.5,,1994151,,,,,2930.5,1.0,TCS
2020-12-30,2934.4,2947.7,2902.0,2909.3,,2637968,,,,,2909.3,1.0,TCS
2020-12-31,2900.0,2905.0,2845.0,2862.75,,4040956,,,,,2862.75,1.0,TCS
2021-01-01,2880.0,2940.0,2879.0,2928.25,,2681440,,,,,2928.25,1.0,TCS
2021-01-04,2950.0,3050.75,2940.95,3039.45,,5113293,,,,,3039.45,1.0,TCS
2021-01-05,3039.6,3114.25,3039.6,3093.0,,5801309,,,,,3093.0,1.0,TCS
2021-01-06,3100.0,3113.5,3037.2,3051.5,,3726716,,,,,3051.5,1.0,TCS
2021-01-07,3075.0,3080.85,3000.25,3032.8,,3717827,,,,,3032.8,1.0,TCS
2021-01-08,3090.0,3128.0,3060.0,3120.9,,5879039,,,,,3120.9,1.0,TCS
2021-01-11,3230.0,3230.0,3146.55,3176.45,,9508039,,,,,3176.45,1.0,TCS
2021-01-12,3176.45,3210.0,3150.0,3174.85,,3611458,,,,,3174.85,1.0,TCS
2021-01-13,3175.0,3177.0,3126.25,3158.95,,3572801,,,,,3158.95,1.0,TCS
2021-01-14,3155.0,3266.5,3120.4,3250.7,,6931542,,,,,3250.7,1.0,TCS
2021-01-15,3235.0,3274.0,3210.0,3233.35,,4131692,,,,,3233.35,1.0,TCS
2021-01-18,3250.0,3256.75,3187.4,3221.75,,4160906,,,,,3221.75,1.0,TCS
2021-01-19,3233.0,3279.0,3232.0,3260.7,,2975735,,,,,3260.7,1.0,TCS
2021-01-20,3270.0,3327.95,3267.1,3308.8,,3453446,,,,,3308.8,1.0,TCS
2021-01-21,3305.0,3309.15,3262.1,3273.85,,2778546,,,,,3273.85,1.0,TCS
2021-01-22,3241.9,3325.0,3241.9,3303.1,,3052459,,,,,3303.1,1.0,TCS
2021-01-25,3308.95,3339.8,3278.65,3291.3,,2272887,,,,,3291.3,1.0,TCS
2021-01-27,3300.0,3306.45,3227.0,3261.05,,2786662,,,,,3261.05,1.0,TCS
2021-01-28,3230.0,3275.0,3183.8,3196.55,,3083938,,,,,3196.55,1.0,TCS
2021-01-29,3210.05,3216.85,3100.0,3111.35,,5445659,,,,,3111.35,1.0,TCS
2021-02-01,3100.0,3165.0,3044.1,3139.35,,3985846,,,,,3139.35,1.0,TCS
2021-02-02,3174.0,3224.0,3150.0,3203.45,,2881837,,,,,3203.45,1.0,TCS
2021-02-03,3213.0,3236.0,3162.65,3200.05,,2505866,,,,,3200.05,1.0,TCS
2021-02-04,3216.05,3237.85,3176.0,3188.45,,2057261,,,,,3188.45,1.0,TCS
2021-02-05,3198.95,3205.85,3129.0,3157.95,,2366135,,,,,3157.95,1.0,TCS
2021-02-08,3189.5,3226.0,3155.15,3214.1,,2526592,,,,,3214.1,1.0,TCS
2021-02-09,3195.0,3245.8,3164.0,3176.9,,2658751,,,,,3176.9,1.0,TCS
2021-02-10,3185.0,3219.4,3157.3,3213.3,,2127983,,,,,3213.3,1.0,TCS
2021-02-11,3215.0,3219.3,3185.05,3206.0,,1165882,,,,,3206.0,1.0,TCS
2021-02-12,3184.2,3245.5,3182.0,3190.8,,2777404,,,,,3190.8,1.0,TCS
2021-02-15,3209.0,3209.0,3131.55,3139.85,,2630853,,,,,3139.85,1.0,TCS
2021-02-16,3150.0,3167.65,3100.0,3108.8,,3435770,,,,,3108.8,1.0,TCS
2021-02-17,3105.1,3132.85,3045.55,3073.1,,3678426,,,,,3073.1,1.0,TCS
2021-02-18,3065.0,3097.9,3031.0,3057.35,,4189909,,,,,3057.35,1.0,TCS
2021-02-19,3058.0,3087.15,3016.15,3071.85,,3725028,,,,,3071.85,1.0,TCS
2021-02-22,3096.0,3096.0,2943.15,2958.45,,5366696,,,,,2958.45,1.0,TCS
2021-02-23,2970.0,3028.0,2968.0,2980.2,,3832829,,,,,2980.2,1.0,TCS
2021-02-24,2972.0,3003.35,2921.15,2948.1,,3774549,,,,,2948.1,1.0,TCS
2021-02-25,2974.0,3029.9,2968.45,2995.3,,4224073,,,,,2995.3,1.0,TCS
2021-02-26,2960.0,2972.35,2880.0,2894.3,,5553153,,,,,2894.3,1.0,TCS
2021-03-01,2926.0,2965.0,2901.8,2924.2,,3265871,,,,,2924.2,1.0,TCS
2021-03-02,2960.0,3025.0,2948.0,3006.35,,3306469,,,,,3006.35,1.0,TCS
2021-03-03,3035.0,3064.0,2996.9,3059.1,,3509857,,,,,3059.1,1.0,TCS
2021-03-04,3023.0,3081.45,3016.05,3049.7,,3916760,,,,,3049.7,1.0,TCS
2021-03-05,3016.1,3063.2,2996.6,3008.05,,3203686,,,,,3008.05,1.0,TCS
2021-03-08,3016.0,3033.0,2996.0,3006.95,,2003125,,,,,3006.95,1.0,TCS
2021-03-09,3006.95,3066.9,2992.1,3050.95,,1942397,,,,,3050.95,1.0,TCS
2021-03-10,3075.0,3093.2,3060.0,3070.95,,3053778,,,,,3070.95,1.0,TCS
2021-03-12,3075.0,3117.0,3041.35,3057.95,,2938317,,,,,3057.95,1.0,TCS
2021-03-15,3041.0,3099.0,3041.0,3066.15,,3097083,,,,,3066.15,1.0,TCS
2021-03-16,3060.0,3141.0,3060.0,3110.05,,4894756,,,,,3110.05,1.0,TCS
2021-03-17,3105.0,3155.0,3085.3,3112.95,,3838390,,,,,3112.95,1.0,TCS
2021-03-18,3125.95,3146.45,2987.05,3036.5,,3656306,,,,,3036.5,1.0,TCS
2021-03-19,3030.0,3099.0,3005.0,3050.2,,5776626,,,,,3050.2,1.0,TCS
2021-03-22,3048.7,3139.45,3018.65,3129.65,,2821646,,,,,3129.65,1.0,TCS
2021-03-23,3140.0,3169.0,3122.85,3142.6,,3305973,,,,,3142.6,1.0,TCS
2021-03-24,3111.2,3152.3,3111.15,3121.1,,2207104,,,,,3121.1,1.0,TCS
2021-03-25,3112.2,3130.85,3050.0,3064.85,,3179786,,,,,3064.85,1.0,TCS
2021-03-26,3090.65,3118.0,3043.05,3066.8,,3697370,,,,,3066.8,1.0,TCS
2021-03-30,3083.0,3188.45,3060.9,3158.55,,4694008,,,,,3158.55,1.0,TCS
2021-03-31,3155.0,3205.0,3132.0,3177.85,,3530069,,,,,3177.85,1.0,TCS
2021-04-01,3191.1,3215.0,3145.0,3165.0,,4285076,,,,,3165.0,1.0,TCS
2021-04-05,3171.0,3263.0,3151.0,3238.9,,5317862,,,,,3238.9,1.0,TCS
2021-04-06,3275.0,3275.0,3230.0,3264.7,,2291562,,,,,3264.7,1.0,TCS
2021-04-07,3259.0,3277.55,3234.8,3271.4,,2491268,,,,,3271.4,1.0,TCS
2021-04-08,3270.0,3335.0,3266.05,3317.35,,2578118,,,,,3317.35,1.0,TCS
2021-04-09,3354.0,3354.35,3308.0,3322.25,,2911129,,,,,3322.25,1.0,TCS
2021-04-12,3322.25,3338.1,3213.2,3246.55,,3791828,,,,,3246.55,1.0,TCS
2021-04-13,3214.0,3214.0,3073.05,3104.05,,8654596,,,,,3104.05,1.0,TCS
2021-04-15,3160.3,3237.25,3087.45,3218.95,,6062760,,,,,3218.95,1.0,TCS
2021-04-16,3229.0,3247.0,3182.6,3195.15,,3224657,,,,,3195.15,1.0,TCS
2021-04-19,3169.0,3189.0,3135.1,3161.8,,2679106,,,,,3161.8,1.0,TCS
2021-04-20,3225.0,3225.35,3126.35,3144.55,,3141893,,,,,3144.55,1.0,TCS
2021-04-22,3148.0,3148.0,3105.25,3118.8,,1988980,,,,,3118.8,1.0,TCS
2021-04-23,3105.0,3119.0,3091.05,3109.5,,1615309,,,,,3109.5,1.0,TCS
2021-04-26,3102.05,3153.0,3088.05,3100.8,,2490260,,,,,3100.8,1.0,TCS
2021-04-27,3106.0,3136.1,3103.0,3132.0,,1471417,,,,,3132.0,1.0,TCS
2021-04-28,3149.95,3151.0,3112.0,3124.1,,1639037,,,,,3124.1,1.0,TCS
2021-04-29,3145.6,3157.35,3105.5,3115.25,,1621395,,,,,3115.25,1.0,TCS
2021-04-30,3099.0,3132.05,3020.0,3035.65,,3072305,,,,,3035.65,1.0,TCS
2021-05-03,3024.9,3055.0,3004.0,3037.0,,1545831,,,,,3037.0,1.0,TCS
2021-05-04,3062.8,3090.0,3035.0,3049.75,,1990777,,,,,3049.75,1.0,TCS
2021-05-05,3070.0,3099.4,3052.4,3095.7,,1939289,,,,,3095.7,1.0,TCS
2021-05-06,3105.5,3134.0,3074.0,3111.45,,1791671,,,,,3111.45,1.0,TCS
2021-05-07,3133.0,3159.85,3111.8,3132.9,,1912540,,,,,3132.9,1.0,TCS
2021-05-10,3145.95,3164.2,3125.0,3145.5,,2137153,,,,,3145.5,1.0,TCS
2021-05-11,3125.0,3128.1,3091.15,3122.6,,2415625,,,,,3122.6,1.0,TCS
2021-05-12,3120.0,3120.0,3070.6,3087.6,,1978558,,,,,3087.6,1.0,TCS
2021-05-14,3098.5,3098.5,3040.0,3051.5,,2043935,,,,,3051.5,1.0,TCS
2021-05-17,3055.0,3075.2,3036.0,3069.75,,2890462,,,,,3069.75,1.0,TCS
2021-05-18,3100.0,3124.0,3078.0,3088.8,,2098538,,,,,3088.8,1.0,TCS
2021-05-19,3084.0,3118.0,3067.1,3082.0,,1986041,,,,,3082.0,1.0,TCS
2021-05-20,3067.1,3088.8,3052.1,3060.0,,2329027,,,,,3060.0,1.0,TCS
2021-05-21,3061.0,3088.2,3055.1,3080.5,,1685566,,,,,3080.5,1.0,TCS
2021-05-24,3081.5,3105.0,3072.0,3081.5,,1652260,,,,,3081.5,1.0,TCS
2021-05-25,3092.0,3128.25,3082.1,3114.0,,1841613,,,,,3114.0,1.0,TCS
2021-05-26,3120.0,3165.0,3103.8,3158.5,,1923753,,,,,3158.5,1.0,TCS
2021-05-27,3161.95,3217.75,3161.8,3180.0,,5959785,,,,,3180.0,1.0,TCS
2021-05-28,3189.5,3198.0,3135.65,3143.6,,1763701,,,,,3143.6,1.0,TCS
2021-05-31,3150.0,3170.35,3128.6,3159.15,,1652799,,,,,3159.15,1.0,TCS
2021-06-01,3168.6,3169.95,3132.0,3153.0,,1377441,,,,,3153.0,1.0,TCS
2021-06-02,3150.85,3159.45,3115.0,3129.45,,2240078,,,,,3129.45,1.0,TCS
2021-06-03,3154.55,3154.55,3122.65,3141.25,,1281706,,,,,3141.25,1.0,TCS
2021-06-04,3128.0,3156.85,3125.0,3143.75,,1836060,,,,,3143.75,1.0,TCS
2021-06-07,3145.0,3190.45,3133.6,3183.2,,2559821,,,,,3183.2,1.0,TCS
2021-06-08,3198.0,3231.0,3187.2,3200.15,,2574057,,,,,3200.15,1.0,TCS
2021-06-09,3202.0,3220.0,3186.2,3200.25,,1710925,,,,,3200.25,1.0,TCS
2021-06-10,3210.0,3224.0,3193.0,3216.8,,1874324,,,,,3216.8,1.0,TCS
2021-06-11,3211.55,3309.0,3211.0,3273.8,,3452954,,,,,3273.8,1.0,TCS
2021-06-14,3279.0,3308.7,3270.35,3276.35,,1847360,,,,,3276.35,1.0,TCS
2021-06-15,3298.0,3298.0,3251.55,3262.75,,1304985,,,,,3262.75,1.0,TCS
2021-06-16,3262.1,3294.7,3253.0,3274.35,,1635552,,,,,3274.35,1.0,TCS
2021-06-17,3265.5,3336.05,3260.0,3317.75,,2273413,,,,,3317.75,1.0,TCS
2021-06-18,3350.9,3358.0,3275.0,3297.3,,3380431,,,,,3297.3,1.0,TCS
2021-06-21,3265.0,3286.0,3251.7,3273.1,,1130569,,,,,3273.1,1.0,TCS
2021-06-22,3304.0,3327.05,3285.0,3301.2,,1708688,,,,,3301.2,1.0,TCS
2021-06-23,3329.0,3329.0,3256.4,3261.4,,1467104,,,,,3261.4,1.0,TCS
2021-06-24,3284.0,3383.0,3278.5,3373.6,,4155204,,,,,3373.6,1.0,TCS
2021-06-25,3375.25,3399.65,3350.0,3380.8,,2722861,,,,,3380.8,1.0,TCS
2021-06-28,3391.5,3391.5,3333.0,3336.75,,1355238,,,,,3336.75,1.0,TCS
2021-06-29,3342.0,3366.3,3326.5,3340.85,,1497322,,,,,3340.85,1.0,TCS
2021-06-30,3346.0,3382.0,3338.5,3345.75,,1693146,,,,,3345.75,1.0,TCS
2021-07-01,3358.0,3362.0,3332.35,3341.5,,990310,,,,,3341.5,1.0,TCS
2021-07-02,3331.0,3339.7,3295.2,3325.45,,1682274,,,,,3325.45,1.0,TCS
2021-07-05,3342.0,3374.0,3302.0,3321.0,,1972858,,,,,3321.0,1.0,TCS
2021-07-06,3313.0,3328.0,3256.1,3262.3,,2159420,,,,,3262.3,1.0,TCS
2021-07-07,3275.0,3282.7,3241.6,3274.95,,2640710,,,,,3274.95,1.0,TCS
2021-07-08,3298.0,3298.0,3231.9,3258.5,,2485811,,,,,3258.5,1.0,TCS
2021-07-09,3250.0,3282.0,3201.0,3208.15,,6365067,,,,,3208.15,1.0,TCS
2021-07-12,3235.0,3236.0,3188.35,3193.1,,1892226,,,,,3193.1,1.0,TCS
2021-07-13,3214.0,3214.0,3175.0,3187.55,,1809339,,,,,3187.55,1.0,TCS
2021-07-14,3187.0,3222.0,3185.0,3214.55,,2044279,,,,,3214.55,1.0,TCS
2021-07-15,3227.6,3231.85,3194.0,3202.95,,2232968,,,,,3202.95,1.0,TCS
2021-07-16,3213.0,3219.85,3192.0,3194.8,,1256526,,,,,3194.8,1.0,TCS
2021-07-19,3180.0,3199.8,3176.0,3184.6,,1597058,,,,,3184.6,1.0,TCS
2021-07-20,3184.6,3215.0,3156.15,3205.8,,1811945,,,,,3205.8,1.0,TCS
2021-07-22,3190.0,3224.95,3190.0,3216.35,,2859334,,,,,3216.35,1.0,TCS
2021-07-23,3230.0,3241.55,3206.65,3212.85,,1776193,,,,,3212.85,1.0,TCS
2021-07-26,3200.0,3224.25,3190.85,3197.55,,1259611,,,,,3197.55,1.0,TCS
2021-07-27,3200.0,3210.0,3161.15,3182.95,,1121367,,,,,3182.95,1.0,TCS
2021-07-28,3188.0,3204.45,3132.4,3197.8,,1660654,,,,,3197.8,1.0,TCS
2021-07-29,3200.25,3225.45,3190.3,3195.8,,1731997,,,,,3195.8,1.0,TCS
2021-07-30,3219.0,3223.5,3162.35,3167.45,,2999943,,,,,3167.45,1.0,TCS
2021-08-02,3180.0,3224.9,3167.0,3219.4,,2608669,,,,,3219.4,1.0,TCS
2021-08-03,3229.0,3290.0,3218.95,3284.9,,3804735,,,,,3284.9,1.0,TCS
2021-08-04,3300.0,3305.2,3261.2,3273.95,,2929598,,,,,3273.95,1.0,TCS
2021-08-05,3275.0,3315.0,3262.5,3283.95,,2534521,,,,,3283.95,1.0,TCS
2021-08-06,3272.55,3324.0,3265.0,3309.8,,2292362,,,,,3309.8,1.0,TCS
2021-08-09,3323.9,3337.0,3310.0,3322.7,,1510489,,,,,3322.7,1.0,TCS
2021-08-10,3315.6,3349.9,3315.6,3333.9,,2040777,,,,,3333.9,1.0,TCS
2021-08-11,3350.0,3360.0,3327.1,3344.2,,1929707,,,,,3344.2,1.0,TCS
2021-08-12,3326.0,3368.0,3326.0,3351.75,,1310205,,,,,3351.75,1.0,TCS
2021-08-13,3360.75,3480.0,3357.5,3463.4,,4363584,,,,,3463.4,1.0,TCS
2021-08-16,3460.0,3494.35,3436.5,3472.95,,2083489,,,,,3472.95,1.0,TCS
2021-08-17,3482.1,3560.8,3463.0,3553.05,,4336019,,,,,3553.05,1.0,TCS
2021-08-18,3573.85,3595.0,3536.6,3560.55,,2631309,,,,,3560.55,1.0,TCS
2021-08-20,3506.0,3575.0,3500.0,3559.5,,2836148,,,,,3559.5,1.0,TCS
2021-08-23,3580.0,3673.0,3561.9,3637.4,,3744176,,,,,3637.4,1.0,TCS
2021-08-24,3657.0,3667.35,3594.4,3613.2,,2511141,,,,,3613.2,1.0,TCS
2021-08-25,3610.0,3697.75,3607.05,3659.0,,2123263,,,,,3659.0,1.0,TCS
2021-08-26,3660.0,3687.6,3647.9,3671.85,,1902533,,,,,3671.85,1.0,TCS
2021-08-27,3666.0,3729.5,3651.1,3720.15,,3944728,,,,,3720.15,1.0,TCS
2021-08-30,3715.0,3740.35,3687.6,3701.3,,2033114,,,,,3701.3,1.0,TCS
2021-08-31,3709.4,3804.1,3703.45,3786.45,,3207480,,,,,3786.45,1.0,TCS
2021-09-01,3796.0,3816.7,3707.0,3714.95,,2643336,,,,,3714.95,1.0,TCS
2021-09-02,3734.0,3859.15,3722.0,3836.75,,3403717,,,,,3836.75,1.0,TCS
2021-09-03,3825.0,3856.9,3804.55,3842.05,,1746812,,,,,3842.05,1.0,TCS
2021-09-06,3849.7,3877.6,3814.0,3852.0,,1723693,,,,,3852.0,1.0,TCS
2021-09-07,3864.0,3869.95,3808.25,3815.9,,1585039,,,,,3815.9,1.0,TCS
2021-09-08,3810.0,3815.0,3756.0,3774.15,,4147175,,,,,3774.15,1.0,TCS
2021-09-09,3789.7,3808.7,3765.0,3791.4,,1441148,,,,,3791.4,1.0,TCS
2021-09-13,3767.0,3852.4,3767.0,3845.35,,1691473,,,,,3845.35,1.0,TCS
2021-09-14,3849.95,3896.5,3825.0,3885.9,,1991188,,,,,3885.9,1.0,TCS
2021-09-15,3882.1,3980.0,3866.0,3954.55,,2461369,,,,,3954.55,1.0,TCS
2021-09-16,3930.0,3981.75,3892.1,3903.3,,2946666,,,,,3903.3,1.0,TCS
2021-09-17,3920.0,3945.0,3805.0,3827.85,,6477148,,,,,3827.85,1.0,TCS
2021-09-20,3809.0,3871.0,3807.85,3823.5,,2002008,,,,,3823.5,1.0,TCS
2021-09-21,3858.0,3871.55,3821.65,3862.95,,1568129,,,,,3862.95,1.0,TCS
2021-09-22,3862.5,3896.85,3852.45,3862.15,,1744067,,,,,3862.15,1.0,TCS
2021-09-23,3870.0,3879.0,3835.0,3869.25,,2003869,,,,,3869.25,1.0,TCS
2021-09-24,3890.0,3944.4,3855.0,3871.3,,2320754,,,,,3871.3,1.0,TCS
2021-09-27,3900.0,3904.0,3802.9,3836.95,,1673362,,,,,3836.95,1.0,TCS
2021-09-28,3850.0,3850.0,3751.25,3779.15,,2253075,,,,,3779.15,1.0,TCS
2021-09-29,3759.8,3806.0,3722.15,3791.9,,2489161,,,,,3791.9,1.0,TCS
2021-09-30,3805.0,3805.0,3750.1,3775.55,,2252412,,,,,3775.55,1.0,TCS
2021-10-01,3781.75,3810.0,3725.0,3730.2,,1578374,,,,,3730.2,1.0,TCS
2021-10-04,3724.8,3783.65,3707.45,3773.3,,1356860,,,,,3773.3,1.0,TCS
2021-10-05,3754.0,3840.0,3741.6,3833.3,,1877966,,,,,3833.3,1.0,TCS
2021-10-06,3836.0,3857.45,3795.0,3810.9,,1678154,,,,,3810.9,1.0,TCS
2021-10-07,3830.0,3899.0,3820.05,3892.9,,1647233,,,,,3892.9,1.0,TCS
2021-10-08,3925.0,3989.9,3900.0,3935.65,,2934339,,,,,3935.65,1.0,TCS
2021-10-11,3755.0,3757.5,3660.0,3685.6,,11845402,,,,,3685.6,1.0,TCS
2021-10-12,3706.0,3707.0,3630.6,3652.85,,5752877,,,,,3652.85,1.0,TCS
2021-10-13,3650.0,3675.45,3645.0,3655.2,,3545655,,,,,3655.2,1.0,TCS
2021-10-14,3625.0,3670.0,3608.2,3611.45,,6442299,,,,,3611.45,1.0,TCS
2021-10-18,3603.45,3652.7,3601.45,3647.15,,3590107,,,,,3647.15,1.0,TCS
2021-10-19,3669.0,3690.1,3625.2,3634.15,,3135441,,,,,3634.15,1.0,TCS
2021-10-20,3612.0,3630.0,3578.3,3608.85,,2933693,,,,,3608.85,1.0,TCS
2021-10-21,3604.1,3607.45,3511.25,3532.5,,4871211,,,,,3532.5,1.0,TCS
2021-10-22,3560.0,3561.6,3485.0,3498.85,,2691670,,,,,3498.85,1.0,TCS
2021-10-25,3503.0,3514.55,3450.0,3492.95,,2595594,,,,,3492.95,1.0,TCS
2021-10-26,3494.5,3529.0,3475.0,3482.6,,3878763,,,,,3482.6,1.0,TCS
2021-10-27,3483.0,3511.25,3483.0,3489.75,,2510813,,,,,3489.75,1.0,TCS
2021-10-28,3518.0,3518.0,3415.0,3421.65,,2424942,,,,,3421.65,1.0,TCS
2021-10-29,3400.05,3461.0,3385.95,3397.75,,3960501,,,,,3397.75,1.0,TCS
2021-11-01,3437.95,3487.0,3412.95,3476.4,,2020718,,,,,3476.4,1.0,TCS
2021-11-02,3494.0,3513.6,3469.75,3484.2,,3087414,,,,,3484.2,1.0,TCS
2021-11-03,3504.2,3519.9,3466.05,3492.25,,1537639,,,,,3492.25,1.0,TCS
2021-11-04,3512.95,3513.25,3505.0,3508.65,,328991,,,,,3508.65,1.0,TCS
2021-11-08,3548.0,3548.0,3481.2,3502.75,,2526082,,,,,3502.75,1.0,TCS
2021-11-09,3508.0,3535.0,3496.0,3505.7,,1782692,,,,,3505.7,1.0,TCS
2021-11-10,3498.0,3519.7,3480.2,3484.3,,1516489,,,,,3484.3,1.0,TCS
2021-11-11,3480.0,3510.05,3436.0,3488.2,,1284514,,,,,3488.2,1.0,TCS
2021-11-12,3506.0,3534.15,3485.7,3526.05,,1747259,,,,,3526.05,1.0,TCS
2021-11-15,3528.0,3569.6,3528.0,3553.3,,1809157,,,,,3553.3,1.0,TCS
2021-11-16,3569.0,3575.55,3542.0,3556.4,,2013204,,,,,3556.4,1.0,TCS
2021-11-17,3550.6,3562.85,3506.4,3521.9,,1632914,,,,,3521.9,1.0,TCS
2021-11-18,3515.15,3520.85,3451.6,3475.7,,2136598,,,,,3475.7,1.0,TCS
2021-11-22,3478.4,3515.95,3440.3,3458.4,,3167936,,,,,3458.4,1.0,TCS
2021-11-23,3445.0,3480.95,3407.8,3464.25,,2153461,,,,,3464.25,1.0,TCS
2021-11-24,3472.2,3493.05,3424.0,3443.3,,2161746,,,,,3443.3,1.0,TCS
2021-11-25,3443.9,3463.0,3434.05,3445.9,,1849619,,,,,3445.9,1.0,TCS
2021-11-26,3425.0,3490.0,3411.9,3446.85,,1941251,,,,,3446.85,1.0,TCS
2021-11-29,3447.15,3529.35,3406.45,3502.0,,2981745,,,,,3502.0,1.0,TCS
2021-11-30,3491.0,3563.75,3491.0,3529.15,,5588446,,,,,3529.15,1.0,TCS
2021-12-01,3535.0,3590.0,3535.0,3577.8,,2102118,,,,,3577.8,1.0,TCS
2021-12-02,3589.2,3648.0,3574.1,3642.9,,3152938,,,,,3642.9,1.0,TCS
2021-12-03,3646.45,3665.95,3630.85,3640.45,,2486263,,,,,3640.45,1.0,TCS
2021-12-06,3640.45,3658.0,3522.0,3536.4,,1849642,,,,,3536.4,1.0,TCS
2021-12-07,3562.5,3598.0,3524.3,3584.5,,1484458,,,,,3584.5,1.0,TCS
2021-12-08,3601.0,3646.45,3601.0,3626.9,,1428660,,,,,3626.9,1.0,TCS
2021-12-09,3610.0,3634.75,3566.0,3601.75,,1567957,,,,,3601.75,1.0,TCS
2021-12-10,3585.0,3642.0,3575.1,3636.8,,1510718,,,,,3636.8,1.0,TCS
2021-12-13,3650.0,3662.0,3601.7,3609.65,,1883864,,,,,3609.65,1.0,TCS
2021-12-14,3605.0,3635.0,3576.7,3623.8,,1747007,,,,,3623.8,1.0,TCS
2021-12-15,3620.0,3623.0,3558.15,3570.35,,1603233,,,,,3570.35,1.0,TCS
2021-12-16,3582.0,3608.45,3570.0,3581.6,,2072320,,,,,3581.6,1.0,TCS
2021-12-17,3602.5,3651.35,3573.7,3584.35,,4333992,,,,,3584.35,1.0,TCS
2021-12-20,3589.0,3606.0,3510.15,3556.9,,2312310,,,,,3556.9,1.0,TCS
2021-12-21,3582.65,3641.2,3566.4,3608.3,,2340989,,,,,3608.3,1.0,TCS
2021-12-22,3624.0,3636.8,3606.25,3630.75,,1224328,,,,,3630.75,1.0,TCS
2021-12-23,3648.0,3670.5,3630.0,3662.7,,1792861,,,,,3662.7,1.0,TCS
2021-12-24,3685.0,3705.0,3644.8,3670.9,,2209923,,,,,3670.9,1.0,TCS
2021-12-27,3671.0,3700.0,3653.1,3696.1,,1534135,,,,,3696.1,1.0,TCS
2021-12-28,3710.0,3725.0,3693.85,3706.55,,1456218,,,,,3706.55,1.0,TCS
2021-12-29,3692.25,3719.95,3685.0,3694.7,,1456923,,,,,3694.7,1.0,TCS
2021-12-30,3681.35,3740.0,3680.0,3733.75,,1966475,,,,,3733.75,1.0,TCS
2021-12-31,3742.8,3760.0,3731.3,3738.35,,1207141,,,,,3738.35,1.0,TCS
2022-01-03,3750.0,3830.0,3745.0,3817.75,,2346158,,,,,3817.75,1.0,TCS
2022-01-04,3831.1,3889.15,3811.7,3884.75,,2488606,,,,,3884.75,1.0,TCS
2022-01-05,3865.0,3870.0,3812.4,3860.95,,1733031,,,,,3860.95,1.0,TCS
2022-01-06,3812.0,3835.0,3772.0,3807.45,,1810293,,,,,3807.45,1.0,TCS
2022-01-07,3820.0,3864.9,3796.4,3853.5,,2460591,,,,,3853.5,1.0,TCS
2022-01-10,3978.0,3978.0,3861.0,3879.85,,3937092,,,,,3879.85,1.0,TCS
2022-01-11,3856.0,3925.0,3856.0,3915.9,,1906106,,,,,3915.9,1.0,TCS
2022-01-12,3925.0,3929.0,3836.55,3859.9,,3203744,,,,,3859.9,1.0,TCS
2022-01-13,3918.0,3923.0,3857.0,3897.9,,6684507,,,,,3897.9,1.0,TCS
2022-01-14,3877.85,3977.0,3860.05,3968.15,,3348123,,,,,3968.15,1.0,TCS
2022-01-17,3992.7,4043.0,3962.3,4019.15,,3442604,,,,,4019.15,1.0,TCS
2022-01-18,4033.95,4041.7,3980.0,3990.6,,2389041,,,,,3990.6,1.0,TCS
2022-01-19,4012.0,4012.0,3910.5,3914.65,,3102539,,,,,3914.65,1.0,TCS
2022-01-20,3910.0,3920.0,3811.0,3826.55,,6176776,,,,,3826.55,1.0,TCS
2022-01-21,3807.0,3851.55,3771.1,3833.5,,3112358,,,,,3833.5,1.0,TCS
2022-01-24,3840.0,3849.65,3740.1,3771.35,,3258414,,,,,3771.35,1.0,TCS
2022-01-25,3769.5,3809.4,3722.2,3769.9,,3330501,,,,,3769.9,1.0,TCS
2022-01-27,3731.0,3733.4,3625.1,3649.25,,5718297,,,,,3649.25,1.0,TCS
2022-01-28,3646.0,3729.8,3646.0,3690.05,,3143862,,,,,3690.05,1.0,TCS
2022-01-31,3749.0,3758.0,3721.4,3736.25,,2739393,,,,,3736.25,1.0,TCS
2022-02-01,3770.0,3808.0,3736.4,3800.65,,2105169,,,,,3800.65,1.0,TCS
2022-02-02,3827.9,3864.0,3800.65,3856.2,,1984212,,,,,3856.2,1.0,TCS
2022-02-03,3851.0,3882.5,3816.05,3824.6,,1960538,,,,,3824.6,1.0,TCS
2022-02-04,3815.3,3824.7,3769.0,3814.9,,2307366,,,,,3814.9,1.0,TCS
2022-02-07,3791.0,3831.8,3756.15,3779.0,,1919149,,,,,3779.0,1.0,TCS
2022-02-08,3791.55,3799.7,3721.0,3743.45,,2946443,,,,,3743.45,1.0,TCS
2022-02-09,3750.0,3777.95,3746.1,3760.55,,1638721,,,,,3760.55,1.0,TCS
2022-02-10,3789.8,3789.8,3758.0,3770.35,,2112459,,,,,3770.35,1.0,TCS
2022-02-11,3752.5,3752.5,3690.0,3694.95,,3851488,,,,,3694.95,1.0,TCS
2022-02-14,3724.0,3793.25,3710.0,3733.75,,5951745,,,,,3733.75,1.0,TCS
2022-02-15,3786.0,3835.0,3748.0,3817.8,,3931683,,,,,3817.8,1.0,TCS
2022-02-16,3844.0,3854.1,3806.0,3813.1,,3256906,,,,,3813.1,1.0,TCS
2022-02-17,3825.0,3835.0,3779.0,3784.2,,3134372,,,,,3784.2,1.0,TCS
2022-02-18,3769.0,3815.95,3757.6,3793.9,,3688883,,,,,3793.9,1.0,TCS
2022-02-21,3810.0,3827.8,3705.55,3719.4,,7465922,,,,,3719.4,1.0,TCS
2022-02-22,3650.0,3667.9,3570.0,3586.4,,5408531,,,,,3586.4,1.0,TCS
2022-02-23,3611.0,3622.9,3555.65,3563.8,,2426203,,,,,3563.8,1.0,TCS
2022-02-24,3474.0,3483.85,3391.1,3401.65,,5039136,,,,,3401.65,1.0,TCS
2022-02-25,3468.0,3530.0,3462.0,3520.75,,2549723,,,,,3520.75,1.0,TCS
2022-02-28,3490.0,3563.75,3455.9,3554.2,,3288942,,,,,3554.2,1.0,TCS
2022-03-02,3552.5,3571.95,3506.0,3546.15,,2761341,,,,,3546.15,1.0,TCS
2022-03-03,3562.85,3578.6,3530.1,3544.4,,1928039,,,,,3544.4,1.0,TCS
2022-03-04,3501.5,3561.2,3487.05,3524.35,,2370257,,,,,3524.35,1.0,TCS
2022-03-07,3450.0,3548.0,3431.55,3484.9,,3054130,,,,,3484.9,1.0,TCS
2022-03-08,3460.0,3609.0,3460.0,3599.95,,3300992,,,,,3599.95,1.0,TCS
2022-03-09,3605.0,3654.0,3597.05,3632.6,,2719654,,,,,3632.6,1.0,TCS
2022-03-10,3684.0,3684.0,3615.0,3620.95,,2005441,,,,,3620.95,1.0,TCS
2022-03-11,3603.25,3639.85,3592.85,3599.15,,1623423,,,,,3599.15,1.0,TCS
2022-03-14,3580.0,3648.35,3580.0,3643.0,,1765688,,,,,3643.0,1.0,TCS
2022-03-15,3659.0,3659.0,3585.4,3593.9,,3651133,,,,,3593.9,1.0,TCS
2022-03-16,3640.5,3668.0,3616.25,3655.9,,3090475,,,,,3655.9,1.0,TCS
2022-03-17,3696.6,3710.0,3660.3,3672.75,,3600452,,,,,3672.75,1.0,TCS
2022-03-21,3696.0,3713.95,3615.0,3626.7,,2413831,,,,,3626.7,1.0,TCS
2022-03-22,3640.0,3711.0,3625.0,3700.95,,2907611,,,,,3700.95,1.0,TCS
2022-03-23,3708.0,3729.8,3690.0,3712.4,,1596195,,,,,3712.4,1.0,TCS
2022-03-24,3700.0,3758.2,3695.0,3749.85,,1879046,,,,,3749.85,1.0,TCS
2022-03-25,3759.9,3779.5,3672.0,3707.45,,1690133,,,,,3707.45,1.0,TCS
2022-03-28,3695.0,3713.0,3661.2,3707.7,,1760990,,,,,3707.7,1.0,TCS
2022-03-29,3694.75,3722.0,3691.0,3705.35,,2689063,,,,,3705.35,1.0,TCS
2022-03-30,3738.0,3738.0,3706.2,3731.55,,1583455,,,,,3731.55,1.0,TCS
2022-03-31,3740.0,3754.65,3720.2,3739.95,,2168110,,,,,3739.95,1.0,TCS
2022-04-01,3748.0,3763.0,3728.05,3758.75,,1387014,,,,,3758.75,1.0,TCS
2022-04-04,3762.0,3780.0,3737.1,3770.35,,1472994,,,,,3770.35,1.0,TCS
2022-04-05,3772.0,3835.6,3772.0,3814.8,,2314947,,,,,3814.8,1.0,TCS
2022-04-06,3809.3,3809.3,3731.15,3755.35,,2051729,,,,,3755.35,1.0,TCS
2022-04-07,3745.5,3745.5,3679.0,3684.15,,2494829,,,,,3684.15,1.0,TCS
2022-04-08,3690.0,3705.0,3642.5,3685.65,,2296773,,,,,3685.65,1.0,TCS
2022-04-11,3690.0,3712.35,3656.1,3696.4,,2291660,,,,,3696.4,1.0,TCS
2022-04-12,3683.0,3739.0,3648.35,3691.1,,4483476,,,,,3691.1,1.0,TCS
2022-04-13,3707.0,3709.85,3655.55,3661.95,,1621672,,,,,3661.95,1.0,TCS
2022-04-18,3610.0,3610.0,3522.5,3528.05,,3820792,,,,,3528.05,1.0,TCS
2022-04-19,3550.0,3563.55,3439.15,3471.9,,3170014,,,,,3471.9,1.0,TCS
2022-04-20,3500.0,3569.15,3480.0,3556.8,,2640370,,,,,3556.8,1.0,TCS
2022-04-21,3580.0,3644.0,3567.4,3628.65,,2280996,,,,,3628.65,1.0,TCS
2022-04-22,3581.1,3617.0,3571.5,3612.55,,1581465,,,,,3612.55,1.0,TCS
2022-04-25,3558.0,3584.0,3533.1,3548.2,,1960694,,,,,3548.2,1.0,TCS
2022-04-26,3575.15,3587.9,3518.15,3546.3,,1943469,,,,,3546.3,1.0,TCS
2022-04-27,3546.0,3568.45,3506.3,3561.2,,1727648,,,,,3561.2,1.0,TCS
2022-04-28,3588.0,3604.4,3538.05,3584.3,,1703660,,,,,3584.3,1.0,TCS
2022-04-29,3597.0,3623.25,3536.85,3546.7,,2051115,,,,,3546.7,1.0,TCS
2022-05-02,3519.9,3547.95,3492.75,3542.4,,1324161,,,,,3542.4,1.0,TCS
2022-05-04,3538.5,3545.45,3465.3,3479.75,,2305825,,,,,3479.75,1.0,TCS
2022-05-05,3512.1,3533.0,3485.35,3513.4,,1612262,,,,,3513.4,1.0,TCS
2022-05-06,3459.0,3474.5,3424.5,3432.6,,2010812,,,,,3432.6,1.0,TCS
2022-05-09,3398.0,3456.0,3346.85,3445.1,,2481830,,,,,3445.1,1.0,TCS
2022-05-10,3434.0,3464.8,3422.0,3438.75,,1622685,,,,,3438.75,1.0,TCS
2022-05-11,3435.0,3448.45,3382.15,3412.0,,1841769,,,,,3412.0,1.0,TCS
2022-05-12,3378.0,3449.7,3350.1,3408.65,,2807195,,,,,3408.65,1.0,TCS
2022-05-13,3435.0,3439.9,3382.15,3414.9,,2187823,,,,,3414.9,1.0,TCS
2022-05-16,3415.0,3430.0,3366.6,3376.8,,1195813,,,,,3376.8,1.0,TCS
2022-05-17,3370.0,3467.0,3350.4,3451.6,,1754076,,,,,3451.6,1.0,TCS
2022-05-18,3465.0,3495.0,3443.05,3448.8,,1866781,,,,,3448.8,1.0,TCS
2022-05-19,3397.0,3405.0,3230.0,3261.95,,4642963,,,,,3261.95,1.0,TCS
2022-05-20,3310.0,3313.9,3270.05,3293.0,,3065125,,,,,3293.0,1.0,TCS
2022-05-23,3304.8,3338.9,3267.0,3321.75,,2293690,,,,,3321.75,1.0,TCS
2022-05-24,3315.15,3324.85,3275.6,3288.0,,1711510,,,,,3288.0,1.0,TCS
2022-05-25,3292.85,3292.85,3154.05,3167.65,,3548046,,,,,3167.65,1.0,TCS
2022-05-26,3191.0,3241.5,3180.55,3226.95,,2813186,,,,,3226.95,1.0,TCS
2022-05-27,3253.2,3278.9,3229.2,3261.3,,3103153,,,,,3261.3,1.0,TCS
2022-05-30,3297.0,3386.6,3286.35,3375.25,,2094624,,,,,3375.25,1.0,TCS
2022-05-31,3354.15,3383.4,3325.0,3364.35,,4840965,,,,,3364.35,1.0,TCS
2022-06-01,3388.0,3388.0,3340.05,3355.2,,1493835,,,,,3355.2,1.0,TCS
2022-06-02,3355.0,3432.0,3346.3,3423.0,,2657939,,,,,3423.0,1.0,TCS
2022-06-03,3459.4,3477.3,3431.2,3440.15,,1913622,,,,,3440.15,1.0,TCS
2022-06-06,3418.0,3453.0,3377.15,3430.95,,1084210,,,,,3430.95,1.0,TCS
2022-06-07,3401.05,3418.85,3356.0,3362.7,,2308256,,,,,3362.7,1.0,TCS
2022-06-08,3380.15,3413.95,3346.5,3404.15,,2185707,,,,,3404.15,1.0,TCS
2022-06-09,3385.0,3437.0,3353.1,3427.1,,1279197,,,,,3427.1,1.0,TCS
2022-06-10,3382.0,3393.0,3352.0,3359.9,,1527582,,,,,3359.9,1.0,TCS
2022-06-13,3290.0,3293.0,3192.45,3219.6,,3030921,,,,,3219.6,1.0,TCS
2022-06-14,3190.0,3238.9,3174.7,3210.55,,2611493,,,,,3210.55,1.0,TCS
2022-06-15,3218.5,3234.0,3201.0,3206.3,,1404536,,,,,3206.3,1.0,TCS
2022-06-16,3240.0,3244.85,3133.05,3142.0,,2032028,,,,,3142.0,1.0,TCS
2022-06-17,3092.0,3118.75,3023.85,3088.9,,5240434,,,,,3088.9,1.0,TCS
2022-06-20,3094.0,3138.75,3069.0,3112.4,,1502769,,,,,3112.4,1.0,TCS
2022-06-21,3130.0,3237.75,3125.4,3211.95,,2964461,,,,,3211.95,1.0,TCS
2022-06-22,3199.9,3250.55,3183.0,3222.95,,3336315,,,,,3222.95,1.0,TCS
2022-06-23,3222.95,3318.0,3222.95,3308.8,,3692578,,,,,3308.8,1.0,TCS
2022-06-24,3339.0,3345.0,3277.5,3293.1,,2132118,,,,,3293.1,1.0,TCS
2022-06-27,3350.0,3362.9,3306.5,3314.7,,2037686,,,,,3314.7,1.0,TCS
2022-06-28,3307.0,3330.0,3272.6,3318.15,,1400046,,,,,3318.15,1.0,TCS
2022-06-29,3271.0,3333.0,3271.0,3290.5,,2133994,,,,,3290.5,1.0,TCS
2022-06-30,3272.0,3310.9,3255.0,3267.1,,2719603,,,,,3267.1,1.0,TCS
2022-07-01,3260.0,3333.0,3252.05,3315.1,,1502879,,,,,3315.1,1.0,TCS
2022-07-04,3312.0,3317.95,3225.05,3235.05,,2622535,,,,,3235.05,1.0,TCS
2022-07-05,3255.0,3272.0,3206.95,3216.3,,2170627,,,,,3216.3,1.0,TCS
2022-07-06,3218.5,3268.5,3202.25,3260.75,,2182144,,,,,3260.75,1.0,TCS
2022-07-07,3271.0,3319.4,3265.05,3287.85,,1989921,,,,,3287.85,1.0,TCS
2022-07-08,3300.0,3305.0,3250.0,3265.45,,2136916,,,,,3265.45,1.0,TCS
2022-07-11,3206.15,3225.0,3106.0,3113.8,,6974600,,,,,3113.8,1.0,TCS
2022-07-12,3114.9,3136.2,3080.25,3084.7,,3734815,,,,,3084.7,1.0,TCS
2022-07-13,3104.0,3110.0,3035.0,3038.75,,3863530,,,,,3038.75,1.0,TCS
2022-07-14,3056.0,3057.0,2967.0,2998.75,,4764908,,,,,2998.75,1.0,TCS
2022-07-15,3018.55,3028.9,2953.0,2994.6,,4574806,,,,,2994.6,1.0,TCS
2022-07-18,3023.0,3076.95,3014.3,3063.5,,3202795,,,,,3063.5,1.0,TCS
2022-07-19,3030.05,3078.95,3030.05,3074.25,,1865074,,,,,3074.25,1.0,TCS
2022-07-20,3107.8,3171.95,3098.05,3164.8,,3402251,,,,,3164.8,1.0,TCS
2022-07-21,3167.0,3184.0,3144.05,3177.3,,2420640,,,,,3177.3,1.0,TCS
2022-07-22,3185.0,3197.0,3143.5,3171.0,,2075886,,,,,3171.0,1.0,TCS
2022-07-25,3165.0,3186.45,3149.1,3166.75,,1797504,,,,,3166.75,1.0,TCS
2022-07-26,3164.7,3168.9,3096.5,3115.9,,2639367,,,,,3115.9,1.0,TCS
2022-07-27,3115.0,3194.1,3110.0,3188.85,,1389808,,,,,3188.85,1.0,TCS
2022-07-28,3216.0,3264.0,3201.65,3260.5,,2106333,,,,,3260.5,1.0,TCS
2022-07-29,3290.0,3317.3,3275.0,3301.9,,2430257,,,,,3301.9,1.0,TCS
2022-08-01,3327.0,3327.0,3271.0,3298.8,,1306913,,,,,3298.8,1.0,TCS
2022-08-02,3290.0,3312.9,3271.65,3291.8,,1269114,,,,,3291.8,1.0,TCS
2022-08-03,3280.0,3349.0,3277.05,3339.5,,2895824,,,,,3339.5,1.0,TCS
2022-08-04,3350.0,3387.9,3307.35,3354.95,,2150567,,,,,3354.95,1.0,TCS
2022-08-05,3361.2,3377.0,3355.0,3365.05,,1106933,,,,,3365.05,1.0,TCS
2022-08-08,3365.0,3378.9,3336.0,3374.45,,1068836,,,,,3374.45,1.0,TCS
2022-08-10,3385.0,3385.0,3335.0,3354.25,,1878359,,,,,3354.25,1.0,TCS
2022-08-11,3400.0,3428.7,3375.05,3422.5,,1449248,,,,,3422.5,1.0,TCS
2022-08-12,3419.0,3419.0,3381.25,3401.55,,1472354,,,,,3401.55,1.0,TCS
2022-08-16,3411.0,3414.85,3387.5,3392.7,,839942,,,,,3392.7,1.0,TCS
2022-08-17,3385.1,3417.95,3371.1,3401.1,,1622326,,,,,3401.1,1.0,TCS
2022-08-18,3390.0,3392.0,3362.0,3381.25,,1430659,,,,,3381.25,1.0,TCS
2022-08-19,3387.0,3421.5,3371.25,3385.75,,1398410,,,,,3385.75,1.0,TCS
2022-08-22,3365.0,3384.1,3347.4,3354.55,,1536532,,,,,3354.55,1.0,TCS
2022-08-23,3319.95,3341.9,3270.0,3284.6,,1849256,,,,,3284.6,1.0,TCS
2022-08-24,3292.0,3308.0,3250.2,3255.35,,1691923,,,,,3255.35,1.0,TCS
2022-08-25,3276.0,3278.15,3214.75,3218.2,,1946930,,,,,3218.2,1.0,TCS
2022-08-26,3234.3,3257.0,3216.8,3222.2,,1457962,,,,,3222.2,1.0,TCS
2022-08-29,3125.0,3142.7,3081.0,3132.55,,2539173,,,,,3132.55,1.0,TCS
2022-08-30,3155.0,3226.5,3142.1,3211.15,,3431525,,,,,3211.15,1.0,TCS
2022-09-01,3190.0,3190.0,3121.0,3131.7,,3546935,,,,,3131.7,1.0,TCS
2022-09-02,3163.0,3163.0,3120.3,3130.4,,2052900,,,,,3130.4,1.0,TCS
2022-09-05,3123.65,3147.95,3112.25,3133.4,,2147912,,,,,3133.4,1.0,TCS
2022-09-06,3135.5,3140.85,3106.35,3127.05,,1936453,,,,,3127.05,1.0,TCS
2022-09-07,3102.0,3161.9,3102.0,3149.6,,1291534,,,,,3149.6,1.0,TCS
2022-09-08,3170.0,3183.5,3160.1,3169.65,,1346113,,,,,3169.65,1.0,TCS
2022-09-09,3195.0,3233.5,3168.5,3217.65,,1561185,,,,,3217.65,1.0,TCS
2022-09-12,3239.9,3269.8,3225.0,3242.95,,1785928,,,,,3242.95,1.0,TCS
2022-09-13,3263.45,3263.45,3225.0,3229.35,,1972678,,,,,3229.35,1.0,TCS
2022-09-14,3135.0,3141.4,3113.8,3120.4,,5090269,,,,,3120.4,1.0,TCS
2022-09-15,3130.0,3137.75,3100.0,3104.35,,2138023,,,,,3104.35,1.0,TCS
2022-09-16,3076.0,3094.35,3000.0,3008.7,,5322221,,,,,3008.7,1.0,TCS
2022-09-19,3036.0,3042.0,2987.8,3028.8,,2072220,,,,,3028.8,1.0,TCS
2022-09-20,3050.0,3079.95,3030.0,3040.3,,1544295,,,,,3040.3,1.0,TCS
2022-09-21,3028.0,3041.4,2998.15,3001.2,,2253818,,,,,3001.2,1.0,TCS
2022-09-22,2990.0,3029.95,2979.3,3007.4,,2017983,,,,,3007.4,1.0,TCS
2022-09-23,3004.0,3022.5,2979.0,2982.05,,2652374,,,,,2982.05,1.0,TCS
2022-09-26,2959.85,3025.85,2926.1,2994.4,,2925489,,,,,2994.4,1.0,TCS
2022-09-27,3009.4,3025.0,2976.0,3017.45,,2227447,,,,,3017.45,1.0,TCS
2022-09-28,2980.0,3049.95,2980.0,3035.65,,2739767,,,,,3035.65,1.0,TCS
2022-09-29,3054.0,3055.85,2990.0,2997.3,,2493902,,,,,2997.3,1.0,TCS
2022-09-30,2990.85,3019.7,2950.1,3004.55,,2817353,,,,,3004.55,1.0,TCS
2022-10-03,2995.0,3020.7,2974.0,2984.95,,1763331,,,,,2984.95,1.0,TCS
2022-10-04,3029.95,3098.0,3023.0,3091.15,,2145875,,,,,3091.15,1.0,TCS
2022-10-06,3111.0,3124.0,3092.45,3101.95,,1790816,,,,,3101.95,1.0,TCS
2022-10-07,3097.4,3105.0,3058.1,3064.9,,1939879,,,,,3064.9,1.0,TCS
2022-10-10,3010.0,3127.0,3005.0,3118.55,,3064063,,,,,3118.55,1.0,TCS
2022-10-11,3100.0,3145.0,3053.35,3069.55,,4730645,,,,,3069.55,1.0,TCS
2022-10-12,3084.9,3109.9,3062.05,3100.75,,1665247,,,,,3100.75,1.0,TCS
2022-10-13,3100.75,3110.0,3052.35,3103.3,,2054781,,,,,3103.3,1.0,TCS
2022-10-14,3145.0,3150.0,3071.0,3099.15,,2245977,,,,,3099.15,1.0,TCS
2022-10-17,3072.65,3128.4,3071.45,3111.75,,1517005,,,,,3111.75,1.0,TCS
2022-10-18,3150.0,3155.35,3128.55,3144.7,,1793722,,,,,3144.7,1.0,TCS
2022-10-19,3159.0,3159.0,3112.0,3121.85,,1194289,,,,,3121.85,1.0,TCS
2022-10-20,3105.0,3160.0,3105.0,3157.3,,1587601,,,,,3157.3,1.0,TCS
2022-10-21,3157.8,3160.4,3127.0,3137.4,,1021913,,,,,3137.4,1.0,TCS
2022-10-24,3170.1,3178.0,3155.0,3161.7,,260949,,,,,3161.7,1.0,TCS
2022-10-25,3180.5,3184.25,3151.15,3162.1,,2069643,,,,,3162.1,1.0,TCS
2022-10-27,3160.7,3174.0,3134.35,3157.4,,2438421,,,,,3157.4,1.0,TCS
2022-10-28,3150.0,3178.5,3145.0,3163.25,,1355739,,,,,3163.25,1.0,TCS
2022-10-31,3199.0,3199.0,3177.8,3193.15,,1919414,,,,,3193.15,1.0,TCS
2022-11-01,3214.5,3262.6,3203.45,3259.7,,2991060,,,,,3259.7,1.0,TCS
2022-11-02,3270.0,3270.0,3222.05,3241.7,,1405955,,,,,3241.7,1.0,TCS
2022-11-03,3228.05,3228.05,3195.0,3206.75,,1422652,,,,,3206.75,1.0,TCS
2022-11-04,3217.0,3220.05,3166.15,3217.4,,1464013,,,,,3217.4,1.0,TCS
2022-11-07,3229.0,3242.8,3195.1,3233.7,,1474498,,,,,3233.7,1.0,TCS
2022-11-09,3249.8,3249.8,3201.65,3216.05,,1162267,,,,,3216.05,1.0,TCS
2022-11-10,3170.0,3225.0,3170.0,3205.65,,1573092,,,,,3205.65,1.0,TCS
2022-11-11,3269.6,3341.6,3255.05,3315.95,,3265394,,,,,3315.95,1.0,TCS
2022-11-14,3324.0,3349.0,3309.0,3335.5,,1342074,,,,,3335.5,1.0,TCS
2022-11-15,3321.0,3339.95,3292.0,3332.6,,1400708,,,,,3332.6,1.0,TCS
2022-11-16,3338.9,3367.9,3321.45,3355.35,,1748235,,,,,3355.35,1.0,TCS
2022-11-17,3340.0,3360.0,3317.75,3349.0,,1417986,,,,,3349.0,1.0,TCS
2022-11-18,3350.0,3362.75,3321.0,3343.45,,1164540,,,,,3343.45,1.0,TCS
2022-11-21,3322.5,3333.7,3273.0,3283.5,,1304194,,,,,3283.5,1.0,TCS
2022-11-22,3280.0,3318.95,3255.25,3314.95,,1149739,,,,,3314.95,1.0,TCS
2022-11-23,3330.0,3330.0,3291.0,3308.3,,1150011,,,,,3308.3,1.0,TCS
2022-11-24,3316.25,3392.95,3308.3,3380.15,,1296591,,,,,3380.15,1.0,TCS
2022-11-25,3383.0,3403.35,3348.0,3389.65,,1588981,,,,,3389.65,1.0,TCS
2022-11-28,3366.0,3417.0,3365.55,3395.25,,2195437,,,,,3395.25,1.0,TCS
2022-11-29,3383.0,3429.0,3383.0,3397.35,,1576028,,,,,3397.35,1.0,TCS
2022-11-30,3383.0,3414.9,3375.0,3390.8,,3410702,,,,,3390.8,1.0,TCS
2022-12-01,3425.0,3480.0,3420.0,3475.65,,2180856,,,,,3475.65,1.0,TCS
2022-12-02,3458.1,3468.9,3413.0,3439.15,,2411749,,,,,3439.15,1.0,TCS
2022-12-05,3433.0,3439.15,3407.0,3425.9,,1475065,,,,,3425.9,1.0,TCS
2022-12-06,3400.05,3407.95,3368.0,3385.35,,1166999,,,,,3385.35,1.0,TCS
2022-12-07,3368.3,3393.7,3354.0,3380.6,,1167505,,,,,3380.6,1.0,TCS
2022-12-08,3360.0,3380.6,3339.45,3350.55,,1285619,,,,,3350.55,1.0,TCS
2022-12-09,3374.1,3374.1,3276.35,3292.75,,1797896,,,,,3292.75,1.0,TCS
2022-12-12,3255.5,3296.0,3236.1,3286.45,,1527610,,,,,3286.45,1.0,TCS
2022-12-13,3277.2,3336.45,3267.8,3332.1,,1378016,,,,,3332.1,1.0,TCS
2022-12-14,3348.8,3377.0,3340.9,3365.35,,1213311,,,,,3365.35,1.0,TCS
2022-12-15,3358.8,3364.75,3298.95,3305.1,,1415694,,,,,3305.1,1.0,TCS
2022-12-16,3275.0,3292.0,3225.2,3240.25,,2703680,,,,,3240.25,1.0,TCS
2022-12-19,3227.0,3245.5,3194.5,3202.05,,2120965,,,,,3202.05,1.0,TCS
2022-12-20,3198.9,3249.0,3163.65,3243.95,,1529971,,,,,3243.95,1.0,TCS
2022-12-21,3249.0,3283.05,3240.0,3268.55,,1432566,,,,,3268.55,1.0,TCS
2022-12-22,3294.0,3294.0,3245.1,3259.7,,1384101,,,,,3259.7,1.0,TCS
2022-12-23,3217.0,3266.85,3217.0,3228.35,,1360281,,,,,3228.35,1.0,TCS
2022-12-26,3228.35,3272.0,3225.05,3252.9,,870157,,,,,3252.9,1.0,TCS
2022-12-27,3269.2,3273.8,3231.5,3259.5,,835883,,,,,3259.5,1.0,TCS
2022-12-28,3249.8,3266.1,3226.0,3257.1,,910795,,,,,3257.1,1.0,TCS
2022-12-29,3231.1,3271.5,3228.0,3268.75,,1037927,,,,,3268.75,1.0,TCS
2022-12-30,3286.05,3299.0,3246.2,3256.7,,1163131,,,,,3256.7,1.0,TCS
2023-01-02,3261.0,3266.85,3235.2,3261.45,,709547,,,,,3261.45,1.0,TCS
2023-01-03,3252.0,3320.0,3245.3,3311.35,,1245178,,,,,3311.35,1.0,TCS
2023-01-04,3306.7,3327.35,3286.2,3314.65,,1231668,,,,,3314.65,1.0,TCS
2023-01-05,3330.2,3337.3,3281.95,3311.1,,1826057,,,,,3311.1,1.0,TCS
2023-01-06,3300.0,3301.55,3200.0,3211.55,,2488376,,,,,3211.55,1.0,TCS
2023-01-09,3229.0,3327.0,3221.15,3319.95,,2885060,,,,,3319.95,1.0,TCS
2023-01-10,3285.0,3298.0,3230.1,3286.4,,3864655,,,,,3286.4,1.0,TCS
2023-01-11,3290.1,3349.5,3271.15,3328.7,,2720512,,,,,3328.7,1.0,TCS
2023-01-12,3329.0,3350.0,3315.55,3334.35,,2250391,,,,,3334.35,1.0,TCS
2023-01-13,3342.9,3379.0,3305.0,3374.55,,1742837,,,,,3374.55,1.0,TCS
2023-01-16,3317.0,3353.0,3298.05,3334.05,,1843607,,,,,3334.05,1.0,TCS
2023-01-17,3330.0,3381.8,3321.0,3378.4,,1688475,,,,,3378.4,1.0,TCS
2023-01-18,3380.0,3408.95,3372.25,3390.0,,2421189,,,,,3390.0,1.0,TCS
2023-01-19,3380.0,3387.0,3361.0,3373.1,,1585044,,,,,3373.1,1.0,TCS
2023-01-20,3365.0,3394.65,3355.6,3363.1,,1529349,,,,,3363.1,1.0,TCS
2023-01-23,3388.0,3419.0,3355.6,3414.9,,1067916,,,,,3414.9,1.0,TCS
2023-01-24,3425.0,3451.95,3417.3,3436.3,,1387863,,,,,3436.3,1.0,TCS
2023-01-25,3425.3,3435.0,3405.0,3429.75,,874110,,,,,3429.75,1.0,TCS
2023-01-27,3426.0,3446.0,3382.3,3411.05,,1785879,,,,,3411.05,1.0,TCS
2023-01-30,3420.0,3458.45,3385.55,3433.65,,1953798,,,,,3433.65,1.0,TCS
2023-01-31,3449.0,3449.0,3351.0,3358.7,,2820375,,,,,3358.7,1.0,TCS
2023-02-01,3363.0,3419.0,3355.0,3408.35,,2205161,,,,,3408.35,1.0,TCS
2023-02-02,3427.0,3469.0,3420.1,3460.4,,1813847,,,,,3460.4,1.0,TCS
2023-02-03,3504.0,3504.0,3452.9,3482.3,,1804469,,,,,3482.3,1.0,TCS
2023-02-06,3473.15,3473.15,3436.85,3459.95,,1138714,,,,,3459.95,1.0,TCS
2023-02-07,3468.9,3493.0,3461.4,3472.55,,1455647,,,,,3472.55,1.0,TCS
2023-02-08,3478.05,3539.9,3478.05,3520.1,,1986946,,,,,3520.1,1.0,TCS
2023-02-09,3515.0,3547.6,3505.3,3540.85,,1655427,,,,,3540.85,1.0,TCS
2023-02-10,3520.0,3542.35,3508.15,3537.55,,1187821,,,,,3537.55,1.0,TCS
2023-02-13,3549.0,3549.0,3473.4,3482.4,,1087939,,,,,3482.4,1.0,TCS
2023-02-14,3505.0,3524.85,3495.0,3500.1,,1579818,,,,,3500.1,1.0,TCS
2023-02-15,3487.0,3526.0,3460.15,3520.65,,1429449,,,,,3520.65,1.0,TCS
2023-02-16,3527.2,3575.0,3527.0,3558.05,,1618931,,,,,3558.05,1.0,TCS
2023-02-17,3526.15,3538.9,3490.0,3501.15,,1061369,,,,,3501.15,1.0,TCS
2023-02-20,3502.0,3522.0,3475.05,3487.3,,1296082,,,,,3487.3,1.0,TCS
2023-02-21,3494.0,3508.9,3444.75,3451.0,,1139541,,,,,3451.0,1.0,TCS
2023-02-22,3414.95,3447.0,3395.0,3401.55,,1218430,,,,,3401.55,1.0,TCS
2023-02-23,3421.0,3452.4,3408.0,3413.8,,1441570,,,,,3413.8,1.0,TCS
2023-02-24,3422.5,3433.95,3382.3,3400.45,,977592,,,,,3400.45,1.0,TCS
2023-02-27,3390.0,3390.0,3316.0,3331.85,,1128022,,,,,3331.85,1.0,TCS
2023-02-28,3328.5,3392.0,3299.9,3312.85,,4116217,,,,,3312.85,1.0,TCS
2023-03-01,3323.0,3389.0,3315.0,3385.7,,1669307,,,,,3385.7,1.0,TCS
2023-03-02,3361.0,3369.9,3318.0,3321.45,,1556538,,,,,3321.45,1.0,TCS
2023-03-03,3354.0,3358.0,3331.1,3342.15,,1043190,,,,,3342.15,1.0,TCS
2023-03-06,3361.9,3404.95,3359.0,3371.85,,1334132,,,,,3371.85,1.0,TCS
2023-03-08,3364.0,3396.0,3330.85,3390.4,,1844590,,,,,3390.4,1.0,TCS
2023-03-09,3385.0,3385.0,3330.85,3336.85,,1648500,,,,,3336.85,1.0,TCS
2023-03-10,3312.9,3337.25,3290.0,3331.0,,1024404,,,,,3331.0,1.0,TCS
2023-03-13,3333.0,3369.8,3272.0,3281.95,,1901233,,,,,3281.95,1.0,TCS
2023-03-14,3280.0,3304.4,3209.4,3214.95,,2670334,,,,,3214.95,1.0,TCS
2023-03-15,3250.0,3260.35,3192.0,3198.9,,1780522,,,,,3198.9,1.0,TCS
2023-03-16,3208.0,3219.8,3172.0,3185.0,,1901060,,,,,3185.0,1.0,TCS
2023-03-17,3150.5,3221.4,3144.0,3179.3,,6739966,,,,,3179.3,1.0,TCS
2023-03-20,3169.65,3169.65,3095.05,3143.3,,2289468,,,,,3143.3,1.0,TCS
2023-03-21,3143.3,3156.75,3097.45,3106.1,,1815297,,,,,3106.1,1.0,TCS
2023-03-22,3130.05,3143.5,3106.1,3130.8,,1123939,,,,,3130.8,1.0,TCS
2023-03-23,3114.9,3146.35,3101.0,3124.65,,1372218,,,,,3124.65,1.0,TCS
2023-03-24,3148.9,3170.0,3106.0,3120.5,,1329577,,,,,3120.5,1.0,TCS
2023-03-27,3135.0,3152.75,3106.0,3122.3,,1524217,,,,,3122.3,1.0,TCS
2023-03-28,3127.0,3149.55,3110.15,3115.9,,1303530,,,,,3115.9,1.0,TCS
2023-03-29,3129.0,3150.0,3104.1,3138.9,,1740616,,,,,3138.9,1.0,TCS
2023-03-31,3189.95,3213.0,3152.0,3205.9,,2382581,,,,,3205.9,1.0,TCS
2023-04-03,3224.95,3224.95,3173.75,3200.0,,1521830,,,,,3200.0,1.0,TCS
2023-04-05,3185.5,3264.35,3185.5,3239.8,,2655065,,,,,3239.8,1.0,TCS
2023-04-06,3225.0,3257.35,3215.0,3220.7,,1703464,,,,,3220.7,1.0,TCS
2023-04-10,3220.0,3272.0,3215.0,3263.4,,2203187,,,,,3263.4,1.0,TCS
2023-04-11,3264.0,3272.95,3192.15,3213.8,,2348779,,,,,3213.8,1.0,TCS
2023-04-12,3227.95,3260.95,3199.0,3241.65,,2417727,,,,,3241.65,1.0,TCS
2023-04-13,3210.0,3230.0,3180.0,3188.85,,4174070,,,,,3188.85,1.0,TCS
2023-04-17,3134.1,3163.4,3070.25,3139.5,,5505048,,,,,3139.5,1.0,TCS
2023-04-18,3154.95,3156.85,3110.6,3130.75,,2617302,,,,,3130.75,1.0,TCS
2023-04-19,3130.75,3140.0,3071.5,3089.6,,3298034,,,,,3089.6,1.0,TCS
2023-04-20,3090.0,3113.0,3078.0,3104.8,,2419999,,,,,3104.8,1.0,TCS
2023-04-21,3110.0,3164.45,3100.8,3160.85,,1929184,,,,,3160.85,1.0,TCS
2023-04-24,3151.1,3180.95,3126.15,3174.8,,1640676,,,,,3174.8,1.0,TCS
2023-04-25,3183.0,3191.2,3147.5,3176.0,,2024090,,,,,3176.0,1.0,TCS
2023-04-26,3181.0,3208.4,3181.0,3198.15,,2000029,,,,,3198.15,1.0,TCS
2023-04-27,3185.0,3199.2,3170.65,3187.95,,2434446,,,,,3187.95,1.0,TCS
2023-04-28,3200.4,3227.25,3196.25,3219.25,,2931312,,,,,3219.25,1.0,TCS
2023-05-02,3235.0,3235.0,3210.0,3219.4,,2321159,,,,,3219.4,1.0,TCS
2023-05-03,3216.0,3216.0,3173.15,3179.9,,2468285,,,,,3179.9,1.0,TCS
2023-05-04,3180.15,3224.45,3178.0,3220.7,,1953253,,,,,3220.7,1.0,TCS
2023-05-05,3220.0,3244.0,3210.05,3230.7,,1710027,,,,,3230.7,1.0,TCS
2023-05-08,3245.0,3254.85,3231.3,3250.6,,928235,,,,,3250.6,1.0,TCS
2023-05-09,3252.6,3298.0,3246.0,3283.25,,1107375,,,,,3283.25,1.0,TCS
2023-05-10,3290.0,3306.5,3266.05,3286.8,,1559987,,,,,3286.8,1.0,TCS
2023-05-11,3309.0,3309.7,3272.0,3282.15,,1719623,,,,,3282.15,1.0,TCS
2023-05-12,3279.15,3290.0,3260.0,3274.3,,1027479,,,,,3274.3,1.0,TCS
2023-05-15,3284.0,3292.0,3248.35,3255.05,,1150390,,,,,3255.05,1.0,TCS
2023-05-16,3256.2,3285.0,3250.45,3258.15,,986306,,,,,3258.15,1.0,TCS
2023-05-17,3255.95,3280.0,3198.25,3208.7,,1588815,,,,,3208.7,1.0,TCS
2023-05-18,3225.95,3228.95,3195.0,3199.85,,1369364,,,,,3199.85,1.0,TCS
2023-05-19,3210.0,3234.5,3203.05,3222.85,,1152449,,,,,3222.85,1.0,TCS
2023-05-22,3230.0,3308.45,3217.05,3298.7,,1333243,,,,,3298.7,1.0,TCS
2023-05-23,3306.0,3327.95,3290.1,3297.05,,1687418,,,,,3297.05,1.0,TCS
2023-05-24,3276.0,3317.2,3276.0,3303.35,,1016555,,,,,3303.35,1.0,TCS
2023-05-25,3294.0,3306.0,3267.1,3293.5,,1374917,,,,,3293.5,1.0,TCS
2023-05-26,3293.5,3338.65,3291.0,3328.9,,1791115,,,,,3328.9,1.0,TCS
2023-05-29,3360.8,3372.0,3312.0,3320.35,,1210372,,,,,3320.35,1.0,TCS
2023-05-30,3315.0,3326.95,3301.35,3316.2,,1344224,,,,,3316.2,1.0,TCS
2023-05-31,3309.0,3327.7,3265.15,3289.5,,5815424,,,,,3289.5,1.0,TCS
2023-06-01,3314.0,3340.0,3297.5,3324.0,,1177314,,,,,3324.0,1.0,TCS
2023-06-02,3326.25,3335.9,3297.45,3305.6,,2030661,,,,,3305.6,1.0,TCS
2023-06-05,3315.0,3327.0,3285.05,3288.9,,1861468,,,,,3288.9,1.0,TCS
2023-06-06,3280.0,3288.85,3220.6,3232.3,,2022849,,,,,3232.3,1.0,TCS
2023-06-07,3253.0,3278.85,3241.0,3274.9,,1567196,,,,,3274.9,1.0,TCS
2023-06-08,3261.0,3270.0,3233.0,3236.45,,1759366,,,,,3236.45,1.0,TCS
2023-06-09,3245.0,3250.0,3205.35,3209.3,,1775689,,,,,3209.3,1.0,TCS
2023-06-12,3215.0,3254.4,3211.0,3246.9,,2324605,,,,,3246.9,1.0,TCS
2023-06-13,3260.0,3265.0,3239.0,3243.7,,1371928,,,,,3243.7,1.0,TCS
2023-06-14,3243.7,3255.85,3225.85,3251.05,,1658544,,,,,3251.05,1.0,TCS
2023-06-15,3245.3,3247.45,3210.0,3216.3,,2273810,,,,,3216.3,1.0,TCS
2023-06-16,3197.0,3199.4,3156.0,3174.9,,4156189,,,,,3174.9,1.0,TCS
2023-06-19,3190.0,3214.9,3175.0,3210.4,,1468186,,,,,3210.4,1.0,TCS
2023-06-20,3214.0,3232.5,3201.05,3227.7,,1528452,,,,,3227.7,1.0,TCS
2023-06-21,3250.0,3261.4,3223.95,3258.2,,1645987,,,,,3258.2,1.0,TCS
2023-06-22,3260.0,3267.65,3230.1,3238.5,,1529603,,,,,3238.5,1.0,TCS
2023-06-23,3237.3,3249.4,3209.15,3216.35,,1119505,,,,,3216.35,1.0,TCS
2023-06-26,3205.0,3213.9,3173.0,3189.65,,1978803,,,,,3189.65,1.0,TCS
2023-06-27,3202.0,3209.65,3182.3,3197.35,,863542,,,,,3197.35,1.0,TCS
2023-06-28,3208.0,3230.95,3193.4,3215.45,,1575872,,,,,3215.45,1.0,TCS
2023-06-30,3220.0,3310.0,3214.1,3302.25,,2672406,,,,,3302.25,1.0,TCS
2023-07-03,3314.3,3318.8,3268.75,3272.3,,1687264,,,,,3272.3,1.0,TCS
2023-07-04,3290.0,3315.0,3277.3,3308.85,,1656681,,,,,3308.85,1.0,TCS
2023-07-05,3320.0,3329.0,3305.0,3319.95,,1453008,,,,,3319.95,1.0,TCS
2023-07-06,3306.55,3328.45,3302.0,3322.9,,1848238,,,,,3322.9,1.0,TCS
2023-07-07,3302.0,3356.9,3302.0,3329.25,,1789326,,,,,3329.25,1.0,TCS
2023-07-10,3324.75,3324.75,3265.2,3271.95,,1407431,,,,,3271.95,1.0,TCS
2023-07-11,3295.0,3295.0,3260.8,3272.4,,1110172,,,,,3272.4,1.0,TCS
2023-07-12,3280.95,3289.15,3250.1,3259.9,,1515240,,,,,3259.9,1.0,TCS
2023-07-13,3284.0,3367.45,3272.75,3340.55,,4585146,,,,,3340.55,1.0,TCS
2023-07-14,3365.0,3524.85,3352.0,3514.65,,6306101,,,,,3514.65,1.0,TCS
2023-07-17,3510.0,3549.9,3477.05,3491.7,,2743228,,,,,3491.7,1.0,TCS
2023-07-18,3476.0,3524.0,3465.0,3496.85,,2600090,,,,,3496.85,1.0,TCS
2023-07-19,3500.0,3516.85,3445.65,3470.05,,2405370,,,,,3470.05,1.0,TCS
2023-07-20,3453.1,3478.9,3436.05,3463.3,,1715404,,,,,3463.3,1.0,TCS
2023-07-21,3404.05,3434.9,3359.05,3368.3,,3770223,,,,,3368.3,1.0,TCS
2023-07-24,3381.0,3413.45,3372.1,3394.75,,1680132,,,,,3394.75,1.0,TCS
2023-07-25,3397.5,3406.8,3380.2,3399.15,,1272980,,,,,3399.15,1.0,TCS
2023-07-26,3400.35,3420.85,3385.0,3388.3,,1066803,,,,,3388.3,1.0,TCS
2023-07-27,3394.95,3411.65,3385.05,3396.9,,1701769,,,,,3396.9,1.0,TCS
2023-07-28,3385.0,3393.7,3331.0,3355.4,,2599831,,,,,3355.4,1.0,TCS
2023-07-31,3364.4,3426.65,3360.9,3421.45,,2743678,,,,,3421.45,1.0,TCS
2023-08-01,3415.0,3460.0,3415.0,3452.05,,1956167,,,,,3452.05,1.0,TCS
2023-08-02,3434.95,3446.4,3413.6,3440.65,,1914899,,,,,3440.65,1.0,TCS
2023-08-03,3420.0,3433.25,3368.0,3399.95,,2026351,,,,,3399.95,1.0,TCS
2023-08-04,3401.25,3471.0,3401.25,3443.55,,2248493,,,,,3443.55,1.0,TCS
2023-08-07,3453.95,3488.0,3441.25,3484.05,,1853889,,,,,3484.05,1.0,TCS
2023-08-08,3484.05,3489.95,3456.6,3470.6,,1634225,,,,,3470.6,1.0,TCS
2023-08-09,3464.9,3467.0,3425.05,3462.5,,1794589,,,,,3462.5,1.0,TCS
2023-08-10,3450.0,3464.9,3430.05,3442.1,,1096701,,,,,3442.1,1.0,TCS
2023-08-11,3438.1,3466.65,3414.0,3448.8,,1679974,,,,,3448.8,1.0,TCS
2023-08-14,3440.7,3455.0,3411.0,3449.85,,1190425,,,,,3449.85,1.0,TCS
2023-08-16,3450.0,3466.0,3435.2,3458.4,,1328445,,,,,3458.4,1.0,TCS
2023-08-17,3455.0,3460.8,3413.2,3435.75,,1843241,,,,,3435.75,1.0,TCS
2023-08-18,3410.0,3410.0,3356.5,3367.1,,2526749,,,,,3367.1,1.0,TCS
2023-08-21,3375.0,3409.75,3372.0,3401.65,,1375579,,,,,3401.65,1.0,TCS
2023-08-22,3400.0,3411.0,3365.05,3382.15,,1222012,,,,,3382.15,1.0,TCS
2023-08-23,3388.0,3402.0,3376.0,3398.25,,1330046,,,,,3398.25,1.0,TCS
2023-08-24,3408.0,3413.05,3378.1,3387.75,,1152881,,,,,3387.75,1.0,TCS
2023-08-25,3375.0,3385.8,3350.25,3381.3,,1158046,,,,,3381.3,1.0,TCS
2023-08-28,3394.0,3394.0,3360.1,3375.55,,1037485,,,,,3375.55,1.0,TCS
2023-08-29,3381.05,3389.55,3365.0,3376.15,,944517,,,,,3376.15,1.0,TCS
2023-08-30,3398.0,3408.1,3383.05,3390.95,,1188200,,,,,3390.95,1.0,TCS
2023-08-31,3401.0,3417.4,3343.65,3356.8,,3417652,,,,,3356.8,1.0,TCS
2023-09-01,3366.0,3389.0,3356.8,3379.2,,1277950,,,,,3379.2,1.0,TCS
2023-09-04,3378.0,3432.85,3370.05,3418.5,,1828332,,,,,3418.5,1.0,TCS
2023-09-05,3420.0,3447.0,3405.15,3429.35,,1501842,,,,,3429.35,1.0,TCS
2023-09-06,3434.0,3443.9,3398.1,3429.9,,1314818,,,,,3429.9,1.0,TCS
2023-09-07,3430.8,3460.0,3422.3,3455.25,,1885092,,,,,3455.25,1.0,TCS
2023-09-08,3455.25,3465.0,3435.05,3441.9,,1518917,,,,,3441.9,1.0,TCS
2023-09-11,3462.0,3485.7,3445.0,3480.65,,1783604,,,,,3480.65,1.0,TCS
2023-09-12,3492.0,3589.9,3483.0,3580.8,,4476016,,,,,3580.8,1.0,TCS
2023-09-13,3571.1,3588.85,3545.0,3567.85,,1754929,,,,,3567.85,1.0,TCS
2023-09-14,3570.05,3597.7,3545.6,3560.05,,2604721,,,,,3560.05,1.0,TCS
2023-09-15,3567.85,3607.35,3562.45,3598.3,,2952897,,,,,3598.3,1.0,TCS
2023-09-18,3580.05,3619.3,3575.25,3606.15,,1395753,,,,,3606.15,1.0,TCS
2023-09-20,3580.0,3625.0,3580.0,3606.05,,1649396,,,,,3606.05,1.0,TCS
2023-09-21,3588.55,3605.0,3528.0,3585.3,,2004073,,,,,3585.3,1.0,TCS
2023-09-22,3584.0,3633.75,3565.05,3603.65,,1989083,,,,,3603.65,1.0,TCS
2023-09-25,3602.5,3620.0,3558.65,3577.15,,1238778,,,,,3577.15,1.0,TCS
2023-09-26,3567.6,3594.95,3536.0,3585.7,,1726062,,,,,3585.7,1.0,TCS
2023-09-27,3590.0,3614.0,3555.7,3589.3,,1541134,,,,,3589.3,1.0,TCS
2023-09-28,3600.0,3602.8,3527.35,3536.75,,1755753,,,,,3536.75,1.0,TCS
2023-09-29,3537.2,3568.45,3505.55,3528.6,,2243791,,,,,3528.6,1.0,TCS
2023-10-03,3534.2,3534.2,3480.1,3513.85,,1948148,,,,,3513.85,1.0,TCS
2023-10-04,3486.3,3548.0,3477.3,3537.75,,1788138,,,,,3537.75,1.0,TCS
2023-10-05,3554.0,3624.0,3551.2,3589.35,,2990768,,,,,3589.35,1.0,TCS
2023-10-06,3591.0,3634.95,3575.05,3621.4,,2075691,,,,,3621.4,1.0,TCS
2023-10-09,3645.05,3679.0,3631.0,3638.35,,4233074,,,,,3638.35,1.0,TCS
2023-10-10,3640.05,3648.0,3601.35,3628.9,,1848148,,,,,3628.9,1.0,TCS
2023-10-11,3650.0,3650.0,3605.0,3609.9,,2426417,,,,,3609.9,1.0,TCS
2023-10-12,3575.0,3588.65,3538.1,3542.55,,4241281,,,,,3542.55,1.0,TCS
2023-10-13,3530.0,3577.0,3525.0,3570.85,,2890357,,,,,3570.85,1.0,TCS
2023-10-16,3566.0,3574.65,3519.1,3524.05,,1671104,,,,,3524.05,1.0,TCS
2023-10-17,3530.0,3534.15,3503.35,3507.05,,1672065,,,,,3507.05,1.0,TCS
2023-10-18,3511.0,3522.7,3484.0,3487.25,,1408245,,,,,3487.25,1.0,TCS
2023-10-19,3469.5,3476.85,3451.9,3455.65,,1514545,,,,,3455.65,1.0,TCS
2023-10-20,3450.4,3499.5,3444.05,3494.55,,1481211,,,,,3494.55,1.0,TCS
2023-10-23,3473.0,3478.95,3401.3,3410.15,,1106272,,,,,3410.15,1.0,TCS
2023-10-25,3390.5,3425.0,3377.2,3390.1,,1518537,,,,,3390.1,1.0,TCS
2023-10-26,3368.05,3373.7,3330.0,3336.75,,1984471,,,,,3336.75,1.0,TCS
2023-10-27,3350.0,3362.0,3337.0,3350.95,,1108851,,,,,3350.95,1.0,TCS
2023-10-30,3350.0,3382.85,3333.75,3378.55,,910972,,,,,3378.55,1.0,TCS
2023-10-31,3399.0,3399.0,3350.05,3368.75,,999811,,,,,3368.75,1.0,TCS
2023-11-01,3355.0,3371.6,3311.0,3330.65,,1563475,,,,,3330.65,1.0,TCS
2023-11-02,3343.2,3375.95,3343.2,3360.1,,1245384,,,,,3360.1,1.0,TCS
2023-11-03,3382.0,3387.9,3344.3,3350.9,,1402598,,,,,3350.9,1.0,TCS
2023-11-06,3375.0,3392.3,3359.0,3380.25,,1099852,,,,,3380.25,1.0,TCS
2023-11-07,3378.0,3404.15,3366.0,3370.45,,1191144,,,,,3370.45,1.0,TCS
2023-11-08,3371.45,3401.95,3369.55,3381.55,,992899,,,,,3381.55,1.0,TCS
2023-11-09,3390.1,3391.5,3342.05,3347.45,,2112352,,,,,3347.45,1.0,TCS
2023-11-10,3338.0,3347.45,3322.35,3333.45,,1338557,,,,,3333.45,1.0,TCS
2023-11-13,3356.0,3356.0,3327.0,3331.55,,1030990,,,,,3331.55,1.0,TCS
2023-11-15,3383.1,3413.0,3356.05,3404.3,,2059802,,,,,3404.3,1.0,TCS
2023-11-16,3430.05,3529.35,3414.2,3497.85,,3951984,,,,,3497.85,1.0,TCS
2023-11-17,3497.85,3524.5,3492.55,3502.45,,2021292,,,,,3502.45,1.0,TCS
2023-11-20,3491.25,3533.9,3491.25,3519.6,,1475621,,,,,3519.6,1.0,TCS
2023-11-21,3519.6,3539.05,3501.0,3510.2,,1807236,,,,,3510.2,1.0,TCS
2023-11-22,3500.0,3532.65,3481.1,3530.15,,1798051,,,,,3530.15,1.0,TCS
2023-11-23,3530.0,3544.0,3500.0,3508.25,,2729804,,,,,3508.25,1.0,TCS
2023-11-24,3494.25,3504.55,3453.0,3457.1,,1989733,,,,,3457.1,1.0,TCS
2023-11-28,3457.1,3481.25,3433.0,3470.15,,1689195,,,,,3470.15,1.0,TCS
2023-11-29,3481.0,3518.0,3475.8,3513.75,,1441634,,,,,3513.75,1.0,TCS
2023-11-30,3499.45,3516.65,3481.0,3487.6,,3266235,,,,,3487.6,1.0,TCS
2023-12-01,3500.0,3516.95,3490.05,3511.65,,1172141,,,,,3511.65,1.0,TCS
2023-12-04,3544.65,3547.8,3498.0,3512.45,,1625213,,,,,3512.45,1.0,TCS
2023-12-05,3538.0,3538.0,3502.8,3531.6,,1377656,,,,,3531.6,1.0,TCS
2023-12-06,3532.6,3612.85,3525.15,3604.1,,1896572,,,,,3604.1,1.0,TCS
2023-12-07,3605.0,3630.55,3591.7,3614.9,,1967653,,,,,3614.9,1.0,TCS
2023-12-08,3633.0,3645.0,3602.05,3626.7,,1641155,,,,,3626.7,1.0,TCS
2023-12-11,3622.9,3653.0,3615.0,3642.9,,1102503,,,,,3642.9,1.0,TCS
2023-12-12,3638.95,3698.4,3631.0,3672.1,,2236866,,,,,3672.1,1.0,TCS
2023-12-13,3643.55,3650.0,3563.0,3593.55,,3850968,,,,,3593.55,1.0,TCS
2023-12-14,3630.0,3678.0,3627.6,3667.25,,3290396,,,,,3667.25,1.0,TCS
2023-12-15,3666.7,3895.95,3666.7,3861.0,,8531230,,,,,3861.0,1.0,TCS
2023-12-18,3858.1,3929.0,3830.15,3859.2,,2521612,,,,,3859.2,1.0,TCS
2023-12-19,3845.0,3855.1,3790.0,3816.2,,2004435,,,,,3816.2,1.0,TCS
2023-12-20,3827.25,3898.8,3766.55,3780.05,,2586083,,,,,3780.05,1.0,TCS
2023-12-21,3756.25,3806.7,3743.35,3787.5,,1517562,,,,,3787.5,1.0,TCS
2023-12-22,3800.0,3845.95,3762.0,3824.0,,2413058,,,,,3824.0,1.0,TCS
2023-12-26,3819.85,3834.0,3790.15,3795.55,,1285231,,,,,3795.55,1.0,TCS
2023-12-27,3799.0,3818.2,3768.0,3811.2,,1293976,,,,,3811.2,1.0,TCS
2023-12-28,3824.0,3838.0,3792.1,3799.9,,1682889,,,,,3799.9,1.0,TCS
2023-12-29,3792.0,3822.6,3765.4,3793.4,,1574996,,,,,3793.4,1.0,TCS
2024-01-01,3790.0,3832.0,3773.0,3811.1,3793.4,825907,31419.75,94008.0,,,3811.1,1.0,TCS
2024-01-02,3811.1,3811.1,3767.25,3783.2,3811.1,1344068,50900.56,133902.0,,,3783.2,1.0,TCS
2024-01-03,3767.0,3771.85,3687.05,3691.75,3783.2,1803075,66925.85,208012.0,,,3691.75,1.0,TCS
2024-01-04,3701.75,3719.0,3651.0,3666.8,3691.75,3598144,131991.52,220494.0,,,3666.8,1.0,TCS
2024-01-05,3675.0,3747.75,3674.85,3737.9,3666.8,1963127,73061.71,155406.0,,,3737.9,1.0,TCS
2024-01-08,3737.9,3739.75,3672.4,3678.3,3737.9,1067805,39470.62,137547.0,,,3678.3,1.0,TCS
2024-01-09,3709.95,3752.35,3682.75,3689.9,3678.3,1370944,50946.43,112174.0,,,3689.9,1.0,TCS
2024-01-10,3690.0,3729.25,3688.0,3713.05,3689.9,1292227,47902.02,111912.0,,,3713.05,1.0,TCS
2024-01-11,3724.0,3773.0,3707.0,3735.55,3713.05,1777909,66465.66,135916.0,,,3735.55,1.0,TCS
2024-01-12,3848.0,3905.25,3821.6,3882.8,3735.55,6813450,263928.06,337824.0,,,3882.8,1.0,TCS
2024-01-15,3960.0,3965.0,3885.0,3903.8,3882.8,2801505,109893.87,265310.0,,,3903.8,1.0,TCS
2024-01-16,3899.0,3899.0,3855.55,3861.3,3903.8,1432672,55495.55,157027.0,,,3861.3,1.0,TCS
2024-01-17,3819.0,3909.95,3812.55,3884.6,3861.3,3458696,134286.3,161556.0,,,3884.6,1.0,TCS
2024-01-18,3898.0,3908.8,3862.0,3902.6,3884.6,2239110,87056.06,200495.0,,,3902.6,1.0,TCS
2024-01-19,3945.0,3963.55,3915.05,3943.05,3902.6,2941975,115994.14,272591.0,,,3943.05,1.0,TCS
2024-01-23,3900.0,3933.9,3842.75,3858.25,3860.65,2618854,101658.79,214176.0,,,3858.25,1.0,TCS
2024-01-24,3880.0,3883.65,3805.6,3841.8,3858.25,2657709,102109.49,119466.0,,,3841.8,1.0,TCS
2024-01-25,3839.9,3861.0,3778.7,3810.3,3841.8,2205154,83863.95,186169.0,,,3810.3,1.0,TCS
2024-01-29,3800.8,3820.0,3780.85,3801.0,3810.3,1646747,62551.55,114028.0,,,3801.0,1.0,TCS
2024-01-30,3807.45,3847.8,3787.0,3800.55,3801.0,1411621,53878.17,96931.0,,,3800.55,1.0,TCS
2024-01-31,3811.2,3834.0,3796.45,3815.95,3800.55,2459358,93822.21,166663.0,,,3815.95,1.0,TCS
2024-02-01,3820.0,3904.9,3805.05,3854.15,3815.95,2363107,91307.67,200156.0,,,3854.15,1.0,TCS
2024-02-02,3875.05,3984.4,3872.0,3966.3,3854.15,2826510,111491.16,271200.0,,,3966.3,1.0,TCS
2024-02-05,3983.0,4022.0,3962.1,3973.3,3966.3,1691523,67594.38,156341.0,,,3973.3,1.0,TCS
2024-02-06,3997.0,4149.9,3990.0,4136.0,3973.3,4474396,183733.68,325723.0,,,4136.0,1.0,TCS
2024-02-07,4153.0,4155.0,4073.95,4083.4,4136.0,2124267,87420.61,177689.0,,,4083.4,1.0,TCS
2024-02-08,4090.0,4158.0,4086.05,4134.1,4083.4,2345173,96685.4,212471.0,,,4134.1,1.0,TCS
2024-02-09,4136.55,4184.75,4100.0,4133.7,4134.1,2100596,86870.14,204415.0,,,4133.7,1.0,TCS
2024-02-12,4130.0,4159.6,4105.55,4120.7,4133.7,1013716,41847.16,110339.0,,,4120.7,1.0,TCS
2024-02-13,4125.45,4170.0,4081.5,4149.5,4120.7,1257415,51931.64,140800.0,,,4149.5,1.0,TCS
2024-02-14,4107.0,4114.9,4049.5,4100.1,4149.5,1391283,56932.75,126863.0,,,4100.1,1.0,TCS
2024-02-15,4128.0,4146.3,4083.0,4103.2,4100.1,1091582,44835.0,117286.0,,,4103.2,1.0,TCS
2024-02-16,4113.25,4147.95,4100.1,4128.3,4103.2,1307556,53924.47,125414.0,,,4128.3,1.0,TCS
2024-02-19,4123.05,4128.3,4055.0,4103.8,4128.3,772291,31608.0,70873.0,,,4103.8,1.0,TCS
2024-02-20,4082.1,4098.0,4010.0,4030.65,4103.8,1193648,48316.26,108310.0,,,4030.65,1.0,TCS
2024-02-21,4013.0,4063.35,3980.6,3991.5,4030.65,1885939,75927.49,135075.0,,,3991.5,1.0,TCS
2024-02-22,3971.0,4094.95,3971.0,4087.1,3991.5,2982052,120377.61,233453.0,,,4087.1,1.0,TCS
2024-02-23,4130.0,4130.0,4046.4,4052.1,4087.1,2538072,103724.88,207942.0,,,4052.1,1.0,TCS
2024-02-26,4036.0,4050.0,3982.75,4001.05,4052.1,1379284,55197.39,168908.0,,,4001.05,1.0,TCS
2024-02-27,3999.0,4124.0,3999.0,4104.4,4001.05,2960475,120890.18,235296.0,,,4104.4,1.0,TCS
2024-02-28,4095.6,4154.9,4089.0,4118.95,4104.4,1939225,80019.15,139242.0,,,4118.95,1.0,TCS
2024-02-29,4099.0,4138.1,4064.55,4095.1,4118.95,3772719,154628.64,165001.0,,,4095.1,1.0,TCS
2024-03-01,4107.2,4140.0,4086.8,4094.35,4095.1,2043265,83995.55,157981.0,,,4094.35,1.0,TCS
2024-03-04,4105.0,4117.9,4075.9,4080.7,4107.1,1749271,71549.55,114412.0,,,4080.7,1.0,TCS
2024-03-05,4062.0,4064.0,3980.0,4012.1,4080.7,2070859,83193.43,152615.0,,,4012.1,1.0,TCS
2024-03-06,3994.05,4072.0,3958.45,4064.3,4012.1,1744204,69988.79,140908.0,,,4064.3,1.0,TCS
2024-03-07,4065.0,4124.0,4037.7,4108.6,4064.3,2688905,110218.2,154179.0,,,4108.6,1.0,TCS
2024-03-11,4089.0,4153.0,4089.0,4122.35,4108.6,2304068,95041.85,188233.0,,,4122.35,1.0,TCS
2024-03-12,4122.35,4229.95,4121.05,4192.25,4122.35,4039801,169602.34,216551.0,,,4192.25,1.0,TCS
2024-03-13,4205.0,4241.0,4131.9,4149.0,4192.25,2837260,118521.84,208881.0,,,4149.0,1.0,TCS
2024-03-14,4153.45,4225.0,4086.0,4207.6,4149.0,2919608,121639.66,262125.0,,,4207.6,1.0,TCS
2024-03-15,4192.6,4239.0,4177.0,4219.25,4207.6,3373143,142120.88,176623.0,,,4219.25,1.0,TCS
2024-03-18,4215.25,4254.75,4117.85,4152.5,4219.25,1526904,64080.84,129335.0,,,4152.5,1.0,TCS
2024-03-19,4051.25,4058.0,3966.6,3977.3,4152.5,8931209,359262.07,293529.0,,,3977.3,1.0,TCS
2024-03-20,3986.0,4018.0,3960.2,3970.9,3977.3,1817913,72627.46,134030.0,,,3970.9,1.0,TCS
2024-03-21,3990.05,4008.4,3948.0,3972.95,3970.9,3829582,152146.04,227156.0,,,3972.95,1.0,TCS
2024-03-22,3897.0,3938.0,3855.0,3910.9,3972.95,5852485,228436.7,431155.0,,,3910.9,1.0,TCS
2024-03-26,3875.0,3946.7,3871.45,3877.5,3910.9,3440925,133999.54,176329.0,,,3877.5,1.0,TCS
2024-03-27,3888.5,3895.0,3829.4,3840.9,3877.5,1968575,76018.45,152258.0,,,3840.9,1.0,TCS
2024-03-28,3850.1,3915.0,3840.5,3876.3,3840.9,4311783,167321.87,242073.0,,,3876.3,1.0,TCS
2024-04-01,3897.7,3933.3,3888.05,3916.75,3876.3,1569676,61307.99,142337.0,,,3916.75,1.0,TCS
2024-04-02,3890.0,3909.85,3873.0,3883.8,3916.75,2142666,83275.25,152218.0,,,3883.8,1.0,TCS
2024-04-03,3851.0,3981.0,3851.0,3947.3,3883.8,3973090,156558.37,232561.0,,,3947.3,1.0,TCS
2024-04-04,3975.9,4028.65,3935.25,4003.3,3947.3,3394637,135211.79,196204.0,,,4003.3,1.0,TCS
2024-04-05,3978.0,4002.0,3960.5,3979.25,4003.3,1636819,65197.23,95801.0,,,3979.25,1.0,TCS
2024-04-08,3983.0,4032.65,3960.0,3972.55,3979.25,2302538,92108.23,145126.0,,,3972.55,1.0,TCS
2024-04-09,3984.0,4015.85,3925.05,3946.55,3972.55,1876992,74474.02,102114.0,,,3946.55,1.0,TCS
2024-04-10,3956.4,3990.2,3918.0,3984.65,3946.55,2101965,83162.68,108594.0,,,3984.65,1.0,TCS
2024-04-12,3971.0,4013.35,3945.5,4001.4,3984.65,4354821,173783.76,200517.0,,,4001.4,1.0,TCS
2024-04-15,4001.4,4064.2,3919.05,3941.2,4001.4,4200329,167614.17,245404.0,,,3941.2,1.0,TCS
2024-04-16,3902.0,3928.7,3862.85,3872.8,3941.2,3051420,118661.48,147341.0,,,3872.8,1.0,TCS
2024-04-18,3876.8,3936.0,3850.0,3862.0,3872.8,3476284,135276.92,191254.0,,,3862.0,1.0,TCS
2024-04-19,3838.0,3852.55,3800.9,3826.2,3862.0,2957749,113215.05,252913.0,,,3826.2,1.0,TCS
2024-04-22,3837.0,3878.0,3812.0,3864.6,3826.2,1728883,66416.44,99078.0,,,3864.6,1.0,TCS
2024-04-23,3877.05,3895.0,3860.6,3874.7,3864.6,1807586,70092.51,132941.0,,,3874.7,1.0,TCS
2024-04-24,3890.0,3898.0,3824.45,3831.05,3874.7,1317312,50765.58,113695.0,,,3831.05,1.0,TCS
2024-04-25,3811.2,3873.65,3811.0,3852.2,3831.05,2856271,109981.54,211754.0,,,3852.2,1.0,TCS
2024-04-26,3855.15,3876.8,3802.55,3821.35,3852.2,2039178,78270.91,165343.0,,,3821.35,1.0,TCS
2024-04-29,3838.0,3877.8,3819.2,3870.2,3821.35,1110693,42877.35,109485.0,,,3870.2,1.0,TCS
2024-04-30,3872.0,3881.75,3810.0,3820.65,3870.2,2203078,84629.55,144940.0,,,3820.65,1.0,TCS
2024-05-02,3778.05,3871.1,3778.05,3863.3,3820.65,2491044,95827.66,220245.0,,,3863.3,1.0,TCS
2024-05-03,3890.15,3893.6,3797.6,3843.4,3863.3,2962234,113745.19,193038.0,,,3843.4,1.0,TCS
2024-05-06,3853.0,3939.95,3853.0,3921.05,3843.4,2053831,80468.88,162185.0,,,3921.05,1.0,TCS
2024-05-07,3930.8,3988.0,3913.5,3978.95,3921.05,2062112,81485.36,128480.0,,,3978.95,1.0,TCS
2024-05-08,3961.0,3984.3,3938.6,3976.95,3978.95,1247685,49509.49,110637.0,,,3976.95,1.0,TCS
2024-05-09,3962.0,3971.0,3910.05,3960.2,3976.95,1726486,68170.49,156265.0,,,3960.2,1.0,TCS
2024-05-10,3962.6,3973.6,3885.05,3893.9,3960.2,1672489,65462.07,142144.0,,,3893.9,1.0,TCS
2024-05-13,3884.5,3955.0,3870.0,3947.8,3893.9,931326,36537.0,96702.0,,,3947.8,1.0,TCS
2024-05-14,3936.0,3945.8,3892.9,3901.2,3947.8,1058317,41446.03,96233.0,,,3901.2,1.0,TCS
2024-05-15,3904.5,3926.95,3875.5,3880.4,3901.2,1115021,43389.66,88516.0,,,3880.4,1.0,TCS
2024-05-16,3891.1,3909.5,3843.5,3900.95,3880.4,2599399,100913.0,187465.0,,,3900.95,1.0,TCS
2024-05-17,3919.0,3920.0,3830.0,3834.1,3900.95,2765804,106931.19,197919.0,,,3834.1,1.0,TCS
2024-05-21,3830.6,3844.75,3810.05,3820.2,3851.45,1908117,72893.44,200205.0,,,3820.2,1.0,TCS
2024-05-22,3835.0,3841.25,3817.55,3832.0,3820.2,1311168,50227.3,101531.0,,,3832.0,1.0,TCS
2024-05-23,3840.95,3905.0,3825.5,3893.45,3832.0,2095742,81132.04,131534.0,,,3893.45,1.0,TCS
2024-05-24,3878.25,3883.8,3844.3,3849.5,3893.45,1309452,50513.7,88592.0,,,3849.5,1.0,TCS
2024-05-27,3855.0,3908.35,3841.35,3847.05,3849.5,1841538,71444.27,160642.0,,,3847.05,1.0,TCS
2024-05-28,3858.0,3870.0,3830.0,3839.9,3847.05,1801993,69436.92,123639.0,,,3839.9,1.0,TCS
2024-05-29,3848.9,3848.9,3800.0,3803.65,3839.9,1568095,59857.0,118150.0,,,3803.65,1.0,TCS
2024-05-30,3777.0,3794.4,3715.45,3736.1,3803.65,2919230,109411.17,186630.0,,,3736.1,1.0,TCS
2024-05-31,3740.0,3749.8,3653.75,3670.95,3736.1,10956800,403688.45,323000.0,,,3670.95,1.0,TCS
2024-06-03,3732.8,3751.55,3696.0,3702.85,3670.95,2156773,80096.53,203491.0,,,3702.85,1.0,TCS
2024-06-04,3700.0,3745.0,3591.5,3715.0,3702.85,3395997,125457.97,274839.0,,,3715.0,1.0,TCS
2024-06-05,3716.0,3783.8,3700.0,3746.45,3715.0,2799670,104923.05,205741.0,,,3746.45,1.0,TCS
2024-06-06,3781.0,3839.9,3741.5,3830.4,3746.45,4328036,164317.36,281068.0,,,3830.4,1.0,TCS
2024-06-07,3837.3,3915.0,3837.3,3893.95,3830.4,4552445,177160.24,277984.0,,,3893.95,1.0,TCS
2024-06-10,3895.0,3905.9,3841.9,3858.7,3893.95,1734661,67041.75,117061.0,,,3858.7,1.0,TCS
2024-06-11,3845.0,3879.95,3841.0,3852.1,3858.7,1419898,54817.42,94929.0,,,3852.1,1.0,TCS
2024-06-12,3874.4,3893.5,3827.45,3831.65,3852.1,2177001,83888.49,142302.0,,,3831.65,1.0,TCS
2024-06-13,3856.8,3890.0,3852.0,3878.15,3831.65,1932323,74835.33,128094.0,,,3878.15,1.0,TCS
2024-06-14,3889.0,3889.0,3828.0,3832.05,3878.15,1860730,71489.29,133590.0,,,3832.05,1.0,TCS
2024-06-18,3826.05,3842.0,3795.05,3815.1,3832.05,1774045,67753.34,126236.0,,,3815.1,1.0,TCS
2024-06-19,3827.65,3833.85,3792.95,3801.7,3815.1,1509050,57448.45,111353.0,,,3801.7,1.0,TCS
2024-06-20,3796.0,3809.95,3780.05,3787.25,3801.7,2846526,107938.1,226469.0,,,3787.25,1.0,TCS
2024-06-21,3827.0,3877.8,3798.05,3810.75,3787.25,4642195,177696.73,206639.0,,,3810.75,1.0,TCS
2024-06-24,3808.75,3857.0,3791.3,3816.8,3810.75,1702154,65266.64,115165.0,,,3816.8,1.0,TCS
2024-06-25,3817.0,3847.65,3792.9,3838.45,3816.8,1338808,51174.58,140971.0,,,3838.45,1.0,TCS
2024-06-26,3844.5,3866.95,3841.0,3855.85,3838.45,1639845,63234.55,159513.0,,,3855.85,1.0,TCS
2024-06-27,3831.0,3942.0,3818.1,3934.15,3855.85,4526556,176410.08,308765.0,,,3934.15,1.0,TCS
2024-06-28,3917.8,3960.0,3897.85,3904.15,3934.15,2731571,107205.57,178435.0,,,3904.15,1.0,TCS
2024-07-01,3884.0,4001.7,3884.0,3978.2,3904.15,2658723,105508.77,152648.0,,,3978.2,1.0,TCS
2024-07-02,3993.6,4023.4,3982.55,4017.4,3978.2,2307449,92419.06,193878.0,,,4017.4,1.0,TCS
2024-07-03,4020.0,4026.1,3955.0,3965.25,4017.4,1821198,72286.5,131803.0,,,3965.25,1.0,TCS
2024-07-04,3999.85,4047.35,3982.1,4020.95,3965.25,2518001,101344.77,140694.0,,,4020.95,1.0,TCS
2024-07-05,4010.0,4026.75,3988.0,4011.8,4020.95,1668616,66868.08,120737.0,,,4011.8,1.0,TCS
2024-07-08,4022.0,4031.25,3978.05,3993.2,4011.8,1758882,70281.92,109949.0,,,3993.2,1.0,TCS
2024-07-09,3985.0,4006.95,3975.1,3985.5,3993.2,1305801,52105.79,142268.0,,,3985.5,1.0,TCS
2024-07-10,3983.7,4003.3,3902.0,3909.15,3985.5,2669716,104799.63,137357.0,,,3909.15,1.0,TCS
2024-07-11,3931.0,3980.0,3895.6,3923.7,3909.15,4872189,191415.5,214372.0,,,3923.7,1.0,TCS
2024-07-12,3980.0,4199.95,3971.3,4183.95,3923.7,13509164,556174.55,800145.0,,,4183.95,1.0,TCS
2024-07-15,4235.7,4240.0,4157.05,4169.2,4183.95,4848030,203818.43,238210.0,,,4169.2,1.0,TCS
2024-07-16,4172.0,4194.55,4144.9,4178.45,4169.2,2029521,84700.51,123240.0,,,4178.45,1.0,TCS
2024-07-18,4160.0,4325.0,4160.0,4315.55,4178.45,5613364,239783.62,361931.0,,,4315.55,1.0,TCS
2024-07-19,4317.4,4358.75,4285.25,4302.4,4315.55,3903354,168591.78,290294.0,,,4302.4,1.0,TCS
2024-07-22,4299.95,4319.95,4265.0,4287.35,4302.4,1896386,81395.61,132112.0,,,4287.35,1.0,TCS
2024-07-23,4283.0,4361.7,4266.3,4302.35,4287.35,2365208,101755.79,180645.0,,,4302.35,1.0,TCS
2024-07-24,4287.5,4339.1,4268.1,4306.25,4302.35,1809793,77993.04,118444.0,,,4306.25,1.0,TCS
2024-07-25,4295.0,4343.0,4274.2,4322.5,4306.25,2810342,121253.1,196421.0,,,4322.5,1.0,TCS
2024-07-26,4350.0,4422.45,4337.05,4387.85,4322.5,3552210,155958.42,167036.0,,,4387.85,1.0,TCS
2024-07-29,4415.0,4431.0,4371.0,4381.1,4387.85,1746803,76694.55,119852.0,,,4381.1,1.0,TCS
2024-07-30,4391.1,4398.0,4327.3,4365.35,4381.1,1797906,78358.71,145705.0,,,4365.35,1.0,TCS
2024-07-31,4350.0,4414.0,4345.0,4385.35,4365.35,2330091,102229.33,166542.0,,,4385.35,1.0,TCS
2024-08-01,4399.4,4419.3,4365.05,4397.1,4385.35,2202244,96679.31,125252.0,,,4397.1,1.0,TCS
2024-08-02,4365.0,4398.0,4270.0,4283.05,4397.1,2811282,121147.78,213069.0,,,4283.05,1.0,TCS
2024-08-05,4239.0,4239.0,4110.5,4155.05,4283.05,2787771,116117.61,169844.0,,,4155.05,1.0,TCS
2024-08-06,4170.95,4258.25,4160.8,4171.2,4155.05,2203067,92396.08,134281.0,,,4171.2,1.0,TCS
2024-08-07,4228.0,4244.95,4180.3,4200.45,4171.2,1237666,52001.51,102627.0,,,4200.45,1.0,TCS
2024-08-08,4181.0,4232.0,4160.0,4172.55,4200.45,2441283,102301.2,120490.0,,,4172.55,1.0,TCS
2024-08-09,4217.0,4253.65,4205.55,4228.75,4172.55,1302536,55147.05,79876.0,,,4228.75,1.0,TCS
2024-08-12,4230.0,4239.0,4186.35,4195.65,4228.75,936912,39449.78,86028.0,,,4195.65,1.0,TCS
2024-08-13,4213.0,4234.0,4183.0,4196.95,4195.65,1495593,62950.91,99105.0,,,4196.95,1.0,TCS
2024-08-14,4209.0,4306.2,4188.15,4295.25,4196.95,3226545,137636.2,182461.0,,,4295.25,1.0,TCS
2024-08-16,4350.0,4427.0,4325.1,4416.05,4295.25,3457058,151954.3,233969.0,,,4416.05,1.0,TCS
2024-08-19,4421.0,4494.25,4390.35,4490.0,4416.05,2055210,91654.57,118736.0,,,4490.0,1.0,TCS
2024-08-20,4505.0,4565.0,4500.0,4523.3,4490.0,2212298,100206.13,128019.0,,,4523.3,1.0,TCS
2024-08-21,4518.0,4560.0,4492.55,4551.5,4523.3,1896990,85926.17,115023.0,,,4551.5,1.0,TCS
2024-08-22,4560.0,4560.95,4497.2,4502.0,4551.5,1829872,82628.19,114303.0,,,4502.0,1.0,TCS
2024-08-23,4500.0,4506.0,4455.0,4463.9,4502.0,1809253,80856.2,101893.0,,,4463.9,1.0,TCS
2024-08-26,4489.0,4552.15,4485.0,4502.45,4463.9,1844164,83305.72,118509.0,,,4502.45,1.0,TCS
2024-08-27,4505.0,4510.0,4486.8,4497.15,4502.45,930697,41851.35,65265.0,,,4497.15,1.0,TCS
2024-08-28,4498.75,4562.5,4457.3,4506.05,4497.15,1848058,83444.31,127744.0,,,4506.05,1.0,TCS
2024-08-29,4460.0,4556.0,4460.0,4511.8,4506.05,2133641,96349.0,138513.0,,,4511.8,1.0,TCS
2024-08-30,4500.0,4592.25,4487.8,4553.75,4511.8,3637222,165339.15,155239.0,,,4553.75,1.0,TCS
2024-09-02,4576.0,4588.0,4512.0,4521.05,4553.75,1216500,55293.0,109365.0,,,4521.05,1.0,TCS
2024-09-03,4521.05,4555.9,4495.9,4512.35,4521.05,1717263,77682.16,117744.0,,,4512.35,1.0,TCS
2024-09-04,4476.95,4487.0,4436.7,4479.25,4512.35,1265505,56554.96,123447.0,,,4479.25,1.0,TCS
2024-09-05,4481.0,4499.0,4454.15,4475.95,4479.25,1688793,75474.78,105236.0,,,4475.95,1.0,TCS
2024-09-06,4473.95,4518.95,4440.0,4456.75,4475.95,1649179,73665.46,148566.0,,,4456.75,1.0,TCS
2024-09-09,4455.0,4490.25,4430.5,4449.55,4456.75,1184938,52843.28,92569.0,,,4449.55,1.0,TCS
2024-09-10,4442.45,4539.95,4440.45,4507.85,4449.55,1385591,62343.77,125535.0,,,4507.85,1.0,TCS
2024-09-11,4521.45,4549.35,4471.25,4479.35,4507.85,1325919,59732.13,127870.0,,,4479.35,1.0,TCS
2024-09-12,4510.25,4532.6,4431.3,4517.7,4479.35,2742216,122988.53,179765.0,,,4517.7,1.0,TCS
2024-09-13,4530.0,4547.0,4505.0,4522.6,4517.7,1458786,66037.41,78892.0,,,4522.6,1.0,TCS
2024-09-16,4527.0,4546.05,4494.45,4513.25,4522.6,1155120,52171.14,61456.0,,,4513.25,1.0,TCS
2024-09-17,4513.25,4535.8,4466.0,4505.65,4513.25,1699364,76569.03,88562.0,,,4505.65,1.0,TCS
2024-09-18,4497.05,4497.05,4321.0,4346.15,4505.65,2961779,129431.89,244673.0,,,4346.15,1.0,TCS
2024-09-19,4390.05,4422.2,4281.8,4296.15,4346.15,2927551,126501.87,232656.0,,,4296.15,1.0,TCS
2024-09-20,4316.9,4330.7,4227.5,4284.9,4296.15,5447908,233103.17,291115.0,,,4284.9,1.0,TCS
2024-09-23,4300.0,4309.4,4253.0,4268.5,4284.9,1702319,72695.88,169788.0,,,4268.5,1.0,TCS
2024-09-24,4251.65,4291.0,4240.0,4271.3,4268.5,3012026,128463.72,140428.0,,,4271.3,1.0,TCS
2024-09-25,4252.35,4289.6,4240.0,4274.75,4271.3,2713073,115674.84,153942.0,,,4274.75,1.0,TCS
2024-09-26,4260.0,4316.8,4260.0,4292.5,4274.75,3964251,169998.21,185888.0,,,4292.5,1.0,TCS
2024-09-27,4335.0,4378.0,4300.05,4308.7,4292.5,3012477,130361.44,231071.0,,,4308.7,1.0,TCS
2024-09-30,4286.9,4298.75,4260.05,4268.5,4308.7,2503416,106953.2,212084.0,,,4268.5,1.0,TCS
2024-10-01,4255.55,4295.75,4242.95,4287.9,4268.5,1823365,77889.16,121772.0,,,4287.9,1.0,TCS
2024-10-03,4262.6,4279.0,4210.0,4232.75,4287.9,3350119,141823.65,168212.0,,,4232.75,1.0,TCS
2024-10-04,4225.0,4298.0,4224.05,4252.25,4232.75,2965463,126214.65,194588.0,,,4252.25,1.0,TCS
2024-10-07,4273.9,4297.25,4229.4,4272.85,4252.25,1472619,62789.6,117843.0,,,4272.85,1.0,TCS
2024-10-08,4272.6,4279.4,4203.95,4253.25,4272.85,1541867,65360.13,163898.0,,,4253.25,1.0,TCS
2024-10-09,4260.0,4295.0,4246.7,4252.95,4253.25,1082504,46191.61,102574.0,,,4252.95,1.0,TCS
2024-10-10,4253.25,4293.85,4198.6,4227.4,4252.95,2378875,100931.44,176710.0,,,4227.4,1.0,TCS
2024-10-11,4143.0,4241.95,4112.45,4149.2,4227.4,5759183,239835.87,377816.0,,,4149.2,1.0,TCS
2024-10-14,4140.0,4165.4,4122.2,4136.65,4149.2,2137590,88583.98,140166.0,,,4136.65,1.0,TCS
2024-10-15,4131.05,4169.95,4095.0,4116.8,4136.65,2759474,113671.23,154340.0,,,4116.8,1.0,TCS
2024-10-16,4085.0,4115.0,4067.2,4094.95,4116.8,2359151,96466.56,192691.0,,,4094.95,1.0,TCS
2024-10-17,4112.8,4129.95,4092.95,4109.0,4094.95,2522659,103651.9,215233.0,,,4109.0,1.0,TCS
2024-10-18,4090.0,4146.15,4080.0,4123.05,4109.0,2361000,97303.16,160733.0,,,4123.05,1.0,TCS
2024-10-21,4132.6,4139.95,4070.0,4079.85,4123.05,1595450,65359.8,118454.0,,,4079.85,1.0,TCS
2024-10-22,4066.0,4089.8,4006.35,4015.5,4079.85,1928049,78178.59,178215.0,,,4015.5,1.0,TCS
2024-10-23,3999.6,4113.55,3995.15,4066.25,4015.5,1966476,80022.29,129950.0,,,4066.25,1.0,TCS
2024-10-24,4004.0,4079.0,4004.0,4047.9,4066.25,2676744,108374.01,111747.0,,,4047.9,1.0,TCS
2024-10-25,4057.05,4092.0,4032.7,4057.55,4047.9,1759676,71502.09,132353.0,,,4057.55,1.0,TCS
2024-10-28,4068.95,4134.0,4051.0,4090.85,4057.55,1532534,62711.98,95406.0,,,4090.85,1.0,TCS
2024-10-29,4095.85,4103.5,4060.1,4075.25,4090.85,1445885,58931.07,101205.0,,,4075.25,1.0,TCS
2024-10-30,4075.0,4107.0,4060.05,4084.65,4075.25,1935002,79208.76,109837.0,,,4084.65,1.0,TCS
2024-10-31,4070.0,4078.3,3960.0,3968.45,4084.65,3740372,148873.81,248757.0,,,3968.45,1.0,TCS
2024-11-01,3989.85,3998.95,3976.05,3984.2,3968.45,154895,6176.31,18588.0,,,3984.2,1.0,TCS
2024-11-04,3966.3,3991.9,3913.25,3964.15,3984.2,2269192,89644.63,199030.0,,,3964.15,1.0,TCS
2024-11-05,3941.1,3986.0,3941.1,3971.35,3964.15,967590,38408.21,92042.0,,,3971.35,1.0,TCS
2024-11-06,4003.6,4149.8,3975.25,4139.65,3971.35,3792017,155560.65,233333.0,,,4139.65,1.0,TCS
2024-11-07,4169.7,4205.8,4085.05,4150.9,4139.65,3724349,154357.05,189460.0,,,4150.9,1.0,TCS
2024-11-08,4155.0,4169.75,4117.65,4147.0,4150.9,1648039,68253.49,139776.0,,,4147.0,1.0,TCS
2024-11-11,4128.2,4234.3,4117.65,4198.7,4147.0,1406487,59008.64,149144.0,,,4198.7,1.0,TCS
2024-11-12,4216.0,4218.0,4164.35,4197.4,4198.7,1587640,66616.21,102025.0,,,4197.4,1.0,TCS
2024-11-13,4178.1,4196.75,4131.05,4150.35,4197.4,1098813,45656.28,114945.0,,,4150.35,1.0,TCS
2024-11-14,4135.0,4160.0,4116.45,4145.9,4150.35,1825432,75615.31,165379.0,,,4145.9,1.0,TCS
2024-11-18,4213.0,4213.0,3990.2,4019.5,4145.9,3313944,134942.97,178320.0,,,4019.5,1.0,TCS
2024-11-19,4019.9,4132.15,4014.1,4039.55,4019.5,1776233,72479.69,133137.0,,,4039.55,1.0,TCS
2024-11-21,4044.9,4092.45,4024.0,4072.85,4039.55,2384347,96763.47,158009.0,,,4072.85,1.0,TCS
2024-11-22,4071.0,4254.95,4054.0,4244.6,4072.85,3096553,129626.41,163715.0,,,4244.6,1.0,TCS
2024-11-25,4280.0,4328.1,4252.2,4315.1,4244.6,4052167,174381.79,154060.0,,,4315.1,1.0,TCS
2024-11-26,4321.05,4366.6,4310.0,4352.7,4315.1,2060669,89379.81,156578.0,,,4352.7,1.0,TCS
2024-11-27,4358.95,4377.4,4324.05,4332.55,4352.7,1558993,67798.87,118269.0,,,4332.55,1.0,TCS
2024-11-28,4319.0,4339.95,4233.0,4244.9,4332.55,2558544,109147.34,165049.0,,,4244.9,1.0,TCS
2024-11-29,4220.0,4298.7,4195.65,4270.85,4244.9,2017425,85993.34,133480.0,,,4270.85,1.0,TCS
2024-12-02,4270.0,4288.2,4230.05,4276.65,4270.85,1670944,71315.4,158372.0,,,4276.65,1.0,TCS
2024-12-03,4314.35,4325.0,4265.45,4302.75,4276.65,2010905,86445.99,144243.0,,,4302.75,1.0,TCS
2024-12-04,4313.55,4386.95,4289.05,4354.4,4302.75,3302642,144005.9,217385.0,,,4354.4,1.0,TCS
2024-12-05,4400.8,4489.0,4360.0,4464.05,4354.4,3746747,166009.11,260982.0,,,4464.05,1.0,TCS
2024-12-06,4453.0,4465.0,4412.75,4445.5,4464.05,1842087,81775.21,138417.0,,,4445.5,1.0,TCS
2024-12-09,4430.45,4469.4,4415.55,4452.15,4445.5,2066639,91893.99,127439.0,,,4452.15,1.0,TCS
2024-12-10,4426.15,4493.8,4412.1,4432.55,4452.15,2087828,92719.72,142478.0,,,4432.55,1.0,TCS
2024-12-11,4431.85,4448.65,4407.0,4427.45,4432.55,1635256,72364.73,108588.0,,,4427.45,1.0,TCS
2024-12-12,4430.05,4485.0,4426.0,4454.95,4427.45,1914642,85422.16,149188.0,,,4454.95,1.0,TCS
2024-12-13,4434.95,4494.9,4394.4,4473.9,4454.95,1967048,87683.8,153642.0,,,4473.9,1.0,TCS
2024-12-16,4459.0,4475.0,4397.0,4415.2,4473.9,1646224,72848.54,132903.0,,,4415.2,1.0,TCS
2024-12-17,4410.0,4432.95,4318.0,4328.5,4415.2,3225027,140168.05,172049.0,,,4328.5,1.0,TCS
2024-12-18,4311.7,4362.0,4289.6,4347.85,4328.5,1575404,68277.36,106590.0,,,4347.85,1.0,TCS
2024-12-19,4282.0,4364.0,4262.0,4271.9,4347.85,3015763,129746.63,217876.0,,,4271.9,1.0,TCS
2024-12-20,4329.0,4382.0,4152.5,4170.3,4271.9,4116989,174552.42,214598.0,,,4170.3,1.0,TCS
2024-12-23,4200.05,4217.0,4114.9,4158.3,4170.3,2195338,91128.21,149845.0,,,4158.3,1.0,TCS
2024-12-24,4158.3,4218.0,4158.3,4179.5,4158.3,1181886,49475.72,77609.0,,,4179.5,1.0,TCS
2024-12-26,4179.5,4199.95,4143.15,4169.1,4179.5,1208464,50313.53,106756.0,,,4169.1,1.0,TCS
2024-12-27,4163.0,4180.95,4147.25,4164.85,4169.1,858100,35724.37,88194.0,,,4164.85,1.0,TCS
2024-12-30,4151.0,4199.3,4112.0,4158.8,4164.85,1527169,63409.29,116250.0,,,4158.8,1.0,TCS
2024-12-31,4135.0,4139.95,4032.05,4094.8,4158.8,1555429,63457.0,162877.0,,,4094.8,1.0,TCS
2025-01-01,4094.4,4134.0,4085.45,4112.45,4094.8,763161,31386.92,99498.0,,,4112.45,1.0,TCS
2025-01-02,4120.0,4183.0,4096.95,4175.75,4112.45,1720835,71582.74,124549.0,,,4175.75,1.0,TCS
2025-01-03,4179.95,4179.95,4092.3,4099.9,4175.75,1791953,73724.04,125354.0,,,4099.9,1.0,TCS
2025-01-06,4105.5,4149.65,4066.4,4095.0,4099.9,2085593,85658.23,158660.0,,,4095.0,1.0,TCS
2025-01-07,4114.95,4140.35,4011.55,4028.3,4095.0,2669054,107986.29,177825.0,,,4028.3,1.0,TCS
2025-01-08,4034.9,4126.0,4017.75,4108.4,4028.3,2181277,88476.52,180073.0,,,4108.4,1.0,TCS
2025-01-09,4101.0,4137.75,4025.3,4038.85,4108.4,2392472,97461.49,183446.0,,,4038.85,1.0,TCS
2025-01-10,4200.0,4297.0,4170.0,4265.65,4038.85,7894300,334768.09,436975.0,,,4265.65,1.0,TCS
2025-01-13,4245.0,4322.95,4227.4,4291.1,4265.65,4003771,171923.54,270932.0,,,4291.1,1.0,TCS
2025-01-14,4302.0,4313.9,4219.05,4233.05,4291.1,3441709,146343.69,180842.0,,,4233.05,1.0,TCS
2025-01-15,4218.0,4256.45,4207.45,4249.6,4233.05,1653474,69936.67,130857.0,,,4249.6,1.0,TCS
2025-01-16,4260.0,4294.0,4191.85,4206.3,4249.6,2637705,111124.19,176306.0,,,4206.3,1.0,TCS
2025-01-17,4159.9,4160.6,4100.05,4124.3,4206.3,1761466,72794.36,157671.0,,,4124.3,1.0,TCS
2025-01-20,4145.8,4145.8,4068.1,4077.8,4124.3,1287799,52613.2,148489.0,,,4077.8,1.0,TCS
2025-01-21,4095.3,4111.0,4030.0,4035.85,4077.8,1971591,80150.45,148666.0,,,4035.85,1.0,TCS
2025-01-22,4050.0,4163.15,4044.2,4156.6,4035.85,2409223,99560.65,153702.0,,,4156.6,1.0,TCS
2025-01-23,4168.0,4191.35,4140.05,4145.45,4156.6,1822998,75857.18,139860.0,,,4145.45,1.0,TCS
2025-01-24,4104.0,4178.0,4104.0,4152.35,4145.45,1910099,79376.41,99760.0,,,4152.35,1.0,TCS
2025-01-27,4102.0,4156.35,4041.05,4065.15,4152.35,1551782,63446.44,143859.0,,,4065.15,1.0,TCS
2025-01-28,4070.8,4102.0,4028.3,4040.3,4065.15,2468272,100145.15,150121.0,,,4040.3,1.0,TCS
2025-01-29,4054.0,4107.85,4054.0,4099.8,4040.3,1217089,49792.54,108284.0,,,4099.8,1.0,TCS
2025-01-30,4099.9,4129.9,4058.5,4100.05,4099.8,1531251,62764.05,97767.0,,,4100.05,1.0,TCS
2025-01-31,4110.0,4128.45,4085.25,4112.4,4100.05,1492943,61301.04,121858.0,,,4112.4,1.0,TCS
2025-02-01,4113.0,4135.9,4056.0,4073.15,,437172,,,,,4073.15,1.0,TCS
2025-02-03,4030.9,4077.0,3998.7,4068.65,4073.15,1265713,51210.41,155134.0,,,4068.65,1.0,TCS
2025-02-04,4083.7,4118.85,4066.05,4107.05,4068.65,2547132,104381.42,141942.0,,,4107.05,1.0,TCS
2025-02-05,4150.0,4150.0,4076.0,4091.1,4107.05,1693912,69387.53,130235.0,,,4091.1,1.0,TCS
2025-02-06,4105.4,4139.5,4051.55,4082.75,4091.1,2284536,93223.9,183903.0,,,4082.75,1.0,TCS
2025-02-07,4090.0,4090.0,4008.0,4029.4,4082.75,1548940,62469.65,177110.0,,,4029.4,1.0,TCS
2025-02-10,4040.0,4052.0,4014.35,4036.95,4029.4,1339511,54052.79,133697.0,,,4036.95,1.0,TCS
2025-02-11,4018.4,4040.0,3955.0,3963.55,4036.95,1810908,72247.58,121478.0,,,3963.55,1.0,TCS
2025-02-12,3971.1,4021.75,3940.15,3950.15,3963.55,1678002,66756.29,128576.0,,,3950.15,1.0,TCS
2025-02-13,3968.0,3984.45,3902.25,3910.15,3950.15,2277310,89516.4,163030.0,,,3910.15,1.0,TCS
2025-02-14,3925.0,3948.0,3900.0,3934.85,3910.15,1681975,65959.87,163805.0,,,3934.85,1.0,TCS
2025-02-17,3856.5,3934.0,3856.2,3904.5,3934.85,1799806,70404.4,168626.0,,,3904.5,1.0,TCS
2025-02-18,3898.4,3924.4,3864.5,3873.2,3904.5,2149879,83665.97,135773.0,,,3873.2,1.0,TCS
2025-02-19,3872.2,3874.95,3768.15,3784.1,3873.2,4366672,165780.04,229923.0,,,3784.1,1.0,TCS
2025-02-20,3761.5,3788.0,3751.3,3779.4,3784.1,2888572,108985.64,184053.0,,,3779.4,1.0,TCS
2025-02-21,3776.1,3817.0,3775.0,3786.0,3779.4,1833931,69543.39,125392.0,,,3786.0,1.0,TCS
2025-02-24,3743.15,3763.2,3670.0,3675.6,3786.0,2508516,92845.24,172279.0,,,3675.6,1.0,TCS
2025-02-25,3625.0,3658.0,3621.25,3629.55,3675.6,4101954,149256.48,198489.0,,,3629.55,1.0,TCS
2025-02-27,3611.7,3638.0,3600.7,3612.55,3629.55,3823856,138174.97,212465.0,,,3612.55,1.0,TCS
2025-02-28,3584.95,3600.0,3457.0,3483.25,3612.55,7085018,247394.64,340110.0,,,3483.25,1.0,TCS
2025-03-03,3485.0,3523.25,3476.15,3493.05,3483.25,4990439,174563.99,248034.0,,,3493.05,1.0,TCS
2025-03-04,3474.0,3551.0,3464.3,3532.05,3493.05,2797737,98428.8,157084.0,,,3532.05,1.0,TCS
2025-03-05,3520.85,3600.35,3520.85,3547.05,3532.05,2501894,89109.37,145336.0,,,3547.05,1.0,TCS
2025-03-06,3557.0,3609.45,3536.1,3601.6,3547.05,2786513,99523.39,201910.0,,,3601.6,1.0,TCS
2025-03-07,3600.0,3625.0,3574.4,3611.2,3601.6,2051315,73956.9,131372.0,,,3611.2,1.0,TCS
2025-03-10,3606.5,3622.1,3582.6,3589.65,3611.2,1004626,36187.77,75981.0,,,3589.65,1.0,TCS
2025-03-11,3558.0,3588.75,3537.65,3575.3,3589.65,1995450,71196.17,142820.0,,,3575.3,1.0,TCS
2025-03-12,3565.0,3569.25,3486.85,3506.2,3575.3,3174167,111248.53,175588.0,,,3506.2,1.0,TCS
2025-03-13,3502.3,3524.3,3484.1,3511.05,3506.2,1693004,59334.91,98963.0,,,3511.05,1.0,TCS
2025-03-17,3489.0,3530.45,3477.35,3497.7,3511.05,2690906,94090.68,171510.0,,,3497.7,1.0,TCS
2025-03-18,3502.35,3556.95,3478.45,3552.45,3497.7,3069109,108352.99,139204.0,,,3552.45,1.0,TCS
2025-03-19,3547.0,3547.0,3462.75,3497.1,3552.45,3051244,106329.95,181144.0,,,3497.1,1.0,TCS
2025-03-20,3512.0,3578.95,3512.0,3563.15,3497.1,2845192,101283.43,156792.0,,,3563.15,1.0,TCS
2025-03-21,3475.0,3616.25,3465.0,3578.1,3563.15,4161925,148234.64,188951.0,,,3578.1,1.0,TCS
2025-03-24,3600.0,3649.75,3566.6,3628.95,3578.1,1834751,66329.71,107825.0,,,3628.95,1.0,TCS
2025-03-25,3645.0,3710.0,3638.0,3657.75,3628.95,3135390,115179.85,181313.0,,,3657.75,1.0,TCS
2025-03-26,3647.75,3680.5,3625.85,3635.8,3657.75,1734499,63415.98,141204.0,,,3635.8,1.0,TCS
2025-03-27,3614.85,3663.0,3610.5,3651.2,3635.8,2528474,92264.48,125080.0,,,3651.2,1.0,TCS
2025-03-28,3651.0,3660.95,3591.9,3606.15,3651.2,2051919,74151.25,129740.0,,,3606.15,1.0,TCS
2025-04-01,3572.7,3584.0,3525.0,3550.8,3606.15,2618493,92904.45,167344.0,,,3550.8,1.0,TCS
2025-04-02,3544.0,3564.1,3530.05,3543.95,3550.8,1764313,62582.9,80651.0,,,3543.95,1.0,TCS
2025-04-03,3491.0,3502.0,3396.15,3403.15,3543.95,4537821,155318.09,248807.0,,,3403.15,1.0,TCS
2025-04-04,3362.6,3399.65,3295.5,3299.4,3403.15,5317367,176435.41,216133.0,,,3299.4,1.0,TCS
2025-04-07,3100.0,3291.4,3056.05,3274.05,3299.4,6623955,209814.64,386019.0,,,3274.05,1.0,TCS
2025-04-08,3302.05,3349.0,3255.3,3292.95,3274.05,5557558,183189.28,236248.0,,,3292.95,1.0,TCS
2025-04-09,3260.55,3270.0,3212.05,3246.6,3292.95,2990265,97141.05,184251.0,,,3246.6,1.0,TCS
2025-04-11,3289.55,3298.95,3206.0,3231.5,3246.6,7108961,230546.19,354463.0,,,3231.5,1.0,TCS
2025-04-15,3314.4,3314.4,3238.6,3248.2,3231.5,3512160,114421.74,166106.0,,,3248.2,1.0,TCS
2025-04-16,3248.2,3278.1,3229.0,3273.8,3248.2,2384391,77753.05,131199.0,,,3273.8,1.0,TCS
2025-04-17,3245.5,3303.6,3218.0,3298.9,3273.8,2932346,95678.36,183984.0,,,3298.9,1.0,TCS
2025-04-21,3290.1,3354.0,3284.1,3321.6,3298.9,2432946,80918.78,127748.0,,,3321.6,1.0,TCS
2025-04-22,3322.6,3333.9,3295.0,3314.4,3321.6,2710498,89858.99,151282.0,,,3314.4,1.0,TCS
2025-04-23,3365.0,3420.9,3337.3,3413.0,3314.4,3543923,120449.0,164989.0,,,3413.0,1.0,TCS
2025-04-24,3401.1,3412.5,3387.7,3401.6,3413.0,2252175,76550.37,158061.0,,,3401.6,1.0,TCS
2025-04-25,3420.0,3477.8,3405.0,3448.0,3401.6,2742991,94414.15,151400.0,,,3448.0,1.0,TCS
2025-04-28,3435.0,3457.8,3405.0,3443.5,3448.0,1593296,54786.82,94204.0,,,3443.5,1.0,TCS
2025-04-29,3455.0,3495.0,3430.4,3472.5,3443.5,1578332,54770.92,95060.0,,,3472.5,1.0,TCS
2025-04-30,3472.0,3509.9,3366.0,3453.7,3472.5,2809332,97315.86,129048.0,,,3453.7,1.0,TCS
2025-05-02,3472.0,3491.5,3420.0,3444.7,3453.7,2115624,73005.05,124212.0,,,3444.7,1.0,TCS
2025-05-05,3450.0,3504.5,3446.4,3454.3,3444.7,1284443,44526.37,96657.0,,,3454.3,1.0,TCS
2025-05-06,3460.0,3473.0,3437.0,3460.0,3454.3,1324763,45811.01,65526.0,,,3460.0,1.0,TCS
2025-05-07,3420.6,3459.5,3420.6,3445.1,3460.0,1477128,50843.83,89334.0,,,3445.1,1.0,TCS
2025-05-08,3448.0,3477.0,3428.7,3448.9,3445.1,2543591,87794.06,116139.0,,,3448.9,1.0,TCS
2025-05-09,3399.0,3446.2,3398.1,3440.3,3448.9,2531757,86799.87,151453.0,,,3440.3,1.0,TCS
2025-05-12,3505.0,3630.5,3502.2,3620.4,3440.3,2228678,79740.52,146104.0,,,3620.4,1.0,TCS
2025-05-13,3620.4,3623.0,3510.5,3515.0,3620.4,3062887,108472.5,221289.0,,,3515.0,1.0,TCS
2025-05-14,3521.0,3561.0,3508.6,3548.7,3515.0,2119499,75094.6,136543.0,,,3548.7,1.0,TCS
2025-05-15,3564.0,3600.0,3514.1,3579.9,3548.7,3548330,126517.36,172937.0,,,3579.9,1.0,TCS
2025-05-16,3593.9,3593.9,3546.1,3561.3,3579.9,1666727,59332.25,117749.0,,,3561.3,1.0,TCS
2025-05-19,3550.0,3550.0,3503.7,3518.8,3561.3,2537377,89375.85,129050.0,,,3518.8,1.0,TCS
2025-05-20,3531.8,3558.0,3494.0,3498.3,3518.8,2038374,71665.41,138343.0,,,3498.3,1.0,TCS
2025-05-21,3508.0,3537.0,3498.3,3525.8,3498.3,1440153,50750.75,72782.0,,,3525.8,1.0,TCS
2025-05-22,3495.0,3497.8,3451.3,3477.0,3525.8,2034383,70665.04,138574.0,,,3477.0,1.0,TCS
2025-05-23,3477.0,3535.0,3465.6,3514.6,3477.0,1274331,44754.4,71383.0,,,3514.6,1.0,TCS
2025-05-26,3521.0,3545.0,3510.1,3537.3,3514.6,967470,34213.3,67043.0,,,3537.3,1.0,TCS
2025-05-27,3532.0,3540.0,3483.1,3498.7,3537.3,2467680,86377.19,165908.0,,,3498.7,1.0,TCS
2025-05-28,3520.0,3529.0,3493.0,3497.7,3498.7,1222933,42818.81,80594.0,,,3497.7,1.0,TCS
2025-05-29,3504.7,3532.5,3486.5,3498.1,3497.7,3188072,111590.21,146463.0,,,3498.1,1.0,TCS
2025-05-30,3490.0,3506.7,3453.1,3463.4,3498.1,3404365,118260.74,104081.0,,,3463.4,1.0,TCS
2025-06-02,3450.0,3460.0,3418.6,3449.8,3463.4,1877585,64616.35,105414.0,,,3449.8,1.0,TCS
2025-06-03,3446.0,3473.5,3400.5,3405.2,3449.8,2848125,97361.54,195278.0,,,3405.2,1.0,TCS
2025-06-04,3389.0,3394.8,3370.0,3380.9,3405.2,2544807,86087.17,185107.0,,,3380.9,1.0,TCS
2025-06-05,3409.0,3409.0,3363.7,3371.1,3380.9,3584683,121176.24,129913.0,,,3371.1,1.0,TCS
2025-06-06,3371.1,3390.9,3358.7,3384.2,3371.1,2070390,69908.55,94941.0,,,3384.2,1.0,TCS
2025-06-09,3400.0,3434.0,3390.9,3421.9,3384.2,1718678,58790.53,73412.0,,,3421.9,1.0,TCS
2025-06-10,3440.0,3485.8,3423.2,3462.9,3421.9,2419874,83790.91,109195.0,,,3462.9,1.0,TCS
2025-06-11,3470.0,3489.0,3449.1,3471.9,3462.9,2847013,98845.5,163525.0,,,3471.9,1.0,TCS
2025-06-12,3471.9,3474.7,3423.2,3434.2,3471.9,4060134,139957.94,164333.0,,,3434.2,1.0,TCS
2025-06-13,3393.2,3450.5,3393.2,3445.7,3434.2,2178493,74856.9,140820.0,,,3445.7,1.0,TCS
2025-06-16,3440.0,3509.0,3426.2,3496.3,3445.7,1934088,67557.89,109847.0,,,3496.3,1.0,TCS
2025-06-17,3510.0,3520.0,3488.1,3515.3,3496.3,2111940,74155.52,145498.0,,,3515.3,1.0,TCS
2025-06-18,3519.1,3538.0,3443.1,3451.4,3515.3,2696327,93933.97,103359.0,,,3451.4,1.0,TCS
2025-06-19,3450.0,3451.0,3413.0,3424.0,3451.4,2672768,91583.52,125292.0,,,3424.0,1.0,TCS
2025-06-20,3425.0,3446.3,3410.9,3435.7,3424.0,2351248,80698.56,100374.0,,,3435.7,1.0,TCS
2025-06-23,3415.0,3425.0,3370.0,3393.6,3435.7,3123421,105952.72,153401.0,,,3393.6,1.0,TCS
2025-06-24,3434.6,3442.1,3382.0,3390.4,3393.6,3403048,115991.76,178183.0,,,3390.4,1.0,TCS
2025-06-25,3407.3,3450.0,3400.0,3444.8,3390.4,1757699,60154.22,101280.0,,,3444.8,1.0,TCS
2025-06-26,3444.8,3451.4,3415.3,3441.8,3444.8,2879106,98975.01,143687.0,,,3441.8,1.0,TCS
2025-06-27,3455.0,3466.4,3431.0,3441.1,3441.8,1778433,61269.79,122369.0,,,3441.1,1.0,TCS
2025-06-30,3439.9,3464.9,3430.0,3462.0,3441.1,1468351,50688.27,130938.0,,,3462.0,1.0,TCS
2025-07-01,3455.0,3485.0,3413.5,3429.7,3462.0,2375183,81683.54,125874.0,,,3429.7,1.0,TCS
2025-07-02,3487.2,3489.9,3420.0,3423.3,3429.7,3090585,106484.36,111947.0,,,3423.3,1.0,TCS
2025-07-03,3430.0,3435.3,3397.6,3400.8,3423.3,2531870,86452.08,131370.0,,,3400.8,1.0,TCS
2025-07-04,3408.0,3427.0,3390.1,3419.8,3400.8,1109320,37871.17,87593.0,,,3419.8,1.0,TCS
2025-07-07,3418.3,3426.1,3408.4,3411.7,3419.8,1639174,56022.06,73810.0,,,3411.7,1.0,TCS
2025-07-08,3405.0,3425.0,3393.4,3406.2,3411.7,2325242,79221.17,178045.0,,,3406.2,1.0,TCS
2025-07-09,3410.0,3414.0,3367.0,3383.8,3406.2,2034938,68926.61,191376.0,,,3383.8,1.0,TCS
2025-07-10,3380.0,3399.0,3356.0,3382.0,3383.8,3035012,102553.61,176792.0,,,3382.0,1.0,TCS
2025-07-11,3299.9,3335.0,3261.1,3266.0,3382.0,7635550,251625.52,552284.0,,,3266.0,1.0,TCS
2025-07-14,3266.0,3272.0,3200.0,3222.7,3266.0,3924009,126538.12,396894.0,,,3222.7,1.0,TCS
2025-07-15,3206.0,3259.4,3206.0,3252.3,3222.7,2590889,84030.81,171257.0,,,3252.3,1.0,TCS
2025-07-16,3227.0,3244.9,3220.6,3233.1,3252.3,2540733,82215.86,172998.0,,,3233.1,1.0,TCS
2025-07-17,3224.1,3242.0,3204.1,3209.2,3233.1,2947640,94928.07,157207.0,,,3209.2,1.0,TCS
2025-07-18,3225.0,3228.8,3187.0,3189.9,3209.2,3432645,109883.48,195464.0,,,3189.9,1.0,TCS
2025-07-21,3190.0,3197.6,3152.0,3158.2,3189.9,3844346,121575.19,195683.0,,,3158.2,1.0,TCS
2025-07-22,3159.6,3180.1,3154.6,3159.6,3158.2,3198036,101171.07,138279.0,,,3159.6,1.0,TCS
2025-07-23,3159.6,3182.0,3157.6,3179.1,3159.6,1922875,60947.31,96628.0,,,3179.1,1.0,TCS
2025-07-24,3165.1,3173.7,3140.0,3148.0,3179.1,2934778,92603.12,102612.0,,,3148.0,1.0,TCS
2025-07-25,3140.0,3156.9,3125.6,3135.8,3148.0,2568917,80683.76,105704.0,,,3135.8,1.0,TCS
2025-07-28,3110.0,3118.0,3069.9,3079.3,3135.8,3374473,104357.52,273133.0,,,3079.3,1.0,TCS
2025-07-29,3060.0,3074.0,3041.2,3056.0,3079.3,4785312,146240.91,247039.0,,,3056.0,1.0,TCS
2025-07-30,3060.0,3069.0,3047.2,3053.6,3056.0,2880121,88090.79,127490.0,,,3053.6,1.0,TCS
2025-07-31,3041.7,3059.8,3015.0,3036.8,3053.6,2968371,90071.06,199367.0,,,3036.8,1.0,TCS
2025-08-01,3029.9,3036.8,3000.0,3003.0,3036.8,2053847,61898.63,154119.0,,,3003.0,1.0,TCS
2025-08-04,3009.1,3079.4,2991.6,3074.4,3003.0,2519252,76742.45,154005.0,,,3074.4,1.0,TCS
2025-08-05,3074.4,3077.5,3042.0,3063.9,3074.4,1927996,58957.39,118848.0,,,3063.9,1.0,TCS
2025-08-06,3063.0,3066.8,3026.0,3032.3,3063.9,1487081,45164.13,109992.0,,,3032.3,1.0,TCS
2025-08-07,3016.0,3051.6,3010.9,3047.0,3032.3,2543076,77108.29,138156.0,,,3047.0,1.0,TCS
2025-08-08,3048.1,3059.8,3025.0,3036.4,3047.0,2762140,84068.05,119961.0,,,3036.4,1.0,TCS
2025-08-11,3036.4,3049.9,3021.3,3040.8,3036.4,1884215,57289.58,132617.0,,,3040.8,1.0,TCS
2025-08-12,3041.0,3096.4,3026.9,3035.4,3040.8,3358232,102673.96,165565.0,,,3035.4,1.0,TCS
2025-08-13,3036.1,3044.4,3028.6,3036.2,3035.4,2148166,65255.33,117340.0,,,3036.2,1.0,TCS
2025-08-14,3034.0,3055.9,3019.1,3022.3,3036.2,3342174,101352.13,194661.0,,,3022.3,1.0,TCS
2025-08-18,3046.5,3049.0,3003.4,3011.2,3022.3,2945609,88820.06,137367.0,,,3011.2,1.0,TCS
2025-08-19,3011.2,3025.0,3011.1,3016.2,3011.2,2650784,79962.92,119303.0,,,3016.2,1.0,TCS
2025-08-20,3010.9,3103.4,3010.9,3098.6,3016.2,4952358,152444.02,190110.0,,,3098.6,1.0,TCS
2025-08-21,3130.0,3130.0,3083.1,3102.6,3098.6,3230726,100405.86,119697.0,,,3102.6,1.0,TCS
2025-08-22,3086.0,3095.7,3050.0,3054.0,3102.6,1593791,48904.62,82740.0,,,3054.0,1.0,TCS
2025-08-25,3087.3,3152.0,3077.1,3140.6,3054.0,3448370,108064.64,200973.0,,,3140.6,1.0,TCS
2025-08-26,3129.0,3162.0,3120.0,3157.2,3140.6,5522097,174079.35,173962.0,,,3157.2,1.0,TCS
2025-08-28,3145.0,3146.5,3086.5,3093.7,3157.2,3116051,96921.22,204600.0,,,3093.7,1.0,TCS
2025-08-29,3093.0,3115.0,3077.2,3084.7,3093.7,2271789,70286.05,109782.0,,,3084.7,1.0,TCS
2025-09-01,3090.0,3131.1,3090.0,3112.6,3084.7,1246862,38878.6,85857.0,,,3112.6,1.0,TCS
2025-09-02,3121.1,3155.0,3103.1,3111.5,3112.6,2185229,68300.18,154171.0,,,3111.5,1.0,TCS
2025-09-03,3129.9,3141.9,3088.0,3097.5,3111.5,1799774,55841.48,106698.0,,,3097.5,1.0,TCS
2025-09-04,3116.0,3118.0,3090.8,3095.7,3097.5,1481391,45943.44,104731.0,,,3095.7,1.0,TCS
2025-09-05,3097.1,3103.4,3028.6,3048.3,3095.7,2802055,85521.62,203461.0,,,3048.3,1.0,TCS
2025-09-08,3050.0,3064.9,3016.0,3019.0,3048.3,2626187,79542.91,112429.0,,,3019.0,1.0,TCS
2025-09-09,3032.1,3060.0,3030.8,3049.4,3019.0,2489301,75889.29,164479.0,,,3049.4,1.0,TCS
2025-09-10,3056.4,3122.7,3053.4,3110.0,3049.4,2079428,64558.61,127545.0,,,3110.0,1.0,TCS
2025-09-11,3139.0,3139.0,3110.1,3124.2,3110.0,2263446,70653.62,126730.0,,,3124.2,1.0,TCS
2025-09-12,3144.0,3148.7,3121.0,3133.4,3124.2,1447167,45355.9,103589.0,,,3133.4,1.0,TCS
2025-09-15,3134.0,3134.0,3096.0,3111.9,3133.4,1732539,53850.83,145801.0,,,3111.9,1.0,TCS
2025-09-16,3128.0,3150.0,3109.1,3145.7,3111.9,2573429,80617.82,96675.0,,,3145.7,1.0,TCS
2025-09-17,3152.0,3182.4,3142.4,3172.8,3145.7,2418271,76663.88,100973.0,,,3172.8,1.0,TCS
2025-09-18,3185.0,3203.0,3161.4,3176.7,3172.8,2633138,83707.38,147801.0,,,3176.7,1.0,TCS
2025-09-19,3170.0,3180.5,3144.0,3169.2,3176.7,4901694,155058.27,109280.0,,,3169.2,1.0,TCS
2025-09-22,3095.0,3106.9,3065.0,3073.8,3169.2,3634901,112058.89,321272.0,,,3073.8,1.0,TCS
2025-09-23,3070.0,3080.7,3052.0,3062.4,3073.8,3177741,97361.22,141198.0,,,3062.4,1.0,TCS
2025-09-24,3050.0,3057.0,3033.0,3035.4,3062.4,1625714,49487.46,101133.0,,,3035.4,1.0,TCS
2025-09-25,3022.0,3029.6,2951.0,2957.4,3035.4,4974361,148114.52,418858.0,,,2957.4,1.0,TCS
2025-09-26,2941.0,2954.8,2891.3,2899.1,2957.4,3934636,114702.05,390339.0,,,2899.1,1.0,TCS
2025-09-29,2916.0,2929.3,2894.0,2896.1,2899.1,3110035,90326.9,179197.0,,,2896.1,1.0,TCS
2025-09-30,2911.0,2915.3,2885.1,2888.4,2896.1,2253458,65257.55,201510.0,,,2888.4,1.0,TCS
2025-10-01,2891.0,2924.8,2866.6,2914.2,2888.4,1952902,56580.71,124217.0,,,2914.2,1.0,TCS
2025-10-03,2924.0,2924.0,2891.1,2901.9,2914.2,2899519,84151.75,156466.0,,,2901.9,1.0,TCS
2025-10-06,2902.0,2993.6,2895.6,2988.4,2901.9,2112774,62535.57,100920.0,,,2988.4,1.0,TCS
2025-10-07,2995.0,3004.5,2955.5,2973.7,2988.4,3062943,91021.4,141987.0,,,2973.7,1.0,TCS
2025-10-08,2975.0,3043.0,2968.0,3027.2,2973.7,4121889,124678.11,154336.0,,,3027.2,1.0,TCS
2025-10-09,3034.0,3066.0,3020.0,3061.7,3027.2,3211304,97827.98,133703.0,,,3061.7,1.0,TCS
2025-10-10,3050.0,3070.0,3006.9,3028.3,3061.7,8817365,267356.3,244153.0,,,3028.3,1.0,TCS
2025-10-13,3027.0,3035.5,2998.2,3007.2,3028.3,2866865,86331.8,169572.0,,,3007.2,1.0,TCS
2025-10-14,3021.0,3027.2,2955.5,2960.3,3007.2,3611416,107487.95,183673.0,,,2960.3,1.0,TCS
2025-10-15,2971.0,2979.7,2951.0,2969.8,2960.3,4282226,127053.86,146773.0,,,2969.8,1.0,TCS
2025-10-16,2969.9,2975.0,2943.1,2970.7,2969.8,3251495,96308.76,197293.0,,,2970.7,1.0,TCS
2025-10-17,2970.0,2988.8,2955.4,2962.2,2970.7,4374683,129822.49,165312.0,,,2962.2,1.0,TCS
2025-10-20,2985.5,3023.0,2978.5,3015.2,2962.2,3133039,94227.54,163532.0,,,3015.2,1.0,TCS
2025-10-21,3031.1,3031.8,2996.0,3006.7,3015.2,310644,9360.15,29319.0,,,3006.7,1.0,TCS
2025-10-23,3055.0,3098.0,3036.1,3073.2,3006.7,5564758,171151.35,290229.0,,,3073.2,1.0,TCS
2025-10-24,3080.0,3090.0,3058.3,3063.2,3073.2,2684318,82505.73,187127.0,,,3063.2,1.0,TCS
2025-10-27,3066.5,3094.2,3060.2,3084.9,3063.2,1946312,60023.14,85517.0,,,3084.9,1.0,TCS
2025-10-28,3076.0,3090.2,3040.2,3057.9,3084.9,3470737,106179.38,140326.0,,,3057.9,1.0,TCS
2025-10-29,3057.9,3076.0,3046.1,3057.6,3057.9,2895420,88632.86,116138.0,,,3057.6,1.0,TCS
2025-10-30,3049.1,3063.8,3032.8,3035.3,3057.6,2241536,68142.45,115244.0,,,3035.3,1.0,TCS
2025-10-31,3035.0,3067.4,3025.1,3058.0,3035.3,1868085,57081.36,81376.0,,,3058.0,1.0,TCS
2025-11-03,3046.9,3058.0,3010.0,3016.8,3058.0,2194877,66391.24,101452.0,,,3016.8,1.0,TCS
2025-11-04,3019.6,3029.3,2976.0,2990.2,3016.8,2670720,79910.79,168525.0,,,2990.2,1.0,TCS
2025-11-06,2990.1,3024.0,2990.0,3010.9,2990.2,2542721,76548.61,200775.0,,,3010.9,1.0,TCS
2025-11-07,3001.0,3004.0,2960.5,2991.8,3010.9,1830520,54543.09,106949.0,,,2991.8,1.0,TCS
2025-11-10,2993.0,3047.9,2992.0,3025.2,2991.8,1556656,47050.08,78119.0,,,3025.2,1.0,TCS
2025-11-11,3045.0,3055.7,3018.0,3047.0,3025.2,2806868,85245.42,112361.0,,,3047.0,1.0,TCS
2025-11-12,3060.0,3136.4,3057.1,3131.8,3047.0,4460315,138929.02,175446.0,,,3131.8,1.0,TCS
2025-11-13,3131.8,3131.9,3102.0,3105.7,3131.8,1740435,54180.91,120845.0,,,3105.7,1.0,TCS
2025-11-14,3090.0,3113.1,3077.3,3106.0,3105.7,2210794,68431.77,105008.0,,,3106.0,1.0,TCS
2025-11-17,3106.0,3123.5,3086.6,3102.2,3106.0,2232853,69215.46,96155.0,,,3102.2,1.0,TCS
2025-11-18,3102.0,3105.0,3078.0,3087.1,3102.2,2548350,78767.56,110903.0,,,3087.1,1.0,TCS
2025-11-19,3097.0,3155.0,3083.5,3147.7,3087.1,3151053,98838.21,160625.0,,,3147.7,1.0,TCS
2025-11-20,3148.0,3164.5,3138.1,3144.8,3147.7,2700767,85129.41,113822.0,,,3144.8,1.0,TCS
2025-11-21,3144.8,3170.0,3135.2,3150.6,3144.8,4177037,131711.33,136571.0,,,3150.6,1.0,TCS
2025-11-24,3158.0,3178.9,3131.0,3141.2,3150.6,6703764,211283.17,176937.0,,,3141.2,1.0,TCS
2025-11-25,3145.3,3149.8,3115.0,3119.2,3141.2,2737920,85629.68,144573.0,,,3119.2,1.0,TCS
2025-11-26,3118.8,3178.0,3117.0,3162.9,3119.2,2508527,79218.1,112405.0,,,3162.9,1.0,TCS
2025-11-27,3180.0,3180.0,3125.0,3136.6,3162.9,2836233,89141.92,171374.0,,,3136.6,1.0,TCS
2025-11-28,3140.0,3147.3,3125.0,3137.5,3136.6,1616690,50728.89,79463.0,,,3137.5,1.0,TCS
2025-12-01,3137.9,3154.0,3122.2,3133.4,3137.5,1747647,54758.78,130698.0,,,3133.4,1.0,TCS
2025-12-02,3131.0,3144.0,3120.4,3135.7,3133.4,2512003,78710.12,127701.0,,,3135.7,1.0,TCS
2025-12-03,3140.0,3211.9,3139.0,3180.0,3135.7,3952112,125893.78,192454.0,,,3180.0,1.0,TCS
2025-12-04,3194.0,3250.0,3187.4,3229.2,3180.0,5025905,162397.5,185585.0,,,3229.2,1.0,TCS
2025-12-05,3230.0,3271.6,3222.4,3238.2,3229.2,5244013,170222.15,178219.0,,,3238.2,1.0,TCS
2025-12-08,3243.0,3259.9,3208.6,3236.5,3238.2,2544725,82370.59,121186.0,,,3236.5,1.0,TCS
2025-12-09,3230.0,3233.7,3181.2,3208.3,3236.5,2734893,87546.09,138787.0,,,3208.3,1.0,TCS
2025-12-10,3225.0,3225.0,3178.1,3189.2,3208.3,1386849,44262.08,82261.0,,,3189.2,1.0,TCS
2025-12-11,3205.0,3208.4,3153.1,3191.9,3189.2,1914362,60959.95,100793.0,,,3191.9,1.0,TCS
2025-12-12,3197.7,3223.0,3185.7,3220.5,3191.9,1146554,36794.25,83968.0,,,3220.5,1.0,TCS
2025-12-15,3211.1,3238.2,3197.3,3230.2,3220.5,1562190,50317.67,107289.0,,,3230.2,1.0,TCS
2025-12-16,3220.0,3220.0,3191.1,3205.1,3230.2,1734623,55589.13,97265.0,,,3205.1,1.0,TCS
2025-12-17,3200.5,3236.9,3200.5,3217.8,3205.1,1376350,44299.16,88357.0,,,3217.8,1.0,TCS
2025-12-18,3228.0,3287.8,3221.0,3280.8,3217.8,2307422,75232.26,166551.0,,,3280.8,1.0,TCS
2025-12-19,3299.0,3317.9,3278.8,3282.0,3280.8,3902511,128587.81,122711.0,,,3282.0,1.0,TCS
2025-12-22,3310.0,3328.6,3291.0,3324.9,3282.0,2632816,87255.23,101733.0,,,3324.9,1.0,TCS
2025-12-23,3319.9,3319.9,3293.5,3310.0,3324.9,2365420,78171.56,139216.0,,,3310.0,1.0,TCS
2025-12-24,3304.1,3327.1,3296.1,3319.0,3310.0,1367708,45304.14,84873.0,,,3319.0,1.0,TCS
2025-12-26,3313.1,3320.0,3271.8,3280.0,3319.0,1176664,38687.6,89363.0,,,3280.0,1.0,TCS
2025-12-29,3280.0,3288.0,3242.9,3251.5,3280.0,2079473,67686.51,117390.0,,,3251.5,1.0,TCS
2025-12-30,3250.0,3267.5,3239.5,3246.8,3251.5,2807593,91264.74,184541.0,,,3246.8,1.0,TCS
2025-12-31,3240.0,3246.0,3198.5,3206.2,3246.8,3362634,108145.03,145683.0,,,3206.2,1.0,TCS
2026-01-01,3215.0,3234.1,3198.2,3227.4,,1255735,,,,,3227.4,1.0,TCS
2026-01-02,3234.0,3254.3,3219.5,3250.7,,1184324,,,,,3250.7,1.0,TCS
2026-01-05,3240.5,3247.0,3191.0,3216.1,,2341703,,,,,3216.1,1.0,TCS
2026-01-06,3210.0,3263.2,3205.0,3255.8,,2912325,,,,,3255.8,1.0,TCS
2026-01-07,3242.9,3300.6,3223.2,3295.6,,1989442,,,,,3295.6,1.0,TCS
2026-01-08,3286.9,3286.9,3182.0,3203.9,,4159336,,,,,3203.9,1.0,TCS
2026-01-09,3191.0,3229.7,3191.0,3207.8,,1938673,,,,,3207.8,1.0,TCS
2026-01-12,3203.0,3252.0,3174.3,3239.6,,2228342,,,,,3239.6,1.0,TCS
2026-01-13,3245.0,3280.0,3210.5,3268.0,,5645341,,,,,3268.0,1.0,TCS
2026-01-14,3260.0,3260.0,3183.0,3192.5,,3539511,,,,,3192.5,1.0,TCS
2026-01-15,3192.5,3192.5,3192.5,3192.5,,0,,,,,3192.5,1.0,TCS
2026-01-16,3219.4,3221.9,3171.0,3206.7,,4293470,,,,,3206.7,1.0,TCS
2026-01-19,3188.0,3220.0,3152.1,3163.6,,3387562,,,,,3163.6,1.0,TCS
2026-01-20,3151.6,3160.0,3091.1,3102.3,,4499273,,,,,3102.3,1.0,TCS
2026-01-21,3100.0,3138.5,3082.0,3122.6,,2015150,,,,,3122.6,1.0,TCS
2026-01-22,3150.0,3160.0,3122.3,3150.4,,2269827,,,,,3150.4,1.0,TCS
2026-01-23,3190.3,3194.5,3152.0,3162.5,,2068857,,,,,3162.5,1.0,TCS
2026-01-27,3175.0,3175.0,3130.0,3158.0,,4279874,,,,,3158.0,1.0,TCS
2026-01-28,3176.0,3205.2,3170.6,3200.1,,2751234,,,,,3200.1,1.0,TCS
2026-01-29,3200.1,3200.1,3125.6,3144.4,,2457641,,,,,3144.4,1.0,TCS
2026-01-30,3141.0,3141.0,3092.0,3123.9,,3022068,,,,,3123.9,1.0,TCS
2026-02-02,3198.0,3198.0,3134.0,3169.6,,2636272,,,,,3169.6,1.0,TCS
2026-02-03,3350.0,3350.0,3186.3,3225.3,,4366060,,,,,3225.3,1.0,TCS
2026-02-04,3120.0,3120.0,2986.0,2999.1,,10852595,,,,,2999.1,1.0,TCS
2026-02-05,2990.0,3029.7,2972.3,2991.5,,3521545,,,,,2991.5,1.0,TCS
2026-02-06,2976.6,2985.0,2916.0,2941.6,,4687389,,,,,2941.6,1.0,TCS
2026-02-09,2959.1,2977.0,2937.5,2948.2,,2380318,,,,,2948.2,1.0,TCS
2026-02-10,2949.8,3011.6,2943.5,2984.6,,3547763,,,,,2984.6,1.0,TCS
2026-02-11,2980.0,2998.0,2904.2,2909.8,,3363513,,,,,2909.8,1.0,TCS
2026-02-12,2869.8,2880.0,2740.0,2750.1,,10612156,,,,,2750.1,1.0,TCS
2026-02-13,2585.0,2713.0,2585.0,2692.2,,11168735,,,,,2692.2,1.0,TCS
2026-02-16,2700.0,2719.8,2671.0,2706.6,,2918730,,,,,2706.6,1.0,TCS
2026-02-17,2716.0,2760.0,2695.2,2717.4,,4209118,,,,,2717.4,1.0,TCS
2026-02-18,2730.0,2730.0,2657.3,2694.9,,2950820,,,,,2694.9,1.0,TCS
2026-02-19,2708.0,2748.7,2666.6,2677.9,,3238849,,,,,2677.9,1.0,TCS
2026-02-20,2667.0,2702.6,2647.5,2686.2,,2293482,,,,,2686.2,1.0,TCS
2026-02-23,2686.0,2704.0,2660.2,2676.3,,4699596,,,,,2676.3,1.0,TCS
2026-02-24,2641.0,2647.5,2561.3,2573.7,,7798833,,,,,2573.7,1.0,TCS
2026-02-25,2596.0,2654.2,2595.0,2629.3,,3621285,,,,,2629.3,1.0,TCS
2026-02-26,2650.0,2671.0,2635.0,2647.7,,3464267,,,,,2647.7,1.0,TCS
2026-02-27,2681.6,2688.6,2626.1,2637.4,,5083717,,,,,2637.4,1.0,TCS
2026-03-02,2592.0,2623.8,2580.3,2613.5,,3374385,,,,,2613.5,1.0,TCS
2026-03-04,2625.0,2635.0,2580.4,2587.8,,3446434,,,,,2587.8,1.0,TCS
2026-03-05,2600.0,2609.5,2546.4,2578.8,,2960636,,,,,2578.8,1.0,TCS
2026-03-06,2572.0,2619.2,2553.6,2557.6,,3998643,,,,,2557.6,1.0,TCS
2026-03-09,2530.0,2560.0,2505.0,2527.4,,3653428,,,,,2527.4,1.0,TCS
2026-03-10,2541.0,2545.2,2490.1,2513.1,,4323710,,,,,2513.1,1.0,TCS
2026-03-11,2508.1,2521.0,2460.1,2464.9,,2720664,,,,,2464.9,1.0,TCS
2026-03-12,2459.8,2472.9,2436.0,2442.4,,2752075,,,,,2442.4,1.0,TCS
2026-03-13,2437.0,2445.9,2397.0,2410.5,,2466488,,,,,2410.5,1.0,TCS
2026-03-16,2410.0,2425.0,2366.1,2409.2,,3807907,,,,,2409.2,1.0,TCS
2026-03-17,2420.0,2420.0,2360.0,2391.7,,2993367,,,,,2391.7,1.0,TCS
2026-03-18,2410.0,2482.9,2410.0,2440.8,,3082388,,,,,2440.8,1.0,TCS
2026-03-19,2417.0,2424.0,2350.2,2356.0,,2757060,,,,,2356.0,1.0,TCS
2026-03-20,2386.0,2407.8,2364.2,2390.6,,4206320,,,,,2390.6,1.0,TCS
2026-03-23,2365.0,2406.8,2348.0,2383.8,,3860515,,,,,2383.8,1.0,TCS
2026-03-24,2404.1,2435.4,2379.1,2398.8,,3420182,,,,,2398.8,1.0,TCS
2026-03-25,2400.9,2421.6,2369.8,2377.4,,5843778,,,,,2377.4,1.0,TCS
2026-03-27,2403.9,2422.1,2385.0,2389.8,,4979411,,,,,2389.8,1.0,TCS
2026-03-30,2375.1,2398.0,2346.2,2358.9,,6804756,,,,,2358.9,1.0,TCS
2026-04-01,2429.0,2472.0,2397.9,2408.2,,4132661,,,,,2408.2,1.0,TCS
2026-04-02,2386.0,2469.9,2375.7,2450.7,,5378361,,,,,2450.7,1.0,TCS
2026-04-06,2474.0,2482.0,2448.2,2473.9,,2572417,,,,,2473.9,1.0,TCS
2026-04-07,2461.0,2543.9,2448.0,2539.8,,4516550,,,,,2539.8,1.0,TCS
2026-04-08,2572.0,2580.3,2540.1,2559.2,,4769337,,,,,2559.2,1.0,TCS
2026-04-09,2554.0,2605.0,2531.1,2589.0,,5628261,,,,,2589.0,1.0,TCS
2026-04-10,2565.8,2565.8,2501.1,2524.3,,10480239,,,,,2524.3,1.0,TCS
2026-04-13,2489.9,2504.9,2470.0,2472.6,,3739587,,,,,2472.6,1.0,TCS
2026-04-15,2501.9,2559.0,2493.4,2554.9,,5261384,,,,,2554.9,1.0,TCS
2026-04-16,2572.0,2594.0,2558.0,2576.9,,3905403,,,,,2576.9,1.0,TCS
2026-04-17,2570.0,2589.0,2555.9,2581.5,,2718206,,,,,2581.5,1.0,TCS
2026-04-20,2587.1,2594.0,2561.2,2579.6,,2288558,,,,,2579.6,1.0,TCS
2026-04-21,2560.0,2614.0,2560.0,2610.5,,2719959,,,,,2610.5,1.0,TCS
2026-04-22,2580.0,2580.0,2503.6,2538.5,,5232045,,,,,2538.5,1.0,TCS
2026-04-23,2529.0,2559.5,2516.3,2521.8,,2509050,,,,,2521.8,1.0,TCS
2026-04-24,2488.0,2505.0,2388.8,2396.9,,5107719,,,,,2396.9,1.0,TCS
2026-04-27,2396.9,2459.0,2396.9,2447.6,,5853425,,,,,2447.6,1.0,TCS
2026-04-28,2444.0,2487.0,2427.4,2444.7,,4508363,,,,,2444.7,1.0,TCS
2026-04-29,2451.0,2487.9,2447.6,2474.7,,2835961,,,,,2474.7,1.0,TCS
2026-04-30,2479.0,2491.0,2438.0,2473.9,,3970446,,,,,2473.9,1.0,TCS
2026-05-01,2473.9,2473.9,2473.9,2473.9,,0,,,,,2473.9,1.0,TCS
2026-05-04,2494.0,2498.3,2425.0,2431.3,,2632358,,,,,2431.3,1.0,TCS
2026-05-05,2430.0,2460.4,2412.2,2427.3,,3385720,,,,,2427.3,1.0,TCS
2026-05-06,2441.9,2471.0,2406.5,2435.4,,3147628,,,,,2435.4,1.0,TCS
2026-05-07,2438.2,2439.7,2398.0,2401.4,,5829594,,,,,2401.4,1.0,TCS
2026-05-08,2398.0,2407.0,2375.1,2394.4,,3792199,,,,,2394.4,1.0,TCS
2026-05-11,2371.0,2415.0,2371.0,2392.9,,1975188,,,,,2392.9,1.0,TCS
2026-05-12,2375.0,2375.0,2283.0,2300.3,,6347884,,,,,2300.3,1.0,TCS
2026-05-13,2306.0,2309.2,2269.0,2272.8,,3171843,,,,,2272.8,1.0,TCS
2026-05-14,2265.0,2265.0,2206.4,2246.0,,5633313,,,,,2246.0,1.0,TCS
2026-05-15,2252.0,2304.9,2252.0,2264.0,,3410637,,,,,2264.0,1.0,TCS
2026-05-18,2264.0,2292.9,2252.2,2283.2,,3773336,,,,,2283.2,1.0,TCS
2026-05-19,2300.0,2377.6,2297.1,2327.1,,10394707,,,,,2327.1,1.0,TCS
2026-05-20,2323.9,2342.0,2317.8,2327.4,,2537422,,,,,2327.4,1.0,TCS
2026-05-21,2331.0,2335.9,2314.0,2327.2,,3299087,,,,,2327.2,1.0,TCS
2026-05-22,2331.1,2340.0,2308.1,2317.3,,2617262,,,,,2317.3,1.0,TCS
2026-05-25,2325.0,2326.1,2293.0,2308.2,,3298364,,,,,2308.2,1.0,TCS
2026-05-26,2308.2,2327.9,2272.4,2276.2,,3587597,,,,,2276.2,1.0,TCS
2026-05-27,2275.0,2295.6,2260.9,2284.2,,2653950,,,,,2284.2,1.0,TCS
2026-05-28,2284.2,2284.2,2284.2,2284.2,,0,,,,,2284.2,1.0,TCS
2026-05-29,2291.0,2334.0,2235.0,2258.9,,16331582,,,,,2258.9,1.0,TCS
2026-06-01,2284.0,2335.0,2280.0,2297.4,,7505095,,,,,2297.4,1.0,TCS
2026-06-02,2320.0,2457.4,2316.2,2446.9,,11306127,,,,,2446.9,1.0,TCS
2026-06-03,2393.0,2393.0,2224.8,2241.7,,15660062,,,,,2241.7,1.0,TCS
2026-06-04,2241.7,2253.1,2216.6,2241.0,,4867263,,,,,2241.0,1.0,TCS
2026-06-05,2262.9,2271.8,2192.0,2198.9,,5019717,,,,,2198.9,1.0,TCS
2026-06-08,2170.0,2177.0,2143.3,2151.4,,6536734,,,,,2151.4,1.0,TCS
2026-06-09,2174.0,2174.0,2132.8,2151.0,,4148655,,,,,2151.0,1.0,TCS
2026-06-10,2151.3,2180.8,2144.8,2153.9,,2848650,,,,,2153.9,1.0,TCS
2026-06-11,2127.0,2154.6,2110.0,2135.6,,3079815,,,,,2135.6,1.0,TCS
2026-06-12,2150.0,2168.0,2138.0,2161.4,,2124656,,,,,2161.4,1.0,TCS
2026-06-15,2192.0,2192.0,2159.3,2162.0,,3337083,,,,,2162.0,1.0,TCS
2026-06-16,2167.0,2209.0,2160.6,2199.0,,3079898,,,,,2199.0,1.0,TCS
2026-06-17,2209.0,2231.0,2200.7,2223.0,,2865010,,,,,2223.0,1.0,TCS
2026-06-18,2209.0,2214.0,2182.0,2203.3,,3735188,,,,,2203.3,1.0,TCS
2026-06-19,2105.0,2138.0,2059.9,2125.0,,13286502,,,,,2125.0,1.0,TCS
2026-06-22,2132.2,2157.0,2121.0,2127.8,,4566101,,,,,2127.8,1.0,TCS
2026-06-23,2111.0,2114.0,2055.0,2059.6,,6392736,,,,,2059.6,1.0,TCS
2026-06-24,2061.0,2120.7,2061.0,2109.0,,4747277,,,,,2109.0,1.0,TCS
2026-06-25,2133.6,2148.5,2088.0,2094.7,,4738903,,,,,2094.7,1.0,TCS
2026-06-26,2094.7,2094.7,2094.7,2094.7,,0,,,,,2094.7,1.0,TCS
2026-06-29,2090.0,2105.0,2071.0,2097.9,,3412470,,,,,2097.9,1.0,TCS
2026-06-30,2090.0,2104.3,2018.8,2031.5,,6848411,,,,,2031.5,1.0,TCS
2026-07-01,2039.9,2052.0,1976.8,1982.6,,4658295,,,,,1982.6,1.0,TCS
2026-07-02,2008.0,2076.9,2002.5,2068.1,,6040621,,,,,2068.1,1.0,TCS
2026-07-03,2100.0,2116.6,2085.0,2093.5,,4028819,,,,,2093.5,1.0,TCS
2026-07-06,2090.0,2093.0,2050.6,2057.6,,2567386,,,,,2057.6,1.0,TCS
2026-07-07,2050.0,2122.7,2049.0,2096.1,,4769048,,,,,2096.1,1.0,TCS
2026-07-08,2094.0,2109.7,2048.8,2057.5,,3666985,,,,,2057.5,1.0,TCS
2026-07-09,2057.5,2065.0,2016.0,2049.5,,3791498,,,,,2049.5,1.0,TCS
2026-07-10,2105.2,2133.3,2064.6,2069.0,,6714551,,,,,2069.0,1.0,TCS
2026-07-13,2075.0,2204.9,2065.1,2181.5,,12382622,,,,,2181.5,1.0,TCS
2026-07-14,2182.9,2228.0,2179.0,2200.6,,9546290,,,,,2200.6,1.0,TCS
2026-07-15,2174.1,2202.9,2145.4,2189.2,,5426489,,,,,2189.2,1.0,TCS
2026-07-16,2206.0,2231.4,2187.8,2201.0,,5197595,,,,,2201.0,1.0,TCS
2026-07-17,2224.8,2275.0,2215.1,2269.0,,5615138,,,,,2269.0,1.0,TCS
2026-07-20,2280.1,2283.4,2245.1,2251.1,,2202693,,,,,2251.1,1.0,TCS
2026-07-21,2245.1,2259.9,2218.5,2221.1,,2382160,,,,,2221.1,1.0,TCS
2026-07-22,2216.0,2226.8,2201.0,2208.3,,1599665,,,,,2208.3,1.0,TCS
2026-07-23,2204.0,2250.0,2193.6,2242.9,,2503539,,,,,2242.9,1.0,TCS
2026-07-24,2205.1,2264.3,2205.1,2254.3,,3211699,,,,,2254.3,1.0,TCS
2026-07-27,2286.0,2315.0,2272.4,2295.6,,4007292,,,,,2295.6,1.0,TCS
2026-07-28,2325.0,2417.4,2323.0,2398.0,,8248513,,,,,2398.0,1.0,TCS
2026-07-29,2440.0,2475.5,2415.1,2446.6,,7169419,,,,,2446.6,1.0,TCS
2026-07-30,2440.0,2495.0,2423.0,2431.8,,4901582,,,,,2431.8,1.0,TCS
2026-07-31,2385.0,2391.0,2326.1,2365.6,,4343683,,,,,2365.6,1.0,TCS
2026-08-03,2383.9,2473.7,2383.0,2473.7,2365.6,3036839,73777.69,130409.0,,,2473.7,1.0,TCS
2026-08-04,2463.1,2467.4,2435.1,2460.0,2473.7,2792792,68411.15,91828.0,,,2460.0,1.0,TCS
2026-08-05,2460.0,2460.9,2408.0,2413.0,2460.0,3014409,73091.09,115103.0,,,2413.0,1.0,TCS
2026-08-06,2417.0,2434.5,2368.5,2373.0,2413.0,2729141,65310.93,116317.0,,,2373.0,1.0,TCS
2026-08-07,2375.0,2457.7,2375.0,2452.7,2373.0,4547979,110774.36,294165.0,,,2452.7,1.0,TCS
2026-08-10,2452.7,2472.9,2423.5,2425.7,2452.7,2322023,56871.54,119267.0,,,2425.7,1.0,TCS
2026-08-11,2438.0,2456.6,2428.0,2445.7,2425.7,1514105,36940.41,81637.0,,,2445.7,1.0,TCS
2026-08-12,2445.7,2445.8,2300.1,2349.7,2445.7,7022647,164408.83,269920.0,,,2349.7,1.0,TCS
2026-08-13,2349.7,2375.0,2332.3,2375.0,2349.7,2123494,50067.05,95241.0,,,2375.0,1.0,TCS
2026-08-14,2375.1,2390.0,2333.4,2361.0,2375.0,2232160,52583.62,76239.0,,,2361.0,1.0,TCS
2026-08-17,2351.0,2361.1,2310.6,2313.2,2361.0,2237636,51970.12,94783.0,,,2313.2,1.0,TCS
2026-08-18,2300.0,2307.0,2280.0,2280.0,2313.2,1797822,41146.78,83531.0,,,2280.0,1.0,TCS
2026-08-19,2293.6,2308.2,2258.3,2289.0,2280.0,3368922,76769.88,122060.0,,,2289.0,1.0,TCS
2026-08-20,2319.4,2329.0,2288.1,2298.0,2289.0,2047848,47108.59,77501.0,,,2298.0,1.0,TCS
2026-08-21,2290.1,2307.2,2263.3,2302.0,2298.0,2066749,47341.05,67486.0,,,2302.0,1.0,TCS
2026-08-24,2302.4,2321.6,2279.5,2284.1,2302.0,1542723,35417.11,64928.0,,,2284.1,1.0,TCS
2026-08-25,2305.0,2313.5,2262.0,2296.2,2284.1,3041609,69446.64,106591.0,,,2296.2,1.0,TCS
2026-08-26,2305.1,2306.3,2266.4,2270.0,2296.2,1660737,37821.46,59558.0,,,2270.0,1.0,TCS
2026-08-27,2270.0,2283.6,2243.9,2248.4,2270.0,1709113,38548.63,131520.0,,,2248.4,1.0,TCS
2026-08-28,2272.0,2348.5,2263.3,2342.0,2248.4,4054069,94377.54,155502.0,,,2342.0,1.0,TCS
