trade_date,open,high,low,close,volume,symbol,return_1d,return_5d,return_20d,sma_20,sma_50,sma_200,price_sma20,price_sma50,price_sma200,ema_12,ema_26,macd,macd_signal,macd_histogram,rsi_14,volatility_20,volume_sma20,volume_ratio,daily_range,close_position,sma20_sma50,sma50_sma200,future_return_1d
2022-06-24,84.31723630299936,86.09385080278136,83.83706982593617,85.80574798583984,9452966,FEDERALBNK,0.027602011834654716,0.023482137502612854,0.028193113309188833,85.67131042480469,86.82371078491211,88.70212203979492,1.0015692249875547,0.9882755207089218,0.9673471841783485,84.61279963213774,85.26594077260695,-0.6531411404692165,-0.6464583942822851,-0.006682746186931321,45.892326410128646,0.020438588806534572,9269720.9,1.0197681356296282,0.02630104660608074,0.8723390440200081,0.9867271238502779,0.9788233786104905,0.019026417543017704
2022-06-27,87.15022113931282,88.35063740844936,86.57402279547918,87.43832397460938,8739342,FEDERALBNK,0.019026417543017704,0.07370284703660124,0.009983405934207212,85.71452560424805,86.67197814941406,88.74365646362304,1.0201109247027775,1.0088419099408832,0.9852909769438142,85.04749568482569,85.42685804682935,-0.37936236200366125,-0.5930391878265604,0.21367682582289915,49.73682758067025,0.019114333015695335,9190027.3,0.9509593078140257,0.020318488875496712,0.4864877125406727,0.988953147653842,0.9766554771713944,0.008237268945500364
2022-06-28,86.52600638344975,88.49469206765023,86.47799412698129,88.15857696533203,6663872,FEDERALBNK,0.008237268945500364,0.045557981441834317,0.03320205411472088,85.85617485046387,86.57306396484375,88.79287353515625,1.0268169659186221,1.018314160639297,0.9928564473186795,85.52612357413436,85.62920759634807,-0.10308402221370727,-0.4950481547039898,0.3919641324902825,51.77666796521189,0.018842366031766335,9145166.85,0.728676918562727,0.022875799611216562,0.8333339388412762,0.9917192590680284,0.9750001381649892,-0.0021786877004577043
2022-06-29,87.39030858652553,88.6867567540506,86.91014205583035,87.96650695800781,8629695,FEDERALBNK,-0.0021786877004577043,0.05529950922393745,0.02575584458934399,85.9666130065918,86.4827928161621,88.83368770599365,1.0232636122498238,1.0171561774722016,0.9902381543491037,85.90156717165335,85.80234088239695,0.09922628925640709,-0.3761932659119104,0.47541955516831746,50.63612737749272,0.01884598835790451,9257779.25,0.932156056756268,0.020196490228586113,0.5945942602161789,0.9940314160451831,0.9735359979919764,-0.015283939751322362
2022-06-30,87.58236514885584,88.44666629920334,86.42996849956532,86.62203216552734,6540849,FEDERALBNK,-0.015283939751322362,0.03737775862278481,-0.019565220019457152,85.8801830291748,86.36947326660156,88.87114067077637,1.008638187649187,1.0029241685675934,0.9746924762271156,86.01240793994167,85.86305875522142,0.1493491847202506,-0.27108477578547824,0.42043396050572884,46.37680325087926,0.017911011015989662,8855400.8,0.738628227871967,0.023281580323401854,0.09523671121994465,0.994334916968679,0.971850621188241,0.03824842300626852
2022-07-01,86.95815741319092,90.6074184730541,85.75774114479657,89.93518829345703,16073373,FEDERALBNK,0.03824842300626852,0.048125450853230056,0.03882420953467003,86.04824142456054,86.31281356811523,88.92659992218017,1.0451717176847155,1.041967983380395,1.011341807424994,86.61591260971326,86.16469798027592,0.45121462943734514,-0.1266248947409136,0.5778395241782588,61.70211647068325,0.019305085860504306,8933063.25,1.7993125706347148,0.05392413603931212,0.8613866172744744,0.996934729241031,0.9706073733129089,0.016550920280268278
2022-07-04,90.5113850084316,91.71180125522778,89.45502017660283,91.42369842529295,13501261,FEDERALBNK,0.016550920280268278,0.04557926398315759,0.0484580437838078,86.2595142364502,86.30224975585938,88.98830131530762,1.0598679952531027,1.0593431652583989,1.027367609831725,87.35557196595629,86.5542535687957,0.8013183971605855,0.05896376363938623,0.7423546335211992,62.325534647714086,0.019547125098133503,9024930.45,1.4959961270394058,0.024684858712744888,0.8723390440200037,0.9995048156968089,0.969815677794198,-0.0068277064165519485
2022-07-05,91.71179763376615,91.99990045232454,90.36733002509212,90.79948425292967,8291514,FEDERALBNK,-0.0068277064165519485,0.029956328453851544,0.03730102505782096,86.42277030944824,86.28592407226563,89.04063941955566,1.0506430646438436,1.0523093451126961,1.019753281701925,87.88540462549066,86.86871510095378,1.0166895245368863,0.25050891581888624,0.7661806087180001,62.616815143897966,0.0196552442251422,8979761.7,0.9233556832582763,0.017979952646919883,0.264707862294282,1.0015859624690118,0.9690622690352668,0.010576602328995266
2022-07-06,90.46337869151826,91.99991757411082,90.07925129763052,91.75983428955078,9418380,FEDERALBNK,0.010576602328995266,0.043122404909788914,0.04884761143904215,86.63644523620606,86.24847122192382,89.08697559356689,1.0591366490092742,1.0639009942964184,1.0300027998276429,88.48147072765376,87.23102022603503,1.2504505016187295,0.4504972329788549,0.7999532686398746,71.46398238092497,0.019736109010854992,8995776.55,1.0469779843520013,0.020931448834351496,0.8749999999999972,1.0044983291736724,0.9681378298821939,0.015175172495218048
2022-07-07,92.57610723990696,93.39238886489082,91.95188929370998,93.15230560302734,11404099,FEDERALBNK,0.015175172495218048,0.07538813479948381,0.06185001180156191,86.9077392578125,86.24751068115235,89.15275840759277,1.0718528222980268,1.0800579039017284,1.0448617324564347,89.20006070848046,87.66963395766409,1.5304267508163747,0.6664831365463589,0.8639436142700158,72.87731571349983,0.01993654162190321,9296733.05,1.2266781178577564,0.015463917525773214,0.8333333333333317,1.0076550450145854,0.9674126995245838,0.005154689414339941
2022-07-08,93.44041311825411,94.35272662823016,92.4800800228014,93.63247680664062,6014287,FEDERALBNK,0.005154689414339941,0.04111058845086757,0.06324980833929605,87.1862361907959,86.24462982177734,89.23822811126709,1.073936447970273,1.085661530464333,1.0492417743872564,89.88197087742817,88.11132602055123,1.7706448568769417,0.8873154806124756,0.8833293762644662,83.07285406140362,0.01994096505668294,9303281.2,0.6464694413407606,0.01999996869991955,0.6153840134590547,1.0109178550706794,0.9664538578045592,0.022564011721725397
2022-07-11,93.10428525212124,95.93727211480244,92.72015789771534,95.74520111083984,10419710,FEDERALBNK,0.022564011721725397,0.04726895498630701,0.12401358398282336,87.71441955566407,86.31569442749023,89.33258079528808,1.0915560018051467,1.1092444050400463,1.0717836679346222,90.78400629795306,88.6767982494615,2.1072080484915574,1.131293994188292,0.9759140543032654,82.33687181085826,0.018468815723709085,9288640.8,1.1217690751912808,0.03360078813101865,0.94029711381012,1.016204760182389,0.9662285994545343,-0.012537536311164388
2022-07-12,95.55314487604578,96.70554168254024,94.30470889670994,94.54479217529295,11379873,FEDERALBNK,-0.012537536311164388,0.04124811889823521,0.09510564854268244,88.12496185302734,86.3906005859375,89.41588970184326,1.0728491699431593,1.0943874858381615,1.0573600787349093,91.36258874062074,89.11146446618974,2.2511242744309925,1.3552600502368322,0.8958642241941603,81.23323768662178,0.01882756546786279,9339242.45,1.2185006504462255,0.025393601599747385,0.09999999999999348,1.0200758098141078,0.9661660905461708,-0.0045709490061266456
2022-07-13,95.26502940547296,95.69718364579543,93.39238301101996,94.11263275146484,6843492,FEDERALBNK,-0.0045709490061266456,0.025640831635437955,0.09927089440440384,88.54990921020507,86.4587841796875,89.49343654632568,1.0628202060383218,1.0885259796838032,1.0516149159469148,91.78567243459675,89.48192137621012,2.3037510583866236,1.5449582518667906,0.758792806519833,79.15563377565513,0.01870834251484565,9178408.8,0.7456076700353551,0.024489811488560245,0.3124998013179777,1.0241863802545683,0.9660907829249878,-0.008163248100142462
2022-07-14,94.30470101502762,95.1209899553953,92.33602269123868,93.34436798095705,13463788,FEDERALBNK,-0.008163248100142462,0.002061810243840778,0.11852688866551575,89.04448013305664,86.51736434936524,89.57194374084473,1.0482892127785486,1.0789090569613717,1.0421161368455611,92.0254717494214,89.7680285321173,2.2574432173041004,1.6874552449542526,0.5699879723498478,72.62246004388493,0.017618008996347145,9339996.15,1.4415196520182718,0.029835407581577652,0.36206719651468633,1.029209347773086,0.9658980338718874,0.015946519253674962
2022-07-15,93.92057230372596,95.98528243569255,92.5761046101304,94.8328857421875,22353647,FEDERALBNK,0.015946519253674962,0.012820433427450872,0.13115690828745508,89.59427070617676,86.66429534912109,89.65429229736328,1.0584704244447807,1.0942555450333937,1.057761801606196,92.45738159446233,90.14320314027064,2.3141784541916905,1.8127998868017403,0.5013785673899502,72.38368897383577,0.0177607197483336,9940460.65,2.2487536329616677,0.035949320732792396,0.661972254757632,1.033808333007872,0.9666497066495707,0.043037952890505826
2022-07-18,96.03330001090336,99.10636268054854,95.74519718016693,98.91429901123048,27285612,FEDERALBNK,0.043037952890505826,0.03309928710392418,0.2146226006325085,90.46817359924316,86.84099655151367,89.7604090499878,1.0933601848690133,1.1390276820758845,1.1019813752870138,93.45075350473437,90.79291394552693,2.6578395592074315,1.9818078212828785,0.6760317379245531,77.05310320053061,0.017563948705413574,10826364.0,2.520293239724805,0.03398058252427183,0.9428580147879497,1.0417680265285516,0.9674754991719311,0.05780640722504882
2022-07-19,99.2075281845719,105.07201260927566,98.32785402945082,104.6321792602539,40561228,FEDERALBNK,0.05780640722504882,0.10669426472753996,0.24093439239873282,91.48391990661621,87.15894470214843,89.89295448303223,1.1437220810723787,1.2004755176627875,1.1639641823097915,95.17097285173737,91.81804470958078,3.3529281421565997,2.256031885457623,1.0968962566989768,82.80035088699275,0.019843475208179747,12452964.95,3.257154273127542,0.0644558741632433,0.9347830654015883,1.0496217022733316,0.969585939225083,-0.017748782680096498
2022-07-20,106.00054723327726,106.97796125094538,102.23750475667042,102.77508544921876,30368364,FEDERALBNK,-0.017748782680096498,0.09204346371469563,0.2329521881184069,92.45482864379883,87.47240234375,90.0020495223999,1.111624854610686,1.1749429842492733,1.1419193895539,96.34083632827297,92.62967735696137,3.7111589713116047,2.5470573026284193,1.1641016686831853,81.16264262061328,0.020268108884078928,13748218.75,2.208894443143771,0.04612456874693846,0.11340272676219694,1.0569599801371503,0.9718934491817288,0.01949597266292402
2022-07-21,103.11718476330158,105.56071994726608,102.4818641240553,104.7787857055664,15882426,FEDERALBNK,0.01949597266292402,0.12249713584157607,0.25482142532456753,93.51872024536132,87.92676895141602,90.12668502807617,1.1204044006447318,1.1916596840202551,1.1625722800403213,97.63898238631812,93.52961130870989,4.10937107760823,2.8595200576243816,1.2498510199838488,80.16025279313854,0.02024274514937053,14164388.9,1.121292708928657,0.029384343428664188,0.7460309002438977,1.0635978253338882,0.9755908466402062,0.0
2022-07-22,105.4141063448127,105.90281338160558,104.04572515037704,104.7787857055664,11412216,FEDERALBNK,0.0,0.10487817475488215,0.2211161625542568,94.46737213134766,88.41858856201172,90.24219734191894,1.1091531747054606,1.1850311954717596,1.1610841578753865,98.73741366620247,94.36288348625482,4.374530179947655,3.1625220820890365,1.2120080978586185,78.88289682018501,0.020034596095484043,14262351.4,0.8001637093305666,0.017723895335521975,0.39473652509467294,1.0684107682299595,0.9797920614344336,0.0013991996979663135
2022-07-25,104.77877855842628,105.56071274678888,103.1171777295021,104.9253921508789,11501496,FEDERALBNK,0.0013991996979663135,0.06077071970116221,0.19999317669157834,95.34172554016114,88.8787680053711,90.35508152008056,1.1005191227284932,1.1805450784886902,1.1612561284398846,99.68941035615269,95.14529153548624,4.544118820666455,3.43884142980452,1.1052773908619349,81.19436560489088,0.02001476611857059,14400459.1,0.7986895362245777,0.023288309599768398,0.7399993896484391,1.0727165517685784,0.9836609796607692,-0.015370200398014178
2022-07-26,105.02314252928748,105.12088990538447,102.9705744015737,103.31266784667967,6454013,FEDERALBNK,-0.015370200398014178,-0.012610952222376848,0.1718958200437708,96.09943008422852,89.27980392456055,90.46638427734375,1.0750601513050488,1.1571784805214915,1.1420006300898788,100.24683458546454,95.75028237335242,4.496552212112121,3.6503835862660403,0.8461686258460808,74.79772920884226,0.020765524333545667,14389966.15,0.4485078653225324,0.020813667371381135,0.159089884484262,1.076384869364525,0.9868837429254884,0.0165561930902558
2022-07-27,103.01943807925188,105.36523319316072,102.677344667387,105.02313232421876,11256923,FEDERALBNK,0.0165561930902558,0.021873461502600833,0.19389908677803014,96.95226135253907,89.72657287597656,90.58119766235352,1.0832458248945045,1.170479702477723,1.159436340372738,100.98164962219596,96.43716014749067,4.544489474705287,3.8292047639538898,0.7152847107513973,75.13713739006477,0.020696873203580886,14521327.55,0.7751993033171406,0.025593299935826395,0.8727250532670507,1.0805300842878522,0.9905650973001856,-0.0013957990328349323
2022-07-28,105.6096017492158,106.78249574481733,104.09460683590886,104.87654113769533,13107519,FEDERALBNK,-0.0013957990328349323,0.0009329696986908331,0.21073748232187817,97.86498680114747,90.22130767822266,90.69455780029297,1.0716451773584221,1.1624365001640307,1.1563708306360643,101.58086370150355,97.06229948009842,4.5185642214051285,3.9670766554441377,0.5514875659609908,74.15112779835647,0.02005883245692087,14849661.05,0.8826813592489372,0.02562907662428968,0.29091020063920847,1.0847214401966578,0.9947819347318237,-0.006057886666582468
2022-07-29,106.00055177036045,106.00055177036045,104.09459733715892,104.2412109375,7925696,FEDERALBNK,-0.006057886666582468,-0.0051305687925895516,0.1590703585048674,98.58028793334961,90.66780349731445,90.80162021636963,1.0574244924906058,1.1497048226230338,1.1480104726006584,101.99014789165685,97.5940706991652,4.396077192491646,4.052876762853639,0.34320042963800645,69.48522862999081,0.01917829523109559,14442277.2,0.548784370376162,0.018284078015404905,0.07692397981142154,1.0872689546986711,0.9985262738843612,0.002344050078225246
2022-08-01,104.338943965488,105.41409786856477,103.36152997049516,104.48555755615234,9882729,FEDERALBNK,0.002344050078225246,-0.004191879446055258,0.14287169908722208,99.23338088989257,91.12302795410156,90.89862049102783,1.0529275191388217,1.1466427301865063,1.1494735232694275,102.37405707081001,98.10455120709017,4.269505863719843,4.09620258302688,0.17330328069296286,73.84437788045425,0.01909142425909232,14261350.6,0.6929728661183044,0.01964451304158975,0.547620172133798,1.0890044275073494,1.0024687664329943,0.03695043150737298
2022-08-02,104.3389479529374,109.4214979383058,103.60588742867787,108.34634399414062,29943278,FEDERALBNK,0.03695043150737298,0.048722738966833656,0.19324845163583393,100.11072387695313,91.66603149414063,90.99091636657715,1.082265114048221,1.1819683063411142,1.1907380244160117,103.29287044363011,98.86320252464945,4.429667918980655,4.162895650217635,0.2667722687630203,79.31918009935237,0.01992963041486475,15343938.8,1.9514727209417702,0.053676112134826065,0.8151262120485496,1.092124555248716,1.0074195881800292,-0.016689115518071285
2022-08-03,108.15087413666248,108.68844742974407,105.60959890979842,106.53813934326172,11009901,FEDERALBNK,-0.016689115518071285,0.014425460234474441,0.16105418201909094,100.84963912963867,92.19303817749024,91.0765719985962,1.0564057567554672,1.155598529448116,1.1697644850412665,103.79214258203497,99.43171636306518,4.360426218969792,4.202401763968067,0.15802445500172535,76.06057665182195,0.02073651454222524,15423514.85,0.7138386487824466,0.028899026573251125,0.3015869171373485,1.0938964711791224,1.012258544150204,-0.009633156062943127
2022-08-04,107.32006272887205,107.4178026397754,104.04571978553052,105.5118408203125,11536827,FEDERALBNK,-0.009633156062943127,0.006057595680840411,0.13268093728088548,101.46761589050293,92.66974853515624,91.14653247833252,1.0398572972698386,1.1385791208906144,1.157606745439218,104.05671154176997,99.88209595249091,4.174615589279057,4.1968445290302645,-0.022228939751207655,71.48558573161804,0.021005750825683733,15430151.25,0.7476807461624849,0.03195928369771847,0.43478203180458036,1.0949378572232666,1.0167117279769895,0.009263576339759272
2022-08-05,105.85394464537656,108.15086617249275,105.1208841075473,106.4892578125,11292440,FEDERALBNK,0.009263576339759272,0.02156581696223636,0.13731112797976897,102.1104549407959,93.13047470092773,91.23314414978027,1.0428830022767301,1.143441587240607,1.16722117608567,104.43094942957458,100.37151534952862,4.0594340800459605,4.169362439233404,-0.10992835918744337,67.4157449216465,0.021012461908995417,15694058.9,0.7195359767637931,0.028453405791225166,0.4516111566413957,1.0964236493876554,1.020796505138884,0.0055072590444311675
2022-08-08,106.48926729258886,108.39522933486757,105.41411323280704,107.07572174072266,9773628,FEDERALBNK,0.0055072590444311675,0.024789686203074757,0.11834035020476885,102.67698097229004,93.54050872802735,91.31716621398925,1.042840573678532,1.1446989459085524,1.172569476037018,104.83783747744351,100.86812323035781,3.9697142470857045,4.129432800803864,-0.15971855371815913,57.35296818580868,0.02067643982400671,15661754.8,0.6240442482217893,0.027841195497884354,0.5573779923455933,1.0976739635961072,1.024347476013743,0.0018254846636844846
2022-08-10,107.4666666463813,108.24860083160748,106.58700000934816,107.27118682861328,8193387,FEDERALBNK,0.0018254846636844846,-0.00992333590495209,0.1346070403298858,103.31330070495605,93.97942062377929,91.38992134094238,1.038309550625628,1.1414327319386646,1.1737748020202765,105.21219891608501,101.342424237636,3.8697746784490192,4.077501176332895,-0.20772649788387554,65.03270491397637,0.020250799165502077,15502430.5,0.52852273712822,0.01548972162407459,0.4117636499088978,1.0993183403262548,1.0283346264537907,0.01275631747346706
2022-08-11,107.8576379279598,109.91020592254968,107.27119099480234,108.63957214355467,13838517,FEDERALBNK,0.01275631747346706,0.01972469965447976,0.15435695471885214,104.03964767456054,94.43705718994141,91.43422618865966,1.0442131876819003,1.1503913334047218,1.1881718331535345,105.7394871049265,101.88295371214849,3.8565333927780046,4.033307619621917,-0.17677422684391253,63.48126176517749,0.020121333561676655,15852181.75,0.8729723906931612,0.024291470186021957,0.5185196697316081,1.1016824408802302,1.0328414328687585,-0.003148893305053524
2022-08-12,108.73731105371162,109.37263166589034,108.00425052975402,108.29747772216795,6636181,FEDERALBNK,-0.003148893305053524,0.026401178106630008,0.1601929507333688,104.7873031616211,94.83599411010742,91.48354290008545,1.0334980904617124,1.1419448779798875,1.1837919071460317,106.13302412296365,102.3581036388166,3.774920484147046,3.9816301925269433,-0.20670970837989744,62.00003122284255,0.01994780709112362,15510801.4,0.42784256137790533,0.012635392484826268,0.214287660557698,1.1049317734779045,1.0366454020444242,-0.0040614262988605265
2022-08-16,108.49295610176996,108.9816631112374,106.97796138959006,107.85763549804688,8723159,FEDERALBNK,-0.0040614262988605265,0.0128499128800037,0.13734423089547687,105.43854064941407,95.26166641235352,91.53306121826172,1.0229431746089541,1.1322249500777146,1.1783462069607724,106.39834894989951,102.76547636912996,3.6328725807695577,3.9118786701754664,-0.27900608940590876,59.80393907469241,0.02001103046467785,14829277.0,0.5882389950636164,0.01857728210334831,0.4390244810158631,1.106830739166461,1.0407350649532074,-0.004984043421586093
2022-08-17,108.10199514470254,108.44408857935068,106.34265428490738,107.320068359375,10861983,FEDERALBNK,-0.004984043421586093,0.0022819983342630135,0.08498032571802527,105.85882911682128,95.66410293579102,91.58781444549561,1.0138036595978324,1.1218426250378093,1.171772347764033,106.54015193597266,103.10285355359255,3.4372983823801064,3.8169626126163947,-0.37966423023628826,64.43665339696636,0.018214464695242873,14008095.55,0.7754075463884168,0.019581000334498222,0.46511759946629744,1.1065679379011464,1.044506886805572,0.010928965633338894
2022-08-18,107.27119806650524,109.47037980363176,107.12458445928122,108.4929656982422,10109846,FEDERALBNK,0.010928965633338894,0.011389627594788898,0.03689865264475922,106.0518684387207,96.08327499389648,91.66067638397217,1.0230179561704942,1.1291555757766794,1.1836369747454027,106.84058482247566,103.50212111986289,3.3384637026127706,3.72126283061567,-0.3827991280028993,63.00372500603297,0.013316290744625443,12485526.45,0.8097252479089498,0.021621635368278453,0.5833335982427033,1.103749517753818,1.0482496833363717,-0.031081144750601197
2022-08-19,108.49295549044696,108.73730899380384,104.43668584330764,105.12088012695312,10127705,FEDERALBNK,-0.031081144750601197,-0.032388677046260805,0.022824546119141198,106.16915817260742,96.43596588134766,91.7183585357666,0.9901263411738649,1.0900588713581318,1.1461269238258343,106.57601486931836,103.62202919446217,2.9539856748561846,3.5678073994637733,-0.6138217246075888,50.73741856988778,0.01462128868632477,11473493.5,0.8827045572475376,0.04091121711787788,0.15909189429130557,1.100929069380974,1.0514358021763044,-0.008368168040362334
2022-08-22,104.58330436691084,105.21862499700384,103.11718327765507,104.2412109375,11627416,FEDERALBNK,-0.008368168040362334,-0.037454859244959615,-0.0051305687925895516,106.1422794342041,96.76626159667968,91.76900142669678,0.9820894321580634,1.0772474746619416,1.1359087416982059,106.21681426442322,103.66789450876128,2.5489197556619416,3.3640298707034075,-0.8151101150414659,50.0,0.014107732572398713,11260743.0,1.0325620609581445,0.020159413925158003,0.5348840510281958,1.0968934593815716,1.0544547733144358,0.030004748554940397
2022-08-23,103.16606591446764,107.71103571983411,102.82396499829755,107.3689422607422,9588848,FEDERALBNK,0.030004748554940397,-0.004530909981922626,0.024720238335785405,106.27178726196288,97.15238967895507,91.81631637573243,1.0103240476804516,1.1051600749662283,1.1693884758060324,106.39406472539537,103.9420461940932,2.4520185313021727,3.181627602823161,-0.7296090715209882,57.3201273237416,0.01563831588818153,11169574.6,0.8584792477235436,0.04551661419620264,0.9300003051757855,1.0938669405162684,1.058116830579287,0.03777870089679114
2022-08-24,106.97796451701912,111.81616852643468,106.83135837555471,111.42520141601562,22321308,FEDERALBNK,0.03777870089679114,0.03825130862658477,0.06194696185447879,106.59677772521972,97.67726303100586,91.89231555938721,1.0452961505388314,1.1407486037016181,1.2125627778310244,107.16808575472156,104.49635398830966,2.671731766411895,3.079648435540908,-0.4079166691290128,57.73956377115784,0.017634264771669073,11710565.2,1.9060828934200376,0.04473682872036054,0.9215683047929041,1.0913161816520445,1.0629535498850284,-0.0008771819309971729
2022-08-25,112.15826168970256,113.4777691593424,110.93649413316984,111.32746124267578,26934518,FEDERALBNK,-0.0008771819309971729,0.02612607671097611,0.07757803145583653,106.99751739501953,98.17713333129883,91.96350452423096,1.0404677038596206,1.1339449163483024,1.2105613179774235,107.80798967594528,105.00236193307752,2.805627742867756,3.0248442970062777,-0.2192165541385216,63.172013002763876,0.017123259221426563,12734590.45,2.1150674696413185,0.022827027561806962,0.1538468310117448,1.0898415319782897,1.0675662464062652,0.0
2022-08-26,112.54922879920848,113.13567573492872,110.6921406218633,111.32746124267578,13977432,FEDERALBNK,0.0,0.059042324495638177,0.06002800315453172,107.31273384094239,98.69140884399414,92.03253273010255,1.0374114726001107,1.1280359916500535,1.2096533469219861,108.34944684005767,105.47088780786258,2.878559032195085,2.995587244044039,-0.11702821184895429,66.95158557863758,0.016876655606377522,12870615.9,1.0859955816100455,0.021949077844674036,0.26000061035156036,1.087356387936222,1.0723535027925355,-0.007023753499626917
2022-08-29,107.51554261489102,111.03423160905383,106.14716149019516,110.54552459716795,10728917,FEDERALBNK,-0.007023753499626917,0.06047813146997916,0.05405387513714488,107.59618301391602,99.23326034545899,92.09525039672852,1.0274112101436765,1.1139967004241096,1.2003390416005084,108.68730495653617,105.8467868292926,2.84051812724357,2.9645734206839456,-0.1240552934403758,61.95964704776134,0.017001200529879093,12751685.8,0.8413724403403979,0.044208665494757396,0.8999999999999977,1.0842753995922672,1.077506819493745,0.03448273958183168
2022-08-30,111.27858156569474,115.18823753608068,110.93648815970136,114.35743713378906,26076777,FEDERALBNK,0.03448273958183168,0.06508860687176665,0.09704632270968583,108.10199432373047,99.84366760253906,92.18519046783447,1.0578661184670244,1.1453649478204957,1.2405185318100633,109.55963298380584,106.47720537036642,3.082427613439421,2.9881442592350407,0.09428335420438039,68.03870568281341,0.018263025317755137,13659239.85,1.9090943043949844,0.037179474137787084,0.8045979833837001,1.0827125737614771,1.0830770875000448,0.014957310859695205
2022-09-01,112.45148791678446,116.41001029158208,112.45148791678446,116.0679168701172,19439843,FEDERALBNK,0.014957310859695205,0.04166665525483415,0.11085129452211895,108.68111228942871,100.53630111694336,92.28440322875977,1.0679676939725893,1.154487638600385,1.2577197533845619,110.56090742785375,107.18762844442203,3.3732789834317174,3.0651712040743764,0.308107779357341,70.27027027027026,0.018391129695316914,14137095.55,1.3750945469134923,0.034105224609375095,0.913580525995544,1.0810136346970964,1.0894181205000408,0.006736823036018524
2022-09-02,117.09419938456465,120.02644136457468,116.11678539122796,116.84984588623048,21691153,FEDERALBNK,0.006736823036018524,0.04960487360361876,0.07848443776330583,109.10628738403321,101.18695297241212,92.38800575256347,1.0709726147581342,1.1547916253401636,1.2647728991919307,111.52843642145017,107.90334825492636,3.6250881665238097,3.1771545965642636,0.44793356995954614,69.44443340244024,0.016841259122661188,13724489.3,1.580470684617751,0.03345880299365827,0.1875000000000025,1.0782643826994203,1.0952390642938463,0.033458905650218806
2022-09-05,117.6806579787226,126.81947823279144,117.38743076876366,120.75951385498048,60977739,FEDERALBNK,0.033458905650218806,0.08472350403953222,0.13348622943280475,109.81735610961914,101.9350050354004,92.51379749298096,1.0996396028186923,1.184671681852987,1.3053135545986265,112.94860218045483,108.85565681789333,4.092945362561494,3.36031274976371,0.7326326127977838,75.24752536462616,0.017337406204731946,16222881.2,3.7587490315838594,0.07810604036841913,0.35751337120358756,1.0773272250438535,1.1018357023246639,-0.019020682780489517
2022-09-06,121.8835347851278,121.8835347851278,117.4363051226927,118.46258544921876,20079032,FEDERALBNK,-0.019020682780489517,0.0716181037712822,0.12274209726813012,110.46489334106445,102.63423767089844,92.63842823028564,1.0724003062535092,1.1542209318987167,1.2787629033897039,113.79690729872621,109.56728116095448,4.2296261377717315,3.5341754273653145,0.6954507104064169,69.98158834718325,0.01791259655157333,16649991.45,1.2059484871387127,0.03754121730140257,0.2307684568653737,1.076296719767875,1.1079013281158514,-0.020214556098204328
2022-09-07,118.21822476824843,119.43999231424966,115.87243704558792,116.0679168701172,14868949,FEDERALBNK,-0.020214556098204328,0.014957310859695205,0.08994953344949352,110.9438262939453,103.23948104858398,92.75252616882324,1.0461863516640901,1.1242590110996027,1.2513720290362391,114.14629338663252,110.04880973200356,4.0974836546289595,3.6468370728180437,0.45064658181091577,65.40444738698952,0.01881617014847519,16828816.9,0.8835409576534166,0.03073679070723678,0.05479377607585437,1.074625958665326,1.113063819530618,-0.005894728373035729
2022-09-08,117.24080869941665,117.77838939317073,113.0379328882635,115.38372802734376,20125550,FEDERALBNK,-0.005894728373035729,-0.005894728373035729,0.07759000968247909,111.35922660827637,103.79838912963868,92.87472713470459,1.0361398111467155,1.1116138602424321,1.2423587297327112,114.33666794674194,110.44398886499172,3.8926790817502166,3.6960054746044784,0.19667360714573823,62.34673651229359,0.018955712702733097,17346413.0,1.160213930107625,0.041084272331570276,0.4948458311244802,1.072841568564177,1.117617163807012,0.01270645249509772
2022-09-09,116.50774502290106,119.92869399957942,115.33485121372784,116.84984588623048,24051083,FEDERALBNK,0.01270645249509772,0.0,0.08929386670179174,111.83815956115723,104.37221450805664,93.01986408233643,1.04481195277836,1.1195493593480348,1.2561816450602528,114.72331070666326,110.91849679249088,3.804813914172371,3.717767162518057,0.08704675165431386,72.55637189236012,0.019048572451803806,18139297.8,1.3259103668279815,0.03931406799050741,0.3297880974874933,1.0715319214820749,1.1220422168717823,0.00209124689543283
2022-09-12,117.43630119440408,118.02274814095604,116.31227353021757,117.09420776367188,10126462,FEDERALBNK,0.00209124689543283,-0.030352110358031537,0.0778227993105991,112.26089134216309,104.95476852416992,93.15998065948486,1.0430543207320275,1.1156635321119914,1.256915329251415,115.0880641000492,111.37595686443022,3.712107235618973,3.7166351771382407,-0.004527941519267831,75.33716348323054,0.018953046155100982,17953695.05,0.5640321934731759,0.014607679093663438,0.45714460100446574,1.0696121092993565,1.1266078822815235,-0.005425738667475644
2022-09-13,117.68065275163583,117.77839266492154,115.6769509724307,116.4588851928711,8918057,FEDERALBNK,-0.005425738667475644,-0.0169142033220826,0.07536101156151442,112.66896171569825,105.5515055847168,93.29548011779785,1.0336376888493577,1.1033370348223022,1.2482800350652186,115.29895965279103,111.75247007394435,3.546489578846675,3.6826060574799278,-0.13611647863325294,69.87175659605408,0.019004531076588276,18067788.85,0.4935887326356484,0.018044494320983546,0.3720941785986766,1.0674311189741288,1.1313678374498324,0.013428478720461268
2022-09-14,114.50406163720235,118.26710437593006,113.77100107288877,118.0227508544922,13520540,FEDERALBNK,0.013428478720461268,0.016842156188281665,0.09424567217245738,113.17721748352051,106.1132568359375,93.43951915740966,1.0428136817524891,1.112233799750092,1.263092446523288,115.71800445305274,112.2169353169479,3.501069136104846,3.6462986732049116,-0.1452295371000658,66.18703231438955,0.01902566471870923,18307657.9,0.7385182787362441,0.03809522545855966,0.9456521558851705,1.0665700107433762,1.1356357330689755,0.010766103419908468
2022-09-15,119.00016877808044,121.54144399157664,117.92501474049487,119.29339599609376,16778868,FEDERALBNK,0.010766103419908468,0.03388404964540137,0.11156653009784279,113.77588386535645,106.67065078735351,93.61007846832275,1.0484945661882688,1.1183338164300087,1.2743648755348724,116.26806469044367,112.74111758947721,3.526947100966453,3.62242835875722,-0.09548125779076733,68.48071077328596,0.018930139034722883,18603502.15,0.9019198570630423,0.030315418727791,0.37837910286495224,1.0666090721820674,1.1395210059934988,-0.004096693635159521
2022-09-16,118.56033397363808,121.83466973547232,117.53404618008685,118.8046875,24093647,FEDERALBNK,-0.004096693635159521,0.01672951811740364,0.09504507260349393,114.29146995544434,107.23075485229492,93.78611694335937,1.0394886647823771,1.1079348239565001,1.2667619832448143,116.65831435345234,113.19027091618261,3.4680434372697277,3.591551374459722,-0.12350793718999409,66.962290099113,0.019000190835730735,19302692.2,1.2482013778368182,0.03619910666728088,0.29545513657478534,1.0658459889877228,1.143354244179394,0.008638342950614941
2022-09-19,118.80468283855951,120.80837720186337,118.07162228823624,119.83096313476562,9936503,FEDERALBNK,0.008638342950614941,0.023372252337342525,0.13993493005430824,115.02697410583497,107.79217742919921,93.96848720550537,1.041764021580804,1.1116851518606143,1.2752249897638561,117.14641416596207,113.68217404348506,3.4642401224770083,3.5660891240631796,-0.10184900158617127,70.83331478913188,0.017035338107367043,19293132.1,0.5150279876018679,0.022838462130603792,0.6428565589739503,1.0671180121710386,1.1471098517683058,0.005709743822996938
2022-09-20,120.95500061938554,121.7858011524263,120.3685536229496,120.51516723632812,7439626,FEDERALBNK,0.005709743822996938,0.03483016376757608,0.15611825834012527,115.84067192077637,108.33943466186524,94.14587562561036,1.0403527987022438,1.1123850480894992,1.2800897164691574,117.66468386909531,114.18832168739937,3.476362181695947,3.548143735589733,-0.07178155389378604,66.07144421691169,0.016666532795816997,19083742.6,0.38984103673668286,0.011759910075862065,0.10344954591852795,1.0692382905847995,1.1507613471321714,-0.004460703244154596
2022-09-21,120.31967829403898,121.10161258335567,118.26711010593016,119.9775848388672,8204399,FEDERALBNK,-0.004460703244154596,0.016563196250060974,0.11743286571181177,116.47110404968262,108.86633682250977,94.31889549255371,1.0301060148591776,1.1020632120144969,1.2720418767874482,118.02051478752176,114.6171559949155,3.403358792606255,3.5191867469930376,-0.1158279543867824,60.86956890627254,0.0159748357046633,19014520.15,0.43148072816341887,0.023625267013270203,0.6034479583488002,1.0698541665783363,1.154236765114627,0.0012218850388998614
2022-09-22,119.14676964206448,121.2970774872191,117.87612844269675,120.12418365478516,12019517,FEDERALBNK,0.0012218850388998614,0.006964238479040263,0.07807015045268906,116.90605316162109,109.35391647338867,94.49120788574218,1.0275274924277449,1.098489999523862,1.2712736596619456,118.34415615171613,115.02508396972065,3.3190721819954803,3.4791638339935265,-0.1600916519980462,59.4366016325518,0.014089852726770285,18499430.6,0.6497236190610104,0.02847843740069464,0.6571437290736643,1.069061419396627,1.1572919737211775,-0.0500405940533063
2022-09-23,120.22193637496652,120.5151635928586,113.28229763660762,114.11309814453124,14301412,FEDERALBNK,-0.0500405940533063,-0.039489934734004195,0.02502201047936614,117.04533500671387,109.74528259277344,94.64042724609375,0.9749478536499174,1.0397995745107809,1.2057542581438547,117.69322415061076,114.95752946415107,2.735694686459695,3.3304700044867603,-0.5947753180270654,32.91458498648511,0.018544196779427518,17867775.3,0.8004024989053897,0.06338331071416628,0.11486463497994132,1.0665181431171706,1.1596025692847147,-0.04925054649879712
2022-09-26,112.40262211980048,113.38003622519004,106.97797085205724,108.4929656982422,20998829,FEDERALBNK,-0.04925054649879712,-0.09461659273966072,-0.025460883710038407,116.90361022949219,110.03288925170898,94.75242279052735,0.9280548777344075,0.9860048794143351,1.1450152144192827,116.2777997733233,114.47867288889856,1.7991268844247372,3.024201380474356,-1.225074496049619,28.11160595537288,0.021735486218404054,18218845.15,1.1525883680942313,0.059009036502322525,0.2366415770358826,1.062442429936252,1.1612672901775052,0.030630594519559295
2022-09-27,109.07940739324108,112.69584388248064,108.10199333513482,111.81616973876952,16966246,FEDERALBNK,0.030630594519559295,-0.07218176514247399,0.011494315543137956,116.96714248657227,110.40232528686523,94.87767314910889,0.9559622246188147,1.0128062923333416,1.1785298482503912,115.59139515262272,114.28145043333345,1.3099447192892768,2.6813500482373405,-1.3714053289480637,41.030937259290866,0.02279674909849545,18530711.6,0.9155744456138424,0.04108395555024112,0.808510500146903,1.0594626714849462,1.1636280868034985,-0.02229023546651865
2022-09-28,110.15456144489995,111.52294261864752,109.03054124293205,109.32376098632812,10117759,FEDERALBNK,-0.02229023546651865,-0.08879845236797712,-0.04401704229845527,116.71545867919922,110.69214279174804,94.98830074310303,0.9366690772883162,0.9876379499853541,1.1509181670908666,114.62714374242356,113.91421417799971,0.7129295644238454,2.2876659514746414,-1.574736387050796,38.122608572383825,0.02190172603782894,17732760.7,0.5705687439858138,0.022798350086283347,0.11764547486333625,1.0544150265370074,1.1653239601697503,0.010281602346635
2022-09-29,110.93649143455302,111.9627791399062,108.4929563809285,110.44778442382812,12297229,FEDERALBNK,0.010281602346635,-0.08055329856613402,-0.048421067576995824,116.43445205688477,110.9228125,95.09590549468994,0.9485833657710536,0.995717489797945,1.1614357510902025,113.98416538571658,113.65744160361663,0.3267237820999469,1.8954775175997025,-1.5687537354997556,37.281558106930326,0.021735318972885245,17375630.0,0.7077285255268442,0.031415956210246225,0.563379797380649,1.0496889632769162,1.1664310037638141,0.050884972257321026
2022-09-30,110.15455896464027,116.80097739771792,108.8839251910454,116.0679168701172,17967686,FEDERALBNK,0.050884972257321026,0.01713053766281991,-0.006691741954667152,116.39535560607911,111.15152725219727,95.23473197937011,0.9971868401942937,1.0442314175923546,1.2187561665554958,114.30474253716282,113.83599532706111,0.4687472101017107,1.6101314561001043,-1.1413842459983936,48.31998996874727,0.02473147828001863,17189456.65,1.045273644527909,0.06821051346628268,0.9074073899648043,1.0471772946671605,1.1671322525092533,-0.020631483573468445
2022-10-03,116.65437209988532,118.75581391992507,113.2822964158544,113.67326354980467,20472858,FEDERALBNK,-0.020631483573468445,0.04774777625648774,-0.05868067930188636,116.04104309082031,111.36949081420899,95.36614677429199,0.9795953269813124,1.020685851383113,1.191966619127866,114.2075919237231,113.82394112133841,0.3836508023846932,1.3648353253570222,-0.981184522972329,45.68836209553556,0.02381552616517775,15164212.6,1.3500772206266747,0.04815131837639649,0.07142886336976287,1.0419464275400576,1.1678094856636385,0.03912283073217404
2022-10-04,116.11678912196642,118.41371058869044,116.06791543789852,118.1204833984375,10509831,FEDERALBNK,0.03912283073217404,0.05638105539115168,-0.0028878489312383904,116.02393798828125,111.6363247680664,95.52796047210694,1.0180699383808884,1.0580828744034925,1.2365016777776525,114.80957522752531,114.14220351223463,0.6673717152906846,1.2253426033437547,-0.55797088805307,50.13887642145057,0.025231326938553383,14685752.55,0.7156481061639568,0.019859342624591266,0.8749988079078667,1.0393027379692987,1.1686246018061164,0.0
2022-10-06,118.70693032186618,119.43999084042132,117.6806500701353,118.1204833984375,9762115,FEDERALBNK,0.0,0.0804648717968044,0.017684185119107187,116.12656631469727,111.90315872192383,95.69313537597657,1.017170206155384,1.0555598675455047,1.234367365374165,115.31894571535796,114.43689091121261,0.8820548041453407,1.1566850435040719,-0.2746302393587312,48.270868219049134,0.02477296437999732,14430410.85,0.6764959848665709,0.014894459620110975,0.24999894035917558,1.0377416298253785,1.1693958849008175,0.01654949190972288
2022-10-07,117.77839580255984,120.4174108169646,116.06792117472185,120.0753173828125,15447242,FEDERALBNK,0.01654949190972288,0.08716818548428318,0.04066075377939704,116.3611457824707,112.2061572265625,95.88441013336181,1.0319193453739721,1.0701312686465225,1.2522923926403104,116.05069520265864,114.85455213133112,1.1961430713275263,1.1645766490687628,0.031566422258763494,51.79556998436272,0.02494387991962397,14196495.45,1.088102486589393,0.036223011831616796,0.921348603562668,1.0370299514626333,1.1702231579721816,-0.012209985289587721
2022-10-10,118.26710608039804,119.24452018023604,117.38743189912827,118.60919952392578,8985222,FEDERALBNK,-0.012209985289587721,0.0218947898983346,0.015056533659516091,116.44911346435546,112.51208786010743,96.0882810974121,1.0185496136063887,1.054190725456977,1.2343773680755354,116.44431125208436,115.1326741604122,1.3116370916721678,1.1939887375894438,0.117648354082724,48.294683583772404,0.025018456857267026,13443202.4,0.6683840451587636,0.015657202717510567,0.6578942084911097,1.034992023338356,1.1709241395008954,0.00865264472131555
2022-10-11,119.04903584177266,121.39482362702576,118.31597529461168,119.63548278808594,15549812,FEDERALBNK,0.00865264472131555,0.05245049761124343,0.021702824357828554,116.57617721557617,112.80433486938476,96.29968433380127,1.026242973869802,1.0605574947683607,1.242324765815393,116.93526071916153,115.46621554023989,1.4690451789216468,1.2490000258558844,0.22004515306576233,48.78376599430732,0.025075839539846802,13714369.9,1.1338334982491611,0.025735243931499344,0.42857177457638984,1.0334370336969656,1.171388417830881,0.026143779595790173
2022-10-12,120.515158580872,123.05643368763091,119.0490374665406,122.7632064819336,17110533,FEDERALBNK,0.026143779595790173,0.03930497869565541,0.054133450432929386,116.89139328002929,113.16206817626953,96.523125,1.050233067098769,1.0848441395636974,1.2718527967462057,117.83186775958801,116.00673338777275,1.8251343718152526,1.364226895047758,0.46090747676749455,53.59394080540291,0.025613142610749352,14123993.7,1.2114514749464949,0.032643300349767784,0.9268284967295946,1.0329556110440707,1.17238297222836,-0.005573178096155429
2022-10-13,122.7143459389546,123.8872399019406,121.59031820779754,122.07902526855467,18586183,FEDERALBNK,-0.005573178096155429,0.03351274695316331,0.03436858050413827,117.09420700073242,113.51882446289062,96.73906330108643,1.0425710066749165,1.075407764713617,1.2619413616669126,118.48527660712135,116.4565327863492,2.0287438207721493,1.4971302801926365,0.5316135405795128,52.487582234143474,0.025556456343689436,14377275.85,1.2927471931339483,0.018815039594968906,0.21276609559798795,1.031495943996589,1.173453831257179,0.043634948055582656
2022-10-14,124.13159390950176,129.21414437808323,122.27450558006998,127.40593719482422,64043276,FEDERALBNK,0.043634948055582656,0.061050180601571524,0.0680049480609648,117.49983406066895,113.97723205566406,96.98715808868408,1.0843073797792806,1.1178191898238226,1.3136371835777012,119.85768592830641,117.26759977956957,2.5900861487368445,1.715721453901478,0.8743646948353665,67.21521301160679,0.027156431234375097,16740496.25,3.825649792191794,0.05446872375658147,0.7394378531953728,1.0309061901352765,1.175178593762325,0.008822199138158071
2022-10-17,129.01864473176093,129.70283153159863,126.18415016922462,128.52993774414062,34812065,FEDERALBNK,0.008822199138158071,0.08364223230605017,0.08185914587032284,117.98609657287598,114.38090393066406,97.23967247009277,1.089365115700324,1.123701014131288,1.3217849719071355,121.19187851535783,118.10184703620446,3.0900314791533674,1.990583458951856,1.0994480202015113,79.3696523083419,0.0271161881847514,17276417.15,2.0150048877466475,0.02737635623366214,0.6666666666666653,1.0315191829957677,1.1762781694461515,0.006083811429625552
2022-10-18,129.8005967031072,130.77801081244664,128.77430890546967,129.3118896484375,19209348,FEDERALBNK,0.006083811429625552,0.08088241577535715,0.07911917141990532,118.46014289855957,114.83637893676757,97.49297554016113,1.0916067335759552,1.1260533538735193,1.326371350674069,122.44111099737009,118.93222056303654,3.5088904343335514,2.2942448540281952,1.2146455803053562,77.70901940333022,0.0271006488934014,17740059.4,1.0828232063304142,0.015495109633185863,0.2682937721903419,1.0315558884331189,1.1778938769743676,-0.007558601106555818
2022-10-19,129.80059378732486,131.07123508375415,127.79689192535815,128.33447265625,17193426,FEDERALBNK,-0.007558601106555818,0.045382214541099586,0.06488233472379745,118.85110816955566,115.29283157348632,97.74115142822265,1.0797919736109247,1.1131175364918597,1.3130034870777423,123.34778202181316,119.62868368105235,3.7190983407608087,2.579215551374718,1.1398827893860908,81.62606347926645,0.027222947170730476,18227749.4,0.943255561764526,0.025514135762777296,0.1641797163236831,1.030862947396702,1.1795730855304376,-0.007616109238325897
2022-10-20,127.65029051338098,128.4810835699836,126.37964916981448,127.35706329345705,11746743,FEDERALBNK,-0.007616109238325897,0.0432346016303089,0.06150714289257175,119.22008209228515,115.71018768310547,97.98323986053467,1.0682517664672742,1.1006555761731955,1.2997841618090182,123.96459452514299,120.20115624493418,3.7634382802088027,2.816060097141535,0.9473781830672676,78.26803200133867,0.02728059817422538,18404866.6,0.6382411378086271,0.016500336501376337,0.4651175994662966,1.030333495083356,1.1809181636349504,0.017651588740033475
2022-10-21,128.0412492459788,131.75542587105974,127.30818865869266,129.60511779785156,21539773,FEDERALBNK,0.017651588740033475,0.017261209732042815,0.07892610675559619,119.69412879943847,116.16077560424804,98.23272724151612,1.0828026328260436,1.1157390876883218,1.3193680093926632,124.83236733632893,120.89774598959472,3.934621346734204,3.039772347060069,0.8948489996741351,75.50650820274467,0.027460146016330227,18880879.4,1.140824669427209,0.03431374692551536,0.516484511501095,1.0304177823952236,1.1825058599732634,0.016214177845701894
2022-10-24,131.99978545874336,132.19526530816074,131.07124498839352,131.70655822753906,5471882,FEDERALBNK,0.016214177845701894,0.02471502390145086,0.15417564126358774,120.57380180358886,116.64948303222656,98.47255481719971,1.0923314704970912,1.1290796564537942,1.337495086545013,125.88993516574588,121.69839874796097,4.191536417784917,3.270125161205039,0.9214112565798782,84.35758071558936,0.02440304724223708,18439402.9,0.29674941372423724,0.008534277524930417,0.5652150837247439,1.0336419731091149,1.1845887744942714,-0.004081667645829734
2022-10-25,131.8531627516361,132.48849089706275,130.14268799066298,131.16897583007812,11565536,FEDERALBNK,-0.004081667645829734,0.014361294902499155,0.20900903561716655,121.70760231018066,117.10007110595703,98.70345233917236,1.077738558153372,1.1201442884811825,1.3289198373664302,126.70209526795084,122.39992297626594,4.302172291684897,3.476534587301011,0.8256377043838863,79.2122909798965,0.02068336626782153,17967738.25,0.6436834641666711,0.0178838242164719,0.43749960263722537,1.0393469547943703,1.1863827285753774,0.002980704466694295
2022-10-27,132.04865886178288,132.92832563932168,130.53366393232696,131.55995178222656,12116858,FEDERALBNK,0.002980704466694295,0.025133380448884912,0.1765735858202213,122.69479141235351,117.5653205871582,98.92886211395263,1.072253762917115,1.1190370691388818,1.3298439805229676,127.44945780860864,123.07844362855931,4.371014180049329,3.6554305058506746,0.7155836741986543,79.56993831993329,0.020129882798351064,17725268.85,0.6835923394188742,0.018202056739566534,0.4285732080242697,1.0436308156144782,1.18838242020553,-0.02563166666144745
2022-10-28,131.95090113537498,131.95090113537498,127.84576497177214,128.18785095214844,11830604,FEDERALBNK,-0.02563166666144745,0.0065232947212130465,0.17255251553392337,123.63799591064453,117.97192489624024,99.13741138458252,1.0367998122906503,1.0865962479199471,1.2930320568374627,127.5630567537686,123.45691824512147,4.106138508647135,3.7455721064099667,0.36056640223716796,66.80159653136812,0.020409522256833346,17810911.1,0.664233510210491,0.032024377763656034,0.08333121405553277,1.048028978245356,1.1899839147362163,0.0026686366098755965
2022-10-31,128.96977105016816,129.60509908256677,126.67285715684493,128.52993774414062,14441082,FEDERALBNK,0.0026686366098755965,-0.008295814794813339,0.16371675914226347,124.54210357666015,118.39612228393554,99.34142894744873,1.0320199679703164,1.08559246084008,1.2938201021059654,127.7118076753643,123.83269746727103,3.879110208093266,3.7722797267466266,0.10683048134663942,71.54984486404018,0.020439352277438618,17918103.75,0.8059492344439628,0.02281368821292776,0.633331298828126,1.0519103258972065,1.1918101394189393,0.003041905714812776
2022-11-01,129.21414090882894,130.58252959596314,128.2856004975823,128.92091369628906,17414680,FEDERALBNK,0.003041905714812776,-0.02115038589374918,0.11073686142359795,125.18475341796875,118.80468124389648,99.52723434448242,1.0298451702488558,1.0851501165313913,1.2953330266374086,127.8978239862758,124.20960237312421,3.6882216131515833,3.755468104027618,-0.06724649087603485,70.74232384380454,0.017755598605451152,17890453.45,0.9734062945173702,0.01781657477073062,0.27659242906305415,1.053702195126255,1.1936901695940951,0.009856004779759342
2022-11-02,129.3607657777685,130.7291395910026,128.92091748894129,130.19155883789062,9763448,FEDERALBNK,0.009856004779759342,-0.0074515866728553926,0.14531381234469998,126.01066818237305,119.30609481811524,99.71507152557373,1.0331788626774572,1.0912397982380575,1.305635716306944,128.25070627113962,124.65271025940321,3.597996011736413,3.7239736855693772,-0.12597767383296432,68.0952173862945,0.01667791305906216,17354982.95,0.5625731830523061,0.013888935029288913,0.7027020339486255,1.0561964028281965,1.1964700319902697,0.030405284243259167
2022-11-03,129.36074760284458,134.78538331856615,129.11639410522994,134.1500701904297,22729155,FEDERALBNK,0.030405284243259167,0.019687742151886622,0.135705394448159,126.81214752197266,119.90427200317383,99.91285789489746,1.0578645091329724,1.1188097633992455,1.3426707334460175,129.15830072026117,125.35621840244221,3.8020823178189573,3.7395954120192934,0.06248690579966398,75.35926978556334,0.015887674500323228,17965949.15,1.2651240861382491,0.04225856315459931,0.8879318509476264,1.0576115880059385,1.200088502415837,-0.00655723794564822
2022-11-04,134.3944364902034,135.71395146867843,132.3418609490545,133.27041625976562,12856806,FEDERALBNK,-0.00655723794564822,0.03964935264820424,0.12825830394060622,127.56964416503907,120.4223014831543,100.09616245269775,1.0446875283852903,1.106692154346582,1.3314238327842485,129.79093388018492,125.94245528076246,3.8484785994224637,3.761372049499928,0.08710654992253586,65.15149544017592,0.016095209631002756,18120683.7,0.7095099838865352,0.025302618647571218,0.2753648827952212,1.0593523175845017,1.2030661169459123,0.004767111555860293
2022-11-07,133.90573120117188,136.10491291797945,132.92831710481298,133.90573120117188,15494978,FEDERALBNK,0.004767111555860293,0.0418252241569792,0.11518115562640219,128.26116485595702,120.87191207885742,100.28792541503907,1.0440083820504356,1.1078316616172261,1.3352128947428752,130.42397962187522,126.53232757116315,3.891652050712068,3.7874280497423563,0.10422400096971174,64.24872540907032,0.015910015242462053,18123070.5,0.8549863556509367,0.023722627737226172,0.3076923076923029,1.061132918723738,1.2052489028826954,0.008029380401169295
2022-11-09,134.8831638661284,135.86057809704235,133.75914346624037,134.9809112548828,10717725,FEDERALBNK,0.008029380401169295,0.0470055430484293,0.13803070753929614,129.0797504425049,121.34498107910156,100.48266342163086,1.045717169363497,1.1123732523135206,1.3433253723430416,131.12504602695333,127.15814858477201,3.9668974421813203,3.823321928230149,0.14357551395117119,64.79594518819655,0.015352500990489798,18209695.65,0.5885724399792481,0.015568383790459541,0.5813969993328664,1.063741980052403,1.2076210656352853,-0.0007242732369677762
2022-11-10,134.58992097532524,136.54474921001162,133.80798669861954,134.88314819335938,8519582,FEDERALBNK,-0.0007242732369677762,0.03603604870658739,0.12745102915898365,129.84213371276854,121.81609481811523,100.68507541656494,1.0388241808451975,1.107268693802364,1.3396538427895748,131.7032155910158,127.7303707780007,3.972844813015101,3.85322650518714,0.1196183078279609,67.91439140391054,0.015429397081678176,17858184.15,0.4770687729748828,0.020289877186650734,0.39285889450193573,1.0658865226851761,1.2098724097302882,-0.02137696497008612
2022-11-11,136.7890782098564,136.7890782098564,130.97346823737095,131.999755859375,18402905,FEDERALBNK,-0.02137696497008612,-0.016029170376148594,0.07523874328584523,130.30396118164063,122.24517944335938,100.87187007904053,1.0130141452520425,1.0797951826029695,1.3085883681540105,131.74883717076338,128.04662152476917,3.7022156459942153,3.823024333348555,-0.12080868735433992,61.5011065898322,0.015838369443049692,17922802.75,1.0267872305853503,0.044057732793695965,0.17647119164792244,1.065923104493582,1.2118857254016535,0.007404687878580507
2022-11-14,132.34184482615254,133.31925879064156,130.38701689717448,132.9771728515625,6766232,FEDERALBNK,0.007404687878580507,-0.0022003638649371604,0.0892712532642983,130.848868560791,122.61757415771484,101.06691299438477,1.0162653625834197,1.0844870628456798,1.315733991587837,131.9378118908863,128.41184754897608,3.5259643419102247,3.7636123350608894,-0.23764799315066476,58.914629866436464,0.01570147837254957,17331805.2,0.39039395619332257,0.02205071615366821,0.883336385091145,1.067129809569457,1.213231615816023,0.0003675360238086789
2022-11-15,133.27040024445665,133.66135986523832,132.19523891607668,133.0260467529297,6002862,FEDERALBNK,0.0003675360238086789,-0.006569430900015827,0.04411183404672436,131.1298740386963,122.9567367553711,101.2811668395996,1.0144602648948922,1.0818931134907395,1.3134331969496846,132.10523263889297,128.75364008260226,3.3515925562907114,3.681208379306854,-0.3296158230161428,53.91296399533742,0.012706252991632699,14429784.5,0.4160049652855176,0.011021307367606637,0.566670735677081,1.066471650915607,1.2140138249996606,-0.0216751672833031
2022-11-16,132.5862202519982,133.85686159887626,128.82318481466066,130.14268493652344,9854701,FEDERALBNK,-0.0216751672833031,-0.035843781712389,0.012547638477762524,131.21051139831542,123.22259353637695,101.49012710571289,0.9918617308140018,1.0561592740547503,1.2823186712631252,131.80330222314382,128.85653229400384,2.9467699291399754,3.534320689273479,-0.5875507601335035,47.328237603688244,0.013668000879846045,13181916.3,0.7475924422308765,0.03867813843452481,0.262134455275398,1.0648251074149022,1.2141337985322194,0.013518534520509995
2022-11-17,129.9960688971372,132.5373513976304,129.80058906959655,131.9020233154297,7763154,FEDERALBNK,0.013518534520509995,-0.02210153690701333,0.02003012773252344,131.34001808166505,123.44544372558593,101.68939762115478,1.0042790098705117,1.0685045906485005,1.2971069393766343,131.81849008349548,129.08212422151686,2.736365861978612,3.3747297238145055,-0.6383638618358933,50.83129508194289,0.01392054734531204,12609606.6,0.6156539411784663,0.020748448425913613,0.7678541261355534,1.0639519298389695,1.213946061372923,-0.016672892326774602
2022-11-18,132.19524377094706,132.19524377094706,129.409607899576,129.7028350830078,5861896,FEDERALBNK,-0.016672892326774602,-0.017400947156403834,0.010662469704636912,131.40843620300294,123.67024871826172,101.85726509094238,0.9870206116952775,1.048779608897603,1.2733783394557447,131.49300469880507,129.12810280384952,2.364901894955551,3.172764158042715,-0.8078622630871637,53.90425557014888,0.01436060731719796,12043030.1,0.4867459394625278,0.021477062313929315,0.10526400325520191,1.0625711322241285,1.2141524574397693,-0.0022606513607612566
2022-11-21,129.31188972988073,129.99607662401812,128.4322080824278,129.4096221923828,4197089,FEDERALBNK,-0.0022606513607612566,-0.026828293779128654,0.016116569005648618,131.5110641479492,123.93708282470703,102.02318637847901,0.9840207972676558,1.0441557864922153,1.2684334491603446,131.17248431320164,129.148956091889,2.023528221312631,2.9429169706966984,-0.9193887493840673,52.27275415179449,0.014248275249123013,11665547.4,0.3597850024594645,0.01208463880116617,0.6249976158233044,1.061111502309237,1.2147932957605663,-0.007175106582498758
2022-11-22,129.89834197582834,130.1915692203787,127.2593266031893,128.48109436035156,6354133,FEDERALBNK,-0.007175106582498758,-0.03416588332523707,-0.008672677874134282,131.45486297607422,124.19903015136718,102.18254432678222,0.9773780250620023,1.0344774367703646,1.2573683226115995,130.75842432045548,129.09948485251587,1.6589394679396037,2.6861214701452796,-1.027182002205676,48.89439186949958,0.013785653989616516,10906265.4,0.5826130913703971,0.02282236644844681,0.4166666666666707,1.0584210103401293,1.2154622980826912,0.022061398763464357
2022-11-23,129.16524444655894,131.9020064241244,128.67653748321342,131.31556701660156,8020019,FEDERALBNK,0.022061398763464357,0.009012278182597866,-0.0029686540761472147,131.43531341552733,124.48834457397462,102.35775524139405,0.9990889328308048,1.0548422622695413,1.2829078432495442,130.844138581401,129.2636390868926,1.580499494508416,2.464997075017907,-0.8844975805094908,52.61955174275243,0.014210768101148625,11033672.25,0.7268676120046977,0.02456273094037058,0.818184760645311,1.0558041707866443,1.2162082323942058,-0.0074430358625021675
2022-11-24,131.902034205588,132.19526142818597,129.89833225101717,130.3381805419922,7435488,FEDERALBNK,-0.0074430358625021675,-0.011856093895525333,-0.006333778874374918,131.39377365112304,124.75322402954102,102.52255729675294,0.9919661862217789,1.0447680334989073,1.2713122260960243,130.76629888303043,129.3432347502333,1.4230641327971227,2.2566104865737504,-0.8335463537766277,39.682584260382015,0.014280631096174706,10827169.85,0.6867434521681582,0.017622842114393217,0.1914940588273506,1.053229483031313,1.2168368339510018,-0.005999290785372646
2022-11-25,130.97349138007945,132.04865287199615,129.018663150526,129.55624389648438,7701526,FEDERALBNK,-0.005999290785372646,-0.0011302080361591527,-0.015230378687421275,131.29358825683593,125.01517120361328,102.68537033081054,0.9867674851192811,1.0363241728915846,1.2616816152009462,130.58013657740796,129.35901320551116,1.2211233718967947,2.049513063638359,-0.8283896917415645,39.89360995409584,0.014315801987283517,10606403.25,0.7261204216424639,0.023387446489195152,0.17741998995875552,1.0502212410923866,1.217458444186014,0.009430195611663583
2022-11-28,130.24040398384395,131.21781789741874,129.31186374877842,130.77798461914062,7327894,FEDERALBNK,0.009430195611663583,0.01057388472028431,0.02020576558350351,131.42309494018554,125.27027587890625,102.86437553405761,0.9950913473667735,1.043966605019362,1.2713632289134058,130.61057473767454,129.46412219911335,1.1464525385611921,1.868900958622926,-0.7224484200617338,41.75250265555091,0.013201573432360144,10381267.75,0.705876601631819,0.014573967890627397,0.7692319730818885,1.0491163527669323,1.2178198256541226,-0.010089530965271543
2022-11-29,130.72913742161364,131.6576778447678,129.0675364147869,129.45849609375,6388679,FEDERALBNK,-0.010089530965271543,0.00760735840758886,0.0072244518740669506,131.46952285766602,125.47357788085938,103.03390232086181,0.98470347560253,1.031759022737635,1.2564650389596848,130.43333186937846,129.46370545056791,0.9696264188105488,1.6890460506604505,-0.7194196318499018,35.623278469457546,0.013427249727117974,9978647.6,0.6402349552859248,0.0200075043982064,0.1509414406633325,1.047786514723442,1.2177892427107857,-0.007549923434076011
2022-11-30,129.80060950374968,130.3381902997325,128.0412609506046,128.48109436035156,6326371,FEDERALBNK,-0.007549923434076011,-0.021585199079189543,-0.00341154373892838,131.44753189086913,125.6671060180664,103.20094291687012,0.9774325353405617,1.022392401889804,1.2449604696329661,130.13298763722048,129.39091944388522,0.7420681933352569,1.499650479195412,-0.7575822858601551,34.063185851061164,0.013527950721340587,9424232.15,0.6712876868170103,0.017877566816839982,0.19148756574248227,1.0459979230521288,1.2176933898684734,0.00950910893730117
2022-12-01,129.16525439907517,131.85314290458427,128.28558776293383,129.7028350830078,10535474,FEDERALBNK,0.00950910893730117,-0.0048745920523241,-0.0037538820430851327,131.423095703125,125.86454345703125,103.35896701812744,0.9869105151502204,1.030495416108087,1.2548774317787066,130.06681032118777,129.41402430604245,0.652786015145324,1.3302775863853944,-0.6774915712400704,43.76652772267962,0.013514751110848803,9462833.45,1.1133529989371207,0.027505606483985215,0.39726010217135066,1.0441629715042933,1.2177418862454061,0.004144723568431541
2022-12-02,129.89831660960505,130.87573062446785,129.01864996189025,130.24041748046875,6907375,FEDERALBNK,0.004144723568431541,0.005280900120344878,-0.02914387375579508,131.22761306762695,126.05904846191406,103.5086351776123,0.9924772266744694,1.0331699236950689,1.2582565431085717,130.0935191149233,129.4752386152592,0.6182804996641096,1.1878781690411375,-0.5695976693770279,42.39124532502529,0.011523899499977513,8671744.45,0.7965381175410445,0.014258866014891998,0.6578968502545854,1.0410011392976242,1.2178602127794178,0.03039399510464369
2022-12-05,130.7779951196091,134.54103004052328,130.04493462556886,134.19894409179688,14401826,FEDERALBNK,0.03039399510464369,0.026158527236973095,0.006967246430906293,131.2740394592285,126.34347564697265,103.685298538208,1.0222809067551912,1.0621754974255566,1.2942909552634851,130.72512295751923,129.82514272463234,0.8999802328868896,1.130298581810288,-0.23031834892339842,52.678593208018455,0.013456113898973375,8748995.45,1.6461119544873006,0.03350321006906683,0.9239148823246505,1.0390250765780165,1.2185283490350864,-0.01820824476836591
2022-12-06,134.73653270425544,136.05603272273464,131.3644423017807,131.7554168701172,18534496,FEDERALBNK,-0.01820824476836591,0.017742526336037567,-0.016058418947163533,131.1665237426758,126.57610031127929,103.882155418396,1.0044896602474325,1.040918597950962,1.268316164017379,130.88362971330355,129.96812599466827,0.9155037186352786,1.087339609175286,-0.17183589054000747,53.75856854910407,0.014034901570526925,8900971.35,2.0823003772504,0.03560833043835184,0.08333518769888247,1.0362661151679315,1.2184585485493742,-0.020029594464118894
2022-12-07,131.95090424203556,132.63509113305204,128.2367276583175,129.1164093017578,12158260,FEDERALBNK,-0.020029594464118894,0.004944812655661046,-0.04344689851775507,130.87329864501953,126.87616653442383,104.04541023254394,0.9865756471224348,1.0176569235067972,1.2409620858159873,130.6117496499888,129.9050358692675,0.7067137807213157,1.011214443484492,-0.30450066276317633,43.763664338263425,0.014509110200332083,8972998.1,1.3549830128683522,0.034065100621371275,0.2000020345052088,1.031504199880686,1.2194306913765116,0.02763049776920279
2022-12-08,129.7028440655403,133.1237933094687,129.2630107170091,132.6839599609375,16928789,FEDERALBNK,0.02763049776920279,0.022984269202919183,-0.016304395781667758,130.76333923339843,127.35998641967774,104.23058422088623,1.0146877614077365,1.0418025605288317,1.2729849012431194,130.9305512362886,130.1108820982801,0.8196691380085213,0.972905382389298,-0.15323624438077676,56.2887350555995,0.01596483535878251,9393458.45,1.8021891606919282,0.029097583412465412,0.8860766339471595,1.0267223082334975,1.2219060976361362,-0.013996312607698402
2022-12-09,133.31926762253264,135.07861585799364,129.60510624274818,130.82687377929688,12091632,FEDERALBNK,-0.013996312607698402,0.004502874838496762,-0.008885486737775783,130.70469512939454,127.74020050048829,104.4117546081543,1.0009347686384287,1.0241636796146785,1.2529898982186018,130.91460085828987,130.16391851909614,0.7506823391937303,0.9284607737501844,-0.17777843455645415,52.804664244116694,0.015541437476377314,9077894.8,1.3319863543692971,0.04183780791459709,0.22321465064127893,1.0232072175970548,1.2234273907174824,0.0011206141450710305
2022-12-12,130.92460654020212,131.36443987155835,129.26300566943723,130.97348022460938,5392164,FEDERALBNK,0.0011206141450710305,-0.024034942219673283,-0.015067944249271825,130.60451049804686,128.1731948852539,104.59653900146485,1.0028250917610386,1.0218476674616905,1.2521779542129508,130.92365922233904,130.22388605283786,0.6997731695011851,0.8827232529003846,-0.1829500833991995,55.08981438837533,0.015439984234715367,9009191.4,0.5985180867619262,0.016044730570779025,0.8139557990660137,1.0189689865729692,1.2254056980170145,0.016790979134565287
2022-12-13,131.5599261159983,134.29667329627236,131.07121913178457,133.1726531982422,10645314,FEDERALBNK,0.016790979134565287,0.010756569724355902,0.0011020882668548726,130.6118408203125,128.62769226074218,104.78343620300294,1.019606280424856,1.0353342336911937,1.2709322964007326,131.2696582955549,130.44231324879374,0.8273450467611667,0.8716476116725411,-0.04430256491137441,53.893465698242814,0.01592582944860282,9241314.0,1.1519264468234711,0.02422009389334867,0.6515157119869751,1.0154255162686758,1.2275574930711797,0.0036698507024208737
2022-12-14,133.8568567885069,134.5410436694212,132.92831638482633,133.661376953125,7409698,FEDERALBNK,0.0036698507024208737,0.035200542486781394,0.027037186287633297,130.78777542114258,128.97956146240233,104.9742174911499,1.021971484129379,1.0362988944731948,1.2732781453159547,131.63761501210416,130.68076241207754,0.9568526000266218,0.8886886093433574,0.0681639906832644,57.112977953880225,0.015081661485579299,9119063.85,0.812550292648735,0.012065768895680801,0.45454713596094065,1.0140193836778344,1.228678475010078,0.008043831065049245
2022-12-15,133.66136511862007,138.98826846044355,133.17265811635818,134.7365264892578,30030543,FEDERALBNK,0.008043831065049245,0.015469590513612852,0.021489459392519894,130.92950057983398,129.4008267211914,105.1662931060791,1.0290769146186616,1.0412338924198898,1.2811759596142827,132.11437062397397,130.98118938075757,1.1331812432163986,0.9375871361179656,0.19559410709843295,60.950441346379016,0.014899522296291696,10232433.3,2.9348388716103333,0.04316283412983067,0.2689087267495714,1.0118134783013115,1.2304401239156297,-0.013057733367021207
2022-12-16,134.44329379829605,136.5936015373412,132.2929860592509,132.9771728515625,14600806,FEDERALBNK,-0.013057733367021207,0.01643621841712095,0.02524492056368044,131.0932174682617,129.6979605102539,105.38054267883301,1.0143711125539878,1.0252834534051856,1.261875954243616,132.24710942821835,131.1290400082246,1.118069419993759,0.9736835928931243,0.14438582710063474,54.54548321659972,0.01469216811472743,10669378.8,1.368477609961697,0.03234100549641637,0.15909043619389637,1.010757740156581,1.2307581382033,0.005880346886075971
2022-12-19,133.17267033368188,134.63879147497013,131.36444829376418,133.75912475585938,10385302,FEDERALBNK,0.005880346886075971,0.02126876774193409,0.033610348981704785,131.31069259643556,130.01073333740234,105.58477718353271,1.018646098889667,1.0288313997024328,1.2668410004157382,132.47972717093236,131.32386110064198,1.1558660702903865,1.0101200883725767,0.14574598191780974,59.090938413622446,0.014699662197160571,10978789.45,0.9459423597926819,0.024479400468434328,0.7313455950005903,1.0099988610606447,1.231339751860358,-0.013883923387053576
2022-12-20,133.6124979061815,134.2478259883822,130.28929609552563,131.9020233154297,10008151,FEDERALBNK,-0.013883923387053576,-0.009541222257703486,0.02662593257093082,131.48173904418945,130.2472674560547,105.77852577209472,1.0031965219983816,1.0127047261082334,1.2469640917440974,132.39084965470119,131.36668793136698,1.0241617233342026,1.012928415364902,0.011233307969300554,56.97207364100013,0.014987921407480105,11161490.35,0.8966679794692471,0.030011138520522698,0.40740559337806953,1.009477907769169,1.23132050201455,-0.030011113641992604
2022-12-21,132.53735479698335,133.1726679813239,127.40593089311582,127.94349670410156,13127587,FEDERALBNK,-0.030011113641992604,-0.04277885189697461,-0.02567913606216765,131.31313552856446,130.4339533996582,105.95704330444336,0.9743389051605588,0.9809063772840978,1.2075034628560288,131.70664150845508,131.11311821082882,0.5935232976262625,0.9290473918171742,-0.33552409419091167,46.7742079883256,0.015718714440349568,11416868.75,1.1498412820065047,0.04507252995863463,0.09321836642855844,1.0067404391724015,1.2310078625437484,-0.02253633165790203
2022-12-22,128.48106866478807,129.36075022250736,124.22931921160752,125.06011962890624,17643887,FEDERALBNK,-0.02253633165790203,-0.0718172503958906,-0.04049512499820018,131.04923248291016,130.5424461364746,106.12258445739747,0.9542987567303384,0.9580034948798423,1.1784496228426398,130.68409968083216,130.6647479455012,0.019351735330957354,0.747108260519931,-0.7277565251889736,41.25412439228971,0.016383361657314657,11927288.7,1.479287325375129,0.04103171359604052,0.16190423597900605,1.0038821575773578,1.230109941290399,-0.04298549037694266
2022-12-23,123.2519118822748,124.08271234460742,118.70693499682552,119.6843490600586,13181619,FEDERALBNK,-0.04298549037694266,-0.09996320049864649,-0.07619775426889841,130.55563774108887,130.48086898803712,106.27325088500976,0.9167306072021979,0.9172559164288798,1.1261944850972891,128.9918303545593,129.85138506509804,-0.8595547105387311,0.4257756663081985,-1.2853303768469297,26.6141861983088,0.018778381460931706,12201293.35,1.0803460438069052,0.044916293483655764,0.18181818181818157,1.0005730246405595,1.2277865587194712,0.06778280754703792
2022-12-26,119.97757766169298,129.31188505730748,118.16936311503004,127.79689025878906,22992460,FEDERALBNK,0.06778280754703792,-0.044574413206969865,-0.022795078002106228,130.40658302307128,130.5952262878418,106.49256980895996,0.9799880289492708,0.9785724477946461,1.2000545248184689,128.8079934167485,129.6992002646307,-0.891206847882188,0.1623791634701212,-1.0535860113523092,44.60719403882348,0.024577676687529047,12984521.65,1.7707591099437998,0.08718930421322305,0.8640348382200481,0.998555511789116,1.2263318137793113,0.016826030169437622
2022-12-27,128.7743106257986,130.33817918729608,126.86835606995572,129.94720458984375,12906891,FEDERALBNK,0.016826030169437622,-0.014820233052158738,0.003775020650169214,130.43101844787597,130.6460516357422,106.71183654785156,0.9962906533753275,0.9946508368439108,1.2177393698174523,128.98325667414778,129.71757095538723,-0.734314281239449,-0.01695952547179283,-0.7173547557676562,51.14708819476924,0.02478227194432894,13310432.25,0.9696823331939501,0.02670179114889205,0.8873214615758245,0.9983540781740136,1.2242882876180103,0.005265129364905974
2022-12-28,129.5073731408309,131.2178478804268,128.43221162456533,130.6313934326172,7348889,FEDERALBNK,0.005265129364905974,0.021008467001116804,0.01673630725960873,130.53853340148925,130.68808074951173,106.92107955932617,1.0007113610725373,0.9995662395792376,1.2217552794174242,129.23681617545077,129.78526150925612,-0.548445333805347,-0.12325668713850367,-0.4251886466668433,46.920829773850365,0.02472943057477273,13361558.15,0.5500023962399924,0.02132440129943477,0.7894719934895986,0.9988556925224947,1.2222854584721827,0.029928890806616426
2022-12-29,130.1426826519346,136.7402278878999,129.01866239221022,134.54104614257812,30066392,FEDERALBNK,0.029928890806616426,0.0758109502997828,0.03730227682744114,130.78044395446778,130.79266387939452,107.13906711578369,1.0287550804569805,1.0286589641345636,1.2557608514285596,130.05285155500883,130.13754185246515,-0.08469029745631929,-0.1155434092020668,0.030853111745747508,55.248611041032454,0.025503539954663965,14338104.05,2.096957303082202,0.057391894273713655,0.7151896533741258,0.9999065702573502,1.2207747127203257,0.01017082134834757
2022-12-30,134.93202494736653,137.8153936762005,133.9057371180104,135.90943908691406,17160666,FEDERALBNK,0.01017082134834757,0.13556567884004278,0.04352736052382089,131.06389503479005,130.9441632080078,107.36101558685303,1.0369708534210569,1.0379190317251392,1.2659105201642387,130.95386502145578,130.56508979575764,0.38877522569814005,-0.014679682222025425,0.4034549079201655,56.7423362599598,0.02556401525810643,14850768.6,1.1555405960604626,0.028766630077031535,0.5125007629394539,1.0009143731484391,1.2196621137779426,-0.009708923166947714
2023-01-02,136.59360646751043,137.52214678445878,134.0523241024533,134.58990478515625,11044858,FEDERALBNK,-0.009708923166947714,0.053154771705409276,0.0029132918742784675,131.083443069458,131.0888200378418,107.57828708648681,1.0267498444776144,1.026707729509685,1.251088006978152,131.5132557543328,130.8632242394168,0.6500315149159803,0.11826255720557573,0.5317689577104046,51.98358053788453,0.024817859744303575,14682920.2,0.7522248877985457,0.02578070537715521,0.15493030392903007,0.9999589822504906,1.218543477388275,0.00036324537292964365
2023-01-03,135.12750100137535,139.03715744987807,134.1989605776871,134.6387939453125,24559742,FEDERALBNK,0.00036324537292964365,0.0361038113153489,0.021884315223545725,131.22761192321778,131.18949356079102,107.80276546478271,1.0259943922784378,1.026292504764668,1.248936364153818,131.99410778371427,131.14289606948316,0.8512117142311126,0.2648523886106831,0.5863593256204296,51.38504191062094,0.02442798358373379,14984182.5,1.639044505764662,0.035934642092502245,0.09090853043898971,1.0002905595668687,1.2169399643430145,-0.009800437186809008
2023-01-04,135.1274969208344,135.3718504414869,131.85315377842872,133.31927490234375,10921191,FEDERALBNK,-0.009800437186809008,0.020576075927055237,0.032550979564211824,131.43775520324706,131.22174789428712,107.99711807250976,1.0143149104774898,1.0159845989076932,1.2344706718269332,132.1979796481188,131.30410931636172,0.8938703317570855,0.3906559772399636,0.5032143545171219,48.0055067006351,0.024060827524082225,14922329.05,0.7318690643669997,0.02639300780502771,0.4166659602424454,1.0016461243080983,1.2150486071876865,0.0021994430259903996
2023-01-05,133.80798288682664,134.0034776360509,132.04864945705177,133.6125030517578,8313992,FEDERALBNK,0.0021994430259903996,-0.006901559913814692,0.006998156303849257,131.4841823577881,131.2706184387207,108.19437732696534,1.0161868953040925,1.0178401278282263,1.234930190946785,132.41559863329405,131.47510144490957,0.9404971883844837,0.5006242194688677,0.439872968915616,50.93258142085119,0.023287617342619568,14491589.2,0.5737115429686621,0.014630578234447682,0.7999954223632809,1.0016268980949996,1.213285030903395,-0.015361970045094875
2023-01-06,133.90573979843435,134.34557318720374,130.33818408333573,131.55995178222656,11398532,FEDERALBNK,-0.015361970045094875,-0.032002834636864375,0.005603420625691857,131.52083625793458,131.2706184387207,108.38473495483399,1.0002974093337977,1.0022040982738336,1.2138236241205935,132.28396065620674,131.4813866550812,0.8025740011255493,0.5610141758002041,0.24155982532534526,46.88798517201858,0.023334632757707325,14456934.2,0.7884473874135777,0.030460554671694524,0.3048787295727176,1.0019061220415495,1.2111541214122423,0.007800705017552367
2023-01-09,132.3907323277295,133.9057271136714,131.7065454639943,132.58621215820312,10116170,FEDERALBNK,0.007800705017552367,-0.014887391666942529,0.01231342353297804,131.60147285461426,131.3585856628418,108.57302143096923,1.0074827377097577,1.0093456129202873,1.2211708803047494,132.3304608872831,131.56322558123838,0.7672353060447108,0.6022584018491054,0.1649769041956054,50.991499098697496,0.023391198980352617,14693134.5,0.6884963858460562,0.01658680502202599,0.3999972873263956,1.001849039334177,1.2098639600479353,-0.0029486130435933955
2023-01-10,132.8794536609977,132.9283273524145,130.19156468879817,132.1952667236328,9012962,FEDERALBNK,-0.0029486130435933955,-0.018148760472945114,-0.007339243088852698,131.5526035308838,131.43189224243164,108.7607936477661,1.0048852183499215,1.0058081373415297,1.215468021976392,132.30966178518307,131.61004344363798,0.6996183415450901,0.6217303897883023,0.07788795175678775,56.8720660837431,0.023098633127858634,14611516.9,0.6168395835753371,0.020702425521314644,0.7321431490836597,1.0009184322495297,1.2084491831503952,-0.004436403603188532
2023-01-11,132.68395658095227,132.68395658095227,130.2892951540349,131.60879516601562,10832347,FEDERALBNK,-0.004436403603188532,-0.01282995078979432,-0.01535658118971206,131.44997444152833,131.48564987182618,108.94827445983887,1.001208221798156,1.000936568319885,1.2079933878579234,132.201836151465,131.60995097862892,0.5918851728360721,0.6157613463978563,-0.023876173561784175,61.433438279403084,0.023099786556063616,14782649.35,0.7327743994685229,0.018195299363516416,0.5510173576726904,0.9997286743433018,1.2068630781325056,0.002970627402721915
2023-01-12,132.19523566495835,133.12377592709416,130.58250862620423,131.999755859375,9268341,FEDERALBNK,0.002970627402721915,-0.012070331410212964,-0.020312017098800705,131.3131359100342,131.52181381225586,109.14011085510253,1.005228874815778,1.003633937468361,1.2094522795072251,132.17074687575882,131.63882541423973,0.5319214615190901,0.5989933694221031,-0.06707190790301298,76.03300320452342,0.023028501439666633,13744539.25,0.6743289703217953,0.01925206061439423,0.55769309772115,0.9984133589997508,1.2050731191474406,0.02517589254833341
2023-01-13,132.43959916499318,135.6650684005508,131.02235182465623,135.32296752929688,22395780,FEDERALBNK,0.02517589254833341,0.02860304899852273,0.01764058166850102,131.4304256439209,131.5452717590332,109.34304141998291,1.0296167486813281,1.0287178377432198,1.2376001780444899,132.65570389938006,131.9117248301699,0.7439790692101553,0.6279905093797136,0.11598855983044176,69.94812659601918,0.023536737760639765,14134287.95,1.584500052583123,0.03430841534634135,0.9263145045230301,0.9991269460804134,1.2030511503130068,0.01336242347375416
2023-01-16,136.1049224711059,140.16118529003998,134.05234675902088,137.13121032714844,58289006,FEDERALBNK,0.01336242347375416,0.03427956870449078,0.02521013484084822,131.59902992248536,131.62248764038085,109.56029502868653,1.0420381549006983,1.041852443192067,1.2516506120327893,133.34424334980596,132.29835338550163,1.0458899643043367,0.7115704003646383,0.3343195639396984,69.39311832244384,0.023675194537564836,16529473.15,3.526368050030681,0.04454739746295166,0.5040014648437483,0.9998217803179682,1.2013703286023254,-0.01639351193959382
2023-01-17,139.2815117214037,139.67247140267864,131.9509058413298,134.88314819335938,46001364,FEDERALBNK,-0.01639351193959382,0.020332660437425876,0.022601054957289257,131.74808616638182,131.64203598022462,109.76870910644531,1.023795882871637,1.0246206478728546,1.2287941553777406,133.5809979411219,132.48981966756514,1.09117827355675,0.7874919750030606,0.30368629855368934,60.58391720749253,0.023767539815392986,18329133.8,2.5097402038715,0.057246332583220184,0.3797471288344988,1.0008055951533075,1.199267414656104,-0.00942034018793847
2023-01-18,135.5673312307569,135.61620491806298,131.70654856006476,133.6125030517578,19124929,FEDERALBNK,-0.00942034018793847,0.015224726305066882,0.04430867135644356,132.03153648376465,131.6146678161621,109.9690894317627,1.0119741586752462,1.0151794269494816,1.2150005400805486,133.58584488121974,132.57298139972755,1.0128634814921895,0.8325662763008864,0.1802972051913031,47.33894757832117,0.022760699260583613,18629000.9,1.026621293469367,0.02926115646889515,0.48749923706054826,1.0031673420183291,1.1968332964858346,-0.005120694748966703
2023-01-19,133.36814755993308,134.68766252693433,131.9509001339183,132.92831420898438,12287029,FEDERALBNK,-0.005120694748966703,0.007034545962331995,0.06291529708611843,132.42494621276856,131.57557113647462,110.14588180541992,1.0038011568863094,1.0102811111578351,1.2068387127156615,133.48468631626045,132.5993023485614,0.885383967699056,0.8431298145805204,0.04225415311853564,41.1078674739045,0.022078891836760896,18361158.0,0.6691859522149964,0.0205882577335134,0.35714246788845827,1.0064554162217008,1.1945573359602466,-0.012867570673091855
2023-01-20,132.92832449516993,134.10121849317838,130.48478911842048,131.2178497314453,11820995,FEDERALBNK,-0.012867570673091855,-0.030335706294371767,0.0963659890534152,133.0016212463379,131.559933013916,110.30980037689208,0.9865883475842089,0.9973997912994186,1.1895393635299614,133.1359422262889,132.49697252507133,0.6389697012175759,0.8022977919079316,-0.1633280906903557,40.17102228199907,0.019650573981272706,18293126.8,0.6461987132784757,0.02756049868336816,0.20270286989191022,1.0109584141569103,1.192640477676682,0.0130353033603261
2023-01-23,132.048647507087,133.27041510091956,130.97348605885225,132.92831420898438,12409370,FEDERALBNK,0.0130353033603261,-0.030648720361596604,0.04015296412771985,133.25819244384766,131.55895584106446,110.50267833709717,0.9975245181642225,1.0104087050491206,1.20294201198885,133.1039994543959,132.52892376091674,0.5750756934791639,0.7568533722221781,-0.1817776787430142,45.45453070943025,0.013152375630242595,17763972.3,0.6985695423539925,0.017279456643497206,0.8510616193753701,1.0129161606058659,1.1905499289323418,-0.007353077911150585
2023-01-24,133.61248267390766,133.759103713464,131.02234169743025,131.9508819580078,9611256,FEDERALBNK,-0.007353077911150585,-0.021739307501542515,0.01541916484073913,133.35837631225587,131.53745254516602,110.68562740325928,0.9894457746624596,1.0031430547334026,1.192122997842106,132.9265967626439,132.48610584959016,0.4404909130537362,0.6935808803884898,-0.25308996733475353,46.29626111485105,0.012830200563937685,17599190.55,0.5461192077382218,0.020740763346354038,0.33928425458171685,1.0138433862892746,1.1883878298483832,-0.020370202692490458
2023-01-25,131.9509045433232,131.9509045433232,127.89464196191294,129.2630157470703,15133077,FEDERALBNK,-0.020370202692490458,-0.03255299620427454,-0.010475105941916807,133.28995742797852,131.51985916137696,110.85921852111817,0.9697881088822156,0.9828402841312546,1.1660105264267788,132.36296891409413,132.2473584345887,0.11561047950542047,0.5779868002118759,-0.4623763207064554,39.57845553126302,0.01362129818236219,17988399.95,0.8412686532467275,0.03137991604146977,0.337348423011024,1.0134587907703705,1.186368268835695,-0.001890364746904849
2023-01-27,129.94720191334437,130.2893028147995,126.47737886747134,129.01866149902344,13446595,FEDERALBNK,-0.001890364746904849,-0.0294117376965628,-0.04104609561086969,133.0138381958008,131.46219192504884,111.02318500518798,0.9699642025899868,0.9814126754601921,1.1620875539914888,131.84846008100632,132.0081956986209,-0.15973561761458654,0.43044231664658344,-0.5901779342611699,43.33329597274171,0.011595252606651275,17157410.1,0.7837193913083653,0.029545523903586668,0.6666666666666642,1.0118029849345322,1.184096744467435,0.007954592627380963
2023-01-30,128.92091719965606,131.12009898223351,127.06383632669748,130.04495239257812,12277806,FEDERALBNK,0.007954592627380963,-0.00893855021453005,-0.043149958779431064,132.720613861084,131.46903427124025,111.1930030822754,0.9798398953209603,0.9891679292651985,1.1695425862035,131.57099735970968,131.86277026854367,-0.2917729088339911,0.28599927155046856,-0.5777721803844597,43.33338670552162,0.01148256263751132,16913267.1,0.7259275175758325,0.031191234883850276,0.7349415752976406,1.0095199572795335,1.1823498837778663,0.010522226365441867
2023-01-31,130.6802542886433,132.1463753500286,128.67655252191915,131.41331481933594,12256476,FEDERALBNK,0.010522226365441867,-0.011397115796312751,-0.023601992815813766,132.56178436279296,131.5091081237793,111.3773456954956,0.9913363451693294,0.9992715842589914,1.1798926792403408,131.5467385073445,131.82947727230606,-0.2827387649615787,0.17225166424805913,-0.45499042920963784,48.04873182418406,0.01167032683517913,16973848.0,0.722079990347504,0.026403890906181594,0.7887325759822534,1.00800458807783,1.1807527581356059,-0.02305678283729684
2023-02-01,132.39073537408026,133.36814946309403,124.22932922223109,128.3833465576172,12078487,FEDERALBNK,-0.02305678283729684,-0.027036843918375353,-0.04646095827504326,132.2490119934082,131.5071531677246,111.54413764953614,0.9707697972368694,0.9762461087867722,1.1509645353213331,131.06006282277104,131.57420833047726,-0.5141455077062176,0.034972229857203774,-0.5491177375634213,42.826123697891035,0.012646848990116314,16349785.25,0.7387550854834622,0.07118384499162068,0.45454634470344435,1.0056412051193704,1.1789696521829847,0.014845732529361833
2023-02-02,125.6465748034768,131.02235189420844,125.6465748034768,130.28929138183594,11753340,FEDERALBNK,0.014845732529361833,0.007939437501394364,-0.022727272727272707,132.0975128173828,131.4866276550293,111.73006267547608,0.9863114649399446,0.990893855180964,1.1661077445223118,130.94148260108872,131.47902929724458,-0.5375466961558573,-0.07953155534540843,-0.4580151408104488,46.43586386352523,0.013071177278752323,16391392.7,0.7170434029074296,0.04126031413415992,0.8636363636363624,1.004645986996915,1.1768240749755674,0.000750119544812744
2023-02-03,130.87573093436987,131.95089231892655,127.35704942102444,130.38702392578125,7881035,FEDERALBNK,0.000750119544812744,0.010605926389712028,-0.024140548618620694,131.93623886108398,131.48760452270508,111.91959747314453,0.9882578513024469,0.9916297768073356,1.1650061907796625,130.85618126642603,131.39814001046952,-0.5419587440434839,-0.17201699308502355,-0.3699417509584603,38.11762406845805,0.013056120274736632,16369744.85,0.4814390860832507,0.03523236254335407,0.6595729484220111,1.0034119895940565,1.1748398626456458,-0.003748137516904504
2023-02-06,127.06382077799393,131.21783030342831,127.06382077799393,129.8983154296875,7602374,FEDERALBNK,-0.003748137516904504,-0.0011275867320705846,-0.012630259665111443,131.85315704345703,131.49444595336914,112.10764900207519,0.985174100813337,0.9878616126171013,1.1586927081780387,130.7088172915432,131.28704189337455,-0.5782246018313515,-0.2532585148342892,-0.3249660869970623,31.40690370414535,0.012641992197505118,16179936.95,0.4698642537046475,0.03197893299611655,0.6823515050551475,1.002727956207482,1.1729301891874933,-0.014296460854766435
2023-02-07,130.24041066642937,130.24041066642937,127.5525222661841,128.04122924804688,12025284,FEDERALBNK,-0.014296460854766435,-0.025660151529735997,-0.034279453618700106,131.62590789794922,131.43971084594727,112.28401428222656,0.9727661620181828,0.9741441792892899,1.1403335556405603,130.29841913100532,131.04661132705397,-0.7481921960486488,-0.3522452510771611,-0.39594694497148775,32.05116709524739,0.012836995150816826,16275392.65,0.738862911550094,0.020992366412213834,0.18181818181818182,1.001416596634332,1.170600389433644,0.002671930842740977
2023-02-08,128.4810790180253,128.87205360212403,127.21043771947636,128.3833465576172,6651377,FEDERALBNK,0.002671930842740977,0.0,-0.02883552687241686,131.43531188964843,131.4182078552246,112.46617156982421,0.9767797155258121,0.9769068430688786,1.141528557126272,130.0037925812533,130.84933245524383,-0.845539873990532,-0.4509041756598353,-0.39463569833069667,35.579499626335604,0.012868881136208129,16157313.4,0.41166355045140113,0.012942612318506196,0.7058844648691495,1.0001301496550818,1.168513216204164,-0.010658588918519007
2023-02-09,128.38334995196735,128.43220872638548,126.08642081639395,127.01496124267578,9128501,FEDERALBNK,-0.010658588918519007,-0.025131229930203114,-0.03490521980347161,131.20562019348145,131.3888851928711,112.64316753387452,0.9680603700921809,0.9667100916201956,1.1275869102711384,129.54397237531828,130.56530495801655,-1.0213325826982782,-0.5649898570675239,-0.4563427256307543,34.28568416348931,0.013020891119072276,16072121.1,0.567971143522556,0.018468595250835437,0.3958330684231298,0.9986051712127656,1.1664168193189284,0.011542995434014935
2023-02-10,126.72174580720647,129.31190240088478,126.57513964200989,128.48109436035156,7108094,FEDERALBNK,0.011542995434014935,-0.014617478856750132,-0.02665657581042813,131.02968711853026,131.36445037841796,112.81741062164306,0.9805495013059656,0.9780507130372,1.138841014453345,129.380452680708,130.41091898781914,-1.0304663071111406,-0.6580851470762473,-0.3723811600348933,42.631581542061646,0.01332018537743233,15964108.75,0.44525467167091304,0.021300898567995358,0.696426722470176,0.9974516449547549,1.1643987364590054,-0.007987934163066424
2023-02-13,128.77431087081118,128.9209170237873,126.86835631134194,127.45479583740234,4384613,FEDERALBNK,-0.007987934163066424,-0.018811018327699602,-0.05814365318430592,130.63627853393555,131.30873794555663,112.98868293762207,0.9756462543771349,0.9706497665848238,1.12803152071227,129.08419778173788,130.1919469026031,-1.1077491208652077,-0.7480179418340395,-0.35973117903116825,34.699457397769976,0.011836954543837666,15063550.4,0.2910743406149456,0.016104225023151463,0.2857111716621221,0.9948787916010594,1.1621406191454462,-0.0049846894079316195
2023-02-14,127.84576100419116,127.84576100419116,125.01125876153756,126.81947326660156,7680733,FEDERALBNK,-0.0049846894079316195,-0.009541895127220923,-0.07519613540890202,130.1206916809082,131.16114852905272,113.15389770507812,0.9746295660462508,0.9668981606890286,1.1207698173786387,128.73577862556306,129.94213404067705,-1.2063554151139897,-0.8396854364900296,-0.3666699786239601,35.37607812134448,0.01120227286240695,12533136.75,0.6128340536937013,0.022350686133941523,0.6379301726609995,0.9920673396061788,1.1591394657116303,-0.0007707633553158955
2023-02-15,126.67286669275002,127.40592722936512,125.64657895865794,126.7217254638672,6266944,FEDERALBNK,-0.0007707633553158955,-0.012942652908679797,-0.06050735646970895,129.7126205444336,131.06047470092773,113.32654647827148,0.9769421428075932,0.9668950593459905,1.1181998340359205,128.42592429299447,129.70358525720965,-1.2776609642151868,-0.9272805420350612,-0.35038042218012566,41.50323196147159,0.010819069994553177,10546415.75,0.594225009572565,0.013883556779763311,0.6111049887678582,0.9897157845676215,1.1564852082213273,0.004627846308806749
2023-02-16,127.79688113573188,129.06752232488356,126.96607326593735,127.30817413330078,10039227,FEDERALBNK,0.004627846308806749,0.0023084909663892983,-0.047183674988970914,129.39740409851075,131.0243099975586,113.50908992767334,0.9838541585917796,0.971637813896314,1.1215680983295704,128.25396272996468,129.52614739617937,-1.2721846662146845,-0.9962613668709859,-0.27592329934369864,44.40891015182929,0.010840417828039092,10092130.65,0.9947579305267912,0.01650678814029517,0.16279284330355287,0.9875831752208567,1.1543067615205596,-0.024184167152237812
2023-02-17,126.91722823153728,127.25931422176586,123.83836483454552,124.22933197021484,13966049,FEDERALBNK,-0.024184167152237812,-0.0330925138153928,-0.06544115368147496,128.96245498657225,130.85521743774413,113.67671932220459,0.9632984420399703,0.9493647590270398,1.0928300245725775,127.63478876692625,129.13379069795977,-1.4990019310335185,-1.0968094797034924,-0.4021924513300261,33.23941580866328,0.011884016801775704,10176081.65,1.372438771656279,0.027537372478510562,0.11428615025111609,0.9855354452941674,1.1511171171895709,-0.008654616011177785
2023-02-20,124.2293288075986,124.52255601615512,122.46998792749254,123.1541748046875,9530070,FEDERALBNK,-0.008654616011177785,-0.03374232412722444,-0.061452576332116315,128.55927124023438,130.70176345825195,113.84041339874267,0.9579563855379473,0.9422533525649388,1.0818141917081943,126.94546354196645,128.690856187347,-1.7453926453805622,-1.2265261128389064,-0.5188665325416557,25.78801637181003,0.011742198184326787,10061535.4,0.9471784992179225,0.01666665455651656,0.33333212231744525,0.9836077787986242,1.148113921551303,0.010714243234322574
2023-02-21,123.545138218135,125.4022264166768,122.22563073343444,124.4736785888672,9155033,FEDERALBNK,0.010714243234322574,-0.01849711733783188,-0.06360297029589301,128.13653945922852,130.5717674255371,114.02535011291504,0.9714143921334258,0.9532970338312412,1.0916316281037994,126.56518893379733,128.3784726615337,-1.813283727736362,-1.3438776358183977,-0.46940609191796434,37.26113129649851,0.011584744759978432,9898818.55,0.9248611795192467,0.025520220172286813,0.7076908991887109,0.9813495059895138,1.1451117431013083,-0.016882608865674498
2023-02-22,123.9361066314489,124.37593997860114,121.98127849818994,122.37223815917967,5283351,FEDERALBNK,-0.016882608865674498,-0.03432313826824995,-0.0725924954550623,127.65760726928711,130.35575912475585,114.18681510925293,0.9585973039667097,0.9387559013949233,1.071684485131624,125.92011958385615,127.93356640210007,-2.0134468182439207,-1.4777914723035024,-0.5356553459404183,24.528370430735677,0.011953934138578606,9682423.3,0.5456641210883643,0.01956866619777165,0.16326301825450598,0.9793016290681373,1.141600796904902,0.02116614817824969
2023-02-23,122.37223831370656,125.35335420352192,121.297084330472,124.96238708496094,9981405,FEDERALBNK,0.02116614817824969,-0.018426052092174627,-0.03327037232772323,127.44257583618165,130.18177932739258,114.36795318603515,0.9805387741502587,0.9599068911993786,1.0926346376217164,125.77277612248764,127.71347904527495,-1.9407029227873096,-1.5703737624002638,-0.3703291603870458,34.95942320107835,0.012499686037781734,9424839.7,1.0590530255915123,0.032459926283995265,0.9036141255889834,0.9789586261198494,1.1382714799104088,-0.005475158235479838
2023-02-24,125.69545309227838,126.08641274753904,123.8872311298494,124.2781982421875,6152834,FEDERALBNK,-0.005475158235479838,0.00039335534690287943,-0.0367424619179747,127.20555267333984,129.97261276245118,114.55383316040039,0.9769872118816252,0.9561875813739986,1.0848890413660002,125.54284106397994,127.45901380060181,-1.9161727366218742,-1.639533557244586,-0.2766391793772882,34.58452894753587,0.012529494502806928,9060151.65,0.6791093833401783,0.01769563486432258,0.17777845594618702,0.9787104372967508,1.134598547919921,0.011797002613725516
2023-02-27,124.1315812945384,126.0864093464209,122.9586874462398,125.74430847167967,8137444,FEDERALBNK,0.011797002613725516,0.021031635111841807,-0.03307044096502665,126.99052047729492,129.82795547485352,114.77225242614746,0.9901865745495699,0.9685457035178774,1.095598507597404,125.5738360497799,127.33199859105201,-1.7581625412721138,-1.6632593540500915,-0.09490318722202229,43.56166399063829,0.012714947182195997,8853133.55,0.919159747680526,0.02487366576027201,0.8906229883413189,0.9781446531513146,1.1311789455242587,0.0038865864501402836
2023-02-28,125.84206492423064,127.06383254485422,124.71803722184136,126.23302459716795,8178756,FEDERALBNK,0.0038865864501402836,0.014134281466138932,-0.039419827658176976,126.73150596618652,129.67743347167968,115.0024785232544,0.9960666342183958,0.973438640923874,1.0976548176884957,125.67524967245498,127.25059311002357,-1.5753434375685913,-1.6456761707537917,0.07033273318520039,44.02171676656382,0.01246603704213186,8649247.55,0.9456031814004444,0.018583055666286343,0.6458310153763953,0.9772826510625188,1.1276055536964613,0.04026317546975444
2023-03-01,126.91720434649191,131.7065266216168,126.23300266648585,131.31556701660156,13898807,FEDERALBNK,0.04026317546975444,0.07308298836365612,0.022839570221581784,126.87811698913575,129.66570434570312,115.24947425842285,1.0349741163627593,1.012723971070251,1.1394027422819635,126.54299080232369,127.55170228828861,-1.0087114859649233,-1.5182832337960182,0.5095717478310948,59.909868889014675,0.014665943139695953,8740263.55,1.590204565398946,0.04168221696395651,0.9285725963346247,0.9785017374437318,1.1250871657336579,-0.0074430358625021675
2023-03-02,131.0712411414091,132.34186758240693,129.45849887419823,130.3381805419922,10331343,FEDERALBNK,-0.0074430358625021675,0.04301929230414192,0.00037523544443085477,126.88056144714355,129.71359802246093,115.48486080169678,1.0272509756846326,1.0048150890041854,1.1286170294286502,127.12686614688806,127.75810808485924,-0.6312419379711827,-1.3408749746310513,0.7096330366598687,54.377885323044666,0.014421753109016068,8669163.7,1.1917346767831827,0.022122210822789156,0.30508816485716206,0.9781592938712037,1.123208679665786,0.006374151339470835
2023-03-03,131.02236967337151,132.14638997920562,130.9734959830839,131.16897583007812,8336592,FEDERALBNK,0.006374151339470835,0.05544639112374483,0.0059971604593258565,126.9196590423584,129.83577514648437,115.72728225708008,1.033480367184894,1.0102683615674464,1.1334317480876757,127.74872917507115,128.01076495487547,-0.2620357798043216,-1.1251071356657054,0.8630713558613838,58.83724653671425,0.014489425082879053,8691941.55,0.9591173562367086,0.008941855257306775,0.16666454738501693,0.9775399646142527,1.121911554598364,-0.00037271892874712886
2023-03-06,132.3418542121841,132.87943491361042,130.68025333753835,131.12008666992188,10685105,FEDERALBNK,-0.00037271892874712886,0.042751662191159445,0.009405597264236398,126.98074760437012,130.06448989868164,115.98218368530273,1.0325981626635918,1.0081159490346867,1.1305192099649821,128.26739955889434,128.24108508191594,0.02631447697839917,-0.8948228131368846,0.9211372901152838,60.52631382379566,0.014458215523739645,8846078.1,1.207891777487246,0.01677227061028596,0.1999986436632067,0.9762906670628262,1.1214178399295256,0.013045138847673554
2023-03-08,130.87573826243968,133.17266729707887,129.8983241905345,132.83056640625,7830013,FEDERALBNK,0.013045138847673554,0.05226478435525084,0.03740464838028856,127.22021446228027,130.16516342163087,116.23675441741943,1.0440995321984239,1.0204770839950883,1.1427587347220682,128.9694252277183,128.58104666149623,0.3883785662220589,-0.6381825372650959,1.026561103487155,63.858123750394554,0.014270288360510898,8636314.55,0.9066382372559599,0.02465052431177692,0.8955207564701684,0.9773752908847714,1.119827924257012,-0.012509098027106647
2023-03-09,133.1238041283331,133.36815766561497,130.82688982637728,131.16897583007812,6794833,FEDERALBNK,-0.012509098027106647,-0.0011163275600439837,0.021697746219839997,127.35949592590332,130.18959884643556,116.48397762298583,1.0299112357227853,1.0075226976065714,1.1260688251445363,129.30781762808135,128.77274511842822,0.5350725096531335,-0.4035315278814501,0.9386040375345835,58.35100482435829,0.014628215597644769,8643487.35,0.7861217035274541,0.019374000773854917,0.1346123373612829,0.9782616818424145,1.117660999419247,-0.008941880741575758
2023-03-10,130.24043202220946,130.3870381751462,128.82318452524925,129.99607849121094,6662275,FEDERALBNK,-0.008941880741575758,-0.0026247263032112,0.023470599206336207,127.50855178833008,130.17689254760742,116.72797718048096,1.019508704851501,0.9986110126547201,1.1136668486100403,129.41370391471668,128.86336240530102,0.5503415094156594,-0.2127569204220282,0.7630984298376876,63.594503199081124,0.014560003398652575,8520176.05,0.7819410022636797,0.012030006351327545,0.7500023841994329,0.9795021934610899,1.1152158693398087,-0.026315866696606238
2023-03-13,128.96978044958828,130.43590151930127,125.8420584836982,126.57511901855467,7173855,FEDERALBNK,-0.026315866696606238,-0.03502243409656969,-0.014834675492809812,127.41325302124024,130.01757400512696,116.95991374969482,0.9934219244638087,0.9735231562893448,1.0822094079980025,128.97699854607637,128.69386289517166,0.28313565090471116,-0.11357840615668036,0.3967140570613915,57.26140944444763,0.015578230817253541,8523464.1,0.8416595548281831,0.03629341272773885,0.15957457169849565,0.9799694694827638,1.1116421843758943,-0.013513433689035792
2023-03-14,126.57512926075556,127.30818985492984,124.6203010096242,124.86465454101562,10242575,FEDERALBNK,-0.013513433689035792,-0.047707657062899145,-0.02032203872258398,127.2837459564209,129.79667831420898,117.17585540771485,0.9809944985730266,0.9620019261105125,1.065617606174476,128.3443302376055,128.41021783190084,-0.06588759429533297,-0.10404024378441089,0.038152649489077914,50.816349287769214,0.01576343985630364,8816362.2,1.16176885291759,0.02152641878669289,0.09090909090909235,0.9806394709754835,1.107708391482015,-0.009001995568932664
2023-03-15,126.5751258533728,126.77060569039246,123.20305019377815,123.7406234741211,7183525,FEDERALBNK,-0.009001995568932664,-0.06843261440539339,-0.024277421386288744,127.12980346679687,129.57969268798828,117.37729377746582,0.9733407910635137,0.9549383927933296,1.054212612097868,127.6360676586079,128.06432195354677,-0.428254294938867,-0.16888305401530213,-0.2593712409235649,52.97873958810467,0.015843503723783566,8791501.8,0.8170987350534353,0.028830915801554988,0.15068392933287514,0.9810935712967738,1.1039587684962038,0.005529217677786358
2023-03-16,123.74061800341912,125.10899917329247,121.73692366278082,124.42481231689452,9318760,FEDERALBNK,0.005529217677786358,-0.051415843346373946,-0.018125646084479974,127.01495780944825,129.37541305541993,117.56654773712158,0.9796075553838348,0.9617346092150852,1.0583351702655077,127.14202837526739,127.7947286471281,-0.6527002718607093,-0.2656464975843836,-0.38705377427632576,48.72390295425128,0.01591306910495019,8944092.6,1.0418899285546306,0.027101310805463727,0.7971021543660081,0.9817549935476493,1.1004440935418376,0.008640957668431648
2023-03-17,124.91352235376962,126.13528995325063,124.91352235376962,125.49996185302734,8882157,FEDERALBNK,0.008640957668431648,-0.03458655592051241,-0.01420342639098815,126.92454719543457,129.2190267944336,117.76741958618165,0.9887761242889156,0.9712189061188127,1.0656594353006696,126.88940275646124,127.62474592163916,-0.7353431651779232,-0.3595858311030915,-0.3757573340748317,52.847376197749334,0.01601004749735962,8886239.1,0.999540626810278,0.00973520295497636,0.4799926757812469,0.9822434849114815,1.0972391791251885,0.00545182716759518
2023-03-20,125.59771153041984,126.86835284001783,123.15417628663734,126.18416595458984,7022788,FEDERALBNK,0.00545182716759518,-0.003088703901653167,0.015735687807157284,127.02228889465331,129.07046005249023,117.96955169677734,0.9934017647819386,0.9776378414028539,1.0696333430080918,126.78090478694256,127.51803629445033,-0.7371315075077689,-0.435094966384027,-0.3020365411237419,51.06388161320721,0.015054718053273786,8539076.05,0.822429494582145,0.029434569110019126,0.8157904247160058,0.9841313716786632,1.0940997757137034,-0.0023238109726032574
2023-03-21,126.8194782080685,126.8194782080685,124.71803642264643,125.89093780517578,7719172,FEDERALBNK,-0.0023238109726032574,0.008219165527127092,0.022222251132197224,127.15912704467773,128.9570797729492,118.15725322723388,0.9900267541231518,0.9762235468330092,1.0654524742807696,126.64398678974766,127.39751048042999,-0.7535236906823286,-0.49878071124368734,-0.25474297943864127,49.164696922728446,0.014909371259520608,8448531.15,0.9136703011386778,0.016692558035227147,0.5581412678980173,0.9860577431542565,1.0914021462985912,0.002329223648074308
2023-03-22,126.37964579126134,126.72173177689756,125.20675185707684,126.18416595458984,7040596,FEDERALBNK,0.002329223648074308,0.01974729407258713,0.013741759584147362,127.24465141296386,128.82903884887696,118.35530395507813,0.9916657757587604,0.979469901212337,1.0661471158274678,126.5732451228003,127.30763310814554,-0.7343879853452364,-0.5459021660639971,-0.1884858192812393,33.64492890008759,0.014744867194676816,8342809.3,0.8439118942824212,0.012006101624239578,0.645166371332943,0.9877016280640604,1.0884940052857635,-0.016266555883469813
2023-03-23,125.98866489408796,126.77059911576916,123.78949074189894,124.13158416748048,6305290,FEDERALBNK,-0.016266555883469813,-0.0023566694130686683,0.014377002780747494,127.3326187133789,128.6677651977539,118.53997066497803,0.9748608441557003,0.9647450080188957,1.0471707009132445,126.19760497582801,127.07237022365183,-0.8747652478238166,-0.611674782415961,-0.26309046540785563,31.486869850927533,0.014706609696814456,8393906.25,0.7511746989073175,0.024015711987112408,0.11475377030235791,0.9896233024462423,1.0854378019157724,-0.0011811182116973074
2023-03-24,124.13158369091046,125.3044775618519,123.00755604796312,123.98497009277344,7844882,FEDERALBNK,-0.0011811182116973074,-0.01207165116136133,-0.007821689509843965,127.28374786376953,128.51528869628908,118.72222370147705,0.974083275937736,0.9647487964313584,1.0443282329728711,125.85719960920423,126.84367391766084,-0.9864743084566072,-0.6866346876240903,-0.2998396208325169,27.659598698327173,0.013906251265026186,8287080.1,0.9466400596272746,0.0185258060889967,0.42553219119599667,0.9904171647979568,1.0824872099720466,-0.011036641655218116
2023-03-27,123.98497360008554,124.32706703403088,122.17675905745078,122.61659240722656,6549186,FEDERALBNK,-0.011036641655218116,-0.028272751342249602,-0.013370050889560559,127.20066757202149,128.3276254272461,118.89787498474121,0.9639618623683763,0.9554964646076356,1.0312765675834206,125.35864465505382,126.53055676873979,-1.1719121136859627,-0.7836901728364648,-0.3882219408494979,25.561855647498888,0.014069796192505911,8306897.7,0.788403353035153,0.01753684337792251,0.20454435111909136,0.9912181196256645,1.079309663387298,0.0019927696069128586
2023-03-28,122.90981270958834,123.34964603466454,120.85724476410408,122.8609390258789,8491983,FEDERALBNK,0.0019927696069128586,-0.024068442352744968,-0.02293041713653521,127.05649909973144,128.07838485717772,119.07354755401612,0.9669787842134759,0.9592636506377179,1.0318071607814043,124.97438225056538,126.25873323223156,-1.2843509816661793,-0.8838223346024077,-0.40052864706377167,18.71166892776195,0.013783777345780991,8324624.65,1.020104011536424,0.020286360256740958,0.8039212166362989,0.9920214034664334,1.0756241624452878,0.027048685734128552
2023-03-29,122.7632091562166,127.06383267668932,122.66546923788084,126.18416595458984,11695672,FEDERALBNK,0.027048685734128552,0.0,-0.00038705119150894696,127.05405616760254,127.85944396972656,119.26415569305419,0.9931533849508497,0.9868975027332876,1.0580225485295467,125.1605028204153,126.25320973018403,-1.0927069097687223,-0.9255992496356706,-0.16710766013305167,35.833374891316836,0.015129459714806299,8500470.45,1.3758852605622551,0.03485669858444301,0.800001356336807,0.9937009908918835,1.0720693340486454,0.024786974420968555
2023-03-31,126.7706069984927,130.2404300694788,126.47737978285971,129.3118896484375,10340913,FEDERALBNK,0.024786974420968555,0.041732372270119944,-0.01525849077673136,126.95387229919433,127.74801879882813,119.48480747222901,1.0185738119408125,1.0122418403378302,1.0822454534940982,125.7991777170341,126.47977861301761,-0.6806008959835168,-0.87659957890524,0.19599868292172318,48.25000643968281,0.013244946130478219,8322575.75,1.2425135331450723,0.02910057456317251,0.7532479370942579,0.9937834926357302,1.0691570041531822,0.006424740140636986
2023-04-03,129.99607878325736,131.65767981494898,129.3118918777556,130.14268493652344,16580155,FEDERALBNK,0.006424740140636986,0.04966501051814909,-0.0014999104994085632,126.9440975189209,127.67862243652344,119.70385116577148,1.0251968187581608,1.0192989433389683,1.0872054964739253,126.46740959695555,126.75110500735137,-0.283695410395822,-0.7580187452033564,0.4743233348075344,60.51872913611134,0.01323554813931197,8635016.35,1.9201069607702597,0.018024739064954075,0.3541637526543993,0.9942470798667356,1.0666208412936367,-0.034547535353078196
2023-04-05,130.4358986857601,130.4358986857601,125.30447505323778,125.64657592773438,16378346,FEDERALBNK,-0.034547535353078196,0.024711040007088236,-0.042101418169931404,126.66797752380371,127.53298767089844,119.9040156173706,0.9919363866382299,0.9852084407523488,1.0478929774019332,126.34112749399844,126.66928803849085,-0.3281605444924054,-0.6720471050611663,0.3438865605687609,51.98016894267852,0.015214683334906803,9037104.05,1.8123445198132913,0.04084013905379842,0.06666782924107113,0.9932173615400048,1.0636256593596738,-0.011668585857285585
2023-04-06,125.5977054588992,126.28189231125292,123.88723087093756,124.18045806884766,10998936,FEDERALBNK,-0.011668585857285585,0.010739939426075873,-0.052925747513757004,126.32099609375,127.39223983764649,120.10765316009521,0.9830547724361378,0.9747882463414408,1.0339096202581168,126.00871681320601,126.48493026296171,-0.47621344975570423,-0.6328803740000739,0.15666692424436968,51.094884411352915,0.015358589431212606,9052795.6,1.2149767305030061,0.019283722073143918,0.12245037773334792,0.9915909811675993,1.0606504788486828,-0.00039357159835951006
2023-04-10,125.0601245307842,125.0601245307842,123.25191003235844,124.13158416748048,8949316,FEDERALBNK,-0.00039357159835951006,-0.016266555883469813,-0.06548931073714226,125.88604698181152,127.21630523681641,120.30912570953369,0.9860630875589848,0.975752156426854,1.031771974365232,125.71992717540208,126.31060832996312,-0.5906811545610395,-0.6244405301122671,0.033759375551227544,49.24622248302174,0.014925835148353944,9108760.75,0.9824954508767837,0.014566917119063598,0.48648771254068335,0.9895433352467784,1.0574119335216428,0.010236275885170176
2023-04-11,125.0601284157957,125.84206266176784,124.2782016269012,125.40222930908205,7732152,FEDERALBNK,0.010236275885170176,-0.0302343454262769,-0.04396425667351833,125.59770965576172,127.08533218383789,120.52895565032959,0.9984435994317457,0.9867561201136799,1.0404323893163936,125.67105058058361,126.24332099508302,-0.572270414499414,-0.6140065069896965,0.04173609249028254,49.75126696569003,0.015051209369078196,9155626.7,0.8445246025594294,0.012470759439309167,0.7187516391293037,0.9882943019268012,1.054396692463919,-0.00818393157613384
2023-04-12,124.27820612490726,125.93981459346728,124.1315925163464,124.37594604492188,7493813,FEDERALBNK,-0.00818393157613384,-0.04431089534086585,-0.0432330921941545,125.31670303344727,126.98759078979492,120.72924911499024,0.9924929641001303,0.9794338586264216,1.0302055794818892,125.47180372894334,126.10499692470071,-0.6331931957573715,-0.6178438447432315,-0.015349351014140034,45.476770563005196,0.015034119447592366,9197203.6,0.8147925528146404,0.014538358377332732,0.1351346892990839,0.9868421178324935,1.051837824890668,0.006679710301747965
2023-04-13,124.3759334542919,125.646574657088,123.15416593509453,125.2067413330078,9104949,FEDERALBNK,0.006679710301747965,-0.003500569685078836,-0.010810795171729448,125.24828414916992,126.9113523864746,120.93849826812745,0.9996683162851745,0.9865684903563562,1.0352926745908273,125.43102489879942,126.0384594734642,-0.6074345746647793,-0.6157619907275411,0.008327416062761772,48.33331908486151,0.014012559691429416,9293758.3,0.9796842898313807,0.01990634605979004,0.8235308197251006,0.9868958276306106,1.0493875333651408,0.02537088012026989
2023-04-17,125.20675076832252,128.72543254027875,124.22932922223109,128.3833465576172,9713611,FEDERALBNK,0.02537088012026989,0.033845007130183014,0.028180048465562768,125.42421875,126.8781202697754,121.16291023254395,1.0235929538737285,1.0118635607513833,1.0595927937948608,125.88522823092524,126.21215481303109,-0.32692658210585535,-0.5579949090032039,0.23106832689734857,54.69727798370226,0.014781099880938757,9267310.1,1.0481586237197351,0.03502092318515666,0.9239150085167299,0.9885409594918018,1.0471696332339857,0.0022837668568200797
2023-04-18,128.3833319274868,129.65395816708406,127.552524080839,128.67654418945312,8784805,FEDERALBNK,0.0022837668568200797,0.03661404994107298,0.039889250407440624,125.6710147857666,126.82338485717773,121.37726421356201,1.023915852106471,1.0146121264178711,1.0601371271892246,126.31466145531415,126.39470217424754,-0.0800407189333896,-0.4624040709892411,0.3823633520558515,60.496583289606114,0.014573260057034628,9347374.1,0.9398152792451091,0.016331135557627854,0.5348824005337114,0.9909135836998132,1.0448693639529831,0.00037981981623036454
2023-04-19,128.18783741937523,129.4096048934987,128.18783741937523,128.7254180908203,4628203,FEDERALBNK,0.00037981981623036454,0.026500236878146177,0.034563891991033824,125.88604507446288,126.8302262878418,121.58369968414307,1.0225551054104363,1.0149427455776778,1.0587391107955293,126.68554709154587,126.56734779769738,0.11819929384849104,-0.34628339802169467,0.4644826918701857,60.99771316100621,0.014554193145452655,9112846.25,0.5078767788933123,0.009491268253341244,0.44000244140625433,0.9925555505102066,1.0431515623996346,0.004555988757429574
2023-04-20,128.72543521717154,129.89832916554772,128.43220800153858,129.3118896484375,7467713,FEDERALBNK,0.004555988757429574,0.03968567685694513,0.030373935889114412,126.0766414642334,126.81067825317383,121.7894662475586,1.0256609642089958,1.0197239808959153,1.0617657966050056,127.08959979260612,126.7706471940485,0.3189525985576296,-0.21323619870582983,0.5321887972634594,66.11766054186529,0.014481637016469677,9042124.05,0.8258803969848212,0.011337868219195524,0.6000061035156256,0.9942115537977413,1.0412286231340298,-0.00982632303839337
2023-04-21,129.21412302168685,129.40960283160123,127.79687575711549,128.04122924804688,3869518,FEDERALBNK,-0.00982632303839337,0.02263846087568311,0.014717086564770332,126.16949462890625,126.76376235961914,121.98983985900878,1.0148350805766944,1.0100775400212851,1.0496056835227594,127.23600432421239,126.86476438323356,0.37123994097882473,-0.09634097076889891,0.46758091174772365,61.88337338264095,0.014669334758105473,8884460.55,0.4355377547373993,0.012595373255605849,0.1515157119869806,0.9953120062102054,1.039133771354466,0.008397139421616018
2023-04-24,128.13899519626125,129.89832865483055,127.60141445540702,129.1164093017578,6342651,FEDERALBNK,0.008397139421616018,0.005709951982063588,0.025621157112783344,126.33076820373535,126.74812423706055,122.20231174468994,1.0220503772567109,1.0186849713078814,1.056579106060719,127.52529739768092,127.03155289571684,0.4937445019640734,0.021676123777695552,0.4720683781863778,57.4999834129447,0.014743600319871658,8815634.5,0.7194775373230367,0.017789483241091458,0.6595783363309863,0.9967072015003188,1.0371990711752483,0.009840845411475785
2023-04-25,129.1163976347743,131.65766513094252,129.1163976347743,130.38702392578125,10237783,FEDERALBNK,0.009840845411475785,0.013292863490410145,0.033307332496090636,126.54091110229493,126.79504013061523,122.40457092285156,1.0303942242076727,1.0283290560219533,1.065213683955976,127.96556301738866,127.28010630535124,0.6854567120374213,0.1544322414296407,0.5310244706077806,53.038609226055975,0.014864526625059035,8975493.85,1.140637292063879,0.019490187134072134,0.4999970656071541,0.9979957494547222,1.035868506990077,0.011993969837955198
2023-04-26,130.14266020255164,132.19523544311525,129.5562207867857,131.9508819580078,8575324,FEDERALBNK,0.011993969837955198,0.025056930597124438,0.06299200838343766,126.93187599182129,126.86639083862305,122.60720684051513,1.0395409421547501,1.0400775263312436,1.0762082047073036,128.57868900825315,127.6260896870295,0.9525993212236443,0.31406565738844144,0.6385336638352028,54.90710205109263,0.01439817257427486,9088995.55,0.9434842335245724,0.019999977394386748,0.9074073027516657,1.0005161741637432,1.0347384473381582,-0.007777709550226608
2023-04-27,132.09750017629997,132.63508087557983,130.2892931694643,130.9246063232422,9193198,FEDERALBNK,-0.007777709550226608,0.012471526625967622,0.05597159256703521,127.27885780334472,126.94458374023438,122.8078324508667,1.0286437872150802,1.0313524410868296,1.0660932915302683,128.9395993644053,127.8704242526749,1.0691751117304023,0.4650875482568336,0.6040875634735686,67.64701981011271,0.014577239090965192,9156411.35,1.0040175838102774,0.017917088101254135,0.2708314789618936,1.0026332282422885,1.0336847512639125,0.0074654949870487375
2023-04-28,131.31558383280768,133.31927070779307,131.16896277653606,131.9020233154297,9349394,FEDERALBNK,0.0074654949870487375,0.030152741347894363,0.0757273605954154,127.74312934875488,127.01300231933594,123.0085433959961,1.0325566939519737,1.0384922874573248,1.0722996929636277,129.39535689533213,128.16906122028635,1.226295675045776,0.6173291736146221,0.6089665014311539,76.68912557916305,0.014234111668194181,9296421.75,1.0056981332629407,0.016302311952522294,0.34090956380610116,1.0057484431994077,1.0325543154384689,0.011115261551183142
2023-05-02,132.4884820936099,133.71024969883655,131.95090136447908,133.36814880371094,7107201,FEDERALBNK,0.011115261551183142,0.03292950543579942,0.08552115799488424,128.26848983764648,127.13126937866211,123.2096226119995,1.0397576908601578,1.0490585790225393,1.0824491299977579,130.00655565046733,128.55417881905854,1.4523768314087988,0.7843387051734576,0.6680381262353412,79.07688331875465,0.014320638031988605,9227182.65,0.7702460512147767,0.013191667951744979,0.8055524943839221,1.0089452458434687,1.0318290624021493,0.009160777834919642
2023-05-03,132.8305566027439,135.17635915067837,132.4884706513177,134.58990478515625,8477131,FEDERALBNK,0.009160777834919642,0.03223388902385982,0.06661484637931037,128.68877677917482,127.28667800903321,123.4144097518921,1.0458558092918044,1.0573762069240644,1.090552594755596,130.71168628657333,129.00126963136208,1.7104166552112474,0.9695542951810157,0.7408623600302318,79.01228143464726,0.013344437414129046,9066255.6,0.9350200759837392,0.01997095178610388,0.7818159623579596,1.0110152829194121,1.031376143717138,0.012345581036142583
2023-05-04,134.58989466943933,136.88682336191846,134.24780874372416,136.25149536132812,9125430,FEDERALBNK,0.012345581036142583,0.03259253245983573,0.053665643056933554,129.03575706481934,127.47727340698242,123.61694122314454,1.0559204553888428,1.0688296958339643,1.1022073027626254,131.56396460576636,129.53832338913733,2.025641216629026,1.1807716794706178,0.8448695371584083,86.05332888617117,0.012557583164293845,9005481.45,1.0133195044224983,0.019368702054945074,0.759255596308501,1.0122255804206082,1.0312281807464359,-0.08357222641935413
2023-05-05,136.8379775791952,137.13120479969612,124.13159394684138,124.86465454101562,52169855,FEDERALBNK,-0.08357222641935413,-0.04628581251766406,-0.0405557208081434,128.77185554504393,127.42840301513672,123.76854053497314,0.969657958352075,0.9798808710345639,1.0088561600654309,130.53330151888161,129.19212569668386,1.341175822197755,1.2128525080160453,0.12832331418170972,49.36710290146298,0.02296323040949658,10784966.45,4.837275594862884,0.1041096129296111,0.05639096450439252,1.0105428028455135,1.0295702160205196,0.007044859363104283
2023-05-08,126.0864093464209,127.89463126007398,123.49626068626117,125.74430847167967,25677860,FEDERALBNK,0.007044859363104283,-0.04668400596876743,0.0007778369066062663,128.7767421722412,127.45870254516602,123.92669891357421,0.9764520079526038,0.9865494153066651,1.014666811704337,129.79653335777363,128.93673182816502,0.8598015296086032,1.1422423123345569,-0.28244078272595363,44.66397796382589,0.021690191383065504,11249942.15,2.2824881815058933,0.03497868513709644,0.5111092273131828,1.0103409151415779,1.028500748124139,-0.000777232346602097
2023-05-09,126.08640925626254,128.13898467493323,125.2067425992062,125.64657592773438,12857628,FEDERALBNK,-0.000777232346602097,-0.05789667881902638,0.011806349257254878,128.85004806518555,127.50855056762695,124.08820995330811,0.9751379825964013,0.9853972566419767,1.0125585337641074,129.15807836853682,128.69301657628125,0.4650617922555682,1.0068062083187592,-0.541744416063191,43.82472176231093,0.021510593623897217,11342876.75,1.1335420707978687,0.02333722231645621,0.14999898274740045,1.0105208434382376,1.027563783985649,0.005445465556944473
2023-05-10,125.64659310094436,126.52625987823238,124.22933809638808,126.33078002929688,10100422,FEDERALBNK,0.005445465556944473,-0.06136511329763761,0.017716650251149657,128.96000785827636,127.54569259643554,124.24569942474365,0.9796120683253298,0.9904746876009153,1.01678191369365,128.72310939326914,128.51803609131946,0.20507330194968176,0.8464596270449438,-0.641386325095262,45.2427649467848,0.021532912359606884,11400432.05,0.8859683524011706,0.018181806376178743,0.914894860381991,1.0110886948281022,1.0265602204902933,-0.011218637421378408
2023-05-11,126.81947526183808,127.21043492318748,124.62029360989868,124.91352081298828,11009514,FEDERALBNK,-0.011218637421378408,-0.08321357881814384,-0.0038971276570309854,128.9355724334717,127.59651824951172,124.37569553375243,0.9688057256459717,0.9789728005643782,1.0043241991687186,128.1370188424567,128.2510349595912,-0.11401611713449711,0.6543644782090556,-0.7683805953435527,41.54132784468872,0.021588623209971774,11564300.15,0.9520259641479472,0.020735476003166813,0.11320895952093012,1.010494441402715,1.0258959172203,-0.014867036001774858
2023-05-12,125.40222214885142,125.54882828665734,122.90981340707,123.05642700195312,14452494,FEDERALBNK,-0.014867036001774858,-0.014481500354998622,-0.010609117638326726,128.86959648132324,127.55839904785157,124.46781677246094,0.9548910709888612,0.9647065808327557,0.9886606047482301,127.35538932853308,127.86624918495134,-0.5108598564182643,0.42131961128359163,-0.9321794677018559,40.6249964128165,0.021773483078563607,11912234.2,1.2132479732475374,0.02144556724002274,0.05555618348997218,1.0102791932421462,1.0248303726660564,0.012708524859057269
2023-05-15,123.05643165881938,125.15787337946377,121.10160353860644,124.62029266357422,20973726,FEDERALBNK,0.012708524859057269,-0.008938900072432365,-0.004683842604559341,128.84027404785155,127.5652409362793,124.57704280853271,0.9672464109886166,0.9769141793556748,1.0003471735567522,126.93460522623172,127.62580796114564,-0.6912027349139152,0.1988151420440903,-0.8900178769580054,41.69670364848235,0.02191643269677955,12505673.05,1.677136921471012,0.03254903157552084,0.8674691928838923,1.0099951452465734,1.0239867479623774,-0.004313762919111452
2023-05-16,125.30447782468892,125.54883133640406,123.74061684112756,124.08271026611328,11003684,FEDERALBNK,-0.004313762919111452,-0.012446544206031973,-0.03349839684677347,128.62524223327637,127.53200897216797,124.67356243133545,0.9646839773570673,0.9729534668680123,0.9952608062711965,126.49585215544427,127.36335628003212,-0.8675041245878532,-0.01444871128229841,-0.8530554133055548,38.03338410664885,0.021097946970480876,12570176.7,0.8753802164133461,0.014572654734882283,0.18918852043236645,1.008572226454513,1.0229274473680563,0.005514035522762084
2023-05-17,124.2293260203482,125.25560631311468,123.20304572758172,124.76690673828124,11739989,FEDERALBNK,0.005514035522762084,-0.012379194450101272,-0.030383450813037505,128.42976036071778,127.50268661499024,124.77350303649902,0.9714797130186277,0.9785433550512546,0.9999471338220275,126.22986055280381,127.17102668434687,-0.9411661315430564,-0.19979219533445,-0.7413739362086064,35.892526358117976,0.02114060424154595,12717935.9,0.9231049041535112,0.016451161924199473,0.7619073569482221,1.0072710134220697,1.0218731021576983,-0.0070505009096552
2023-05-18,125.59771222898944,125.8420657547268,123.5940103351122,123.88723754882812,11018880,FEDERALBNK,-0.0070505009096552,-0.008215950182819953,-0.03758527735818795,128.18785133361817,127.35412002563477,124.86831226348878,0.9664506913873032,0.9727776182183285,0.9921431250500892,125.86945701373064,126.92778304467882,-1.0583260309481801,-0.37149896245719605,-0.6868270684909841,36.10039040579415,0.02117443543028575,13037469.75,0.845170129733187,0.018145980684479847,0.13043593639083545,1.006546559371739,1.019907434617204,-0.004733729486884997
2023-05-19,124.32706919910254,124.71803632631033,121.68805414033598,123.30078887939452,9669660,FEDERALBNK,-0.004733729486884997,0.001985770945856613,-0.046485290605415064,127.88729629516601,127.2133721923828,124.96825286865234,0.9641363329381383,0.9692439305274343,0.9866568992445592,125.47427730075586,126.6591168102133,-1.184839509457447,-0.5341670718572462,-0.6506724376002009,32.74508921615708,0.02113204125664764,13147567.1,0.7354714318210249,0.024573907543593215,0.5322588187230327,1.0052975885409596,1.0179655174189735,0.0003963175938839214
2023-05-22,123.154175316236,123.74062227870728,122.1767612264246,123.3496551513672,15934321,FEDERALBNK,0.0003963175938839214,-0.010196072285251656,-0.03664112039717271,127.65271759033203,127.0569857788086,125.05988548278809,0.9662908669694414,0.9708215128454611,0.9863247089598826,125.14741235469606,126.41397150215062,-1.2665591474545579,-0.6806454869767086,-0.5859136604778493,28.690185707729583,0.02106023992660328,13750807.25,1.158791677484971,0.012678276646688635,0.7499988079059808,1.004688697814385,1.0159691518052394,-0.00435819943559046
2023-05-23,123.64287317711968,124.08270650203352,122.61658547621786,122.81207275390624,6772781,FEDERALBNK,-0.00435819943559046,-0.010240246279936804,-0.04882676479267423,127.33750076293946,126.89082550048828,125.14956314086913,0.9644611525911909,0.9678562044931582,0.9813224247188798,124.78812933918994,126.14716418746585,-1.3590348482759111,-0.8163233592365491,-0.5427114890393621,24.19698188341117,0.020932906109710412,13772313.75,0.49176784111529553,0.011937922656459852,0.13333638509113913,1.0035201541221705,1.013913451361066,-0.014723408210011835
2023-05-24,122.71433503428632,123.34964819115292,120.6128933683537,121.0038604736328,12562198,FEDERALBNK,-0.014723408210011835,-0.030160612000600717,-0.07196393605463014,126.86834259033203,126.65429138183593,125.2333763885498,0.953775055329318,0.955386976259902,0.9662269273824058,124.20593412910422,125.76617872718192,-1.560244598077702,-0.9651076070047797,-0.5951369910729223,16.80853113312206,0.020904802887492583,13888534.5,0.9045013352560703,0.022617086860592987,0.14285792136805694,1.0016900430783728,1.0113461365832508,-0.004442624937437745
2023-05-25,120.7595129132386,121.1016063508044,119.53774530973388,120.4662857055664,15655834,FEDERALBNK,-0.004442624937437745,-0.027613432270724436,-0.08703690405113229,126.29411277770996,126.4402375793457,125.31328002929688,0.9538551168857641,0.9527527629799776,0.9613209843154907,123.6306036024061,125.37359405891411,-1.7429904565080108,-1.120684176905426,-0.6223062796025847,31.854826779807183,0.020583833687631798,14242560.0,1.0992289307540217,0.012981732041550464,0.5937486588942106,0.9988443172487393,1.008993121477511,0.016227165497227025
2023-05-26,120.71063744093844,122.56772566221454,120.61289752551916,122.42111206054688,8746928,FEDERALBNK,0.016227165497227025,-0.007134397329023545,-0.06494954998528601,125.86893806457519,126.28873825073242,125.3836538696289,0.97260780890787,0.9693747340914374,0.976372184749358,123.4445279805816,125.15489168866469,-1.7103637080830936,-1.2386200831409595,-0.47174362494213407,37.40747379315535,0.021066538251887732,14220246.5,0.6151038239737968,0.015968063872255682,0.9249992370605449,0.9966758699788119,1.0072185197445642,0.0019960762758024497
2023-05-29,123.2519209275511,123.54514815087154,122.37224671466784,122.66547393798828,8267792,FEDERALBNK,0.0019960762758024497,-0.005546681201008097,-0.07002583542902274,125.40711059570313,126.21054534912109,125.46429054260254,0.978138108399981,0.9719114484346256,0.9776923251029431,123.32467351249032,124.97049037379978,-1.6458168613094557,-1.320059438774659,-0.3257574225347968,38.82791444529144,0.020956947766532733,14166166.4,0.5836294567314979,0.009561789463240855,0.25000158945113365,0.9936341709704565,1.0059479458520921,-0.0015937296713791627
2023-05-30,123.10529147282192,123.15416515611152,122.0301375541443,122.46997833251952,8917811,FEDERALBNK,-0.0015937296713791627,-0.002785511340340441,-0.08171494145300895,124.86220207214356,126.16265182495117,125.54908123016358,0.9808410896178025,0.9707308506993402,0.9754749069648763,123.19318194634097,124.78526725963087,-1.5920853132898998,-1.374464613677707,-0.21762069961219277,34.98097256856374,0.020684398049612626,14256696.9,0.6255173314374103,0.009177984819392674,0.3913078091725037,0.9896922763274509,1.0048870974504605,-0.00039900612899568255
2023-05-31,122.42111206054688,123.25191252722688,121.68805150928613,122.42111206054688,9003220,FEDERALBNK,-0.00039900612899568255,0.011712449349687404,-0.09041385937551727,124.25376243591309,126.13626159667969,125.62874050140381,0.9852507454145588,0.9705465384092958,0.9744673995134012,123.07440196391111,124.61014465229132,-1.5357426883802106,-1.4067202286182077,-0.12902245976200288,39.14894889109591,0.02047264826777322,14283001.35,0.630345106002528,0.012774438915138263,0.46875044703526303,0.9850756702558231,1.0040398486305784,0.0019960762758024497
2023-06-01,122.42112040424728,123.10530731589088,121.98128702634467,122.66547393798828,10982556,FEDERALBNK,0.0019960762758024497,0.01825563243310202,-0.09971282434230022,123.5744613647461,126.10107482910156,125.70668926239014,0.9926442129164955,0.9727551815417166,0.9758070525741565,123.01148995992298,124.46609496975037,-1.4546050098273895,-1.416297184860044,-0.038307824967345416,48.01987122960963,0.020152238920639755,14375857.65,0.7639583159061122,0.009163297979955149,0.608696229068808,0.9799635850227315,1.0031373474953924,0.0051792482514469995
2023-06-02,123.10530158725176,124.0827156767324,122.95869543949183,123.30078887939452,10542134,FEDERALBNK,0.0051792482514469995,0.007185662701810536,-0.01252448635179948,123.49626808166504,126.0570913696289,125.78683727264405,0.9984171246199824,0.9781344908066119,0.9802360211358124,123.05599748599553,124.37977600009438,-1.3237785140988478,-1.397793450707805,0.07401493660895708,42.62299696986235,0.008139336325968199,12294471.6,0.8574694661948709,0.009116083096110776,0.30434811453440563,0.9796852104063314,1.0021485085629356,0.009116109051009014
2023-06-05,124.0827114316181,125.20674654455858,123.78949168905216,124.42481231689452,10321926,FEDERALBNK,0.009116109051009014,0.014342571894318423,-0.010493486113388073,123.43029327392578,126.021904296875,125.86576347351074,1.0080573335490797,0.9873268699684291,0.9885516830244352,123.26658438305691,124.38311202356107,-1.1165276405041595,-1.3415402886670758,0.22501264816291622,51.79490669207176,0.008254074987126195,11526674.9,0.895481662278859,0.011390452025733069,0.4482754991975963,0.9794352336015806,1.0012405345111748,-0.009033756343045596
2023-06-06,124.6202964087778,124.6202964087778,122.86094806488164,123.30078887939452,6668953,FEDERALBNK,-0.009033756343045596,0.00678378944935587,-0.018669725227443035,123.3130039215088,125.97010131835937,125.94078002929687,0.9999009427900885,0.9788099524329285,0.9790378370747884,123.27184661326268,124.30293993880798,-1.0310933255452994,-1.2794508960427204,0.24835757049742102,42.64707795512343,0.0084725205036196,11217241.15,0.594527024142652,0.014268751724022252,0.25000211927265503,0.9789069202212087,1.0002328180677909,0.0003963175938839214
2023-06-07,123.64288236114167,124.62029645095308,123.10530162891432,123.3496551513672,5556188,FEDERALBNK,0.0003963175938839214,0.007584828100247076,-0.02359777147927311,123.1639476776123,125.91341110229492,126.01824012756347,1.0015078070917391,0.9796387380146118,0.9788238196828097,123.28381715758645,124.23232625084941,-0.9485090932629561,-1.2132625354867677,0.2647534422238116,47.058798975492735,0.008347551899234267,10990029.45,0.5055662521450296,0.01228211639651241,0.1612900050206453,0.9781638556162306,0.9991681440308765,-0.0007923830287155376
2023-06-08,123.39852858261034,124.71803610970191,123.0564351433018,123.25191497802734,9170509,FEDERALBNK,-0.0007923830287155376,0.004780815833602237,-0.013302049483086553,123.08086738586425,125.89581771850585,126.09789936065674,1.0013897171493507,0.9789992806084307,0.9774303584987605,123.27890912996199,124.15970319360332,-0.8807940636413321,-1.1467688411176806,0.26597477747634857,49.71749568702447,0.008004864182950393,10898079.2,0.8414793865693324,0.013481339958866653,0.11764547486335201,0.9776406366497763,0.9983974226123077,-0.007930299677341823
2023-06-09,123.39851795197774,123.44739163498755,122.0301368555503,122.27449035644533,6445849,FEDERALBNK,-0.007930299677341823,-0.00832353573952438,-0.006354293429106206,123.04177055358886,125.86160812377929,126.16680698394775,0.9937640673269623,0.971499507905491,0.9691494401693336,123.12438316480558,124.02005779825829,-0.8956746334527139,-1.0965499995846875,0.20087536613197354,44.38771608989596,0.007489635243077414,10497746.95,0.614022135483081,0.01159076415126151,0.17241324879641953,0.9775957290533167,0.9975809892675869,0.0007994128820278945
2023-06-12,122.1767583286848,122.95869256481942,121.78579121061752,122.37223815917967,3558036,FEDERALBNK,0.0007994128820278945,-0.016496501939558428,-0.018039233068272487,122.92936782836914,125.85672103881836,126.25306377410888,0.9954678879503609,0.9723138911384481,0.9692615331547696,123.00866854855545,123.89799708425247,-0.8893285356970182,-1.0551057068071537,0.16577717111013546,47.59359717359326,0.006847521455503989,9626962.45,0.36959072173383206,0.00958470133296253,0.4999968210977164,0.9767405889309135,0.9968607277840034,-0.005191659080222344
2023-06-13,122.66546358478747,123.15417061102168,121.59030961848768,121.73692321777344,14180212,FEDERALBNK,-0.005191659080222344,-0.012683338653662335,-0.018905027487785886,122.81207847595215,125.83424072265625,126.34054233551025,0.9912455251020832,0.9674387711853926,0.9635618224155519,122.81301542074283,123.73791753858735,-0.9249021178445247,-1.029064989014628,0.10416287117010326,54.60123051933137,0.006873405529774291,9785788.85,1.4490617176968825,0.012846233921457296,0.09375104308228309,0.9759829897701289,0.9959925641959849,-0.0012042890639698545
2023-06-14,121.981283907867,122.3722435861952,120.71064258206674,121.59031677246094,15051657,FEDERALBNK,-0.0012042890639698545,-0.014263018220418311,-0.02546019652858522,122.65324897766114,125.74236373901367,126.41164920806885,0.9913338438723805,0.9669797286841961,0.9618600622188531,122.62490793639176,123.57883600035576,-0.9539280639639998,-1.0140376040045025,0.06010954004050273,57.41937238320946,0.006703903189995403,9951372.25,1.5125207480807483,0.013665570155869467,0.5294136126594391,0.9754329832087124,0.994705507971393,-0.018890655418437152
2023-06-15,121.83467120958994,121.88353744120688,119.00016877808044,119.29339599609376,16997484,FEDERALBNK,-0.018890655418437152,-0.032117302052785845,-0.037080829661116366,122.42355690002441,125.5419938659668,126.45099018096924,0.9744317108308914,0.9502270301956152,0.9433962978492145,122.11236763788438,123.26139600004007,-1.1490283621556898,-1.04103575563474,-0.10799260652094977,30.247006377528876,0.007691522335335108,10250302.45,1.6582421916730858,0.024170396349692837,0.10169605495239754,0.9751602083899372,0.9928114733328578,0.013928668822713375
2023-06-16,119.92870641954224,121.54144116697994,119.34225945422249,120.95499420166016,7806010,FEDERALBNK,0.013928668822713375,-0.010791262764119236,-0.019024977042351954,122.3062671661377,125.35824005126953,126.49912784576416,0.9889517275296938,0.9648746995186872,0.956172554400029,121.93431018615757,123.09055142238229,-1.1562412362247159,-1.0640768517527353,-0.09216438447198061,40.83766937536469,0.008421826461742636,10157119.95,0.7685259245166245,0.018181818181818125,0.7333340115017318,0.9756539906440643,0.9909810619731254,-0.005252553439352381
2023-06-19,121.15047210657572,121.1993457933557,119.87983827815002,120.31967163085938,8471676,FEDERALBNK,-0.005252553439352381,-0.016773138737973814,-0.02456418314902964,122.1547679901123,125.25170196533203,126.54408889770508,0.9849772842317422,0.9606230473751345,0.9508122637646286,121.68590425457324,122.88530106745466,-1.1993968128814174,-1.0911408439784718,-0.10825596890294564,39.000011708550744,0.008469724728815789,9783987.7,0.8658714891884012,0.010966681485417726,0.3333314495300888,0.9752743162238473,0.9897870620142694,0.0024370757120555364
2023-06-20,120.3196725714565,120.85725330192834,120.02645281971722,120.61289978027344,4066067,FEDERALBNK,0.0024370757120555364,-0.009233217069970268,-0.0179068142432508,122.04480934143066,125.18035079956054,126.5944257736206,0.988267345666858,0.9635130354715131,0.95275047888725,121.5208266431425,122.71697504618197,-1.196148403039473,-1.112142355790672,-0.0840060472488009,40.97562795854829,0.008473027488455,9648652.0,0.42141296006944806,0.006888156107055117,0.705881824954445,0.9749518080265606,0.9888298796300183,0.0004050863768894075
2023-06-21,120.90611192914092,121.8346597272868,120.31966500546191,120.66175842285156,6402879,FEDERALBNK,0.0004050863768894075,-0.007636778768715935,-0.0028271994748116924,122.0277042388916,125.11095428466797,126.62594738006592,0.9888062647366868,0.9644379991563885,0.9528991562897221,121.38866230155926,122.56473677778713,-1.1760744762278676,-1.1249287798781111,-0.05114569634975652,39.80088837523945,0.00782130727537036,9340686.05,0.6854827328234632,0.012555715593963807,0.22580502259280402,0.9753558746042255,0.9880356820482399,0.002835215193718321
2023-06-22,120.90611310450504,121.59030740301284,120.31966617512504,121.0038604736328,7522638,FEDERALBNK,0.002835215193718321,0.01433829981330259,0.0044624499287733155,122.05458297729493,125.02298690795898,126.65062709808349,0.9913913719744748,0.96785290022478,0.9554146177256777,121.3294620203398,122.44911631081274,-1.119654290472937,-1.1238738819970764,0.004219591524139421,37.94867771420239,0.007778426960839168,8934026.25,0.842021031670911,0.010500832146299044,0.5384637956735446,0.9762571347551521,0.9871485816737093,-0.013327874812313345
2023-06-23,120.95499726897036,120.95499726897036,119.00016903027992,119.3911361694336,6602216,FEDERALBNK,-0.013327874812313345,-0.012929255567729947,-0.024750435934732584,121.90308418273926,124.92329071044922,126.66333354949951,0.9793938928604946,0.9557155874652853,0.9425864046344242,121.03125804327732,122.22259926330317,-1.1913412200258477,-1.1373673496028307,-0.053973870423017045,24.878040607946332,0.007380884091383486,8826790.65,0.7479746899854252,0.016373311297718535,0.20000076293945218,0.9758235112881369,0.9862624582008945,-0.006958728876622411
2023-06-26,119.39112606225416,119.5377396591598,118.2670984287473,118.5603256225586,5930251,FEDERALBNK,-0.006958728876622411,-0.014622264044224176,-0.03346620840926262,121.69782676696778,124.79036239624024,126.6523376083374,0.9742189221635239,0.950075978192132,0.9361084671741099,120.65111459393597,121.95131973435913,-1.3002051404231594,-1.1699349077668966,-0.1302702326562628,25.62810364710394,0.007446434436725161,8709913.6,0.6808622074046751,0.010717254897372918,0.23077103653884962,0.9752181533101659,0.9852985326030446,0.014427019308119737
2023-06-27,119.19563634553442,120.80837096439392,118.70692933721806,120.2707977294922,9768441,FEDERALBNK,0.014427019308119737,-0.0028363637007687847,-0.01795689550182089,121.5878677368164,124.62811141967774,126.66137866973877,0.9891677514225755,0.9650374731627559,0.9495459388855257,120.59260430709847,121.8268366228875,-1.2342323157890291,-1.182794389371323,-0.05143792641770606,36.48067001675032,0.008271524566148008,8752445.1,1.1160813793622082,0.017472584092294203,0.7441883571973578,0.9756054741724883,0.9839472199701644,-0.007314007861136007
2023-06-28,121.19935079880663,121.44370432864297,118.902429109761,119.3911361694336,27133502,FEDERALBNK,-0.007314007861136007,-0.010530447011762867,-0.024750435934732584,121.43636894226074,124.44240325927734,126.67799476623536,0.983157988083458,0.9594087950927839,0.9424773133625257,120.40776305515001,121.64641436707609,-1.238651311926077,-1.193965773882274,-0.04468553804380293,34.13655776720566,0.00839427947055988,9658959.2,2.809153806136794,0.021285292195188765,0.19230780516861887,0.9758439708790139,0.9823521716531474,0.03274659104016364
2023-06-30,119.58661235653712,123.54514240176468,119.58661235653712,123.30078887939452,17568492,FEDERALBNK,0.03274659104016364,0.018982273761936952,0.0051792482514469995,121.46813468933105,124.33391067504883,126.7175800704956,1.0150875305260156,0.9916907480023337,0.9730361707570468,120.85284395118762,121.76896062724782,-0.9161166760601986,-1.138395954317859,0.22227927825766036,53.39810975582023,0.011320329204473845,9988256.0,1.7589148696228851,0.032104661139674945,0.9382716514518422,0.976950970413795,0.9811891183991938,0.011097882649277802
2023-07-03,124.32706567765072,125.59770694081683,123.64287881722434,124.6691665649414,14414543,FEDERALBNK,0.011097882649277802,0.04420789151396898,0.011097882649277802,121.5365535736084,124.24105621337891,126.75667667388916,1.0257750684812348,1.0034458041859144,0.9835313597380092,121.43997050714974,121.9837906967066,-0.5438201895568682,-1.0194808013656609,0.4756606118087927,57.01495667248412,0.011529507299165041,10181876.45,1.415705942886392,0.01568012506584138,0.5250015258789094,0.9782318122350342,0.9801539411846347,0.03488829719428921
2023-07-04,125.10900508996212,130.2893028147995,124.76691164558484,129.01866149902344,41128680,FEDERALBNK,0.03488829719428921,0.08821109272050554,0.03692068403871862,121.76624603271485,124.26060485839844,126.81629894256592,1.059560146613702,1.0382909502657505,1.0173665575704505,122.605922967438,122.50489223761896,0.10103072981904404,-0.7953784951287199,0.896409224947764,68.12655496849233,0.013755111191285843,11722214.15,3.508610188630618,0.04280304186271888,0.7699110264301036,0.9799263907613677,0.9798472743213793,0.009848419353057025
2023-07-05,129.7517106899319,131.07122557786414,128.77429667343526,130.28929138183594,22443255,FEDERALBNK,0.009848419353057025,0.08329946954269718,0.05667848978060608,122.11567115783691,124.2840625,126.88545097351074,1.0669334258781125,1.048318575696992,1.0268260890607215,123.78797964657615,123.08151439644985,0.7064652501262998,-0.4950097460777161,1.2014749962040159,70.5069175811092,0.013612182422883418,12510929.25,1.793891928531208,0.017629452736045072,0.659574053632876,0.9825529412336108,0.9794981343128629,0.015753915817263042
2023-07-06,129.99607012912725,133.41701934305163,129.36075695506042,132.34185791015625,23044807,FEDERALBNK,0.015753915817263042,0.10847305885709702,0.07290010456660267,122.56528129577637,124.3231591796875,126.95704650878906,1.0797662805569457,1.064498833390158,1.0424144350348794,125.10396091789616,123.7674657678355,1.3364951500606566,-0.12870876685004157,1.465203916910698,81.11889053453613,0.013896832211381141,13385360.2,1.7216426495567898,0.03064988244871786,0.7349378984755869,0.9858604149419143,0.9792537129562223,-0.0018463867132102463
2023-07-07,132.87943788949983,133.12379140342472,130.28929660755847,132.09750366210938,13848264,FEDERALBNK,-0.0018463867132102463,0.07134354015625388,0.07176836713375989,123.00756072998047,124.32609161376953,127.02106704711915,1.07389743263085,1.0625082953020228,1.0399653123139574,126.17989057085204,124.3845056118558,1.7953849589962374,0.2561099783192142,1.5392749806770232,78.50000917170168,0.01391641151421234,13619247.95,1.0168156164599382,0.021457595467637064,0.6379292201163841,0.9893945762576917,0.9787832404812825,-0.009249010816733794
2023-07-10,132.09749995723288,132.4396008327949,129.50735874793597,130.875732421875,12720773,FEDERALBNK,-0.009249010816733794,0.04978428931503709,0.0703437163414542,123.43762283325195,124.32511413574218,127.08142227172851,1.0602580430333706,1.0526894210527782,1.0298573157454392,126.90232777870173,124.86533722741278,2.0369905512889517,0.6122860929131617,1.42470445837579,76.21359738334641,0.013976723588639885,13932994.15,0.9129963641016816,0.02240478070760216,0.46666463216145615,0.9928615283512128,0.9783106917855174,0.008215041216862895
2023-07-11,132.04862931771206,132.43958892822266,130.6313671727665,131.9508819580078,8025060,FEDERALBNK,0.008215041216862895,0.022727103388888947,0.07827464744387869,123.91655502319335,124.32609130859375,127.14202186584473,1.064836590504882,1.061328966182073,1.0378227435869882,127.67902842167189,125.39019239264205,2.288836029029838,0.9475960801364971,1.3412399488933409,77.10279896585331,0.013999748540988973,14156345.35,0.5668878373329597,0.013703748914930513,0.7297306214018204,0.996705950608679,0.9778520860693702,-0.005555341621708787
2023-07-12,131.95091034447017,133.3192841897873,130.87574881303786,131.2178497314453,15485814,FEDERALBNK,-0.005555341621708787,0.007126896921160419,0.07788045124741316,124.39060134887696,124.28308532714844,127.1955352783203,1.0548855645726807,1.0557981352493995,1.031623078941597,128.22346246932935,125.82187071403489,2.4015917552944614,1.2383952151680901,1.1631965401263713,74.4344920636042,0.014012365068984341,14221625.45,1.0888919873782783,0.018621973929236535,0.14000244140624563,1.0008650897380404,0.9771025771871705,-0.05586596791229437
2023-07-13,131.9509038981601,132.0975100479403,123.5940103351122,123.88723754882812,72729803,FEDERALBNK,-0.05586596791229437,-0.06388470356119502,0.018890655418437152,124.50544738769531,124.06903198242188,127.21508354187011,0.9950346763789205,0.9985347315870127,0.9738407907270941,127.5563509430984,125.67856455364921,1.8777863894491844,1.366273450024309,0.5115129394248754,55.042753928339096,0.019360230101489087,17105532.75,4.251829163286364,0.06863902917745318,0.0344831214933271,1.0035175208373937,0.9752698227925717,0.020118427298482455
2023-07-14,125.15788623008564,127.06384086015667,123.74063122316772,126.37965393066406,30563704,FEDERALBNK,0.020118427298482455,-0.04328507029225115,0.05940192980005654,124.85976028442383,123.8715951538086,127.24636089324952,1.0121728060567952,1.0202472469474642,0.9931887485307925,127.37532063349312,125.73049710009475,1.644823533398366,1.4219834666991205,0.2228400666992456,61.85740497043281,0.019202907897644166,17783843.75,1.7186219373975324,0.02629544814873578,0.7941186370317189,1.007977334346815,0.9734784891626717,0.025522018512228906
2023-07-17,128.0412492459788,130.68026437737774,126.86835528915216,129.60511779785156,29948533,FEDERALBNK,0.025522018512228906,-0.00970855788548819,0.07151522476012562,125.29226646423339,123.96640441894532,127.32382099151611,1.034422326735141,1.0454858185597622,1.0179172820024578,127.71836635108673,126.01750604066932,1.7008603104174114,1.4777588354427786,0.22310147497463273,67.33133274255805,0.019716174265159918,18890969.9,1.58533591226568,0.029411717322545154,0.7179506240463223,1.010695333558335,0.9736308842569646,0.017345355748268565
2023-07-18,130.58253819179674,132.3418717545362,128.57883617405844,131.85316467285156,30095708,FEDERALBNK,0.017345355748268565,-0.0007405580296715453,0.09585708542637095,125.868941116333,124.08858154296875,127.44062198638916,1.0475432898969708,1.0625729058494728,1.0346243028140092,128.35448916981977,126.4497770504606,1.904712119359175,1.563149492226058,0.3415626271331169,67.87334461373415,0.019826572122309837,19972171.5,1.5068821134446997,0.028539592430825843,0.8701295612988655,1.0143474891180682,0.9736972372609857,0.006300912762672528
2023-07-19,133.0260608509924,133.75912140326275,130.43590461781068,132.6839599609375,24377900,FEDERALBNK,0.006300912762672528,0.011173100553718784,0.10008100462433545,126.47249412536621,124.22932922363282,127.5449609375,1.0491131757820333,1.0680566400071676,1.0402916664497293,129.0205615992225,126.9115683771626,2.108993222059908,1.672318238192828,0.43667498386708004,70.54382171490128,0.019821404487207744,20987763.15,1.1615292123210377,0.02504610795781524,0.6764696642626661,1.0180566450430988,0.9740042124008967,0.008103200984040715
2023-07-20,134.98089237359957,136.10491261625836,132.39073607549705,133.75912475585938,39128767,FEDERALBNK,0.008103200984040715,0.07968445662645762,0.1085461251700719,127.1273624420166,124.37789611816406,127.66713775634766,1.052166285734651,1.0754252076171378,1.0477177377559623,129.74957131562817,127.41879477558459,2.330776540043587,1.8040098985629798,0.5267666414806071,67.71525836224504,0.019802842721254887,22624057.55,1.729520308791824,0.02776764985222897,0.36842316603557124,1.022105747159772,0.9742358002537732,-0.01972977986178015
2023-07-21,133.71024280801055,133.8568489474202,130.04494018122384,131.12008666992188,21243972,FEDERALBNK,-0.01972977986178015,0.03750946130821475,0.0836025078596021,127.63317375183105,124.50202743530274,127.77049926757813,1.0273198010798568,1.0531562366569347,1.026215655582037,129.96041983167336,127.6929645455355,2.26745528613786,1.896698976077956,0.37075631005990406,60.47617218620176,0.02058142115199003,23310124.25,0.9113624523043887,0.029071890226799103,0.2820493759536787,1.0251493600628745,0.9744191980855413,-0.0014908497366371565
2023-07-24,131.46218702252207,132.24412122927876,130.3870256239623,130.9246063232422,11438342,FEDERALBNK,-0.0014908497366371565,0.010180836588942865,0.09660239883671862,128.2098472595215,124.65939102172851,127.84478271484375,1.0211743412986485,1.0502586708483248,1.0240903347246322,130.10875621499164,127.93234541795823,2.1764107970334123,1.9526413402690475,0.22376945676436488,53.57795957651588,0.020217034437595826,23551930.55,0.4856647303590151,0.01418446583472202,0.2894738955500781,1.0284812576789673,0.975083913277711,-0.010078231758306133
2023-07-25,131.55994603061458,131.7065521824095,128.7254361446147,129.60511779785156,12507814,FEDERALBNK,-0.010078231758306133,-0.017049623955388227,0.09315757288365156,128.76208686828613,124.75908752441406,127.92444198608399,1.0065471984034229,1.0388431044952071,1.0131380351219386,130.03127338158546,128.05625448313552,1.975018898449946,1.9571168519052273,0.01790204654471861,48.71797804339398,0.02032442143543204,23880808.7,0.523760068477078,0.02300153025164121,0.29508467368737223,1.0320858337721388,0.9752560619962347,0.009803738043780319
2023-07-26,129.70283857076234,131.95089381865174,129.70283857076234,130.875732421875,15769623,FEDERALBNK,0.009803738043780319,-0.013628079381975411,0.08817547478345444,129.29233360290527,124.89494796752929,127.98821823120117,1.0122466566643682,1.0478865202450032,1.0225607812232977,130.16119015701463,128.26510470081993,1.8960854561946974,1.9449105727631213,-0.04882511656842392,47.16979798241625,0.02023359895313064,24180867.8,0.6521528975068462,0.017177021333816427,0.5217371113160325,1.0352086750259846,0.9758316014831606,0.0
2023-07-27,131.26670698168223,132.48847451704012,130.53364646046748,130.875732421875,20697424,FEDERALBNK,0.0,-0.021556602880343445,0.09619303929014533,129.86656341552734,125.01712448120117,128.05199447631836,1.0077708147486637,1.0468624435651197,1.0220514952313287,130.2711197362239,128.4584845320092,1.8126352042147005,1.9184554990534373,-0.10582029483873678,47.619036291037204,0.02007563336543238,23859063.9,0.8674868421807614,0.014936520471734918,0.17499542236328067,1.038790197378563,0.9762997053850774,0.011575978375837348
2023-07-28,130.9246258072655,134.29670172944225,130.48479241118275,132.3907470703125,28108965,FEDERALBNK,0.011575978375837348,0.009690814219710964,0.07372181697725577,130.32106132507323,125.18719467163086,128.11357162475585,1.0158814371537126,1.0575422463741337,1.033385810662468,130.59721624916062,128.7497632385502,1.8474530106104226,1.9042550013648345,-0.056801990754411946,52.919067667050825,0.01905660584287925,24386087.55,1.1526639909894032,0.028792868101537313,0.5,1.0410095191198159,0.9771579473118092,0.0014764255978314544
2023-07-31,132.87943936099109,133.51476745272416,131.85315160831075,132.58621215820312,11585682,FEDERALBNK,0.0014764255978314544,0.012691318168706722,0.06350443988199483,130.71691360473633,125.37290313720703,128.18345668792725,1.0143003571758067,1.0575348328107383,1.034347298661127,130.90321561978254,129.03394464000598,1.8692709797765588,1.8972581970471794,-0.02798721727062059,51.267080495840304,0.018982327283400227,24244644.5,0.4778656168788121,0.012532342672485043,0.4411733026963052,1.0426249239971803,0.9780739759767695,-0.0040544724064554005
2023-08-01,133.3192713618567,133.3192713618567,131.46219061987728,132.04864501953125,12265664,FEDERALBNK,-0.0040544724064554005,0.018853632195998005,0.023484846961699057,130.86841278076173,125.5468829345703,128.24552249908447,1.0090184652941938,1.051787522979359,1.0296550120919343,131.07943552743617,129.2572557792301,1.8221797482060822,1.88224250727896,-0.060062759072877725,51.66992900953798,0.017506875325795514,22801493.7,0.5379324776429011,0.01406361073757884,0.3157937005091585,1.0423867938558442,0.9789572414543094,-0.01739473580819839
2023-08-02,131.75539518026162,131.75539518026162,127.65025983053116,129.75169372558594,19099857,FEDERALBNK,-0.01739473580819839,-0.00858859526887501,-0.00412618451254354,130.8415328979492,125.6856753540039,128.28046493530275,0.9916705410871844,1.0323506904038966,1.0114688451669176,130.87516755792075,129.29388081229348,1.581286745627267,1.8220513549486215,-0.24076460932135446,64.77825295520455,0.017863750492288506,22634323.8,0.8438448247347243,0.031638395090336786,0.5119036806405812,1.0410218390395198,0.979772527464665,-0.004519717802523138
2023-08-03,129.75170704463048,129.94718685960706,127.79687906655695,129.16525268554688,13591421,FEDERALBNK,-0.004519717802523138,-0.013069495044462753,-0.024003027271733646,130.68270263671874,125.84890319824218,128.3158960723877,0.9883882876573942,1.0263518346447615,1.006619262610145,130.6121037314017,129.28435280290486,1.3277509284968403,1.7231912696582654,-0.3954403411614251,57.76558736727119,0.017490931148232924,22161654.5,0.6132854837169309,0.016647726446097955,0.6363617447755939,1.0384095476053705,0.9807740665836617,0.018539808864150187
2023-08-04,129.94720947119677,132.43961855976536,128.72544177230597,131.55995178222656,16663874,FEDERALBNK,0.018539808864150187,-0.006275327441461642,-0.004069356838550142,130.65582504272462,126.0707765197754,128.3366661453247,1.0069199114483132,1.0435404255766612,1.0251158591984297,130.7579265084517,129.45291569026202,1.305010818189686,1.6395551793645495,-0.3345443611748635,55.71429590946477,0.018028816974419975,22302435.0,0.7471773373624898,0.028231819312365927,0.7631596911302331,1.0363688449418729,0.9823441757246251,-0.004086332116781999
2023-08-07,132.0975006139438,132.0975006139438,130.0938137773193,131.02235412597656,13236209,FEDERALBNK,-0.004086332116781999,-0.011795027603326846,0.0011203123863248177,130.66315612792968,126.24280136108399,128.34912822723388,1.0027490381274367,1.0378600024188462,1.020827768257295,130.7986076803786,129.56917038920383,1.2294372911747757,1.5575316017265948,-0.32809431055181904,47.3015674776634,0.01792679805467868,22328206.8,0.5928021501484839,0.01529270978216414,0.46341590496323615,1.0350147075254013,0.983589083188623,0.010443965485616546
2023-08-08,131.60881274718943,133.22155508503516,131.1201056595071,132.3907470703125,12282946,FEDERALBNK,0.010443965485616546,0.002590727460555442,0.0033335518927768426,130.6851493835449,126.43730682373047,128.36452251434326,1.0130511974376053,1.0470861045378155,1.0313655555063461,131.0435522019069,129.77817606928596,1.2653761326209292,1.4991005079054618,-0.2337243752845326,49.07979396885781,0.017986004737515816,22541101.1,0.5449133094922324,0.01587308382217979,0.6046500074519332,1.033596433414518,0.9849863836762416,-0.006275327441461642
2023-08-09,132.43961855976536,132.68397209954352,130.19156301097496,131.55995178222656,12772010,FEDERALBNK,-0.006275327441461642,0.013936296357448308,0.0026071304436203757,130.70225448608397,126.61910629272461,128.38064990997316,1.006562222660313,1.0390213265135473,1.0247646500814795,131.12299829118683,129.91015945542972,1.2128388357571112,1.4418481734757918,-0.2290093377186806,42.990704202610836,0.01799910475078325,22405410.9,0.5700413197956571,0.01894504410197939,0.5490225410939634,1.0322474886524609,0.9862787451342252,-0.0029718462712393645
2023-08-10,131.2667232106534,132.29301105006854,130.48478890852013,131.16897583007812,15357708,FEDERALBNK,-0.0029718462712393645,0.01551286513106831,0.05877714626076824,131.06634140014648,126.79406356811523,128.39970947265624,1.0007830723649964,1.034504078021071,1.0215675437958185,131.13007175870857,130.0034051128111,1.1266666458974726,1.378811867960128,-0.25214522206265544,50.181886304029426,0.012296751956492564,19536806.15,0.7860910264495817,0.013785440727164484,0.37837548044407493,1.0336946203300452,0.9874949412959307,0.0
2023-08-11,131.7598330965428,132.30144975311467,130.77508100318465,131.16897583007812,10427685,FEDERALBNK,0.0,-0.0029718462712393645,0.03789630490713036,131.3058074951172,126.96413360595703,128.40752876281738,0.9989579161222998,1.033118346927575,1.021505336126836,131.13605700045773,130.0897436844605,1.0463133159972244,1.3123121575675474,-0.26599884157032294,50.92256661893015,0.011621112345934001,18530005.2,0.5627459295046502,0.011636659814340075,0.25806007028873773,1.034196065974308,0.9887592638004392,-0.0015014616770723244
2023-08-14,131.36592547322755,131.36592547322755,128.51015036446708,130.97203063964844,6724869,FEDERALBNK,-0.0015014616770723244,-0.000384083209798991,0.010546750506634117,131.37415313720703,127.1175584411621,128.40385612487793,0.9969391049307955,1.0303221069201893,1.0200007584840198,131.11082217571783,130.15509827373367,0.9557239019841575,1.2409945064508696,-0.28527060446671215,55.63840018529894,0.01021966640655345,17368822.0,0.3871804892697962,0.02180446538710041,0.8620707798836167,1.0334854975838381,0.9899824061166446,-0.0060152273293642144
2023-08-16,129.88877551288846,131.36590343013643,129.6918281291465,130.1842041015625,11329623,FEDERALBNK,-0.0060152273293642144,-0.016666897178079232,-0.012657720999188826,131.29070510864258,127.23274627685547,128.39893226623536,0.9915721299069538,1.0231973128858252,1.0139041018785528,130.9682655489247,130.15725426098024,0.8110112879444671,1.1549978627495892,-0.34398657480512207,47.02917855344857,0.00951248276628967,16430517.75,0.6895475341913677,0.012859281297168018,0.2941181750455573,1.0318939813101031,0.9909174790724754,0.018154536137477972
2023-08-17,130.5781337503149,132.941532766831,129.98727648312362,132.54763793945312,14592871,FEDERALBNK,0.018154536137477972,0.007507498625884956,-0.0010274190001904326,131.28388900756835,127.41768325805664,128.4038706970215,1.0096260778183674,1.0402609320011484,1.032271357708594,131.21124591669832,130.3343197186449,0.8769261980534111,1.0993835298103536,-0.2224573317569425,55.970193169013626,0.010301237626667452,15941266.3,0.9154147936164895,0.022288260504927673,0.8666687011718713,1.03034277229544,0.9923196439981795,-0.0033434093404562937
2023-08-18,132.44914614474138,132.84304094067045,130.92277751480034,132.10447692871094,6454530,FEDERALBNK,-0.0033434093404562937,0.007132030213033769,-0.012370354771448655,131.20115661621094,127.59277969360352,128.4234538269043,1.006885002661542,1.0353601296714567,1.0286631685421581,131.34866607239258,130.4654424749461,0.8832235974464879,1.0561515433375805,-0.17292794589109262,48.89302180678006,0.010144058261183706,14307554.45,0.45112741122575284,0.014535945113399585,0.6153840134590622,1.0282804162686356,0.9935317567893758,0.0007455877778586029
2023-08-21,132.10449118943438,132.94153650379712,131.6121151283092,132.20297241210938,11583244,FEDERALBNK,0.0007455877778586029,0.007882935545450387,0.008258732660187507,131.25530090332032,127.77180084228516,128.44181900024415,1.0072200627499768,1.0346803562336404,1.0292829348037968,131.4800978169644,130.59414839621743,0.8859494207469538,1.0221111188194554,-0.13616169807250156,48.50685221427705,0.009087136875034806,13824518.05,0.8378768762937091,0.010055911385591164,0.4444469561679186,1.0272634496662922,0.9947834890289298,0.013407695750742077
2023-08-22,132.44914107207208,134.81253980937743,132.05524629122874,133.9755096435547,15619405,FEDERALBNK,0.013407695750742077,0.022932216819405493,0.023302749620495833,131.40784606933593,128.00582122802734,128.46709197998047,1.0195396519387736,1.0466360698150832,1.042878044319962,131.8640073287475,130.8446195997239,1.019387729023606,1.0215664408602856,-0.0021787118366796143,56.84827278771596,0.009519976687095942,14033571.2,1.1130028684359403,0.0205805786854966,0.6964305177111715,1.0265771103897554,0.9964094248196651,0.04152880469154585
2023-08-23,134.467885735667,140.03172840648483,133.72932175142802,139.5393524169922,31220704,FEDERALBNK,0.04152880469154585,0.07186085577733614,0.07665001805434346,131.90455780029296,128.34916351318358,128.513830947876,1.0578812039858283,1.0871855226595162,1.0857924893203756,133.0448296500159,131.48867388248453,1.5561557675313793,1.1284843061945045,0.42767146133687484,78.23068175016459,0.0127496107499491,14969215.7,2.0856606401897198,0.045165801230200836,0.9218749254941239,1.0277009540988882,0.9987186792777254,-0.007057195355069212
2023-08-24,141.11495702009174,141.60733299362582,137.27441541085255,138.55459594726562,22632569,FEDERALBNK,-0.007057195355069212,0.0453192384352894,0.05867293640533733,132.2885009765625,128.68551696777342,128.53585357666014,1.0473668907308376,1.0766914506934273,1.077945118749534,133.89248600343893,132.01207551691277,1.8804104865261593,1.2788695422608356,0.6015409442653237,76.47352389474952,0.012886751161251795,15312363.0,1.4780585465483023,0.03127227612444113,0.2954546242704429,1.0279983644910977,1.0011643707724243,0.0
2023-08-25,137.86527258954237,140.13020507302355,136.63433265570717,138.55459594726562,14682803,FEDERALBNK,0.0,0.04882589272152704,0.05867293640533733,132.67244415283204,129.02480255126954,128.56227447509767,1.0443358968171088,1.0738601664762037,1.0777235896997408,134.60973368710458,132.4967066599019,2.1130270272026905,1.4457010392492067,0.6673259879534839,72.80055230536757,0.012886751161251795,15011631.95,0.9780950564805182,0.02523101015463189,0.5492944427967869,1.0282708559086,1.0035976967431568,0.022743376495570455
2023-08-28,139.29315608913095,142.2966524505786,138.35764477028576,141.70579528808594,19046442,FEDERALBNK,0.022743376495570455,0.07188055383773007,0.07036026628678393,133.1381965637207,129.47305053710937,128.60127479553222,1.0643511700285406,1.0944810113010386,1.1019003933933709,135.70143547187095,133.17886137310072,2.522574098770235,1.6610756511534124,0.8614984476168228,79.75497354074624,0.01350793312336965,14558505.8,1.3082690120575422,0.02779708248547551,0.8499984741210943,1.0283081769635205,1.0067789043535005,0.0038221864918184245
2023-08-29,142.5920904699363,144.21692523515551,141.8042858765089,142.24742126464844,17276351,FEDERALBNK,0.0038221864918184245,0.061741967939524134,0.07286737398393628,133.62125701904296,129.89889907836914,128.63760734558105,1.0645568260473417,1.0950625622995414,1.1057996506612957,136.70851020922134,133.8506065502524,2.857903658968951,1.9004412527165202,0.9574624062524306,78.77761076604924,0.013499701402783962,14843039.25,1.1639362201376648,0.01696086535135097,0.1836724525575617,1.0286558082253499,1.0098049999437542,-0.007268893270961252
2023-08-30,143.232184677463,143.5768539102498,140.81954512632765,141.21343994140625,8170161,FEDERALBNK,-0.007268893270961252,0.011997243038732952,0.06940468734472383,134.07949676513672,130.3167744445801,128.6692588043213,1.053206816466248,1.0836167526649472,1.0974916716988476,137.40157632186518,134.3960016162638,3.00557470560139,2.1214679432934944,0.8841067623078955,77.85391565601998,0.013614380022715792,14638264.1,0.5581372862373757,0.01952582406509074,0.14285480733075434,1.0288736606365039,1.0128042677448257,0.0038354048877937696
2023-08-31,141.1642084612473,142.34590788323544,139.83478722018353,141.7550506591797,19548529,FEDERALBNK,0.0038354048877937696,0.023098870809974192,0.09251021384722624,134.6796646118164,130.7396174621582,128.71803527832031,1.052534924762075,1.0842547455074958,1.1012835175169517,138.07134160452895,134.94111636018349,3.1302252443454677,2.3232194035038893,0.8070058408415783,80.28154628726764,0.012700781997900949,14660697.7,1.3333969092071247,0.017714505771574768,0.7647037704123505,1.030136596894959,1.0157055083964475,-0.0010418663648961157
2023-09-01,142.88754162799648,142.98600782639275,139.1454804880597,141.60736083984375,13687325,FEDERALBNK,-0.0010418663648961157,0.022032938508514066,0.09632705310140355,135.30177001953126,131.15852951049806,128.7611862182617,1.0466039048816749,1.079665663898049,1.0997674454459174,138.61534456380815,135.43491224756573,3.180432316242417,2.494661986051595,0.685770330190822,79.60890227750798,0.012594017634237365,14665492.9,0.9333013962319671,0.027120958370777434,0.6410266442349067,1.0315895620703919,1.0186185244377342,-0.005215626946310392
2023-09-04,141.6565943511565,142.29667720008428,140.32717301738413,140.86878967285156,11140979,FEDERALBNK,-0.005215626946310392,-0.005906643504118847,0.07075738296129863,135.7672119140625,131.55582809448242,128.80039993286132,1.037575919007737,1.0707909464237544,1.0936983871655757,138.9620284267379,135.83742168647578,3.1246067402621236,2.6206509368937008,0.5039558033684228,77.23569042232087,0.012335937002284109,14389348.15,0.7742518204342703,0.01398112518233494,0.27500152587890986,1.0320121417696182,1.0213930093622179,0.011534365824351633
2023-09-05,141.55811036291138,143.3799077067272,140.72106509118538,142.49362182617188,13833678,FEDERALBNK,0.011534365824351633,0.0017307910353283606,0.08755198894660232,136.34077529907228,132.0178778076172,128.86215461730956,1.0451284402160903,1.0793509499813385,1.1057833252078129,139.5053504881893,136.33047354867549,3.1748769395138083,2.7314961374177225,0.4433808020960859,82.38342592889944,0.012325154338725533,14419221.6,0.9593914556386317,0.018659379847789637,0.6666647828740613,1.0327447885335244,1.0244891387985822,-0.006219653728847474
2023-09-06,141.80430826276142,143.28143647383186,140.67184931139084,141.60736083984375,17346713,FEDERALBNK,-0.006219653728847474,0.0027895425435493504,0.06961675172537785,136.80160598754884,132.47881851196288,128.91068130493164,1.0351293745245382,1.0689056743592302,1.0984920675803331,139.82873669613613,136.721354088762,3.10738260737412,2.8066734314090023,0.3007091759651179,75.84274064375948,0.012448882313793418,14672409.95,1.1822674706550167,0.018428329904350303,0.3584902401105567,1.0326300273820423,1.0276791431936583,0.008344809156521693
2023-09-07,142.24743060851952,144.9062581381311,141.65658839423017,142.78904724121094,13131381,FEDERALBNK,0.008344809156521693,0.007294248615643983,0.08535344766294894,137.36306076049806,132.92918350219728,128.97611236572266,1.0395010598240342,1.0741738080325354,1.107096846246385,140.2841690876861,137.17081284079526,3.113356246890845,2.868009994505371,0.24534625238547392,79.24540910427415,0.012276230886997946,14690378.5,0.8938762878029317,0.022758536503232844,0.3484842880130189,1.0333551831244603,1.0306496378590273,0.017241403262275856
2023-09-08,143.62609587592405,146.0387354498587,142.83829121219816,145.2509307861328,18010921,FEDERALBNK,0.017241403262275856,0.025730088638611814,0.1073573599773856,138.0671585083008,133.44637939453125,129.05531890869142,1.0520309996631105,1.0884591357604516,1.1254935636469197,141.04828627206254,137.76934009600546,3.278946176057076,2.950197230815712,0.3287489452413639,81.62301531242812,0.01248719971890834,14823039.15,1.2150626344395778,0.02203389830508471,0.7538452148437491,1.0346264854448266,1.0340246378295077,0.009491378708111453
2023-09-11,146.13718639274373,147.71279555578784,145.25091562985804,146.6295623779297,20273209,FEDERALBNK,0.009491378708111453,0.0408945992824723,0.11786770804614544,138.84018783569337,133.91295486450196,129.1460612487793,1.056103169144761,1.0949617423220543,1.1353777340175417,141.90694413450365,138.42565285762947,3.481291276874174,3.0564160400274045,0.4248752368467694,81.2653066148705,0.012460113709828687,15315315.35,1.3237212905315725,0.01678979249480696,0.5599975585937497,1.0367942965352155,1.036910871068224,-0.04231014780662712
2023-09-12,147.61432163875347,147.61432163875347,139.68707990664294,140.42564392089844,17735490,FEDERALBNK,-0.04231014780662712,-0.014512775230011155,0.07218039786876562,139.31286849975587,134.2280844116211,129.1916116333008,1.0079875996605765,1.0461718539487759,1.0869563599801237,141.679051793949,138.57380034379753,3.1052514501514565,3.066183122052215,0.039068328099241434,52.12268632891186,0.016409815883947687,15865846.4,1.117840772743142,0.0564515248837024,0.09316784314319985,1.0378816706684264,1.0389845185352737,0.01788212130151967
2023-09-13,140.81954144787676,143.7245569550383,138.653089969288,142.93675231933594,16236362,FEDERALBNK,0.01788212130151967,0.009387869893258571,0.09795772310306261,139.95049591064452,134.50644622802736,129.2546044921875,1.0213379480312672,1.0626758518102306,1.1058542392427917,141.87254418247005,138.8969819716152,2.9755622108548607,3.0480589398127442,-0.0724967289578835,59.78028923793236,0.016540904837371244,16111183.35,1.007769674472732,0.035480496817362324,0.844659417498738,1.0404742659945674,1.040631757425379,0.01619022700072792
2023-09-14,144.1676974952442,145.6448256049337,143.28142663988018,145.2509307861328,10378267,FEDERALBNK,0.01619022700072792,0.017241403262275856,0.09583945096390534,140.5856605529785,134.8056790161133,129.33307792663575,1.0331845382722815,1.0774837666057897,1.1230764249539198,142.39229596764895,139.36764484676465,3.0246511208843003,3.0433773760270557,-0.018726255142755388,63.54591277668201,0.016463170744956866,15900453.15,0.6527025929446545,0.016271145060910968,0.8333354526149772,1.0428763949638526,1.042314009511023,0.005084689676037701
2023-09-15,145.25092268070523,146.53110330955644,144.41387745480776,145.98948669433594,8614702,FEDERALBNK,0.005084689676037701,0.005084689676037701,0.1051062771560567,141.27991104125977,135.07863159179686,129.4091354370117,1.0333350694968995,1.080774101528592,1.1281234991744034,142.9457099256008,139.85815165028845,3.0875582753123467,3.0522135558841144,0.03534471942823236,59.6027364460407,0.016353531709364457,16008461.75,0.5381342776422601,0.014502591266599923,0.7441857164148433,1.0459086635420098,1.0438106331182833,-0.014502537583483854
2023-09-18,144.90624622327675,145.447862811434,143.4291182698239,143.8722686767578,11469599,FEDERALBNK,-0.014502537583483854,-0.018804487011050974,0.08826803249379567,141.86337585449218,135.31412689208983,129.48120429992676,1.0141607572085845,1.063246476781341,1.1111440417521603,143.0882574257788,140.15549365224916,2.9327637735296435,3.0283235994132203,-0.09555982588357681,53.40209123531637,0.016914835632659657,16002779.5,0.7167254288544062,0.014031505586011607,0.21951782298342037,1.0484003341914567,1.0450484116493992,0.0027378843975376377
2023-09-20,143.08447486989252,145.25092635952166,142.0997228267771,144.26617431640625,19554843,FEDERALBNK,0.0027378843975376377,0.027349209790137552,0.07681004312079232,142.37790908813477,135.58193572998047,129.56012969970703,1.013262346949502,1.064051590203882,1.1135074860667762,143.26947540895225,140.4599885162608,2.8094868926914387,2.9845562580688645,-0.1750693653774258,56.567830551652584,0.016782681934016153,16199551.4,1.2071225009354272,0.02184298258185796,0.6874997019764905,1.0501244750752703,1.0464788515126584,-0.00477818905196481
2023-09-21,144.26616665004389,146.48185862931075,143.23217405449475,143.57684326171875,14051863,FEDERALBNK,-0.00477818905196481,0.004478141079858666,0.028934424409976733,142.57978363037108,135.81445495605467,129.62949974060058,1.00699299442011,1.0571543603968794,1.1075939006864022,143.31676277091634,140.690866645554,2.6258961253623454,2.9128242315275608,-0.28692810616521536,53.894754560620484,0.014323731032846582,15341109.35,0.9159613349604343,0.0226337653133404,0.106062357526966,1.049813023779431,1.0477125594701107,0.00102885906639405
2023-09-22,143.62609740594576,145.20169172405787,142.78905212442183,143.7245635986328,8086555,FEDERALBNK,0.00102885906639405,-0.010508484725288425,0.03731357748201214,142.83828201293946,136.06458923339844,129.69692047119142,1.0062047902929347,1.0562966044904956,1.1081571025470667,143.3795013597958,140.91558493837465,2.463916421421146,2.823042669506278,-0.3591262480851318,54.526296972160374,0.014182138322077683,14613808.65,0.5533502725861954,0.016786550184793796,0.38775433941816734,1.0497829216088086,1.049096530118627,0.007879493792050773
2023-09-25,143.6753258604187,145.54636387235564,141.9520096796509,144.85704040527344,14333389,FEDERALBNK,0.007879493792050773,-0.007757040008186,0.04548708337619156,143.15340423583984,136.48398529052736,129.75021095275878,1.0119007730100984,1.0613482607276066,1.1164300955010775,143.60681505910006,141.20754460258937,2.399270456510692,2.738288226907161,-0.33901777039646896,58.38512265825205,0.014235048148256107,14596337.95,0.9819852793967407,0.024813113554223158,0.8082204952196184,1.048865945195809,1.0518979837359979,0.0050985157927900815
2023-09-26,144.85703227744497,146.18643852662757,144.31541564579706,145.59559631347656,14100749,FEDERALBNK,0.0050985157927900815,0.011978177953046787,0.027449837301874114,143.34789428710937,136.8683041381836,129.81941184997558,1.0156800491388127,1.0637641580367783,1.121524079016261,143.9127814059272,141.5325854700625,2.3801959358647196,2.666669768698673,-0.28647383283395333,56.774221496526096,0.01342674864583662,14349053.3,0.9826954228401953,0.012850820548185248,0.6842143304582445,1.0473417873460602,1.0542976754227942,0.018261633894736118
2023-09-27,145.74328930024947,149.18992114180944,145.15243211696168,148.25440979003906,20485056,FEDERALBNK,0.018261633894736118,0.027644979791907165,0.0422291558749226,143.64824371337892,137.24128997802734,129.915101852417,1.0320655927116715,1.0802464026225267,1.1411637883212027,144.5807242342521,142.03049838265335,2.5502258515987535,2.643380985278689,-0.09315513367993544,63.473028334676656,0.013939893471399935,14509488.55,1.4118385999208771,0.027233517239492123,0.768293772190341,1.0466838641372238,1.056392120863153,-0.030222413521777125
2023-09-28,148.5990828935261,149.09145893363203,143.03523965077858,143.7738037109375,29980644,FEDERALBNK,-0.030222413521777125,0.001371812088525548,0.018131162094724207,143.77626190185546,137.47970275878907,129.970551071167,0.9999829026649779,1.045782037827006,1.106202924631845,144.45658261528064,142.1596321106744,2.2969505046062295,2.574094889144197,-0.2771443845379675,51.76057471496406,0.01560302771686714,15600012.7,1.921834589275687,0.04212324586633111,0.12195134054177441,1.045799918218574,1.0577757932526604,0.008219066136297082
2023-09-29,146.481858704025,146.481858704025,144.06921933059505,144.9554901123047,8836942,FEDERALBNK,0.008219066136297082,0.008564482527213535,0.022577251662233788,143.93628387451173,137.7251333618164,130.04119415283202,1.0070809542275077,1.0524984552492207,1.1146890110986256,144.5333376148228,142.36673270338778,2.16660491143503,2.492596893602364,-0.3259919821673338,49.446464715770695,0.01567533957338943,15064433.35,0.5866096516667187,0.016644001352144406,0.36734490511512485,1.0450981629938094,1.059088500832696,0.02377722990676756
2023-10-03,145.2509265892252,149.97773940887896,145.0539791855154,148.40213012695312,18267135,FEDERALBNK,0.02377722990676756,0.024473023277028272,0.04798316448248885,144.2760223388672,138.0179934692383,130.12833740234376,1.0285987076798857,1.0752375570510613,1.140429003316231,145.12853646284287,142.81379917920742,2.314737283635452,2.457024971608982,-0.14228768797352975,53.082221039454616,0.016448912643477497,15293423.85,1.194443780488043,0.03317850100366783,0.6799987792968739,1.0453421232429647,1.0606298076528904,-0.02289320173125131
2023-10-04,148.00822679306015,148.15593358080247,143.97073763204463,145.00473022460938,22633122,FEDERALBNK,-0.02289320173125131,-0.0040582689574966135,0.029360233458120666,144.4828193664551,138.29568634033203,130.1874977874756,1.003612269337232,1.0485123148943856,1.1138145573803266,145.1094893492685,142.97609036775572,2.1333989815127836,2.3922997735897424,-0.2589007920769588,58.82351557533749,0.017335062963825417,15868031.0,1.4263346221090696,0.028862478777589212,0.2470595415900734,1.0447384382684008,1.0622808540808784,-0.01188442002182466
2023-10-05,145.989501428768,146.48187748754967,142.44438779508997,143.28143310546875,11157021,FEDERALBNK,-0.01188442002182466,-0.03354353298234536,0.00552874766744238,144.52220993041993,138.54282287597655,130.2355980682373,0.9914146287581088,1.0342032169629904,1.1001710379553526,144.82824992714546,142.99870834832706,1.8295415788184073,2.2797481346354753,-0.45020655581706803,50.68496722988688,0.017418891731980437,15734198.15,0.709093713809623,0.028178736106636546,0.20731825320620023,1.043159125318214,1.0637861301438234,0.006872776113375778
2023-10-06,144.0692269130079,144.75855033796395,141.85353481599824,144.26617431640625,9149275,FEDERALBNK,0.006872776113375778,0.0034246197343341667,0.018775955294934032,144.65515060424804,138.83604400634766,130.28324630737305,0.9973110097620653,1.0391118196209215,1.1073271384107495,144.7417767562625,143.09259471633294,1.6491820399295705,2.1536349156942944,-0.504452875764724,47.93387053915872,0.017402186350439827,15324326.25,0.5970425616591137,0.020136497940219825,0.8305082992380942,1.0419135148912362,1.0656477171193315,-0.010580215318889308
2023-10-09,142.88752895258415,143.42913056103154,140.96725042763845,142.73980712890625,11349775,FEDERALBNK,-0.010580215318889308,-0.015285264336534099,-0.0003448451632394045,144.6526885986328,139.0733255004883,130.33205947875976,0.9867760392962054,1.02636365827324,1.0952010403255277,144.43378142897694,143.06646230244948,1.3673191265274625,1.9963717578609281,-0.6290526313334657,43.39999318216331,0.01750038810465404,15235245.95,0.744968281919991,0.01724732702749,0.720001220703126,1.040118139679668,1.067069192773349,0.020696671454331073
2023-10-10,143.28140678096682,146.23566259088363,142.98597819475071,145.6940460205078,8324817,FEDERALBNK,0.020696671454331073,-0.01824828325663952,0.0030506877441456304,144.67484436035156,139.36969177246092,130.39173408508302,1.0070447745401934,1.0453782609950248,1.1173564570085384,144.62766828921247,143.26109813341677,1.3665701557956993,1.8704114374478826,-0.5038412816521833,53.57831765841261,0.017694187302457323,14750940.75,0.5643583782952962,0.022304853800789476,0.8333325626881372,1.0380653248236495,1.0688537333318968,-0.006420997454495425
2023-10-11,146.5803421439261,147.17118433201497,144.31540952427756,144.758544921875,11961227,FEDERALBNK,-0.006420997454495425,-0.0016977742888321101,-0.012760165315315097,144.58129348754883,139.61704772949219,130.45601669311523,1.0012259638162764,1.0368257120172348,1.1096348684507595,144.64780315577593,143.372020117747,1.2757830380289192,1.75148575756409,-0.47570271953517085,50.94696213794868,0.017616842782041585,14335341.65,0.8343872990289003,0.019727849635948307,0.15517168804655615,1.0355561576382482,1.0702231393276966,0.015646318880274457
2023-10-12,145.4478739944252,148.54985195085027,144.56160316466017,147.0234832763672,11378622,FEDERALBNK,0.015646318880274457,0.026116783520331754,0.046984576116206433,144.91118545532225,139.90579315185548,130.55141662597657,1.014576499491105,1.050874877759966,1.1261730211444758,145.01329240509767,143.6424988702374,1.370793534860269,1.6753473130233258,-0.30455377816305695,56.250031128546794,0.01493949749793975,14017498.25,0.811744135584251,0.027126610642826312,0.6172834854815582,1.0357768766446567,1.0716528151715023,0.0006698264958411304
2023-10-13,146.4326400091601,149.78080629617958,146.23569258665898,147.12196350097656,15602219,FEDERALBNK,0.0006698264958411304,0.01979527909506329,0.02928016142615597,145.1204460144043,140.2072595214844,130.66172584533692,1.0137921122870142,1.0493177315004336,1.1259759700030556,145.33770334292518,143.9002369910329,1.437466351892283,1.6277711207971173,-0.19030476890483428,56.17176221701345,0.014489975385780344,13985791.1,1.1155764367165473,0.024096427380110794,0.24999788072733742,1.0350423117154433,1.0730553160414125,-0.005689402947690714
2023-10-16,149.23918366630488,150.27317637587907,144.46312997386073,146.28492736816406,32531561,FEDERALBNK,-0.005689402947690714,0.024836240923712838,0.0071186916079299944,145.17214584350586,140.53792419433594,130.79472873687743,1.0076652550542153,1.040892899242493,1.1184313678454778,145.48343011603885,144.07688072267223,1.4065493933666176,1.5835267753110174,-0.17697738194439983,52.62206391494446,0.014147912723519547,15093455.8,2.155342118535902,0.039717327728480536,0.3135598699642846,1.0329748832974202,1.0744922639585812,-0.0010099167314162605
2023-10-17,148.45136499847513,148.45136499847513,145.69405637470504,146.13719177246094,13265518,FEDERALBNK,-0.0010099167314162605,0.00304161881735876,0.0010117514724485854,145.1795310974121,140.8773629760742,130.8864302444458,1.0065963890901828,1.0373362241120316,1.1165190424976261,145.58400883241148,144.2294963559899,1.3545124764215757,1.537723915533129,-0.18321143911155335,51.016604094370564,0.014108414844617985,15325996.6,0.8655566320561496,0.018867945868723694,0.16071302063749165,1.030538391906644,1.0763328384231212,-0.012466212889779338
2023-10-18,146.72805392084234,147.26967054792254,143.57685039890805,144.31541442871094,20284169,FEDERALBNK,-0.012466212889779338,-0.003061169849442824,0.0030801332044658736,145.20168838500976,141.1324722290039,130.95827129364014,0.9938962558482872,1.0225528692967438,1.1019954142882724,145.3888404626114,144.23586065767296,1.1529798049384397,1.4607750934141912,-0.30779528847575155,42.36641988860094,0.01400410390946339,15766725.1,1.2865175787202632,0.02558853580286586,0.19999999999999693,1.0288326002636947,1.077690403476316,0.002047081499980674
2023-10-19,144.0692232286628,145.44787004331815,142.98598999848838,144.61083984375,8868032,FEDERALBNK,0.002047081499980674,-0.016409918870457063,0.0023890945259823493,145.21892166137695,141.40424194335938,131.0281685256958,0.9958126543657659,1.0226768154641008,1.1036622237102438,145.26914805970964,144.26363689367867,1.0055111660309706,1.3697223079375473,-0.3642111419065768,51.93621530194595,0.013998488181762438,15232384.55,0.582182781093194,0.017024173619970648,0.6600036621093677,1.0269771236392298,1.0791896394066496,-0.006809594716423062
2023-10-20,144.46312889536208,145.9894976432312,143.0352413671456,143.6260986328125,10731136,FEDERALBNK,-0.006809594716423062,-0.023761678983715173,0.0003430592982460734,145.22138442993165,141.6289489746094,131.07359378814698,0.989014801068166,1.0141012813599368,1.0957668473251296,145.01637122480238,144.21641183731822,0.7999593874841651,1.2557697238468708,-0.45581033636270574,46.89660183903493,0.014043902537555834,15066348.2,0.7122585949526907,0.020569076958905006,0.2000020345052074,1.0253651211940173,1.0805299899194258,-0.01679819137588867
2023-10-23,142.73980864555278,144.0199893337442,140.32716909441743,141.21343994140625,16900861,FEDERALBNK,-0.01679819137588867,-0.03466855757458931,-0.017471777922660192,145.0958282470703,141.82201873779297,131.10011379241942,0.9732425917921425,0.9957088553540343,1.0771420089306711,144.43130487351067,143.9939694746581,0.4373353988525821,1.0920828588480131,-0.654747459995431,32.367124083394955,0.014539570017214405,15507063.5,1.0898814595039221,0.02615062872810861,0.23999837239583424,1.023083929691694,1.0817841009836981,-0.010808829027493916
2023-10-25,141.11497551789174,142.05048698501184,139.34241877559222,139.6870880126953,13307403,FEDERALBNK,-0.010808829027493916,-0.044137318375520596,-0.035690031897061436,144.83733062744142,141.9923809814453,131.12559970855713,0.9644411934931758,0.9837646713660556,1.0652922718612319,143.70142535646215,143.67494121821642,0.026484138245734812,0.8789631147275575,-0.8524789764818227,35.63831146299269,0.01455425351678047,15455764.2,0.8609993545320781,0.01938667523209806,0.12727494673295478,1.0200359316910663,1.082873072054892,-0.02608401761182133
2023-10-26,138.85003685746025,139.1947060799672,135.2064573352197,136.04348754882812,19469168,FEDERALBNK,-0.02608401761182133,-0.05731838773167908,-0.06560712690844128,144.35972518920897,142.08987121582032,131.1326231765747,0.9423922591326567,0.9574467650983486,1.0374496006660432,142.52328107836462,143.10964835381728,-0.586367275452659,0.5858970366915143,-1.1722643121441734,32.28910282450775,0.015429849686923541,15724185.15,1.2381670537630372,0.0293159842974185,0.20987412450408965,1.0159747767660439,1.0835585209371683,0.010133980936648523
2023-10-27,136.97901424713376,139.73630792762032,136.63434502401114,137.42214965820312,11627544,FEDERALBNK,0.010133980936648523,-0.049710590114227626,-0.0730653485935211,143.8181121826172,142.2188735961914,131.15313755035402,0.9555274198267002,0.9662722406900238,1.0477991775487814,141.738491629109,142.68835215414214,-0.9498605250331309,0.2787455243465852,-1.2286060493797162,33.569751903363624,0.014931801188350115,15281309.55,0.7608997096718062,0.022572510409161774,0.25396971487807407,1.0112449110725388,1.08437263684667,0.009674000882513134
2023-10-30,138.30843619385848,139.09624091755467,135.15723232519912,138.75157165527344,10041391,FEDERALBNK,0.009674000882513134,-0.0339390056816975,-0.03493148213398767,143.56700057983397,142.39022094726562,131.17883289337158,0.9664586645600164,0.9744459326786229,1.057728359026165,141.27896547928816,142.39673878385557,-1.1177733045674074,-0.0005582414362133026,-1.1172150631311941,40.334160475427964,0.013823085723023158,14284346.9,0.7029646556679465,0.02838892954770968,0.9124984741210947,1.0082644694610325,1.0854664415485933,-0.0017745083343936319
2023-10-31,139.14545361849437,139.58858899101918,137.56984448715917,138.50535583496094,6692752,FEDERALBNK,-0.0017745083343936319,-0.019177240548555297,-0.044497343787023746,143.2444938659668,142.50937530517578,131.21355991363527,0.9669157403324679,0.9719034662692159,1.0555719692852257,140.85225630323782,142.10848819504858,-1.2562318918107565,-0.25169297151112197,-1.0045389202996344,29.945120435358575,0.01362542543235298,14177137.4,0.4720806331467169,0.01457520896351102,0.46341245561931654,1.0051583873637564,1.0860872565226902,-0.0010664214191182797
2023-11-01,138.45613196355313,139.1946959355647,137.52060557810717,138.35765075683594,8303782,FEDERALBNK,-0.0010664214191182797,-0.009517252272726484,-0.06768419942169612,142.74226989746094,142.63443878173828,131.2424171066284,0.9692829661194634,0.9700157405081758,1.0542144362094972,140.4684708345606,141.83064838481062,-1.36217755025001,-0.4737898872588996,-0.8883876629911104,31.321892562667912,0.012190897385408843,13678969.75,0.6070473253294533,0.012099731010898443,0.5,1.0007559963543424,1.0868013705192154,0.006761690525196373
2023-11-02,138.99775373605468,141.0657391688755,138.89928754114038,139.29318237304688,6186723,FEDERALBNK,0.006761690525196373,0.02388717668717799,-0.03938870023560903,142.45669250488282,142.77624298095702,131.2779066848755,0.9777931799748368,0.9756047607417804,1.0610557853227471,140.28765722509695,141.6426879394948,-1.3550307143978557,-0.6500380526866909,-0.7049926617111648,25.545293144844806,0.011481479395726763,12856649.8,0.48120802045957567,0.01555317777099133,0.1818156597007823,0.9977618792216236,1.0875877486657566,0.014492615501979556
2023-11-03,140.72104772643382,141.85352148526616,139.83477698136704,141.31190490722656,8768877,FEDERALBNK,0.014492615501979556,0.028305155018299777,-0.013745871712439017,142.35821609497071,142.92297088623047,131.32642223358155,0.9926501524362589,0.9887277323651049,1.0760355951514806,140.44523379157843,141.61818549266013,-1.1729517010817005,-0.754620782365693,-0.4183309187160076,33.61109580739354,0.011790391659347827,12737242.6,0.688443902293264,0.014285735552319184,0.7317062278096678,0.9960485372802017,1.0883032405468482,0.004181398220087562
2023-11-06,142.0012524510361,142.8875383731648,140.8195529143227,141.9027862548828,11103173,FEDERALBNK,0.004181398220087562,0.02271119931843746,-0.01638213581750647,142.24004669189452,142.97023956298827,131.37593738555907,0.9976289347138486,0.9925337377109509,1.0801276784684686,140.6694726320868,141.63926703060255,-0.9697943985157451,-0.7976555055957035,-0.1721388929200416,37.46486348700866,0.011715424883466304,12834937.5,0.8650741774161347,0.014573254785340268,0.5238109078226431,0.9948926932393364,1.0882528597562162,0.022206639948359808
2023-11-07,142.5920903754122,145.9402411126056,141.2626691857521,145.05397033691406,14254789,FEDERALBNK,0.022206639948359808,0.047280586822622706,0.016212458560476595,142.35575485229492,143.10022705078126,131.42459239959717,1.018954031661163,1.013652971252376,1.103704928343066,141.34401074052175,141.89220801625524,-0.5481972757334859,-0.74776385962326,0.1995665838897741,47.355788212752714,0.012534308576103312,12980188.2,1.0981958643712115,0.03224711406374476,0.8105276007401313,0.9947975470491591,1.0888390402283634,-0.0016971979613006338
2023-11-08,145.5463490363675,147.66355983218995,143.82303303126264,144.8077850341797,19887689,FEDERALBNK,-0.0016971979613006338,0.04661928156528106,-0.006083028171263605,142.31144180297852,143.22529083251953,131.46297527313232,1.0175414091767632,1.0110489857794085,1.1015100238932043,141.8768990933922,142.10817668424966,-0.23127759085744515,-0.644466605870097,0.4131890150126518,51.302065679504935,0.011639081481302542,13558331.8,1.4668241855535649,0.026521549238673937,0.25641065769395927,0.9936194995714156,1.0894724581955444,0.0034002720512684714
2023-11-09,145.25093028972464,146.62957717694016,144.56160684611686,145.3001708984375,7550625,FEDERALBNK,0.0034002720512684714,0.04312478488217075,0.0037415820727875193,142.33852310180663,143.29717834472658,131.51506038665772,1.0208070712839459,1.013977892494801,1.1048177332029594,142.4035562941684,142.3446207001154,0.058935594052996976,-0.5037861658854782,0.5627217599384752,51.80413029865433,0.011571588729960735,13337801.7,0.566107156923768,0.014232401228686636,0.3571444141689419,0.9933100200995324,1.0895875949372575,0.015587890101562696
2023-11-10,145.25092077140124,147.71280078447583,145.05397337557991,147.56509399414062,8015794,FEDERALBNK,0.015587890101562696,0.04425097157256053,0.0036838381577135593,142.3656036376953,143.4035317993164,131.58482334136963,1.0365220967957784,1.0290199421353725,1.1214446335601598,143.19763901724104,142.73132242559876,0.4663165916422827,-0.30976561437992606,0.7760822060222088,59.66177463519358,0.011567503874111318,13169660.3,0.6086560941894605,0.0180179969187123,0.944446642214907,0.9927621855013055,1.0898181732348082,0.02035358717032021
2023-11-13,147.1219410390558,151.20867080610464,146.82652746346912,150.56857299804688,19532510,FEDERALBNK,0.02035358717032021,0.061068474917742366,0.023426886204162445,142.53793411254884,143.59063446044922,131.67302463531493,1.0563403625532906,1.0485960561691066,1.14350356434103,144.33162886044195,143.31185950503937,1.0197693554025875,-0.04385862042342334,1.0636279758260108,72.30040869060419,0.012411873475321928,13366174.85,1.4613388062928117,0.029103970738251994,0.8539304267320494,0.992668739490873,1.090509121804877,-0.01798561807244714
2023-11-15,151.7502865018604,152.8335046668522,147.5650905765619,147.86050415039062,22224705,FEDERALBNK,-0.01798561807244714,0.019348204030250837,0.010770602348259883,142.61671295166016,143.71274353027343,131.75623790740966,1.036768419985306,1.028861467106036,1.1222277328098733,144.8745327512033,143.64879614543577,1.225736605767537,0.21006042481476872,1.0156761809527683,68.44434772488273,0.013060350452541458,12850832.05,1.7294370445063905,0.035630976105233324,0.05607258062216216,0.9923734628419895,1.090747169263182,0.0003330173435267536
2023-11-16,147.8112780804542,148.89449624184255,147.12193967415294,147.9097442626953,9606277,FEDERALBNK,0.0003330173435267536,0.02142121867124369,0.012129372877195399,142.70534057617186,143.83879119873046,131.8311450576782,1.0364695789625722,1.0283021918499047,1.1219635860553472,145.34148836835593,143.96442193189944,1.377066436456488,0.4434616271431126,0.9336048093133753,81.9627971285282,0.013054997270441576,12667870.0,0.7583182492400065,0.011984041866379363,0.4444453863434192,0.992119993409896,1.0910835306467126,-0.013981246852888707
2023-11-17,146.72805243253524,147.9097518630088,145.49711239534955,145.84178161621094,17556958,FEDERALBNK,-0.013981246852888707,0.003727529805536367,0.010576605371936942,142.7816589355469,143.93825103759767,131.90059955596925,1.021432183261335,1.0132246332360677,1.1056946072055271,145.41845656033362,144.1034856122188,1.3149709481148193,0.617763491337454,0.6972074567773653,71.86700726721952,0.013139440347977514,12531509.45,1.4010249978305687,0.016542855147012862,0.1428598120363954,0.9919646647523273,1.0912630535581491,-0.00472667232830859
2023-11-20,145.74329249899017,146.48185648124857,144.51235252855952,145.15243530273438,9425725,FEDERALBNK,-0.00472667232830859,-0.016349792665073304,0.003745192681057441,142.8087387084961,143.9914273071289,131.98004665374756,1.016411436831063,1.008063035538422,1.0998059099308009,145.37753021301066,144.18118558929402,1.1963446237166409,0.7334797178132915,0.4628649059033494,67.19568434385874,0.013187615767007173,12559394.1,0.7504920161713853,0.013568521593050744,0.3249969482421821,0.9917863957545877,1.0910090650664297,-0.0047490147392278415
2023-11-21,145.25090879248472,145.94023213407215,144.26615686846787,144.46310424804688,7748972,FEDERALBNK,-0.0047490147392278415,-0.04054942295348174,0.005827670759018577,142.8505889892578,144.04854217529297,132.05726886749267,1.0112881246776682,1.0028779331362438,1.09394284379001,145.23684929532394,144.20206845290534,1.0347808424185985,0.7937399427343529,0.24104089968424558,65.63307534923946,0.013137351362290967,12410285.9,0.6243991526416003,0.011588254830311846,0.11764547486334845,0.9916836840696563,1.0908035840104526,-0.008520698209269706
2023-11-22,144.70930575850286,144.95549376252418,142.98598973035368,143.232177734375,7738354,FEDERALBNK,-0.008520698209269706,-0.03130197913641697,0.014295649152137324,142.95152587890624,144.05740478515625,132.12320499420167,1.001963265895507,0.994271540209877,1.084080406168325,144.92843828594718,144.13022469597718,0.798213589970004,0.7946346721814832,0.003578917788520819,62.102706900797486,0.012690729540841578,11952160.55,0.6474439468603022,0.013750429989432702,0.1250000000000036,0.9923233456280898,1.0903262965160307,0.011687929003765252
2023-11-23,143.2321896968532,145.10322769935468,142.88753547811248,144.90626525878906,5139738,FEDERALBNK,0.011687929003765252,-0.020306160482381208,0.0373633477535118,143.21248474121094,144.05051147460938,132.19066974639892,1.0118270451115965,1.0059406507857525,1.0961913237657723,144.92502705099977,144.18770918211138,0.7373178688883968,0.783171311522866,-0.04585344263446922,63.443399501672666,0.012605596186801094,11543777.3,0.4452388387638074,0.015290520511899011,0.9111056857638876,0.994182410566823,1.0897176915054818,0.0016988226389360594
2023-11-24,145.30015711485967,145.79253310303193,144.11845774847075,145.15243530273438,6129389,FEDERALBNK,0.0016988226389360594,-0.00472667232830859,0.06695614702347963,143.66793212890624,144.02096893310548,132.2745151901245,1.0103328777120295,1.0078562613347952,1.0973575302400453,144.96001293588202,144.2591703762316,0.7008425596504253,0.766705561148378,-0.06586300149795266,60.051549067859625,0.01075279292768298,10876788.35,0.5635293068840491,0.011533222650172417,0.6176409869761571,0.9975487124769782,1.0888036045801963,0.01730001229933431
2023-11-28,145.25093458176926,148.2544314885155,144.46312989745678,147.66357421875,7168750,FEDERALBNK,0.01730001229933431,0.01730001229933431,0.07452528275841552,144.18000335693358,144.1657275390625,132.36138660430908,1.0241612621771998,1.024262678372984,1.1156091516341273,145.37594544093864,144.51134843864037,0.8645970022982681,0.786283849378356,0.07831315291991203,63.700224333875,0.011106068771459114,10653848.65,0.6728789037189861,0.025675266301235955,0.8441545058934471,1.0000990236591927,1.0891826629925099,0.002000562141428075
2023-11-29,148.05746558303642,148.2051723689684,146.87575119109005,147.958984375,7318824,FEDERALBNK,0.002000562141428075,0.02419912091152776,0.06635897964890991,144.64037399291993,144.26617218017577,132.44924640655518,1.0229438730726907,1.0255972147802759,1.1170994806632377,145.77333604617885,144.76672887837069,1.0066071678081698,0.8303485130643189,0.17625865474385094,57.99457630421072,0.011019537476120462,10517720.3,0.6958564965831996,0.008985065580802754,0.8148156520559658,1.0025938292192076,1.0892185202575508,-0.019301118738037082
2023-11-30,148.1066919711658,148.69754917037133,144.46311264572563,145.10321044921875,18371642,FEDERALBNK,-0.019301118738037082,0.013062935608739945,0.04763609735149621,144.97026672363282,144.2632177734375,132.52527088165283,1.000917041325718,1.0058226392613843,1.094909744261517,145.67023980049268,144.79165343917424,0.8785863613184404,0.8399960827151433,0.03859027860329711,50.71090082197333,0.012087409234946316,11101664.8,1.6548546844974097,0.029182238708133974,0.1511648125476807,1.0049011034212874,1.088571385771902,0.009501251592620497
2023-12-01,146.48187255859375,148.00824129468128,145.7433084952731,146.48187255859375,12179761,FEDERALBNK,0.009501251592620497,0.010873286237767621,0.058718992099946465,145.3764778137207,144.27306549072264,132.61747409820558,1.0076036698749125,1.0153099059783486,1.1045442808699655,145.79510637866207,144.91685485542754,0.8782515232345247,0.8476471708190196,0.030604352415505076,52.72727400785742,0.012158723482282797,11295463.75,1.0782878215159604,0.01546220538996853,0.326086523853434,1.0076480826081082,1.087888805542216,0.035630192015780215
2023-12-04,150.27316239862216,152.83350860319237,147.95898916987534,151.7010498046875,21781254,FEDERALBNK,0.035630192015780215,0.045115429777634386,0.0890773490866954,145.99687118530272,144.42964111328126,132.73406261444092,1.039070553862383,1.0503456813667702,1.1428946482662925,146.70371305958906,145.419387814632,1.2843252449570741,0.9349827856466306,0.3493424593104435,58.400003470896536,0.0141829569272177,12075190.3,1.803802131383387,0.03213240409076202,0.7676778574797372,1.0108511664222182,1.088112864689549,0.016228520159164983
2023-12-05,153.62131672771645,156.57557281863407,152.09494807551764,154.16293334960938,18640322,FEDERALBNK,0.016228520159164983,0.044014640477489486,0.09094087614783564,146.63942260742186,144.6275762939453,132.8698024749756,1.0513061945308473,1.0659304214314158,1.1602556072034809,147.85128541189988,146.06705785425996,1.7842275576399231,1.1048317400452892,0.679395817594634,57.464247282185056,0.01425329762961212,12568762.55,1.4830674002986872,0.029064215669504123,0.4615394934085422,1.0139105305158929,1.0884909407552115,-0.008942889703898449
2023-12-06,155.49233931912178,155.54157992578078,152.39037643920923,152.78427124023438,11309743,FEDERALBNK,-0.008942889703898449,0.032612327569137456,0.07668267320563005,147.18349685668946,144.8117248535156,132.991318359375,1.0380530052835903,1.0550545640885323,1.148828909473429,148.61020630856672,146.564629216184,2.045577092382729,1.2929808105127771,0.7525962818699516,60.822525922358366,0.014565375862348016,12579091.05,0.8990906381904279,0.020625182559641027,0.1249982118589528,1.0163783147087917,1.0888810385516972,-0.0032227523177670303
2023-12-07,153.47359975486816,153.5228253322199,151.11018602320746,152.29188537597656,7807482,FEDERALBNK,-0.0032227523177670303,0.04954180479193182,0.04989808291528419,147.54539260864257,144.9830712890625,133.11550380706788,1.032169711865716,1.050411499921546,1.144058212758614,149.17661847278362,146.98887041320566,2.187748059577956,1.471934260325813,0.715813799252143,59.4479682071797,0.013971958577031594,12256725.7,0.636995735329216,0.01584220526954628,0.4897952828484778,1.0176732448609216,1.0891524063132045,-0.0009698814730696448
2023-12-08,152.6365562858705,153.32587966387248,150.91324032780423,152.14418029785156,6969212,FEDERALBNK,-0.0009698814730696448,0.03865534786219271,0.05066298929950652,147.91221237182617,145.12881408691408,133.2421273422241,1.0286113489762896,1.048338892969498,1.1418624374487711,149.63316644587098,147.37074521947574,2.2624212263952472,1.6300316535397,0.6323895728555473,64.81476964750206,0.013961320243874163,11610801.85,0.6002352025325451,0.01585758542551576,0.5102047171515187,1.019178812301499,1.0892111750374547,-0.0022652872287324266
2023-12-11,152.24268049468492,154.80302693605424,151.2579283958218,151.79953002929688,10074791,FEDERALBNK,-0.0022652872287324266,0.0006491729934379187,0.04473056769769612,148.23718032836913,145.25289276123047,133.36751636505127,1.0240314183866461,1.0450706154185025,1.138204670572059,149.96645315101344,147.69880335353656,2.267649797476878,1.7575552823271356,0.5100945151497422,65.88240955983795,0.014000925571839058,11737010.15,0.8583779745645018,0.02335381762742109,0.15277477546211124,1.02054546047523,1.0891174756801105,-0.010379526863492972
2023-12-12,152.39037415490267,152.8335095559443,149.68230611660877,150.2239227294922,8884252,FEDERALBNK,-0.010379526863492972,-0.02555095790234041,0.01801800590766489,148.37012176513673,145.29228302001954,133.48209510803224,1.012494435822395,1.0339428881353123,1.1254237701911267,150.00606385539479,147.885849233237,2.120214622157789,1.8300871502932663,0.2901274718645228,63.20547161324308,0.0139058634978717,11780433.05,0.7541532609448512,0.020976708516724608,0.1718761175881507,1.021183773020437,1.0884776935994962,-0.0013110108353668881
2023-12-13,150.47011294662337,150.9624889608295,149.38687970492043,150.0269775390625,10328622,FEDERALBNK,-0.0013110108353668881,-0.018046973545047473,-0.0035970020051355744,148.3430419921875,145.41734649658204,133.61108333587646,1.0113516314904996,1.0316993202911235,1.1228632669785272,150.0092813451898,148.0444513299648,1.9648300152250044,1.857035723279614,0.10779429194539047,66.35074361618067,0.013140387892089548,11320238.65,0.9124032027363663,0.01050217288753162,0.4062541723092124,1.0201193018996135,1.088362902731853,0.0019691486150359427
2023-12-14,152.24268158149246,152.29190716588738,150.07621492762834,150.32240295410156,11126495,FEDERALBNK,0.0019691486150359427,-0.012932287344219029,0.016650144795982147,148.46613693237305,145.52468475341797,133.74692447662355,1.0125029589917467,1.0329684150067944,1.1239316608014795,150.057453900407,148.21318848730826,1.8442654130987535,1.854481661243442,-0.010216248144688578,63.959407632069926,0.012450223889723977,10765328.15,1.033549079504836,0.014739600982400226,0.11111111111110826,1.0202127369933092,1.0880600456637264,0.028824155113383876
2023-12-15,151.15944627842464,155.64007130688623,150.76555145166682,154.6553192138672,14415539,FEDERALBNK,0.028824155113383876,0.01650499487459589,0.04560602132602831,148.80341567993165,145.64974853515625,133.89783267974855,1.0393264059645155,1.0618303208160857,1.1550248134618097,150.7648177947855,148.69038335594226,2.074434438843241,1.898472216763402,0.17596222207983891,70.2306586339276,0.013924726136772057,11005791.25,1.3098139581740658,0.031518604597612375,0.7979796734308889,1.0216524036360706,1.0877677824966403,-0.0031837628783845107
2023-12-18,154.7045499715023,155.29539217401174,152.3411360830941,154.16293334960938,14540270,FEDERALBNK,-0.0031837628783845107,0.01556924003556781,0.057056020854818534,149.21947326660157,145.83291259765625,134.05678615570068,1.0331287865771757,1.0571203070937432,1.1499823154835023,151.28760480321995,149.09575742954723,2.191847373672715,1.9571472481452648,0.23470012552745034,65.13760750586397,0.013460893298455427,10854956.85,1.3395050943938114,0.019163206269680846,0.6166687011718714,1.0232221972984152,1.0878443141869607,0.005429555046895018
2023-12-19,154.21217984897365,156.5755788015665,153.7690293975039,154.99996948242188,12245375,FEDERALBNK,0.005429555046895018,0.03179285074009086,0.0678427072832033,149.71184997558595,146.06728332519532,134.20697406768798,1.0353219835817824,1.061154599126345,1.1549323018358706,151.85873783078947,149.5331064705009,2.325631360288554,2.030844070573923,0.2947872897146313,65.9955379798613,0.013350607807141875,10995939.35,1.1136270044996202,0.0181067739137902,0.43859555193866373,1.024951286608628,1.0883732707625575,-0.026683591128164208
2023-12-20,155.24615736516907,156.8710072915303,149.8792616047921,150.864013671875,13005090,FEDERALBNK,-0.026683591128164208,0.005579237458106956,0.04430826443295577,150.03189544677736,146.1992401123047,134.33990314483643,1.0055462754944187,1.031906961732407,1.1230022513059532,151.70570334480263,149.6316921891212,2.0740111556814327,2.0394774875954247,0.034533668086007996,62.36786621712462,0.014867542533850434,11258745.25,1.155110068770763,0.04634468828295295,0.14084494934516167,1.0262152890229017,1.088278588043065,0.0048954063426973615
2023-12-21,148.99296775677666,152.14417087980723,147.07270452759568,151.60255432128906,13604825,FEDERALBNK,0.0048954063426973615,0.008516038474839727,0.05843921889142112,150.45041427612304,146.37649505615235,134.46919437408448,1.0076579386684272,1.0357028583252517,1.1274147586512693,151.6898342642621,149.77768197668917,1.9121522875729227,2.0140124475909245,-0.1018601600180018,61.304294223100726,0.014655996345910237,11552068.8,1.1776959811735193,0.03345238063379641,0.8932031643506845,1.0278317855500494,1.0885503980111797,0.000324898029022469
2023-12-22,152.43961430639905,154.11368971985658,150.9132456841407,151.6518096923828,10356668,FEDERALBNK,0.000324898029022469,-0.019420667434858374,0.04655108888181503,150.78769149780274,146.49565032958984,134.59628829956054,1.0057306945016309,1.0351966720594947,1.1267161346593981,151.6839843301268,149.91650625192574,1.7674780782010657,1.9647055737129528,-0.19722749551188712,49.859147798349575,0.0145188499388667,11812915.3,0.8767241393832731,0.02110389610389623,0.23076923076922873,1.0292980792163902,1.0884078021791048,-0.00032479250457784214
2023-12-26,151.70103552324574,153.03044159293023,150.91323098595765,151.60255432128906,5809256,FEDERALBNK,-0.00032479250457784214,-0.01660826615509392,0.04443686394308255,151.11019744873047,146.63253051757812,134.697723236084,1.003258263710003,1.0338944147398121,1.1255019808729512,151.67145663645948,150.0413987015082,1.6300579349512816,1.8977760459606188,-0.2677181110093372,41.50320078832262,0.014530872074455792,11796908.65,0.4924388390512797,0.013965533868813343,0.32558090020013636,1.030536654556443,1.0886043727745573,0.000324898029022469
2023-12-27,151.75029090393105,152.78426849457145,150.42086967864594,151.6518096923828,8811491,FEDERALBNK,0.000324898029022469,-0.02160103515645384,0.027008932261957996,151.30960922241212,146.72509704589845,134.80429138183592,1.0022615911291377,1.0335778455470586,1.124977611156502,151.66843402967845,150.16068840453596,1.5077456251424906,1.8197699617969931,-0.3120243366545026,45.87815690295005,0.01409638849059691,11879045.7,0.7417675815490802,0.01558437595119721,0.5208346578843629,1.0312455896694996,1.0884304612402627,0.00974035415060781
2023-12-28,152.63657597483547,154.70456140171856,151.94725250791598,153.1289520263672,15172431,FEDERALBNK,0.00974035415060781,0.015013112135663809,0.03494189739951148,151.56810760498047,146.84523681640624,134.91409126281738,1.0102979739342963,1.0427914132333567,1.1350108101611611,151.89312910609212,150.38055978393086,1.512569322161255,1.7583298338698454,-0.24576051170859037,52.842896024775456,0.014218667844968823,12271726.05,1.2363730202402945,0.018006450493619312,0.428569871553831,1.0321622334572487,1.0884351326233712,0.004179978215246516
2023-12-29,156.08320105465938,156.57557708322298,152.53808763855196,153.76902770996094,13041199,FEDERALBNK,0.004179978215246516,0.014290480779634462,0.059721747257790225,152.00139846801758,146.9949188232422,135.02733596801758,1.011629032757322,1.0460839663095052,1.1387992409654182,152.1817288913027,150.63155740808125,1.5501714832214475,1.716698163740166,-0.16652668051871844,55.33981750968314,0.013324714802293944,12005203.9,1.086295502236326,0.026256844468617795,0.30487759492069155,1.034058861931109,1.0886308151562676,0.002561670874263511
2024-01-01,153.81826412855293,154.80301615885878,153.52283551423645,154.16293334960938,6210375,FEDERALBNK,0.002561670874263511,0.016558481315325224,0.0524369374643483,152.38545150756835,147.15543365478516,135.13399780273437,1.0116643801915222,1.0476197142081973,1.1408153081850878,152.48652957719602,150.89314081115742,1.5933887660386006,1.6920362841998529,-0.09864751816125228,57.7419071059119,0.01323624859829089,11706734.6,0.530495924969547,0.00830407554401648,0.5000058687512515,1.0355407729289317,1.088959374010376,-0.02970299969653245
2024-01-02,154.16293787821922,154.55683269146303,148.7960421606218,149.58383178710938,13182359,FEDERALBNK,-0.02970299969653245,-0.013315887342514321,-0.013956515266730252,152.27959060668945,147.26080200195312,135.22607208251952,0.9822973071516673,1.0157749363956705,1.1061759724546925,152.03996068641345,150.79615495752424,1.243805728889214,1.6023901731377252,-0.3585844442485113,48.24797708575052,0.012718051817177991,11276789.85,1.1689815253584779,0.03851212034092096,0.1367502640948379,1.034080953902925,1.088997112273509,-0.0009875421370693083
2024-01-03,150.86399880149654,150.86399880149654,148.7467880764074,149.4361114501953,10486168,FEDERALBNK,-0.0009875421370693083,-0.014610430608654967,-0.030661208869804057,152.04324951171876,147.35730743408203,135.32327224731446,0.9828526549524812,1.0141072339900292,1.1042898162933015,151.63936849622604,150.6954109940184,0.9439575022076383,1.470703638951708,-0.5267461367440698,48.378342838333474,0.012084102291116311,10869082.15,0.9647703325160717,0.014167999317854105,0.3255809002001409,1.0317998622479778,1.0889280534450452,0.020428460056701292
2024-01-04,150.17468775404626,152.88275589387334,150.1254471462792,152.48886108398438,13766132,FEDERALBNK,0.020428460056701292,-0.004180077861909437,-0.0019335115706086148,152.02847900390626,147.53456268310546,135.4528409576416,1.0030282620933562,1.033580595019761,1.1257708587424182,151.77005966357348,150.8282591488307,0.9418005147427664,1.3649230141099198,-0.4231224993671534,55.164308832077126,0.012888185632329838,10991901.6,1.2523885766954101,0.01808203384820033,0.8571451926692455,1.030460091785092,1.0891950411674423,-0.00161454784154913
2024-01-05,153.57206666585088,153.57206666585088,150.7162919642376,152.24266052246094,7195693,FEDERALBNK,-0.00161454784154913,-0.009926363001911076,-0.0003232270281118277,152.02601776123046,147.75514709472657,135.58973098754882,1.0014250374009712,1.0303712832748724,1.1228185159275916,151.8427674880177,150.9330296209515,0.9097378670662124,1.2738859847011783,-0.3641481176349659,42.85712995003659,0.012872143063805396,10961312.15,0.6564627392715935,0.018758045161671105,0.5344849358603333,1.0289050550893217,1.0897222526999106,-0.02846059208960272
2024-01-08,150.6670528095322,151.01172201268284,147.46660887730357,147.9097442626953,15037236,FEDERALBNK,-0.02846059208960272,-0.040562208768648245,-0.027831731893172118,151.81429595947264,147.91960021972656,135.7105765914917,0.9742807377124769,0.9999333694992644,1.089891060649789,151.23768699181426,150.70908255737697,0.528604434437284,1.1248296746483994,-0.5962252402111154,34.91689013568612,0.014368969913970896,11364713.35,1.3231513665938615,0.023968083732759108,0.12499894036367147,1.0263298152101596,1.0899636854759358,0.00832224934602488
2024-01-09,149.3376334281362,150.470107233486,148.69755064442063,149.14068603515625,10718241,FEDERALBNK,0.00832224934602488,-0.002962524402930211,-0.01751549555935694,151.6813537597656,148.18154418945312,135.834155960083,0.9832499667122347,1.0064727483503402,1.0979615913318856,150.91507146002073,150.59290503721246,0.3221664228082659,0.9642970242803728,-0.6421306014721069,36.1305711548936,0.01452616275134726,11396885.85,0.9404534836154387,0.011885130987311789,0.24999788072733645,1.0236183904645906,1.0909004671328661,0.0019808505840548385
2024-01-10,149.09144225024005,149.92848743520418,147.41736690643438,149.4361114501953,8429097,FEDERALBNK,0.0019808505840548385,0.0,-0.005244246488726567,151.64196319580077,148.42182342529296,135.95383670806885,0.985453553230795,1.0068338199969151,1.0991680343017953,150.68753915081683,150.50721662335934,0.18032252745749133,0.8075021249157965,-0.6271795974583052,45.8689327888754,0.014358327751200831,11374128.1,0.7410763203906593,0.016803973981929468,0.803921803287523,1.0216958645042429,1.0917075017455844,-0.009225558524094457
2024-01-11,149.87926217374294,150.27317201774585,147.31891580528264,148.05747985839844,10176583,FEDERALBNK,-0.009225558524094457,-0.029060360173752797,-0.013127623531249633,151.5434883117676,148.60794158935548,136.0632032775879,0.9769966463606972,0.9962958794458098,1.0881522431626172,150.28291464429094,150.32575464076965,-0.042839996478704734,0.6374337006368963,-0.680273697115601,40.11003138159026,0.014499960863949318,11366526.15,0.8953116251793429,0.019953441158721906,0.24999999999999759,1.0197536328880985,1.0921978757634756,0.004988305277852101
2024-01-12,148.64831394839004,149.58382535923647,147.8112837496846,148.79603576660156,7828235,FEDERALBNK,0.004988305277852101,-0.022639020784524955,-0.010153956812186227,151.46716995239257,148.81375518798828,136.17772876739502,0.9823649297294551,0.9998809288740524,1.0926605775659533,150.05416404772333,150.21244213157203,-0.15827808384869968,0.4782913437397771,-0.6365694275884768,42.32808744101241,0.014543329636771296,11201613.15,0.6988488974911617,0.011912559366381494,0.5555593231833482,1.0178304402106673,1.0927906973847157,0.012243556040677728
2024-01-15,150.61782836914062,150.96249760927998,148.992993439625,150.61782836914062,13760399,FEDERALBNK,0.012243556040677728,0.018309031091525707,-0.026106382019381202,151.26529541015626,149.05895874023437,136.29989707946777,0.9957196590317692,1.0104580740539246,1.1050472641320117,150.1408816356337,150.2424707417623,-0.10158910612861405,0.3623152537660989,-0.46390435989471296,47.58461067449752,0.013199720858865565,11168856.15,1.2320329687476546,0.013076168943480165,0.82499694824219,1.0148017716517588,1.0936102075948568,-0.02124884382259351
2024-01-16,151.40562232365983,152.8827503463297,145.49711023298042,147.41737365722656,36969953,FEDERALBNK,-0.02124884382259351,-0.011554944688422997,-0.04375604138956857,150.92801742553712,149.22144256591798,136.4163260269165,0.9767396151609651,0.9879101228505114,1.0806431894972706,149.72188040818645,150.03320429105594,-0.31132388286948753,0.2275874264389816,-0.5389113093084692,41.0041946798234,0.013937349885177164,12290340.3,3.008049581832978,0.05010020142213554,0.259999593098957,1.0114365256780389,1.0938679182466393,-0.025384051269285335
2024-01-17,147.2204370100637,147.2204370100637,141.65659372882877,143.67532348632812,48678947,FEDERALBNK,-0.025384051269285335,-0.038550173100476925,-0.07306224661791338,150.3617851257324,149.2687109375,136.51477779388426,0.955530844264631,0.9625280648835115,1.052452531573213,148.7916408817467,149.5622501573724,-0.7706092756257021,0.02794808602604487,-0.798557361651747,31.679385024097158,0.014736584255922124,14112018.9,3.449467248091625,0.03872511400167046,0.3628300898244002,1.0073228621146872,1.0934252932153041,0.006511322436736355
2024-01-18,143.1829373968501,146.97423867633725,140.13021515693515,144.61083984375,21044204,FEDERALBNK,0.006511322436736355,-0.023279067143009535,-0.04144907507051665,150.04912643432618,149.32287200927735,136.6247490310669,0.9637566261143384,0.9684440025689126,1.0584527391217178,148.1484407220549,149.19547902303,-1.0470383009751174,-0.1870491913741876,-0.8599891096009298,32.45286438918856,0.013852442667649774,14513974.6,1.4499270241247357,0.04732718188205651,0.6546769855645208,1.004863651597886,1.0929416014906863,-0.0020428995181707155
2024-01-19,146.62957270641917,146.62957270641917,143.42912857727327,144.31541442871094,10902628,FEDERALBNK,-0.0020428995181707155,-0.030112504777471627,-0.04806739520453329,149.68476943969728,149.30810089111327,136.73202140808107,0.9641289155130144,0.9665611816599062,1.055461719519212,147.55874436923273,148.83399275678417,-1.2752483875514429,-0.4046890306096387,-0.8705593569418042,31.060629626868874,0.013756627626291472,14378864.75,0.7582398325291988,0.0221767310291504,0.27692589393028616,1.0025227602945583,1.0919761103033685,-0.04298871149959482
2024-01-23,146.08797865756085,146.08797865756085,137.27443542539302,138.11148071289062,15830801,FEDERALBNK,-0.04298871149959482,-0.0830336474218637,-0.0892856406195085,149.00775299072265,149.1741748046875,136.79165798187256,0.9268744608308372,0.925840420392597,1.009648415338258,146.10531919133393,148.03973260538464,-1.9344134140507094,-0.7106339072978529,-1.2237795067528565,29.233544868792038,0.016454928581839657,14652571.4,1.0804111147344417,0.06381470379344951,0.09497261946166433,0.9988843791884033,1.0905209937908338,0.013903678089957294
2024-01-24,138.25918158885466,141.06573093732425,137.5206175525336,140.03173828125,18178107,FEDERALBNK,0.013903678089957294,-0.05010016928635275,-0.07632335808483282,148.4292121887207,149.06880615234374,136.84525722503662,0.9434243853777671,0.939376532861891,1.0232852867598716,145.1709221282441,147.4465478406339,-2.275625712389825,-1.0236322683162473,-1.2519934440735778,34.0033668652906,0.016946764600375606,15271013.95,1.1903667339652977,0.025316499161571415,0.7083329801212249,0.9957094044010161,1.0893238770212255,-0.0028128650382690523
2024-01-25,140.42565256933997,141.31192343058032,138.4069078008211,139.63784790039062,18228649,FEDERALBNK,-0.0028128650382690523,-0.028101385039315363,-0.07922069519883634,147.8285140991211,148.91026123046876,136.89273303985595,0.9445934618997894,0.9377315353995169,1.020053035684045,144.31967993934356,146.8681256228381,-2.548445683494549,-1.3285949513519077,-1.2198507321426413,25.96682970259735,0.01692084286835401,15741871.85,1.15797213785602,0.020803927254962322,0.4237292519047646,0.9927355769682423,1.0877879192251494,0.025740369735204993
2024-01-29,141.01648569818315,144.41387714845266,140.32716229214816,143.232177734375,20336392,FEDERALBNK,0.025740369735204993,-0.009533601428942884,-0.06463032732234764,147.33367538452148,148.7635333251953,136.98066104888915,0.9721618452845752,0.9628177990453559,1.0456379509166966,144.15237190780994,146.5987961496186,-2.4464242418086712,-1.5521608094432604,-0.8942634323654108,35.024520780911686,0.017950588432775545,16000069.9,1.2710189472359743,0.02853210026509082,0.7108436835874001,0.9903883841105859,1.0860185093726538,-0.00240634145759433
2024-01-30,144.21691830759084,144.26615890971277,142.29665503381227,142.88751220703125,7968976,FEDERALBNK,-0.00240634145759433,-0.009894315360089556,-0.0707653268345716,146.789599609375,148.66407348632814,137.07419631958007,0.9734171398196625,0.9611435288712971,1.0424099943208698,143.95777810769013,146.32388622794548,-2.3661081202553476,-1.714950271605678,-0.6511578486496696,40.377343486418994,0.01786867854052502,15746458.75,0.5060805179450268,0.01378359693915634,0.3000030517578066,0.9873912113868888,1.0845518520475361,0.015161983692065562
2024-01-31,143.28141375940817,146.1371885043012,142.39514298371662,145.05397033691406,18544711,FEDERALBNK,0.015161983692065562,0.05026728833974081,-0.05908659633530766,146.33415145874022,148.6069580078125,137.17880825042724,0.9912516585563615,0.9760913774258696,1.057408007744974,144.12642306603226,146.22981838416536,-2.1033953181330958,-1.7926392809111615,-0.31075603722193423,42.440795493610324,0.018310675968927482,16363175.55,1.133319809674718,0.025797608379095074,0.710527795178204,0.9847059210447415,1.0833084198874403,-0.0030549352915664185
2024-02-01,145.89100544616284,145.89100544616284,142.78904260012663,144.61083984375,12321655,FEDERALBNK,-0.0030549352915664185,0.032700455044719856,-0.033245517807279024,146.08550186157225,148.58233917236328,137.27485130310058,0.9899054868619364,0.973270717430245,1.0534401492408225,144.20094872414268,146.10989404783828,-1.9089453236956047,-1.8159004894680502,-0.0930448342275545,41.123192168914485,0.01719144836627558,16320140.35,0.7549968772174193,0.021450417198239282,0.5873046629012086,0.9831955983147193,1.0823711536521423,-0.006809594716423062
2024-02-02,144.80779813802187,146.62958049259998,143.28142939015274,143.6260986328125,11258500,FEDERALBNK,-0.006809594716423062,0.0285613878499964,-0.038879577104890095,145.7950012207031,148.55181243896484,137.37110206604004,0.9851236148720398,0.9668417791390047,1.045533569089119,144.1125102485534,145.92590920228082,-1.8133989537274147,-1.815400182319923,0.0020012285925083972,41.72793018095643,0.01723071855690547,16358756.95,0.688224663671649,0.023311578705531556,0.1029431564208183,0.9814420896453592,1.081390555981343,0.009598754021171496
2024-02-05,143.6260834519383,145.3493994308386,141.8535268684163,145.00473022460938,15973650,FEDERALBNK,0.009598754021171496,0.012375379040326928,-0.04907985282448313,145.42079467773436,148.5626449584961,137.47009201049804,0.9971388930032529,0.9760510811120744,1.054809290543982,144.24977486025432,145.85767372245328,-1.6078988621989652,-1.7738999182957316,0.1660010560967664,43.08793591429126,0.016654676452276328,16469132.85,0.9699144542391618,0.024108679468643833,0.901406816159685,0.9788516805039419,1.0806906635892188,-0.0023769260962029914
2024-02-06,145.00473391226018,145.841779133748,144.06922250514768,144.66006469726562,8693602,FEDERALBNK,-0.0023769260962029914,0.012405230260193134,-0.049805986043423234,145.04166488647462,148.5912026977539,137.5514756011963,0.9973690305505823,0.9735439384760581,1.0516794826445868,144.31289637364068,145.76896194280974,-1.4560655691690556,-1.7103330484703965,0.25426747930134086,38.51986841811239,0.016653704978216364,16544028.3,0.525482780998386,0.0122532547756687,0.33332768193956164,0.9761120594837681,1.0802588779822702,0.015656864943638604
2024-02-07,145.64480725397988,147.61431115207898,145.0539651002235,146.92498779296875,16778158,FEDERALBNK,0.015656864943638604,0.012898767622209206,-0.006657820109387647,144.99242706298827,148.6315771484375,137.64271781921386,1.0133287011544467,0.9885179893249442,1.0674374214693045,144.71475659199885,145.85459348726596,-1.1398368952671092,-1.596233817829739,0.45639692256262987,49.015725094816034,0.015928689183745934,16631074.4,1.0088439024721096,0.01742621245246075,0.7307694564917573,0.9755156329814436,1.0798361112257089,-0.017091091421262417
2024-02-08,147.71280471017457,149.0914515436868,143.87227779815944,144.41387939453125,10083699,FEDERALBNK,-0.017091091421262417,-0.001362003356259911,-0.03169360934487564,144.75608673095704,148.61680603027344,137.7211601257324,0.9976359727307231,0.9717197082348409,1.0485961580826704,144.66846779238844,145.74787392484117,-1.079406132452732,-1.4928682807543376,0.41346214830160566,51.552783473933566,0.016222970988012415,16599347.3,0.6074756324906823,0.03614038877294356,0.10377152070017591,0.9740223235686416,1.0791138115202765,0.004432336732912656
2024-02-09,144.7585417363093,145.39862451585063,141.1642030029657,145.05397033691406,10858532,FEDERALBNK,0.004432336732912656,0.009941589430428,-0.02932451246726764,144.53697967529297,148.5646139526367,137.7998705291748,1.003576874670984,0.9763695841000074,1.0526422831885276,144.72777587616162,145.6964736590688,-0.968697782907185,-1.3880341811849073,0.4193363982777223,50.94338274227761,0.0162597379351459,16720819.05,0.6494019202964821,0.02919204143843641,0.9186065492328014,0.9728896796472155,1.0781186758893422,-0.004412777815706037
2024-02-12,146.1371954494833,146.1371954494833,143.1829393552798,144.41387939453125,15243144,FEDERALBNK,-0.004412777815706037,-0.004074700385035102,-0.02460936433169003,144.35479965209962,148.49371185302735,137.88173377990722,1.0004092676002045,0.9725252173470205,1.047374988952858,144.67948410975694,145.60146667651048,-0.9219825667535417,-1.2948238582986342,0.3728412915450925,50.20659080038647,0.016172587287867843,16974147.1,0.8980212030800652,0.020456870950281807,0.4166666666666611,0.9721273571164801,1.0769643504052497,0.007159952951657944
2024-02-13,143.97074788940824,146.03873322187377,142.05048438133252,145.4478759765625,8633927,FEDERALBNK,0.007159952951657944,0.005445948617163632,-0.022501673332822603,144.18739166259766,148.50060516357422,137.96339111328126,1.0087419870727283,0.9794429848710103,1.0542497890410345,144.79769824311165,145.59008958762544,-0.7923913445137885,-1.1943373555416652,0.40194601102787675,69.65704688437782,0.01622296564282527,17014431.7,0.5074472748919377,0.027420468080152048,0.8518504564446675,0.9709549096030583,1.0763768849494348,0.011848315875079507
2024-02-14,144.06922546040423,147.860511772498,143.28142082863036,147.1711883544922,12223910,FEDERALBNK,0.011848315875079507,0.0016756888342939202,-0.022883346891719003,144.01505966186522,148.5143914794922,138.0473119354248,1.0219152684451007,0.9909557376115602,1.0660923873934998,145.16285056793944,145.70720801480076,-0.5443574468613122,-1.0643413738055947,0.5199839269442825,69.3333961401882,0.016206201867202688,16937607.25,0.7217022935751447,0.03111404477374984,0.8494628242907118,0.9697044052579358,1.0758224075305691,0.04784214346671045
2024-02-15,147.71280407228417,154.8030156625291,147.12194684554564,154.21217346191406,29844812,FEDERALBNK,0.04784214346671045,0.06784870061287096,0.04609225925084459,144.35479965209962,148.5646139526367,138.15861839294433,1.0682857364879526,1.03801416339343,1.1161965518742447,146.55505409008938,146.33720545532768,0.21784863476170813,-0.8079033720921341,1.0257520068538422,79.01965323819958,0.01882228794544007,16581350.2,1.7999023987805287,0.04980844666507778,0.92307812692569,0.971663411706645,1.0753191923944703,0.05172400315877512
2024-02-16,154.8522453303889,163.27187757297318,153.8182527696992,162.1886444091797,51750478,FEDERALBNK,0.05172400315877512,0.11812619835546201,0.12885525832564593,145.28046569824218,148.72512817382812,138.31493858337402,1.1163830156358185,1.0905261699933826,1.1726039578249532,148.9602218314879,147.51138611857598,1.4488357129119152,-0.35655555509132425,1.8053912680032393,82.136935160184,0.020636256320775037,16734926.75,3.092363580258874,0.058287834131123165,0.8854161037342683,0.9768387325135812,1.0752643907959298,-0.010625357799908697
2024-02-19,163.41958796932562,163.81349777674268,159.8744898593085,160.46533203125,14982976,FEDERALBNK,-0.010625357799908697,0.11114896091716364,0.10963557230308996,146.07319030761718,148.87874938964845,138.45775512695312,1.0985269212873645,1.0778256311871408,1.158947954082586,150.73023878529744,148.47093766766295,2.259301117634493,0.1666157794538392,2.0926853381806536,78.46894705573585,0.020979027887542794,16431865.35,0.9118244143839701,0.024547407639844983,0.14999771118164135,0.9811554093950071,1.075264792883145,-0.05247000453393302
2024-02-20,150.6670684287538,153.22742985041108,146.8757669055544,152.04571533203125,33045447,FEDERALBNK,-0.05247000453393302,0.04536222554760383,0.05356531687153154,146.4597053527832,148.87382598876954,138.55114295959473,1.0381402513803561,1.0213058898849081,1.097397770124292,150.93261979248726,148.7357360131717,2.196883779315556,0.5726693794261826,1.6242143998893732,59.41647222453986,0.02463515057584595,17539006.3,1.8841117013567639,0.041774692111423074,0.8139519479167675,0.9837841163820936,1.0745044956589438,-0.004209858469112482
2024-02-21,153.71979766719164,153.71979766719164,150.91324837537317,151.40562438964844,14375228,FEDERALBNK,-0.004209858469112482,0.028772180767860256,0.0962566153670743,147.1244125366211,148.85905487060546,138.6352215576172,1.0290992621769124,1.0171072530405125,1.0921151399229656,151.00538973051206,148.93350552254034,2.0718842079717206,0.8725123451352902,1.1993718628364305,59.1029122990494,0.022243191431081055,17466227.65,0.8230299231213788,0.018536625063516155,0.1754382207754621,0.9883470821745295,1.0737462904312467,-0.0009755587265692922
2024-02-22,152.34113753954185,152.43961875396334,150.02697926187278,151.25791931152344,9963362,FEDERALBNK,-0.0009755587265692922,-0.019157074853887845,0.08016883292361876,147.68572158813475,148.84822265625,138.71025367736817,1.0241878340368666,1.0161889514854228,1.090459539230174,151.04424043528303,149.10568432172425,1.938556113558775,1.0857210988199872,0.8528350147387878,60.45884685629638,0.02217280292975089,17055490.4,0.5841732935454029,0.015950500331302374,0.5102047171515213,0.9921900238553744,1.0730873797005818,-0.0074870579457611
2024-02-23,152.53808194964017,152.53808194964017,149.6823071009271,150.1254425048828,21338955,FEDERALBNK,-0.0074870579457611,-0.07437759867986238,0.07510567344158314,148.21010131835936,148.8462530517578,138.8365576171875,1.0129231487563,1.0085940319416722,1.081310607821479,150.90288690752914,149.18122196492118,1.7216649426079584,1.2129098675775816,0.5087550750303769,57.06522540062965,0.02227386094020025,17211005.7,1.2398435845036064,0.019022590715229357,0.15517168804656126,0.9957261152339708,1.0720969721978408,-0.006231462722265602
2024-02-26,150.1746934947401,150.76555075828392,147.61433205421608,149.18994140625,25950539,FEDERALBNK,-0.006231462722265602,-0.0702668326065855,0.04159514828381439,148.50798950195312,148.82951232910156,138.95378578186035,1.0045920216587938,1.0024217581009836,1.0736658995420183,150.63935683040927,149.18186784946406,1.4574889809452145,1.2618256902511082,0.19566329069410626,56.14976363794553,0.02176246703394951,17491713.05,1.4835904822941284,0.021122192785684883,0.5,0.9978396567850235,1.0710720221955294,0.017821769418834066
2024-02-27,150.37164199814995,152.3903867994254,148.74680705080297,151.84877014160156,15504425,FEDERALBNK,0.017821769418834066,-0.0012953024687318848,0.06271547314496062,148.95605239868163,148.86003967285157,139.0847967529297,1.0194199409580051,1.0200774531252195,1.0917711618139385,150.82542041674654,149.37941616740017,1.4460042493463732,1.2986614020701612,0.14734284727621194,56.61379348510034,0.022002728429241027,17868485.5,0.867696649500597,0.02399479261652724,0.8513504039458378,1.0006449865661804,1.0702826128242229,-0.02529181100331901
2024-02-28,151.8487668247285,152.24267667005267,147.46662310010058,148.00823974609375,9726132,FEDERALBNK,-0.02529181100331901,-0.022438959300556616,0.02036669111722933,149.10376586914063,148.7270980834961,139.19318405151367,0.9926525925307054,0.9951665947452376,1.0633296504756853,150.39200800587687,149.27784754359968,1.114160462277198,1.2617612141115686,-0.1476007518343707,54.661582119915614,0.022700827721436605,17427556.55,0.5580892520472125,0.032268835695535306,0.11340254837187795,1.0025326103346217,1.06849411554846,0.0006652667850737259
2024-02-29,148.59908074490065,148.89450936991742,145.84178698107502,148.10670471191406,12829211,FEDERALBNK,0.0006652667850737259,-0.0208333858746218,0.024174293378983913,149.27855911254883,148.6059735107422,139.3091499710083,0.9921498813520082,0.9966403181040899,1.0631513058742847,150.04042288372875,149.19109622273407,0.8493266609946772,1.1792743034881903,-0.32994764249351305,54.015552881160794,0.022678907089326905,17452934.35,0.7350747297115685,0.020611642091290343,0.7419337372822522,1.0045259661231454,1.0667351968027128,0.01462778739751136
2024-03-01,149.09146354686726,150.66707293440902,148.59908749152606,150.27317810058594,7683577,FEDERALBNK,0.01462778739751136,0.0009840810007826217,0.04628044297692058,149.6109130859375,148.51143768310547,139.44523372650147,1.0044265822658807,1.0118626581559307,1.0776501575903388,150.07623137862987,149.27125043590829,0.8049809427215848,1.1044156313348692,-0.29943468861328437,57.40974942757011,0.022774958969671768,17274188.2,0.44480104714848484,0.013761507336317483,0.8095272695566182,1.007403304553405,1.0650162340749907,0.006553007152602763
2024-03-04,151.94724273410307,151.94724273410307,149.83001683302973,151.25791931152344,11491625,FEDERALBNK,0.006553007152602763,0.013861376214648669,0.043124035176149045,149.9235725402832,148.51931579589845,139.5784218597412,1.0089001799292217,1.0184393760565695,1.0836769559088342,150.25802952215196,149.41841109336127,0.8396184287906863,1.0514561908260327,-0.21183776203534643,57.356625149396095,0.02273521453668817,17050086.95,0.6739921640106358,0.013997454881769228,0.6744214104738767,1.009455044529794,1.0640564194452757,0.010416592058037022
2024-03-05,150.86400730153696,154.80301540354117,150.76554111466092,152.83351135253906,15097161,FEDERALBNK,0.010416592058037022,0.006485012753275621,0.056501057651109576,150.33224487304688,148.54393493652344,139.72217586517334,1.0166382566933958,1.0288774928296376,1.0938386151387856,150.65425749605765,149.67138148293,0.982876013127651,1.0377401552863565,-0.0548641421587055,57.196503968989674,0.02277492605894175,17370264.9,0.8691382133153307,0.026417467302488774,0.5121940326836542,1.0120389293395764,1.0631378592319,0.013208737894611078
2024-03-06,153.0796925729579,156.13242972713402,150.37162462287748,154.8522491455078,28581350,FEDERALBNK,0.013208737894611078,0.046240732348110214,0.05395448025293925,150.72860794067384,148.60794372558593,139.87260257720948,1.0273580527357953,1.0420186516506305,1.1070949299025847,151.30010236520383,150.05514945793578,1.2449529072680434,1.079182705682694,0.1657702015853495,50.93255079809701,0.022709792490282255,17960424.5,1.5913515852590232,0.03720194660423288,0.7777774879625227,1.0142701941896448,1.0624521242003384,-0.00572326841372095
2024-03-07,155.54158241461494,155.59082302206184,153.2766497071703,153.9659881591797,7038942,FEDERALBNK,-0.00572326841372095,0.03956123025397584,0.06614398009870337,151.20621337890626,148.65521240234375,140.02299633026124,1.0182517286730655,1.035725459410478,1.0995764424011625,151.7102386412001,150.3448412135835,1.3653974276166139,1.136425650069478,0.22897177754713582,34.900551210578584,0.02232272533355709,17808186.65,0.3952643881346561,0.015030419007209634,0.29787676124927576,1.0171605215541186,1.0616485598674263,-0.006076123490693752
2024-03-11,153.96599832665757,154.80302860403535,152.29190771965256,153.0304718017578,12353089,FEDERALBNK,-0.006076123490693752,0.018348541875691682,0.05498988718693387,151.60503845214845,148.68278564453124,140.17164474487305,1.0094022821679458,1.029241355267724,1.0917362928878316,151.91335143513206,150.5437768127075,1.369574622424551,1.1830554445404926,0.18651917788405847,35.94041344477486,0.022421681473759208,17882914.5,0.6907760477186199,0.016409286691841374,0.294117295068727,1.0196542780319149,1.0607194195027771,-0.023487873423136185
2024-03-12,153.6213073227708,153.96597652272604,148.94373546518642,149.4361114501953,12926472,FEDERALBNK,-0.023487873423136185,-0.012044380020698409,0.03477665773345495,151.85615005493165,148.6089288330078,140.3020770263672,0.9840636114911321,1.0055661703753818,1.0651026315320447,151.53223759129563,150.4617275265955,1.0705100647001302,1.1605463685724202,-0.09003630387229,43.96352056609621,0.023143999199002115,17767080.9,0.7275518174738542,0.033607947963859124,0.0980390983562436,1.0218507814262812,1.0592069054336202,-0.02141667206994069
2024-03-13,150.0269888618315,150.4208836924749,144.51237107607653,146.23568725585938,12273615,FEDERALBNK,-0.02141667206994069,-0.04317000923613257,0.005416450903853898,151.8955406188965,148.45826202392578,140.41919509887694,0.9627385152982365,0.9850289587270784,1.0414223436680912,150.7173836935362,150.148687506541,0.5686961869951972,1.0421763322569757,-0.4734801452617785,39.30753679846853,0.023682218838823765,17949065.3,0.6838024596188861,0.04040404040404038,0.2916666666666647,1.0231531647219254,1.0572504843044292,-0.01649832183847122
2024-03-14,143.7738032141769,145.9894953869981,137.5206215159873,143.8230438232422,23395531,FEDERALBNK,-0.01649832183847122,-0.07122405637067608,-0.022749999974079893,151.72813339233397,148.25146423339845,140.533291015625,0.9478996452908898,0.9701289937805645,1.0234090640291873,149.65671602118326,149.6801213077781,-0.023405286594851304,0.8290600084866103,-0.8524652950814616,35.940392703634785,0.023817402175651127,18507646.35,1.2641008239278355,0.05888398441503577,0.7441865829208132,1.0234511623673548,1.0549206039508128,0.030126717837308137
2024-03-15,144.51238008107796,148.84528359264985,143.77381595800605,148.1559600830078,18505435,FEDERALBNK,0.030126717837308137,-0.037735789219662585,-0.03927195397710903,151.42532272338866,148.2229067993164,140.67173938751222,0.9784094061575616,0.9995483375832102,1.0532034417721858,149.4258304922332,149.56722047631365,-0.14138998408046177,0.634970009973196,-0.7763599940536577,46.67777233247809,0.022183352469680992,17940677.5,1.031479162367196,0.03423060153504718,0.8640781013895886,1.0216054049486973,1.053679349133537,-0.020604973516277658
2024-03-18,148.69754917037133,149.92848914694727,144.6600600367532,145.10321044921875,20703599,FEDERALBNK,-0.020604973516277658,-0.05180184873773619,-0.10534297282155425,150.57105102539063,148.13624877929686,140.78514987945556,0.9636859772251318,0.9795253467326762,1.0306712787070258,148.76081202407713,149.2365530668992,-0.4757410428220794,0.41282779941414094,-0.8885688422362203,43.5658729990948,0.018612192610971613,16388333.55,1.2633132549343309,0.036308149860253,0.08411433525945619,1.0164362353317133,1.0522150163290342,0.0010180363098566403
2024-03-19,145.74330682269598,146.23568285925913,143.42913344039945,145.2509307861328,8094302,FEDERALBNK,0.0010180363098566403,-0.02800648801315575,-0.09481425708921498,149.81033096313476,147.99149017333986,140.89807716369629,0.9695655156243936,0.9814816420593031,1.0308936339661992,148.2208302951626,148.94132178684245,-0.7204914916798373,0.18616394119534532,-0.9066554328751826,38.7205359099304,0.018621711410399543,16043899.85,0.5045096314285458,0.019322075278071935,0.649123558449069,1.0122901714663763,1.0503442854042813,-0.00033900032198197483
2024-03-20,146.67881878856926,147.12195421776676,143.62609636711213,145.20169067382812,14058739,FEDERALBNK,-0.00033900032198197483,-0.007070754078121411,-0.045012939978331,149.4681297302246,147.8506707763672,141.01173572540284,0.9714558610983025,0.9820834082887199,1.0297135194235503,147.75634727649577,148.6643120747673,-0.9079647982715358,-0.0326618066980309,-0.8753029915735049,44.487416335685865,0.014868487547852307,15094564.45,0.931377586055489,0.024075875662546545,0.4507031961900153,1.0109398147831463,1.0484990487903934,0.01695492341375071
2024-03-21,146.72806273005844,147.95900285363274,144.75855853233952,147.66357421875,6212045,FEDERALBNK,0.01695492341375071,0.02670316448195753,-0.024715397370365322,149.2810272216797,147.8457473754883,141.13794803619385,0.9891650464025291,0.9987678160517149,1.0462358017340787,147.74207449838104,148.59018334469195,-0.8481088463109074,-0.19575121462060624,-0.6523576316903013,49.203554481963494,0.01545900799848706,14686405.3,0.42297927049582373,0.02167389173820251,0.9076913686899061,1.0097079548899448,1.0475265471308557,-0.0023341269447613167
2024-03-22,147.71280349026426,148.9929841257379,146.82653267977204,147.31890869140625,8409218,FEDERALBNK,-0.0023341269447613167,-0.005649798976244957,-0.026041681903640312,149.08407669067384,147.8093118286133,141.26121520996094,0.9881599159450809,0.9966821905119505,1.042882920640613,147.67697206653875,148.496014851856,-0.8190427853172366,-0.32040952875993234,-0.4986332565573043,44.318155806332896,0.015461246118185848,14608698.1,0.5756308975951799,0.014705861353507573,0.22727304253739794,1.0086243880462595,1.0463545256135571,0.001336966523634242
2024-03-26,147.31892172377331,149.18994472305144,146.3833951980095,147.515869140625,7742995,FEDERALBNK,0.001336966523634242,0.016627190287086036,-0.01738261896662141,148.95359802246094,147.77090698242188,141.38229061126708,0.9903478069618759,0.9982740997737314,1.0433829336251335,147.65218700101354,148.42341146583888,-0.7712244648253375,-0.41057251597301336,-0.3606519488523241,42.5781455698999,0.01539831634038323,13928900.1,0.5558942159402809,0.01902540751304853,0.4035111201533389,1.008003544569025,1.0451868217973663,0.0
2024-03-27,147.515869140625,149.09146350156325,146.23568839190193,147.515869140625,20853016,FEDERALBNK,0.0,0.015593279452557063,-0.011221079985992088,148.8698944091797,147.7600747680664,141.49774589538575,0.9909046400957802,0.9983472827296228,1.0425315838577998,147.63121502249223,148.35618610841564,-0.7249710859234142,-0.47345222996309355,-0.25151885596032064,38.75005407122423,0.01534480869148075,13674023.95,1.525009468774552,0.01935910438855191,0.4482778578719703,1.0075109574954895,1.0442574461738112,0.0026700525466507585
2024-03-28,148.64830824705575,148.69754885123766,146.77728549712504,147.9097442626953,7208707,FEDERALBNK,0.0026700525466507585,0.01865028965089932,-0.025940452960093396,148.67294311523438,147.74234893798828,141.62079067230223,0.9948665921549188,1.0011330219528138,1.0444069939204417,147.67406567483116,148.323116342066,-0.6490506672348317,-0.5085719174174412,-0.1404787498173905,34.228186988871286,0.014757931272906801,13259238.05,0.5436743026119815,0.012982669692823847,0.589741382683211,1.0062987639220269,1.0432249970970067,0.014314359658460951
2024-04-01,149.68230831866882,150.6670603470811,148.5990750769659,150.0269775390625,8748792,FEDERALBNK,0.014314359658460951,0.016005323809996197,0.013639360865529193,148.7738800048828,147.73053192138673,141.7541772842407,1.0084228329202582,1.015544827381369,1.058360186721224,148.03605211548214,148.44932828258425,-0.41327616710211146,-0.4895127673543753,0.07623660025226386,41.52543318785952,0.013993890439421204,13210371.05,0.6622669391258317,0.013784089395367313,0.690479996512283,1.0070625081350908,1.0421599895794424,0.01115847491621369
2024-04-02,151.06095198395258,152.1934258085806,150.27316239862216,151.7010498046875,8112500,FEDERALBNK,0.01115847491621369,0.029745951502129664,0.024268618357047966,148.95359725952147,147.81620544433594,141.89642295837402,1.0184450231193756,1.0262815863028936,1.0690970684242669,148.59989791382142,148.6901965434808,-0.09029862965937241,-0.40966993981537475,0.31937131015600234,47.227915755365515,0.01418513271081929,12974535.5,0.6252632319669555,0.012658207787162604,0.7435893423060348,1.0076946354546616,1.0417190395821219,0.00292107730127511
2024-04-03,151.65180430983264,152.68579688989695,149.92848835176636,152.14418029785156,12129473,FEDERALBNK,0.00292107730127511,0.03137500517191438,0.01245067297381075,149.04714736938476,147.98558258056642,142.04577140808107,1.0207788809321616,1.0281013707198208,1.0710926399967158,149.14517212674915,148.94604719195272,0.1991249347964299,-0.2879109648930138,0.4870358996894437,56.50118099391041,0.013843441472972194,13196830.3,0.9191201769109663,0.01812299709875609,0.8035705527490246,1.0071734338596154,1.041816177374411,-0.013268583714583615
2024-04-04,154.35987919783108,154.35987919783108,149.9284951060273,150.1254425048828,16855917,FEDERALBNK,-0.013268583714583615,0.01769011957466171,-0.0074870579457611,148.99052352905272,148.09587463378907,142.18453742980958,1.0076173903477075,1.0137044186822384,1.0558492872615866,149.29598295415434,149.03340980772532,0.26257314642901974,-0.17781414262860712,0.44038728905762686,59.899697788520314,0.01411007303083158,13465044.9,1.2518277603366923,0.02951787530391225,0.0444437662760456,1.0060410115911462,1.0415751059210476,0.013775101205748319
2024-04-05,150.86401436185363,152.48886429564615,148.94375082748445,152.1934356689453,9900539,FEDERALBNK,0.013775101205748319,0.02896152263397833,-0.0041880584822611144,148.95851974487306,148.25343505859374,142.33681999206544,1.0217168909144159,1.0265761168285537,1.069248530896147,149.74174491027603,149.26748579744535,0.4742591128306799,-0.0473994915367497,0.5216586043674296,71.68362950442794,0.014263242403165774,13205213.8,0.7497446955383638,0.02329347157832165,0.9166659602424425,1.0047559416481693,1.0415677058603536,-0.0009706091216403756
2024-04-08,153.17818924112456,153.17818924112456,149.04223350516793,152.04571533203125,13919010,FEDERALBNK,-0.0009706091216403756,0.013455831918250283,-0.018123946077395314,148.8181930541992,148.53211975097656,142.4890969848633,1.0216876862404625,1.023655459754735,1.0670691200196403,150.09620189823835,149.47328057778503,0.6229213204533153,0.0866646708612633,0.536256649592052,62.86636632241145,0.01391434193225623,12472096.8,1.1160120245378466,0.027202053848901273,0.726188097409275,1.0019260029662425,1.0424104222286932,0.009067418350884315
2024-04-09,152.6365727702703,156.23091186053986,152.3411441403288,153.42437744140625,17300199,FEDERALBNK,0.009067418350884315,0.011360024462174101,-0.003517729624892829,148.79111251831054,148.7999725341797,142.65975189208984,1.0311393929696273,1.031077995704363,1.0754566400582202,150.60822890487955,149.76595441953475,0.8422744853448023,0.2377866337579711,0.6044878515868313,80.95235933016093,0.01403269667508817,12985159.65,1.3323054522475586,0.025352996603793265,0.27848277300699004,0.9999404568716093,1.0430410158482148,0.020539005173638047
2024-04-10,154.6060576049037,157.06793750307094,151.2579069538452,156.5755615234375,40162551,FEDERALBNK,0.020539005173638047,0.0291261960655389,0.023165907285917164,148.96836700439454,149.13872680664062,142.83785472869874,1.0510658381508509,1.0498652152665806,1.0961769330744409,151.5262800769654,150.2703697605646,1.255910316400815,0.4414113702865399,0.8144989461142751,84.4310854983888,0.014681402563954114,14375632.75,2.793793615797538,0.03710687985210282,0.9152541496190493,0.9988577091551347,1.0441120604192042,-0.01918229750979794
2024-04-12,157.01871476920516,157.75727882270672,153.4243757192806,153.57208251953125,16558634,FEDERALBNK,-0.01918229750979794,0.022958400369319953,0.0276771861178573,149.17516555786133,149.34552490234375,143.00411678314208,1.0294748589366536,1.0283005307320137,1.0738997308197422,151.84101891428324,150.5149410760436,1.3260778382396268,0.6183446638771573,0.7077331743624695,71.57362282636396,0.01432688660784308,14557240.85,1.137484374313969,0.028214132623193906,0.034089569216044655,0.9988592939454074,1.0443442347105159,-0.006091708480302049
2024-04-15,151.60257351514133,153.6213182018649,150.5193552870844,152.63656616210938,18051649,FEDERALBNK,-0.006091708480302049,0.0029116268465609885,0.04377097701911015,149.49520950317384,149.5405059814453,143.16423511505127,1.0210130924554397,1.020703823090235,1.0661640879752254,151.96341079856418,150.67209848982625,1.291312308737929,0.7529381928493116,0.5383741158886174,63.911844554100426,0.013419886756836594,14846142.55,1.2159151065136444,0.02032254126764111,0.682539067419761,0.9996970955931025,1.0445381548070987,-0.018709631627510825
2024-04-16,151.25792030561686,151.94724373272686,149.38688240217687,149.78079223632812,13947991,FEDERALBNK,-0.018709631627510825,-0.014896329638471428,0.04142415745565775,149.79309692382813,149.6350424194336,143.30983028411865,0.9999178554435906,1.0009740353231296,1.0451536502372551,151.62762332745092,150.60607580438193,1.021547523068989,0.8066600588932472,0.21488746417574178,56.03866433916108,0.013590332930637999,14373765.55,0.9703783571174222,0.01709405653636942,0.15384931394298268,1.001056266646094,1.0441366242830301,0.00032864596842263616
2024-04-18,150.07620510019586,153.1289424390115,149.58382907949164,149.83001708984375,12619744,FEDERALBNK,0.00032864596842263616,-0.023427570060925995,0.011299288978303679,149.8767997741699,149.73942596435546,143.4539610671997,0.9996878590656015,1.0006049918042952,1.0444467059341584,151.35106852166518,150.5485899736754,0.8024785479897787,0.8058237567125536,-0.003345208722774884,55.717728350974866,0.011884590355903302,14079481.0,0.8963216754935782,0.023660902056722558,0.06944432670707515,1.0009174191027495,1.0438152062891548,-0.0019717371777506765
2024-04-19,148.69754649534218,151.257907611009,146.2356665864789,149.5345916748047,10378590,FEDERALBNK,-0.0019717371777506765,-0.04496851092294418,0.030539511923044493,150.0983688354492,149.85759582519532,143.60467834472655,0.9962439487849293,0.9978445927374452,1.041293315777939,151.07161054522513,150.47347898857387,0.5981315566512535,0.7642853167002936,-0.16615376004904014,54.916032928379956,0.010814568064304482,13563230.55,0.7652004411294181,0.033585814280698505,0.6568631557531531,1.0016066787200746,1.0435425750229286,0.010866030353986256
2024-04-22,150.22392764827845,152.3411385370919,150.07620582567887,151.15943908691406,12152983,FEDERALBNK,0.010866030353986256,-0.015710169407322727,0.04067793761322558,150.39379425048827,149.9806900024414,143.76767391204834,1.0050909337066831,1.0078593389885957,1.0514146537516336,151.0851226285619,150.52429084771018,0.5608317808517143,0.7235946095305779,-0.1627628286788636,57.46610015004276,0.011010965766752038,13766164.6,0.8828154648100024,0.01498373323620715,0.47826288868396283,1.0027543829011598,1.0432156681772147,0.00162864657491113
2024-04-23,152.0457071977569,152.14418841106135,150.4701129677501,151.40562438964844,9181183,FEDERALBNK,0.00162864657491113,-0.008064527415754363,0.04272631872969335,150.7039909362793,150.11560119628905,143.92334804534912,1.0046557058576226,1.008593531805349,1.0519879258363398,151.13443059180597,150.58957481377968,0.5448557780262888,0.68784684322972,-0.1429910652034312,53.46533818027843,0.010997248329979139,13522286.8,0.6789667410396886,0.01105689072027429,0.5588227374316719,1.0039195775475787,1.043024660244763,-0.0009755587265692922
2024-04-24,151.7502953313837,152.0949495296117,150.6178214700309,151.25791931152344,7177359,FEDERALBNK,-0.0009755587265692922,0.009861925906124558,0.02434144718350617,150.88370819091796,150.20225982666017,144.08268196105956,1.0024801293996035,1.0070282530108505,1.049799443297447,151.1534288563779,150.63908181361256,0.5143470427653369,0.6531468831368434,-0.1387998403715065,48.79358461690569,0.010443874022103715,13570552.5,0.5288921729605335,0.009765624611949075,0.4333394368489584,1.0045368715826526,1.0424726815347212,0.015299451549651844
2024-04-25,151.15944294998434,154.21218038157377,151.15944294998434,153.57208251953125,17911036,FEDERALBNK,0.015299451549651844,0.02497540547862065,0.04244651201716221,151.1963668823242,150.38542388916017,144.23403842926027,1.0157127825634598,1.021189943466328,1.0647423048814573,151.52552941993994,150.8563411251621,0.6691882947778538,0.6563551654650456,0.012833129312808222,53.52801594297206,0.010860916240748239,14045643.4,1.2752022452741467,0.019878205605508986,0.7903200401649837,1.0053924308100615,1.0426486391623628,0.007374136817526855
2024-04-26,153.91673946797906,156.13243145160797,153.67055146979808,154.7045440673828,15126683,FEDERALBNK,0.007374136817526855,0.03457362162610034,0.048731536265464115,151.5558006286621,150.57843536376953,144.38421531677247,1.0207761327884486,1.0274017238500677,1.0714782341543916,152.01460859646963,151.14139319495624,0.8732154015133915,0.6997272126747147,0.17348818883867678,61.832094777880116,0.010921245984793512,14414827.8,1.0493835382480254,0.015913430317454635,0.4200012207031203,1.0064907386142738,1.0429009503109965,0.02132399987098954
2024-04-29,155.59082422283595,158.4465991633119,153.67056072657635,158.0034637451172,24049248,FEDERALBNK,0.02132399987098954,0.04527685931851022,0.07109468740949154,152.0801803588867,150.85022705078126,144.52913932800294,1.0389484242604947,1.0474194625635393,1.0932291196070492,152.93597092703078,151.64969471719039,1.2862762098403948,0.8170370121078507,0.4692391977325441,64.11484459680875,0.011684839455117193,14574639.4,1.6500749925929556,0.03022742871282872,0.9072169489285768,1.0081534733632944,1.0437357321310332,0.013399820278582775
2024-04-30,158.9389673377212,162.13941134875935,157.11718514711183,160.1206817626953,32465189,FEDERALBNK,0.013399820278582775,0.057560988293396065,0.08255668050045939,152.69072723388672,151.1436831665039,144.67829627990722,1.0486601554882087,1.0593938060004937,1.1067360197061757,154.04131105559455,152.27717523907964,1.7641358165149086,1.0064567729892624,0.7576790435256462,67.90397371382251,0.011889030596682698,15837463.5,2.049898268115977,0.03136525617028442,0.5980408876442479,1.0102355853382146,1.0446880219966663,0.033210309949742056
2024-05-02,166.91546726226807,167.70327188288988,160.36687234472873,165.43833923339844,75875713,FEDERALBNK,0.033210309949742056,0.09374993379797658,0.1027239363688659,153.4612953186035,151.50902618408202,144.84377868652345,1.0780460238520024,1.0919371828869948,1.1421846401249067,155.79470000602592,153.25207627569586,2.542623730330064,1.3136901644574228,1.228933565872641,72.67661386621107,0.013402816638687021,19193809.55,3.9531346188646537,0.04434521993001296,0.6912746316895464,1.012885497212222,1.0460168020884333,-0.012202357702108868
2024-05-03,165.93072220001676,166.91547426055098,161.49933792761274,163.4196014404297,17758980,FEDERALBNK,-0.012202357702108868,0.06412310596651594,0.07724766341979583,154.04722290039064,151.69317474365235,145.00038917541505,1.060840944507642,1.077303588092173,1.1270287091625104,156.96776176516497,154.00522628789835,2.962535477266613,1.6434592270192607,1.319076250247352,63.49519832809509,0.01384715970381724,19676133.55,0.9025645183222493,0.033142513414540095,0.3545448996803978,1.0155184843399607,1.0461570179659356,-0.013558244934320896
2024-05-06,165.14292692281637,165.14292692281637,158.1019553006754,161.20391845703125,19660309,FEDERALBNK,-0.013558244934320896,0.04201152867764235,0.059547056886720906,154.5002098083496,151.67348022460936,145.15203010559082,1.0433896410690786,1.0628352314347143,1.1105867299256063,157.61947817929826,154.53846274487114,3.0810154344271155,1.9309704685008318,1.1500449659262837,65.53110568455361,0.014383260977381487,20052675.35,0.9804332168575202,0.043677422295524015,0.4405589629990052,1.018636940218911,1.0449284113647912,-0.0241295981129539
2024-05-07,161.49932870879792,161.99170471095889,156.67404989806963,157.3141326904297,11483902,FEDERALBNK,-0.0241295981129539,-0.004362759134188932,0.04788455617916365,154.85964431762696,151.61045623779296,145.27884635925292,1.0158497611409234,1.0376206008092925,1.0828426617693212,157.57250195024156,154.7440679260236,2.8284340242179553,2.1104631796442566,0.7179708445736988,58.497315942629974,0.01521081261823375,19784074.6,0.5804619236524714,0.0338027786947381,0.1203693761408863,1.0214311608873323,1.0435824625347239,-0.015649474734520386
2024-05-08,157.3141291001264,158.54506907743567,154.3598731545841,154.8522491455078,18895207,FEDERALBNK,-0.015649474734520386,-0.03290288649279871,0.01746996159772629,154.9925849914551,151.6665869140625,145.39701835632323,0.9990945641305679,1.0210043774061481,1.0650304311331387,157.15400151874405,154.75208134968912,2.4019201690549323,2.168754577526392,0.23316559152854044,59.34661990961679,0.015478527817304468,20233808.0,0.9338433477277238,0.02702702702702703,0.11764705882352741,1.0219296691846649,1.0431203378763552,-0.001271727938905065
2024-05-09,155.59083069701038,157.70804168655155,153.96599575397877,154.6553192138672,8372049,FEDERALBNK,-0.001271727938905065,-0.06517848323125808,0.017163284582779603,155.12306518554686,151.7315808105469,145.55085876464844,0.9969846781255889,1.0192691487671963,1.0625517466986603,156.7695888564553,154.7449137840727,2.0246750723825926,2.139938676497632,-0.11526360411503944,58.844805933997705,0.015480671141019552,19956459.95,0.41951573680782,0.024196037689450826,0.18421031497453613,1.0223518687202937,1.0424643461286098,0.018465311645977422
2024-05-10,155.73852129267166,157.90498769274714,154.11368651873798,157.51107788085938,10878308,FEDERALBNK,0.018465311645977422,-0.03615553769248492,0.026636578277880574,155.32740020751953,151.8566439819336,145.7065158843994,1.0140585477541144,1.0372353408494823,1.081016019941246,156.88366409097898,154.94981482827913,1.9338492626998516,2.0987207937380763,-0.16487153103822472,63.36635030445537,0.01587711475166367,19635365.4,0.554016071429972,0.024070060499978837,0.8961016828237833,1.0228554782627677,1.0422090121378893,0.010940993229836549
2024-05-13,158.49584147062637,160.07145078123975,155.83701390682475,159.23440551757812,16577995,FEDERALBNK,0.010940993229836549,-0.012217525220877934,0.016981219599475184,155.46034240722656,152.0388232421875,145.85466232299805,1.024276693669344,1.0473272689300452,1.0917333939243599,157.24531661814808,155.26719191637534,1.9781247017727424,2.0746015753450098,-0.09647687357226742,63.48686205759379,0.01540738166839557,18456137.6,0.8982375055547916,0.026592474538723668,0.8023243022657498,1.0225042465606882,1.0423994737000213,0.013605464992574534
2024-05-14,160.022216713914,161.74553289390997,158.69279536461008,161.40086364746094,10674881,FEDERALBNK,0.013605464992574534,0.025978155218090437,0.05097789259277663,155.85178146362304,152.28304168701172,146.0024008178711,1.0356048684957322,1.059874178105722,1.1054671891923098,157.88463154573466,155.72153797052982,2.16309357520484,2.0922999753169758,0.07079359988786438,65.6878185232019,0.014887558910708774,18161949.95,0.5877607321564059,0.018914009877715507,0.8870950276134366,1.0234349126276725,1.0430173807687952,-0.007016452838351173
2024-05-15,161.4008609887882,161.89323703210496,159.33289062253235,160.26840209960938,11602958,FEDERALBNK,-0.007016452838351173,0.034976262753615206,0.05000004998405516,156.23337326049804,152.45143432617186,146.14032302856447,1.0258269328434935,1.051275134327126,1.096674749160664,158.2513654771,156.058342720832,2.193022756267993,2.112444531507179,0.080578224760814,63.71815785646684,0.014917361073848858,17839515.4,0.6504076898860157,0.01597536617343524,0.36538472824588913,1.0248074998509669,1.043185283615213,0.008294877348655527
2024-05-16,161.45008702255737,162.2871322310768,159.23439502766558,161.59780883789062,7523851,FEDERALBNK,0.008294877348655527,0.044890079819517315,0.07889540724899691,156.82422409057617,152.72322570800782,146.27951644897462,1.0304390777317503,1.0581089293310906,1.1047193261283397,158.76620291722162,156.46867354431782,2.2975293729037958,2.1494614997865025,0.1480678731172933,62.59661072153887,0.014091259730666467,17518308.4,0.42948501808542205,0.018890956661879166,0.7741949774071892,1.0268524866702924,1.0440506601023725,-0.0015234445597052115
2024-05-17,161.49933032683515,162.38560112915505,160.71152571026008,161.35162353515625,8301634,FEDERALBNK,-0.0015234445597052115,0.02438270187701863,0.07689785177294417,157.4003044128418,152.98812408447264,146.43067413330078,1.0251036307525214,1.054667638424442,1.101897703402447,159.1639599353654,156.83037354363918,2.3335863917262145,2.186286478174445,0.14729991355176963,60.73133804048624,0.014122004378865138,17302402.9,0.4797965951885215,0.010375324289998326,0.38235901302385217,1.0288400184966837,1.044781941966629,-0.0012206908421708018
2024-05-21,161.4993323055756,162.68103173185511,159.77601625963197,161.1546630859375,8380426,FEDERALBNK,-0.0012206908421708018,0.012059313200044608,0.07770824985033009,157.98130798339844,153.20575378417968,146.58182441711426,1.0200869023243722,1.0518838823309171,1.0994177738390993,159.47022195853032,157.15069128751313,2.3195306710171906,2.2129353167429944,0.1065953542741962,55.65370318557896,0.014106823719882339,17202494.7,0.48716341124639323,0.0180262576123783,0.4745746931428494,1.031170854104775,1.0451892954218958,-0.007638263447608207
2024-05-22,161.1054357530249,161.35162375691024,158.84050311205496,159.92372131347656,15020638,FEDERALBNK,-0.007638263447608207,-0.009152010098352537,0.0579803833588135,158.41952209472657,153.37906982421876,146.73341743469237,1.0094950369680484,1.042669782107548,1.0898929780917486,159.5399910900605,157.35610091906597,2.1838901709945446,2.2071262875933044,-0.023236116598759793,49.635017508301736,0.01422826284032005,17345877.45,0.8659485830738416,0.015701989825093403,0.4313684424684535,1.0328627124697292,1.0452906536609783,0.002463084503119495
2024-05-23,160.85924355276816,161.6470331237514,159.57906296073602,160.317626953125,6626566,FEDERALBNK,0.002463084503119495,0.0003071401029195453,0.058861766855775155,158.8651222229004,153.52875213623048,146.88062690734864,1.009143005776854,1.0442189148445014,1.0914824529871616,159.65962737668582,157.57547321788513,2.084154158800686,2.182531861834781,-0.09837770303409465,38.39284293739507,0.014225506634040519,17218146.6,0.3848594249975778,0.0128992064211382,0.35714441416893866,1.0347581154175916,1.045262097315771,0.003992547143807812
2024-05-24,160.07143189539187,161.94245458313628,159.8744845113328,160.95770263671875,6465598,FEDERALBNK,0.003992547143807812,-0.003961106934401659,0.06412744119015756,159.35011138916016,153.65086120605469,147.03103675842286,1.0100884224902271,1.0475548355102622,1.0947192251740556,159.85933126284473,157.82600873039132,2.033322532453411,2.1526899959585073,-0.11936746350509608,44.04756546486344,0.014196521670678006,17182558.55,0.3762884311545093,0.012847909965954703,0.5238074477747485,1.0370922111231284,1.045023313400887,0.0012236783079793145
2024-05-27,161.79476091867633,162.68103173185511,160.1206854792701,161.1546630859375,17962246,FEDERALBNK,0.0012236783079793145,-0.0012206908421708018,0.04937473297232842,159.72924041748047,153.79463470458984,147.17485633850097,1.0089239932822034,1.047856210299435,1.0949877383626119,160.05861308178208,158.07257571969106,1.9860373620910252,2.119359469185011,-0.13332210709398584,49.86802619851672,0.013911583441055109,17185119.05,1.04522092327315,0.015887509573456696,0.4038428808695168,1.0385878592207711,1.0449790034166124,-0.022303604283964495
2024-05-28,161.64704838522593,161.79477021332423,157.06795721054078,157.56033325195312,5526636,FEDERALBNK,-0.022303604283964495,-0.022303604283964495,0.0184596335019509,159.87202987670898,153.88523193359376,147.29972694396972,0.9855403310601698,1.023882092337134,1.069658013092491,159.67426233873147,158.03463183319195,1.6396305055395146,2.023413676455912,-0.38378317091639724,50.670276925940115,0.014911640249687507,16705116.7,0.33083492317057567,0.030000019073486255,0.10416660043932353,1.038904304642428,1.0447081955021482,-0.0031250623433909386
2024-05-29,157.0679473876953,158.44659420698122,156.08319536645584,157.0679473876953,10114326,FEDERALBNK,-0.0031250623433909386,-0.017857100262089753,-0.005920859804257161,159.82525405883788,154.03786865234375,147.42482345581055,0.9827479913147674,1.0196709988385408,1.0654104492434764,159.27329080780282,157.96302557796997,1.3102652298328508,1.8807839871312997,-0.5705187572984489,56.75678945477761,0.014141837536509615,16008370.6,0.6318148331723404,0.015046983677018025,0.4166677263074923,1.0375711859500991,1.044857067090302,0.005015638350218454
2024-05-30,157.5110742091013,159.5298187478636,156.9202320442272,157.85574340820312,8503177,FEDERALBNK,0.005015638350218454,-0.015356287338520125,-0.014145195546000133,159.71200714111328,154.27026977539063,147.56534370422364,0.9883774315648663,1.0232415075051904,1.0697345287563271,159.0552065924798,157.95507875057982,1.1001278418999902,1.724652758085038,-0.6245249161850477,59.420241687229456,0.01383842275512889,14810270.0,0.5741405794762688,0.016531465040763287,0.35849024011055713,1.0352740510121978,1.045436996945612,0.010917104436690472
2024-05-31,159.0374544178407,160.2683944675144,157.70803315374368,159.57907104492188,8705347,FEDERALBNK,0.010917104436690472,-0.008565179355898511,-0.035416628428615815,159.41904373168944,154.58539031982423,147.7174127960205,1.001003815538511,1.0323037042165895,1.080299661525218,159.13580112362473,158.07537447608664,1.060426647538094,1.5918075359756492,-0.5313808884375553,56.5217767905436,0.011702996178693163,11451751.7,0.7601760174384501,0.01604446809350068,0.7307710365388438,1.0312685008710383,1.0464940279808959,0.014193204282124228
2024-06-03,162.7302802557126,164.4535963855008,161.0562047348575,161.84400939941406,20720708,FEDERALBNK,0.014193204282124228,0.004277544938981803,-0.009641389570944292,159.34026412963868,154.85915130615234,147.86883308410646,1.015713198942223,1.045104587196483,1.0945106282630814,159.55244855066925,158.35453261855534,1.197915932113915,1.5130292152033025,-0.31511328308938746,57.95798562543682,0.011946374649151955,11599838.1,1.7862928621391707,0.020991766474710183,0.23188514765655674,1.0289367001284109,1.0472737768754141,-0.05902055972837317
2024-06-04,162.58255543106887,162.82874342231753,145.743290819211,152.29188537597656,19975571,FEDERALBNK,-0.05902055972837317,-0.03343765380054031,-0.05528422116755294,158.89466247558593,155.0029248046875,147.97518074035645,0.9584455701863247,0.982509753076421,1.029171815259982,158.43543883148578,157.90544763762358,0.5299911938622017,1.3164216109350824,-0.7864304170728806,30.848845475707122,0.01757692118587522,11615601.2,1.7197190791984147,0.11218885734408066,0.3832848159711537,1.0251075112021417,1.047492721611621,0.07371499972797224
2024-06-05,153.62132051147864,164.50283371959983,148.59907902276922,163.51808166503906,39670558,FEDERALBNK,0.07371499972797224,0.041065885081077,0.03943669185029797,159.2048599243164,155.36826782226564,148.13081741333008,1.02709227433618,1.0524548156261642,1.1038761853907404,159.21738388280167,158.32119830632104,0.896185576480633,1.2323744040441924,-0.3361888275635594,54.79649938492848,0.023807646839174496,13024934.0,3.0457396559552623,0.09725991483565034,0.9380805304575643,1.0246935372056774,1.0488585058485222,-0.009033510660981459
2024-06-06,165.1429020196416,166.52156379044223,161.25313475147183,162.0409393310547,10103459,FEDERALBNK,-0.009033510660981459,0.02651278840091975,0.04642289811878664,159.56429443359374,155.70505279541015,148.28322235107422,1.0155212975825971,1.0406915923529445,1.0927799973715693,159.65177702868675,158.59673467852352,1.0550423501632338,1.1969079932680007,-0.1418656431047669,50.6512167961506,0.02359152195338374,12585346.6,0.8027954510207927,0.03251295049707674,0.1495331101084383,1.0247855902483427,1.0500517207992963,0.003038651011840088
2024-06-07,162.4840845886973,164.50282925093308,161.74552056783958,162.5333251953125,9139816,FEDERALBNK,0.003038651011840088,0.018512792003651857,0.05093912075892515,159.95819473266602,156.0024478149414,148.4400440979004,1.016098771725639,1.04186394169993,1.0949425822597922,160.09509213124457,158.88833397606345,1.2067581551811202,1.1988780256506246,0.00788012953049555,51.72413178953142,0.023574610737124878,12623734.95,0.7240183698565377,0.016964574371318035,0.28571506422308285,1.0253569541576497,1.050945846607627,-0.0012117219049879724
2024-06-10,163.37035762726052,164.1089216581724,160.288093956019,162.3363800048828,18888960,FEDERALBNK,-0.0012117219049879724,0.0030422541266488246,0.030634684169155824,160.1994598388672,156.30279724121092,148.5958811187744,1.0133391221678587,1.0386018860197408,1.0924689081733394,160.43990565026584,159.14374479301304,1.2961608572528007,1.21833459197106,0.07782626528174075,51.7241548201754,0.02329311683396516,13024267.55,1.4502896172460769,0.023536484563955844,0.5360843797560969,1.0249302166463652,1.0518649377385925,0.01662111517973175
2024-06-11,163.47868164000866,165.97010311266737,161.94247085343437,165.0345916748047,11979407,FEDERALBNK,0.01662111517973175,0.08367291709186642,0.03642545804327613,160.4894691467285,156.65317169189453,148.7661939239502,1.0283203786032888,1.0535030340745015,1.109355474666314,161.14678042327182,159.5801038212939,1.5666766019779175,1.2880029939724316,0.2786736080054859,57.150725734209715,0.02344501374921074,12794338.15,0.9363053297133623,0.02440477610396565,0.7677266995470834,1.0244891144775492,1.053015927610383,0.03741281083150638
2024-06-12,165.24140434937797,171.89832309424298,163.91198301226189,171.20899963378906,31959137,FEDERALBNK,0.03741281083150638,0.047034052078133826,0.06076879494121856,160.97987594604493,157.12703430175782,148.97131790161131,1.0635428722231877,1.0896215307226333,1.1492749211419657,162.69481414796678,160.44150351110835,2.25331063685843,1.4810645225496313,0.7722461143087986,63.116690856206816,0.02463672448816688,13858550.95,2.3060951404879746,0.04664673059864634,0.913687189203327,1.0245205521851055,1.0547468903076562,-0.009202919016897293
2024-06-13,172.34144512252288,172.4300842239255,168.9834521636904,169.6333770751953,11800445,FEDERALBNK,-0.009202919016897293,0.04685505882330787,0.05843307135342535,161.44812469482423,157.5615069580078,149.15674659729004,1.0506989622570295,1.07661687394501,1.1372826301527639,163.7622853675404,161.12238303437402,2.6399023331663614,1.7128320846729772,0.9270702484933842,60.21803007348541,0.024689425425964077,13868425.3,0.8508857166357596,0.020318124414320075,0.18856811523437775,1.0246673049265278,1.0563485095542469,0.012423121763935896
2024-06-14,170.61813642699423,172.22328709240875,169.77124905474238,171.74075317382812,11108163,FEDERALBNK,0.012423121763935896,0.05664947768373829,0.06276659571611232,161.95527191162108,157.99578247070312,149.35492797851563,1.06042088748767,1.086995807661345,1.1498834052434657,164.98974195312312,161.9089289706299,3.080812982493228,1.9864282642370275,1.0943847182562005,61.931164282967586,0.024752052108363825,14047640.9,0.7907493563563402,0.014277554932954841,0.8032110794497049,1.0250607287042752,1.0578544987376008,0.00395639278619786
2024-06-18,172.23312176337097,173.5133023906995,170.60828694576537,172.42022705078125,10019555,FEDERALBNK,0.00395639278619786,0.062116988475381385,0.0685992695525206,162.50870208740236,158.410166015625,149.55601425170897,1.0609907336411324,1.0884416788867852,1.1528805973699652,166.13289350660898,162.68754364323368,3.4453498633752986,2.278212584064682,1.1671372793106167,67.92580359437159,0.024725735556244285,14133536.95,0.7089205649970017,0.016848460848381416,0.6237282174095182,1.0258729359034513,1.0592029134248933,-0.003084055444854794
2024-06-19,172.42023300679844,174.74424844825026,170.7658567736245,171.8884735107422,29598134,FEDERALBNK,-0.003084055444854794,0.041529971179877556,0.06660564590104823,163.04539260864257,158.80505187988283,149.74557907104492,1.054236926052401,1.0823866840253635,1.1478701045938182,167.0183673533987,163.36909400378988,3.649273349608819,2.552424737173509,1.09684861243531,67.86134880604118,0.024748399373479894,15194422.35,1.947960463268286,0.023145191724430112,0.2821785356825847,1.0267015480840438,1.060499100307594,0.024806560352202522
2024-06-20,173.26710424815943,176.723593242311,172.33159289197036,176.15243530273438,13690057,FEDERALBNK,0.024806560352202522,0.02887369051579758,0.1014778411605799,163.85682830810546,159.32559173583985,149.92864448547363,1.0750387220452544,1.1056129362745017,1.1749084766773938,168.42360857637343,164.31600817408207,4.107600402291354,2.863459870197078,1.2441405320942756,70.3459945051365,0.02504029726967572,15127893.3,0.9049546244486005,0.02493295277350319,0.8699549421638055,1.0284401050885683,1.0626761302525929,-0.013193061249309856
2024-06-21,176.9894912706741,176.9894912706741,173.02094149754404,173.8284454345703,9510818,FEDERALBNK,-0.013193061249309856,0.024730205998996224,0.08427531481236139,164.53236923217773,159.75829193115234,150.10501373291015,1.056499983837676,1.088071506857882,1.158045564979412,169.25512193917297,165.02063315634044,4.234488782832528,3.137665652724168,1.0968231301083602,65.6364770703894,0.025370920797561453,15272105.9,0.6227574679141008,0.022830266721932124,0.20347582446707635,1.0298831268369018,1.0643101649850204,-0.0038524332074176826
2024-06-24,173.0603167775667,174.3010988515123,169.50536156152768,173.15878295898438,16360199,FEDERALBNK,-0.0038524332074176826,0.008256804275925012,0.07580302229961267,165.142423248291,160.1805532836914,150.27803466796874,1.0485420981054687,1.0810225049747928,1.1522561054352982,169.85568517299012,165.6234590676474,4.232226105342733,3.3565777432478816,0.875648362094851,62.86668825212931,0.02543740991976431,15766835.95,1.0376336160204673,0.027695605201386645,0.7618059907256526,1.030976731337741,1.0658946507891307,0.0009100174530896066
2024-06-25,174.25187191414642,174.93135323154672,172.3808490331192,173.3163604736328,6501716,FEDERALBNK,0.0009100174530896066,0.005197379902461385,0.07546599741398707,165.7505081176758,160.57839294433595,150.43608749389648,1.04564602812913,1.0793255387336729,1.1520929808857507,170.38809675770437,166.1933036162389,4.194793141465482,3.524220822891402,0.67057231857408,80.40441539917242,0.025439285496804815,15193809.45,0.4279187534499454,0.01471588828346955,0.36679470713688134,1.032209284689583,1.0674193647242451,0.006647643549597015
2024-06-26,173.31634785009717,176.4577090590598,171.93770109355685,174.468505859375,10907675,FEDERALBNK,0.006647643549597015,0.015009920653414666,0.10731236890940177,166.59591674804688,160.93625183105468,150.5971929168701,1.0472555946448214,1.0840845606527858,1.1585110086061292,171.01585200411523,166.8062815601749,4.209570443940322,3.661290747101186,0.5482796968391361,72.34720600370561,0.02467915656865763,15462861.4,0.7054111601879843,0.02590730025020192,0.5599115720886886,1.0351671227122496,1.06865372928891,-0.0008465127766668079
2024-06-27,174.005688164374,176.4675683450418,172.78460521148224,174.32081604003906,12594627,FEDERALBNK,-0.0008465127766668079,-0.010397921888207207,0.10984334448426969,167.45856018066405,161.35122650146485,150.76272979736328,1.0409788299384135,1.0803811028883408,1.156259350532719,171.524308009642,167.36291374386855,4.161394265773453,3.7613114508356396,0.40008281493781306,76.49814164583536,0.024642979471413202,15586876.45,0.8080276404577519,0.02112750053162686,0.41711273581826036,1.0378511760438571,1.0702328534269268,0.0012992493449701659
2024-06-28,175.28586628944817,176.66451315992686,174.1041668253059,174.54730224609375,5586121,FEDERALBNK,0.0012992493449701659,0.004135438303703998,0.10573931918794677,168.2931381225586,161.78944122314454,150.92669105529785,1.0371623239860237,1.0788547196065361,1.156503869697518,171.98938404601918,167.8950906699593,4.0942933760598805,3.827907835880488,0.2663855401793924,76.22531679636965,0.024660913456640735,15441023.65,0.3617714166249593,0.014668495597893197,0.17307635877060246,1.0401985250103187,1.0719736853163149,0.002764458002582737
2024-07-01,174.59653763595284,176.46756047941423,174.02537965636105,175.0298309326172,5278090,FEDERALBNK,0.002764458002582737,0.010805388797841209,0.09682196911238994,169.06567611694337,162.29442199707032,151.09380340576172,1.0352771476307727,1.078471020623104,1.1584183268097064,172.45714510549578,168.4235899486747,4.03355515682108,3.869037300068607,0.16451785675247343,77.36732467539304,0.024630971813103985,15269660.8,0.3456586278589764,0.013952940536138474,0.4112927539085267,1.0417220384813675,1.0741302312791041,-0.015303264693562024
2024-07-02,175.6305291370346,175.77823592988767,171.25822775510304,172.35130310058594,6398642,FEDERALBNK,-0.015303264693562024,-0.005568183929143267,0.06492235171486005,169.59104080200194,162.74484771728515,151.25121597290038,1.0162759912642236,1.059027708207321,1.139503586744493,172.440861720125,168.7145316636311,3.7263300564939073,3.8404958513536673,-0.11416579485976008,65.78837152332359,0.024927610889120447,14553557.5,0.4396617115780798,0.026225552655941994,0.24183039127688818,1.0420670342609542,1.075990342758263,0.03679584673687053
2024-07-03,175.28586649880262,180.50505541663225,174.4980618463922,178.693115234375,36051344,FEDERALBNK,0.03679584673687053,0.024214166070781307,0.1733593998998657,170.91110229492188,163.32801818847656,151.4322134399414,1.0455325185722844,1.0940750840934559,1.180020493494572,173.4027468761635,169.45368600220473,3.949060873958757,3.8622088558746857,0.0868520180840715,66.03376617093348,0.02122328853998035,15357346.15,2.3474983013259747,0.03361625635302866,0.6983615578957845,1.0464285564139681,1.0785553118343152,-0.002700405914797477
2024-07-04,180.1603760488266,180.1603760488266,175.28585663635482,178.2105712890625,9860769,FEDERALBNK,-0.002700405914797477,0.022313773749946364,0.0898523849742836,171.64572677612304,163.86904083251954,151.6152294921875,1.0382464780000142,1.0875182425165992,1.1754133927439356,174.14241217045566,170.1023441716016,4.040067998854056,3.89778068447056,0.14228731438349618,69.27846747647102,0.014685902309112002,13866856.7,0.7111034038449392,0.027352582830595263,0.6000006165171072,1.0474567124094634,1.0808217708826109,0.028844592886777765
2024-07-05,178.20073376215666,184.34557680580528,177.1962824853589,183.3509826660156,16844463,FEDERALBNK,0.028844592886777765,0.050437218488255775,0.13151024317023885,172.7112289428711,164.5079479980469,151.81803916931153,1.0616042963058523,1.1145417889972855,1.2077022181898798,175.55911532361873,171.08372480081746,4.475390522801263,4.013302652136701,0.46208787066456214,72.96457441979503,0.015290590283253958,14203906.9,1.185903506590852,0.03899239707631805,0.8608821940726057,1.0498655599601887,1.083586304355988,0.01004345007402585
2024-07-08,184.2471055990802,186.4135569984253,182.44500763214427,185.1924591064453,17405153,FEDERALBNK,0.01004345007402585,0.05806226355632216,0.13941223366902666,173.84418563842775,165.18663879394532,152.01774681091308,1.0652784182936117,1.121110402503288,1.2182292067306886,177.04116821328435,172.12881623086398,4.912351982420375,4.193112518193436,0.7192394642269395,74.15271965923537,0.015292027873583547,14617173.75,1.1907331265047048,0.021429324851720735,0.6923062360380097,1.0524106968196254,1.0866273330535041,-0.0016482964623297791
2024-07-09,185.4288236922256,186.4726585154924,183.4691616011047,184.88720703125,9869013,FEDERALBNK,-0.0016482964623297791,0.07273460487471906,0.13891419178922737,174.9717269897461,165.8129412841797,152.2090350341797,1.0566690414051008,1.1150348434769017,1.2146927216885133,178.248251108356,173.07388221607778,5.17436889227821,4.389363793010391,0.7850050992678188,74.79343292791181,0.015304157416474019,14166176.4,0.6966603211294192,0.016245022912158836,0.4721314755984623,1.0552356506955,1.0893764699772595,0.004846837044333974
2024-07-10,184.88719722433365,186.4529493761821,181.6867530646581,185.7833251953125,16100830,FEDERALBNK,0.004846837044333974,0.0396781373005779,0.12572354262185548,176.0091636657715,166.43451690673828,152.43582344055176,1.0555321173396484,1.116254780848232,1.2187642051723222,179.40749327558007,174.01532243676183,5.392170838818231,4.589925202171959,0.8022456366462718,71.07764234429789,0.015125203957032653,14372247.55,1.1202722430146286,0.025654596861765366,0.8595055391968366,1.057528011238188,1.0918333574761439,0.02120209312212018
2024-07-11,186.75820747256705,190.67753118176512,185.3598614605376,189.72232055664065,16408103,FEDERALBNK,0.02120209312212018,0.06459633221704775,0.10813287246845094,176.93482971191406,167.06889404296874,152.6697512817383,1.0722723212018077,1.1355933230026989,1.2426975151516766,180.9943897803586,175.1788037789751,5.815586001383508,4.835057362014269,0.980528639369239,82.48789370035765,0.013725418449418398,13594695.85,1.2069488851418475,0.028028698498023946,0.8203704488619568,1.059053097379144,1.0943156233657454,0.014637143324538249
2024-07-12,193.42498262233104,194.18324585625984,190.75631316407,192.4993133544922,24195859,FEDERALBNK,0.014637143324538249,0.049895182209853894,0.13479620976454898,178.0781265258789,167.71646667480468,152.90599319458008,1.0809823593158565,1.1477663295145635,1.2589389685303423,182.764378022533,176.46180448827266,6.302573534260347,5.128560596463485,1.1740129377968618,86.39740362520726,0.013437696936299887,14214466.55,1.702199580609657,0.017802311252295516,0.5086181571043313,1.0617808141115033,1.0968599933252947,-0.003734334419155272
2024-07-15,192.49932131268304,193.8385846654529,190.2639450385392,191.78045654296875,14486955,FEDERALBNK,-0.003734334419155272,0.035573788848155985,0.11668577782966483,179.08011169433593,168.2433090209961,153.13494804382324,1.0709199068979278,1.139899456679346,1.2523624358306908,184.151467025677,177.5965194552872,6.5549475703898,5.413837991248748,1.1411095791410517,84.0291319198574,0.013543542842661353,14383406.15,1.0071991883508065,0.018639227851211304,0.42424178734315854,1.0644114927149195,1.0986604375432918,0.0030809504759670148
2024-07-16,191.7804653801637,192.94246560869524,190.4707433256521,192.37132263183597,8445700,FEDERALBNK,0.0030809504759670148,0.04047935885212972,0.1157120363562607,180.07766647338866,168.8223434448242,153.37744331359863,1.0682686331914681,1.139489706791733,1.2542347719182518,185.4160601958553,178.69094932021673,6.725110875638563,5.676092568126711,1.0490183075118527,83.69173620216439,0.013550614004612504,14304713.4,0.5904137862699157,0.012848704522209717,0.7689291467825835,1.0666696291432716,1.1006986411922817,0.006398780003278981
2024-07-18,192.3614671702007,194.75442253158312,192.0266550701943,193.60226440429688,9065610,FEDERALBNK,0.006398780003278981,0.04208633471687717,0.12632488060461888,181.1633560180664,169.47031036376953,153.62412376403807,1.0686612826105408,1.1423963524273242,1.2602334819605805,186.6754762279232,179.79549117829674,6.87998504962647,5.916871064426663,0.963113985199807,84.86471333839903,0.01339668300663104,13278087.2,0.6827496960556186,0.014089543166150496,0.5776186410334152,1.0689976057115707,1.1031490771857597,-0.0260936427867835
2024-07-19,193.99615370454575,193.99615370454575,187.9300774748243,188.55047607421875,10613495,FEDERALBNK,-0.0260936427867835,-0.0061766295024420215,0.07038245454953374,181.78325805664062,170.0950372314453,153.8489919281006,1.0372268496555914,1.1085007484237266,1.2255554860075746,186.96393774273793,180.44400857799468,6.519929164743246,6.03748268448998,0.482446480253266,71.55852698245647,0.014440096558672422,13124259.1,0.8086928884236978,0.032172160771069505,0.10227345913570063,1.0687158250789608,1.1055973464612436,0.0076251670734048815
2024-07-22,188.53077613579703,191.9281676880888,187.20136988983444,189.9882049560547,18442177,FEDERALBNK,0.0076251670734048815,-0.013044765483465559,0.09296383846202527,182.59124603271485,170.79775634765625,154.0803101348877,1.0405110271388067,1.1123577324361134,1.23304661568848,187.42920962170973,181.15098608748062,6.278223534229113,6.085630854437808,0.19259267979130534,72.37113307957024,0.013913820904937037,13570827.05,1.358957485203527,0.024879427643140724,0.58958203527332,1.0690494414988283,1.1084982643021257,0.026071661167673454
2024-07-23,199.90465654352369,200.33794982888145,192.87352784545155,194.94151306152344,48303121,FEDERALBNK,0.026071661167673454,0.01648268324904345,0.12579627628648016,183.6803825378418,171.60348022460937,154.33073249816894,1.0613082919802914,1.1359997641444524,1.2631412415789338,188.5849486124503,182.17250660407637,6.412442008373915,6.150993085225029,0.2614489231488859,81.63266527071492,0.01455723663732027,15167973.15,3.1845468423709598,0.03829057170123704,0.27704559317018285,1.0703767912948219,1.111920337879854,0.016518485463834276
2024-07-24,193.9961546303863,200.8894190081157,190.1851689899155,198.16165161132807,52568775,FEDERALBNK,0.016518485463834276,0.030099751357294258,0.14335225520429185,184.92264709472656,172.41649169921874,154.5935627746582,1.0715921209467645,1.1493195903615872,1.2818234346547563,190.05828753535457,183.35688771572464,6.701399819629927,6.261074432106009,0.44032538752391837,79.87307997403906,0.01468544873048608,17471326.1,3.0088600429706363,0.05401776746994117,0.7451696856716093,1.072534565993402,1.1152889460898183,0.017094845027098016
2024-07-25,196.6549755894533,202.02187109870533,194.83319336626823,201.5491943359375,26159847,FEDERALBNK,0.017094845027098016,0.04104771168918342,0.15521820596314417,186.27668151855468,173.26278747558592,154.8600366973877,1.081988323459915,1.1632572537501011,1.3014926163926022,191.82611935082886,184.70446598388855,7.121653366940308,6.433190219072868,0.6884631478674397,82.88017541596801,0.014863624059997539,18233934.7,1.4346792083224913,0.0356671122210252,0.9342470506592613,1.0751107276558305,1.1188347308360715,-0.0325889820730656
2024-07-26,192.02665502374825,196.3497160409302,190.01776739807136,194.9809112548828,26611586,FEDERALBNK,-0.0325889820730656,0.03410458204376465,0.11851766004869102,187.30968627929687,173.93438842773438,155.11607223510742,1.0409547692271899,1.1210026551816277,1.2570000545098432,192.31147195145255,185.46568415211036,6.84578779934219,6.515709735126733,0.33007806421545727,65.7509040176865,0.01728225848996854,18934782.65,1.4054339303440593,0.03247471048374365,0.7838256651700556,1.0768985246245288,1.1213176424690814,0.015201980800372938
2024-07-29,196.17246562679293,199.1070225753719,195.1187737039157,197.94500732421875,21488147,FEDERALBNK,0.015201980800372938,0.041880507108346565,0.1340479330075044,188.4795715332031,174.68792053222657,155.381019821167,1.050219956009122,1.1331350600610173,1.2739329909923363,193.17816970110889,186.3900784611554,6.788091239953474,6.570186036092082,0.21790520386139178,66.7616240194236,0.017372852675592035,19729883.95,1.0891167456664133,0.020148267063506923,0.7086402357010199,1.0789502271190654,1.1242552065450497,0.004129111651672623
2024-07-30,197.92531415797356,199.8258783464231,196.4580282369249,198.7623443603516,8784936,FEDERALBNK,0.004129111651672623,0.019599885313408283,0.13559124922465893,189.66619720458985,175.43121124267577,155.632820892334,1.0479587153105088,1.1329930572354177,1.2771235734257775,194.03727349483853,187.3065426018366,6.730730893001919,6.60229500747405,0.12843588552786933,67.99488959312663,0.017360279151716056,19905226.25,0.44133816363931055,0.016944105385436517,0.6842098218468589,1.0811428357649693,1.1272121795186003,-0.0022294489159410125
2024-07-31,198.91991321606312,199.1168606199632,194.7445591332125,198.3192138671875,17531393,FEDERALBNK,-0.0022294489159410125,0.0007951198154547701,0.15066849103801916,190.96459274291993,176.1705630493164,155.89939331054688,1.0385130092371024,1.125722767950006,1.2720974062557229,194.69603355212297,188.12229602889965,6.573737523223315,6.596583510623903,-0.022845987400588186,66.45129483419984,0.016729944013494303,20461863.8,0.8567837793935467,0.022046787103940365,0.8175682177469238,1.0839756054447198,1.130027252244593,-0.0031778754683372545
2024-08-01,198.91992020280392,200.4068904345192,196.0739872920365,197.68898010253903,8241827,FEDERALBNK,-0.0031778754683372545,-0.019152714780711788,0.10630440262485186,191.9143859863281,176.90124938964843,156.17143104553222,1.0300894280881179,1.1175103668550292,1.265845992311502,195.1564868675716,188.83093929361368,6.32554757395792,6.542376323290707,-0.2168287493327874,61.44923048718916,0.015334524860024316,19071387.95,0.4321566433239066,0.02191777781561359,0.3727276510448764,1.0848673293630124,1.1327375833424513,-0.015143243402830131
2024-08-02,194.4885232238669,197.245831874797,194.0946284277869,194.69532775878903,5501380,FEDERALBNK,-0.015143243402830131,-0.0014646741276147512,0.09250156346217975,192.73862380981444,177.59668151855467,156.42357681274413,1.010152111239029,1.0962779602300619,1.2446674070869783,195.0855393123743,189.26533843918224,5.82020087319205,6.397941233270976,-0.5777403600789262,53.136455128803,0.01591242596391211,18853418.5,0.29179747959236146,0.016185305951020006,0.19062537252937267,1.0852602771729032,1.1353575026043359,-0.024581347011137344
2024-08-05,190.10640176654528,191.85925935645292,187.6543635526042,189.90945434570312,17772430,FEDERALBNK,-0.024581347011137344,-0.04059487575432508,0.035770038340258825,193.06654739379883,178.18851806640626,156.65942504882813,0.9836476433089355,1.0657782914773934,1.212244040130439,194.28921854827104,189.31305072855415,4.976167819716892,6.113586550560159,-1.137418730843267,47.60587844333873,0.016103310897653374,18899816.85,0.9403493240729472,0.022141582252110072,0.5363012303503102,1.0834960046182545,1.1374260949245019,-0.007674491515523352
2024-08-06,191.04189856114328,192.50918453166184,187.7922137762702,188.45199584960935,7400639,FEDERALBNK,-0.007674491515523352,-0.051872745533982134,0.01760080706790834,193.22952423095703,178.73840393066405,156.87321479797365,0.9752753705710244,1.0543452985219304,1.2013012934827902,193.39118428693848,189.24926888566935,4.141915401269131,5.719252320701954,-1.577336919432823,45.09366761320543,0.016118084697261316,18399591.15,0.40221757862266416,0.025030091796724448,0.13987410725093122,1.0810744640302055,1.1393812778099122,0.0069499019869010414
2024-08-07,191.0714407915077,191.2782453353769,187.3589213220384,189.76171875,12297322,FEDERALBNK,0.0069499019869010414,-0.04315010608562808,0.02636478638528028,193.47324981689454,179.31054504394533,157.09823066711425,0.9808163088674678,1.058285326741343,1.2079176063548325,192.83280497356333,189.28722813487903,3.5455768386842976,5.284517224298423,-1.738940385614125,45.20175234580235,0.0161584382238114,18521006.6,0.6639661798943476,0.02065392345282231,0.6130642477591116,1.0789842268868137,1.1413912447168053,0.005604514682270079
2024-08-08,190.05713573204,192.2925269762028,189.33827098036795,190.8252410888672,5630502,FEDERALBNK,0.005604514682270079,-0.03471988681469096,0.02713868905217498,193.72534561157227,179.97584320068358,157.31723945617676,0.985029813659386,1.0602825228943968,1.212996374386703,192.52394899130238,189.40115502035962,3.1227939709427517,4.852172573627289,-1.7293786026845375,53.15658752559397,0.016167764412911158,17997490.2,0.3128492882857633,0.015481473933833768,0.5033315022786418,1.0763963772380118,1.14403128241275,0.019506676956191127
2024-08-09,193.01139666889412,195.22708872249115,192.7159680565232,194.547607421875,3959405,FEDERALBNK,0.019506676956191127,-0.0007587256387427965,0.025433416854047985,193.96660995483398,180.72543640136718,157.55436767578124,1.0029953478445404,1.0764816026771717,1.2347966628397078,192.83528105754434,189.78237371676818,3.0529073407761587,4.492319527057063,-1.4394121862809044,55.949633649672776,0.016062934739661406,17375055.3,0.2278786991831905,0.012907486754759235,0.7294111311237091,1.0732667952952673,1.1470671303334978,0.018627324258627898
2024-08-12,192.026650561684,198.62448631934788,192.026650561684,198.1715087890625,14710865,FEDERALBNK,0.018627324258627898,0.04350522975185567,0.029466055414570924,194.2502197265625,181.5317517089844,157.81380058288573,1.0201867934462048,1.0916630667826832,1.2557299048442878,193.6562391700856,190.40379112953073,3.2524480405548672,4.2443452297566235,-0.9918971892017563,54.36636266464025,0.01625983669731269,16900805.6,0.8704238926930205,0.03329356373163989,0.9313445276719395,1.070061947278332,1.1502907289381306,0.004770327598324853
2024-08-13,199.55998720233265,203.43991249453777,198.49646826312105,199.11685180664065,12610913,FEDERALBNK,0.004770327598324853,0.05659189709798662,0.03825413389830046,194.6170394897461,182.32250732421875,158.07869888305663,1.0231213686565797,1.0921133914232377,1.259605836925209,194.49633342186328,191.04920303153887,3.4471303903244177,4.084902261870182,-0.6377718715457643,51.37587497736191,0.016224729261801407,16807003.5,0.7503367866853838,0.024826850096129602,0.12549621569045502,1.0674328822368835,1.1533654351437772,0.0026211323469524928
2024-08-14,198.6835528111228,201.2636132000687,198.6835528111228,199.6387634277344,9200992,FEDERALBNK,0.0026211323469524928,0.052049721844830144,0.03777819217787992,194.98041152954102,183.07840240478515,158.35531562805176,1.0238913840711,1.090455022577346,1.260701370433627,195.2874764996896,191.6854667645904,3.602009735099216,3.9883237565159892,-0.3863140214167733,47.0005950800963,0.01622344940761416,16844768.1,0.5462225389733919,0.012923644409768299,0.3702280073381747,1.0650104489028727,1.1561241356419225,0.0046368234373515005
2024-08-16,199.91451314983652,201.7756939688052,198.61464822563383,200.564453125,5776204,FEDERALBNK,0.0046368234373515005,0.05103733646848774,0.03596129798442904,195.32852096557616,184.04385375976562,158.63508369445802,1.026805773849824,1.0897644720415325,1.2643133438962393,196.09931905742965,192.34316945795408,3.7561495994755774,3.9418889251079072,-0.18573932563232987,60.65389056559602,0.01620297115866424,16680297.8,0.34628902129073497,0.01576074769940054,0.6168227408851089,1.0613150995009077,1.1601711895853166,-0.0048117830293409325
2024-08-19,202.07110254443063,202.56347853261207,199.03806465409835,199.5993804931641,11539502,FEDERALBNK,-0.0048117830293409325,0.025966770489931346,0.05859918600574732,195.88096618652344,184.76547973632813,158.91495010375976,1.0189830302506262,1.080285022819224,1.2560138637858829,196.63779004754267,192.88066657167332,3.7571234758693492,3.904935835260196,-0.14781235939084691,53.41738988459407,0.0149159509994178,16726598.15,0.6898893544590835,0.01766244900060928,0.15921984153031912,1.0601599739629817,1.162668959815863,0.004982973324939355
2024-08-20,200.0819036358309,201.22421955917943,198.67371549197085,200.59397888183597,6524853,FEDERALBNK,0.004982973324939355,0.01222410884176095,0.05582332823363667,196.4112548828125,185.53654052734376,159.2118527984619,1.021295744999537,1.081156187949258,1.2599186263836624,197.2464344835878,193.45202303909275,3.79441144449504,3.8828309571071653,-0.08841951261212522,53.75604688565831,0.014884101131531949,16130731.95,0.4044982596093539,0.012714758844835545,0.7528956391615411,1.058612251390265,1.1653437684831476,-0.0022090916967408836
2024-08-21,200.5939837931638,200.98789361747484,197.74805105180647,200.15084838867188,11466995,FEDERALBNK,-0.0022090916967408836,0.005192913470906557,0.026722555115822777,196.6717216491699,186.28889099121093,159.5141716003418,1.0176900202547072,1.0744110790702757,1.2547527682376969,197.69326739206224,193.94823232424676,3.745035067815479,3.8552717792488282,-0.11023671143334912,53.75604688565831,0.013868104115690165,14288925.65,0.8025092495319968,0.016187003911054803,0.7416401532368027,1.0557351037021785,1.1678516656059401,0.0003445124930949728
2024-08-22,200.485675102872,200.77126162460743,199.4615395371601,200.2198028564453,5362821,FEDERALBNK,0.0003445124930949728,0.002910453955607739,0.010386223713728882,196.77462921142578,187.0465594482422,159.83505317687988,1.017508220743833,1.0704276167766043,1.2526651624714265,198.0819651558135,194.41279310440962,3.6691720514038764,3.818051833679838,-0.14887978227596177,55.312123273543975,0.013404626073743289,11928627.95,0.44957567814829874,0.006541421321778008,0.5789497837385346,1.0520088142325625,1.1702474252706567,-0.01266575239842993
2024-08-23,201.2302134649751,201.2302134649751,197.1291355707793,197.68386840820312,9308243,FEDERALBNK,-0.01266575239842993,-0.014362389106915008,-0.019178076798916588,196.58136291503905,187.69954498291017,160.1363617706299,1.005608392763258,1.0531931146993565,1.2344720850555735,198.02071950233497,194.65509497876468,3.3656245235702897,3.727566371657929,-0.3619418480876391,56.395752470856905,0.013126453632843432,11086047.75,0.8396358386603557,0.020745637604214363,0.135265130713299,1.0473193365116444,1.1721232011737608,-0.004159189095520821
2024-08-26,198.0701953703719,198.90229460165853,196.22768129233117,196.86166381835935,6050543,FEDERALBNK,-0.004159189095520821,-0.013716057975934004,0.0096458291807755,196.6754005432129,188.21259826660156,160.4269122314453,1.0009470593405785,1.0459537014600184,1.2271112189353257,197.8424032432618,194.81854452243834,3.023858720823455,3.586824841491034,-0.5629661206675793,67.91824040849892,0.010855404288991668,10057995.6,0.6015654848765295,0.013586257768273118,0.2370370788993115,1.0449640584878588,1.1731984094730334,-0.00910783732094933
2024-08-27,197.1390273122622,197.73339253457985,194.65263020008217,195.0686798095703,6295365,FEDERALBNK,-0.00910783732094933,-0.02754469053889419,-0.01453094247503417,196.53158416748047,188.72130432128907,160.70972885131835,0.9925563905460432,1.0336335927261033,1.2137950900909016,197.4156765611554,194.8370730622259,2.5786034989295104,3.3851805729787294,-0.8065770740492191,66.76354498888571,0.010481381782579496,9298356.5,0.6770406146505568,0.01579321876533524,0.13504761624397696,1.0413852578768468,1.174299189415507,-0.006906355989246271
2024-08-28,195.44511312573388,195.6333292842763,192.1067854573108,193.72146606445312,10580774,FEDERALBNK,-0.006906355989246271,-0.03212268334598101,-0.025361334472687957,196.27954025268554,189.16091857910158,160.98654792785644,0.9869671888117365,1.0241093536635817,1.2033394625696696,196.84733648473969,194.7544355068353,2.092900977904378,3.1267246539638593,-1.0338236760594812,60.013103550460244,0.010505370565924342,9388148.4,1.1270352309300948,0.018204197493488877,0.4578648916244209,1.0376326237314561,1.1750107137142356,0.0018408551536619466
2024-08-29,194.35544562715864,195.02906054667503,192.6714310013705,194.0780792236328,5587549,FEDERALBNK,0.0018408551536619466,-0.030674906004257818,-0.02138539459114097,196.0674835205078,189.5940756225586,161.26047241210938,0.9898534715642081,1.0236505470244803,1.2035068254522805,196.42129690610787,194.7043350414129,1.71696186469498,2.8447720961100833,-1.1278102314151033,58.530504904346046,0.010524421064411668,8790956.2,0.6356019610244447,0.012147840470885242,0.5966366620505759,1.0341435135918298,1.1757008570459924,-0.0062270910499100385
2024-08-30,194.55355188894995,196.36634907458847,192.3742380716035,192.8695373535156,10597018,FEDERALBNK,-0.0062270910499100385,-0.02435368699253837,-0.024378914527879325,195.82651138305664,190.01369689941407,161.51826057434081,0.9849000321322331,1.0150296557600966,1.1941036057947452,195.8748723595552,194.56842410156864,1.306448257986574,2.537107328485382,-1.2306590704988078,44.93094312279782,0.01057915402012384,8908715.75,1.1895112940380885,0.020698504583788885,0.12406951648933738,1.0305915551273108,1.1764223823594104,0.000102769816655357
2024-09-02,195.6432213895748,195.6432213895748,191.8492269786608,192.8893585205078,7256241,FEDERALBNK,0.000102769816655357,-0.020178155669337006,-0.009275873535695034,195.73621292114257,190.34843536376954,161.77319343566896,0.9854556581117584,1.0133487998043293,1.1923443830464568,195.4155625381633,194.4440488733419,0.9715136648214013,2.223988595752586,-1.2524749309311844,29.602468178481075,0.010056431616865385,8996458.8,0.8065663569759247,0.01966927797372825,0.2741521017677102,1.0283048166226143,1.1766376821847426,-0.0005648990360643813
2024-09-03,193.1667283599189,194.9993418289548,192.42377940468847,192.7803955078125,5279057,FEDERALBNK,-0.0005648990360643813,-0.011730659704016433,0.015117420941472615,195.87975997924804,190.72747436523437,162.01182556152344,0.9841772091625807,1.0107636361746546,1.1899155807895319,195.01015222580165,194.3208152907101,0.6893369350915464,1.9170582636203781,-1.2277213285288318,23.841445899706144,0.008299675228958843,8371790.15,0.6305768426362192,0.013360084761118574,0.13846144817305664,1.027013861695391,1.177244153037497,-0.034633454212962045
2024-09-04,189.20432280116515,189.9472717126881,184.99427896920204,186.10374450683597,16570778,FEDERALBNK,-0.034633454212962045,-0.03932306373875294,-0.012460740106182588,195.76234741210936,190.9863735961914,162.2183053588867,0.9506615902753731,0.974434673021862,1.1472425636250227,193.63993565365308,193.7121433807935,-0.0722077271404089,1.5192050654682208,-1.5914127926086297,12.950994273685268,0.011367701043069136,8830297.1,1.876582159393029,0.026614148772832007,0.22399902343750488,1.0250068825643863,1.177341688865872,0.009474607253969092
2024-09-05,186.49007304811627,188.88731966700175,185.84619005240208,187.86700439453125,6187897,FEDERALBNK,0.009474607253969092,-0.032002969392255,-0.009984702752218078,195.66761169433593,191.2773864746094,162.4311395263672,0.9601333750013238,0.9821704899730485,1.1565947572758062,192.75179238301894,193.27917012255185,-0.5273777395329091,1.109888504467995,-1.637266244000904,16.767465710753072,0.011469108561724306,8524825.85,0.7258678486669614,0.016187672893389654,0.664494644499126,1.022952139302203,1.1775906210616691,-0.03269170727998871
2024-09-06,186.2325379604493,188.19391896837715,180.6950953796249,181.72531127929688,7100505,FEDERALBNK,-0.03269170727998871,-0.057781162474570436,-0.047687243876361585,195.2126152038574,191.4225225830078,162.60194061279296,0.9309096704099991,0.9493413252899441,1.1176085020537532,191.055410674754,192.42332872675516,-1.3679180520011585,0.6143271931741643,-1.9822452451753227,13.192638999127084,0.013435378767045422,8598326.0,0.825800859376581,0.04126460720283034,0.13738366924876627,1.0197996169400918,1.1772462361863554,0.008394691655016384
2024-09-09,181.72530893498472,184.60795446944044,180.73471034159115,183.25083923339844,10193666,FEDERALBNK,0.008394691655016384,-0.04996916035720356,-0.0580668574555101,194.64777679443358,191.601123046875,162.76535194396973,0.941448406199515,0.9564183983857252,1.1258590175658554,189.8547073760839,191.7438850605806,-1.8891776844967012,0.1136262176399912,-2.0028039021366926,15.050189232038932,0.012693060808761458,8910039.05,1.1440652440238182,0.021136296805255618,0.6496179452557317,1.0159010223902145,1.1771616057011425,0.0020541192005314457
2024-09-10,184.53860720219524,184.92494005296132,182.77534289712585,183.62725830078125,4849579,FEDERALBNK,0.0020541192005314457,-0.04747960591594658,-0.07339223774978887,193.92056427001953,191.78272216796876,162.94418571472167,0.9469199875320823,0.9574755026156907,1.1269334802916562,188.8966382875758,191.1426534487436,-2.2460151611678043,-0.3583020581215679,-1.8877131030462364,16.611970100032437,0.01171648837938281,8416974.75,0.5761665139841367,0.011706307526056003,0.396313979734631,1.0111472090805886,1.1769841392422362,-0.011814249992271986
2024-09-11,184.92493498314823,184.92493498314823,180.8833060930148,181.4578399658203,6817180,FEDERALBNK,-0.011814249992271986,-0.024964057296789077,-0.08868667659515195,193.03761367797853,191.91128234863282,163.1119261932373,0.9400128633403262,0.9455298184927845,1.1124743861515605,187.7522077765365,190.42525985741594,-2.673052080879444,-0.8212520626731431,-1.8518000182063008,15.055333564481927,0.011669431582903685,8127288.1,0.8388013216856433,0.022273101514350253,0.1421540394785105,1.0058690209119627,1.1765619279198332,0.002183733109788699
2024-09-12,182.4385450138436,183.0527113179102,180.0214819760733,181.8540954589844,5059255,FEDERALBNK,0.002183733109788699,-0.03200620010376809,-0.08908424227536216,192.14838027954102,192.1013381958008,163.29198776245119,0.9464253364739256,0.9466570986279553,1.1136743324083753,186.8448058815285,189.79035879086547,-2.945552909336982,-1.246112232005911,-1.6994406773310708,17.963145048125483,0.011655652949330117,7920201.25,0.6387785916424787,0.016668468940368584,0.6045776403710061,1.0002448816035434,1.17642843857875,0.01601486492269233
2024-09-13,181.79466828656533,185.984896339306,181.7847526262609,184.76646423339844,7965898,FEDERALBNK,0.01601486492269233,0.01673488922755273,-0.07876764125174074,191.35848083496094,192.22280517578125,163.4900579071045,0.9655514792299806,0.9612099046439144,1.1301388390135825,186.5250610125854,189.41821845327533,-2.8931574406899188,-1.5755212737427127,-1.317636166947206,27.4307337059425,0.012384533918942306,8029685.95,0.9920559844560297,0.02273217561677989,0.7099070438653617,0.9955035286264295,1.175746144056067,-0.009811332285339924
2024-09-16,184.9645730196368,186.32168827366925,182.4682602988991,182.9536590576172,8179164,FEDERALBNK,-0.009811332285339924,-0.0016217124954213125,-0.08339565681225647,190.52619476318358,192.31766693115233,163.68251068115234,0.9602546216021437,0.9513096845289447,1.1177349265738252,185.9756145579749,188.9393622017451,-2.963747643770205,-1.853166547748211,-1.1105810960219937,27.41045781684595,0.012451634050178757,7861669.05,1.0403851838560922,0.02106231706224903,0.12596544217153324,0.9906848278863009,1.1749432858210505,-0.0019492827845353222
2024-09-17,182.96354726243635,183.5479967731885,181.3785986680916,182.59703063964844,4896706,FEDERALBNK,-0.0019492827845353222,-0.005610428814687762,-0.08971828737087373,189.62634735107423,192.302587890625,163.87933494567872,0.9629306960260553,0.9495297626649895,1.1142163269101262,185.45583241669388,188.469559863812,-3.0137274471181286,-2.0852787276221947,-0.9284487194959339,28.46185888629897,0.012275751721219478,7780261.7,0.6293754874595028,0.01188079618544374,0.5616451718539793,0.9860831798006123,1.1734401287042553,0.008571634619763735
2024-09-18,182.5970380984207,185.5886500428581,181.98287181561625,184.1621856689453,11651012,FEDERALBNK,0.008571634619763735,0.014903438196081309,-0.07988306244237475,188.8269142150879,192.281982421875,164.0756145477295,0.9752962729622902,0.9577714112853564,1.122422647488379,185.25680984011717,188.1504951086367,-2.8936852685195333,-2.2469600358016626,-0.6467252327178707,31.659994987774226,0.012618924175599752,7789462.55,1.4957401650258912,0.019579362691338177,0.6043948673449281,0.9820312430563227,1.1719107860841826,0.0015599142714135539
2024-09-19,184.756546049149,186.083959708256,180.69510071316165,184.449462890625,5766996,FEDERALBNK,0.0015599142714135539,0.014271701855765873,-0.07876513581989397,188.03839721679688,192.2732275390625,164.27209968566893,0.9809138219677864,0.9593091313409818,1.122828911565415,185.13260261711838,187.8763445739692,-2.743741956850812,-2.3463164200114925,-0.39742553683931936,33.877152467258696,0.0126442414755558,7809671.3,0.7384428586642309,0.029215910475650683,0.6966896296379369,0.9779749350626297,1.170455773725259,-0.00622993891503032
2024-09-20,187.2231310188582,187.2231310188582,182.8645033269869,183.30035400390625,8194605,FEDERALBNK,-0.00622993891503032,-0.007934936870579445,-0.07276018281165941,187.31922149658203,192.22356811523437,164.45028358459473,0.9785453544993026,0.9535789799408009,1.1146247364761452,184.85071821508575,187.53738230952007,-2.6866640944343203,-2.4143859548960585,-0.27227813953826185,32.40002666217066,0.01249353794415826,7753989.4,1.0568243748179484,0.023778610333608084,0.09999722567087001,0.9744862366943876,1.1688855982808495,0.014105070836273326
2024-09-23,184.59805241285068,186.816983570061,182.98337188193892,185.8858184814453,9605071,FEDERALBNK,0.014105070836273326,0.016026787542438248,-0.055754102266662,186.77042922973632,192.14683807373046,164.63991775512696,0.9952636466493157,0.9674154430275731,1.1290446509935574,185.0099644099103,187.41504424818118,-2.405079838270865,-2.41252473157102,0.0074448933001551865,38.400011090567304,0.013110112258101436,7931715.8,1.210970140912008,0.02062347584899142,0.7571050058354151,0.9720192697527965,1.1670732146472231,0.016306971483752486
2024-09-24,185.8362911748116,190.19491868180265,184.44944415688968,188.91705322265625,8541648,FEDERALBNK,0.016306971483752486,0.034611858478028834,-0.03153569600675721,186.4628479003906,192.07519287109375,164.85898696899415,1.0131618998095357,0.9835577952507537,1.1459311784936954,185.61105499648662,187.52630417221638,-1.9152491757297696,-2.31306962040277,0.3978204446730005,55.39514073605876,0.013683811566350032,8044029.95,1.0618617848383323,0.030412683380898337,0.7775874814855688,0.970780479838072,1.1650877904958756,0.010696907518923604
2024-09-25,188.9170669625065,191.878947123164,186.8269032974463,190.93788146972656,15026637,FEDERALBNK,0.010696907518923604,0.03679200361447399,-0.01436900438178823,186.32366867065429,192.05834136962892,165.0812670135498,1.0247645016437947,0.9941660440681097,1.1566296099123983,186.43056676160046,187.77901360166157,-1.348446840061115,-2.120145064334439,0.7716982242733241,55.83147646436695,0.013883187589476024,8266323.1,1.8178138959992987,0.026459096470695425,0.8137257541894426,0.9701409860249814,1.163416933030111,-0.0009338060568331308
2024-09-26,190.9378830148456,192.37424798332995,189.2538683926456,190.75958251953125,9537810,FEDERALBNK,-0.0009338060568331308,0.0342105611478416,-0.017098771367567545,186.15774383544922,192.0261065673828,165.27655967712403,1.0247201034416797,0.9934044173967193,1.1541841316892703,187.0965691858975,187.99979648446674,-0.9032272985692487,-1.876761511181401,0.9735342126121524,72.17892681669636,0.013871046905070133,8463836.15,1.12688972600208,0.016357655796216054,0.48254197386140096,0.9694397660982916,1.1618471908086383,0.005919872784487135
2024-09-27,190.1949247808917,193.66201976387677,189.2142267584698,191.88885498046875,17024145,FEDERALBNK,0.005919872784487135,0.046854797543814275,-0.0050846929302751365,186.10870971679688,191.99183837890624,165.4651892852783,1.031057897679628,0.9994636053318358,1.159693200783359,187.83384392352383,188.287874891578,-0.45403096805418386,-1.5922154025559578,1.138184434501774,71.62690089846416,0.013885430557527742,8785192.5,1.9378226487353578,0.02317900644026293,0.6013382859201247,0.9693574023157241,1.1603155878780844,0.015590314853461074
2024-09-30,191.9780159397917,195.84134451891669,191.08646811091523,194.8804626464844,12907403,FEDERALBNK,0.015590314853461074,0.048388006349913804,0.010322519299398758,186.2082649230957,192.11843811035158,165.67567024230956,1.0465725714536374,1.0143766759885189,1.1762768930493008,188.91793911167161,188.7762147252748,0.14172438639681673,-1.245427444765403,1.3871518311622197,74.91220650489336,0.014325861804016076,9067750.6,1.423440450600836,0.024398938423226428,0.7979165408347269,0.9692368247140282,1.1596056187934416,0.0019824320767045656
2024-10-01,196.633830892794,198.21879476980223,194.15733428205357,195.2667999267578,16206968,FEDERALBNK,0.0019824320767045656,0.03361129445851452,0.012897599947317095,186.33258514404298,192.22401000976564,165.89054481506346,1.0479476779426868,1.0158293956974345,1.177082154648677,189.89468692937717,189.25699881427354,0.6376881151036287,-0.8688043327915966,1.5064924478952253,83.1903981597891,0.014326169526986215,9614146.15,1.6857417962176495,0.020799544465685233,0.27316913412082466,0.9693512539592565,1.1587400006676631,-0.016842534639941342
2024-10-03,191.48271278397564,195.63332334468592,189.26376647404095,191.9780120849609,19743283,FEDERALBNK,-0.016842534639941342,0.00544748170047793,0.031564478155404085,186.6262985229492,192.16473999023438,166.089713973999,1.028676095514768,0.9990282925718685,1.155869364161917,190.2151984917747,189.45855535284298,0.7566431389317074,-0.5437148384469359,1.3003579773786433,71.36282292272381,0.012442705153833304,9772771.4,2.020233789567614,0.0331785749913177,0.4261278556800326,0.9711786799827761,1.1569936234601341,-0.0006708277593294731
2024-10-04,191.4827112623641,196.62392038419043,190.5515461654576,191.84922790527344,9625150,FEDERALBNK,-0.0006708277593294731,0.0057121397066939306,0.02119703523019556,186.82540969848634,192.03849151611328,166.2899624633789,1.0268904439438669,0.9990144496067135,1.1537029960393628,190.46658763231295,189.63564220857856,0.8309454237343914,-0.2687827860106704,1.0997282097450618,66.93501899359487,0.012312143763798224,9944634.05,0.9678737248255002,0.03165180431026329,0.21370253101539397,0.9728539743440469,1.1548411501891152,-0.0488975967688301
2024-10-07,194.1573283897728,194.632811492311,180.93283084362096,182.46826171875,26530545,FEDERALBNK,-0.0488975967688301,-0.04909400946020348,0.004088315679433796,186.862557220459,191.65687286376954,166.4511841583252,0.9764838094529305,0.952056970315117,1.096226876615006,189.23607595330327,189.10472513525792,0.1313508180453482,-0.1887560651994667,0.3201068832448149,49.147820272613934,0.014913161630672531,10916136.05,2.430397063437112,0.0750814444092567,0.11207540466678345,0.9749849010282122,1.1514299152204839,0.0193268407391054
2024-10-08,182.28996748230887,187.322210429233,180.63566955358036,185.9947967529297,11599116,FEDERALBNK,0.0193268407391054,-0.04559546797501923,0.01497377873416661,186.99975509643554,191.47715057373046,166.63102325439453,0.9946258841730162,0.9713681042130939,1.1162074931807422,188.73741761478425,188.87436006990026,-0.13694245511601366,-0.1783933431827761,0.04145088806676245,55.367776946396475,0.015416863564392319,10986408.55,1.055769585411968,0.03595015017831307,0.8014797634548602,0.9766165546965833,1.1491086523630327,-0.010225807682194832
2024-10-09,186.72784577160587,187.13399484632288,182.86451707763803,184.0928497314453,17928394,FEDERALBNK,-0.010225807682194832,-0.0572240145252737,0.002535524600064676,187.02303466796874,191.200107421875,166.79987548828126,0.9843324917611056,0.9628281710389011,1.103674982925146,188.0228687096552,188.52017411890358,-0.4973054092483835,-0.2421757563958976,-0.2551296528524859,49.89161670476619,0.015610047435980127,11640349.3,1.540193815317896,0.023191980432228445,0.28770091340366793,0.9781533974523888,1.1462844733077036,-0.0008610236682872197
2024-10-10,185.0933550981793,185.50940469778223,183.17159138905956,183.9343414306641,3798189,FEDERALBNK,-0.0008610236682872197,-0.04189891627139597,0.01364780637370222,187.14685974121093,190.90354736328126,166.94627059936522,0.9828342387631341,0.9634935755313385,1.1017577138459507,187.39386451288735,188.1804828086636,-0.7866182957762646,-0.351064264271971,-0.4355540315042936,49.19152706764221,0.0153547790961057,11489399.75,0.3305820219198135,0.012710042564856956,0.32626644683671624,0.9803215410401908,1.143502916704311,0.010071160374773402
2024-10-11,183.9541601936597,187.52032126176596,183.9541601936597,185.78677368164065,5256494,FEDERALBNK,0.010071160374773402,-0.03160009706490008,0.021625458655360585,187.34349365234374,190.6528985595703,167.10438980102538,0.9916905575936792,0.9744765229655861,1.1118006768275852,187.1466197696186,188.00317102147673,-0.8565512518581215,-0.45216166178920114,-0.4043895900689204,53.818094228550535,0.015493077801845398,11499261.7,0.4571157816157885,0.019194913596040666,0.5138897130504895,0.9826417278088614,1.1409209464011365,0.04900029747722545
2024-10-14,187.08445877995112,196.02956324330344,186.7872761664329,194.890380859375,23696585,FEDERALBNK,0.04900029747722545,0.06807824562811926,0.05479304195153056,187.84968948364258,190.59692657470703,167.30384185791016,1.0374804525633539,1.022526356336523,1.1648888554806403,188.33796762958113,188.5133347131729,-0.175367083591766,-0.3968027461497141,0.2214356625579481,61.52092994743257,0.018599053399309524,12285796.05,1.9287789658530103,0.047423002798375226,0.8767423718335559,0.9855861417052408,1.139226239266995,0.009555652153216077
2024-10-15,196.13851926285804,197.93150027807,193.7610887118664,196.752685546875,12866991,FEDERALBNK,0.009555652153216077,0.057839729829839204,0.07542361579612966,188.53964080810547,190.63807373046876,167.53328521728517,1.043561368333828,1.0320744523733034,1.1744095228103073,189.6325396168571,189.12365699715085,0.5088826197062417,-0.21566567297852296,0.7245482926847646,60.33445979124841,0.018409145973600514,12520187.4,1.0276995534427864,0.021196211653284017,0.7173385138416718,0.9889925822198029,1.1379116304155168,-0.02124661402979766
2024-10-16,195.3460362143138,196.53475148275223,191.59167426105668,192.5723571777344,8161660,FEDERALBNK,-0.02124661402979766,0.04606103636648018,0.05463027795765241,189.03840713500978,190.69133178710936,167.7381342315674,1.0186943494514356,1.0098642417198336,1.1480535303432113,190.08481924160742,189.37911626978666,0.7057029718207559,-0.031391944018667184,0.7370949158394231,52.039539849254176,0.01921463651291529,12683435.1,0.6434897120260425,0.025668674851050087,0.19839522481530922,0.9913319360843054,1.1368394710045744,-0.004063730990928938
2024-10-17,192.5723611625621,193.36484306303117,190.5416461314874,191.789794921875,6228921,FEDERALBNK,-0.004063730990928938,0.04270792191447348,0.04141789056870371,189.41978759765624,190.75808776855467,167.93882415771483,1.012511931062096,1.0054084582488165,1.1420217801558574,190.34712319241783,189.55768505883026,0.7894381335875664,0.13277407150257955,0.6566640620849868,51.26642682162807,0.01922394816416481,12412330.55,0.5018333160648868,0.014720266699767823,0.44210475593889653,0.9929843070532234,1.1358784290963584,0.008728841823335776
2024-10-18,191.68081731167015,194.4049632941358,188.4811882627405,193.46389770507807,7308007,FEDERALBNK,0.008728841823335776,0.04132223124016754,0.04887211203102537,189.8705093383789,190.83213134765626,168.14813087463378,1.0189254686218554,1.013791002274283,1.1505563380262547,190.82662696359634,189.84703414373752,0.9795928198588228,0.30213782117382826,0.6774549986849946,51.91058728412368,0.019278003492102905,12489381.1,0.5851376414480618,0.030619537296956986,0.8411375205725754,0.9949609009631324,1.1349048624866072,-0.009779751318139573
2024-10-21,193.4143829571816,195.39558022178775,190.9378863764238,191.5718688964844,9532877,FEDERALBNK,-0.009779751318139573,-0.01702758211183908,0.04512547145654655,190.28408508300782,190.8470639038086,168.3477311706543,1.0067676905975338,1.0037978315089047,1.1379533752212423,190.94127956865603,189.974799680978,0.9664798876780196,0.4350062344746666,0.531473653203353,45.87654901352245,0.019379320585979576,12556294.7,0.7592109955813637,0.02326904190600485,0.1422220865885529,0.9970501048887788,1.133647971236076,-0.02094217901697637
2024-10-22,192.17612965731956,193.16672826380056,187.21323608037025,187.5599365234375,5731783,FEDERALBNK,-0.02094217901697637,-0.04672235602724406,0.009006163330094408,190.36779098510743,190.70731048583986,168.51988609313966,0.9852503701012657,0.983496311943238,1.1129839977447797,190.42107294631472,189.7959209285676,0.6251520177471264,0.4730353911291586,0.15211662661796777,41.19111460234728,0.01984307466865927,12362630.3,0.463637823093359,0.03174181167781726,0.058234802765372115,0.9982196828225018,1.131660570791256,-0.0032745066518450328
2024-10-23,188.11466936420464,189.58076618514644,185.8363046610869,186.94577026367188,5765355,FEDERALBNK,-0.0032745066518450328,-0.02921804041101017,-0.010434648039216676,190.26922683715821,190.48279571533203,168.6857698059082,0.9825328739243224,0.9814312602963573,1.108248612071865,189.8864109951389,189.58479865709384,0.3016123380450608,0.43875078051233907,-0.13713844246727824,43.87361015493891,0.01950942641926025,12223815.65,0.4716493740643086,0.020029666992616553,0.2962951002317023,0.9988788022699279,1.1292167438575509,0.0007418575643269865
2024-10-24,187.5005070071778,189.19443731097937,184.6574937831116,187.0844573974609,4639754,FEDERALBNK,0.0007418575643269865,-0.024533826350514598,-0.020181558748867845,190.07655563354493,190.24214782714844,168.85037742614747,0.9842584571984112,0.9834017305536491,1.1079895718876243,189.45534121088076,189.39958819341732,0.055753017463445076,0.3621512279025603,-0.30639821043911525,44.20063545928159,0.019339178723572104,11704471.5,0.3964086716773158,0.02425077738141037,0.5349336176308803,0.9991295714672336,1.126690687501468,-0.013872704701100469
2024-10-25,187.124070772166,188.5307340952702,180.9823624332772,184.4890899658203,7802725,FEDERALBNK,-0.013872704701100469,-0.04639009058392496,-0.03287117989508559,189.76303100585938,189.93915435791016,169.024903717041,0.9722077529427942,0.9713062616788318,1.091490578658559,188.69130255779453,189.03584758396568,-0.34454502617114713,0.22081197708781886,-0.565357003258966,52.946285358338635,0.019557630581527242,11617717.25,0.6716229042327571,0.04091500295974935,0.4645674179240454,0.9990727380426317,1.1237347289123796,-0.006711782971292712
2024-10-28,184.3504042766787,188.6396828845781,180.28894399763104,183.25083923339844,15752834,FEDERALBNK,-0.006711782971292712,-0.043435550903260345,-0.04501572406562915,189.33113021850585,189.5928820800781,169.19397735595703,0.9678854133597038,0.9665491511226619,1.0830813371558021,187.85430820019513,188.60732844688664,-0.7530202466915057,0.026045532331953947,-0.7790657790234596,45.71340033181408,0.019509715189815466,11554151.7,1.363391654274368,0.045569989866791775,0.3546866062830805,0.9986194003767415,1.1205651941215677,0.0849234944890005
2024-10-29,192.12660015527717,199.52637308784625,190.4425855170749,198.81314086914065,67924331,FEDERALBNK,0.0849234944890005,0.059997910824079126,0.02017995118263949,189.52776412963868,189.57715728759766,169.4255987548828,1.0489921715804693,1.0487188631462152,1.1734539664031196,189.54028245695596,189.3633145522388,0.1769679047171735,0.056230006808997854,0.12073789790817564,66.11713760168146,0.027390406635565027,14304998.1,4.748293605156089,0.04569007627493968,0.9214829482582193,0.9997394561735935,1.1189404592978256,0.012655668887129101
2024-10-30,197.3371432148784,202.86466980609973,196.48522785977485,201.32925415039065,23886475,FEDERALBNK,0.012655668887129101,0.07693933843184597,0.031047030144944143,189.8308868408203,189.59186279296875,169.67103172302245,1.0605716356327837,1.061908729544152,1.1865859015877755,191.35397040979208,190.2496804483982,1.1042899613938744,0.26584199772597317,0.8384479636679012,68.11057559257696,0.027507164461807145,14688973.45,1.6261500561157323,0.03168661192952865,0.7593181866646488,1.0012607294655498,1.1174085574163646,0.0032966473285385156
2024-10-31,202.0722154006884,203.726513261498,199.13013632696465,201.9929656982422,13019192,FEDERALBNK,0.0032966473285385156,0.07968865243096146,0.052167190942935315,190.33163452148438,189.62870513916016,169.9414478302002,1.0612684864819018,1.0652024731699161,1.188603300002874,192.99073891570748,191.11955342986815,1.8711854858393338,0.5869106953486454,1.2842747904906884,67.3011970708368,0.027152011052476704,14352768.9,0.9070857400901926,0.02275513366836698,0.6228447779747162,1.0037068722365021,1.1158472965855324,0.0012750597511927975
2024-11-01,202.3297685024123,203.61754973381787,201.5868195360632,202.25051879882807,1541532,FEDERALBNK,0.0012750597511927975,0.09627359989850004,0.054215964312821274,190.8516990661621,189.6693194580078,170.20699699401857,1.0597260584445432,1.0663322849302768,1.188262071305656,194.41532043618756,191.94406938312443,2.4712510530631278,0.9637787668915418,1.507472286171586,59.68709156299176,0.027142073144575927,13948588.0,0.11051527222683759,0.010040667434700522,0.3268278885588608,1.0062339001981608,1.1143450199328362,0.0005876410538463439
2024-11-04,202.2505025186956,205.6482633779376,200.70517121153435,202.36936950683597,23397597,FEDERALBNK,0.0005876410538463439,0.1043298374698689,0.10906613347783645,191.8467544555664,189.76302947998047,170.47166328430177,1.0548490647190318,1.066432012923705,1.1871144189479588,195.63902029321036,192.7163138367327,2.9227064564776697,1.3555643048087676,1.5671421516689021,57.74801455745635,0.024266779846641103,13791940.6,1.6964688058473802,0.024426088683526213,0.33667150829448045,1.0109806687914717,1.1131646504997479,-9.779468830839466e-05
2024-11-05,202.25051295197173,203.5680108947169,198.3178353278932,202.34957885742188,9979703,FEDERALBNK,-9.779468830839466e-05,0.01778774769525371,0.08793139587779675,192.66449356079102,189.8727877807617,170.74312377929687,1.0502691757969143,1.0657113176800597,1.185111144616164,196.67141391847366,193.42988902345041,3.2415248950232467,1.7327564228516634,1.5087684721715833,65.23623825942218,0.024070467213669726,13710969.95,0.7278626556978196,0.025946066191336405,0.7679254680558871,1.0147030325548956,1.112037683146713,0.00230092611654098
2024-11-06,204.9548518553717,204.9548518553717,200.8934065147317,202.81517028808597,10938474,FEDERALBNK,0.00230092611654098,0.007380527703069628,0.10170042228121723,193.60060958862306,190.02771759033203,171.0132194519043,1.0475957215168004,1.067292565842008,1.1859619445684177,197.61660720610632,194.12509504305305,3.4915121630532724,2.084507570891985,1.4070045921612873,67.35271331047375,0.02382921815077381,13361473.95,0.8186577349873889,0.020025352811976316,0.4731723837631255,1.0188019518604838,1.1111873000190806,0.006202895868435032
2024-11-07,203.27082922424137,205.94544241495475,202.57741322892088,204.07321166992188,9253419,FEDERALBNK,0.006202895868435032,0.010298606015752831,0.10948945195668824,194.60755310058593,190.2347525024414,171.2804963684082,1.0486397286154843,1.0727441173888712,1.1914562136192064,198.60993096977026,194.86199257096925,3.7479383988010113,2.4171937364737905,1.3307446623272208,66.9194679541153,0.02378830528380349,13634235.45,0.6786899811092818,0.016504024014094985,0.4441168286793918,1.0229863394601804,1.1106620808318093,0.003689133852474491
2024-11-08,204.04348374955617,205.97514788623596,202.58730268144356,204.82606506347656,8766446,FEDERALBNK,0.003689133852474491,0.01273443588646761,0.10247926159943521,195.55951766967775,190.44971221923828,171.56753982543944,1.0473847936639478,1.075486345853276,1.193850918838586,199.56625929187894,195.60007201485868,3.9661872770202535,2.7269924445830833,1.2391948324371702,71.93443811857554,0.023766095897228386,13809733.05,0.634801988442492,0.01654010784097468,0.6608219226976723,1.0268302083048424,1.1100567882072006,0.0046429089444086635
2024-11-11,205.8464029940378,206.24263640886775,201.98305918043403,205.7770538330078,13015963,FEDERALBNK,0.0046429089444086635,0.01683893335476716,0.055860494117912385,196.10385131835938,190.70786254882813,171.87804847717285,1.0493269379954437,1.0790171473938124,1.1972270784790595,200.5217661443603,196.35392251990677,4.167843624453525,3.0151626805571716,1.1526809438963532,83.54621734456302,0.021411520938496607,13275701.95,0.9804350119505357,0.02069996216337347,0.8906974681073835,1.028294527018516,1.1095533387683074,-0.0022144024772713378
2024-11-12,206.3317803266378,207.79787717024644,204.12274963186096,205.3213806152344,8129987,FEDERALBNK,-0.0022144024772713378,0.01468647364918163,0.04355058760465025,196.53228607177735,190.95650299072267,172.18160118103026,1.0447208686121277,1.0752259148001344,1.192469922493991,201.26016837064864,197.01817867511622,4.241989695532425,3.2605280835522223,0.9814616119802024,84.0367561603199,0.02138157590832684,13038851.75,0.6235201654164064,0.017899390347820385,0.3261467720110791,1.0291992312056824,1.1090412778189502,-0.038066305577119874
2024-11-13,204.8855107646221,205.48977651674784,196.7031717496642,197.50555419921875,13381335,FEDERALBNK,-0.038066305577119874,-0.02617958055763403,0.02561736842080231,196.77894592285156,191.05100616455078,172.4475518798828,1.0036925102579421,1.0337844231456637,1.1453079620219249,200.68253542119788,197.05428056579046,3.6282548554074197,3.334073437923262,0.2941814174841575,65.02858692021323,0.022651280933612756,13299835.5,1.006127857746812,0.044487886949350415,0.0913188280142564,1.0299812069734264,1.107878912062643,-0.012037339485916121
2024-11-14,197.3272429482616,199.80373950914677,194.1573303733957,195.12811279296875,9354472,FEDERALBNK,-0.012037339485916121,-0.04383279316160993,0.017406128790395714,196.94586181640625,191.23149353027344,172.7326350402832,0.9907703111572255,1.0203764515496945,1.129654003989823,199.8280088630088,196.91160147150737,2.916407391501423,3.2505402286388945,-0.33413283713747166,65.43991326496038,0.022823894500140652,13456113.05,0.6951838146157667,0.02893693304840149,0.17192916705705993,1.0298819414137357,1.1070953296444304,0.016600672071978018
2024-11-18,195.14792513996176,199.001353107909,193.2063452238624,198.36737060546875,13133102,FEDERALBNK,0.016600672071978018,-0.031532580855889725,0.0253456740950484,197.19103546142577,191.44150085449218,173.0243132019043,1.0059654595417604,1.03617747311875,1.1464710764318498,199.6032952849257,197.01943622217118,2.5838590627545273,3.117203995462021,-0.533344932707494,70.73371035922659,0.0230292815170067,13747367.8,0.9553175699569193,0.029213513625546087,0.8905985090744076,1.0300328538027061,1.1064427727627886,0.03196003693480498
2024-11-19,200.10092155261745,208.62007574406107,199.31835529234243,204.7071990966797,22964708,FEDERALBNK,0.03196003693480498,-0.005199096383197044,0.0685660701430697,197.84780197143556,191.90113861083984,173.34965995788573,1.034670069906738,1.0667325925137396,1.1808918410708857,200.38851125596477,197.58890013880142,2.7996111171633515,3.0536854198022874,-0.2540743026389358,60.8221242880236,0.023830997327296207,14418959.35,1.592674439435187,0.04543914670692942,0.5793383957632895,1.0309881609022398,1.1070176812429922,0.020469463704851254
2024-11-21,204.47936910120657,209.45217849769756,202.08212221039412,208.8974456787109,15482528,FEDERALBNK,0.020469463704851254,0.017416915144253364,0.11376368296332351,198.91467742919923,192.41407073974608,173.67798629760742,1.0501861822291365,1.0856661619162966,1.2027859726606507,201.6975780902334,198.42657017879472,3.271007911438687,3.097149918129568,0.17385799330911933,63.091195395175376,0.023382781094716452,14906496.6,1.0386429766468401,0.03528073913665157,0.9247315356407385,1.0337844663046794,1.1078782915529277,-0.007160542757891908
2024-11-22,209.4917902631436,210.0069057737504,206.4209436347097,207.4016265869141,13076979,FEDERALBNK,-0.007160542757891908,0.050105286546592076,0.10942133804038945,199.93747024536134,192.88955810546875,174.00055686950682,1.0373324536535988,1.075235117048225,1.1919595564424352,202.57512401279968,199.09138917198874,3.483734840810939,3.1744669026658423,0.3092679381450969,59.09392711968948,0.023476831264319587,15272077.8,0.8562671806189986,0.01728994221526977,0.2734783341763756,1.0365385882424953,1.1085571309414135,0.016764598533298924
2024-11-25,209.0163014152656,211.49279787753173,207.45115383727315,210.87863159179688,18553476,FEDERALBNK,0.016764598533298924,0.080718859898673,0.12718413130271555,201.12717895507814,193.47797393798828,174.32968017578125,1.0484840123914667,1.089936116756038,1.2096542102249161,203.85258671726078,199.96451824012266,3.8880684771381198,3.317187217560298,0.5708812595778219,63.08986964114748,0.023580534306303823,15967763.9,1.1619332623023064,0.019165735331980377,0.8480404806516408,1.0395352755737535,1.1098395508033934,0.0035700790918069547
2024-11-26,210.878635488432,211.98810108712087,208.62007188233804,211.6314849853516,8728077,FEDERALBNK,0.0035700790918069547,0.06686641225014633,0.14712195189731747,202.4842987060547,194.07352172851563,174.66478340148925,1.0451747929975341,1.0904706788461196,1.2116437032351832,205.04934029696705,200.8287379990285,4.220602297938541,3.4978702336359464,0.7227320643025945,63.78651369970667,0.023114672114371182,16014031.5,0.5450268409925383,0.015914594206131248,0.8941172774681236,1.0433380963184904,1.111119928980835,-0.0035573789675332756
2024-11-27,211.5918637821563,212.4239629657974,208.86771767366352,210.87863159179688,10096152,FEDERALBNK,-0.0035573789675332756,0.030147608498138467,0.15076488857554504,203.8656883239746,194.5957650756836,175.00104606628418,1.0343998213994579,1.0836753385140752,1.2050135489585792,205.94615434232549,201.5731745614558,4.372979780869684,3.672892143082694,0.7000876377869902,62.424226797707576,0.02302582619389273,15731197.4,0.641791704934044,0.016863943327448085,0.5654598468169048,1.0476368190473502,1.111969153612817,-0.00859636608654235
2024-11-28,210.87863896238423,211.00740650449504,208.4219435029092,209.0658416748047,10970713,FEDERALBNK,-0.00859636608654235,0.000806118023830571,0.051569532883203095,204.37832336425782,195.11800872802735,175.32135162353515,1.022935496452784,1.0714840882074552,1.1924722216591654,206.42610623962997,202.12818694022238,4.297919299407596,3.7978975743476746,0.5000217250599213,58.76144147874508,0.014256586285731917,12883516.5,0.8515309465393242,0.012366740453026546,0.24904559512186078,1.047460071454185,1.1129164070500737,-0.0012793640096054881
2024-11-29,209.5116025579864,209.8087851591498,206.8270737184345,208.79837036132807,7279254,FEDERALBNK,-0.0012793640096054881,0.0067344880433164445,0.03709901098306401,204.75177917480468,195.64203552246093,175.64204315185546,1.0197633993845232,1.0672469738097603,1.188772156224615,206.79106995066044,202.62227460104504,4.168795349615408,3.8720771294012217,0.29671822021418626,56.812334128810996,0.014079429781836763,12053155.45,0.603929322092996,0.014280338661434131,0.661129248114184,1.0465633248397577,1.1138679100499531,-0.008065297603517929
2024-12-02,208.79836389926223,209.20451293777128,204.4001038611024,207.1143493652344,7705204,FEDERALBNK,-0.008065297603517929,-0.01785046781719013,0.02535426740871305,205.0078483581543,196.10107879638673,175.94298995971678,1.010275221285187,1.056161193178763,1.1771673848026256,206.84080524521028,202.95502087987387,3.8857843653364057,3.874818576588259,0.01096578874814691,53.21279264124488,0.01424905661583281,11787456.05,0.653678280310534,0.023196891434096565,0.5649488752556259,1.0454192787537673,1.1145717078087922,0.004208953275387728
2024-12-03,210.0068984317445,210.2941653684746,207.18368643971212,207.986083984375,6355689,FEDERALBNK,0.004208953275387728,-0.017225229985174062,0.028358716801373918,205.29462661743165,196.57181121826173,176.26085098266603,1.0131102182813527,1.0580666815621877,1.1799902407417113,207.01700197431254,203.32769222094802,3.689309753364512,3.8377168119435097,-0.14840705857899783,53.10843615629291,0.014263345778474937,12028163.9,0.5284005981993644,0.014955226182325568,0.2579659155518268,1.0443747012611315,1.1152323963169402,0.026100217628367117
2024-12-04,207.9860899128533,214.246665241184,207.302574456436,213.41456604003903,12814059,FEDERALBNK,0.026100217628367117,0.012025563847317677,0.05457938896642145,205.8468864440918,197.17409545898437,176.60265396118163,1.036763634013005,1.0823661472530146,1.208444840738061,208.00124259980893,204.07486805939922,3.926374540409711,3.8554483576367504,0.07092618277296037,59.99019806168738,0.015282272203859621,11498987.0,1.1143641609473947,0.03253803577514577,0.8801716125352826,1.043985448316214,1.1164843281592158,-0.0021815576158358274
2024-12-05,214.3655386614715,214.9599038888653,211.71074157387332,212.9489898681641,5002379,FEDERALBNK,-0.0021815576158358274,0.018573805085765782,0.05238168060735471,206.3768569946289,197.71535888671875,176.9453295135498,1.0318452997552252,1.0770482934012904,1.2034733578647931,208.76243448724819,204.73221041560404,4.030224071644142,3.8904035004382287,0.13982057120591307,73.28948658249864,0.015309943305664438,11250120.8,0.44465113654601823,0.015257937203663354,0.3810977028070763,1.043807917385279,1.1173810545340133,-0.007303401984476099
2024-12-06,212.97870161859004,213.1768183179589,209.27385736751805,211.39373779296875,9436594,FEDERALBNK,-0.007303401984476099,0.012430017663209503,0.04229746469505935,206.80578536987304,198.164892578125,177.27505882263185,1.022184835955581,1.0667567551584767,1.1924618115877965,209.16725038043597,205.22565688800142,3.9415934924345493,3.900641498837493,0.04095199359705637,75.1531391400047,0.015471819117432863,11175026.8,0.8444359166995464,0.018462992287232555,0.5431467166514337,1.0436045592099086,1.117838537999832,0.0017338799904718094
2024-12-09,212.03763556670796,213.14710117338333,210.31398854319264,211.76026916503903,4922985,FEDERALBNK,0.0017338799904718094,0.0224316654738963,0.037668136019491705,207.1901382446289,198.58134033203126,177.59800422668457,1.022057666253469,1.0663653937020083,1.1923572569810528,209.56617634729798,205.70970224185606,3.8564741054419187,3.8918080201583782,-0.035333914716459525,72.73029091204799,0.015443017451302637,10958505.1,0.4492387378639811,0.013378867723211394,0.5104917490516601,1.0433514946480047,1.1181507427221071,0.00266632156214186
2024-12-10,211.86922326710976,212.7805721216621,210.52200863095965,212.32489013671875,3626922,FEDERALBNK,0.00266632156214186,0.020861040648612272,0.03661069732955258,207.56507949829103,199.012646484375,177.8885678100586,1.0229316542548137,1.0668914457825116,1.1935836729172484,209.9905938533627,206.19971615999407,3.7908776933686283,3.8716219548004283,-0.08074426143179991,66.08108169048938,0.01543869647431978,10701528.9,0.3389162458833335,0.010637299702583735,0.7982425613363578,1.0429743192957714,1.1187489389249103,0.0015862824690957567
2024-12-11,211.98809760394076,213.44427873596092,211.98809760394076,212.6616973876953,3817336,FEDERALBNK,0.0015862824690957567,-0.0035277285253456636,0.03345680884455926,207.9093116760254,199.42810333251953,178.14093307495116,1.0228579743415982,1.0663577190678615,1.1937834484016083,210.40153285864463,206.67838143612008,3.723151422524552,3.841927848345253,-0.11877642582070091,59.490435470394026,0.015425371011758015,10241597.55,0.37272856908930185,0.00684740670232428,0.4625796674209532,1.0425276488207111,1.1194962319446928,-0.009316138907111915
2024-12-12,212.6617087543721,213.6721235993451,210.35362722494392,210.68051147460935,4299148,FEDERALBNK,-0.009316138907111915,-0.010652684452549632,0.026101182659675315,208.17726821899413,199.74410430908202,178.39200897216796,1.01202457538727,1.0547520899470677,1.1809974711786497,210.44445264571613,206.9748355130452,3.469617132670919,3.767465705210386,-0.29784857253946706,58.06924034195828,0.01560239785974572,10050055.6,0.4277735538099909,0.015751321046138217,0.09850372361018837,1.0422198389238198,1.1196919943888592,0.002209795817502913
2024-12-13,210.2050067993986,211.49278792222609,207.7285104537051,211.1460723876953,4333300,FEDERALBNK,0.002209795817502913,-0.001171583453034919,0.06906397262487984,208.85929412841796,200.0616897583008,178.6875107574463,1.01094889393752,1.055404823596091,1.1816498617763436,210.55239414448215,207.28381602227856,3.268578122203593,3.667688188609028,-0.3991100664054352,50.77269388766379,0.012538005202325543,9597653.85,0.4514957579971485,0.01782783561140185,0.9078932046242063,1.0439744579821642,1.1196176437303904,0.0011729576708332523
2024-12-16,211.14608813992388,212.4239688142232,210.50220508814127,211.39373779296875,4806881,FEDERALBNK,0.0011729576708332523,-0.001730878854260487,0.08335869581877131,209.67257537841797,200.45000427246094,178.98745132446288,1.0082088103865965,1.0545958258281332,1.1810533991556802,210.6818316288647,207.58825467195933,3.093576956905366,3.552865942268296,-0.45928898536292984,49.29244233411826,0.012018100283746076,9370274.3,0.5129925598869608,0.009090920791438199,0.4639137958156427,1.0460093335464402,1.1199109367119342,-0.014573585777290288
2024-12-17,211.19561857723744,211.6909178774258,207.8870228796598,208.3129730224609,4722997,FEDERALBNK,-0.014573585777290288,-0.01889518045517191,0.050137290153292824,210.16985549926758,200.77927917480469,179.27272659301758,0.9911648486772969,1.0375222676295055,1.1619892048352123,210.31739184326412,207.64193751273723,2.6754543305268896,3.377383619920015,-0.7019292893931253,43.29361049710307,0.012326276875757103,8949769.05,0.5277227796174249,0.01826048057677057,0.11197736610796537,1.046770644675376,1.1199655574526457,-0.0487897779658496
2024-12-18,208.31296513479583,209.01629676517945,196.63381472932755,198.14942932128903,14942335,FEDERALBNK,-0.0487897779658496,-0.06824109957116309,-0.032034876175964566,209.84196701049805,201.09290252685548,179.5128465270996,0.9442793171652644,0.9853626201194577,1.1038175437286937,208.4453976091141,206.93878875781516,1.5066088512989495,3.003228666195802,-1.4966198148968526,30.136966524106498,0.01509065262383737,8548650.4,1.7479174256558672,0.06249062678739458,0.12239990234374755,1.0435075747264335,1.1202145496394773,0.004599288721993888
2024-12-19,195.1479145043088,199.90279057113548,192.87945047376215,199.06077575683597,8834477,FEDERALBNK,0.004599288721993888,-0.05515334871955524,-0.04708851221189159,209.3501335144043,201.3542221069336,179.76220069885255,0.9508509615693158,0.9886098919302538,1.1073561348434615,207.00160963184055,206.3552322392241,0.6463773926164436,2.5318584114799307,-1.8854810188634872,32.68754662723994,0.014268548494280374,8216247.85,1.0752447055257712,0.03528239087118169,0.8801119121919749,1.039710671689935,1.120114358436528,-0.03229644340368887
2024-12-20,198.51596397959747,199.4075118363397,188.75857631849237,192.6318206787109,10057259,FEDERALBNK,-0.03229644340368887,-0.08768456594821006,-0.0712135490509942,208.61164321899415,201.5250015258789,179.9661159515381,0.9233991818783187,0.9558705829061811,1.0703782746002224,204.7908728698206,205.33868323474164,-0.5478103649210482,1.915924656199735,-2.463735021120783,27.968667233972994,0.015748481384017958,8065261.85,1.2469848080629893,0.055281289873746225,0.3637212708938922,1.0351650745041936,1.1197941371371614,0.013164591293994166
2024-12-23,193.16672646936703,195.9701223135063,193.04785947460084,195.1677398681641,8006446,FEDERALBNK,0.013164591293994166,-0.07675723081587116,-0.07450205649117048,207.8260986328125,201.7496694946289,180.20191345214843,0.9390915825879347,0.9673757600547641,1.083050319107681,203.31039086956577,204.58528002240254,-1.2748891528367778,1.2777618943924325,-2.5526510472292103,31.440018417191055,0.015522819196486673,7537910.35,1.0621572330055638,0.01497308336346695,0.725424272361914,1.030118657212201,1.1195756228648612,-0.0015227692587469477
2024-12-24,195.1677270162748,195.9701094087797,193.018130015572,194.87054443359372,7118698,FEDERALBNK,-0.0015227692587469477,-0.06452996370714648,-0.07919870974263588,206.9880516052246,201.93134490966796,180.43573265075685,0.9414579388633415,0.9650336579532375,1.07999974046591,202.01195295633931,203.86566997878708,-1.8537170224477677,0.6514661110243926,-2.50518313347216,18.463540166461186,0.015438004309575102,7457441.4,0.954576458354738,0.015148412510407099,0.6275160396729024,1.0250417125573976,1.1191316816415573,0.004880105263191048
2024-12-26,195.84134940835088,197.51546353954663,194.67245026073243,195.821533203125,7075411,FEDERALBNK,0.004880105263191048,-0.011748184822624297,-0.07140172655244792,206.235196685791,201.94996795654296,180.66347442626954,0.949505886240496,0.9696536978171905,1.0839021768234707,201.05958068661403,203.2698079954047,-2.210227308790678,0.07912742706137843,-2.2893547358520565,21.3456746063963,0.015565552281432938,7306404.35,0.9683848116070938,0.014518389435063558,0.40417783165326704,1.0212192592680687,1.1178240017683299,-0.004805756247779125
2024-12-27,195.59369486345136,197.73339151435232,194.46441303914287,194.8804626464844,4451218,FEDERALBNK,-0.004805756247779125,-0.021000184965912383,-0.0678512516185461,205.525927734375,201.91252349853517,180.88158714294434,0.9482037852584275,0.9651727355480167,1.0773924849104584,200.10894714197872,202.6483750065958,-2.539427864617096,-0.44458363127431644,-2.0948442333427795,21.79354455321713,0.015524281367269823,6980429.6,0.6376710682677754,0.01677427501359856,0.12727205470965275,1.0178958896319577,1.1162690834804032,0.02195904283897976
2024-12-30,195.6432230296069,201.2400990600161,193.71155878731832,199.15985107421875,48698861,FEDERALBNK,0.02195904283897976,0.033888639854553926,-0.04616185112187299,205.04400177001952,202.04427337646484,181.11321884155274,0.9713029854811334,0.9857238106577185,1.0996428220319696,199.96293236232333,202.38996582641974,-2.427033464096411,-0.8410735978387354,-1.5859598662576755,31.014896453166543,0.01652782044591983,9051409.95,5.38025139387262,0.03780149579390973,0.7236850823072095,1.0148468864938593,1.1155688947984723,-0.005123067941349091
2024-12-31,194.65263022627056,198.61502473469335,194.4545135239165,198.13954162597656,8032394,FEDERALBNK,-0.005123067941349091,0.015226910757996759,-0.04333262164965346,204.59526138305665,202.17126831054688,181.32965530395506,0.9684463867176607,0.9800578652037868,1.0927034593092002,199.68241071057767,202.0751195893499,-2.3927088787722255,-1.1514006540254336,-1.241308224746792,28.916390019944146,0.016486176945586416,9067769.45,0.8858180663161876,0.02099788450419736,0.8857152199265427,1.011989799998615,1.1149376971552498,0.0024496982081161356
2025-01-01,198.5159572533228,199.08060572166127,196.01965961583215,198.6249237060547,4148526,FEDERALBNK,0.0024496982081161356,0.01926601725968058,-0.0450085895122847,204.12720336914063,202.2744888305664,181.55294998168947,0.973044848642071,0.9819573632561803,1.0940330285246647,199.5197204021895,201.8195495239206,-2.2998291217311078,-1.3810863475665685,-0.9187427741645393,29.228951767826786,0.0164555119453397,8957411.3,0.4631389428327356,0.015410684866311218,0.8511303368789129,1.0091594078387518,1.1141349609079159,0.028078410501031437
2025-01-02,198.61502032148863,204.6576778587004,197.683855214246,204.20199584960935,9827756,FEDERALBNK,0.028078410501031437,0.04279643055287141,-0.043167485525338,203.66657485961915,202.52709136962892,181.80880760192872,1.0026289094828607,1.0082700268327243,1.123168885726981,200.24007047102333,201.99602702952717,-1.75595655850384,-1.4560603897540227,-0.29989616874981717,41.33544537838454,0.016639295831593907,8808096.15,1.115763932708659,0.034151589045145675,0.9346582165444932,1.005626326247438,1.1139564361098664,-0.004317403024319044
2025-01-03,203.07272387189784,205.2817546358688,202.7656407079112,203.32037353515625,5485629,FEDERALBNK,-0.004317403024319044,0.043308142715065,-0.045215599937660556,203.18514404296874,202.8423001098633,182.07822891235352,1.0006655481276667,1.0023568724325944,1.1166649343509816,200.71396325012068,202.09412677068488,-1.3801635205641958,-1.4408810159160574,0.06071749535186166,39.648881603299714,0.016646897677572766,8832258.65,0.6210901670095451,0.012375119542668664,0.22047206252514664,1.0016901993958842,1.1140392858692891,-0.03761271085113138
2025-01-06,203.3698985822828,203.70669848353623,193.8205285430051,195.6729431152344,7247076,FEDERALBNK,-0.03761271085113138,-0.017508086796494515,-0.07436736225900276,202.39910430908202,203.01684356689452,182.3254151916504,0.9667678312272758,0.9638261519456621,1.0732071714168527,199.9384216909074,201.6184835369478,-1.6800618460403882,-1.4887171819409237,-0.1913446640994645,32.61012081185794,0.01842297990416989,8722782.75,0.8308215632218973,0.05052394972517494,0.18737434045461845,0.9969572019397053,1.1134862539788786,-0.0011137259036489988
2025-01-07,196.0889996208307,198.60512865483275,194.96963342546465,195.45501708984372,6619585,FEDERALBNK,-0.0011137259036489988,-0.013548656235413903,-0.07699863689957598,201.58384170532227,203.1842547607422,182.5835750579834,0.9695966474116624,0.9619594654123177,1.070496166085984,199.2486671368976,201.16193046679194,-1.9132633298943347,-1.5736264115316059,-0.3396369183627288,34.81516560690221,0.018389806304936286,8807612.75,0.7515753914135246,0.01860016326773027,0.13351239205543874,0.9921233411648729,1.1128287672985733,-0.009173384421055086
2025-01-08,195.4946466013575,195.7422962600289,190.2940037692576,193.6620330810547,8162449,FEDERALBNK,-0.009173384421055086,-0.02498624307765418,-0.08789764141004297,200.65069885253905,203.36771362304688,182.81110542297364,0.9651699903790496,0.952275214344091,1.059355954513677,198.38918497446022,200.60638251229287,-2.2171975378326465,-1.7023406367918141,-0.5148569010408324,43.39459143794086,0.018360040983491564,9034389.1,0.9034865456481169,0.028132992327365318,0.6181807084517011,0.9866398912486966,1.1124472616283951,-0.010537089396450594
2025-01-09,193.6620296587187,194.1573289673088,190.39305119895712,191.62139892578125,6131064,FEDERALBNK,-0.010537089396450594,-0.06160858943363834,-0.09893788453854158,199.59868392944335,203.53512481689452,183.04369636535645,0.9600333787447115,0.9414659956023258,1.0468615020934873,197.3479871208173,199.94082817255125,-2.5928410517339557,-1.8804407197802426,-0.7124003319537131,39.40165444333289,0.01835117986564609,9150075.5,0.6700561104659738,0.01964434968878225,0.32631697297991835,0.9806596483482029,1.1119482880778206,-0.022435957668755613
2025-01-10,191.77988274608452,191.77988274608452,185.30135985165407,187.3221893310547,7899382,FEDERALBNK,-0.022435957668755613,-0.07868460954472578,-0.11087082511839141,198.43076782226564,203.3053057861328,183.25405265808106,0.9440178626877013,0.9213836727316327,1.022199436323321,195.80555669162305,199.00611418429224,-3.2005574926691907,-2.1444640743580323,-1.0560934183111583,41.94708345251688,0.018742649049194093,9330087.2,0.8466568243863788,0.034584919798160994,0.31192750451463436,0.9760235575504609,1.109417788241026,-0.007297610600286886
2025-01-13,184.76646954667385,186.7278506956925,183.96408703640876,185.95518493652344,7575227,FEDERALBNK,-0.007297610600286886,-0.04966326986244618,-0.11930549863564444,197.17122344970704,202.99782440185547,183.45782012939452,0.943115236001746,0.916045211245248,1.0136127465450506,194.29011488314617,198.03937868445752,-3.7492638013113435,-2.4654240197486947,-1.2838397815626488,35.51403887274411,0.01865210682310578,9492183.55,0.7980489378547678,0.014862525399478167,0.7204298722962067,0.971297224641117,1.1065095195106929,0.025782982989981384
2025-01-14,187.2231357033798,192.45349511062835,186.8368028533672,190.74966430664065,5224795,FEDERALBNK,0.025782982989981384,-0.024073839869969582,-0.09765697745761104,196.13901977539064,202.77295837402343,183.673250579834,0.9725227775945774,0.940705633710757,1.0385271872984623,193.7454301790684,197.49939984165627,-3.7539696625878776,-2.7231331483165313,-1.0308365142713463,44.323153100356485,0.01992968451762873,9513079.25,0.54922227206296,0.029445358541926477,0.6966487167273548,0.9672839088020987,1.10398742186951,0.008205283270018127
2025-01-15,192.67143545089704,194.35545011557556,191.1855374911215,192.3148193359375,4521543,FEDERALBNK,0.008205283270018127,-0.00695651968371791,-0.07679864318771179,195.33911209106446,202.57424438476562,183.89823013305664,0.9845177306134315,0.9493547411222645,1.0457676465770833,193.5253362032021,197.11535684123268,-3.5900206380305804,-2.8965106462593413,-0.6935099917712391,45.24959982008439,0.020000580572530423,9503006.55,0.4758013136379454,0.016482934780584095,0.35625014901175506,0.9642840464952747,1.1015562479214522,0.0065931455469987466
2025-01-16,194.1573279394271,195.9800257577086,193.1469131229587,193.5827789306641,5711244,FEDERALBNK,0.0065931455469987466,0.010235704445736404,-0.02304649781867585,195.11077957153321,202.3985125732422,184.12856468200684,0.9921685483281619,0.9564436836491674,1.0513457228376533,193.53417354588856,196.85368440341279,-3.3195108575242216,-2.9811106885123175,-0.33840016901190406,48.25751382494616,0.017061030095032678,9041452.0,0.631673319727849,0.014635148076702891,0.1538469746522708,0.9639931494107609,1.0992238652529978,-0.019650039754415816
2025-01-17,194.0582474509509,194.1374971477913,189.47178650073337,189.77886962890625,8047952,FEDERALBNK,-0.019650039754415816,0.013114731931249679,-0.046628503745349104,194.6466842651367,202.14709838867188,184.33987968444825,0.9749915357941582,0.9388156997634217,1.029505226724507,192.95643448173743,196.32962404974563,-3.3731895680082005,-3.0595264644114946,-0.3136631035967059,37.240606116453186,0.017496311678892863,9002125.75,0.8940057297022317,0.0245849849152398,0.06581701082696075,0.9628962563236303,1.096599925825632,0.012788417595133605
2025-01-20,191.62139153055293,193.2162558472759,188.90714598270927,192.20584106445312,5380998,FEDERALBNK,0.012788417595133605,0.03361377705097812,-0.0022113668071915837,194.62538528442383,201.93491180419923,184.56136016845704,0.9875681981749975,0.9518207592098803,1.041419725607888,192.840958571386,196.02415864342768,-3.1832000720416715,-3.0842611859375304,-0.09893888610414114,42.226811723697615,0.01628206269672061,8768312.7,0.6136868271132713,0.02241924512128456,0.7655165882097102,0.9638025616548025,1.094134284770575,-0.008658345454519378
2025-01-21,193.15683632718117,193.15683632718117,189.4519919323172,190.54165649414065,4833705,FEDERALBNK,-0.008658345454519378,-0.001090475379110556,-0.023703114957156157,194.39408111572266,201.6642807006836,184.76393356323243,0.9801823975325223,0.9448458389958929,1.0312708374382542,192.48721979027135,195.61804737311013,-3.1308275828387764,-3.09357446531778,-0.03725311752099625,39.72810985742349,0.016084538884334244,8609675.65,0.5614270730396214,0.019443750322270775,0.2941188470247355,0.9639489970177137,1.0914699466044184,-0.011697449047987751
2025-01-22,191.3836518525132,191.62140096468684,184.7763608194584,188.31280517578125,9163217,FEDERALBNK,-0.011697449047987751,-0.02080970241386071,-0.033651772651803524,194.06619415283203,201.33401550292967,184.9469923400879,0.9703534713906955,0.9353253334036893,1.0181987973586732,191.8450021572729,195.07691832145613,-3.2319161641832466,-3.1212428050908736,-0.11067335909237297,27.93065065662485,0.01625938464204996,8711901.6,1.051804464825452,0.036349307944507074,0.5166433331713973,0.9639016718961139,1.088603891069008,0.003419259674127595
2025-01-23,188.31281246981663,190.63080972078623,187.8175131367717,188.95669555664065,3960511,FEDERALBNK,0.003419259674127595,-0.023897184447798314,-0.035056602479786925,193.72295227050782,200.99760833740234,185.13105491638183,0.9753965306743223,0.9400942484820548,1.0206644997620025,191.40064729563716,194.62356848702535,-3.2229211913881954,-3.141578482350338,-0.08134270903785756,29.91688876031219,0.01623207455056406,8556156.6,0.46288435160244734,0.01488857844241473,0.4049279504841086,0.963807250608261,1.0857044401771867,-0.013840147822911764
2025-01-24,189.5312357226965,190.0760679866033,185.53912449449743,186.3415069580078,7657794,FEDERALBNK,-0.013840147822911764,-0.018112462560346487,-0.04381637631867885,193.29600448608397,200.61801086425783,185.31213523864747,0.9640215143268683,0.9288373768399599,1.0055547993013771,190.62231801292495,194.01008244783887,-3.387764434913919,-3.190815672863054,-0.19694876205086498,34.81624162720176,0.016448567946164908,8716485.4,0.8785414818683686,0.024347465930541608,0.17685529143276768,0.9635027466047,1.0825951069307966,0.016107579406844597
2025-01-27,184.27115753538584,192.2751961124181,183.8551079333176,189.343017578125,14535640,FEDERALBNK,0.016107579406844597,-0.014894570687724928,-0.04929122733896507,192.8051628112793,200.45476013183594,185.49788314819335,0.9820432960265535,0.9445673300728658,1.020728724040801,190.42550256141726,193.66437393897118,-3.23887137755392,-3.2004268138012275,-0.03844456375269267,40.88086081745246,0.01604502391396556,7008324.35,2.074053550332613,0.044470022115424744,0.6517639160156238,0.9618387843944158,1.080630984730395,-0.03683165086925522
2025-01-28,186.1334641107093,186.1334641107093,176.41569461730208,182.36920166015625,43454549,FEDERALBNK,-0.03683165086925522,-0.0428906465092882,-0.07959208866844769,192.0166458129883,200.1995819091797,185.64950057983398,0.9497572509300677,0.910936975597121,0.9823306881546545,189.18607165353095,192.82769451091082,-3.641622857379872,-3.2886660225169564,-0.3529568348629155,35.4070500901305,0.017798821469883798,8779432.1,4.949585406554942,0.05328624244084927,0.6126413110429487,0.9591261079660817,1.078373931973433,0.011298179981706458
2025-01-29,181.82437766102117,186.01460554378335,179.90261394157253,184.4296417236328,10013432,FEDERALBNK,0.011298179981706458,-0.020620814652108632,-0.07146777814968219,191.3068817138672,199.92082733154297,185.8045269012451,0.9640512671126985,0.9225133978551419,0.9926003677060944,188.4543132027774,192.205616526668,-3.751303323890596,-3.3811934827916845,-0.37010984109891165,40.71134108795711,0.01807506916790866,9072677.4,1.103690956762113,0.033139963538885035,0.7406796469456497,0.9569132154330742,1.0759739316674488,-0.006552695874939896
2025-01-30,184.4494630059577,185.4598778470036,182.4682657338952,183.22113037109372,14297599,FEDERALBNK,-0.006552695874939896,-0.03035386054275946,-0.10274564355368798,190.2578384399414,199.49110595703124,185.9377547454834,0.9630148848186934,0.9184426016995367,0.9853896032136762,187.64920815174915,191.54009903366247,-3.8908908819133217,-3.483132962616012,-0.40775791929730953,44.243622336973615,0.0164740971611724,9296169.55,1.5380097063741698,0.01632787717797194,0.25165850676284945,0.9537158938851208,1.0728918730362214,0.012164815891295477
2025-01-31,183.51830221122484,186.50991439510747,182.84470237814895,185.44998168945312,5772412,FEDERALBNK,0.012164815891295477,-0.004784362234204753,-0.08789277500817272,189.36431884765625,199.0221566772461,186.097144241333,0.9793290669434287,0.9318057083975683,0.9965224477005373,187.31086561908822,191.08897923038768,-3.77811361129946,-3.542129092352702,-0.2359845189467582,49.30763192090999,0.016930519287750623,9310508.7,0.6199888949139805,0.019763884490946636,0.7108127167677726,0.9514735545487433,1.0694530401775095,-0.016665857581878663
2025-02-01,186.4702921018626,187.16370812183757,180.7842505073968,182.3592987060547,4749102,FEDERALBNK,-0.016665857581878663,-0.036883952529111586,-0.06804029314026894,188.69863662719726,198.5213101196289,186.24575790405274,0.9664049617185794,0.9185880276337337,0.9791326296945769,186.54908609400616,190.44233622858525,-3.893250134579091,-3.61235330079798,-0.2808968337811111,37.93791791209462,0.015344837325477579,9185610.0,0.5170154186820473,0.03498290276233098,0.24689374768985964,0.9505208106549745,1.0659105063853325,-0.019175391317568402
2025-02-03,181.2795508899552,181.5767335046452,178.30775497372642,178.86248779296875,3886494,FEDERALBNK,-0.019175391317568402,-0.019228651741987846,-0.08489180551066633,187.8690101623535,197.88098724365236,186.39116638183594,0.9520595634074962,0.903889202719279,0.9596081792125054,185.36653250923118,189.58456967779884,-4.218037168567662,-3.7334900743519164,-0.4845470942157455,31.678353069291376,0.01572957497493369,9048955.45,0.4294964232584436,0.018276490343255156,0.16969607294619266,0.9494040472469898,1.061643591189717,0.0037106511110966967
2025-02-04,180.18988334511312,182.16118004495485,178.80305132006671,179.52618408203125,5216085,FEDERALBNK,0.0037106511110966967,-0.026587145080232744,-0.07299236083671112,187.16221771240234,197.23888122558594,186.53964721679688,0.959200987658178,0.9101967267635415,0.9624022922772306,184.46801736658503,188.83950407811236,-4.371486711527325,-3.8610894017869986,-0.5103973097403265,30.534976328312794,0.015783556932584784,8901637.25,0.5859691710084007,0.018705509405545523,0.21533801149585918,0.9489113736066129,1.0573563538283868,0.01456708587226907
2025-02-05,180.27904235605675,183.34988890768696,180.27904235605675,182.141357421875,4286422,FEDERALBNK,0.01456708587226907,-0.005893277413100528,-0.04947277056242583,186.68821563720704,196.6641357421875,186.70268104553222,0.9756446425940029,0.9261544141462029,0.9755690512952794,184.1100696827835,188.34334506653923,-4.233275383755739,-3.935526598180747,-0.29774878557499207,39.06382733269712,0.016200868379102503,8809405.15,0.486573375501977,0.016859688513891604,0.6064500568514598,0.9492743297229436,1.0533546419412474,-0.0013596590581607115
2025-02-06,183.60745370986552,184.25133674375007,181.0913248402827,181.89370727539065,3983013,FEDERALBNK,-0.0013596590581607115,-0.019176461392256483,-0.02897938613172124,186.41679153442382,196.12069305419922,186.8563523864746,0.9757367122253151,0.9274580078356298,0.9734413893469368,183.7690908508769,187.86559411904676,-4.096503268169869,-3.9677219321785717,-0.12878133599129704,34.251118568232755,0.015499881703381875,8613586.7,0.46241050780855325,0.017372848961086068,0.25391753563571057,0.9505207667347286,1.0495800145373875,0.024616071726675015
2025-02-07,182.46825500537648,187.73824669456627,180.6356567056706,186.3712158203125,7298157,FEDERALBNK,0.024616071726675015,0.022000068780285487,0.002237264230793512,186.43759307861328,195.6721499633789,187.03118034362794,0.9996439706327211,0.952466745294069,0.9964713663138793,184.1694177692516,187.75489943025164,-3.5854816610000455,-3.8912738779428664,0.3057922169428209,44.13482725558308,0.01646832815889428,8599733.2,0.848649234839053,0.03810990853729008,0.8075306505949215,0.9528059722014915,1.046200690194411,-0.008397969416140016
2025-02-10,187.0745553532235,187.6391887064079,184.2216264919348,184.8060760498047,9502645,FEDERALBNK,-0.008397969416140016,0.03322993172115307,-0.031159102053680776,186.1404136657715,195.2259844970703,187.19892112731932,0.9928315533973041,0.9466264264252079,0.9872176342518171,184.267365197029,187.53646806873707,-3.2691028717080712,-3.766839676695908,0.49773680498783657,44.97443009485773,0.015418274325938584,8813625.7,1.0781766010326488,0.0184926940040222,0.1710135825457042,0.9534612625737064,1.0428798591434805,-0.015490959753707512
2025-02-11,185.14288197651783,186.22264599464228,179.57572239027226,181.94325256347656,2332865,FEDERALBNK,-0.015490959753707512,0.013463598604317673,-0.05393014853599909,185.62183532714843,194.70512786865234,187.34077697753906,0.9801823812527843,0.9344553713357518,0.9711887369042479,183.9098094072517,187.12215580908813,-3.2123464018364416,-3.6559410217240145,0.44359461988757287,40.549908158116864,0.015545754061170505,8704191.8,0.268016267748144,0.03653294920651718,0.3561843514566302,0.9533484678039323,1.0393099196551119,0.0015244259123721182
2025-02-12,181.7649446755386,183.42914308758816,175.44492069691768,182.2206115722656,4770520,FEDERALBNK,0.0015244259123721182,0.0004351244083848904,-0.058694101929738784,185.05372695922853,194.08124877929689,187.47835731506348,0.9846903089523448,0.9388882888912219,0.9719554522554191,183.64993281725384,186.7590784582124,-3.109145640958559,-3.5465819455709235,0.4374363046123646,44.07406025843848,0.01542795916541721,8657155.6,0.551049353900951,0.04381624187176034,0.848635038430953,0.9534858628700695,1.0352194864452382,-0.011687898435857824
2025-02-13,182.4187333034536,183.31028114764612,179.73421945667914,180.09083557128906,4044621,FEDERALBNK,-0.011687898435857824,-0.00991167716083774,-0.05104906608707904,184.56932525634767,193.4240856933594,187.58879417419433,0.9757354604897729,0.931067270788562,0.9600298160883604,183.10237939479774,186.26513454066253,-3.162755145864793,-3.4698165856296974,0.3070614397649045,36.35300498974815,0.015071773152772184,8456989.05,0.47825780263958123,0.019856988722512726,0.09972314390177373,0.9542210040426433,1.031106823543769,-0.004345459957281639
2025-02-14,180.30877237734336,181.52720449719965,176.8119603157647,179.30825805664062,3674337,FEDERALBNK,-0.004345459957281639,-0.037897256465191154,-0.06710297115001573,183.92444610595703,192.78237609863282,187.68473205566406,0.9749017156389473,0.930107106704098,0.9553694437087237,182.51866841969664,185.7498103566609,-3.2311419369642636,-3.4220816558966107,0.19093971893234718,44.476227085933175,0.014637233199487058,8371656.0,0.43890205235379953,0.026296860125346093,0.5294100676067736,0.9540521796030575,1.0271606751765876,0.0029279697486526146
2025-02-17,178.55540164010557,180.74463124577483,175.29633882402402,179.83326721191406,4678837,FEDERALBNK,0.0029279697486526146,-0.026908254015146515,-0.0561997280765526,183.3890266418457,192.1438360595703,187.75670669555663,0.9806108386360763,0.9359304513737323,0.9577994329838228,182.10552977234548,185.31154790149446,-3.206018129148987,-3.378868950547086,0.17285082139809926,41.2187642113364,0.01464597633595705,8363912.6,0.5594076867804668,0.030296354541179432,0.832724831321022,0.9544361682515262,1.0233660327837306,-0.004682088316093402
2025-02-18,180.1106532808474,180.72481960517524,177.02989088358595,178.99127197265625,4152347,FEDERALBNK,-0.004682088316093402,-0.016224732432934985,-0.049500262047627475,182.92294998168944,191.47716369628907,187.83456504821777,0.9785063710735763,0.9347917449652781,0.952919777713482,181.6264131877779,184.84337931417312,-3.2169661263952207,-3.3464883857167136,0.12952225932149286,41.80420539747868,0.014504628389108374,8113369.1,0.5117907183589121,0.02064306645160749,0.5308305617940732,0.9553251492268401,1.0193925896819696,0.0027117639576987873
2025-02-19,178.99127039372567,181.23001787502355,177.32705682121332,179.47665405273438,3020603,FEDERALBNK,0.0027117639576987873,-0.015058436561349198,-0.05017044501111412,182.44894790649414,190.81346282958984,187.92592872619628,0.9837089011043074,0.9405869554027221,0.9550393352810176,181.29568101315581,184.4458441096221,-3.1501630964662866,-3.3072233278666285,0.15706023140034198,37.58741835246363,0.014490455820386073,8066373.7,0.37446851737107095,0.021746343971085234,0.5507606153083521,0.9561639163240498,1.0153652778143278,0.017662029035089066
2025-02-20,178.8525814504932,183.1616763201417,177.5152672854058,182.6465759277344,3532472,FEDERALBNK,0.017662029035089066,0.014191395960477138,-0.019828813722677863,182.26420135498046,190.25278411865236,188.0525909423828,1.002097913742311,0.9600205157251507,0.9712526427444717,181.50351100001407,184.31256498503782,-2.809053985023752,-3.2075894592980534,0.39853547427430147,50.59500294862571,0.014895947438741864,7860107.6,0.44941776624024843,0.030914398510103785,0.9087738084084096,0.9580106919292715,1.011699882278908,-0.024568823566662124
2025-02-21,182.488075477997,184.08293983015528,177.31714957176126,178.15916442871094,5491982,FEDERALBNK,-0.024568823566662124,-0.006408481351520945,-0.05906662570643506,181.70500869750975,189.59304595947265,188.16912551879884,0.9804857098094544,0.9396925057409236,0.9468033819975006,180.98899614289053,183.85675753642101,-2.867761393530486,-3.13962384614454,0.27186245261405384,48.600709284019004,0.015225555579987284,7407924.7,0.7413657970902431,0.037976100079327106,0.12445181195279052,0.9583949019752073,1.00756723738152,0.007728695128461416
2025-02-24,178.30775454431796,181.6757838617986,177.36668886284565,179.53610229492188,13756156,FEDERALBNK,0.007728695128461416,-0.00165244685590904,-0.015534966098682768,181.56335372924804,188.95589324951172,188.2935294342041,0.9888344680097215,0.9501482023524335,0.9534905571869778,180.7654740124338,183.53670900001367,-2.7712349875798736,-3.065946074431607,0.2947110868517333,50.019188123909224,0.013117743293249289,5923005.05,2.3224960782365027,0.024001272968901026,0.5034498966960254,0.960876904164603,1.0035177194739402,-0.013959366919036209
2025-02-25,180.2889548861209,180.90312121421007,176.2274943617827,177.02989196777344,8344437,FEDERALBNK,-0.013959366919036209,-0.010957964504450524,-0.04012234522988378,181.19336624145507,188.33023162841798,188.39112350463867,0.9770219276784479,0.9399972082923973,0.9396933819093367,180.19076908248604,183.05472255318105,-2.8639534706950087,-3.0255475536842873,0.16159408298927858,40.06931042354062,0.013117581052942617,5839555.3,1.4289507627404436,0.026411510510770255,0.17161284065561522,0.9621045154288124,0.9996767794836194,0.0
2025-02-27,177.31715892645957,179.13985682070458,175.8807939023571,177.02989196777344,12518738,FEDERALBNK,0.0,-0.013632759635924696,-0.033791071972870346,180.88380432128906,187.90784088134765,188.48010093688964,0.9786939888400941,0.9421101915569187,0.9392497727229562,179.7044802956072,182.6084388061138,-2.9039585105066124,-3.0012297450487524,0.09727123454214004,40.458636781340765,0.013078703435347021,5750612.25,2.1769400292986196,0.018409675801760915,0.35258541924651887,0.9626197793178102,0.9969638171207601,-0.006099382071674708
2025-02-28,176.5246680221042,177.3666828807433,173.3646560602494,175.9501190185547,5614981,FEDERALBNK,-0.006099382071674708,-0.03666346809495746,-0.05122601029320406,180.40881118774413,187.44562774658203,188.5528472137451,0.97528561859127,0.9386728361380147,0.9331607643086722,179.12688625298372,182.11522993296126,-2.9883436799775325,-2.9986525320345083,0.010308852056975848,26.41252294138816,0.012696409487365192,5742740.7,0.9777528349834774,0.022745235086040944,0.6460383886148506,0.9624594254694948,0.9941278029818986,0.010471797622891188
2025-03-03,176.13833520326153,178.2879323582033,171.03675844330013,177.79263305664062,10498910,FEDERALBNK,0.010471797622891188,-0.0020573253879229148,-0.02504213210851991,180.18047790527345,187.14884399414063,188.64046836853026,0.9867474829882059,0.9500065790532324,0.9424946544836966,178.92161653046938,181.79503757175232,-2.8734210412829384,-2.973606233884195,0.10018519260125647,34.32238048037745,0.012557701871650565,6030231.1,1.7410460438240918,0.04078444528459804,0.93169391503013,0.9627656471707335,0.9920927657395572,-0.016547803956429852
2025-03-04,177.0695017505119,177.0695017505119,173.65193956496768,174.85055541992188,7378836,FEDERALBNK,-0.016547803956429852,-0.02609807618137494,-0.022430261496142467,179.9798812866211,186.74250030517578,188.70673210144042,0.9715005597846201,0.936319022901482,0.9265729604491796,178.29529943653898,181.28063148643156,-2.985332049892577,-2.9759513970858715,-0.009380652806705303,34.20119734916385,0.0123720323415894,6204848.2,1.1892049188246054,0.01954561812707197,0.35072247112990734,0.9637863956651369,0.9895910878515518,0.02832697705193632
2025-03-05,175.23688302538332,180.14035809619278,174.85055018320253,179.8035430908203,6338076,FEDERALBNK,0.02832697705193632,0.01566769934849077,0.00154495017095857,179.99374923706054,186.44116027832033,188.79899169921876,0.9989432624908007,0.9643983271848805,0.9523543609664539,178.52733692181303,181.17121753120108,-2.6438806093880487,-2.909537239546307,0.26565663015825836,45.54417568445665,0.013990335407416664,6260947.75,1.01231894164905,0.029419931454400364,0.936327554627201,0.9654185211482537,0.9875114194219068,0.0012672692270319086
2025-03-06,181.3389849349877,181.7748507557987,179.0110871961449,180.03140258789062,7595816,FEDERALBNK,0.0012672692270319086,0.01695482376876556,-0.01158416113643701,179.88825149536132,186.12535766601562,188.89337539672852,1.0007957778862118,0.9672588670638849,0.9530847876998053,178.7587316396711,181.08678679465956,-2.328055154988448,-2.7932408226347354,0.46518566764628755,49.882174000112535,0.013580055851376907,6426417.45,1.1819674117186396,0.015351563782349236,0.36917607809892966,0.9664897558888983,0.9853461365444961,-0.0067679571824915685
2025-03-07,179.63515646112145,181.2300209002059,178.2582249353531,178.81295776367188,6040527,FEDERALBNK,-0.0067679571824915685,0.01627074060015432,-0.016937086817712,179.73421401977538,185.80400756835937,188.9878215789795,0.9948743411980417,0.962374063422096,0.9461612725608594,178.76707412028662,180.9183550145864,-2.151280894299788,-2.664848836967746,0.513567942667958,49.03474788661529,0.013651834249608655,6529293.15,0.9251425630965887,0.016619578368478542,0.18666585286458456,0.9673322786304765,0.9831533376911825,-0.007700436721318371
2025-03-10,178.7039849212622,179.24881718508354,176.62373688940173,177.43601989746094,6397181,FEDERALBNK,-0.007700436721318371,-0.002005781415397978,-0.04794300387816497,179.2874542236328,185.36953094482422,189.07341354370118,0.9896733748929109,0.9572016446989623,0.9384503964458734,178.5622965475442,180.66040426516972,-2.09810771762551,-2.5515006130992988,0.4533928954737889,45.47833424856873,0.012338915806444365,6484244.35,0.9865730923604075,0.014794517467190866,0.3094316807738777,0.9671894475311492,0.9804103468094373,0.0
2025-03-11,176.2274883723792,178.55540117446336,173.8500577315857,177.43601989746094,5753482,FEDERALBNK,0.0,0.0147867101212793,-0.03987994502062553,178.91895141601563,184.9554605102539,189.1558051300049,0.9917117135618203,0.9593445871127655,0.9380416306838214,178.38902321676215,180.42156097867277,-2.0325377619106177,-2.4477080428615627,0.415170280950945,46.970263549171655,0.012266070082248911,6296786.2,0.9137172229223853,0.0265185357831901,0.76210423519737,0.9673623634707254,0.9777942600447069,-0.005024488652698
2025-03-12,178.30775903682127,179.4469414511999,175.23689714060828,176.54449462890625,5916404,FEDERALBNK,-0.005024488652698,-0.018125607570858016,-0.02967275707400463,178.6490135192871,184.51385192871095,189.23275428771973,0.9882198124192069,0.9568088942022426,0.9329489246902702,178.10524958786124,180.13437087869008,-2.02912129082884,-2.363990692455018,0.33486940162617795,44.376933494235956,0.011875517742857958,6475963.15,0.9135944511975798,0.023846930596397663,0.31058995863970346,0.968214644330932,0.9750629727037957,-0.009089871927619786
2025-03-13,176.97044292514164,177.65395841267,174.5930122092773,174.93972778320312,3060509,FEDERALBNK,-0.009089871927619786,-0.028282148178019995,-0.03995642274625444,178.28496932983398,183.92860656738281,189.31965126037596,0.9812365475384409,0.9511284353644761,0.9240442110396888,177.61824623329846,179.74958250124658,-2.1313362679481145,-2.3174598075536372,0.18612353960552275,34.2765173212462,0.011972929056358187,6390462.6,0.47891822416737095,0.01749714740145255,0.11327071790465576,0.9693161529200122,0.9715241146014012,0.004190198737881401
2025-03-17,175.8114432153994,176.57420840405314,173.89959508663816,175.67276000976562,3411602,FEDERALBNK,0.004190198737881401,-0.017561354575077792,-0.024532484107302244,178.0640655517578,183.375654296875,189.41267532348633,0.9865705327204433,0.9579939097333018,0.927460423172551,177.31894066044725,179.44759565002576,-2.128654989578507,-2.279698843958611,0.15104385438010404,44.00954948741722,0.011820005286574245,6358811.65,0.536515655405519,0.015224974647556622,0.6629612256777496,0.9710343842235566,0.9681276819711191,0.0
2025-03-19,180.09083258848457,185.19240944808143,178.8624848550985,184.43955993652344,11138888,FEDERALBNK,0.04990415091258571,0.03947079089752914,0.025614241436104024,178.11260528564452,182.75534149169923,189.62606285095214,1.0355222171992386,1.0092157002420676,0.9726487865831748,178.2001248430685,179.5584657315866,-1.3583408885181143,-2.0670428132591714,0.7087019247410571,64.45127990248362,0.01639385523015505,6498097.35,1.7141768428569326,0.034319777140877125,0.881065011044117,0.9745958932408793,0.963766998818863,0.0018797211748302622
2025-03-20,185.0438201908004,185.91553667419063,183.90462273967813,184.7862548828125,4488082,FEDERALBNK,0.0018797211748302622,0.046683756812866406,0.03237578484296999,178.40235443115233,182.57782592773438,189.74077407836913,1.035783723101725,1.0120958223916645,0.9738879572953031,179.21337561841372,179.94570937241815,-0.7323337540044292,-1.800101001408223,1.0677672474037938,64.92560409055648,0.016331456778013984,6514884.1,0.6888966758441644,0.010882378322931974,0.4384236082923653,0.9771304566950275,0.9622487671117215,0.004074267606219983
2025-03-21,185.2419409277132,186.5396226943681,184.0532256132762,185.53912353515625,6584799,FEDERALBNK,0.004074267606219983,0.06058884329057945,0.033778596522311854,178.70547790527343,182.45618041992188,189.90701026916503,1.0382397098845797,1.0168968960554747,0.9769998657352462,180.18656760560486,180.36003634743577,-0.17346874183090222,-1.4747745494927589,1.3013058076618567,68.68727418707347,0.016338655173143635,6693093.9,0.983819904274763,0.013400931478587954,0.5976108696313,0.9794432695783929,0.9607659041196915,0.045381665615635836
2025-03-24,186.2325263293986,194.89036304814732,185.53911037145173,193.95919799804688,9174683,FEDERALBNK,0.045381665615635836,0.10409375925592967,0.06193722500874266,179.27110900878907,182.58892059326172,190.05921585083007,1.0819322704615928,1.062272548453878,1.020519826569619,182.3054338198267,181.36738165488845,0.9380521649382558,-0.992209206606556,1.9302613715448118,75.07682869331576,0.018753415800170432,6975204.45,1.3153281836778274,0.048212473413041024,0.9004234959428465,0.9818290640325135,0.9606949064578301,-0.004851820937417095
2025-03-25,194.89037344418944,195.44510624013805,191.58176264206435,193.0181427001953,6813212,FEDERALBNK,-0.004851820937417095,0.09873689403790009,0.08340282869607907,180.0140579223633,182.73017974853516,190.2141018676758,1.0722392735762918,1.0563013891072508,1.014741498159112,183.95354287834496,182.23040099157782,1.723141886767138,-0.4491389879318172,2.1722808746989553,80.0459080234567,0.017707357092623957,7041265.95,0.9676117971371326,0.020015442818110737,0.37179712900689404,0.985135888171786,0.9606552718980484,-0.013035630982928592
2025-03-26,192.2752095178165,194.65264029977084,190.0958803331328,190.5020294189453,5584885,FEDERALBNK,-0.013035630982928592,0.03286968091069142,0.06107923132925008,180.56235427856444,182.72522705078126,190.35394538879393,1.0550484356503589,1.0425600914207802,1.0007779404301231,184.96100234612962,182.84311420841985,2.1178881377097696,0.06426643719650016,2.0536217005132693,69.24453105700876,0.018091611408829096,6632702.4,0.8420225517731655,0.02391974500500969,0.08913111262960767,0.988163250323308,0.9599235081656375,0.027403612137408384
2025-03-27,190.28408139060303,198.1197199419891,189.7590653419836,195.72247314453125,25012772,FEDERALBNK,0.027403612137408384,0.0591830721860469,0.10558997110025126,181.49698333740236,182.79338012695314,190.52087585449217,1.0783786570197906,1.0707306413864586,1.0273019807761734,186.6166132381914,183.79714079627996,2.8194724419114436,0.6153076381394889,2.204164803771955,73.92751637624696,0.018397920538777476,7466119.15,3.350170483148531,0.042716886138218745,0.7132704420708551,0.9929078570096443,0.9594401626967073,-0.024547067920243526
2025-03-28,195.1380199320264,196.63381834796388,189.91756117734587,190.9180603027344,7248212,FEDERALBNK,-0.024547067920243526,0.028990849288769827,0.07845097898771347,182.1913917541504,182.74008575439453,190.65029319763184,1.047898358229569,1.0447519465396946,1.001404493539514,187.27837432504415,184.3246163152766,2.9537580097675686,1.082997712465105,1.8707602973024637,66.63944184501237,0.019545320851375152,7202592.85,1.006333712171444,0.03517874191665363,0.14896676824191155,0.996997407558506,0.9585093350208623,-0.0015565849313052826
2025-04-01,189.91756359002616,194.15732436176023,189.204331393348,190.62088012695312,6099041,FEDERALBNK,-0.0015565849313052826,-0.017211443981776875,0.08338022838649706,182.9249298095703,182.75692596435547,190.74735260009766,1.042071631927887,1.0430295821682372,0.9993369634156355,187.7926059868763,184.79100622725264,3.001599759623673,1.4667181218968186,1.5348816377268544,68.67810215854024,0.01944840066121436,7226795.85,0.8439481516556193,0.025983475499187364,0.2859985351562522,1.0009192748473323,0.9581098949640778,-0.0016629137572613528
2025-04-02,191.23505912777,191.5223260655768,188.90714641576687,190.30389404296875,2745983,FEDERALBNK,-0.0016629137572613528,-0.014062142652789156,0.07036996286759711,183.5504928588867,182.7188870239258,190.85070518493652,1.0367931520035418,1.0415118937214727,0.9971348749199648,188.1789579955059,185.19936828767607,2.979589707829831,1.7692924390834213,1.2102972687464097,68.06679049559422,0.019431352628116447,6839149.5,0.40150942745146895,0.01374212368570582,0.5340924197323843,1.0045512855759242,0.95739173112758,0.010566916158398332
2025-04-03,188.6297911864673,193.4639173858445,187.05474297678572,192.3148193359375,7697462,FEDERALBNK,0.010566916158398332,0.009515856195975614,0.09988108916253302,184.4237060546875,182.7543502807617,190.95357551574708,1.0427879552475214,1.0523132228616623,1.007128663689663,188.8152443555723,185.72643873569544,3.088805619876865,2.0331950752421104,1.0556105446347548,71.46711609130176,0.018891354984352675,6855080.8,1.1228842116638509,0.03332647182983422,0.8207104415378599,1.0091344242769662,0.9570616825956778,0.004429785780888373
2025-04-04,193.86014880579657,195.0983970928997,190.70013675865576,193.16673278808597,10170845,FEDERALBNK,0.004429785780888373,-0.013057981106533445,0.07432105879312845,185.0918655395508,182.85142883300782,191.0573080444336,1.0436262675563648,1.0564135813480504,1.0110407959017291,189.48470411442057,186.2775716284651,3.2071324859554693,2.2679825573847823,0.939149928570687,75.33041235648699,0.018072133317611264,7046719.25,1.4433447167630524,0.02276924328926271,0.5608117396384678,1.0122527711204767,0.9570501683739971,-0.021487237719081898
2025-04-07,186.5297162784214,191.5025253994134,184.75653634953716,189.01611328125,12697165,FEDERALBNK,-0.021487237719081898,-0.009962111591059197,0.04990635280405087,185.54110107421877,182.8526171875,191.14294624328613,1.0187290696611808,1.0337074535139406,0.9888730763868779,189.4126132170097,186.48042656570843,2.932186651301265,2.400823376168079,0.5313632751331863,66.93487103493523,0.018931993495429844,7301786.7,1.7389120665494104,0.03569002098693261,0.6314236356181138,1.014703010151405,0.9566275961591895,-0.001467463608065045
2025-04-08,192.116683669852,192.8100996262426,187.9165404099037,188.73873901367188,8769895,FEDERALBNK,-0.001467463608065045,-0.009873740547351129,0.05550929515476399,186.03739013671878,182.9005618286133,191.2058777618408,1.0145204621230597,1.0319199521679394,0.9870969513225848,189.30894026265003,186.64770896926126,2.6612312933887665,2.4529049596122166,0.20832633377654997,66.46690050922291,0.01883070240069564,7438255.1,1.179025844381164,0.025927688411568863,0.16801648195509342,1.0171504574766963,0.9565634904614578,-0.002991547864685029
2025-04-09,188.7090346390404,190.14539959616556,185.1626898120361,188.1741180419922,6819642,FEDERALBNK,-0.002991547864685029,-0.011191447299001012,0.06051814141647638,186.57429504394534,182.8771838378906,191.27760612487793,1.0085747235312883,1.0289644344523425,0.9837749533478602,189.13435222870268,186.76077630798207,2.3735759207206115,2.4370391518338956,-0.06346323111328411,55.93327909500208,0.018720694195188972,7459378.15,0.9142373349177907,0.02647925142934666,0.6043756029194912,1.0202163612128454,0.9560825626314927,0.0025268040627695054
2025-04-11,190.5020116871926,191.13599417772568,187.83729907195163,188.64959716796875,8325890,FEDERALBNK,0.0025268040627695054,-0.019058448956896568,0.0631978629648482,187.13497390747074,183.0027917480469,191.35506019592285,1.008093747677796,1.0308563894899276,0.9858615548228301,189.0597745270513,186.90068896427738,2.1590855627739245,2.3814484340219018,-0.22236287124797727,56.11287037493082,0.018707152468252365,7587998.55,1.09724454283139,0.01748583169693689,0.24624831030769337,1.0225798859129587,0.956351985469711,0.007666374943987808
2025-04-15,191.1855201641048,191.1855201641048,187.22312596381244,190.09585571289065,7869328,FEDERALBNK,0.007666374943987808,-0.015897546284867947,0.07675889929317337,187.81254196166995,183.11611602783202,191.43895767211913,1.0121574082719498,1.038116468590879,0.9929841763893803,189.21917163256504,187.13736798269318,2.0818036498718584,2.3215194771918934,-0.23971582732003505,57.05519414246188,0.018627415458083326,7685644.75,1.0238995238493167,0.020844190345090496,0.7249984741210916,1.0256472561548002,0.9565248278328918,0.015737444215107033
2025-04-16,190.8784479766641,194.25639285377883,190.0958666126473,193.0874786376953,8520549,FEDERALBNK,0.015737444215107033,0.021539779258857417,0.10373716184686232,188.71992950439454,183.31344299316407,191.53205253601075,1.0231430201609897,1.0533187063913023,1.008120970255838,189.81429578720048,187.57811692010074,2.2361788670997385,2.3044513551734624,-0.06827248807372399,48.37759318423855,0.018545612550050064,7958646.75,1.0706027378335394,0.0215473642852742,0.7190465464374485,1.0294931262156921,0.9570901609729188,-0.0003590908016883887
2025-04-17,192.1860283909373,194.3554417371425,191.43317889862635,193.0181427001953,9504482,FEDERALBNK,-0.0003590908016883887,0.02267369014377829,0.09873689403790009,189.58719863891605,183.4648062133789,191.62553916931154,1.018096918388534,1.0520717661550052,1.0072673169605715,190.3071953122766,187.98108179270034,2.3261135195762677,2.3087837880540234,0.017329731522244263,50.0,0.018585318738523475,8263290.75,1.1502054432733109,0.01513983503123411,0.5423755114285881,1.0333709366493784,0.9574131246215454,0.03690018930978023
2025-04-21,194.15733938790984,200.9429463259177,193.2658066307325,200.1405487060547,16250402,FEDERALBNK,0.03690018930978023,0.06359233027675004,0.13928049342953863,190.8105880737305,183.8204312133789,191.75350540161133,1.04889645132648,1.0887829355254388,1.0437386700539184,191.82001891131938,188.8817830455414,2.9382358657779832,2.4346742035988154,0.5035616621791679,65.74943127815555,0.01986298103591237,9075810.85,1.7905179238062239,0.038358742118073046,0.8954822171118972,1.0380270942365346,0.9586287918355532,-0.0019798861136630652
2025-04-22,200.79432526897864,203.5680042625326,198.76359519609085,199.74429321289065,15722852,FEDERALBNK,-0.0019798861136630652,0.05881113032562424,0.08297966706076765,191.57582473754886,184.23806732177735,191.87707771301268,1.0426383051542765,1.0841640716086716,1.0410013306104486,193.03913803463803,189.68641342830801,3.352724606330014,2.618284284145055,0.7344403221849589,57.80166657194822,0.017126496320775723,9305009.05,1.6897191518583208,0.0240527976502495,0.2041245870693791,1.0398275857016883,0.960187999096688,-0.009273865618899757
2025-04-23,201.081620260106,201.081620260106,196.05927797774743,197.8918914794922,8092835,FEDERALBNK,-0.009273865618899757,0.04101107695044237,0.07092322210324031,192.23110656738282,184.60538146972655,192.00478065490722,1.0294478090106873,1.071972495622748,1.0306612721022086,193.7857154876925,190.29422661728464,3.4914888704078635,2.792925201397617,0.6985636690102464,65.27782327697142,0.01738334213979368,9485246.7,0.8532023737453239,0.025379222184447367,0.36489219545668494,1.0413082491796526,0.9614624221337503,0.010662236218971444
2025-04-24,197.87208051894697,202.4585571095602,197.4163984887813,200.0018615722656,16720717,FEDERALBNK,0.010662236218971444,0.035809587360888795,0.07794980250819683,192.9542434692383,184.96259155273438,192.1113243865967,1.0365248152946211,1.0813097929331477,1.0410727332751626,194.74204565454988,191.01331068802398,3.7287349665259057,2.980087154423275,0.7486478121026305,69.03904231256139,0.01745559454810739,9992042.6,1.6734032939371175,0.025210558447512358,0.5127690891812723,1.0432068552317262,0.9627885922046089,-0.02679548118219699
2025-04-25,199.90279136109365,200.9627239546465,193.16671816608135,194.6427154541016,7977095,FEDERALBNK,-0.02679548118219699,0.008416684209989755,0.0035240270278988906,192.98841934204103,185.21757171630858,192.19348510742188,1.0085719967949403,1.0508868767172328,1.012743565919057,194.72676408525012,191.2821554855112,3.4446085997389275,3.072991443486406,0.3716171562525217,57.309746688815835,0.01581257278594967,9932163.2,0.803157865952102,0.04005290293231397,0.18932737199671792,1.0419552397416958,0.9637036948093517,0.016998370584124123
2025-04-28,195.88097697043645,199.110323036877,194.6625297822439,197.95132446289065,7788146,FEDERALBNK,0.016998370584124123,-0.010938434301883238,0.02555812471140495,193.2350784301758,185.44917388916016,192.26648681640626,1.024406779923341,1.067415509659821,1.0295674911453123,195.2228502971948,191.77616800235413,3.4466822948406843,3.1477296137572615,0.2989526810834229,59.09817718236655,0.01618866767143202,9980909.9,0.7803042085371394,0.022469126017224058,0.7394216620165398,1.0419840346426625,0.9645423753243284,0.01796516718109653
2025-04-29,198.8626568138385,203.46893397659323,196.98052563483492,201.50755310058597,11997673,FEDERALBNK,0.01796516718109653,0.008827585806499227,0.05777116241338143,193.78535461425784,185.78320343017577,192.34806228637694,1.0398492368099728,1.0846381663147497,1.0476193557935194,196.18972765156266,192.49701134296387,3.69271630859879,3.2567269527255673,0.43598935587322263,62.38233223424008,0.01621917763863162,10301549.3,1.1646474380314813,0.032199330704589094,0.6977100125797959,1.0430725223612025,0.9658698986713623,-0.033133426710088454
2025-04-30,201.6858726892156,201.8344564269544,194.1573175935365,194.83091735839844,11619893,FEDERALBNK,-0.033133426710088454,-0.015467910777996474,-0.004555203967172683,193.74077682495118,186.04095672607423,192.3977808380127,1.0056267996408015,1.0472474490940535,1.012646385575696,195.9806799141528,192.6698932700331,3.310786644119702,3.2675388910043948,0.04324775311530704,58.030089947863715,0.017040773087458147,9631905.35,1.206396094828735,0.03940410966343462,0.08774099042338711,1.0413877687707989,0.9669599925516266,-0.03640421511196479
2025-05-02,194.0879762649541,194.0879762649541,186.08395288577657,187.73825073242188,18366458,FEDERALBNK,-0.03640421511196479,-0.06131748346458554,-0.016655362857083134,193.58178634643554,186.15130950927735,192.40755546569824,0.9698136083755523,1.0085250070350187,0.9757322173655036,194.7126138861942,192.30458641539525,2.4080274707989417,3.0956366069633043,-0.6876091361643626,48.83722662376493,0.01810919210735361,10187817.65,1.8027862915273125,0.042633950982026846,0.20668328517742227,1.039916328586385,0.967484405998099,0.010500166861541649
2025-05-05,189.10526793682112,190.85863170263949,188.13448553473413,189.70953369140625,6580183,FEDERALBNK,0.010500166861541649,-0.02534480548725504,-0.004780937088003756,193.5362190246582,186.3436834716797,192.40749153137207,0.9802275493830723,1.0180625935745125,0.9859778960866192,193.9429092408422,192.11236028769235,1.8305489531498438,2.8426190762006125,-1.0120701230507687,51.7279703316295,0.01827846568058307,10211874.75,0.6443658153954542,0.014359563881152287,0.5781804865056873,1.0385982257030548,0.9684845532186377,-0.022035415341543407
2025-05-06,190.2939972897445,190.71004688830573,184.85560552897653,185.5292053222656,5927722,FEDERALBNK,-0.022035415341543407,-0.06275340250604788,-0.025089810929591727,193.29748458862304,186.4681024169922,192.37264099121094,0.9598117932942068,0.9949648380470619,0.9644261489903961,192.64849325336885,191.62471917914223,1.0237740742266226,2.4788500758058145,-1.455076001579192,46.758583260367686,0.018927455889093107,10370961.7,0.5715691727990858,0.03155536266734929,0.11505791107048546,1.0366249352200654,0.9693067655369533,0.02071652876153851
2025-05-07,181.42812169236865,189.85812518029505,181.42812169236865,189.3727264404297,9698741,FEDERALBNK,0.02071652876153851,-0.060220207498122735,-0.015298316092679953,193.15037994384767,186.6588916015625,192.36060234069825,0.9804419048799375,1.014539006503157,0.984467318858897,192.14452912830131,191.45790490220054,0.6866242261007756,2.120404905864807,-1.4337806797640313,49.284461315977545,0.019387177250862694,10471025.65,0.9262455583804247,0.04451540433716148,0.9424201021315641,1.0347772789529992,0.9703592592778577,-0.023225384548259065
2025-05-08,189.41236464974676,190.69023019092813,184.1027555577392,184.97447204589844,5655491,FEDERALBNK,-0.023225384548259065,-0.050589739278231294,-0.042410308565786314,192.7407669067383,186.77855560302734,192.32361808776855,0.9597060083059764,0.9903410562775566,0.9617876051057013,191.04144342331625,190.97765061654854,0.06379280676770804,1.7090824860453873,-1.6452896792776792,42.189575837915044,0.019987159336336446,10245257.95,0.552010601158168,0.0356128851745249,0.13232938822525067,1.0319212839207452,0.9711680627690216,0.0034810513717193903
2025-05-09,181.87391604191933,186.1235775495699,181.87391604191933,185.61837768554688,4820032,FEDERALBNK,0.0034810513717193903,-0.011291641626598459,-0.017975904470363346,192.5708801269531,186.9013900756836,192.2836986541748,0.9638963978519349,0.9931353512693663,0.9653360060406597,190.20712561750557,190.58066743647436,-0.37354181896878913,1.2925576250425521,-1.6660994440113412,42.95416314460302,0.019477468665395625,9851401.3,0.4892737442337264,0.022894616150830934,0.8811199755289889,1.0303341245828814,0.9720085029767844,0.03773077250000534
2025-05-12,189.20434018193623,193.0676688306164,188.3425242023081,192.6219024658203,6284131,FEDERALBNK,0.03773077250000534,0.015351725966242125,0.020574278881174246,192.76503829956056,187.1008966064453,192.3040557861328,0.9992574595735675,1.0295081742498973,1.0016528339893205,190.57862974801554,190.73187003124073,-0.15324028322518757,1.0033980433890042,-1.1566383266141917,42.82472383293385,0.021286985007342316,9727113.1,0.64604276062134,0.024530671578984902,0.9056607998566821,1.030273193746524,0.9729430606212793,0.018719438857276893
2025-05-13,192.96861359278864,197.1192242160017,192.1860322208596,196.2276763916016,6888878,FEDERALBNK,0.018719438857276893,0.05766461970638348,0.04279843813489914,193.167716217041,187.4622668457031,192.33525314331055,1.0158409502088974,1.04675826070701,1.0202377004978425,191.44771384702878,191.13896679867486,0.3087470483539221,0.8644678443819879,-0.5557207960280658,46.837702723062264,0.02161125572442822,9730574.9,0.707962075293208,0.025140143764925266,0.8192756687195536,1.030435188197281,0.9746641023007023,0.0007067664273427976
2025-05-14,197.12912870796163,198.12962788953143,194.7615985708061,196.36636352539065,6176362,FEDERALBNK,0.0007067664273427976,0.03693054019138775,0.04090528934737714,193.5535545349121,187.7988720703125,192.34237739562988,1.0145324584569755,1.0456205692857965,1.0209209545199902,192.20442918216136,191.52618137102417,0.6782478111371972,0.8272238377330299,-0.14897602659583264,48.584552384884205,0.021614170338954544,9623098.5,0.6418267463437063,0.017151762950938662,0.47647000744990564,1.0306427956736877,0.9763780328243952,0.003077146391198493
2025-05-15,197.12911096755795,197.86215933428429,195.5837796517934,196.9706115722656,3449592,FEDERALBNK,0.003077146391198493,0.06485294642922668,0.03616468035872478,193.89729232788085,188.19768646240234,192.33642219543458,1.0158502432266447,1.0466154779836567,1.024094185198694,192.93768801140817,191.92947249704204,1.0082155143661282,0.8634221730596495,0.1447933413064787,47.106636838180464,0.021577735904023298,9402111.7,0.36689544966797194,0.01156710467771978,0.6086921908274794,1.0302852068620787,0.9784817889103353,0.0009556370890688726
2025-05-16,197.62442655917104,199.6551567724452,196.25739561373405,197.15884399414065,3753649,FEDERALBNK,0.0009556370890688726,0.062173080340914844,0.021085600087433765,194.10086059570312,188.6002655029297,192.31447044372558,1.015754610201379,1.045379461520843,1.0251898546128,193.58709662413625,192.31683334867898,1.2702632754572676,0.9447903935391733,0.3254728819180943,52.66471864486976,0.021334190865557236,9163766.7,0.40961856874859115,0.017233622848854428,0.26530657638942073,1.029165362403416,0.9806868150263153,0.014419934305404114
2025-05-19,199.15986178819503,201.33917579712627,197.0696980301649,200.0018615722656,8969305,FEDERALBNK,0.014419934305404114,0.03831318771111625,0.036181670667703614,194.45004653930664,189.0813003540039,192.3395751953125,1.0285513690110468,1.057755902872552,1.0398372844962998,194.57398353923307,192.88609469857428,1.6878888406587862,1.093410082963096,0.5944787576956903,52.193261055906675,0.021530196449119184,9137007.85,0.9816457583540328,0.021347190138121388,0.6867733484387128,1.0283938505566188,0.9830597793615798,-0.018523997503074763
2025-05-20,200.19998859739812,200.98255486211565,195.9205952726583,196.29702758789065,8802803,FEDERALBNK,-0.018523997503074763,0.00035342209398980806,-0.01920411002674427,194.25787048339845,189.4513882446289,192.33133529663087,1.0104971659548099,1.0361340152040603,1.0206190649336653,194.83906723902655,193.1387563940792,1.700310844947353,1.2147902353599473,0.4855206095874056,44.444466136618395,0.020335317961856433,8764627.9,1.0043555870751797,0.025787245235748164,0.07436493883048118,1.025370530579397,0.9850261162719,0.013423506913043282
2025-05-21,196.7328919494207,199.90280450989096,195.4451107205416,198.93202209472656,8080241,FEDERALBNK,0.013423506913043282,0.013065672365033976,-0.00406655481915752,194.21725692749024,189.933017578125,192.33218368530274,1.024275727305718,1.0473798849265374,1.034314789563366,195.46875260144193,193.56788718671973,1.9008654147222046,1.3520052712323989,0.5488601434898057,54.785054436069665,0.020577409430417838,8382497.35,0.9639419689169363,0.022408125863349965,0.7822231716579864,1.0225565802302015,0.987525924880553,0.0017427809893972857
2025-05-22,199.12021763853397,201.45803092146647,198.3772686941529,199.2787170410156,10212588,FEDERALBNK,0.0017427809893972857,0.011718019507205524,0.0070079958868205505,194.2865982055664,190.3225210571289,192.33698120117188,1.0256946124002193,1.047057993631759,1.0360915295461726,196.05490097676096,193.99091162037126,2.0639893563896976,1.494402088263859,0.5695872681258387,65.98079387134835,0.020463277510014248,8488485.0,1.2031108024576824,0.015459564739567756,0.29260562170965326,1.0208282084874634,0.9895264024034152,0.011234210290560709
2025-05-23,199.35795846800943,202.62693671067595,197.99092763017896,201.5174560546875,8097368,FEDERALBNK,0.011234210290560709,0.022107109030708116,0.007577901878049742,194.3623779296875,190.75224212646484,192.3561235809326,1.0368130818382373,1.056435582660599,1.0476269343715503,196.89529406567274,194.5484334303206,2.3468606353521295,1.664893797681513,0.6819668376706165,66.23093005617793,0.020478549144740246,8057317.55,1.0049706927586588,0.023005496254571996,0.7606819493396009,1.0189257843733717,0.991661916321614,-0.0075209091663532845
2025-05-26,202.28024149242205,202.66657436166287,198.6249300521164,200.0018615722656,8540130,FEDERALBNK,-0.0075209091663532845,0.0,0.027533247805658245,194.6303352355957,191.17602020263672,192.38265625,1.027598608049294,1.046166048232796,1.0396044293741558,197.37322752822547,194.9523910704647,2.420836457760771,1.8160823296973647,0.6047541280634063,71.46639990584916,0.01955527973419052,8085469.3,1.0562318256529648,0.020208033454159176,0.3406859720180822,1.0180687673553284,0.9937279374820812,0.0028726691844453978
2025-05-27,200.348567310606,201.48774965709092,199.40750166150943,200.57640075683597,10595637,FEDERALBNK,0.0028726691844453978,0.021800499078006963,0.013261221166708692,194.76158905029297,191.63882781982423,192.43599098205567,1.0298560498242877,1.0466375892541708,1.0423019089788634,197.86602340955017,195.36898438056627,2.4970390289838917,1.9522736695546703,0.5447653594292214,68.40225285014823,0.019219847326742447,8225843.85,1.2880911907901096,0.010371349708799625,0.5619037238874001,1.0162950340804877,0.9958575152279816,-0.004247326449841271
2025-05-28,200.10091961413625,200.63583621384237,197.92160569091072,199.7244873046875,13661005,FEDERALBNK,-0.004247326449841271,0.003983598023165946,-0.008848630080920183,194.67243576049805,192.08459716796875,192.49235343933105,1.0259515504824983,1.0397735698195416,1.037571018984065,198.15194093187898,195.69161422679747,2.4603267050815134,2.053884276660039,0.4064424284214745,77.42178896623172,0.018815406844378352,8309010.45,1.6441193668254444,0.013589873528081607,0.6642330482045724,1.0134723899296638,0.9978817014594255,-0.0026287433311147357
2025-05-29,200.5962105025453,201.7750252197545,197.7234806945686,199.199462890625,15221151,FEDERALBNK,-0.0026287433311147357,-0.00039770504129788,0.022422239711526126,194.89086303710937,192.53769653320313,192.5395421600342,1.0221077570614239,1.034599802934035,1.0345898855677929,198.31309815630146,195.95145486856248,2.3616432877389855,2.1154360788758284,0.24620720886315706,75.36072898027103,0.017176696236927642,8489073.35,1.7930285641836279,0.02033913378275772,0.364301116989127,1.0122218482212932,0.9999904142971862,0.004823766639172167
2025-05-30,199.1994727442286,201.28963643574204,198.347557326945,200.1603546142578,7261954,FEDERALBNK,0.004823766639172167,-0.006734411335866608,0.06616714406027357,195.51196823120117,193.04210906982422,192.58621772766114,1.023775456945734,1.0368740560219372,1.0393285510041397,198.5972914575255,196.26322522009545,2.3340662374300507,2.159162110586673,0.17490412684337775,68.17967720806317,0.014717883382408828,7933848.15,0.9153129556683033,0.014698610593825663,0.6161619794289039,1.0127944062219274,1.0023672064779203,0.020736395356841575
2025-06-02,200.2990315561233,205.20249154575168,199.81364792161028,204.3109588623047,12785341,FEDERALBNK,0.020736395356841575,0.02154528590966187,0.07696727142163584,196.2420394897461,193.614873046875,192.63503448486327,1.0411171805671138,1.0552441330932263,1.060611634891154,199.4763172121069,196.85935363803688,2.616963574070013,2.250722403283341,0.36624117078667195,68.99444665953372,0.015152599805987156,8244106.05,1.550846255792646,0.02637569543087119,0.8345595556989198,1.0135690321798525,1.0050865023832865,0.024484897857856902
2025-06-03,205.16288117725776,211.433372267448,205.09353201836683,209.31349182128903,21745811,FEDERALBNK,0.024484897857856902,0.04355991548101046,0.12819699441772503,197.43125381469727,194.28768768310547,192.6907444000244,1.0601841794397155,1.0773379122340039,1.0862664549510272,200.9897286904426,197.78188239235186,3.207846298090743,2.4421471822448217,0.7656991158459214,74.76321084172433,0.014532140762325538,9035010.5,2.406838486795339,0.030288731958540406,0.6656255736938806,1.0161799554520363,1.0082875972483962,-0.0015617927637175955
2025-06-04,209.31348687574305,210.4526692178276,205.3907097751301,208.9865875244141,13731212,FEDERALBNK,-0.0015617927637175955,0.046374384757322806,0.10357278713075013,198.41194686889648,194.77862823486328,192.74009307861328,1.0532963907788524,1.0729441387810725,1.084292241361398,202.22001466489974,198.6118605502824,3.6081541146173493,2.6753485687193272,0.932805545898022,73.22868788483235,0.014206937753473571,9236634.05,1.4866034451153771,0.02422145604012109,0.7103726906527247,1.0186535795377518,1.0105766014931752,-0.018486004638531672
2025-06-05,209.86822116768604,209.86822116768604,204.39021208844977,205.12326049804688,6847718,FEDERALBNK,-0.018486004638531672,0.029738019979875574,0.10892740078830365,199.4193862915039,195.18536834716798,192.76751556396485,1.0286024057771657,1.050915149199108,1.0640966134669205,202.6666678699993,199.094186472339,3.572481397660283,2.8547751345075185,0.7177062631527646,63.48090921676029,0.0137426906423979,9296245.4,0.7366111484105184,0.026705938009835957,0.13381657441489717,1.0216922916927107,1.012542843518678,0.003428709663453322
2025-06-06,205.12325208703143,210.51209558314932,201.77502410079785,205.8265686035156,17931531,FEDERALBNK,0.003428709663453322,0.02830837305508127,0.10886955898409534,200.42979583740234,195.59111724853517,192.7938261413574,1.0269260004160827,1.0523308599028778,1.0675993766138678,203.1528064443864,199.59288144501875,3.5599249993676665,2.995805107479548,0.5641198918881183,60.62906531230511,0.013743054632684033,9951820.35,1.8018342744701978,0.04244870592572389,0.46371882282315113,1.024738744054101,1.0145092359188244,0.023678909930647585
2025-06-09,207.0252050730427,211.740448926924,206.05440757036,210.7003173828125,9749033,FEDERALBNK,0.023678909930647585,0.03127271564915879,0.09385440952230284,201.33371658325194,195.92593963623048,192.84933082580565,1.0465227630946128,1.0754079718796457,1.0925644205275,204.31396197337503,200.41565447744793,3.8983074959270994,3.1763055851690587,0.7220019107580407,75.20806116159596,0.012277184386291641,10125065.45,0.9628612326649207,0.026986391986459364,0.8170728141273965,1.0276011280439024,1.0159534326473958,-0.007945493688794714
2025-06-10,211.0965618449909,212.43386084865944,208.4417498107281,209.0261993408203,11160547,FEDERALBNK,-0.007945493688794714,-0.001372546403812347,0.06522282271577917,201.9736427307129,196.24610076904298,192.89149192810058,1.034918202765251,1.0651228152900623,1.0836465478670976,205.03892156836662,201.05347261547553,3.9854489528910904,3.3381342587134655,0.6473146941776249,68.281293352066,0.012106034244475317,10338648.9,1.079497631455499,0.019098615630580008,0.1464011207451427,1.029185507071096,1.0173911705872067,-0.013696003158246484
2025-06-11,209.21442135721145,209.50170341588188,205.7473262562125,206.1633758544922,8873836,FEDERALBNK,-0.013696003158246484,-0.013509056745529602,0.04989149950742333,202.46349334716797,196.5593276977539,192.9215545654297,1.018274319217539,1.0488608109786897,1.0686383712742245,205.21191453546285,201.4319839665138,3.779930568949055,3.4264935207605833,0.3534370481884719,61.42717267809775,0.012679072013238998,10473522.6,0.8472637467741752,0.018210689188166894,0.1108172089765047,1.0300375755176208,1.0188562296241006,-0.007976094955245427
2025-06-12,206.63887762893523,206.63887762893523,203.9345325204813,204.5189971923828,4136067,FEDERALBNK,-0.007976094955245427,-0.0029458546251501794,0.03832239520334646,202.84091262817384,196.73525817871095,192.94305053710937,1.0082729097521124,1.0395645350291063,1.0599967017368526,205.1053118672967,201.66065161287446,3.4446602544222458,3.430126867492916,0.014533386929329595,55.082239638208634,0.01289231061585463,10507846.35,0.39361700411616696,0.013222953102542678,0.21612059425198543,1.031034876544176,1.0196545438202875,-0.005618592416810064
2025-06-13,201.58680786657828,204.0633042777156,201.22029123463705,203.3698883056641,3620233,FEDERALBNK,-0.005618592416810064,-0.011935681163610212,0.031502742589158306,203.15146484375,196.98429473876953,192.97148063659668,1.0010751754218563,1.0324167648764222,1.0538857225677283,204.83832362704555,201.7872617382663,3.051061888779259,3.354313871750185,-0.3032519829709259,55.77444184171446,0.013002625193809372,10501175.55,0.34474549851706837,0.013979518141867226,0.756098209348827,1.0313079279399358,1.020794855742076,0.001510048469959946
2025-06-16,203.36990353481283,204.0633195587901,200.4377249137058,203.67698669433597,3650155,FEDERALBNK,0.001510048469959946,-0.03333327056985935,0.01837545457416878,203.33522109985353,197.2454168701172,193.00555725097655,1.0016807987943939,1.0326069417798125,1.0552907884900056,204.6596564066287,201.92724136464182,2.732415041986883,3.2299341057975246,-0.4975190638106417,55.36511849202151,0.012650043457393768,10235218.05,0.3566269894953532,0.017800708385996213,0.8934428963320682,1.0308742495839402,1.0219675520204183,-0.004085427408615838
2025-06-17,203.95434474327425,205.05390979169815,202.2108966522664,202.84487915039065,9087952,FEDERALBNK,-0.004085427408615838,-0.029571987673903566,0.03335685538879729,203.66261367797853,197.49623657226562,193.04443824768066,0.9959848569513066,1.027082250634016,1.0507677972578302,204.380459905669,201.99521453395653,2.3852453717124718,3.0609963589805145,-0.6757509872680427,55.403093188812676,0.011865669977514044,10249475.5,0.8866748352147386,0.014015700821926673,0.22299668240399792,1.031222757520529,1.0230610027670064,0.011280956715999935
2025-06-18,202.844883064998,206.44074576680492,202.67648311392367,205.13316345214844,7999769,FEDERALBNK,0.011280956715999935,-0.004997067971330038,0.03117216269218348,203.9726707458496,197.75260345458983,193.10149673461913,1.0056894519351802,1.037322188778432,1.0623074751930304,204.49626045128122,202.22765519456334,2.2686052567178763,2.902518138527987,-0.6339128818101107,59.68317303071309,0.011763568347971215,10245451.9,0.7808117277872341,0.01835033687158707,0.6526325511171143,1.0314537820620302,1.0240863317924602,-0.015259818291326277
2025-06-19,205.3510968227922,207.5601275117399,201.3490699358653,202.00286865234372,10671945,FEDERALBNK,-0.015259818291326277,-0.012302664175848022,0.01367005795590015,204.108878326416,197.929326171875,193.1411206817627,0.9896819300985805,1.0205807929489508,1.0458822437153736,204.11266171298314,202.2110043395841,1.901657373399047,2.702345985502199,-0.8006886121031522,52.80797080385664,0.012352442261550203,10268419.75,1.0392976971943517,0.03074737313044857,0.10526367023515634,1.0312210033452793,1.0247912276433448,0.0176049177925528
2025-06-20,202.8250658210396,206.04451131026244,201.63635050962435,205.55911254882807,9350809,FEDERALBNK,0.0176049177925528,0.010764741336109607,0.020056111134331367,204.31096115112305,198.26018615722657,193.20456855773926,1.0061090770200125,1.0368148872099476,1.0639454029649233,204.33519261080545,202.45901235508364,1.8761802557218061,2.5371128395461207,-0.6609325838243145,51.9372677559391,0.012713851836065916,10331091.8,0.9051133395213853,0.021444735511742304,0.8898863305158682,1.030519365038314,1.0261671741886187,-0.00269865572724437
2025-06-23,203.3996143615124,206.4407442335858,203.3996143615124,205.0043792724609,3500913,FEDERALBNK,-0.00269865572724437,0.006517145602301211,0.02501235568943838,204.56108703613282,198.58549896240234,193.26514366149902,1.0021670408715113,1.0323230061791866,1.060741608075603,204.43814440490627,202.64755805266716,1.790586352239103,2.387807542084717,-0.5972211898456141,42.240441302541484,0.0125874567068104,10079130.95,0.3473427438701945,0.014834462965455002,0.5276870697581899,1.0300907574065206,1.0275287886895001,0.01096882532237986
2025-06-24,206.52990376658363,207.9761692314632,205.450139824738,207.25303649902344,4740437,FEDERALBNK,0.01096882532237986,0.021731666912648828,0.03328724474561562,204.8949188232422,198.96707733154298,193.33750686645507,1.0115089124187386,1.041644875517136,1.07197532366123,204.87120472707815,202.9887046042491,1.8825001228290432,2.2867460582335823,-0.4042459354045391,47.08040714456054,0.012769199833630451,9786370.95,0.4843917141726577,0.01218814184532878,0.7137275082726625,1.0297930771824202,1.0291178393490739,0.005639963379442836
2025-06-25,208.0257026476756,209.610666428268,207.292654253968,208.42193603515625,8025612,FEDERALBNK,0.005639963379442836,0.016032378810240333,0.04354723272965755,205.3297912597656,199.36252410888673,193.44909782409667,1.015059406413552,1.0454419002105004,1.0773993695471993,205.41747108216708,203.3911661917237,2.0263048904433845,2.234657824675543,-0.2083529342321584,56.11006033692357,0.012717479840167604,9504601.3,0.8443922839772352,0.011121728443732439,0.48717681197221213,1.029931739566157,1.030568383886531,-0.0018059702148158774
2025-06-26,209.6899144941234,209.6899144941234,203.82557231345808,208.0455322265625,12688408,FEDERALBNK,-0.0018059702148158774,0.029913751297356406,0.044408098333049484,205.7720947265625,199.72151763916017,193.54999046325685,1.0110483275345037,1.0416781060238158,1.0748930120255287,205.82178818130484,203.7359340461562,2.085854135148651,2.2048970867701647,-0.1190429516215139,54.16052028962459,0.012702325202096892,9377964.15,1.3530023997799139,0.02818778234698654,0.7195964667644372,1.0302950686482064,1.0318859595969596,-0.007761209968380145
2025-06-27,208.9964939828766,208.9964939828766,205.33128208796032,206.43084716796875,31963885,FEDERALBNK,-0.007761209968380145,0.004240797736143165,0.03132734534666071,206.08561935424805,199.98838500976564,193.6735181427002,1.0016751669272337,1.0322141816280406,1.0658702808087002,205.9154895638685,203.93555724036452,1.9799323235039878,2.159904134116929,-0.17997181061294132,40.88025469735131,0.012878670322244424,10613060.7,3.011749946930955,0.017755156001147236,0.30000041240004527,1.030487942308173,1.0326057322014082,0.022697752887723244
2025-06-30,209.51159867035457,212.384328492514,208.0356013516765,211.11636352539065,13990271,FEDERALBNK,0.022697752887723244,0.029813920437312236,0.033309053518134846,206.42588958740234,200.35034942626953,193.81284576416016,1.02272231427639,1.053735938719104,1.0892795195953429,206.7156240194873,204.46746881703314,2.2481552024541713,2.1775543477843775,0.07060085466979382,53.95576209230512,0.01303836045161701,10673307.2,1.310771885212861,0.020598721331776263,0.7084284835403255,1.0303245798099725,1.0337310132170727,0.026276330212474663
2025-07-01,212.33481576543568,217.38685955169737,209.61066961788225,216.66372680664065,16637063,FEDERALBNK,0.026276330212474663,0.04540676685169598,0.035115915946914766,206.79340133666992,200.68081298828125,193.97802810668946,1.0477303695677473,1.0796434575900025,1.1169498366457973,208.24610137135704,205.37089533478184,2.8752060365752072,2.3170846855425435,0.5581213510326637,68.03949993315322,0.01320803255227951,10417869.8,1.5969735962720515,0.03589059437140994,0.9070068052334807,1.030459256454904,1.0345543510624058,-0.0044349450542331414
2025-07-02,217.9316818289861,217.9316818289861,214.13768755421407,215.7028350830078,11463228,FEDERALBNK,-0.0044349450542331414,0.03493345847542373,0.032137218173434734,207.12921371459962,200.9999838256836,194.14925308227538,1.0413926225791676,1.0731485196042365,1.1110155288189474,209.39329117314946,206.1362242050208,3.257066968128669,2.505081142059769,0.7519858260688999,69.67579965552639,0.013262145319977417,10304470.6,1.112451909950619,0.017588986594969856,0.41253291793324975,1.0304936834931866,1.0352858980122115,-0.003490163374421651
2025-07-03,215.70284644724924,215.9009631453737,214.02873238472745,214.9499969482422,4618576,FEDERALBNK,-0.003490163374421651,0.03318727707240887,0.047906494984214065,207.62055053710938,201.3411459350586,194.31473258972167,1.0353021239572466,1.0675910080375377,1.106195058313412,210.2481689847022,206.78909626007425,3.4590727246279585,2.695879458573407,0.7631932660545515,70.66104317694493,0.012462675093590355,10193013.5,0.45311192808682144,0.008710075772167028,0.4920678491559104,1.0311878854810739,1.0361599619940942,-0.00769619399156507
2025-07-04,214.94999793897588,216.1981467467146,212.0376356055837,213.2957000732422,5120183,FEDERALBNK,-0.00769619399156507,0.03325497617944495,0.036288471019086055,207.9940071105957,201.60702270507812,194.4573787689209,1.0254896428810443,1.0579775307989292,1.0968763511242605,210.71701992140066,207.2710669129015,3.445953008499174,2.8458941685585604,0.6000588399406137,66.37438749173964,0.012661760128247943,9552446.1,0.5360075258629305,0.01950583691889832,0.30238218934718014,1.0316803666847498,1.0367671516577077,-0.0012539929936925542
2025-07-07,213.4838956443475,215.15800967170608,212.76076290948112,213.0282287597656,4643396,FEDERALBNK,-0.0012539929936925542,0.009055978430326572,0.01104844741512001,208.11040267944335,201.9747329711914,194.60775161743163,1.023630851783499,1.0547271216848237,1.0946543854971704,211.07259051191835,207.69752334600253,3.375067165915823,2.951728768030013,0.42333839788580985,67.675388321641,0.011581759194609915,9297164.25,0.49944218206105156,0.011253188256699865,0.11157209783286409,1.0303784023773266,1.0378555391166642,-0.0072076405889597295
2025-07-08,213.47399502113217,213.5730609257446,211.02721530748684,211.4927978515625,5404402,FEDERALBNK,-0.0072076405889597295,-0.023866149776390122,0.011800427499140342,208.23373260498047,202.24556243896484,194.75223045349122,1.0156509956663193,1.0457228099399627,1.0859582832971408,211.13723779494052,207.97865479085883,3.1585830040816916,2.993099615240349,0.16548338884134273,61.334740980425096,0.011554205058963605,9009357.0,0.5998654509972243,0.012037505031469626,0.18287933122758487,1.0296084131280892,1.038476231917986,0.0018267160120726267
2025-07-09,211.6017687315148,212.5626505881041,210.72013657720805,211.87913513183597,4586061,FEDERALBNK,0.0018267160120726267,-0.017726702338893174,0.02772441639381129,208.51952056884767,202.45299407958984,194.89081520080566,1.0161117508510626,1.0465596525015601,1.0871683968971364,211.2513758467706,208.26757926056084,2.9837965862097633,2.991239009434232,-0.007442423224468531,69.51077982107692,0.011050200591008578,8794968.25,0.5214414503429277,0.00869606160016464,0.6290310672124921,1.0299651112439112,1.0388021306750268,-0.013605136964178755
2025-07-10,211.1460876480978,212.66170231197523,208.2238247720422,208.9964904785156,3952305,FEDERALBNK,-0.013605136964178755,-0.02769716936148703,0.021892798945816194,208.7433952331543,202.73630554199218,195.01355033874512,1.0012124706751973,1.0308784601741041,1.0717024028098645,210.90447040550058,208.32157268411305,2.582897721387525,2.9095707518248903,-0.3266730304373655,56.97628326301474,0.011369352418942226,8785780.15,0.44985248122786226,0.02123422039179759,0.1741070364201736,1.0296300639153055,1.0396011209981684,-0.017063190115876647
2025-07-11,208.9964895382236,209.80878765002504,204.8161622141443,205.4303436279297,4009049,FEDERALBNK,-0.017063190115876647,-0.03687536336931152,0.01013156539265414,208.84641799926757,203.09014739990235,195.12420028686523,0.9836431268294491,1.0115229431756692,1.0528183758135214,210.06229705510503,208.1074075688402,1.9548894862648467,2.7186344987128814,-0.7637450124480347,50.77034646274217,0.011998268239835881,8805220.95,0.4553036230169784,0.024303252127754107,0.12301772317454891,1.0283434261733566,1.0408250083860733,0.015382435063350464
2025-07-14,205.0539181542844,209.41254611722675,204.4496523802308,208.59036254882807,5690671,FEDERALBNK,0.015382435063350464,-0.020832291742622355,0.02412337267079545,209.0920867919922,203.4677639770508,195.23772300720213,0.9976004627871774,1.0251764627066677,1.068391698776027,209.8358455926009,208.14318201180225,1.6926635807986372,2.5134403151300324,-0.8207767343313952,52.341343603119945,0.012447897473182905,8907246.75,0.638881032458206,0.023792536128481114,0.8343338358688389,1.0276423287158931,1.0421539487506986,0.005223852973970322
2025-07-15,209.0163086734758,210.7795730066129,208.22382675496428,209.6800079345703,5149486,FEDERALBNK,0.005223852973970322,-0.008571402598137157,0.03369633393166427,209.43384323120117,203.95078002929688,195.3415377807617,1.0011753816841216,1.028091228209328,1.0734020542517748,209.8118705682885,208.25702096904433,1.5548495992441644,2.3217221719528593,-0.7668725727086949,52.20871764236288,0.012411265486326414,8710323.45,0.5911934303656657,0.01218879318454689,0.569767510630877,1.02688424727337,1.0440727678626018,0.014267491190429471
2025-07-16,209.6800035998351,213.37493214116532,209.6800035998351,212.67161560058597,8125748,FEDERALBNK,0.014267491190429471,0.003740247798618368,0.03674906593148708,209.81076583862304,204.4167578125,195.45020645141602,1.0136353811518106,1.0403824905375796,1.0881114912173333,210.25183134248812,208.58402797878816,1.66780336369996,2.1909384103022793,-0.5231350466023192,57.43865425807291,0.012549408108786754,8716622.4,0.9322129177007827,0.017373867833258925,0.8096535473657234,1.026387308378458,1.0458763974921297,-0.00978156499443572
2025-07-17,212.6518012878448,214.76178115902133,209.9771880702888,210.5913543701172,5632702,FEDERALBNK,-0.00978156499443572,0.007631055851464286,0.0425166522390068,210.2401901245117,204.92909545898436,195.54936531066895,1.0016703002665546,1.0276303318396587,1.0769216971660893,210.30406565443104,208.7327188225903,1.5713468318407422,2.067020094609972,-0.49567326276922996,56.59132631033377,0.012210817400989022,8464660.25,0.6654374580480061,0.02271979827017748,0.12836332963710426,1.0259167428306457,1.0479660475165125,-0.0005644389683157058
2025-07-18,210.5814548553068,211.3145032700643,209.11537314112695,210.4724884033203,6478635,FEDERALBNK,-0.0005644389683157058,0.024544303856702143,0.02390249594663496,210.48585891723633,205.42617767333985,195.6422834777832,0.9999364778518386,1.024565081174829,1.0758026570836934,210.32997684656786,208.8615906433851,1.468386203182746,1.9472933163245272,-0.47890711314178125,48.807365690502344,0.011664492734705802,8321051.55,0.7785836875388664,0.010448539595936392,0.6171145783215358,1.024630167884164,1.0500090983484545,0.0014589454109810163
2025-07-21,210.45265694215303,211.4927884329228,207.86719414639248,210.7795562744141,4607473,FEDERALBNK,0.0014589454109810163,0.01049518155506135,0.028170993334136085,210.77461776733398,205.78933074951172,195.72177894592286,1.0000234302741593,1.024249194585197,1.0769346028305395,210.39914291239037,209.00366217160948,1.3954807407808971,1.8369308012158014,-0.4414500604349043,36.4753629775842,0.011627481216103875,8376379.55,0.5500554234078373,0.017200882052385343,0.803278551833977,1.0242251967080371,1.051438076323486,-0.0017858423939975943
2025-07-22,211.24515206561912,211.98810101778423,209.6205709614981,210.40313720703125,5385123,FEDERALBNK,-0.0017858423939975943,0.003448727799965523,0.015199298216422852,210.93212280273437,206.07283996582032,195.79746063232423,0.9974921525053924,1.0210134302120024,1.0745958427016278,210.39975741925818,209.10732698904812,1.2924304302100609,1.7280307270146533,-0.43560029680459245,37.48243935314841,0.011426184026508187,8408613.85,0.6404293378271855,0.011252351498716267,0.33054120831764394,1.023580413788251,1.0524796353349628,0.0019303820877252242
2025-07-23,210.4923119472245,211.4928111391958,209.70973055148903,210.80929565429688,5401894,FEDERALBNK,0.0019303820877252242,-0.008756786565192964,0.011454454672841674,211.0514907836914,206.36169860839843,195.8916170501709,0.9988524358274126,1.0215524347584404,1.0761527156126611,210.46276330157184,209.2333987420295,1.229364559542347,1.6282974935201922,-0.39893293397784513,40.05708569816403,0.011373747028665938,8277427.95,0.6526053784617962,0.008458263579756044,0.6166659602424392,1.022726078564572,1.0534483390146603,-0.0005169519263661382
2025-07-24,210.96778323480345,213.1569976573668,210.2248342912002,210.7003173828125,6465529,FEDERALBNK,-0.0005169519263661382,0.000517414463766741,0.012760596816657088,211.1842300415039,206.63629272460938,195.9858724975586,0.9977085757842984,1.0196675259927324,1.0750791100283883,210.49931008330117,209.3420593820875,1.1572507012136555,1.5340881350588849,-0.3768374338452294,43.26820707948217,0.011362859680465586,7966284.0,0.8116116623509781,0.013916274083437917,0.16216118688977493,1.0220093830417085,1.0543427956889262,-0.021438602549046615
2025-07-25,210.25455797126577,211.0866571878532,205.30156485062344,206.1831970214844,6563450,FEDERALBNK,-0.021438602549046615,-0.020379344656278775,-0.0011996760652870364,211.17184753417968,206.81677978515626,196.10444717407228,0.9763763467008175,0.9969365021332891,1.051394805128849,209.8352926891755,209.10806957759837,0.7272231115771319,1.3727151303625345,-0.6454920187854025,35.452632753206416,0.012273668749626423,6696262.25,0.9801662113815808,0.028058020346958534,0.15239725132600793,1.0210576131856783,1.054625648553371,-0.010281576463494257
2025-07-28,205.94543998308475,208.45165319643573,203.7661261169536,204.0633087158203,8456565,FEDERALBNK,-0.010281576463494257,-0.03186384712685275,-0.03340837579708533,210.81919479370117,206.89800872802735,196.19478973388672,0.9679541225622653,0.9862990464256555,1.0401056470082932,208.94729515481316,208.73438358783704,0.21291156697611768,1.140754417685251,-0.9278428507091334,34.593256711867156,0.011236921754676296,6419576.95,1.31730876751933,0.022961144308442205,0.0634256496282104,1.0189522658520525,1.0545540429929774,-0.003834899378943213
2025-07-29,203.73641335384625,205.15297721950824,201.71559884962664,203.2807464599609,10354388,FEDERALBNK,-0.003834899378943213,-0.033851162304971205,-0.061768439710368495,210.1500457763672,207.03768310546874,196.2907292175293,0.9673124062808137,0.9818538510035684,1.035610531736755,208.0755184325282,208.3304104672536,-0.2548920347254011,0.8616251272031207,-1.1165171619285217,32.45755599221974,0.00911736293727801,6105443.2,1.6959273325153528,0.016909512729276804,0.4553317796050994,1.0150328318217943,1.0547501857615988,-0.002582755244682655
2025-07-30,203.28075323034253,203.82557038917668,200.8537744740713,202.75572204589844,5616031,FEDERALBNK,-0.002582755244682655,-0.03820312374462542,-0.060022915471310334,209.50269012451173,207.1141571044922,196.38483612060546,0.967795315303095,0.9789563633914466,1.0324408241040588,207.25708821920057,207.91747058419026,-0.6603823649896867,0.5572236287645592,-1.2176059937542458,35.91233715461567,0.009112957918007042,5813083.35,0.9661019224849065,0.014657026125421281,0.6399993896484315,1.0115324469047013,1.0546341621676816,-0.010992791206429486
2025-07-31,201.0915191944312,202.8052505690652,199.2490051627161,200.52687072753903,8617317,FEDERALBNK,-0.010992791206429486,-0.04828396455041761,-0.06709991358676826,208.78153381347656,207.13912017822267,196.45853660583495,0.9604626762953463,0.9680782198698418,1.0207083601048428,206.22167014356035,207.37001874295683,-1.1483485993964848,0.21610918313235045,-1.3644577825288353,38.21986765065993,0.009284803392099066,6013020.4,1.4331095567212777,0.017734508065909437,0.3593299727126584,1.0079290364555027,1.054365586535019,-0.031467624998202104
2025-08-01,200.77452449764544,201.0122736120532,192.58228465245853,194.21676635742188,10948324,FEDERALBNK,-0.031467624998202104,-0.058037855833691476,-0.08944828099801794,207.82758712768555,206.99310638427735,196.4551685333252,0.9345090757277501,0.9382764950484074,0.9886060407948818,204.37476186876984,206.39570375143572,-2.0209418826658805,-0.23130103002729577,-1.7896408526385847,20.0082144153441,0.011186924055511131,6304427.45,1.7366087700795096,0.043405052600251647,0.19388894965313644,1.004031442196239,1.0536404205072598,0.0020401958173157375
2025-08-04,184.0532219431881,195.1875404753057,183.3697064942992,194.61300659179688,39513112,FEDERALBNK,0.0020401958173157375,-0.046310638514560076,-0.08644498560205272,206.9068260192871,206.88532928466796,196.4444701385498,0.9405828233702437,0.9406805560582561,0.9906769401782538,202.87295336462014,205.52291136924023,-2.649958004620089,-0.7150324249458545,-1.9349255796742346,17.62451253043524,0.011262996200339177,8047913.25,4.909733836904865,0.06072479012563912,0.9513841635927357,1.0001039065200683,1.0531491629097747,-0.0021378910313013533
2025-08-05,193.6422123863213,195.04886060112048,192.25538037605037,194.1969451904297,5819712,FEDERALBNK,-0.0021378910313013533,-0.044685989340955135,-0.08177986596627285,206.04203338623046,206.75774017333984,196.4525930786133,0.9425113021788283,0.9392487315232816,0.9885181058043812,201.53818287628314,204.68395091155057,-3.145768035267423,-1.2011795470101683,-1.9445884882572548,5.361398520546132,0.011254704706966373,8068678.75,0.721271992641918,0.014384779443007322,0.695034386481325,0.996538428082502,1.0524561520580327,0.006784296337573714
2025-08-06,194.63280269226047,195.9007676519233,192.77048766013135,195.51443481445312,7011622,FEDERALBNK,0.006784296337573714,-0.035714342157041945,-0.07723601621839904,205.22379837036132,206.67353912353516,196.47121627807618,0.9526889004442555,0.9460061294909557,0.995130169794089,200.61145240523237,204.00472749695075,-3.3932750917183796,-1.6395986559518105,-1.753676435766569,12.176893507591302,0.011447283548618677,8189956.8,0.856124418141009,0.016010480222407343,0.8765820187065698,0.9929853586515143,1.0519278245370003,0.006384024517151365
2025-08-07,193.77099177060208,197.3965862559458,193.1667260230448,196.7626037597656,6357907,FEDERALBNK,0.006384024517151365,-0.01877188306044053,-0.05853632609207671,204.61210403442382,206.62480194091796,196.48770980834962,0.9616371655445289,0.9522700174978397,1.0013990389102916,200.01932184439133,203.4682738867889,-3.448952042397565,-2.001469333240961,-1.4474827091566036,17.450624802111562,0.011432385090320098,8310236.9,0.7650692846072775,0.021497277186194402,0.8501173889271993,0.9902591659491601,1.0515914819428445,-0.011478682413710417
2025-08-08,196.7328750232252,197.85224108892743,193.91956369722817,194.5040283203125,7038453,FEDERALBNK,-0.011478682413710417,0.0014790791149408289,-0.05318744599583913,204.06578826904297,206.51167541503906,196.50237060546874,0.9531437384490725,0.941854875417605,0.9898304418465849,199.17081514837918,202.80425569667952,-3.6334405483003422,-2.3278635762528377,-1.3055769720475046,14.636318365403568,0.011133810479449816,8461707.1,0.8318005949414156,0.020219002278054923,0.14861748495260887,0.9881561798330266,1.050937323446681,0.0017316209534841143
2025-08-11,194.50403568444415,196.13851728232973,193.81060459168336,194.84083557128903,8062362,FEDERALBNK,0.0017316209534841143,0.0011706770450858883,-0.06591640577028324,203.37831192016603,206.32227294921876,196.538775100708,0.9580216972583179,0.9443519247155852,0.9913607911286263,198.50466444421144,202.21437272442836,-3.7097082802169155,-2.604232517045653,-1.1054757631712624,16.127718790165176,0.010360477844627137,8580291.65,0.9396372907673831,0.011947765897332272,0.44255567820269953,0.9857312495303049,1.049778970299869,-0.00360973284781696
2025-08-12,195.147927025957,195.39557667954324,193.73137826280464,194.13751220703125,5218014,FEDERALBNK,-0.00360973284781696,-0.00030604489344643326,-0.07412483374375411,202.60118713378907,206.0187533569336,196.57473381042482,0.9582249489921855,0.9423293221791429,0.9876015520603781,197.83279486926065,201.6160867601767,-3.783291890916047,-2.840044391819732,-0.9432474990963149,14.17627887761708,0.01016202320827635,8583718.05,0.6078967144080414,0.00857226611085792,0.24404178019982029,0.9834113828597755,1.0480428962738237,0.001071524348510433
2025-08-13,195.1479176991373,196.03945036330413,193.6025863530698,194.3455352783203,6992167,FEDERALBNK,0.001071524348510433,-0.005978584329295766,-0.08617078621664054,201.68488311767578,205.7259323120117,196.6110391998291,0.9636098267460471,0.9446817573954096,0.9884772293014219,197.29629339373136,201.0775273911503,-3.7812339974189513,-3.028282312939576,-0.7529516844793753,15.006389323658752,0.00932123082339531,8527039.0,0.8199994159754634,0.012538821675242099,0.3048791077919337,0.9803571229503186,1.046360027134176,-0.0016819992165900688
2025-08-14,194.5436622993976,194.8309292483352,193.1568302780863,194.0186462402344,2679922,FEDERALBNK,-0.0016819992165900688,-0.01394552352479228,-0.07869605178926775,200.85624771118165,205.50384002685547,196.65868698120119,0.9659577356997165,0.944112023477906,0.9865755193350846,196.79203998550105,200.5546473058973,-3.7626073203962562,-3.1751473144309124,-0.5874600059653439,18.285157337788732,0.009253267543548457,8379400.0,0.31982266033367546,0.008628546805630383,0.5147939144959743,0.9773844016001527,1.044977179403724,-0.00035744603744536363
2025-08-18,195.544159409366,195.79180906166525,193.00822938827517,193.9492950439453,6237845,FEDERALBNK,-0.00035744603744536363,-0.00285204003823325,-0.07850524068358156,200.03008804321288,205.26629455566408,196.71217926025392,0.9696006082947185,0.9448667423153108,0.985954686554241,196.3546946098771,200.0653619531601,-3.7106673432830064,-3.2822513202013317,-0.4284160230816747,20.474294989781228,0.009257484477398863,8367360.5,0.7454973405293103,0.014352099979323832,0.3380774995112802,0.974490665777419,1.0434854381034175,0.021758034456272668
2025-08-19,194.8408386290659,198.6645497821208,193.46390719680528,198.16925048828125,5129740,FEDERALBNK,0.021758034456272668,0.017082737852324614,-0.05982698706185463,199.39957275390626,205.01567321777344,196.70895980834962,0.9938298650863037,0.9666053691308775,1.0074236104006364,196.6338570527085,199.92490925205797,-3.2910521993494797,-3.2840114960309617,-0.007040703318518027,37.572259910858094,0.010865075576261263,8393473.85,0.6111581559284897,0.026243438739871738,0.9047619047619115,0.972606482344881,1.0422284445889853,-0.0016995939084730738
2025-08-20,198.61500944171448,199.3480578108501,197.3470445058769,197.8324432373047,5498900,FEDERALBNK,-0.0016995939084730738,0.019032545479068075,-0.059745753493006704,198.77103805541992,204.79179809570311,196.69147575378418,0.9952780101804694,0.9660174141586169,1.0058007978187564,196.81825492726176,199.76991176948366,-2.951656842221894,-3.2175405652691484,0.2658837230472546,37.919311309536226,0.01086560970027428,8399162.7,0.6546962115640408,0.010114687319374215,0.24257646374534403,0.9706005802172333,1.0411828845702435,-0.001402066632950616
2025-08-21,197.62441812618425,199.11031600683225,197.12911883263487,197.55506896972656,6033820,FEDERALBNK,-0.001402066632950616,0.016514573832683732,-0.06287306564652506,198.10832672119142,204.6196319580078,196.6692862701416,0.9972072968328914,0.9654746569491874,1.0045039198361063,196.9316109337948,199.605849339872,-2.6742384060772224,-3.1088801334307634,0.434641727353541,41.93548387096776,0.010811131404254794,8430759.0,0.7156911969610328,0.010028581825460403,0.2149963378906244,0.9681784920903747,1.0404249480874495,-0.009534355106589065
2025-08-22,198.3124953398864,198.74102400041244,195.33267005187864,195.6715087890625,2466153,FEDERALBNK,-0.009534355106589065,0.00851909123611505,-0.07132788778122623,197.3568862915039,204.4426821899414,196.63639122009278,0.9914602549011031,0.9570971515980705,0.9950930627589158,196.73774906537443,199.3144167064787,-2.5766676411042795,-3.002437634965467,0.4257699938611874,55.196018373384355,0.010881779039290199,8230790.2,0.29962530207609955,0.01741875436861924,0.09941418711211734,0.9653409169624654,1.0396991163304616,-0.0067739548741969635
2025-08-25,195.67151235698657,197.2261985506133,193.9075496717454,194.34603881835935,6443184,FEDERALBNK,-0.0067739548741969635,0.0020456056533959543,-0.05741087719137272,196.76502838134766,204.26220520019533,196.59627456665038,0.9877062017428214,0.951453738727058,0.9885540265030396,196.36979364275675,198.94638871476616,-2.576595072009411,-2.9172691223742557,0.34067405036484466,49.10580673650114,0.01008392631772473,8224776.9,0.783387084943301,0.017075979006547237,0.13212881585819988,0.9632963092144249,1.0389932650068912,-0.013076189036028252
2025-08-26,194.1267868846025,195.32271337981564,191.25660283386733,191.8047332763672,6681812,FEDERALBNK,-0.013076189036028252,-0.03211657306182536,-0.06007241339267155,196.152099609375,204.02476013183593,196.54355033874512,0.9778367586089298,0.9401051771972556,0.9758892263103494,195.6674766633122,198.41737720081068,-2.7499005374984904,-2.883795405399103,0.13389486790061245,42.985991309887645,0.01021011916999384,8136039.25,0.8212610331249324,0.02119921899992706,0.1348046090498059,0.9614132102526487,1.0380638783628202,-0.003637198227701144
2025-08-28,190.84799214748443,192.02396725412456,189.85139688822863,191.1071014404297,7746254,FEDERALBNK,-0.003637198227701144,-0.03399514097294842,-0.05988587326409189,195.54341735839844,203.79000457763672,196.48500999450684,0.9773128854046887,0.9377648419828397,0.9726294206655892,194.96588047517642,197.8758752926343,-2.9099948174578856,-2.8890352878108594,-0.020959529647026187,36.59018968976813,0.01020940782371735,8005632.55,0.9676004927305838,0.011368339269030971,0.5779810734384323,0.9595338974728929,1.0371783811056838,-0.00026069123498562163
2025-08-29,190.6486737932282,193.19995519246453,190.46927874121243,191.05728149414065,4184028,FEDERALBNK,-0.00026069123498562163,-0.03289101873959832,-0.057697215317600636,194.95849533081054,203.50848693847655,196.41993034362793,0.979989516075972,0.9388172668784075,0.9726980411809252,194.36455755501706,197.37079427052367,-3.006236715506617,-2.9124755733500107,-0.09376114215660625,31.275477397604703,0.0102279856809311,7934032.4,0.5273520183759269,0.014292448996956123,0.21533226781906092,0.9579870513692591,1.0360887847910725,0.009754311312157649
2025-09-01,191.0572854123599,193.4391474932734,191.0572854123599,192.92091369628903,4546443,FEDERALBNK,0.009754311312157649,-0.014057207969600971,-0.03792986447978042,194.57819747924805,203.32684783935548,196.360404586792,0.9914826850879027,0.948821642327884,0.9824837858847317,194.14245849982814,197.04117348724702,-2.8987149874188844,-2.9097234561637855,0.011008468744901023,44.66603807923683,0.010416193930278766,7730488.7,0.5881184458622907,0.012346313498510605,0.7824249350383846,0.9569724782876703,1.0354778412033894,-0.00010337519620096103
2025-09-02,192.92090662151648,194.7446777188751,192.38273668100467,192.9009704589844,3069260,FEDERALBNK,-0.00010337519620096103,-0.00743554315879591,-0.006774883153064071,194.51240768432618,203.0736849975586,196.29602416992188,0.9917155041957171,0.9499062887508223,0.9827044193824396,193.95146033969834,196.7344917814498,-2.7830314417514614,-2.884385053281321,0.10135361152985967,43.32144339320342,0.007745855305104696,7336535.5,0.4183527770021695,0.012244319104514984,0.2194101248382481,0.9578415228278576,1.0345277539690243,-0.0017048783107808108
2025-09-03,192.84118275635976,194.00719738541503,192.1036967897037,192.5720977783203,8091723,FEDERALBNK,-0.0017048783107808108,0.004000758942937166,-0.010487011373075394,194.41036224365234,202.82503936767577,196.2322777557373,0.9905444110894246,0.9494493302142581,0.9813477170051859,193.73925071487096,196.4261662997365,-2.6869155848655453,-2.8448911595981663,0.15797557473262103,44.467966934305345,0.007731266922171453,5765466.05,1.4034811635045532,0.009884612660254413,0.24607346573568128,0.9585126316244932,1.0335967236753216,-0.01723336136994036
2025-09-04,193.80788085145448,194.00719686149344,187.75854034199187,189.25343322753903,7767020,FEDERALBNK,-0.01723336136994036,-0.009699630201698506,-0.02545617778921827,194.1631866455078,202.4650473022461,196.1910171508789,0.9747132630917686,0.9347461981673096,0.9646386260487931,193.04912494758915,195.894852738833,-2.84572779124386,-2.845058485927305,-0.0006693053165549578,35.248217670523516,0.00858899293579436,5862831.45,1.32478991870046,0.03301740112682034,0.23923428674335293,0.9589960797315054,1.0319791917208023,0.0032649588044357802
2025-09-05,190.3496993693456,190.4393892953237,188.46613488961876,189.871337890625,4068142,FEDERALBNK,0.0032649588044357802,-0.006207267235465275,-0.02886281480538011,193.88103179931642,202.09403533935546,196.1647332763672,0.9793187921918953,0.9395197516433073,0.9679178041810618,192.56023463113314,195.44866645378056,-2.8884318226474193,-2.8537331532713277,-0.03469866937609156,38.1845039367887,0.00845058798242662,5715657.45,0.7117539907854344,0.010392587041450347,0.7121245982999493,0.9593604852006256,1.0302261367981713,0.0005247758491886412
2025-09-08,189.35309360709397,191.3163874257776,188.6355438252991,189.97097778320312,9815612,FEDERALBNK,0.0005247758491886412,-0.015290907846983948,-0.03451685354222389,193.54145050048828,201.73254425048827,196.12275131225587,0.9815518964642866,0.9416972283228581,0.9686330449277747,192.1618874237593,195.04291173744147,-2.881024313682161,-2.8591913853534945,-0.02183292832866668,38.68547885234785,0.008264981145293114,5888542.7,1.6669000294419194,0.014111858725799252,0.4981394504571863,0.9593962700444146,1.0286034786922849,0.005298580603373182
2025-09-09,190.3397339638929,191.3961225051893,189.2634092595051,190.97755432128903,3712535,FEDERALBNK,0.005298580603373182,-0.009971002909517912,-0.018130596211693883,193.3651268005371,201.4234783935547,196.0541030883789,0.9876525177070272,0.9481394912073968,0.9741063885574411,191.9796823310716,194.74177415105981,-2.7620918199882283,-2.8397714722804412,0.07767965229221296,24.97182893659388,0.008071796737333107,5722246.8,0.6487897376254377,0.011167350285030186,0.8037391174142625,0.9599929876234555,1.0273872121041778,0.023221812565691557
2025-09-10,191.346288829544,196.22959949297996,191.0672433748812,195.4123992919922,5427537,FEDERALBNK,0.023221812565691557,0.014749288949126527,0.0029334904001374618,193.39370498657226,201.10939910888672,195.9866778564453,1.010438262742627,0.9716721354539476,0.9970698081587271,192.5077926327517,194.79145008742518,-2.283657454673488,-2.7285486687590508,0.44489121408556276,43.44702835544374,0.00970366776560351,5590505.55,0.9708490495998167,0.02641775105777694,0.8417001496423814,0.9616343435140148,1.0261381095310655,0.0029069506401684375
2025-09-11,195.41240209565328,197.52517919893796,194.53539339308065,195.9804534912109,4449153,FEDERALBNK,0.0029069506401684375,0.03554503687964261,0.009492968480065311,193.48585205078123,200.69573364257812,195.9295719909668,1.0128929397885638,0.9765053294069284,1.0002596928055683,193.0420481494377,194.87952441363151,-1.8374762641938105,-2.550334187846003,0.7128579236521926,45.80235082021618,0.00967870751365159,5552062.5,0.8013513896862653,0.01525553060316493,0.4833323160807135,0.9640755612441814,1.024325892223309,-0.011645018695827347
2025-09-12,195.9804539254756,196.28941123317517,193.21989597420628,193.69825744628903,4795808,FEDERALBNK,-0.011645018695827347,0.020155330436806285,-0.0033305515925762252,193.45348815917967,200.25564208984375,195.84367012023927,1.0012652616886801,0.96725493187047,0.9890452794689099,193.14300342587637,194.79202315679134,-1.6490197309149721,-2.3700712964597974,0.7210515655448253,44.84913324405936,0.010050887865747399,5442244.55,0.8812187611084107,0.015846891445680886,0.1558426760332977,0.9660326477712308,1.0225280294578616,0.009827158194732899
2025-09-15,193.58863413044375,196.2096845964416,193.5388013248214,195.6017608642578,2036783,FEDERALBNK,0.009827158194732899,0.029640227927239415,0.008159600402856126,193.53264389038083,199.86867736816407,195.76352149963378,1.0106913073282302,0.9786513997085873,0.9991736936782869,193.521273801012,194.85200372771476,-1.3307299267027588,-2.1622030225083897,0.8314730958056309,53.18184805849087,0.010283475405199747,5410087.6,0.37647874685060556,0.013654699527340743,0.7723885058387383,0.9682990173287028,1.0209699735532085,0.0007132405545942078
2025-09-16,195.33266428038817,196.5983444752212,194.8841994700913,195.74127197265625,3513785,FEDERALBNK,0.0007132405545942078,0.024943861430715808,0.009239409343070326,193.6222427368164,199.51758880615233,195.6878347015381,1.0109441415711735,0.9810727622757857,1.0002730740579744,193.86281198126497,194.91787544956227,-1.0550634682973055,-1.9407751116661731,0.8857116433688677,61.35706305121281,0.010281802310774997,5273884.6,0.6662612602482808,0.008757197640819338,0.5,0.970451998219246,1.0195707316730003,0.013033964499808981
2025-09-17,196.3292629169786,198.8207510250621,196.24953347269957,198.2925567626953,5372024,FEDERALBNK,0.013033964499808981,0.014738867549543233,0.0006222270817002329,193.62840805053708,199.22287536621093,195.63396827697753,1.0240881426393842,0.9953302621408033,1.0135896056760132,194.54431117840812,195.16785184312766,-0.6235406647195418,-1.6773282222768469,1.053787557557305,68.7272921054474,0.009487271847819438,5285998.8,1.0162741618480882,0.012966788034508053,0.7945742623445231,0.9719185494868995,1.0183450099225726,-0.0027139809997475117
2025-09-18,199.319056423456,199.78745742259807,197.1365103225252,197.75439453125,6394641,FEDERALBNK,-0.0027139809997475117,0.009051622283946958,-0.0003945192445562462,193.62450561523434,198.9481072998047,195.57874839782716,1.0213293710054576,0.99399987873845,1.0111241438614658,195.0381701557684,195.3594475978034,-0.3212774420350115,-1.40611806622848,1.0848406241934685,67.02125844272285,0.00949995420700648,5330785.85,1.1995681649826546,0.013405250014072155,0.2330805502334688,0.9732412549341425,1.017227633010126,-0.0025701325428826305
2025-09-19,197.75439765381105,198.8207619217964,196.9471578956436,197.2461395263672,2693450,FEDERALBNK,-0.0025701325428826305,0.01831654103063851,-0.0015637636886285389,193.6090591430664,198.65544738769532,195.52940734863282,1.0187856931870796,0.9929057678515217,1.0087799180747958,195.37785775124513,195.4992025554748,-0.12134480422966476,-1.149163413828717,1.0278186095990522,61.80632262901418,0.00951275833362702,5163767.35,0.521605606418345,0.00949881214735926,0.15957567690409885,0.9745972823248062,1.0159875697546032,-0.014753468454456575
2025-09-22,197.31590011760903,197.8839515057082,193.88761000547868,194.3360748291016,5221899,FEDERALBNK,-0.014753468454456575,-0.0064707292488771495,-0.006824876898151477,193.54228744506833,198.36223907470702,195.46115730285644,1.0041013640714491,0.9797029703617678,0.9942439588034794,195.21758345553073,195.4130449461138,-0.19546149058308515,-0.9584230291795908,0.7629615385965056,53.38347758078708,0.009852567410833454,5301554.65,0.984975039350014,0.020564074394030553,0.1122188440595368,0.9757012642520968,1.014842241864738,0.0006666923680720416
2025-09-23,195.33267021373092,195.33267021373092,193.21989313679063,194.46563720703125,3435579,FEDERALBNK,0.0006666923680720416,-0.006516943272971032,0.0006153888671931451,193.54826736450192,198.14294494628905,195.36641265869142,1.0047397471184885,0.98144113715351,0.9953893023913285,195.10189941730005,195.34286659507066,-0.24096717777061372,-0.8149318588977954,0.5739646811271817,54.506662211876126,0.009734875330138457,5151174.4,0.6669506278024677,0.010864526541987433,0.5896239995393633,0.9768112986155898,1.014211922355601,-0.00794342657617031
2025-09-24,194.53539316335767,196.14988783726324,192.6418682379522,192.92091369628903,2934434,FEDERALBNK,-0.00794342657617031,-0.02708948411429657,0.005819358056787793,193.60407638549802,197.82955596923827,195.26627227783203,0.9964713413996062,0.9751875181193224,0.9879889212090558,194.76636315252912,195.16346267664238,-0.39709952411325844,-0.7313653919408881,0.3342658678276297,59.533707036202,0.009432879288642067,4963805.5,0.5911661929541759,0.01818371856165701,0.0795450112056506,0.9786408074211252,1.0131271195045866,-0.0012914385643263415
2025-09-25,192.9408531732217,194.654998279209,191.91436124667368,192.67176818847656,5665259,FEDERALBNK,-0.0012914385643263415,-0.025701711230342594,0.008187381506252311,193.68230972290036,197.4893911743164,195.17266242980958,0.9947824789167913,0.975605661867743,0.987186247242836,194.4441177734441,194.97889271455603,-0.5347749411119196,-0.6920473017750944,0.15727236066317485,57.42208447140869,0.009395433629895748,4859755.75,1.1657497395831056,0.014224383044299231,0.27636163884942455,0.9807226027242361,1.0118701498235696,-0.0078104452409955005
2025-09-26,191.944259003478,193.47900905960324,189.6321506305921,191.1669158935547,3860755,FEDERALBNK,-0.0078104452409955005,-0.030820494877162652,0.0005738299977715577,193.68779144287106,197.05929718017578,195.06969566345214,0.9869848505652463,0.9700984354915589,0.9799928955821472,193.93993286884574,194.69652406114852,-0.7565911923027784,-0.7049560798806312,-0.051635112422147134,52.949912793958134,0.009575417241657554,4843592.1,0.7970850807193282,0.02012303442271963,0.39896588119493437,0.9828909075311373,1.010199439282236,-0.009071052252437761
2025-09-29,192.34288717511157,192.47244942644323,188.40633889864637,189.43283081054688,8268524,FEDERALBNK,-0.009071052252437761,-0.025230745361439544,-0.018080377181052376,193.51338729858395,196.63612670898436,194.95523536682128,0.9789133116576533,0.9633673830999623,0.9716734739342412,193.24653255218436,194.30662085740025,-1.060088305215885,-0.775982524947682,-0.2841057802682029,46.32177952695261,0.009498525437131252,5029696.15,1.6439410559621974,0.021464655890949612,0.25245056790344794,0.9841191979181833,1.0086219348713583,0.014993632533124135
2025-09-30,190.1503794928624,193.3394812976417,189.91119115494013,192.2731170654297,7294473,FEDERALBNK,0.014993632533124135,-0.011274589038408722,-0.0032547964484617165,193.48199462890622,196.27213928222656,194.85329246520996,0.9937519893476645,0.97962511525364,0.986758368990655,193.09677632345287,194.1559909468839,-1.0592146234310178,-0.8326289446443492,-0.22658567878666858,41.910603629958146,0.010140752493188248,5240956.8,1.391820859885737,0.017830314476749955,0.6889515799932585,0.9857843060990521,1.0072816158201172,0.004302104047112509
2025-10-01,192.34288908200375,194.02713753866556,190.947661772434,193.1002960205078,5901005,FEDERALBNK,0.004302104047112509,0.0009298231113563649,0.0027428596784333514,193.5084045410156,195.91855407714843,194.76539138793945,0.9978910036415432,0.9856151548794565,0.9914507636312293,193.0973178153075,194.07779132270787,-0.9804735074003759,-0.8621978571955546,-0.11827565020482123,42.67613000554086,0.010180043729534061,5131420.9,1.149974853943476,0.015947545548581157,0.6990262016927811,0.9876982068008539,1.0059207782295987,-0.007173832425880655
2025-10-03,192.9508104623564,194.834374910765,191.55558316977115,191.71502685546875,6145378,FEDERALBNK,-0.007173832425880655,-0.004965653982434537,0.013006863790788747,193.6314842224121,195.5447918701172,194.66823616027833,0.9901025529260415,0.9804148963619946,0.9848295265675594,192.88465766763997,193.902771732542,-1.0181140649020222,-0.8933810987368481,-0.12473296616517404,44.71586164390363,0.009499873234263566,5050338.8,1.2168248989552939,0.017102424336646743,0.04862879325457437,0.9902155018837018,1.0045028183700044,0.006705859393281166
2025-10-06,191.5555807897382,193.4491056928397,191.14697308525905,193.00064086914065,5036576,FEDERALBNK,0.006705859393281166,0.009592271586402523,0.016481176217962412,193.78794937133787,195.18861877441407,194.57627067565917,0.9959372680047892,0.9887904432184024,0.9919022509731161,192.9025012371016,193.83594722414188,-0.9334459870402725,-0.901394076397533,-0.03205191064273949,42.83358851537868,0.009579800325802607,5098760.5,0.9878039966772316,0.011928108617740624,0.8051959204164384,0.99282402113468,1.0031470851847892,0.028451933788143702
2025-10-07,193.43915210537145,199.23932879262156,193.43915210537145,198.49188232421875,12430510,FEDERALBNK,0.028451933788143702,0.04782197190903981,0.04485371734381327,194.21399459838864,194.9444500732422,194.52716522216798,1.0220266708105987,1.018197144107687,1.0203813030304671,193.762406019735,194.18083130562906,-0.4184252858940454,-0.8048003182968355,0.38637503240279014,55.852430850904966,0.01139211099946251,5229505.4,2.3769953464432794,0.029221228693756075,0.8711338449316824,0.9962530070767385,1.002145123795937,0.0172716569124296
2025-10-08,199.81734941105563,202.8071351877797,198.67127094604612,201.920166015625,9371594,FEDERALBNK,0.0172716569124296,0.05017367532931005,0.05729789415947173,194.76112518310546,194.859189453125,194.54601890563964,1.0367580584975,1.0362363026466277,1.0379043845331115,195.0174460191027,194.75411535822136,0.26333066088133705,-0.591174122461201,0.8545047833425381,57.440723406359616,0.011865105215541594,5512458.35,1.7000752486411077,0.020482670568988785,0.7855420003382619,0.9994967429029405,1.0016097504808734,0.02334535375091429
2025-10-09,202.80714145782295,207.20213033512488,201.46173173396735,206.63406372070312,13012847,FEDERALBNK,0.02334535375091429,0.07008672684146466,0.05742554960365198,195.32220840454102,194.91060455322267,194.58388534545898,1.0579138204946648,1.0601478775069892,1.0619279358814866,196.80461797319506,195.63411153322,1.170506439975071,-0.2388380099739466,1.4093444499490178,65.54974471118753,0.011876292658707521,5891723.85,2.208665465541125,0.027780504810264638,0.9010405628788208,1.0021117570912155,1.0016790661116857,0.004630050133030972
2025-10-10,206.2055230311961,209.4743541744747,205.82681197697983,207.59078979492188,5126420,FEDERALBNK,0.004630050133030972,0.0828091735940013,0.059242317776510456,195.90272521972656,194.99680541992188,194.65868019104005,1.0596625930654402,1.0645855933274346,1.0664347954645028,198.4640290226915,196.51979140445718,1.9442376182343253,0.19777711566770778,1.7464605025666176,67.83503147681927,0.011882881883235228,5925587.2,0.8651328259923337,0.017570828653324544,0.4836072408301514,1.0046458186730485,1.0017370159324517,0.022659645548183116
2025-10-13,207.39147672639956,212.77308497079505,206.6141336512499,212.2947235107422,15174980,FEDERALBNK,0.022659645548183116,0.09996900815828602,0.09600739990967555,196.83254852294922,195.18758544921874,194.74431510925294,1.0785549702212498,1.0876446010751752,1.090120260463795,200.5918281746993,197.68830489381162,2.9035232808876685,0.7389263487116999,2.164596932175969,79.158573518161,0.012138621854936959,6444545.8,2.3547012420952926,0.02901132547099562,0.9223306963744288,1.0084276009150102,1.002276165749522,0.011360425652451545
2025-10-14,212.2149938220488,215.264572837486,211.278191859014,214.70648193359372,13286463,FEDERALBNK,0.011360425652451545,0.08168898102789846,0.09767151882949587,197.78778457641602,195.47117767333984,194.84349479675294,1.0855396474226704,1.0984048108227946,1.1019432912428535,202.76331336837535,198.94891060046217,3.8144027679131796,1.354021632551996,2.4603811353611835,80.59655843382995,0.012177727800117019,7007029.8,1.8961619087163009,0.01856665407849666,0.8600006103515455,1.0118513989154327,1.0032214720704002,0.0041311195704301085
2025-10-15,214.36765213892727,216.44055695215403,213.3710568527525,215.5934600830078,7102306,FEDERALBNK,0.0041311195704301085,0.06771633728908855,0.10142055331654731,198.7803939819336,195.89871154785158,194.94235443115235,1.0845811086509984,1.1005353653402945,1.105934422060901,204.73718209370344,200.18184019176184,4.555341901941603,1.9942856864299174,2.561056215511685,84.96772140817129,0.01214217002185078,7186455.85,0.988290493706992,0.014237445320557051,0.7240277433737903,1.0147100632327442,1.0049058457280353,-0.008459330094776396
2025-10-16,215.76287436318563,216.0319593420148,213.33117948923183,213.76968383789065,5674145,FEDERALBNK,-0.008459330094776396,0.03453264185343796,0.0780519820202703,199.55425033569335,196.28184509277344,195.03680053710937,1.0712359344803926,1.0890955489890137,1.0960479419739917,206.1267977466553,201.18834712851213,4.938450618143179,2.58311867277257,2.355331945370609,81.03193117227003,0.012335034980063574,7201561.9,0.7879047738241338,0.012634063934112715,0.1623621222614554,1.0166719710698318,1.0063836391503314,-0.00988343001696701
2025-10-17,213.8593731361073,214.5370658202798,210.79983359628727,211.6569061279297,9465410,FEDERALBNK,-0.00988343001696701,0.01958717116989983,0.07030190974837103,200.24937591552734,196.63104431152342,195.09928581237793,1.0569666205462456,1.076416528575217,1.0848676623628177,206.97758365146677,201.9637959432838,5.013787708182974,3.0692524798546508,1.9445352283283235,79.60826648039568,0.012635928889997029,7355100.35,1.286917859659114,0.017657029446200366,0.22933349609374745,1.0184016293900742,1.0078511743021887,0.06921554504468874
2025-10-20,215.76287453597203,229.11724498340828,215.28451306743247,226.30685424804688,55614063,FEDERALBNK,0.06921554504468874,0.06600319831592838,0.1473322357104736,201.70241165161133,197.2468927001953,195.24012237548828,1.1219838790967624,1.14732785470046,1.159120633067473,209.95131758940218,203.76698544734032,6.184332142061862,3.6922684122960936,2.4920637297657686,88.80032805436403,0.019277528860188145,10001131.0,5.560777376078765,0.06112378682447792,0.796830390957291,1.0225885381027937,1.0102784729915686,0.0015853691591387609
2025-10-21,227.6123966350811,228.5193019944793,226.22712979658257,226.66563415527344,2950169,FEDERALBNK,0.0015853691591387609,0.055700005486460036,0.1663590218882538,203.31888961791992,197.84495330810546,195.38032592773436,1.1148282118854136,1.1456730655256357,1.1601251716567953,212.52275090722853,205.46318164792797,7.0595692593005595,4.365728581696986,2.693840677603573,88.18322271124076,0.018639791057942442,9887544.5,0.2983722601703588,0.010112570467239445,0.19130515547358629,1.027667808646551,1.0126145115618381,0.001846613600395619
2025-10-23,226.66562981100165,230.4626553426889,225.72882782754175,227.08419799804688,16833570,FEDERALBNK,0.001846613600395619,0.05329817477123333,0.16773431676409434,204.9498176574707,198.49655670166015,195.49473693847656,1.107999024315157,1.1440208423330682,1.1615872711167243,214.76297353658518,207.06473841460343,7.698235121981753,5.03222988975394,2.666005232227813,88.07502690009372,0.018617598548230457,10557444.05,1.5944739958153034,0.020846133534962463,0.2863159179687595,1.0325106947094795,1.0153549901659413,-0.002018788901364643
2025-10-24,227.22372619638907,231.4094233744288,226.1175048158437,226.62576293945312,25955732,FEDERALBNK,-0.002018788901364643,0.06013986113817582,0.17470811534836939,206.63506011962892,199.13225524902344,195.61126388549803,1.0967440027275663,1.1380665711642137,1.1585517031990018,216.5880180601033,208.51370319422193,8.074314865881377,5.640646884979427,2.4336679809019497,89.94298124631194,0.018397345912762108,11708508.95,2.2168264217793507,0.02335091337342319,0.09604420740468256,1.0376774966025615,1.0179999417906038,0.029199618694833562
2025-10-27,229.117245020649,234.39920295913657,227.24365626571583,233.2431488037109,21764115,FEDERALBNK,0.029199618694833562,0.10198695176397443,0.21057252443724073,208.66362915039062,199.91436798095702,195.79911491394043,1.1177949398915372,1.1667152849460456,1.1912369925994213,219.1503458668122,210.34551398011,8.804831886702175,6.2734838853239765,2.5313480013781984,91.0365772253814,0.018824373799025598,12513451.75,1.7392575154173588,0.030678486078245318,0.8384394365718258,1.0437650442926993,1.0210177306921198,0.00743466674970672
2025-10-28,233.20329550498,235.82434595739903,231.55891937582075,234.97723388671875,15860246,FEDERALBNK,0.00743466674970672,0.038312492423091093,0.22917311705524646,210.85414505004883,200.727001953125,195.9967259979248,1.1144065194020445,1.170630914626982,1.1988834644574964,221.58525171602855,212.170085825044,9.415165890984554,6.9018202864560925,2.5133456045284612,90.29275092310368,0.018378655815203582,13113426.3,1.2094662094528261,0.018152509973092208,0.8014003864610334,1.0504523208057917,1.0241344641402341,-0.003689867727898255
2025-10-29,235.39580018436823,235.61505236073597,232.5056799785568,234.11019897460935,7589866,FEDERALBNK,-0.003689867727898255,0.03284381793067115,0.23584807328748947,213.08801345825196,201.5288330078125,196.19896682739258,1.0986549415670255,1.1616709901036038,1.1932285004363425,223.51216667888713,213.79527939167846,9.716887287208664,7.464833686606607,2.252053600602057,87.68082134526003,0.018114140346590313,13079493.4,0.5802874597574246,0.013281661353491072,0.5160266442348844,1.0573574524196812,1.0271656179775346,-0.00042574142686979677
2025-10-30,234.20984457337968,236.6315789420056,233.60192086170983,234.01052856445312,11944357,FEDERALBNK,-0.00042574142686979677,0.030501156079851155,0.21707356772512498,215.1748840332031,202.33005767822266,196.41091247558595,1.0875364456027476,1.1565781735535003,1.1914334372513078,225.12729927666652,215.29270525632845,9.834594020338074,7.9387857533529,1.8958082669851732,85.9272573482766,0.018253652937770936,13311987.6,0.8972632306238026,0.012946674232485746,0.13486924659940683,1.063484518822252,1.030136539401152,0.00766582721020459
2025-10-31,233.9009121828747,236.69138204413088,233.05381530808236,235.80441284179688,7758968,FEDERALBNK,0.00766582721020459,0.040501352464485496,0.22114992934425004,217.3100898742676,203.08276092529297,196.65332359313965,1.0851056799904222,1.1611247147094925,1.1990868424357666,226.76993213284044,216.81209100340018,9.957841129440254,8.342596828570372,1.6152443008698825,86.22982581543208,0.018213605675091088,13404885.75,0.5788164214678219,0.015426202979878014,0.7561641430398841,1.0700568028726394,1.0326942724113595,0.005409715408849491
2025-11-03,235.8143673596217,238.0766428750485,235.4655681400546,237.08004760742188,7840791,FEDERALBNK,0.005409715408849491,0.016450210106449648,0.2366273603902378,219.57834091186524,203.8677130126953,196.90894790649415,1.079705979300488,1.1629112040544565,1.204008503056975,228.3561037443145,218.3134211222166,10.042682622097914,8.68261398727588,1.3600686348220332,84.90034158409247,0.017794644454530176,13489656.4,0.5812446787006376,0.01101347313426204,0.6183198993616922,1.077062854470691,1.0353400146625418,-0.00016811181469478242
2025-11-04,237.03021596528976,238.17630965278408,234.02050919121763,237.04019165039065,6499891,FEDERALBNK,-0.00016811181469478242,0.008779394197254264,0.22818344324105078,221.78031845092772,204.6574154663086,197.14040054321288,1.068806255244148,1.158229185638343,1.2023927667653886,229.69211726832623,219.70058930948875,9.99152795883748,8.944396781588202,1.0471311772492786,83.699244907338,0.017944083970499822,13562822.15,0.4792432524819327,0.017532049871507974,0.7266187313610358,1.0836661742532263,1.038130260983456,-0.008492747768120812
2025-11-06,237.1697428828015,237.5285177955151,234.24972598205693,235.02706909179688,4895857,FEDERALBNK,-0.008492747768120812,0.003916403989246753,0.1840638838212092,223.60707778930663,205.44452667236328,197.3539617919922,1.0510716897487955,1.1439928476002232,1.1908910617133266,230.51287908732172,220.83588410817825,9.676994979143473,9.090916421099257,0.5860785580442158,78.35950543697786,0.0178979603845183,13186089.5,0.3712895320481482,0.013950698641344813,0.23708217964594444,1.0884061085059153,1.0409951987125468,0.006063663762550187
2025-11-07,234.1998943216608,237.1896802066181,231.6286766357769,236.4521942138672,7026019,FEDERALBNK,0.006063663762550187,0.010433999121289839,0.17101822408154144,225.33367919921875,206.28664978027345,197.5683088684082,1.0493424465182521,1.146231200447167,1.1968123610925774,231.42661987602102,221.99264781971078,9.433972056310239,9.159527548141455,0.2744445081687843,83.49029504837262,0.017788300914491486,13068810.75,0.5376173191581338,0.023518511170217166,0.8673825716246821,1.092332826381316,1.0441282357570423,0.005057778615836339
2025-11-10,236.44223008610024,238.07664573637769,235.7545769100794,237.6481170654297,7513078,FEDERALBNK,0.005057778615836339,0.007818785922678151,0.1500916779464141,226.88438186645507,207.2035174560547,197.8076551055908,1.0474414991037602,1.1469309014786968,1.2014101119522995,232.3837732897762,223.15231220828255,9.231461081493649,9.173914254811894,0.05754682668175448,89.44343483182077,0.01742817163468988,12793822.3,0.587242641317599,0.009771038184405062,0.8154539322457828,1.0949832543966076,1.0474999935945266,-0.010777548207465015
2025-11-11,237.62817395743392,237.7676966842276,234.2895737855928,235.08685302734372,7025378,FEDERALBNK,-0.010777548207465015,-0.008407264129534298,0.13245319438104697,228.25918502807616,208.08311248779296,198.02206016540526,1.0299119091239537,1.1297738207425887,1.1871750694391257,232.79963171094045,224.03635226895375,8.763279441986697,9.091787292246856,-0.3285078502601593,71.04630577907818,0.017880373395923344,12888770.2,0.5450774504459704,0.014795054907771589,0.22922687466387665,1.096961604904227,1.0508077348250182,0.012929804606477857
2025-11-12,235.19648752820396,239.0931787466384,232.6850631492256,238.12648010253903,8593960,FEDERALBNK,0.012929804606477857,0.004582718418277842,0.12167875001608208,229.550772857666,209.02449645996094,198.25998428344727,1.03735865115205,1.1392276222904458,1.201081907492213,233.61914684810944,225.0800654418119,8.539081406297527,8.98124611505699,-0.44216470875946357,74.34374457117809,0.017543477158736026,12559719.2,0.6842477815905311,0.026910554402237802,0.849144630835054,1.0982003389331783,1.0542949310493435,-0.013183255491832191
2025-11-13,237.71787445826084,237.84743671277616,234.2098547625594,234.98719787597656,3764303,FEDERALBNK,-0.013183255491832191,-0.00016964520714313203,0.09445786526675715,230.56480865478517,209.86582214355468,198.49335624694825,1.0191806774285874,1.1197020814339083,1.1838542222220567,233.8296162370121,225.81392710360188,8.015689133410206,8.788134718727633,-0.7724455853174277,65.04741147137386,0.01799399777419698,12083611.2,0.31152136043569495,0.015479915429846704,0.21369775968094715,1.0986296210588866,1.057293937246231,0.0019932960266997313
2025-11-14,234.59852436912897,236.3824384478671,234.27962178499104,235.45559692382807,3078306,FEDERALBNK,0.0019932960266997313,-0.004214794002451616,0.09212773352759829,231.55791549682618,210.71691467285157,198.7258507537842,1.0168324257827208,1.1174024510058176,1.1848262117420798,234.07976711190688,226.5281248680631,7.551642243843787,8.540836223750865,-0.9891939799070784,66.80573868091649,0.018003727309311233,11882411.2,0.2590640862521237,0.008930841697325763,0.5592380731987515,1.098905210606046,1.0603397286945018,0.011851348386067606
2025-11-17,236.30270549386896,239.1729047427084,234.46897384348244,238.24606323242188,6245112,FEDERALBNK,0.011851348386067606,0.0025160989044468174,0.11449883330085542,232.78173446655273,211.6303939819336,198.98537353515624,1.0234740443806354,1.125764871244158,1.1973043998147388,234.72073574583226,227.39612030246002,7.324615443372238,8.29759206767514,-0.9729766243029019,61.14563765553097,0.017802091846972262,11910959.55,0.5243164477038291,0.019744002630746573,0.8029644715999045,1.0999447200690122,1.0635474870445352,0.02279761599016883
2025-11-18,238.62477535071787,245.90988438616648,238.1862709961248,243.6775054931641,24152192,FEDERALBNK,0.02279761599016883,0.03654246230783964,0.15128539838846788,234.38276443481445,212.7188754272461,199.25704597473145,1.0396562481066507,1.1455377667061164,1.2229304329045698,236.09870032234485,228.60214883510477,7.496551487240083,8.137383951588129,-0.6408324643480459,66.64121660628118,0.01780782818220006,12645298.65,1.9099740281737039,0.03169604586361117,0.7109670331401271,1.101842814672917,1.067560117569051,0.006175652326484871
2025-11-19,244.46482323457136,247.65392506323357,243.9864617619813,245.182373046875,15310593,FEDERALBNK,0.006175652326484871,0.029630862310221273,0.08340674815858362,235.32654037475587,213.8250961303711,199.57111183166504,1.041881517726066,1.1466491889117876,1.2285464103325852,237.49618843381103,229.83031359153222,7.665874842278811,8.043082129726265,-0.3772072874474546,70.67357660573468,0.010217463461521796,10630125.15,1.440302233882919,0.01495810345448899,0.32608677624268206,1.1005562239115054,1.0714230840720527,-0.0044305946526173035
2025-11-20,245.67069166899967,246.0394422552496,243.01975983890264,244.0960693359375,4639649,FEDERALBNK,-0.0044305946526173035,0.038763266860046164,0.07689932902984165,236.19806213378905,214.90759796142578,199.86944396972658,1.0334380694354504,1.135818703719125,1.221277572438285,238.51155472644587,230.88703623926594,7.624518487179927,7.959369401216998,-0.33485091403707123,68.16219870082764,0.010381472550619187,10714599.15,0.4330212390633391,0.012370876862384562,0.3564313555651695,1.0990679918919606,1.0752398850620557,0.0005307843681472413
2025-11-21,243.35859870480868,246.75699218731145,243.16924317252307,244.2256317138672,7135057,FEDERALBNK,0.0005307843681472413,0.03724708566972956,0.07548492526973516,237.05513381958008,215.97255950927735,200.17446647644044,1.0302482286662666,1.1308178792194024,1.2200638573582079,239.39064349374144,231.87508034849566,7.515563145245778,7.870608150022754,-0.35504500477697576,66.13206184922133,0.010398405278463172,10229673.5,0.6974862882964935,0.01469030498400661,0.29444326707073964,1.0976169118808683,1.0789216192800306,0.0126907687329616
2025-11-24,244.2455670348549,250.36466129515333,243.62768284265263,247.32504272460935,16439268,FEDERALBNK,0.0126907687329616,0.03810757403084741,0.09133683442109963,238.0900978088379,217.01081237792968,200.4838417816162,1.038787606039736,1.13968995376086,1.2336407788614532,240.61132029849034,233.01952200598555,7.591798292504791,7.814846178519161,-0.22304788601437053,68.34399777057705,0.010492688503816338,9753850.3,1.685413195238397,0.027239370418312883,0.5488157499723477,1.097134724302115,1.082435424468352,0.031510681859994616
2025-11-25,247.55425395899852,256.02531358200474,246.65732431694437,255.1184234619141,15576893,FEDERALBNK,0.031510681859994616,0.046951063232510526,0.09378742642774318,239.18386154174806,218.19357177734375,200.84763740539552,1.066620556326225,1.1692297870363038,1.2702087351268023,242.84318232363245,234.65647766938767,8.186704654244778,7.889217873664284,0.2974867805804937,75.33513956218547,0.010788367143100455,9444489.2,1.649310266562643,0.03672015975145321,0.9031926601930402,1.096200312380531,1.086363646573232,0.0014843797708308237
2025-11-26,254.6300830987109,257.91883521592564,252.87608095574063,255.4971160888672,10148728,FEDERALBNK,0.0014843797708308237,0.04206967619169011,0.0873271076637192,240.20985565185546,219.4295489501953,201.230810546875,1.0636412706528082,1.1643696909155032,1.2696719522945583,244.7899413644378,236.2002286634232,8.589712701014605,8.02931683913435,0.5603958618802558,80.06432727306954,0.010786593525790112,9158913.3,1.10807119442871,0.019737030058809085,0.5197626134235609,1.0947014966811819,1.090437137105707,-0.005850900896838707
2025-11-27,255.12838528757436,256.02531493436624,252.4375811403618,254.00222778320312,4560033,FEDERALBNK,-0.005850900896838707,0.04058303140323116,0.08496865534145814,241.20445709228517,220.59755828857422,201.60319076538087,1.0530577703463477,1.151428101715118,1.2599117445457622,246.207216198094,237.51889526488839,8.688320933205603,8.1611176579486,0.5272032752570031,75.72299581824274,0.010880724575846426,9007421.65,0.5062528631597922,0.014124812310963866,0.4361100161489268,1.0934139931719193,1.0942166016871149,0.011966990843004677
2025-11-28,254.48061292720544,257.3607574950221,252.99568047331084,257.0418701171875,5507931,FEDERALBNK,0.011966990843004677,0.05247704065040848,0.098420108249065,242.35602416992188,221.82357025146484,201.9776933288574,1.0605961663117935,1.1587671671941728,1.2726250403240091,247.8740860318007,238.96504155024388,8.909044481556805,8.310703022670241,0.5983414588865639,76.96780767012675,0.010959518346975426,8685600.35,0.6341451112242346,0.016981968812011715,0.9269457614955047,1.0925620929064523,1.098257765971684,-0.005117925883571517
2025-12-01,258.81580025455173,258.81580025455173,254.9290696304596,255.72634887695312,5687469,FEDERALBNK,-0.005117925883571517,0.03396868371998396,0.08448500091693378,243.35212097167968,222.97224609375,202.34685653686523,1.050849065362013,1.1468976671178686,1.2638019352198968,249.08212646951642,240.20661987074087,8.875506598775559,8.423663737891305,0.45184286088425374,79.73006595593918,0.011152295789945964,8582025.4,0.6627187330394058,0.015198788240480848,0.20512850608980893,1.091400948929585,1.1019308622327277,0.007209736073418904
2025-12-02,255.726360965134,261.10796952138946,255.726360965134,257.570068359375,8694935,FEDERALBNK,0.007209736073418904,0.009609830854990786,0.08642659286909837,244.37662200927736,224.1685595703125,202.70285079956054,1.0539881689239357,1.1490017549877944,1.2706780755346605,250.38796368334081,241.4928012402693,8.895162443071513,8.517963478927346,0.3771989641441671,79.00679132993432,0.011170482660325286,8624732.6,1.0081396610487379,0.020893765298640062,0.3425941101007636,1.0901467292188511,1.1058974192325395,-0.0007739285142184249
2025-12-03,258.1181739888371,258.9652860479831,254.9789049825185,257.3707275390625,5218904,FEDERALBNK,-0.0007739285142184249,0.007333199994099537,0.08576830683067138,245.39314880371094,225.37105133056642,203.06567405700685,1.048809751998954,1.141986630579098,1.2674260617124808,251.46223504575954,242.6689439290688,8.793291116690739,8.573029006480025,0.2202621102107134,86.60353677129261,0.011183798933694452,8560683.25,0.6096363862078416,0.015488867376572938,0.5999984741210982,1.088840591348961,1.109843169591025,0.0015488187381691443
2025-12-04,258.11816255504283,260.3106842093964,256.1747897062444,257.76934814453125,5356973,FEDERALBNK,0.0015488187381691443,0.014831052444718829,0.09676450946955262,246.53026275634767,226.639716796875,203.44480453491212,1.0455890699280659,1.137352939668364,1.2670234992425022,252.43256013787826,243.78749238947344,8.645067748404813,8.587436754864983,0.05763099353982959,86.57289399129269,0.010803793172126019,8583739.05,0.6240838600516403,0.016044943019497552,0.3855413712974616,1.087762843338264,1.1140108360839587,0.0021265396457219587
2025-12-05,258.1181736643203,259.36391774571183,256.0751655363078,258.3175048828125,5002265,FEDERALBNK,0.0021265396457219587,0.0049627508741802995,0.09247243715221565,247.62352828979493,227.91675415039063,203.82528900146485,1.043186431704916,1.1333853267862966,1.2673476689193166,253.33793625248353,244.86378961120226,8.474146641281266,8.56477873214824,-0.09063209086697377,85.50764463256095,0.010813193597257839,8482551.35,0.5897123157409475,0.012731433786866293,0.6818207039414035,1.0864647893607717,1.1181966441306144,-0.0067515713774675135
2025-12-08,258.3174974744773,259.01509589184565,254.48059973109577,256.5734558105469,5397988,FEDERALBNK,-0.0067515713774675135,0.003312552411254943,0.07963597178389015,248.56979522705078,229.1898049926758,204.20770210266113,1.0321988461075302,1.119480230888744,1.2564337836853967,253.83570849218557,245.73117229263522,8.104536199550353,8.472730225628663,-0.3681940260783101,76.23671088765028,0.011099039006945992,8376796.85,0.6443976255673433,0.017673286374948083,0.46154104122231937,1.0845586924557762,1.1223367318312776,0.013206462545669595
2025-12-09,255.57687041802043,262.30388852371243,254.72975835160585,259.9618835449219,11474245,FEDERALBNK,0.013206462545669595,0.00928607582698504,0.1058120868829906,249.81354675292968,230.5356072998047,204.61097023010254,1.0406236448098993,1.1276430855509847,1.2705178185342287,254.7781969618373,246.78529905206386,7.992897909773433,8.376763762457617,-0.3838658526841847,77.92832329141254,0.010719311356941343,8599240.2,1.3343324216016201,0.02913554121405554,0.690788918915665,1.0836223942970102,1.1267020875789195,-0.004792079668192395
2025-12-10,259.91202150543467,261.1079479362606,257.4703814618678,258.71612548828125,8102670,FEDERALBNK,-0.004792079668192395,0.005227470746511198,0.08646516496979317,250.8430290222168,231.88659149169922,205.0053845214844,1.0313865467848706,1.115701101232248,1.2619967328768773,255.38403211975174,247.66906397326514,7.714968146486598,8.244404639263413,-0.5294364927768154,77.4615165025904,0.010769992577000011,8574675.7,0.9449535216824586,0.014060068608122134,0.3424663260954947,1.0817487436792832,1.1311243947711906,0.005007661357387283
2025-12-11,258.76594420063213,261.45676347476706,257.8191969846755,260.0116882324219,4776310,FEDERALBNK,0.005007661357387283,0.008699017567571188,0.10649299443816052,252.09425354003906,233.2981686401367,205.4104866027832,1.0314066448608092,1.114503768923668,1.2658150639369492,256.0959792140087,248.58333243690637,7.512646777102333,8.098053066831199,-0.5854062897288657,78.40734042897884,0.009961612053885767,8625276.05,0.5537573490184119,0.01399001142917842,0.6027357173315036,1.0805667914560246,1.1357656198501778,0.0017248698747884816
2025-12-12,260.6096577652492,262.70251387210254,259.0649472938691,260.4601745605469,8484790,FEDERALBNK,0.0017248698747884816,0.00829471343301491,0.10619657363595403,253.344482421875,234.66190979003906,205.81540420532227,1.02808702234463,1.1099380159037762,1.2655037924212453,256.76739388270687,249.463098520139,7.304295362567871,7.939301525978533,-0.6350061634106625,76.12994916215297,0.009966224991792966,8895600.25,0.9538187150439904,0.01396592236940172,0.3835606130281034,1.0796148495022133,1.1401571748047556,0.014922506892110166
2025-12-15,261.1079587082499,265.39330617043487,260.01169783704535,264.3468933105469,9935972,FEDERALBNK,0.014922506892110166,0.030297122808136123,0.10955408758491103,254.64952392578124,236.08684173583984,206.22390579223634,1.0380812390114342,1.1197019341142591,1.281844082503546,257.9334707177592,250.56560183794699,7.3678688798121925,7.825014996745265,-0.45714611693307283,71.73697554074944,0.010098413355466651,9080143.25,1.0942527806485873,0.020358129675718824,0.8055575963424066,1.0786265005430138,1.1448083132209192,-0.011498572116130035
2025-12-16,264.49636798221366,264.84518239547845,260.1611726486029,261.3072814941406,6068364,FEDERALBNK,-0.011498572116130035,0.005175366214740684,0.0723488036587403,255.53101272583007,237.4786868286133,206.63964637756348,1.0226049617488433,1.1003399293795333,1.2645554039358482,258.45251852951014,251.36128181247986,7.091236717030284,7.678259340802269,-0.5870226237719844,62.161007232569624,0.009872889575868361,8175951.85,0.742221102977753,0.01792529362401464,0.24468541003831426,1.0760166149573036,1.149240675696386,0.005339434654552999
2025-12-17,261.5065881799376,263.5994442929757,260.2608441142808,262.7025146484375,3437773,FEDERALBNK,0.005339434654552999,0.015408352118108759,0.07145759046150069,256.4070198059082,238.8727243041992,207.05547843933107,1.0245527398091316,1.099759361030653,1.2687542325783545,259.1063640862682,252.20137313366192,6.904990952606255,7.523605663163067,-0.6186147105568116,68.28648143135521,0.009862926093057285,7582310.85,0.4533938357328096,0.012708672329089739,0.7313455950005886,1.0734043434753122,1.1536653176466947,0.006828460558005123
2025-12-18,263.1011411665695,265.84177805372127,262.1543635309934,264.4963684082031,7848032,FEDERALBNK,0.006828460558005123,0.01724799452773995,0.08357487741512837,257.42703475952146,240.1928140258789,207.4928108215332,1.0274615044037063,1.1011835199187336,1.2747254584916645,259.935595520412,253.11211352436868,6.823481996043313,7.383580929739116,-0.5600989336958033,66.53390930713925,0.009706357233581736,7742730.0,1.0136001126217755,0.013941267114250108,0.635134689299091,1.0717516084048446,1.1575958370551513,0.009231434529319626
2025-12-19,264.496378737935,267.33668134191663,264.1974123222207,266.93804931640625,7746013,FEDERALBNK,0.009231434529319626,0.024870883876158656,0.09299768186964408,258.5626556396484,241.49317169189453,207.94235160827637,1.0323921242842988,1.1053647912537055,1.2837117944076466,261.0128961044111,254.13625691637145,6.876639188039633,7.28219258139922,-0.40555339335958696,73.6841358805456,0.009734525996306403,7773277.8,0.9964924963829287,0.01176029055331444,0.8730175645956606,1.070683091485219,1.161346737805589,0.004853421037047445
2025-12-22,266.9380503691105,270.1769850113756,266.9380503691105,268.2336120605469,7215889,FEDERALBNK,0.004853421037047445,0.014703099784244555,0.08453882835964466,259.6080841064453,242.7251626586914,208.40376907348633,1.0332251901314633,1.1050919036265072,1.287086184923861,262.1237754822781,255.18050544556962,6.943270036708498,7.214408072461076,-0.27113803575257833,73.06023644755824,0.009543349115019929,7312108.85,0.9868410260331396,0.012075051360580473,0.3999962439903807,1.0695557117475036,1.1646870099220845,-0.013746889889605485
2025-12-23,269.37969699725284,269.52921062295565,264.04793648164974,264.5462341308594,5290581,FEDERALBNK,-0.013746889889605485,0.012395187069409674,0.03695464459607223,260.07947463989257,243.86427154541016,208.83753707885742,1.0171745944086956,1.0848093181275962,1.266756148493392,262.4964614282137,255.87426312596148,6.6221983022522295,7.095966118419307,-0.4737678161670775,63.483181504873684,0.007933893902595784,6797793.25,0.7782791864109724,0.02071953191590154,0.09090909090909186,1.0664927379141023,1.1677224073626504,-0.013938731643481805
2025-12-24,266.0909199974257,266.34006879892144,260.3106799681939,260.8587951660156,5763276,FEDERALBNK,-0.013938731643481805,-0.007018278773955555,0.020985282179402542,260.34755859375,244.83555297851564,209.2675782775879,1.0019636695463057,1.0654449159551025,1.2465322976117847,262.2445127724909,256.24348772152103,6.001025050969872,6.87697790492942,-0.8759528539595482,55.166659011222876,0.008684888163394995,6578520.65,0.8760747752612131,0.023113611434455696,0.09090725664073716,1.063356834522295,1.1699640956983206,0.0009552142002038355
2025-12-26,260.80900476390906,262.30389772874537,259.21444618534866,261.10797119140625,3931332,FEDERALBNK,0.0009552142002038355,-0.012810751380780694,0.027975122384627404,260.70284576416014,245.76358276367188,209.67410041809083,1.0015539739355688,1.062435566145248,1.2453038819327524,262.0696602215548,256.60381983040145,5.4658403911533355,6.5947504021742045,-1.128910011020869,54.713794646447354,0.008531216216999184,6547085.6,0.6004705360809701,0.01183208436456339,0.61290005020624,1.0607871305931196,1.1721217941253521,0.003435021983439368
2025-12-29,260.6594731542288,263.1011436604867,259.3639115062184,262.0048828125,4625001,FEDERALBNK,0.003435021983439368,-0.018480566994999226,0.019308187779095265,260.9509963989258,246.6918112182617,210.08396781921385,1.004038637246524,1.062073692347615,1.247143632768619,262.0596944663156,257.00389856981616,5.055795896499433,6.2869595010392505,-1.2311636045398178,59.445368464738216,0.00818197372312644,6502939.1,0.7112170249295431,0.01426397903027924,0.7066650390624913,1.0578016153444518,1.1742533891522386,0.017877609553733853
2025-12-30,262.5530394669553,268.48276315249075,261.10796414116226,266.6889038085937,37037734,FEDERALBNK,0.017877609553733853,-0.005758816876404338,0.042868304262676515,261.49912414550784,247.7501956176758,210.52334754943848,1.0198462602123213,1.0764427577693776,1.2667901537427602,262.7718805189738,257.7213063652811,5.050574153692651,6.039682431569931,-0.9891082778772802,61.19401620771215,0.008865852015075157,8070452.35,4.589300871096773,0.027653190312790392,0.7567582057298793,1.0554951268294825,1.1768300214753857,-0.0018684355010981646
2025-12-31,266.589244833349,268.1838034085452,263.2506444695234,266.19061279296875,6154254,FEDERALBNK,-0.0018684355010981646,0.0062158460410968175,0.03346873527853367,261.9301513671875,248.84086975097657,210.96712051391603,1.0162656395361247,1.069722240801339,1.2617635020306874,263.2978393303576,258.3486623969617,4.949176933395904,5.821581331935127,-0.8724043985392225,62.75512967399235,0.008824835125127611,7943418.3,0.7747614147425674,0.018532430153194668,0.5959605923478128,1.0526010121621492,1.179524416623785,-0.003182446752285517
2026-01-01,266.73870255663434,266.73870255663434,263.6492513149907,265.3434753417969,2846254,FEDERALBNK,-0.003182446752285517,0.017191983781597697,0.030977679081721998,262.3287887573242,249.62160217285157,211.4066577911377,1.01149201579725,1.0629828229291576,1.2551330129060876,263.6125525628867,258.8667966891717,4.745755873715041,5.60641624029111,-0.8606603665760693,59.24005136417585,0.008876429976878564,7824785.8,0.36374848753048294,0.01164321541226529,0.5483899548143781,1.05090579690965,1.1807650940656225,0.0026291652170413737
2026-01-02,266.5892223853942,267.8349664152325,264.94484634874215,266.0411071777344,3353300,FEDERALBNK,0.0026291652170413737,0.018893088417863302,0.032089769760232034,262.74237670898435,250.40911163330077,211.85414085388183,1.0125549997304155,1.0624258256517642,1.255774874663535,263.9861763497864,259.39822709573184,4.587949254054536,5.4027228430437955,-0.8147735889892598,59.58901811088859,0.00887961977597011,7724602.15,0.43410649958198816,0.010863434215673798,0.37931324781378,1.0492524612832157,1.181988280351861,-0.011987310778668991
2026-01-05,266.0411066212784,266.19058982181184,260.4601672965416,262.8519897460937,6650072,FEDERALBNK,-0.011987310778668991,0.0032331723153415926,0.01755392018569668,262.96910095214844,251.1244674682617,212.29370216369628,0.9995546579212892,1.0467000384154688,1.2381525550080272,263.81168610306446,259.65406136612904,4.157624736935418,5.15370322182212,-0.9960784848867021,47.368409742659,0.009383607836861122,7806992.5,0.8518097077715907,0.021800947867298345,0.41739024286682763,1.0471663856704194,1.1829105852354662,-0.026729759458055447
2026-01-06,263.1011526299684,264.0977479050819,253.93247914029143,255.82601928710935,10683533,FEDERALBNK,-0.026729759458055447,-0.0407324203082734,-0.0029131482875977,262.9317291259766,251.70847259521486,212.69446846008302,0.9729750766007296,1.0163583952873771,1.202786424768357,262.58312197753287,259.37050269360907,3.2126192839238,4.765486434242456,-1.5528671503186562,41.5384948781535,0.011141152738173805,8071269.75,1.3236496029636478,0.039735085559777124,0.18627546311186394,1.0445883144696937,1.183427450735296,0.007206807853170849
2026-01-07,255.82603123780663,258.2676715276894,252.33793240512864,257.6697082519531,6991588,FEDERALBNK,0.007206807853170849,-0.03201053730487036,-0.008817351458267342,262.81712036132814,252.19700378417969,213.10445320129395,0.980414471849101,1.0217001169151747,1.2091239970877745,261.8272121735975,259.2445179201531,2.5826942534444015,4.328927998082845,-1.7462337446384435,42.33688434626882,0.010841121319479827,7847136.9,0.8909731140283789,0.023012946158042672,0.8991585863429948,1.0421103994805454,1.1834431425323606,-0.010829624978133667
2026-01-08,257.619878953503,258.2676598004385,252.93588419571583,254.87924194335935,8212373,FEDERALBNK,-0.010829624978133667,-0.03943655816280478,-0.014830476985848717,262.62527618408205,252.5950439453125,213.4566516113281,0.9705053742226499,1.009042924842743,1.1940562171257865,260.7582936766378,258.9211641440943,1.8371295325434858,3.8305683049749737,-1.993438772431488,35.78797641897444,0.011052253560508811,7852622.05,1.0458128441314707,0.020918830282410785,0.36448603461896956,1.0397087451998508,1.1833552247659604,-0.0017595433269358418
2026-01-09,254.67991968702057,257.5700550418892,253.6334916310653,254.43077087402344,4731961,FEDERALBNK,-0.0017595433269358418,-0.04364113661560731,-0.021464101849951067,262.3462303161621,253.0014553833008,213.80487419128417,0.9698281944718645,1.0056494358443797,1.1900138939133473,259.78482863008173,258.58854242038535,1.1962862096963818,3.3037118859192556,-2.107425676222874,30.35995225108526,0.010971985577167807,7850404.6,0.6027665121871554,0.015472041362375127,0.20253179226478263,1.0369356568273644,1.1833287540346191,-0.009400712170621106
2026-01-12,253.23486693210825,255.52702391246123,249.5972850331133,252.0389404296875,7290684,FEDERALBNK,-0.009400712170621106,-0.04113740712730096,-0.03233213732221374,261.92516860961916,253.36202362060547,214.13737327575683,0.9622555242307913,0.9947778946031027,1.1769965073080573,258.59315352232875,258.1033867173707,0.4897668049580375,2.7409228697270125,-2.251156064768975,25.416081023110365,0.011106340412182164,7790699.3,0.9358189450335993,0.02352707430541738,0.4117644041760391,1.0337980604458563,1.183175172763219,-0.014234856054357703
2026-01-13,252.2880850354321,254.1317923568341,246.0095470367916,248.45120239257807,12045490,FEDERALBNK,-0.014234856054357703,-0.028827469993404575,-0.06013193769330594,261.1303840637207,253.6149594116211,214.4098332977295,0.9514450158046385,0.9796393831380341,1.1587677606538629,257.0328533485209,257.3884101007194,-0.35555675219848126,2.121626945341914,-2.4771836975403954,25.4932009456967,0.01073309358702641,7896175.2,1.5254841356610223,0.032691511418844084,0.3006133476123202,1.0296332072427241,1.1828513436669266,-0.009827484701671496
2026-01-14,247.6539281382448,247.6539281382448,241.47504041720936,246.00955200195312,11287769,FEDERALBNK,-0.009827484701671496,-0.045252336136456295,-0.05854306625026262,260.3654975891113,253.79354949951173,214.6747903442383,0.9448623349864365,0.9693294115910004,1.145963862861906,255.33696083366434,256.54553172303304,-1.2085708893687013,1.455587378399791,-2.6641582677684923,26.49848822944132,0.010670108111664363,8157145.45,1.3837891048025874,0.025116454506556647,0.7338718211865954,1.02589485864617,1.1822233485941465,0.0
2026-01-16,246.65732271686736,277.4521096521174,246.607489913335,269.3298645019531,66836048,FEDERALBNK,0.09479433749716693,0.0585585366767869,0.01827433821809743,259.7725242614746,254.6589926147461,215.32036491394044,1.0367911897828679,1.0576098716820161,1.2508332159366313,256.2754963430008,256.76988698230286,-0.4943906393020825,0.5345995669273043,-1.0289902062293868,56.81186730729391,0.024302235635233854,10934657.6,6.112312835474611,0.11452357797684441,0.7366722229370923,1.0200799178313893,1.1826981285143585,0.03496770288398232
2026-01-19,270.52580014523227,279.2958264185981,269.3298736471941,278.7477111816406,31846487,FEDERALBNK,0.03496770288398232,0.1059708103296213,0.044241208383283714,260.36300735473634,255.50490295410157,215.75951316833496,1.0706118123833763,1.0909681495689902,1.291937060333291,259.73276016433,258.3978739600316,1.3348862042984138,0.6946568944015262,0.6402293098968875,60.30664608517882,0.025407578616485398,12139681.3,2.623337978403107,0.03575259050256328,0.9450012207031305,1.019013742376237,1.1842115288550794,-0.02306053040259992
2026-01-20,277.0534683604472,278.8473275728517,268.73189227480003,272.31964111328125,13733716,FEDERALBNK,-0.02306053040259992,0.09606892013743873,0.015233098571599157,260.567308807373,256.1983334350586,216.1680069732666,1.0451028655885464,1.0629251075214707,1.2597592258273393,261.6692033872456,259.4291159713834,2.240087415862206,1.0037429986936621,1.2363444171685438,54.75635171747409,0.02602832787490516,12465572.65,1.1017316561064685,0.037145448843492745,0.35468061756791075,1.0170530983310313,1.1851815493989475,0.010430140182464687
2026-01-21,270.1769965588413,275.6582708031002,268.0343227097298,275.15997314453125,12133282,FEDERALBNK,0.010430140182464687,0.11849304592183763,0.04012054470759052,261.09799575805664,256.99979583740236,216.5922873687744,1.0538570866683519,1.0706622246447948,1.2704052230448923,263.74470642682803,260.59436465087583,3.1503417759521994,1.4330627541453698,1.7172790218068297,57.38936749989547,0.025865127554164532,12807707.7,0.9473422008217756,0.027707329689866778,0.9346404707290354,1.0159463158610722,1.186560237021872,0.0220934155623691
2026-01-22,279.09649262033963,286.2221731170297,277.252815705595,281.2391967773437,16816171,FEDERALBNK,0.0220934155623691,0.1432043775890086,0.07812809837735224,262.11701583862305,257.86205017089844,217.03690925598144,1.0729528408430133,1.0906575690023097,1.2958127617162096,266.4361664807535,262.1236114750586,4.31255500569489,2.008961204455274,2.3035938012396158,60.582932444556604,0.025931229709634858,13360352.45,1.2586622293785372,0.031892273602728546,0.4444444444444367,1.0165009378654386,1.18810229584852,-0.012934199078393216
2026-01-23,282.2357852325633,283.88016130223224,276.6049977736972,277.6015930175781,12120387,FEDERALBNK,-0.012934199078393216,0.03071225885373363,0.06316782192023229,262.94169692993165,258.71433807373046,217.4590835571289,1.0557534094394814,1.0730042837380935,1.276569313530879,268.15392440949574,263.2701286263564,4.883795783139362,2.5839281201920916,2.2998676629472707,60.206885220559506,0.02620374713000994,13769805.2,0.8802148486457891,0.02620721102300859,0.13698595776878517,1.0163398707921494,1.1897150205995572,0.02297621852219467
2026-01-27,278.05007399401234,284.7272743163271,278.05007399401234,283.9798278808594,12030692,FEDERALBNK,0.02297621852219467,0.018770079499627945,0.0838722730373136,264.0404441833496,259.6848226928711,217.93390213012697,1.0755163996151433,1.0935557378211587,1.3030548487646352,270.58867878970557,264.80418042298624,5.784498366719333,3.2240421694975403,2.560456197221793,69.65897932464136,0.026567658449776366,14140089.75,0.8508214737463035,0.02351293883140221,0.8880599054412344,1.016772722584677,1.191576070334458,-0.0017546704614317399
2026-01-28,285.4747274062768,285.4747274062768,281.2391975065616,283.4815368652344,10075884,FEDERALBNK,-0.0017546704614317399,0.04098821409400255,0.06296712317919684,264.8800758361816,260.5895321655273,218.40761611938476,1.070225972906158,1.0878469849094552,1.2979471224587666,272.57219541671003,266.1876883075972,6.384507109112803,3.856135157420593,2.5283719516922103,68.36877498064966,0.026404030375465053,12791997.25,0.7876709010393197,0.014941113790168213,0.5294117647058847,1.0164647583308486,1.193133906205383,0.011074027117522256
2026-01-29,283.4815499277359,288.6140097246833,283.0330698698663,286.6208190917969,15848490,FEDERALBNK,0.011074027117522256,0.0416515738691603,0.0767502883909652,265.90158615112307,261.4483984375,218.8998496246338,1.0779206820108933,1.0962806458357957,1.3093696481897543,274.73352213595416,267.7012535508713,7.032268585082875,4.491361842953049,2.5409067421298257,72.47704122207092,0.026427311531760284,13276709.05,1.1937062068856588,0.01947150898703397,0.642857532111537,1.0170327595817636,1.1943744999634665,0.0005215081658405119
2026-01-30,285.6740332896603,287.6672238661292,281.53816892622245,286.7702941894531,4286394,FEDERALBNK,0.0005215081658405119,0.01966687956546953,0.08075125578292708,266.97292709350586,262.28015686035155,219.3904531097412,1.0741549613718449,1.0933739617295604,1.3071229405137692,276.5853332211078,269.1137750796551,7.471558141452704,5.08740110265298,2.3841570387997235,72.99784779339689,0.026387103273946975,13348716.05,0.3211090852441947,0.02137269816328186,0.8536593837924216,1.0178922046155894,1.1954948501298575,-0.022415397266052794
2026-02-02,283.8303074022988,283.8303074022988,275.06028160359523,280.3422241210937,7143698,FEDERALBNK,-0.022415397266052794,0.009872533776641657,0.053755290282283985,267.6879829406738,263.0050799560547,219.8416849517822,1.0472723543336062,1.065919426985729,1.2752004888544275,277.1633164364903,269.9455120456876,7.217804390802655,5.513481760282916,1.704322630519739,69.03480621663311,0.027051892497280343,13538235.95,0.527668303786654,0.03128328537093773,0.6022721755595378,1.0178053708521582,1.196338537951706,0.014930786803848628
2026-02-03,292.9990140310311,297.23454399576536,282.3852803197847,284.5279541015625,8832776,FEDERALBNK,0.014930786803848628,0.0019301590003537594,0.08246452452730924,268.77178115844725,263.8111264038086,220.29888732910158,1.0586228690943809,1.0785290142237716,1.291554204159506,278.29633761573217,271.0256929387154,7.270644677016776,5.864914343629689,1.405730333387087,74.06910014744878,0.026938653059925738,13647371.15,0.6472144637174317,0.05218912047805391,0.14429495148932173,1.0188038117355427,1.1975145657894526,0.006654967087156516
2026-02-04,284.5279533163869,287.31840794351217,281.7374986892616,286.4214782714844,3498764,FEDERALBNK,0.006654967087156516,0.010370839098588824,0.11959478973105653,270.301554107666,264.5930551147461,220.765904006958,1.059636816432796,1.0824980956029702,1.297399068755006,279.54635925507864,272.16612148188347,7.3802377731951765,6.167979029542787,1.2122587436523897,77.16001424230292,0.02593000866851024,13288132.7,0.2632998991649143,0.01948495373995909,0.8392861035422374,1.021574636531727,1.198523188193077,0.0006959702237259169
2026-02-05,286.91978552125966,288.16552966681365,284.4282972301517,286.6208190917969,2481799,FEDERALBNK,0.0006959702237259169,0.0,0.11235744797574321,271.7491096496582,265.22310302734377,221.19830535888673,1.0547258810205908,1.0806781755443342,1.2957640820383518,280.6347376914968,273.23683982335854,7.397897868138273,6.413962797261885,0.9839350708763881,77.2210494448399,0.02595454447963976,13062643.25,0.18999209826847258,0.013038942699640415,0.5866699218749959,1.024605724568578,1.19902863901705,-0.0027817317968042987
2026-02-06,288.0160386479393,288.16552185862025,283.38187663478175,285.8235168457031,5682140,FEDERALBNK,-0.0027817317968042987,-0.003301518193946973,0.12140759155749681,273.2963233947754,265.82963104248046,221.62870147705078,1.0458374020379053,1.075213157106732,1.2896502796832006,281.43301140752857,274.1691862694581,7.263825138070445,6.583935265423597,0.6798898726468474,65.83725310700424,0.025747222195620523,12936131.6,0.4392456860905775,0.01673635982311726,0.5104141500197104,1.0280882621061223,1.1994368476233057,-0.0005230696790953226
2026-02-09,287.7170496617946,287.7170496617946,283.6310032128152,285.67401123046875,3613561,FEDERALBNK,-0.0005230696790953226,0.01901885142736104,0.12279662656021584,274.85848541259764,266.46306671142577,222.06761207580567,1.039349433951932,1.0720960872969614,1.2864280772873362,282.08547291875016,275.0213955258293,7.064077392920865,6.679963690923051,0.3841137019978138,58.09071860065692,0.025728964954995697,12880211.6,0.28055136920266127,0.014303178757422798,0.49999627834966426,1.031506875623645,1.199918638385075,-0.015349697883744295
2026-02-10,285.5245311591771,287.11908959742533,280.1429230420528,281.2890014648437,5142766,FEDERALBNK,-0.015349697883744295,-0.011383600767616131,0.11605373751091541,276.3209884643555,266.9480093383789,222.47404777526856,1.0179791373362472,1.0537220418388151,1.2643677061559417,281.9629388489184,275.485662632423,6.477276216495397,6.639426196037521,-0.1621499795421233,61.002400322239055,0.025951152348231258,12772815.7,0.40263369649966846,0.024800708591673878,0.16428484235489707,1.0351116277255905,1.1999062902295712,0.029229453641302916
2026-02-11,280.9401999072407,292.5007110963385,278.69786055471343,289.51092529296875,16329588,FEDERALBNK,0.029229453641302916,0.01078636644196096,0.16526272565794287,278.373974609375,267.6237008666992,222.94838882446288,1.0400071547608627,1.0817835802860052,1.2985558084517645,283.12416753261846,276.5245709776486,6.599596554969878,6.631460267823993,-0.03186371285411482,65.55068194534644,0.02600379674183677,12987020.6,1.2573775389252868,0.04767644097595744,0.7833935972606908,1.0401693635797615,1.200384099108297,-0.011703971900010934
2026-02-12,291.60377134165617,292.2017345643612,285.12590232530965,286.1224975585937,9229784,FEDERALBNK,-0.011703971900010934,-0.001738608991427082,0.16305442301005502,280.379621887207,268.1947494506836,223.3892446899414,1.0204825002356874,1.0668460070326868,1.2808248577756036,283.5854490750762,277.23552850216305,6.349920572913163,6.575152328841828,-0.2252317559286645,55.61922594474322,0.026074741234557743,12884121.35,0.7163689124986393,0.024730079946273693,0.14084494934515696,1.0454329268618436,1.2005714501740274,0.004179651527540296
2026-02-13,286.0726458670056,289.5607291386087,284.12930343531593,287.3183898925781,6202181,FEDERALBNK,0.004179651527540296,0.005230056166728891,0.1679155852058014,282.44506378173827,268.79370269775393,223.81829887390137,1.0172540672001469,1.0689178615752555,1.2837126872028124,284.1597476623842,277.9824071236753,6.177340538708904,6.495589970815243,-0.31824943210633894,61.846859986783805,0.026024859242452365,13194230.4,0.4700676592702216,0.018903856816556132,0.587154576252206,1.0507875033788818,1.200946053339417,0.002428079303236741
2026-02-16,286.1723144686262,288.76346815168654,284.3784552184852,288.0160217285156,4743148,FEDERALBNK,0.002428079303236741,0.008198192366044355,0.06938019020325537,283.3793716430664,269.3986361694336,224.28422439575195,1.016361988731097,1.0691072004810482,1.2841563980010837,284.7530205956352,278.72563783514494,6.027382760490241,6.401948528750243,-0.3745657682600019,55.71222986782111,0.016154662048508277,10089585.4,0.4701033602431275,0.015224892375378492,0.8295452180969436,1.0518960885341673,1.2011483950564297,-0.0005189818842686877
2026-02-17,288.0160298369674,290.0590379523484,281.6378262624129,287.8665466308594,7052510,FEDERALBNK,-0.0005189818842686877,0.023383584611422314,0.032713579640037516,283.83531341552737,269.9896170043945,224.78486587524415,1.0142027190585352,1.0662133967402676,1.2806313517148686,285.23202460105426,279.40274219038304,5.829282410671226,6.28741530513444,-0.4581328944632137,56.26777544746139,0.014364151895757645,8849886.55,0.7969040009897075,0.0292538740207777,0.7396465731755287,1.0512823291678934,1.2011022893073195,0.006924022966218635
2026-02-18,288.0160338733044,292.0024149649764,286.8699553921835,289.8597412109375,5124162,FEDERALBNK,0.006924022966218635,0.0012048454393069896,0.06440997067251497,284.71231842041016,270.65534271240233,225.2856169128418,1.0180793820902634,1.0709551797724597,1.2866322545707747,285.9439810025748,280.17733471042413,5.766646292150654,6.183261502537683,-0.41661521038702976,54.78641891459187,0.013156918480961345,8419408.85,0.6086130381944809,0.01770670032116643,0.5825249622233366,1.0519368122097066,1.2013875826662876,-0.00876752082832355
2026-02-19,291.0556219692957,291.4044363791905,286.5211258816807,287.3183898925781,3644333,FEDERALBNK,-0.00876752082832355,0.004179651527540296,0.044186720216244924,285.3202392578125,271.2024728393555,225.79456283569337,1.0070031857535355,1.0594239310744367,1.2724770086764867,286.15542852411374,280.70630176095403,5.449126763159711,6.0364345546620894,-0.5873077915023783,50.75648700240761,0.0133017711062285,7994961.4,0.45582871732188723,0.016996164078935415,0.16326301825452103,1.0520561861794657,1.2011027609938714,0.014915162208124721
2026-02-20,288.56415637603914,292.2017535447497,286.0726681309907,291.6037902832031,5030819,FEDERALBNK,0.014915162208124721,0.014915162208124721,0.036853303609969634,285.83846893310545,271.8602261352539,226.30571815490723,1.0201698580726968,1.0726239524943473,1.2885392055520184,286.9936380255121,281.51352313297247,5.480114892539632,5.925170622237599,-0.4450557296979669,66.52045252069422,0.012826462103939229,7405693.8,0.6793177163225409,0.021018538228897845,0.9024384192453548,1.0514170204173123,1.2012963187663002,0.01230346846186392
2026-02-23,292.8993409729991,295.5901603417706,287.01943501888854,295.1915283203125,6561111,FEDERALBNK,0.01230346846186392,0.024913567477022225,0.06336395663846406,286.7179656982422,272.5638229370117,226.8568034362793,1.0295536507502578,1.0830180070835371,1.301224049043023,288.25485191701983,282.526708702405,5.728143214614818,5.885765140713042,-0.15762192609822456,65.9225707671836,0.012529396738241725,7127730.0,0.9205049854582034,0.02903445560125284,0.9534891148134381,1.0519296457200833,1.2014796065552904,-0.0018569528109440014
2026-02-24,295.4406660085937,298.97856688459234,293.9955907698492,294.64337158203125,9095061,FEDERALBNK,-0.0018569528109440014,0.023541550869618844,0.03755035623743552,287.25114288330076,273.2474868774414,227.4019284057617,1.0257343752387913,1.078302219533995,1.2956942522329369,289.23770109625235,283.42423928608105,5.8134618101713045,5.871304474604695,-0.05784266443339092,62.79060934792404,0.011661749364240831,6980948.45,1.3028403038844958,0.016911889407143384,0.1299987792968711,1.0512489837176082,1.2016058473781972,0.011669235662733701
2026-02-25,295.3409976836156,300.0249769401334,295.3409976836156,298.0816345214844,5928219,FEDERALBNK,0.011669235662733701,0.028365075040081678,0.05150281678905544,287.9811477661133,273.9221817016602,227.92922706604003,1.0350734304440452,1.088198234512228,1.3077815353408733,290.59830623859574,284.50997226648127,6.088333972114469,5.914710374106651,0.17362359800781846,66.19707618682858,0.01182493879454537,6773565.2,0.8751992230029763,0.015713746551467508,0.5851086624807621,1.0513246717630385,1.2017861211905667,0.001337389080299456
2026-02-26,298.7792520623449,300.6728074207454,296.03861504891427,298.48028564453125,12490528,FEDERALBNK,0.001337389080299456,0.03884852534544092,0.04137684970098454,288.57412109375,274.66564178466797,228.4404901123047,1.0343279726998216,1.0867041239855308,1.3065997428818068,291.8109184548935,285.544810294485,6.266108160408521,5.984989931367025,0.2811182290414962,68.09111490126445,0.011656077302296725,6605667.1,1.8908806349021132,0.015525957976836502,0.5268815792927874,1.0506378563358354,1.202350956477279,0.001168639721767617
2026-02-27,298.48028713086427,300.9717753372989,295.73965010378623,298.8291015625,6871717,FEDERALBNK,0.001168639721767617,0.024777837326050323,0.042050406256794126,289.1770614624023,275.3881735229492,228.95280380249022,1.0333776131871808,1.085119588614423,1.3051995721366647,292.8906389329868,286.5288318698935,6.361807063093295,6.0603533577122795,0.30145370538101535,68.69686738793995,0.011652381141954217,6734933.25,1.0203095925263996,0.01750875402079389,0.5904773530505938,1.0500707338410957,1.2028163400895375,-0.016341551988392156
2026-03-02,289.01261179345266,298.33078311849323,288.0658341755569,293.9457702636719,6275477,FEDERALBNK,-0.016341551988392156,-0.004220168728178542,0.04852478496675605,289.85723876953125,275.9771615600586,229.43767959594726,1.0141053282350194,1.065109042364373,1.2811573529741367,293.0529668300153,287.0782347138771,5.974732116138171,6.043229109397458,-0.06849699325928782,67.73737175018496,0.011042281796541882,6691522.2,0.9378250288103356,0.034921233715078014,0.5728168859681624,1.0502942965679138,1.2028414951113087,-0.028818372894975797
2026-03-04,289.95941022610947,292.74986485758,282.1859487578567,285.4747314453125,8763077,FEDERALBNK,-0.028818372894975797,-0.031117754618030236,0.003327537172013839,289.9045776367187,276.3478952026367,229.8792590332031,0.9847196404157602,1.0330266175394003,1.2418464051342681,291.88708446313797,286.95945669398344,4.927627769154526,5.820108841348873,-0.8924810721943466,44.38284230948265,0.01265154524586162,6688037.25,1.3102613924586022,0.03700473259486019,0.31132230286663726,1.0490565792952442,1.202143666048279,0.011345740138689386
2026-03-05,286.7702806784867,290.6071784401516,284.22897497869053,288.7136535644531,6014011,FEDERALBNK,0.011345740138689386,-0.03142756839773053,0.00800280519045482,290.01918640136716,276.75749603271487,230.32281799316405,0.9954984604532086,1.043200844432864,1.2535173721824735,291.3988643248788,287.0893972029071,4.309467121971693,5.517980497473437,-1.2085133755017443,53.62117217360753,0.0128190547132228,6813799.6,0.8826222303338654,0.022091797123952678,0.7031256705528941,1.0479180891529842,1.2016069377934104,-0.011045952944267912
2026-03-06,285.4248705261223,290.2583635207038,284.62760649994664,285.5245361328125,3826606,FEDERALBNK,-0.011045952944267912,-0.04340571265449711,-0.0038248546021818486,289.964372253418,277.1770620727539,230.76895553588867,0.9846883391704232,1.0301160348465903,1.2372744655786614,290.49512152609935,286.9734815680853,3.5216399580140774,5.118712389581566,-1.5970724315674882,47.62536125970866,0.01307481720360271,6881039.95,0.5561086736605853,0.01972074658458783,0.15929112720712812,1.0461340851405216,1.2011020348430184,-0.04607330771858431
2026-03-09,279.04667682207145,279.79412327784485,267.7851623872218,272.3694763183594,12304998,FEDERALBNK,-0.04607330771858431,-0.08854433890738922,-0.047071146124784025,289.29167022705076,277.40727569580076,231.13614280700685,0.9415047315554921,0.9818396998968199,1.1783941403996752,287.70656072490857,285.8917034014389,1.8148573234696528,4.457941376359183,-2.64308405288953,34.42463885756504,0.01663828083293465,7212182.85,1.7061406034651494,0.04409070007751655,0.3817410992417448,1.0428409619085917,1.2001899500738369,0.00987932441031103
2026-03-10,276.3060468590778,280.1927624454155,274.3128562595533,275.060302734375,10974726,FEDERALBNK,0.00987932441031103,-0.06424813499563697,-0.037153216879539985,288.76098480224607,277.68632232666016,231.51505073547364,0.9525535554006584,0.9905432159197384,1.1880882122374654,285.7609825725188,285.08937742610084,0.67160514641796,3.7006741303709383,-3.0290689839529783,37.86595017358109,0.016857079917105933,7580241.1,1.447806983342522,0.021376789480015923,0.1271187755714314,1.039881915619013,1.199430971958455,-0.023731923131202537
2026-03-11,275.7579080802023,276.0568744791512,267.7851463623929,268.5325927734375,9571287,FEDERALBNK,-0.023731923131202537,-0.059347244451723236,-0.04534983104556445,288.12316436767577,277.8168765258789,231.85012641906738,0.9320062597631386,0.9665812823592933,1.1582162879138,283.1104610649678,283.862948933311,-0.7524878683431666,2.8100417306281176,-3.562529598971284,31.39134602582878,0.017310965813417616,7801667.15,1.2268258586243326,0.030803441888848166,0.09036157868031387,1.0370974145655865,1.1982606212762075,0.00296899426725572
2026-03-12,264.845185907101,271.22338938148937,263.9482562708652,269.3298645019531,7972457,FEDERALBNK,0.00296899426725572,-0.0671384564712757,-0.06970742389287565,287.114111328125,277.8696957397461,232.19676643371582,0.9380586111079461,0.9692667773106449,1.1599208233540905,280.99036928604244,282.7864241606178,-1.7960548745753613,1.888822409587422,-3.6848772841627833,33.81171042513458,0.015727144480523748,7383810.6,1.0797212214516987,0.027011980732539208,0.7397264282668509,1.0332688872882247,1.1966992478298284,-0.026642075527219644
2026-03-13,267.7352971707029,268.83155798479333,261.25742830359945,262.15435791015625,7258500,FEDERALBNK,-0.026642075527219644,-0.0818499822788804,-0.08376880480546312,285.91570434570315,277.78897064208985,232.50465621948243,0.9168938744028665,0.9437176620230987,1.1275230447973685,278.09252138205994,281.2581229568799,-3.1656015748199593,0.8779376127059457,-4.043539187525905,24.80818961803955,0.016474863940656056,7285246.4,0.9963286897200896,0.02889187020034065,0.11842015443488108,1.029255062520405,1.194767344271417,-0.008363295513041824
2026-03-16,261.107962028342,264.5960454905526,256.1748032520315,259.9618835449219,12531069,FEDERALBNK,-0.008363295513041824,-0.045554270401925945,-0.09521321053582488,284.5478790283203,277.6813388061523,232.8058432006836,0.9135962792365376,0.936187806723302,1.1166467300428933,275.30319248403873,279.68062374117926,-4.377431257140529,-0.1731361612633493,-4.20429509587718,19.126671562589095,0.016376171419706334,7601690.8,1.6484581298676342,0.03239414226303652,0.44970565928708345,1.0247281299193154,1.1927593181876672,0.014184302250026981
2026-03-17,259.9618772942809,265.59263437944054,254.92906823559204,263.6492614746094,12836887,FEDERALBNK,0.014184302250026981,-0.041485598417250524,-0.08460209993760137,283.329541015625,277.63350189208984,233.12809219360352,0.9305392601474962,0.9496305729597582,1.1309201692246478,273.5102800210496,278.4931154251371,-4.982835404087496,-1.1350760098281785,-3.847759394259317,24.254974399845054,0.016855552101944365,8006377.75,1.6033326681344757,0.0404460307766705,0.8177558165237021,1.0205163969215398,1.1909053914511785,0.026271118854058972
2026-03-18,264.0977531419055,271.7715490779138,264.0977531419055,270.5756225585937,7002312,FEDERALBNK,0.026271118854058972,0.007608125941270361,-0.060065764065452165,282.4649948120117,277.78797454833983,233.48016853332518,0.9579085108888246,0.9740364859152999,1.1588805347293287,273.05879425759485,277.9066344720598,-4.847840214464952,-1.8776288507555332,-2.970211363709419,28.403778704366104,0.018181914034069976,8003867.85,0.8748660186837043,0.028361002604166602,0.8441545058934433,1.0168366549029932,1.189771175399381,-0.02062625997860168
2026-03-19,265.5428050358095,268.23359384615355,261.4567586049108,264.9946594238281,9790533,FEDERALBNK,-0.02062625997860168,-0.016096265767413853,-0.08578315044107654,281.22174072265625,277.9713473510742,233.78358703613281,0.9422979131800786,0.9533164549119637,1.133504121411532,271.818158129323,276.9501918758945,-5.132033746571494,-2.5285098299187254,-2.603523916652769,25.68740663336817,0.01843760496201006,8237186.4,1.1885773278118363,0.025573478559822508,0.5220579655509712,1.0116932676786894,1.1890113881609314,0.004513122535152014
2026-03-20,267.13736008716245,273.3660807608388,265.0943518716667,266.19061279296875,14660431,FEDERALBNK,0.004513122535152014,0.015396482114540255,-0.07353437107700822,280.1653518676758,278.1417654418945,234.0679726409912,0.9501196740369687,0.9570321536215948,1.1372363753551478,270.95238192373006,276.1531860179,-5.200804094169939,-3.062968682768968,-2.137835411400971,26.590451425369437,0.018507681394869066,8787991.3,1.6682345827993705,0.03107445751892662,0.13253105076220542,1.0072753778008359,1.1882948457391171,-0.04773498160053036
2026-03-23,262.1045516483751,262.4035180589305,252.43758073160848,253.4840087890625,13966492,FEDERALBNK,-0.04773498160053036,-0.02491855601107762,-0.13072457479760125,278.2593627929688,278.1138607788086,234.29045974731446,0.910963089416906,0.911439681859888,1.0819220256021034,268.26493990301196,274.47398770465276,-6.209047801640793,-3.6921845065433336,-2.516863295097459,23.90748435552308,0.02040520490265937,9234774.95,1.5123803314773796,0.03931584234812702,0.1050004653937766,1.0005231742630616,1.1870473133168047,0.032042468701557025
2026-03-24,261.3571133858817,263.0014895227339,256.72295139523493,261.60626220703125,6880170,FEDERALBNK,0.032042468701557025,-0.007748928467128935,-0.11377449178296828,276.58009948730466,278.25737060546874,234.57287475585937,0.9458607567643863,0.9401593267333554,1.1152451556016778,267.24052794978417,273.5208228529771,-6.280294903192953,-4.209806585873258,-2.070488317319695,34.538423339147954,0.021806066403165937,9250727.9,0.7437436355683967,0.023999953497023788,0.7777783160077064,0.9939722311236017,1.1862299547425321,0.03219049138890617
2026-03-25,264.59604003608723,272.96743409008747,263.8984111925565,270.0274963378906,9709681,FEDERALBNK,0.03219049138890617,-0.0020257782852717288,-0.0835446428404969,275.3493057250977,278.6171417236328,234.89387939453124,0.9806725156862381,0.9691704346236439,1.1495722963660047,267.6692923171852,273.2620579259337,-5.592765608748493,-4.486398390448305,-1.1063672183001882,38.65700551822153,0.023400245791992274,9281458.9,1.0461373696326985,0.03358555339928308,0.6758264054006035,0.9882712313452107,1.1861404922163312,-0.006089784196013248
2026-03-27,268.0841207503449,270.02749364244306,264.3967061805028,268.3830871582031,16383055,FEDERALBNK,-0.006089784196013248,0.012786777445788378,-0.09963226151438964,273.86437835693357,279.0157794189453,235.1822932434082,0.9799853809698954,0.961892147164992,1.1411704659263309,267.77910690811103,272.90065268387957,-5.1215457757685385,-4.6134278675123515,-0.5081179082561871,39.39581814357955,0.023105846611046494,9804200.7,1.6710240336063298,0.02098041095496115,0.7079615426164022,0.9815372411096619,1.1863808944586254,-0.03676189910894201
2026-03-30,267.08754086314394,267.08754086314394,256.27447575665855,258.5168151855469,10978564,FEDERALBNK,-0.03676189910894201,-0.02882820519816831,-0.1338898157802556,271.8662048339844,279.2659246826172,235.42974632263184,0.9508972082183244,0.9257012486551968,1.098063516711591,266.35413895079347,271.83518323955866,-5.48104428876519,-4.78695115176292,-0.6940931370022705,41.06685863672395,0.02410662126501842,9728602.5,1.1284831505861197,0.04182731826834733,0.2073731552345349,0.9735029618918151,1.186196430335156,0.031611439345565984
2026-04-01,265.5428253158999,269.1803920160476,262.0048938131108,266.6889038085937,8296508,FEDERALBNK,0.031611439345565984,0.05209360181185896,-0.10755377433407098,270.2591949462891,279.67951171875,235.73237396240233,0.9867893814365689,0.9535518071011942,1.131320655393428,266.4056412366089,271.4539773557835,-5.048336119174564,-4.839228145245249,-0.20910797392931535,44.9579896804892,0.025559142128673173,9799842.05,0.8465960938625535,0.02690587459944251,0.6527783664646166,0.9663174584560411,1.1864280964792597,-0.007660722872154135
2026-04-02,263.00149783461654,266.0411317969102,255.626698578252,264.6458740234375,5537579,FEDERALBNK,-0.007660722872154135,0.011619033087215458,-0.09967789709629815,268.79420013427733,279.58583190917966,236.0330083465576,0.9845669061729475,0.9465639664795488,1.1212240011569432,266.13490781919796,270.9496734052393,-4.8147655860413465,-4.834335633404469,0.01957004736312218,47.52538539557693,0.02543627292923897,9762947.15,0.5672036235492681,0.039352335482607484,0.8660265283594141,0.9614013639346078,1.1845200544945613,0.022406351722041418
2026-04-06,264.4963851771206,271.27325143047625,260.8090008342876,270.5756225585937,9297534,FEDERALBNK,0.022406351722041418,0.002029890393151712,-0.052190639820508866,268.04924468994136,279.4223901367188,236.36903701782228,1.0094250512497234,0.9683390884538764,1.1447168629713216,266.8180947021819,270.92196593511744,-4.103871232935546,-4.688242753310685,0.5843715203751385,50.74449819825633,0.025482914284017964,9789670.0,0.9497290511324692,0.03867403314917111,0.9333321707589217,0.9592976588554244,1.182144639848282,0.013443832107971287
2026-04-07,269.0807359932743,275.9572376081451,265.54283477809213,274.21319580078125,8015264,FEDERALBNK,0.013443832107971287,0.021723085103128925,-0.05022435754128529,267.32422180175774,279.46026123046875,236.7217180633545,1.0257701077462866,0.9812242878233042,1.158377854149372,267.9558025635049,271.1657607399814,-3.209958176476505,-4.392585837943849,1.182627661467344,57.52488973864824,0.025546570169179716,9889732.65,0.8104631625203741,0.03797921832186049,0.8325355917354158,0.9565732910458331,1.180543397187055,0.0337997631273248
2026-04-08,285.3750617964899,287.8167019610625,281.5879815203048,283.4815368652344,7811348,FEDERALBNK,0.0337997631273248,0.09656904391990673,-0.007155249406053943,267.22207183837884,279.62669250488284,237.1249013519287,1.0608462651119985,1.0137856809227332,1.195494590610311,270.34437707146327,272.07804045296314,-1.7336633814998663,-3.8608013466550526,2.1271379651551863,63.48569804741447,0.02667796099392377,10088969.75,0.7742463495839107,0.02197222616201204,0.3040039062499992,0.9556386389461464,1.1792379919217135,-0.0040430081505002935
2026-04-09,283.13271313960973,285.0262380086811,280.6412250451283,282.3354187011719,4273025,FEDERALBNK,-0.0040430081505002935,0.05866953843646949,0.036589791622479106,267.7203689575195,279.6486169433594,237.51091262817383,1.0545907276333217,1.009607777743298,1.188726090843545,272.18915270680304,272.83784624912676,-0.6486935423237128,-3.218379785788785,2.569686243465072,61.035877397563986,0.02441892631156929,9687371.1,0.4410923207019498,0.015531218094156212,0.3863600108198806,0.9573455856273522,1.1774137611148532,0.029650652694835467
2026-04-10,283.03305251303925,291.7532609971558,283.03305251303925,290.70684814453125,8640231,FEDERALBNK,0.029650652694835467,0.09847489297636192,0.056884055076701134,268.5026962280273,279.9107220458984,237.95443252563476,1.0826961972018596,1.0385698912128938,1.2216912501229138,275.038028927992,274.1614760191567,0.8765529088353219,-2.399393246863964,3.2759461556992857,61.68979012036772,0.02514070743019381,9570646.35,0.902784481217405,0.029996570565070067,0.8800013950892878,0.9592440556242768,1.1763206891123732,-0.01199857399031401
2026-04-13,283.7306969324554,289.3614543514185,282.5347703949432,287.2187805175781,7132285,FEDERALBNK,-0.01199857399031401,0.06151019002231184,0.06958629323594345,269.43700561523434,279.97550109863283,238.3627308654785,1.065996038152743,1.0258711186890368,1.2049651364318017,276.9119907110053,275.1286837597805,1.7833069512248017,-1.562853207246211,3.3461601584710126,63.22657723991281,0.02461369960233081,9448696.25,0.7548432938565466,0.023768236687633584,0.6861325575489696,0.9623592227103975,1.1745775024562828,-0.004684333191486867
2026-04-15,293.5969651979047,293.8959316058725,285.026240009975,285.87335205078125,7778158,FEDERALBNK,-0.004684333191486867,0.04252222879336265,0.06142463101676632,270.26417999267574,280.02333740234377,238.7670757293701,1.0577552380730904,1.0208911682244257,1.197289664739219,278.2906616863554,275.9245851146694,2.366076571685994,-0.7770672514597698,3.1431438231457642,61.69328169872076,0.024684368118740568,9438981.3,0.824046340678734,0.03102664705285954,0.09550636926294517,0.9651487711695763,1.1727887379235462,-0.008541021305795815
2026-04-16,288.5143438522048,288.8133102814001,280.6412469420817,283.43170166015625,10948325,FEDERALBNK,-0.008541021305795815,-0.0001757970047333579,0.08116341807025007,271.32804718017576,279.9595550537109,239.1479690551758,1.0446089322713588,1.0124023150621853,1.18517294033454,279.081590913094,276.48066782174254,2.600923091351433,-0.10146918289752926,2.7023922742489623,70.26295510427931,0.023847356159031947,9623472.55,1.1376688553031722,0.028832566334153334,0.3414626884557766,0.969168732705411,1.170654119120364,0.03287615922062903
2026-04-17,283.9798215955305,293.1983274289331,281.8869655398073,292.7498474121094,9241911,FEDERALBNK,0.03287615922062903,0.03688672416251215,0.12612604363409186,272.9674453735351,280.0791461181641,239.56960861206053,1.0724716532094278,1.0452397169498637,1.2219824088211646,281.1843996052502,277.6857922358438,3.498607369406386,0.6185461275632538,2.8800612418431326,70.73652854004916,0.024480166334087564,9459014.65,0.9770479634472286,0.038638318650265915,0.9603513687193684,0.9746082461218709,1.1690929736071047,0.002042567847830412
2026-04-20,292.5006968188834,296.9853753050332,291.3047703904411,293.3478088378906,11292785,FEDERALBNK,0.002042567847830412,0.009084618096256047,0.11264415154123752,274.45237274169915,280.3392578125,239.9961199951172,1.068847778240835,1.046402887440371,1.22230229740322,283.0556933333487,278.84594161377316,4.209751719575536,1.3367872459657102,2.8729644736098257,67.33329946033051,0.024423335886955676,9381809.55,1.2036894311076693,0.019364742955115446,0.35965156495947515,0.9790008537629139,1.168099125178372,0.004756241949868789
2026-04-21,294.792859588678,298.0317941160647,294.0454131592811,294.7430419921875,7746822,FEDERALBNK,0.004756241949868789,0.026196968948375865,0.08931853950871083,275.66074371337885,280.5435595703125,240.43768096923827,1.0692238511068144,1.0506141807126967,1.225860442523138,284.8537469731701,280.0235046047668,4.830242368403276,2.0354782704532233,2.7947640979500528,69.66541857170766,0.023935529178229265,9419035.05,0.8224645050025585,0.013524936601859647,0.17500305175782055,0.9825951596806846,1.1668036326061777,0.0023669153687977396
2026-04-22,294.7430449881276,297.4338643267768,293.9955985511331,295.440673828125,6443950,FEDERALBNK,0.0023669153687977396,0.033466994068213296,0.11489293584442395,277.1830444335937,280.7239434814453,240.85930252075195,1.0658684929009263,1.0524242077970538,1.2266110162079806,286.48250495085546,281.1655171398304,5.316987811025058,2.6917801785675906,2.6252076324574674,81.91209726809342,0.023203137761012998,9251705.9,0.6965147908560301,0.011637753634572078,0.42029190623617113,0.9873865442187134,1.1655100739040738,-0.0035419894638983873
2026-04-23,293.9457764670717,295.6399701168599,292.5505188083753,294.39422607421875,3657050,FEDERALBNK,-0.0035419894638983873,0.03867783437721073,0.10595269677366681,278.5932250976562,280.87941162109377,241.24795501708985,1.0567171041974326,1.0481160736385922,1.220297291445907,287.69969281598827,282.14542150534066,5.554271310647607,3.264278404983594,2.2899929056640134,77.30836425590907,0.023294722076094225,8701536.85,0.4202763331399326,0.010494265970100091,0.5967749874484393,0.9918606119606886,1.164276860300003,-0.008124531576050309
2026-04-24,294.992196665689,297.28435359593266,290.2583691854119,292.0024108886719,7243806,FEDERALBNK,-0.008124531576050309,-0.002553157687509633,0.1519559450066239,280.51914520263665,281.00298950195315,241.62945289611815,1.0409357645722903,1.0391434319122868,1.2084719283547365,288.361649442555,282.8755688670689,5.486080575486085,3.708638839084092,1.7774417364019928,76.78044029647864,0.01999839421252716,8365402.55,0.8659243780205174,0.02406139178487635,0.24822738015877893,0.9982781524845196,1.1629500714168424,0.0035835910845511965
2026-04-27,293.6966393839747,296.636577193777,291.80308403262427,293.048828125,3880432,FEDERALBNK,0.0035835910845511965,-0.001019202134405095,0.12019041766318872,282.0912734985351,281.1504858398437,242.01994705200195,1.0388440042492906,1.0423201910877513,1.2108457657915017,289.0827538552389,283.62914362691566,5.453610228323214,4.057633116931917,1.3959771113912973,74.32572600401159,0.019138235596833236,8215415.65,0.4723354441597851,0.016493815013964123,0.25773163441874797,1.003346206768525,1.1616831144064086,-0.011732626415446479
2026-04-28,291.8529350928218,294.8427209457508,289.0126324498043,289.610595703125,6666139,FEDERALBNK,-0.011732626415446479,-0.01741329075784781,0.07252261207032662,283.07042846679684,281.31691772460937,242.40152153015137,1.0231043817319665,1.0294816182602804,1.1947556841845215,289.1639602933752,284.0722141510793,5.091746142295904,4.264455722004715,0.827290420291189,66.7388806021647,0.018466575324731452,8063238.55,0.826732206750847,0.020130784517023714,0.10256503889030992,1.0062332217925978,1.1605410558019846,-0.020130854081576777
2026-04-29,294.9921832130707,300.6727880958183,281.58796542525107,283.7804870605469,21186876,FEDERALBNK,-0.020130854081576777,-0.0394671005061461,0.05737097693219195,283.840298461914,281.20230895996093,242.75528282165527,0.9997892779788802,1.0091684101390257,1.168998193415348,288.33573364217085,284.05060473696585,4.285128905204999,4.268590358644771,0.016538546560227907,50.351254130714146,0.01911266572490887,8303429.6,2.5515813369453992,0.06725206115561896,0.11488299750760214,1.0093811089663873,1.1583777114607696,0.007726166880257734
2026-04-30,283.73068312249944,286.9696177224655,279.0466732278482,285.9730224609375,13939720,FEDERALBNK,0.007726166880257734,-0.02860519285849783,0.10620665915168548,285.21310882568355,281.19931945800784,243.12768394470214,1.002664371348087,1.0169762253057035,1.1762256680155776,287.9722396142888,284.1930060498526,3.779233564436197,4.170718999803057,-0.3914854353668602,54.17145824832141,0.016679626324760752,8451487.4,1.649380675879609,0.027705216479640252,0.8742140296192825,1.014273823192076,1.1565911166330398,0.0
2026-05-04,289.0126394386328,290.6570156147727,286.4214855540341,288.16552734375,5494699,FEDERALBNK,0.007666824177836595,-0.01666377856719159,0.08887217080977261,287.3532974243164,281.1754022216797,243.89399856567383,1.0028265898693838,1.0248603720910099,1.1815195496339985,287.74172306749745,284.60935306003734,3.1323700074601106,3.830103541718316,-0.6977335342582052,51.394978025150344,0.015291169658369824,8034518.0,0.683886575398798,0.01469825381190052,0.41176470588234976,1.0219716773011531,1.1528590448114984,0.011931555349962597
2026-05-05,288.3648555646401,293.9956129157146,285.6242184950869,291.6037902832031,5869785,FEDERALBNK,0.011931555349962597,0.006882326163650809,0.077716416304487,288.4047058105469,281.2501470947266,244.32486579895019,1.0110923449174152,1.0368129343057353,1.1935084434801564,288.3358872545291,285.12745952101255,3.208427733516544,3.7057683800779615,-0.49734064656141763,57.952988951581965,0.014813021503887115,7863130.55,0.7464946642657485,0.02870811251286376,0.7142862332925245,1.0254384176852025,1.1511319004515956,0.0013669939100640072
2026-05-06,294.24475022143474,295.44067669771107,287.8665466465329,292.0024108886719,9998298,FEDERALBNK,0.0013669939100640072,0.028972830067667044,0.06487366530972749,289.2941665649414,281.2930004882812,244.74192604064942,1.0093615587064473,1.038072082781302,1.1931033460943383,288.899967813628,285.6367151778762,3.263252635751769,3.6172652312127234,-0.3540125954609543,62.609948948665796,0.014646671762681902,7962282.25,1.2557075579680688,0.025938587384012522,0.5460513899541007,1.0284442416369102,1.1493453738758312,0.013822467545294037
2026-05-07,293.4972990324165,296.7362335718235,289.0126204393915,296.0386047363281,6089681,FEDERALBNK,0.013822467545294037,0.035197663712371874,0.04429589316451077,289.9220199584961,281.46740478515625,245.1737190246582,1.021097344653944,1.0517686940066615,1.2074646740850483,289.9982196478896,286.4072255155393,3.5909941323502608,3.612011011440231,-0.021016879089970075,55.7291500532692,0.013047384009911695,7876198.9,0.77317511623532,0.02608988493007913,0.9096758442540334,1.0300376350142328,1.1480325293627733,0.000673360896596753
2026-05-08,295.98879673783773,297.43387205236417,290.45770512588314,296.2379455566406,6129346,FEDERALBNK,0.000673360896596753,0.035894725339364,0.049241171792843375,290.61714630126954,281.560087890625,245.59155067443848,1.0193409071932193,1.052130462722818,1.2062220574898366,290.95817748000513,287.13542700006536,3.8227504799397707,3.654158905140139,0.1685915747996316,55.10564519259384,0.012970057016295698,7969014.95,0.7691472582819034,0.023549201009251484,0.8285696847098241,1.0321674086639823,1.1464567372835526,-0.016148035592412735
2026-05-11,293.9955903171052,296.3874127657641,290.1586926319271,291.45428466796875,11135956,FEDERALBNK,-0.016148035592412735,0.011412736820166636,0.002571100502819501,290.6545181274414,281.48534301757815,245.99586532592772,1.0027516053962617,1.0354154910643716,1.18479342846601,291.0345016627688,287.455342382873,3.579159279895748,3.6391589800912607,-0.059999700195512595,44.81133892357647,0.0119221385243442,8093801.2,1.3758623080586658,0.02137117366770876,0.20800292968750247,1.032574254174544,1.144268594289702,-0.026158347306608043
2026-05-12,290.55734037450804,292.65019653556203,282.83372699023494,283.830322265625,8461329,FEDERALBNK,-0.026158347306608043,-0.026657637097338815,-0.01179748150816251,290.48509521484374,281.26908203125,246.36265449523927,0.9770908282082533,1.0091060141266806,1.1520833904276258,289.92616637090055,287.186822374188,2.7393439967125346,3.459195983415516,-0.7198519867029813,34.967734491930855,0.013051348922698044,8160253.4,1.036895373861797,0.03458569707059089,0.10152277973138214,1.0327658238048711,1.1416871709209695,-0.016678364897051323
2026-05-13,284.92658506495496,284.92658506495496,276.15655874808937,279.09649658203125,15147738,FEDERALBNK,-0.016678364897051323,-0.04419797174743567,-0.023705796360992015,290.14625244140626,280.8893792724609,246.70423919677734,0.961916599761679,0.9936171218182992,1.1312999626221139,288.26006332645915,286.5875389821764,1.672524344282749,3.1018616555889627,-1.4293373113062136,31.91992013076856,0.013520269280448713,8528732.4,1.7760831609630523,0.03142291796661065,0.33522565699581797,1.0329555827027772,1.138567298993256,0.0007142361969916244
2026-05-14,281.03987920592664,281.88699130754486,276.6050178827743,279.2958374023437,8574291,FEDERALBNK,0.0007142361969916244,-0.056556027038759615,-0.014592101848831307,289.9394592285156,280.5056903076172,247.0487026977539,0.9632901921853171,0.9956868864088043,1.130529463836294,286.88095164582603,286.0474129392258,0.8335387066002227,2.648197065791215,-1.8146583591909922,34.16152943154515,0.013410562307923599,8410030.7,1.0195314744808246,0.018911751331121867,0.5094345054729771,1.0336312925080158,1.135426688116616,0.003746517414946693
2026-05-15,280.9900353471128,283.7306722109167,277.3524384514895,280.3422241210937,6034270,FEDERALBNK,0.003746517414946693,-0.05365862703941715,-0.04238302223109014,289.31907806396487,280.1359527587891,247.3963673400879,0.9689724784036312,1.0007363259170172,1.1331703336440513,285.87499356509795,285.6248063601049,0.2501872049930398,2.16859509363158,-1.9184078886385403,34.161479342250715,0.010930294883646262,8249648.65,0.7314578179035539,0.022751598619950002,0.46874821186746635,1.0327809594403718,1.1323365648845407,0.009420706198631335
2026-05-18,279.79412874387094,284.6774396009222,276.6050116381325,282.9832458496094,7212332,FEDERALBNK,0.009420706198631335,-0.029064725632734434,-0.03533199388582753,288.8008499145508,279.9167022705078,247.75778198242188,0.9798560008855144,1.010955200437229,1.1421770229993693,285.4301093011766,285.4291352111793,0.0009740899973280648,1.7350708929047296,-1.7340968029074015,41.571638260993765,0.011198886431379569,8045626.0,0.8964289416385997,0.02852616923858363,0.7901258754959111,1.0317385406872128,1.1297998393058248,0.009332569090549248
2026-05-19,283.8303168333954,286.8201026023441,282.7839039797328,285.62420654296875,6905213,FEDERALBNK,0.009332569090549248,0.006320270022682539,-0.030938255191993447,288.3449081420898,279.91969177246096,248.1549870300293,0.9905644194771757,1.0203791120745618,1.150991200948161,285.45997041529847,285.44358493946,0.016385475838490038,1.3913338094914818,-1.3749483336529917,52.55174662547717,0.011383764386007003,8003545.55,0.8627692510602379,0.014131150407253976,0.7037073317760453,1.0300986912220433,1.1280034913768942,0.011514280823827772
2026-05-20,284.8767651727152,289.56074471259154,282.13612816905083,288.9129638671875,6657728,FEDERALBNK,0.011514280823827772,0.03517230565547802,-0.02209482491478154,288.01852264404295,279.9236779785156,248.57923530578614,1.0031054989621275,1.032113345871948,1.16225703048682,285.99120017712755,285.7005759711435,0.29062420598404515,1.1711918887899944,-0.8805676828059492,53.94910954827263,0.011726253623819372,8014234.45,0.8307378629283799,0.0256984541093621,0.9127522826794872,1.0289180419605255,1.1260943724208161,-0.021214204983574736
2026-05-21,289.5109230343991,291.5041135544294,282.0862761818168,282.7839050292969,6916472,FEDERALBNK,-0.021214204983574736,0.012488792025669992,-0.039438005288849776,287.43800659179686,279.8688653564453,248.9767510986328,0.9838083292544209,1.0104157340586597,1.135784380595726,285.4977701543844,285.4845262717475,0.013243882636913895,0.9396022875593784,-0.9263584049224645,46.32182492054162,0.012560040839364565,8177205.55,0.8458234243604161,0.03330400777808379,0.07407527013673051,1.027045313617545,1.1240763007851065,0.012158623168800675
2026-05-22,283.18253420801113,287.41806402055965,282.2357869687043,286.22216796875,6756952,FEDERALBNK,0.012158623168800675,0.020974164224067948,-0.01979518902714006,287.1489944458008,280.14591918945314,249.39408332824706,0.9967723150873659,1.0216895851878809,1.14767024200823,285.6092159719791,285.53916639745137,0.07004957452772942,0.7656917449530487,-0.6956421704253193,47.8212314968906,0.012849457347889073,8152862.85,0.8287827385689434,0.018105785057225744,0.7692334779010895,1.0249979556247317,1.1233061965657427,0.0071378093530518605
2026-05-25,288.0160184314566,291.50410169965767,285.8234967831184,288.2651672363281,9346757,FEDERALBNK,0.0071378093530518605,0.018665138181098495,-0.016323767336927864,286.90981140136716,280.4100164794922,249.83277481079102,1.004723978689822,1.028013089031042,1.153832468356658,286.017823858802,285.7410923855163,0.27673147328567893,0.6678996906195748,-0.39116821733389584,46.136066954118796,0.012939288351686893,8426179.1,1.1092521164189355,0.019706178762424465,0.42982578247973574,1.0231796103558601,1.1223908339962945,0.003284397323571886
2026-05-26,291.0058038079458,292.3512134356828,287.6672037431681,289.2119445800781,10983670,FEDERALBNK,0.003284397323571886,0.012561043339194944,-0.0013765073825390273,286.88987884521487,280.823603515625,250.3077507019043,1.0080939269946017,1.0298704986313103,1.155425446351861,286.5092270466906,285.9981925480764,0.5110344986142081,0.6365266522185016,-0.12549215360429344,46.8109356885865,0.012701505164008793,8642055.65,1.270955712950078,0.01619576846770847,0.3297902733588723,1.0216017288206771,1.1219133355964777,-0.004479736352521302
2026-05-27,288.5143145296527,292.00239777957944,286.8699385088503,287.9163513183594,3869975,FEDERALBNK,-0.004479736352521302,-0.003449525197790293,0.014574167169323582,287.09667205810547,281.1953332519531,250.77426742553712,1.0028550636075921,1.0239015988945457,1.1481096297244728,286.72570770387046,286.1402783829122,0.5854293209582693,0.6263071859664552,-0.04087786500818591,40.097215834929536,0.011848927124848597,7776210.6,0.4976684916429604,0.017826216702274106,0.2038813664780298,1.0209866171600532,1.121308562232961,0.0
2026-05-29,291.0058204660302,292.8993454068757,282.6344262339888,287.9662170410156,239376091,FEDERALBNK,0.00017319517432023979,0.006093340304990091,0.006969869265728956,287.29349822998046,282.2706597900391,251.70512336730957,1.0023415733916006,1.0201776452969398,1.1440618021143367,287.0715503209387,286.3973488003469,0.6742015205917937,0.6376039916917114,0.03659752890008228,45.16577635101699,0.011736079173804039,19048029.15,12.566974205832734,0.03564626183711278,0.5194186838908473,1.0177944050000716,1.1214339065245233,-0.002595570171799122
2026-06-01,289.0126399101712,291.4044625715203,284.5279610150133,287.2187805175781,6701913,FEDERALBNK,-0.002595570171799122,-0.0036299450564283298,-0.0032854270769262506,287.24616088867185,282.74205017089844,252.15740425109863,0.9999046797666189,1.0158332669087382,1.1390455948363323,287.09420112042164,286.45819559421585,0.6360055262057926,0.6372842985945277,-0.0012787723887350833,55.802097540328276,0.011626078218647704,19108389.85,0.35073143538569784,0.023941684955681827,0.3913064630980245,1.0159301056035033,1.1212918811987118,0.016828408817430862
2026-06-02,285.52452908370617,292.7996619873858,283.8801530617701,292.0522155761719,5900487,FEDERALBNK,0.016828408817430862,0.00982072507488474,0.0015377896581290074,287.2685821533203,283.17158203125,252.64514518737792,1.016652128774383,1.0313613162776405,1.1559779443201537,287.85697257515244,286.8725674447311,0.9844051304213508,0.7067084649598924,0.27769666546145844,72.10881377857909,0.011940115359499444,19109924.95,0.3087655768109126,0.030540802123411124,0.9162009458763665,1.0144682601717363,1.1208273241159323,0.02729915369614133
2026-06-03,292.9491918097525,301.8188836308589,289.31159474296834,300.0249938964844,15946881,FEDERALBNK,0.02729915369614133,0.04205611290459865,0.027474372500544852,287.6697113037109,283.87218872070315,253.1710659790039,1.042949542851695,1.0569016825796687,1.1850682570549598,289.72897585535736,287.8468212559721,1.8821545993852737,0.9417976918449688,0.940356907540305,77.95696313607216,0.013398730276751442,19407354.1,0.821692690195208,0.0416874898502819,0.8565724554334577,1.013377578832649,1.1212663169978727,-0.003155559854784995
2026-06-04,300.22432554984266,302.7656313267866,294.64338594651326,299.0782470703125,11947303,FEDERALBNK,-0.003155559854784995,0.038767842468283575,0.01026772280828614,287.82169342041016,284.52994140625,253.69576965332033,1.0391094691860503,1.0511310183812625,1.1788854322600968,291.16732527304276,288.678778723701,2.488546549341777,1.2511474633443305,1.2373990859974464,75.33696393227214,0.013107707472355427,19700235.2,0.6064548407015974,0.027157593238012468,0.5460141766426156,1.0115690882931025,1.1215399523415983,0.013495444376826704
2026-06-05,299.4768743176439,304.3601849875097,294.7430468533883,303.11444091796875,9322801,FEDERALBNK,0.013495444376826704,0.052604170144012086,0.02321274321696687,288.16551818847654,285.5225500488281,254.23961418151856,1.0518761676395814,1.0616129649519177,1.1922392263447787,293.00534306456984,289.7480870343875,3.2572560301823614,1.6523691767119368,1.6048868534704246,76.23376344479432,0.013421668738500267,19859907.95,0.4694282079993226,0.03172774647422372,0.870466239314889,1.0092566003602743,1.1230450886578776,0.00147959406607856
2026-06-08,301.47007108311254,308.9445356554211,300.2741445860735,303.5629272460937,12112735,FEDERALBNK,0.00147959406607856,0.05690486777731896,0.04154559810956071,288.7709503173828,286.3616833496094,254.78733558654784,1.0512239091655629,1.0600682454973693,1.1914364838709868,294.62958678480425,290.7714085315509,3.8581782532533566,2.093530992020221,1.7646472612331356,74.7934079505461,0.012783787068306287,19908746.9,0.6084127273726103,0.028562088091602347,0.3793119172729172,1.0084133706003957,1.1239243217892836,0.03447138124990601
2026-06-09,305.6557668595441,314.8244246569405,305.3069524489879,314.02716064453125,14386417,FEDERALBNK,0.03447138124990601,0.07524320616779567,0.10639045940499026,290.2807922363281,287.2416766357422,255.38772491455077,1.0818048215497165,1.0932506881400652,1.2296094526453862,297.61382891706995,292.49405683621615,5.1197720808538065,2.698779209786938,2.4209928710668684,78.96553034942706,0.012914322839120501,20205001.3,0.7120225723519256,0.030307799454092708,0.9162315376405233,1.0105803434800302,1.1247278103591287,-0.012694311646152645
2026-06-10,314.02718317738504,315.6217417302928,308.79505788463064,310.0408020019531,7015128,FEDERALBNK,-0.012694311646152645,0.0333832457602663,0.11087314172296248,291.82800750732423,288.0748309326172,255.94708267211914,1.0624093439495241,1.0762509206313617,1.2113472783713293,299.5256709301289,293.7938157373818,5.731855192747105,3.305394406378972,2.426460786368133,83.07139968985635,0.01258652162180774,19798370.8,0.3543285490945548,0.022018662710139535,0.1824815892293099,1.0130284779220609,1.1255249636959344,-0.004339520663439678
2026-06-11,307.9479271101317,310.63874640568935,306.0045542395986,308.69537353515625,7619065,FEDERALBNK,-0.004339520663439678,0.03215588749449494,0.10526306588114531,293.29798431396483,289.0784020996094,256.5013973236084,1.052497425978588,1.067860384217799,1.2034841788627713,300.93639440782545,294.8976348335132,6.038759574312223,3.852067439965622,2.1866921343466013,78.72611494783752,0.012734262746729761,19750609.5,0.3857635380822045,0.015012185356133943,0.580644737878349,1.0145966706046117,1.1270051746926784,0.01920906188923155
2026-06-12,313.92749325316987,317.2660933117714,310.09059558622994,314.6251220703125,9052110,FEDERALBNK,0.01920906188923155,0.03797470393520075,0.12228945552779202,295.01212921142576,290.03712646484377,257.0867475891113,1.0664819880840586,1.0847753386097938,1.2238091812229925,303.04235250974654,296.35893018438725,6.683422325359288,4.418338417044356,2.2650839083149323,80.64891333274196,0.013111983806714175,19901501.5,0.45484558036990325,0.022806499615557925,0.6319459161615715,1.0171529859201835,1.1281683291135463,0.004434589155233093
2026-06-15,319.60810415474464,319.60810415474464,311.6851598679323,316.0203552246094,8390759,FEDERALBNK,0.004434589155233093,0.041037382566866176,0.11674581396439798,296.66398468017576,291.0646160888672,257.68849182128906,1.0652467827036745,1.0857395154075435,1.2263658069906138,305.0389683120331,297.81533203921856,7.223636272814531,4.979397988198391,2.2442382846161397,80.84863255186751,0.013088225027677603,19960422.85,0.42036980193533324,0.02507099354780843,0.547169738892769,1.0192375447986401,1.1295212061341295,0.01103757427920149
2026-06-16,316.4688195120042,320.0067510099491,315.4224066317761,319.5084533691406,8921387,FEDERALBNK,0.01103757427920149,0.017454836433126397,0.11863226592832343,298.3581970214844,292.04327270507815,258.31430389404295,1.070888806001644,1.0940449009821855,1.2368980290777807,307.2650429362035,299.4222299155091,7.842813020694393,5.552080994697592,2.2907320259968014,84.60703740947164,0.013119216400446655,20061231.55,0.44470784247540374,0.014348116082163647,0.8913044920488616,1.0216232486984331,1.1305733685768729,0.00655026484640886
2026-06-17,319.5582797278494,322.4982480546831,318.2128699780497,321.601318359375,9029691,FEDERALBNK,0.00655026484640886,0.03728708054802743,0.11314256741768869,299.99261474609375,292.99103515625,258.963286819458,1.072030785263065,1.0976490054989816,1.2418799680419044,309.4706237705376,301.0651253557955,8.405498414742112,6.122764478706497,2.2827339360356156,85.28189034568159,0.013050247226292505,20179829.7,0.44746120924895616,0.013325125961842797,0.7906999850961323,1.0238969072419224,1.1313998936093022,-0.006972421939467677
2026-06-18,321.90028413868816,322.8968794456191,318.9104982178954,319.3589782714844,3885931,FEDERALBNK,-0.006972421939467677,0.03454410286169596,0.12933930323367693,301.8213684082031,293.708583984375,259.60454620361327,1.0581059252225054,1.0873328043026278,1.2301748291457286,310.99190907837556,302.42022557177245,8.571683506603108,6.612548284285819,1.9591352223172889,81.43716161619867,0.011852049880592411,20028302.65,0.1940219831858792,0.012482446084026868,0.11250305175781437,1.0276218839564446,1.1313691854764871,0.010922090388164829
2026-06-19,318.9104824650402,323.7937931450514,317.96370480475264,322.8470458984375,7763307,FEDERALBNK,0.010922090388164829,0.026132445413203698,0.12795961329482441,303.6526123046875,294.5188165283203,260.26349502563477,1.0632118177678975,1.0961847860997134,1.240462270233628,312.81577628146204,303.9333233737476,8.882452907714423,7.066529208971541,1.8159236987428828,83.82215331095648,0.011822332452286597,20078620.4,0.38664543904620063,0.0180583604972269,0.8376101370420455,1.0310126051843922,1.131617849438745,-0.0016978837045134032
2026-06-22,322.84703478122185,322.84703478122185,320.60469552860434,322.29888916015625,4903566,FEDERALBNK,-0.0016978837045134032,0.019867498506811243,0.11806394178706414,305.3542984008789,295.1506573486328,260.9103849029541,1.055491574371198,1.0919809295205325,1.2352857832011388,314.2747167243381,305.2937356542223,8.980981070115774,7.449419581200388,1.5315614889153863,81.25642159333094,0.011946119531095483,19856460.85,0.24695065435087338,0.0069573285172051975,0.7555474175347272,1.034570958248599,1.1312338428323365,-0.01082246245415952
2026-06-23,322.29890498633154,323.1958346486869,317.9138918708478,318.8108215332031,5809450,FEDERALBNK,-0.01082246245415952,-0.002183453453519446,0.10234320368787375,306.83424224853513,295.7824981689453,261.5399341583252,1.0390327337552077,1.0778555983089455,1.2189756893500194,314.972579002625,306.29500127488757,8.677577727737457,7.695051210507803,0.9825265172296547,71.39614714052537,0.01249765097554397,19597749.85,0.2964345419481921,0.016567639556391307,0.16981056025795527,1.0373644287542574,1.1309267134321872,0.0165677639061097
2026-06-24,318.41219857558366,325.886663330879,317.11663685013576,324.0928039550781,9481304,FEDERALBNK,0.0165677639061097,0.0077471249446776635,0.12564917716922985,308.64306488037107,296.54688720703126,262.19753768920896,1.0500569778902866,1.092888908757339,1.2360634917145392,316.37569053377166,307.61335702897577,8.76233350479589,7.90850766936542,0.8538258354304702,75.92974193536142,0.01254724833182848,19878316.3,0.4769671564185745,0.02706023204994961,0.7954556488809083,1.0407901016505865,1.131005614394967,-0.0035363888061561433
2026-06-25,325.5876875932855,325.5876875932855,321.5514584926701,322.9466857910156,6310533,FEDERALBNK,-0.0035363888061561433,0.011234090047975265,0.12166844401942956,310.3945816040039,297.3371868896484,262.86600395202635,1.040439185897341,1.0861294854143881,1.2285601064257596,317.38661288104,308.74915915949725,8.637453721542727,8.054296879800882,0.5831568417418449,71.8680827608857,0.012660797874883773,20193842.95,0.3124978745068432,0.012498128261416235,0.34567594246143607,1.0439144354964303,1.1311359491884434,0.0
2026-06-29,321.90027292067504,325.88665400947593,321.05316085657,322.9466857910156,15193838,FEDERALBNK,0.0,0.002009925111896571,0.12439265012216327,313.9300003051758,298.53310119628907,264.1962592315674,1.0287219618293078,1.0817784845194582,1.2223741802034889,318.9658051868319,310.77459505754655,8.191210129285366,8.143580975245621,0.0476291540397451,62.952202594561825,0.012587173519116257,8649634.65,1.7565872565496161,0.01496684550599094,0.3917508258612556,1.05157518227355,1.1299671769183737,0.01851569935015185
2026-06-30,323.69414415961603,330.67031132179466,322.5979136507853,328.92626953125,15572784,FEDERALBNK,0.01851569935015185,0.03172868458291456,0.12625842910430096,315.77370300292966,299.2167657470703,264.88600280761716,1.041651874121381,1.0992909060760763,1.2417653860334188,320.49818431674237,312.11916353708017,8.379020779662198,8.190668936128937,0.18835184353326184,75.92328063827239,0.012669282218039986,9133249.5,1.7050649935710176,0.024541663037474203,0.7839499660914766,1.0553342564696224,1.1296058024039386,0.004090272118234983
2026-07-01,327.87984490734453,330.8696307271683,324.5412446591397,330.27166748046875,6386994,FEDERALBNK,0.004090272118234983,0.019065105580829522,0.10081384617716282,317.2860366821289,299.9133856201172,265.5602991485596,1.0409272054141778,1.1012234975694104,1.2436786241745736,322.0017971111618,313.46379345881263,8.538003652349175,8.260135879372985,0.27786777297619025,79.61688879654423,0.011640531156216223,8655255.15,0.7379324917995052,0.019161153350833147,0.9055109406613919,1.057925560828474,1.1293607763724496,-0.001206947627417465
2026-07-02,330.6204933558346,331.2184566232373,328.17882268630484,329.873046875,7433230,FEDERALBNK,-0.001206947627417465,0.0214473824588699,0.10296569578812509,318.8257766723633,300.62296203613283,266.22976211547854,1.0346498652585085,1.0972982390990862,1.2390539819958817,323.21275861329076,314.6792937118635,8.533464901427237,8.314801683783836,0.21866321764340135,74.67738494120621,0.0115777393792406,8429551.5,0.8818061079524813,0.009214556829446729,0.5573777052920238,1.060550313631873,1.1291861572776978,-0.010876210071346093
2026-07-03,331.2682545634867,333.16177945315826,325.28868307167767,326.2852783203125,5420067,FEDERALBNK,-0.010876210071346093,0.010337906150420517,0.07644253877239193,319.9843185424805,301.3086193847656,266.8926972198486,1.0196914642771644,1.0828939410579959,1.2225335564409998,323.6854539528325,315.53899627545235,8.14645767738017,8.281132882503103,-0.1346752051229334,65.51198721265601,0.011911538420073215,8234414.8,0.6582212739635123,0.02412948699987505,0.12658237627816463,1.0619819612059167,1.1289504078733463,0.008857698801576941
2026-07-06,326.68392679198007,332.3147145613263,324.39176977013415,329.1754150390625,3492183,FEDERALBNK,0.008857698801576941,0.0192871750109167,0.08437291083375653,321.2649429321289,302.03115112304687,267.56056549072264,1.0246228923540057,1.089872398310852,1.2302837469166445,324.53006335071404,316.5491013690531,7.980961981660926,8.221098702334668,-0.2401367206737426,64.87723592738325,0.011951491270346053,7803387.2,0.447521430180986,0.02406906600315808,0.6037711223541881,1.0636814836402297,1.1288328329292587,0.003784388147318518
2026-07-07,328.87643210793584,330.8696226055597,325.58767995232586,330.421142578125,4018922,FEDERALBNK,0.003784388147318518,0.0045447055627552135,0.05220561781963573,322.0846420288086,302.84736206054686,268.23396484375,1.0258829495774926,1.091048442125989,1.2318393115152284,325.43638323185417,317.5766599771325,7.859723254721644,8.148823612812063,-0.289100358090419,63.936908541689974,0.009586406943448282,7285012.45,0.5516698876746601,0.01598548631610332,0.9150918408475869,1.0635213720779109,1.1290418133175626,-0.015080666910496143
2026-07-08,329.3249172483684,329.77336686909223,321.9002703639774,325.43817138671875,4715547,FEDERALBNK,-0.015080666910496143,-0.014634909892886405,0.04966239696628261,322.85451049804686,303.68051574707033,268.8696929168701,1.0080025547256137,1.071646531507375,1.210393658936259,325.4366583326026,318.1589941556204,7.277664176982171,7.974591725646085,-0.6969275486639139,58.8405084458425,0.009799161793679567,7170033.4,0.6576743422143612,0.02419229579482607,0.4493658905924633,1.0631387058330282,1.1294709807288066,0.0036748081716000414
2026-07-09,325.4381677689646,331.5672529071206,325.4381677689646,326.63409423828125,3699416,FEDERALBNK,0.0036748081716000414,-0.009818785340004133,0.058111401209846925,323.75144653320314,304.49373718261717,269.5140914154053,1.0089038913522892,1.0727120277103945,1.2119369808194416,325.6208792411685,318.7867793469286,6.834099894239898,7.746493359364848,-0.9123934651249499,55.90058390551002,0.00966896502818246,6974050.95,0.5304543982432477,0.018764376549389766,0.19512316150929804,1.0632450096634873,1.1297878177111613,0.0064073684503602735
2026-07-10,329.1754088563626,331.3679306380843,326.73376866828653,328.7269592285156,5400203,FEDERALBNK,0.0064073684503602735,0.007483270225284722,0.044821078067159625,324.45653839111327,305.34881591796875,270.171495513916,1.0131617653895284,1.0765620892953696,1.2167344249370806,326.09873770076035,319.5230889677869,6.575648732973434,7.512324434086566,-0.9366757011131321,59.55558055703498,0.008925741179551866,6791455.6,0.7951466251211302,0.014097298197487765,0.4301080914347214,1.062576704008827,1.1302036705875984,0.008033903576261103
2026-07-13,327.38153893033365,335.35430091341635,326.18561246740194,331.367919921875,4617054,FEDERALBNK,0.008033903576261103,0.006660597306613392,0.048565114378019913,325.2239166259766,306.2128637695312,270.8566547393799,1.0188916096935279,1.0821489203382277,1.223406972373337,326.9093811193934,320.400483853275,6.508897266118424,7.311639000492939,-0.8027417343745142,69.14889161289241,0.009008381351907515,6602770.35,0.6992601219274573,0.027669209645206666,0.5652179681954169,1.0620844357170895,1.13053476224969,-0.015037578751078473
2026-07-14,329.8730321520157,331.6668914604847,325.0395390422802,326.38494873046875,3477293,FEDERALBNK,-0.015037578751078473,-0.012215301406452661,0.021522107752759423,325.56774139404297,306.9084869384766,271.5162512969971,1.0025100992282792,1.063460160343811,1.2020825537011917,326.828699213405,320.8437775478819,5.984921665523075,7.0462955334989665,-1.0613738679758917,53.52756572650223,0.009564139220585416,6330565.65,0.5492863027176726,0.020305324874761395,0.20300862294464606,1.0607974534744842,1.1303503398872645,0.00015259492722852208
2026-07-15,327.38153104612826,329.57405270414364,324.4914109795971,326.43475341796875,2909042,FEDERALBNK,0.00015259492722852208,0.003062277627124965,0.015029276258104796,325.80941314697264,307.5971337890625,272.18382049560546,1.0019193437812492,1.0612412066291368,1.1993172585482141,326.7680921679533,321.2579239086291,5.510168259324189,6.739070078664012,-1.2289018193398231,55.55553395283456,0.009479171704770499,6024533.2,0.48286595880988753,0.015570161177166982,0.3823488932903345,1.0592082219153556,1.130108076332292,-0.002900263578736184
2026-07-16,327.43134903248693,328.8266066785282,322.8968529238708,325.4880065917969,9916604,FEDERALBNK,-0.002900263578736184,-0.0035087814367850134,0.01919165809424106,326.1158645629883,308.18612182617187,272.8479016876221,0.9980747395652377,1.0561410249854921,1.192928384563651,326.5711559254677,321.5712633666415,4.999892558826161,6.391234574696442,-1.391342015870281,53.92913088609984,0.009346495873468598,6326066.85,1.5675781232062067,0.018218040709850315,0.4369749192183387,1.0581782937874453,1.1295161880299442,0.06858541641058613
2026-07-17,327.5808659528668,349.8049275308079,322.2988929584713,347.8117370605469,44155126,FEDERALBNK,0.06858541641058613,0.05805662509950826,0.07732668295798151,327.3640991210938,309.21759765625,273.63112579345704,1.0624614549804052,1.124812234804311,1.2710971241008708,329.8389376385568,323.51500215878264,6.32393547977415,6.377774755711984,-0.05383927593783433,72.74386390383228,0.017716697153976974,8145657.8,5.420694937614492,0.07908311204445745,0.9275362479088273,1.0586852158557185,1.1300527188184522,0.005014347954456877
2026-07-20,340.3372800124176,351.00086141985736,340.3372800124176,349.5557861328125,10483345,FEDERALBNK,0.005014347954456877,0.05488722690846348,0.08457024795736046,328.72694396972656,310.3796276855469,274.43174057006837,1.0633621385322285,1.126220134805226,1.2737440115589083,332.87229894536534,325.44394911982187,7.428349825543478,6.587889769678283,0.8404600558651945,70.45455920852764,0.017669072674059694,8424646.75,1.2443661213450878,0.030506093248841796,0.8644849950658551,1.059112501748239,1.1309902675281114,0.015110469097742385
2026-07-21,349.90460963876785,355.5353669000705,349.7551264291831,354.8377380371094,6342305,FEDERALBNK,0.015110469097742385,0.08717555578868663,0.11300405780032197,330.5282897949219,311.7997760009766,275.2445636749268,1.0735472544793985,1.138030766372321,1.2891725573050186,336.25159726717214,327.6212668173987,8.630330449773453,6.996377905697317,1.633952544076136,72.59396645460583,0.017458046451393497,8451289.5,0.7504541170906522,0.01628981320550212,0.879307986151301,1.0600658346652778,1.1328099339655724,-0.007864062948969464
2026-07-22,352.89438377294664,356.03365272473377,350.3032300426702,352.0472717285156,4288304,FEDERALBNK,-0.007864062948969464,0.07846137104694995,0.08625451547301921,331.92601318359374,313.25879150390625,276.0392985534668,1.0606197096513568,1.1238224792938516,1.2753520008685526,338.6817010304557,329.43060051451846,9.251100515937253,7.447322427745305,1.8037780881919483,69.53467151812873,0.01749815658047839,8191639.5,0.5234976465944332,0.01627742392073601,0.3043478260869574,1.0595904159307679,1.1348340368399767,0.003255493618391725
2026-07-23,350.80153679775015,354.2398026619478,350.3530567585334,353.193359375,4025719,FEDERALBNK,0.003255493618391725,0.0851194275122682,0.09365841148020793,333.43834686279297,314.7367419433594,276.8466902160645,1.0592463725245616,1.1221866160086302,1.2757723745924177,340.91426385269335,331.19080487455415,9.723458978139206,7.902549737824086,1.8209092403151201,74.7706731304087,0.017404002248563727,8077398.8,0.49839299750805915,0.011004583750646594,0.730766221164977,1.0594198338711887,1.136862939187475,-0.00028219785992766866
2026-07-24,350.90119763786686,353.6916522044461,348.7086758972161,353.0936889648437,3590425,FEDERALBNK,-0.00028219785992766866,0.015186238247553163,0.09334978341699629,334.94569702148436,316.19177124023435,277.647155456543,1.0541818930792093,1.11670739431284,1.271735301534935,342.7880215622549,332.8132407330941,9.974780829160807,8.31699595609143,1.6577848730693763,73.21084191772246,0.017408063841197384,8256920.05,0.4348382905802752,0.014112334666299083,0.8799987792968661,1.059311871740651,1.138825898361218,0.0062095003929933945
2026-07-27,353.8411490151092,356.482150890419,353.0937025402875,355.2862243652344,6585012,FEDERALBNK,0.0062095003929933945,0.016393486990498918,0.10013893932680329,336.5626739501953,317.63783081054686,278.43112716674807,1.0556316902147318,1.1185261637715398,1.27602911348507,344.7108219934825,334.47790618732677,10.232915806155745,8.700179926104294,1.532735880051451,73.69423873171482,0.01737682971940215,7826478.75,0.8413760786100646,0.009537235383064516,0.6470577675654358,1.0595799407499922,1.1408129329603243,0.0021037588067842616
2026-07-28,355.7845120706952,357.47873619840624,353.29302389092845,356.0336608886719,6332047,FEDERALBNK,0.0021037588067842616,0.0033703372650781827,0.08241175566807835,337.9180435180664,319.0460198974609,279.2016946411133,1.0536095000491945,1.1159319931434923,1.2751844552602685,346.45279720812704,336.0746287577968,10.378168450330236,9.035777630949482,1.3423908193807534,81.71489923578244,0.017086194584182982,7364441.9,0.8598135589880884,0.011756507227519187,0.6547600017438531,1.0591514152932258,1.142708035162765,0.005318385248168633
2026-07-29,357.7777018508616,358.6746315109284,355.23639607839334,357.9271850585937,5713345,FEDERALBNK,0.005318385248168633,0.016702056235823992,0.0837356646093792,339.30081939697266,320.426304321289,279.9581602478027,1.0548963179479642,1.117034339040102,1.2785024188677956,348.21808764666036,337.6933366319299,10.524751014730441,9.333572307705674,1.1911787070247666,81.97557735604289,0.017088358418804836,7330759.45,0.7793660450828188,0.009605963380435093,0.7826075418623647,1.058904387127838,1.144550685851294,-0.013921745537686547
2026-07-30,357.8275246777312,358.12652151123865,351.64865216301195,352.9442138671875,6259452,FEDERALBNK,-0.013921745537686547,-0.0007054082450852484,0.06993953343793491,340.45437774658205,321.82951049804683,280.68492736816404,1.0366857850478348,1.096680703149283,1.2574391406640928,348.94518398827995,338.823031241949,10.122152746330926,9.491288395430725,0.6308643509002003,73.36539599666222,0.017529473701273352,7272070.55,0.8607523754015285,0.018353805201250073,0.19999812199519126,1.0578718440695893,1.1465863647032069,0.013271192144485022
2026-07-31,354.18993863695067,358.4753163738843,353.542157820226,357.6282043457031,3907564,FEDERALBNK,0.013271192144485022,0.012842244204797737,0.09605988411963051,342.0215240478516,323.2576312255859,281.41159477233884,1.0456306963174284,1.1063256356541562,1.2708367778343437,350.2810332740374,340.2160070274123,10.06502624662511,9.606035965669603,0.458990280955506,74.37559452013195,0.0173154865675466,7196445.4,0.5429852910438255,0.013794098154768685,0.8282820187174016,1.0580462485947355,1.1487004701675507,0.03580890505404111
2026-08-03,358.22618654620595,370.4344787597656,356.0834823573764,370.4344787597656,4384044,FEDERALBNK,0.03580890505404111,0.04263676257528881,0.12534065982967468,344.08447723388673,324.90101745605466,282.19023475646975,1.0765800356287734,1.1401456408485078,1.312711898338547,353.3815633487648,342.45441234091993,10.927151007844884,9.87025897410466,1.0568920337402243,85.7027663048936,0.01865050776479087,7241038.45,0.6054440989745055,0.03874098450672607,1.0,1.059044012628944,1.1513545737556947,-0.02488565829573708
2026-08-04,363.30879866613566,363.30879866613566,355.88418204753066,361.2159729003906,5569382,FEDERALBNK,-0.02488565829573708,0.014555679928643706,0.09319872839246202,345.62421875,326.3410980224609,282.9183473205566,1.0451118680478482,1.1068663281739934,1.2767499044207267,354.58685712593797,343.8441575675474,10.742699558390541,10.044747090961836,0.6979524674287045,74.54292289027006,0.019896597348377506,7318561.45,0.7609940885308819,0.02055450803847044,0.7181233896305543,1.0590888516475234,1.1534815649573436,-0.01655404021096074
2026-08-05,360.7176630371959,360.7176630371959,352.99404984682184,355.23638916015625,5018889,FEDERALBNK,-0.01655404021096074,-0.007517718716998134,0.0915633763748882,347.1141296386719,327.6874987792969,283.625680847168,1.0233993918079314,1.0840706175349522,1.2524831605484124,354.6867851312023,344.68802657440733,9.998758556794996,10.035549384128469,-0.03679082733347272,69.59947144691407,0.01997606049186943,7333728.55,0.6843570723653251,0.021742179084282724,0.290322580645162,1.0592840158130632,1.1553520040939864,-0.00813581267837682
2026-08-06,355.23640311193,355.23640311193,350.4029098750632,352.34625244140625,3780768,FEDERALBNK,-0.00813581267837682,-0.001694209459419782,0.07871853752158486,348.3997375488281,328.9760968017578,284.3291275787353,1.0113275484084572,1.071039068998777,1.2392196868533487,354.32670317892604,345.2553025645554,9.071400614370646,9.842719630176905,-0.7713190158062595,54.015888743122254,0.020177628887353905,7337796.15,0.5152457117522949,0.013718020848456667,0.4020575743275054,1.0590427114185594,1.1570256610823633,0.0076367944310260505
2026-08-07,351.99744507391205,358.57494921748054,349.6554402161638,355.0370483398437,4924276,FEDERALBNK,0.0076367944310260505,-0.0072453905323268675,0.08003629873581053,349.71524200439455,330.31751342773435,284.97277854919435,1.0152175418633376,1.0748356775140153,1.245863026452382,354.43598704983646,345.9798763256879,8.456110724148573,9.565397848971239,-1.1092871248226661,54.774291711057614,0.020187269091973995,7313999.8,0.6732671772837621,0.02512275561951753,0.603352507731696,1.0587244932167486,1.159119531028162,0.005894779150572349
2026-08-10,355.7845036620667,357.3790621421664,352.744900320059,357.1299133300781,2848547,FEDERALBNK,0.005894779150572349,-0.03591610984547633,0.07774437976457382,351.0033416748047,331.7157360839844,285.62509994506837,1.0174544539263946,1.0766143251029228,1.250344992084945,354.85043724679673,346.8058049926797,8.044632254117005,9.261244730000392,-1.2166124758833874,52.11397389941638,0.020170688117101133,7225574.45,0.3942312157616755,0.012976123391333654,0.9462364885706636,1.058144982262575,1.161367597412763,-0.010604205125549493
2026-08-11,355.9838362217054,355.9838362217054,351.0008599611198,353.34283447265625,4843398,FEDERALBNK,-0.010604205125549493,-0.021796207860125483,0.08259537042699083,352.3512359619141,332.94154846191407,286.2563931274414,1.0028142330990697,1.061275878919257,1.2343578797045345,354.61849835846743,347.2900293986039,7.328468959863528,8.87468957597302,-1.5462206161094922,51.17327347528063,0.019974573224348025,7293879.7,0.6640359039647994,0.014102383788318358,0.4699951171874994,1.0582975828329828,1.163088603277721,0.006487200494578849
2026-08-12,353.3428528360039,356.4323043608615,352.595406358071,355.6350402832031,3369817,FEDERALBNK,0.006487200494578849,0.0011222136448052478,0.08945213877961744,353.8112503051758,334.05374938964843,286.90143951416013,1.0051546975299803,1.0646042468704093,1.239572171145034,354.7748894238114,347.9081783530186,6.866711070792746,8.473093874936966,-1.6063828041442196,52.16624023609363,0.01995788920962754,7316918.45,0.4605513951026747,0.010788863773758288,0.7922112922786729,1.0591446764229602,1.1643502031754744,-0.012330169377323452
2026-08-13,355.2861985047816,355.2861985047816,350.80151998228087,351.25,2690529,FEDERALBNK,-0.012330169377323452,-0.0031112930357860558,0.07914882541436286,355.09934997558594,335.09718444824216,287.4914737701416,0.9891597943621958,1.0482033759201959,1.2217753639568292,354.232598743225,348.1557206972395,6.076878045985552,7.993850709146684,-1.9169726631611317,48.47988171993233,0.02025059849230803,6955614.7,0.3868139792159563,0.012767768035589346,0.10000271267360587,1.0596906403743098,1.16558999143106,0.00014231400133457583
2026-08-14,352.0,354.6000061035156,351.04998779296875,351.29998779296875,2420967,FEDERALBNK,0.00014231400133457583,-0.010525832626058218,0.010029134617198565,355.27376251220704,336.0608953857422,288.0730875396728,0.9888148939253522,1.0453462233079354,1.2194821487605587,353.781427827801,348.3886293709972,5.392798456803803,7.473640258678108,-2.080841801874305,46.59298329995549,0.013380742035486224,4868906.75,0.49723010201417395,0.010105375559076318,0.07042217198070955,1.0571707907413972,1.1665820582405517,0.00797044807242342
2026-08-17,351.25,356.45001220703125,349.6499938964844,354.1000061035156,3616352,FEDERALBNK,0.00797044807242342,-0.008484047718965826,0.012999984983731894,355.5009735107422,337.07163696289064,288.6730365753174,0.9960591742031214,1.0505185464254878,1.226647318032863,353.83043987021864,348.81169431414673,5.018745556071906,6.982661318156868,-1.9639157620849623,48.40333635722205,0.013448414113802947,4525557.1,0.79909543070399,0.01920366617717311,0.6544117977049048,1.0546748362274114,1.167658888276341,0.010448973808747875
2026-08-18,354.20001220703125,358.6000061035156,352.5,357.79998779296875,2828360,FEDERALBNK,0.010448973808747875,0.012614245671529023,0.008348181262359367,355.64908599853516,337.94709350585936,289.29198387145993,1.0060478203912562,1.0587455689621583,1.2368126589776118,354.44113955064176,349.4774938310965,4.963645719545241,6.578858198434543,-1.615212478889302,49.89801281593275,0.013224629530053593,4349859.85,0.6502186501480043,0.017048648159946913,0.8688495885133952,1.0523809579453267,1.1681868573863359,0.002794857557621322
2026-08-19,357.79998779296875,360.0,355.1499938964844,358.79998779296875,2198228,FEDERALBNK,0.002794857557621322,0.008899425397579819,0.019181276512378442,355.9867218017578,338.9222772216797,289.9069617462158,1.007902727317952,1.0586497610432601,1.237638398304701,355.1117315879228,350.16804893938337,4.943682648539436,6.251823088455522,-1.3081404399160856,55.015526326795204,0.013083911422368841,4245356.05,0.5177959101922677,0.0135172972924239,0.7525751140475067,1.0503491382152987,1.169072571352639,-0.00975473834748164
2026-08-20,361.8999938964844,364.2000122070313,355.29998779296875,355.29998779296875,4349435,FEDERALBNK,-0.00975473834748164,0.01153021435720647,0.005964518760195769,356.09205322265626,339.85436950683595,290.4980614471435,0.9977756722664287,1.045447755485816,1.2230718030371985,355.1406940810068,350.54819255816744,4.59250152283937,5.919958775332292,-1.3274572524929216,47.96457787621999,0.013289326765833283,4261541.85,1.0206247299906255,0.025049323725979268,0.0,1.0477783579460311,1.169902366349088,0.01604281565681509
2026-08-21,356.29998779296875,361.0,355.1499938964844,361.0,4398375,FEDERALBNK,0.01604281565681509,0.027611763575544845,0.0223915387962188,356.48736877441405,340.7818670654297,291.1178604888916,1.0126586006149394,1.059328664135432,1.240047585516571,356.04212576085195,351.32240051682174,4.719725244030201,5.679912069071874,-0.9601868250416734,40.58176057518012,0.013740159402031583,4301939.35,1.0224167851180888,0.016205003056829988,1.0,1.0460866707616485,1.1705975940230338,-0.009002770083102463
2026-08-24,360.4500122070313,361.25,355.29998779296875,357.75,4729477,FEDERALBNK,-0.009002770083102463,0.010307805234596179,0.006934621907076499,356.61055755615234,341.6164599609375,291.7314751434326,1.0031952010945953,1.047227057036149,1.22629894434294,356.3048756437978,351.79851899705716,4.506356646740642,5.445200984605628,-0.9388443378649862,46.07190265410207,0.013868541696028424,4209162.6,1.1236147066402236,0.016631760187368973,0.4117659127045186,1.0438916134103413,1.1709962382117955,-0.03018864512360242
2026-08-25,357.70001220703125,358.70001220703125,342.04998779296875,346.95001220703125,16134284,FEDERALBNK,-0.03018864512360242,-0.030324136266364432,-0.02551345470809563,356.1563751220703,342.1652911376953,292.2839642333984,0.9741507844359556,1.0139836540796607,1.1870306094862604,354.86566588429525,351.4393703459441,3.4262955383511553,5.041419895354734,-1.6151243570035785,41.53382007029167,0.015453455532289028,4699274.45,3.433356398241435,0.04798969254431711,0.2942953290761527,1.0408898399304465,1.1706604980369877,-0.004755798691478019
2026-08-26,348.25,349.1499938964844,343.6000061035156,345.29998779296875,6361778,FEDERALBNK,-0.004755798691478019,-0.03762541934028618,-0.035278676202138204,355.52501525878904,342.6392645263672,292.82222358703615,0.9712396398931945,1.0077653775911513,1.1792137344054234,353.3940231010143,350.98460126794595,2.409421833068336,4.515020282897455,-2.1055984498291185,42.613668354054596,0.015394630823250828,4731696.1,1.3445026615297633,0.016072945233627844,0.3063036808129241,1.0376073382898305,1.1701272544449612,-0.0014480162689718412
2026-08-27,347.0,348.1499938964844,343.3999938964844,344.79998779296875,4512557,FEDERALBNK,-0.0014480162689718412,-0.029552491868134467,-0.023075108626893104,355.1178039550781,343.14808471679686,293.3707892608643,0.970945370670814,1.004813965601863,1.1753044284391034,352.07186382285346,350.526481751281,1.545382071572476,3.9210926406324593,-2.3757105690599833,38.75226330825261,0.015122928441310184,4644351.35,0.9716226572737655,0.013776102575885484,0.29473555715460525,1.0348820808606871,1.1696736596760176,-0.0015950922634573317
2026-08-28,343.04998779296875,345.8500061035156,342.25,344.25,3391019,FEDERALBNK,-0.0015950922634573317,-0.04639889196675895,-0.03740813555289679,354.44889373779296,343.5761437988281,293.9014068603516,0.9712260528443413,1.001961300903262,1.171311167501732,350.8685001577991,350.06155717711204,0.8069429806870403,3.298262708643376,-2.4913197279563355,35.35185818913067,0.014742110090446327,4618524.1,0.7342213500628914,0.010457534069762164,0.5555546136565931,1.0316458233064374,1.1690183707153186,0.036165612801833724
2026-08-31,342.6000061035156,356.70001220703125,341.54998779296875,356.70001220703125,6824404,FEDERALBNK,0.036165612801833724,-0.0029349763604996637,-0.037076641998115556,353.7621704101563,344.2641662597656,294.5099709320068,1.0083045674258184,1.036122975220959,1.2111644678046645,351.76565585768094,350.55329458673566,1.21236127094528,2.8810824211037565,-1.6687211501584764,53.1895806876236,0.01479014436465063,4740542.1,1.4395830384039834,0.04247273309671017,1.0,1.0275892906705368,1.1689389162964723,-0.02088593202151956
2026-09-01,350.0,351.75,348.0,349.25,3391394,FEDERALBNK,-0.02088593202151956,0.006629161873602518,-0.033126920729195874,353.1638717651367,344.8729498291016,295.0789429473877,0.9889176892710602,1.0126917758353255,1.1835815748542617,351.3786318795762,350.4567542469775,0.9218776325986937,2.489241463402744,-1.5673638308040503,44.47518115913326,0.014485224408420868,4631642.7,0.732222716575266,0.010737294201861132,0.3333333333333333,1.024040510976995,1.1687480861370447,0.011739459136766328
2026-09-02,349.0,353.5,345.20001220703125,353.3500061035156,6273256,FEDERALBNK,0.011739459136766328,0.023313114958386283,-0.005310219094109114,353.0695526123047,345.4580938720703,295.65446266174314,1.0007943293017931,1.0228447744355582,1.1951451803647615,351.6819202217207,350.67106919931365,1.0108510224070528,2.1935633752036057,-1.1827123527965528,51.82609129474605,0.014326961861390082,4694361.05,1.3363386269575495,0.023489423092120248,0.9819284196283469,1.0220329437209625,1.1684521544574393,-0.024762982450428073
2026-09-03,356.5,356.95001220703125,343.1000061035156,344.6000061035156,6683672,FEDERALBNK,-0.024762982450428073,-0.0005799933194116091,-0.021984755859376648,352.68224029541017,345.8911602783203,296.1590751647949,0.9770835237262733,0.9962671663139187,1.1635638918434839,350.5923949727661,350.22136082184716,0.37103415091894476,1.8290575303466736,-1.4580233794277289,44.939594134912504,0.015265284088104661,4839506.25,1.3810648555314915,0.04019154340744606,0.10830320136965474,1.0196335749419716,1.1679235562369732,-0.004643082052166236
2026-09-04,344.8999938964844,344.8999938964844,341.79998779296875,343.0,3792133,FEDERALBNK,-0.004643082052166236,-0.0036310820624546603,-0.033903640186648265,352.080387878418,346.2922265625,296.64816329956057,0.9742093334617842,0.9904929238661215,1.1562518917524276,349.42433420772517,349.68644520541403,-0.2621109976888647,1.4108238247395661,-1.6729348224284308,41.461537775344716,0.015146097068633183,4782899.1,0.7928523936455194,0.009037918669141764,0.38709994979376067,1.016714672960969,1.1673499768572912,
