trade_date,open,high,low,close,volume,symbol,return_1d,return_5d,return_20d,sma_20,sma_50,sma_200,price_sma20,price_sma50,price_sma200,ema_12,ema_26,macd,macd_signal,macd_histogram,rsi_14,volatility_20,volume_sma20,volume_ratio,daily_range,close_position,sma20_sma50,sma50_sma200,future_return_1d
2022-06-23,756.7083077092467,769.5946217366103,739.4619586182574,760.5354614257812,3888446,INDUSINDBK,0.009387326364151072,-0.030446980080400476,-0.1255012417482012,847.9128997802734,882.9370629882812,939.8452117919921,0.8969499834509712,0.8613699586375563,0.8092135299340164,802.3516331367326,837.5780933950118,-35.22646025827919,-24.395303550215864,-10.831156708063325,16.119621340403995,0.02066418207552373,2326343.95,1.6714837030010115,0.039620326265737756,0.6993574621915383,0.9603322086293792,0.9394494454089894,0.027453946286591258
2022-06-24,769.2555198018051,790.4743213052529,767.8506078087463,781.4151611328125,4706175,INDUSINDBK,0.027453946286591258,-0.0004956649807499325,-0.12848494898494045,842.1528106689453,879.4761657714844,938.8896377563476,0.9278781133700815,0.8885006684033877,0.8322758391499029,799.1306374438218,833.4178761904045,-34.287238746582716,-26.373690589489236,-7.91354815709348,22.558922178041982,0.020341111537172475,2436176.3,1.9317875311405008,0.02895223259260697,0.5995723613703259,0.957561834470183,0.9367194294242688,0.02107866883766607
2022-06-27,793.7201089736778,803.893523304777,792.218331066438,797.8863525390625,2569316,INDUSINDBK,0.02107866883766607,0.05031557103678619,-0.12038031395778226,836.6930755615234,876.3776330566407,938.0735845947265,0.9536189265144607,0.9104366912653677,0.8505583843763933,798.9392089969358,830.7859114754903,-31.846702478554448,-27.46829296730228,-4.378409511252169,28.653583375450495,0.020888582365292886,2462825.2,1.0432392847044119,0.014632650628984577,0.48547564416214345,0.9547175144615399,0.934231223913271,-0.008378842109852958
2022-06-28,793.5263644078476,797.8863993771214,786.744087788977,791.2009887695312,1280737,INDUSINDBK,-0.008378842109852958,0.02221954986351915,-0.12273719560664698,831.1582580566406,873.260693359375,937.1790509033203,0.9519257988478212,0.9060306902464995,0.8442367421752706,797.748713577335,827.8536949787525,-30.10498140141749,-27.99563065412532,-2.1093507472921686,29.03712681629601,0.020893933511476236,2464399.1,0.5196954503026722,0.014082782688976147,0.39999787703805123,0.9517870944806079,0.9317970696396422,-0.00955192830198659
2022-06-29,779.9616987032067,791.9275470720899,763.6842489924029,783.6434936523438,3774208,INDUSINDBK,-0.00955192830198659,0.040056448383759546,-0.12877694722284405,825.3666748046875,870.2571130371093,936.2547232055664,0.949448914735724,0.9004735289292922,0.8369981739256711,795.578679742721,824.5788652508704,-29.000185508149457,-28.19654162493015,-0.8036438832193085,26.05236504267151,0.020887550760664012,2595866.3,1.4539300425449493,0.036041003732517216,0.7066895871589398,0.9484170395622982,0.9295089161820266,-0.017865889775971477
2022-06-30,786.5502631939132,791.297880280008,765.6705528893253,769.6430053710938,2686640,INDUSINDBK,-0.017865889775971477,0.011975173292036345,-0.15759053501200204,818.1677734375,866.80396484375,935.2608776855469,0.9406909320535428,0.8879089581804457,0.822917994042153,791.5885759932398,820.5095422968129,-28.920966303573096,-28.34142656065874,-0.5795397429143563,25.25501458069327,0.02033602470630082,2643405.55,1.0163555872083267,0.0332976811480618,0.15500845723041237,0.9438902065762734,0.9268044729816941,0.01617674336793251
2022-07-01,768.3349796391954,784.8062213212462,758.6460139438714,782.0933227539062,2796110,INDUSINDBK,0.01617674336793251,0.0008678634032524002,-0.12669044278053898,812.4948852539062,863.2762121582032,934.3447860717773,0.9625824567615593,0.9059595431208066,0.8370500209478614,790.1277678025731,817.6638964047457,-27.536128602172653,-28.180366968961522,0.6442383667888691,35.8099537262251,0.020854195075542883,2713302.35,1.030519138421857,0.0334489588598705,0.8962967484085675,0.9411760382261166,0.9239375282304892,0.03072355411350114
2022-07-04,787.5191818512842,813.873182443472,785.9689708727618,806.1220092773438,4711395,INDUSINDBK,0.03072355411350114,0.010321841841351764,-0.10417218610424361,807.8078521728515,860.7987451171875,933.3536050415039,0.9979130644856036,0.9364813945768471,0.8636833938638909,792.5884203371531,816.808941802716,-24.22052146556291,-27.388397868281803,3.1678764027188926,47.0785510402402,0.02234797021146018,2878009.4,1.6370325267179462,0.03461536994347201,0.7222221044846023,0.9384398580447257,0.9222643384753519,-0.009555401955994247
2022-07-05,807.090825394862,812.9042046894228,795.5124998058445,798.419189453125,1836183,INDUSINDBK,-0.009555401955994247,0.009123093608388144,-0.10788140502898924,802.980322265625,858.4249475097656,932.2398587036133,0.994319745221613,0.9300978399675902,0.8564525341830145,793.4854617396103,815.4467379249685,-21.9612761853582,-26.302973531697084,4.341697346338883,45.5408835757683,0.022368788636276768,2923339.9,0.6281113598866831,0.021782673955382654,0.16713080556150894,0.9354112139855886,0.9208198292481338,0.015169058121134782
2022-07-06,803.9904043506316,813.8731617130702,799.3881454004684,810.5304565429688,1660551,INDUSINDBK,0.015169058121134782,0.03431019731346496,-0.0844368345141212,799.242807006836,855.6364636230469,930.8136431884766,1.0141229291489091,0.9472836782936009,0.8707762960655786,796.1077686324346,815.0825689337092,-18.974800301274627,-24.837338885612596,5.862538584337969,56.92270101457952,0.022791316248496663,2911074.05,0.5704255444824566,0.017871032723905955,0.7692301411360282,0.9340915692425945,0.9192349831617075,0.029227173351628943
2022-07-07,814.8420387471872,836.5453461925397,814.1153662988395,834.219970703125,3868679,INDUSINDBK,0.029227173351628943,0.08390508960825893,-0.06443550822590571,796.3700286865235,853.4370678710937,929.5104766845703,1.0475280844999009,0.9774827015471615,0.8974831286234312,801.9711843356177,816.5001542499623,-14.528969914344543,-22.775665091358988,8.246695177014445,62.500003638778196,0.023874670024575887,3052948.25,1.267194424274961,0.02688736865744776,0.8963273484668705,0.9331326921070765,0.918157556346412,-0.014401815646341132
2022-07-08,840.0334108152343,840.5178591490378,819.8803719563615,822.2056884765625,1342616,INDUSINDBK,-0.014401815646341132,0.05128846463157699,-0.07074022812672631,793.2404937744141,850.7290026855469,928.3412609863282,1.0365150227824673,0.9664719151234492,0.8856718138360019,805.0841849726862,816.9227864148957,-11.838601442209438,-20.58825236152908,8.749650919319642,65.67127474358676,0.02398995457268069,3075968.2,0.43648565677629564,0.02510015131483074,0.11267440161155824,0.932424416318645,0.916396845037006,0.011489406368546229
2022-07-11,818.7175982489341,833.2510467385603,816.8282381179321,831.65234375,1503503,INDUSINDBK,0.011489406368546229,0.0316705587725401,-0.008203951202248927,792.8965301513672,848.3997741699219,926.9886810302735,1.0488787781568853,0.9802599777489243,0.8971547989406787,809.1715940153498,818.0138647360145,-8.842270720664715,-18.239056033356206,9.396785312691492,64.80836531921972,0.021227204827803405,2983489.45,0.503941114992044,0.019747204158141577,0.9026534970058544,0.9345789028847169,0.9152212875210015,-0.013164812731619513
2022-07-12,823.5620529861975,834.3652729830111,818.7175703215728,820.7037963867188,1221366,INDUSINDBK,-0.013164812731619513,0.02791091099508458,0.003375899268496685,793.0345947265625,845.0851782226563,925.5627072143554,1.0348902832791254,0.9711492019216154,0.8867079345242549,810.9457789955604,818.2131189323629,-7.2673399368025,-16.044712814045464,8.777372877242964,68.16750725260982,0.020685263581843617,2856013.25,0.42764717565648547,0.019066199925393115,0.1269340367797727,0.9384078849831871,0.913050160335532,-0.03305588383398361
2022-07-13,829.5208044993268,829.5208044993268,764.9438258212137,793.57470703125,10850036,INDUSINDBK,-0.03305588383398361,-0.020919324344747636,-0.028756061344232364,791.8598083496094,841.9992419433594,923.866653137207,1.0021656594558257,0.9424886240985869,0.8589710477550846,808.2733063856665,816.3880513841324,-8.11474499846588,-14.458719250929548,6.343974252463667,58.053818189608975,0.02199751580264664,3202931.4,3.387533057998058,0.08137479446603643,0.4433604946547315,0.9404519254933927,0.9113861173408008,0.0022588188459433667
2022-07-14,797.4987737616719,803.9903928575077,788.3911811357021,795.3672485351562,2463571,INDUSINDBK,0.0022588188459433667,-0.046573713807428474,0.013957608652095832,792.4072387695312,839.7533410644531,922.2091131591797,1.0037354653274262,0.9471438929042735,0.8624586736195811,806.2877590240496,814.8309548768008,-8.543195852751182,-13.275614571293875,4.732418718542693,53.74999138747598,0.02002178496094821,3169018.7,0.7773923833267377,0.019612589970903285,0.4472064052892192,0.9436190367103428,0.9105888556964475,-0.0071263819710347676
2022-07-15,798.5161522090235,803.2152770388067,785.9689294797997,789.6991577148438,1365475,INDUSINDBK,-0.0071263819710347676,-0.03953576485459376,0.010100354788077581,792.8020629882812,837.8087634277343,920.5830618286133,0.99608615388595,0.9425768650162367,0.8578249920721044,803.7356665149409,812.9693402722114,-9.23367375727048,-12.467226408489198,3.2335526512187176,47.663807273635456,0.020081691054642567,3106065.45,0.4396156558774381,0.02183913632238483,0.21629091158469102,0.9462804611217998,0.9100849213579283,0.04416911138607138
2022-07-18,800.3086189416035,826.6626191893081,797.5957201962716,824.5794677734375,2536142,INDUSINDBK,0.04416911138607138,-0.008504606557916072,0.08545365114171033,796.0478637695312,837.0598059082031,919.2086819458008,1.03584156845645,0.9850902670912212,0.8970536114040502,806.9424051700943,813.8293497167467,-6.886944546652444,-11.351170036121847,4.464225489469403,58.20432154607114,0.021086094443108466,3077673.65,0.8240451355198106,0.03525057332742482,0.9283325195312494,0.9510047647143035,0.9106308745216558,0.02003410829531793
2022-07-19,814.8421058219286,844.6841116632038,813.8732091443759,841.0991821289062,2608372,INDUSINDBK,0.02003410829531793,0.024851092235690153,0.08668725083814577,799.4026733398438,836.2333374023438,917.9728552246094,1.0521595813719982,1.0058187643435474,0.9162571391319696,812.1972939329884,815.8493373028325,-3.6520433698441366,-9.811344702866306,6.159301333022169,63.526476058663,0.021129714113678005,3036812.45,0.8589177115629909,0.03663171142414195,0.8836473702090724,0.9559564748077254,0.9109564979432146,0.012901716902981253
2022-07-20,858.4424249941918,869.5363033747979,845.6529774897258,851.9508056640625,3995680,INDUSINDBK,0.012901716902981253,0.07356093650110962,0.13071433159853085,804.3270904541016,835.3797412109375,916.8460278320313,1.0592093885375338,1.0198365649005376,0.9292190616548565,818.313218814692,818.5235201444051,-0.21030132971304738,-7.891136028235654,7.680834698522607,69.6688905542197,0.019897145038936262,3083260.05,1.2959270172491615,0.028033691295656363,0.2636914224024834,0.9628281017303304,0.9111450732750312,0.07824399453173658
2022-07-21,874.9136269793294,932.0785261950332,864.8370787171135,918.61083984375,23581540,INDUSINDBK,0.07824399453173658,0.15495180564144917,0.20784747909272205,812.230859375,836.8950939941407,916.0905297851563,1.130972591401671,1.0976415639618762,1.0027511582934765,833.7436220499318,825.9373956776899,7.806226372241895,-4.751663548140145,12.557889920382038,75.91023973803203,0.025592665459641742,4067914.75,5.79696022390833,0.0731990572736514,0.799711534233322,0.9705288813423092,0.9135506445966768,-0.005959262537108212
2022-07-22,920.5001870574308,926.2651335549194,909.4548014908158,913.1365966796876,4842122,INDUSINDBK,-0.005959262537108212,0.1563094474129052,0.16856780121327497,818.8169311523437,838.2534875488282,915.2313598632812,1.1151901749205468,1.0893322965465115,0.9977112200527017,845.957925839125,832.396595751912,13.561330087213037,-1.0890648210695084,14.650394908282545,71.84963475669683,0.025469272311859435,4074712.1,1.1883347537608853,0.01840943854975113,0.2190197775291898,0.9768130324714548,0.9158924445880524,0.02079684081698674
2022-07-25,910.7627951304088,936.438554780362,910.326779837304,932.126953125,6043152,INDUSINDBK,0.02079684081698674,0.130427071682935,0.16824526470311496,825.5289611816406,839.7291162109375,914.2307318115235,1.129126895549222,1.1100329083871523,1.019575169255157,859.2146992677211,839.7840296313999,19.430669636321227,3.0148820704086385,16.415787565912588,76.09682854632338,0.025461802532138002,4248403.9,1.4224523238009454,0.02801311007638714,0.8348790281486301,0.9830896002589842,0.9185089573034118,-0.0004677851603670513
2022-07-26,929.1718105416908,939.7328068083884,922.244176412148,931.69091796875,2983144,INDUSINDBK,-0.0004677851603670513,0.10770636539028255,0.1775654115621208,832.5534576416015,840.8481909179687,913.4059582519532,1.1190763901311251,1.1080370131397996,1.0200184370942686,870.3648867601871,846.5919472860185,23.772939474168652,7.166493551160642,16.60644592300801,74.77708532778487,0.02525281303027452,4333524.25,0.6883875173884166,0.018770849923458198,0.5401647437544781,0.9901352784415084,0.9205635055492268,0.018926847764507482
2022-07-27,930.8189884724646,953.152043587624,925.5384901012226,949.3248901367188,3405140,INDUSINDBK,0.018926847764507482,0.11429543093953298,0.2114244523516431,840.8375274658204,842.3335083007812,912.500524597168,1.1290229790264783,1.127017838874496,1.0403554458840527,882.5125795873457,854.2017949045888,28.31078468275689,11.395351777479892,16.915432905276997,74.13652628272881,0.02498269291174338,4315070.85,0.7891272515258934,0.029087569254003878,0.861403080455039,0.9982240041263719,0.9231046838823871,0.03868137429848861
2022-07-28,963.5192355953536,988.274531895382,958.335603303849,986.0460815429688,7001490,INDUSINDBK,0.03868137429848861,0.07341002171353539,0.28117331627997233,851.657681274414,845.2682971191406,911.7413934326172,1.1577962639489812,1.1665480474112535,1.0814975481486058,898.4408106574415,863.9680383592837,34.47277229815779,16.01083588161547,18.461936416542322,81.13032411772363,0.024871422963377098,4530813.35,1.5453053258086653,0.030362605918665027,0.9255667969012271,1.0075590012982267,0.9270921592544878,0.025351246789072412
2022-07-29,990.4060938183592,1017.2929147200032,987.0633887970454,1011.0435791015624,5862550,INDUSINDBK,0.025351246789072412,0.10722052185607334,0.29274032866241173,863.1051940917969,848.1168518066406,911.1128216552735,1.1714024965003644,1.1921041032822997,1.1096798937202297,915.7643134949985,874.8625228587117,40.90179063628682,20.98902683254974,19.91276380373708,82.18319794212964,0.025022036981108175,4684135.35,1.2515757043613183,0.029899330303665532,0.793270472240693,1.0176724967240403,0.9308582116820787,-0.003210334985859764
2022-08-01,1007.652432387202,1015.3067389417675,992.6830276962372,1007.7977905273438,4299697,INDUSINDBK,-0.003210334985859764,0.08118082751352018,0.250180219531277,873.1889831542969,850.7861608886719,910.426116027832,1.1541577023644842,1.1845488759180902,1.106951758945956,929.9233099615132,884.7095797230548,45.21373023845831,25.83396751373146,19.379762724726852,84.51912491509152,0.024922420629011493,4663550.45,0.9219793044160163,0.022448661287193503,0.6680938713842846,1.0263319072353323,0.9344922623711984,0.02605409877893683
2022-08-02,1000.8703401109378,1038.5604472412635,999.9499355102764,1034.0550537109375,5074834,INDUSINDBK,0.02605409877893683,0.10986919993312738,0.2951280071552522,884.9707763671875,854.0668469238282,909.8581015014648,1.1684623733630417,1.2107425284512443,1.1365014522643921,945.9435782306552,895.7722074258609,50.17137080479438,30.701448171944044,19.469922632850334,94.51218630445027,0.024607879700522597,4825483.0,1.0516737909966734,0.03733893238316924,0.8833117374429873,1.0361844386708943,0.9386813674730501,-0.008386161741163578
2022-08-03,1030.4700078404271,1036.7193434894414,1018.8432488480222,1025.38330078125,2753893,INDUSINDBK,-0.008386161741163578,0.08011842040039374,0.26507683024603446,895.7134185791016,857.2632385253906,909.1231936645507,1.1447671537709547,1.1961125296181472,1.1278815763659826,958.1650740076698,905.3730291558898,52.79204485178002,35.11956750791124,17.672477343868778,91.51796288506972,0.025072806250803336,4880150.1,0.564304979062017,0.01743357301391508,0.36585462677482167,1.044852244124979,0.9429560751495958,-0.007653864194268056
2022-08-04,1028.0961527849129,1039.4806877704614,1011.3343126639136,1017.53515625,2142720,INDUSINDBK,-0.007653864194268056,0.03193468874979666,0.2197444223162952,904.8791778564453,860.2203100585938,908.3025387573242,1.124498365251838,1.1828773912356134,1.120260169747098,967.2989328141822,913.6813348665646,53.61759794761758,38.81917359585251,14.798424351765071,90.80334002664945,0.02510448417463133,4793852.15,0.44697248328778766,0.027661329373893852,0.2203070044584141,1.0519156165875805,0.9470636416314402,-0.013235443723151441
2022-08-05,1022.6703949763056,1024.850412398093,1001.4031612153848,1004.067626953125,2382020,INDUSINDBK,-0.013235443723151441,-0.0068997541675072105,0.22118788646856524,913.9722747802734,862.3693237304688,907.5385641479493,1.0985755855608543,1.1643127826134776,1.1063635933706055,972.9556549894041,920.3766157618654,52.579039227538715,41.57114672218975,11.007892505348963,84.8148690103775,0.025045429550282588,4845822.35,0.4915615612693685,0.023352262888765525,0.1136365929199062,1.0598385745292733,0.9502288473439274,0.013412970337209895
2022-08-08,1004.0675882050527,1024.8018807088608,1001.5483624405064,1017.53515625,2057991,INDUSINDBK,0.013412970337209895,0.009662023288978583,0.223510237056312,923.2664154052734,864.5784057617187,906.8046249389648,1.1021035090974762,1.1769148401914131,1.1221106821312123,979.8140397987266,927.5735446869124,52.2404951118142,43.705016400114644,8.535478711699554,84.63291513523454,0.025053798536639037,4873546.75,0.4222778821194236,0.02285279100729299,0.6874999999999972,1.0678804944149036,0.9534340496111957,0.012283508132781007
2022-08-10,1012.88463334489,1034.2972267498303,1010.6077497556956,1030.0340576171875,2727232,INDUSINDBK,0.012283508132781007,-0.0038885706126765562,0.25506188974887056,933.7329284667969,867.1411401367187,906.2169894409179,1.1031356249891695,1.1878505239121582,1.136630707235645,987.5401963861822,935.1632123113773,52.37698407480491,45.439409935052694,6.937574139752215,84.7316545923336,0.02443097295451492,4948840.05,0.5510850972037377,0.02299873175935206,0.8200395418734512,1.076794636129914,0.9568802508014039,0.02332627284609612
2022-08-11,1045.7101495454351,1060.7025606036373,1044.098561036177,1054.0609130859375,3998702,INDUSINDBK,0.02332627284609612,0.02796769976928415,0.32824408810754835,946.7572387695312,870.2328552246094,905.6913546752929,1.1133381081467781,1.211240079890895,1.1638191174562307,997.7741528015291,943.9704494057892,53.803703395739944,47.11226862719015,6.691434768549797,81.68614579418762,0.022140222985005755,4606273.35,0.8680991543847479,0.015752409904707807,0.5999971277573538,1.0879355256302874,0.9608492459736506,0.0011582112382275689
2022-08-12,1052.058680663997,1062.704797773359,1050.495975222894,1055.28173828125,2463516,INDUSINDBK,0.0011582112382275689,0.03709609618832266,0.3267855072292498,959.752963256836,873.0660693359375,905.2621731567383,1.0995347539227653,1.208707766050177,1.1657194673244533,1006.6214736445631,952.2157300632307,54.405743581332445,48.57096361801861,5.834779963313835,83.92750380224817,0.02217364539961958,4606270.6,0.534817906703093,0.011569254074603392,0.3919921874999943,1.0992901877252352,0.9644344977891545,0.003702196493919896
2022-08-16,1059.7258345345815,1071.3486578554796,1050.0564228902451,1059.1885986328125,3083931,INDUSINDBK,0.003702196493919896,0.05489766844386157,0.34125582924235554,973.2274353027344,876.3388195800782,904.9632223510743,1.0883258734926013,1.2086519220275462,1.1704217060678601,1014.7087236427553,960.13964625357,54.56907738918528,49.77058637225195,4.798491016933333,82.68043975420186,0.021746780230990033,4692193.4,0.6572472055393113,0.020102401963841197,0.4288970020046372,1.110560679908124,0.9683695402597351,0.0038267242127434375
2022-08-17,1057.772293110944,1069.492761732672,1056.7955873924666,1063.2418212890625,1768441,INDUSINDBK,0.0038267242127434375,0.04491900329764409,0.2894352368002451,985.1605529785156,879.6064025878907,904.7443667602539,1.0792574043636618,1.2087699886686794,1.1751847929115744,1022.1753540498795,967.7768444043472,54.39850964553227,50.69617102690801,3.7023386186242604,83.217017084649,0.02074745286143412,4653808.35,0.3799986735594731,0.011941944048825676,0.5076904296874911,1.1200015712483151,0.972215395756065,0.01515727128474298
2022-08-18,1057.2841365256677,1081.652901034779,1056.356313611582,1079.357666015625,2407824,INDUSINDBK,0.01515727128474298,0.047885415082817184,0.2832703787485118,997.0734771728515,883.29416015625,904.4440426635742,1.0825257021940708,1.2219685295153457,1.1933935269637386,1030.9726328138404,976.042090449627,54.93054236421335,51.54304529436909,3.3874970698442652,83.08735393047807,0.02068887498806598,4643780.95,0.5185050772043844,0.02343670519947076,0.9092670097845186,1.1288124864274827,0.9766155986333459,-0.03782462035593814
2022-08-19,1079.2110751092814,1079.2110751092814,1035.3081950929873,1038.5313720703125,3660413,INDUSINDBK,-0.03782462035593814,-0.014733058424640455,0.21900392037403815,1006.4025054931641,886.3591723632812,904.113020324707,1.0319244699827177,1.1716823207247888,1.1486742793476528,1032.1355157763746,980.6709261252333,51.464589651141296,51.52735416572354,-0.0627645145822413,63.08179539300961,0.023576547404440654,4627017.6,0.7910955428395172,0.042274004615550274,0.07341607147706451,1.135434186132258,0.9803632426894487,-0.005736955062438542
2022-08-22,1030.424659104896,1042.4381886031845,1021.145953643762,1032.5733642578125,2662510,INDUSINDBK,-0.005736955062438542,-0.021518778540054018,0.1240596338199611,1012.1006317138672,889.17712890625,903.3215328979492,1.0202279614323304,1.1612684702405132,1.143085077298235,1032.2028770812112,984.5155511720911,47.68732590912009,50.75934851440285,-3.0720226052827613,55.928952876166775,0.01752310576100482,3581066.1,0.743496468830888,0.02062055413827836,0.5366938057854517,1.138244112237594,0.9843417836544619,0.013100730939380467
2022-08-23,1010.8905371093504,1053.7679470214714,1010.011478014333,1046.100830078125,3030759,INDUSINDBK,0.013100730939380467,-0.012356409964741855,0.14561264314880917,1018.7488433837891,892.4032177734375,902.6778591918945,1.0268486063782767,1.1722288862742627,1.1588861069602696,1034.341023696121,989.0774236836492,45.2636000124719,49.66019881401667,-4.396598801544769,59.982731046225624,0.017355373126694905,3490497.95,0.8682884343192351,0.041828156281905074,0.8247775216483856,1.1415790789342808,0.9886175989431544,0.02880348317284076
2022-08-24,1051.9121787262657,1079.259941961489,1051.9121787262657,1076.232177734375,3685015,INDUSINDBK,0.02880348317284076,0.012217687627790186,0.15459828098120698,1025.9541046142579,897.1572290039062,902.3524612426758,1.0490061620631859,1.1996026370197026,1.1926960073364687,1040.7858166250833,995.5333313911103,45.25248523397295,48.77865609800793,-3.526170864034981,60.77483108729698,0.01777845278228355,3372591.1,1.0926361633344759,0.025410653761341995,0.8892865862165189,1.1435610965910088,0.9942425687722789,-0.010844900478580222
2022-08-25,1083.1668419408054,1093.666430354569,1057.4794291075782,1064.560546875,3775014,INDUSINDBK,-0.010844900478580222,-0.013709189832548763,0.1426112741293315,1032.5975860595704,902.08958984375,901.9146896362305,1.0309539371841856,1.1801051235491937,1.1803339707266212,1044.4434674327629,1000.646458463991,43.79700896877182,47.78232667216071,-3.985317703388887,59.857376108624635,0.018166230441104797,3412184.6,1.1063334615600808,0.033992431293097564,0.1956812535830292,1.1446729877887467,1.0001939210099684,-0.018532877416040594
2022-08-26,1072.4231194952822,1076.0368837737178,1039.8500003213635,1044.8311767578125,3662548,INDUSINDBK,-0.018532877416040594,0.006066070661824519,0.10060442701269445,1037.372900390625,906.6448046875,901.9981222534179,1.0071895808772129,1.1524151148893884,1.1583518313181869,1044.5031150212321,1003.9194005598297,40.58371446140245,46.34260423000906,-5.758889768606608,56.48048484595558,0.018775828799687082,3425055.0,1.06933990841023,0.03463419187456185,0.1376514350291453,1.144188876423534,1.0051515433562916,-0.009862304636956254
2022-08-29,1025.5410877488744,1038.1406163865745,1016.7507355681698,1034.5267333984375,1642550,INDUSINDBK,-0.009862304636956254,0.001891748526777981,0.0491667202607875,1039.7969329833984,911.6469665527344,901.9956369018555,0.9949315107423528,1.134788762924705,1.146930972916671,1042.9682870792637,1006.1866103997265,36.78167667953721,44.43041871991469,-7.648742040377478,57.34171621049857,0.017265693270023977,3157108.0,0.5202704500447878,0.020676005875786843,0.8310470722666453,1.140569728340396,1.010699973764872,0.04555329225567961
2022-08-30,1046.833364306365,1083.9481861307677,1045.0752461081786,1081.65283203125,3200407,INDUSINDBK,0.04555329225567961,0.03398525355387583,0.06983799154575787,1043.3273956298829,917.6439697265625,902.4034262084961,1.0367338541687858,1.17872820801466,1.1986355554697763,1048.9197555334154,1011.7767008909505,37.143054642464904,42.97294590442473,-5.82989126195983,63.29706116447637,0.019157495454635763,3024000.85,1.05833535066632,0.03593846275943187,0.9409523926365269,1.1369631687775066,1.0168888360520756,0.0035669062962002673
2022-09-01,1072.0812798910745,1094.8873393406336,1069.4929853505744,1085.510986328125,3487969,INDUSINDBK,0.0035669062962002673,0.008621567711609712,0.07711189340881242,1047.2130554199218,924.1609204101562,902.8251766967774,1.0365712886312768,1.1745908773618767,1.2023490420368554,1054.5491756556785,1017.2384998122227,37.31067584345578,41.84049189223094,-4.52981604877516,61.93275894391747,0.01909136308204535,2983414.45,1.169119831808819,0.023393917067535894,0.6307701697716335,1.133150117357433,1.023632198419013,-0.009582563115504206
2022-09-02,1090.9315965218136,1093.4222442328917,1069.4929499196217,1075.1090087890625,2428618,INDUSINDBK,-0.009582563115504206,0.009908747741053547,0.039701904585054404,1049.2657531738282,930.1830407714843,903.1767504882813,1.0246298476215996,1.1558037092327313,1.1903639107271418,1057.7122269069682,1021.5252041808775,36.18702272609073,40.70979805900291,-4.522775332912175,54.8092005881736,0.018570110518699147,2851103.65,0.8518168043452227,0.02225755166931633,0.2346938775510173,1.1280207305258736,1.0299014453910629,0.00658635973618682
2022-09-05,1073.8880638921305,1086.5363567447566,1071.0068293741303,1082.1900634765625,2419887,INDUSINDBK,0.00658635973618682,0.0357559073176561,0.05540051476558161,1052.1060913085937,936.7575927734375,903.5421716308593,1.0285940480874423,1.1552509121090189,1.1977194838877863,1061.478047917675,1026.0188974620394,35.45915045563561,39.65966853832945,-4.20051808269384,55.987830551292326,0.018425872723660405,2834403.35,0.8537553414901234,0.014350092368005385,0.72012713816294,1.1231359098928106,1.036761340184737,0.0007220285019087225
2022-09-06,1089.0269637983592,1092.6896105375915,1072.0322590829658,1082.971435546875,2516672,INDUSINDBK,0.0007220285019087225,0.0468278881390487,0.0643086176383647,1055.3779052734376,943.2063122558594,904.0112960815429,1.0261456395245343,1.1481808608306918,1.1979622823752742,1064.7847229375518,1030.237603986842,34.54711895070977,38.637158620805515,-4.0900396700957415,55.3669801346614,0.018268841818162244,2853100.95,0.8820830542291186,0.01907469650313934,0.5295536791314862,1.1189258294394768,1.0433567770051195,-0.017000345593213062
2022-09-07,1069.492959355439,1074.3764888502128,1060.7026062648465,1064.560546875,3165749,INDUSINDBK,-0.017000345593213062,-0.015802006568181537,0.06024785412656186,1058.4025512695312,948.8692199707032,904.3249035644532,1.0058181979985616,1.1219254713603934,1.1771881352365372,1064.7502343125439,1032.7800442007797,31.97019011176417,37.303764918997246,-5.333574807233077,50.27948107533079,0.01846629566690465,2892287.4,1.0945485569656737,0.01284462647569061,0.2821393694196434,1.1154356459177903,1.0492569830054175,0.0168355716395594
2022-09-08,1077.3064440521923,1089.026913071799,1071.8369156883978,1082.4830322265625,2995969,INDUSINDBK,0.0168355716395594,-0.0027894274122503004,0.06382863095946467,1061.6499450683593,954.5611535644531,904.8518997192383,1.0196233111064323,1.1340111926663188,1.1963096199084517,1067.4783570685468,1036.4617470175044,31.016610051042335,36.04633394540626,-5.029723894363926,50.657333622937024,0.018582481115366187,2939186.3,1.0193191904847951,0.015880154119407443,0.6193204280789852,1.1121864126819145,1.0549363424673572,0.026030873165434842
2022-09-09,1092.933776843472,1122.7721863595357,1090.540895353428,1110.6610107421875,4751837,INDUSINDBK,0.026030873165434842,0.033068276484045755,0.0782760070201145,1065.6812927246094,960.9503540039062,905.527294921875,1.0422074764046756,1.1557943718054686,1.2265350994615911,1074.121842249107,1041.9579887748885,32.16385347421851,35.26983785116871,-3.1059843769501967,66.02294950739585,0.019178456554874688,3040416.55,1.5628901243811477,0.029019917593550482,0.624241684422348,1.108986836088181,1.0612052882258098,-0.0002638886370168736
2022-09-12,1117.6444493732918,1118.3280957148954,1101.724097787251,1110.367919921875,1918731,INDUSINDBK,-0.0002638886370168736,0.026037807402140123,0.053419120410308496,1068.4966430664062,967.4848425292969,906.3250009155273,1.0391870925633468,1.1476850810592947,1.2251321753236786,1079.6981618910713,1047.0253910820727,32.67277080899862,34.75042444273469,-2.0776536337360696,67.72752990736409,0.018641928259363096,2936418.0,0.6534257043786,0.014953600180391347,0.5205867991727895,1.1044065974956612,1.067481137066713,0.023706005210565317
2022-09-13,1118.3281900806076,1138.3995428422015,1110.3192498598282,1136.6903076171875,3571187,INDUSINDBK,0.023706005210565317,0.04960322156898411,0.07714391937505582,1072.567071533203,974.8257885742188,907.3073663330078,1.0597848263161036,1.166044559899992,1.2528172367995407,1088.4661843104739,1053.6672367513404,34.79894755913347,34.76012906601445,0.03881849311901675,69.50574651615979,0.019212410234163205,2991801.55,1.1936577143627725,0.024703556275796207,0.9391304347826087,1.10026538495862,1.074416261508043,0.04463835918574843
2022-09-14,1121.8444673019185,1196.464828186851,1115.691291150183,1187.4302978515625,9043198,INDUSINDBK,0.04463835918574843,0.11541828347597938,0.12107541507176611,1078.9791564941406,982.9325280761718,908.5972055053711,1.1005127306720228,1.2080486339948893,1.306883061775544,1103.6914325475643,1063.5756116476532,40.115820899911114,35.83126743279379,4.284553467117327,71.99147896127147,0.02126182288078833,3289764.9,2.748888833971084,0.06802381342535477,0.8881498735014266,1.0977143656095647,1.0818132854915117,-0.016368662264201528
2022-09-15,1190.604416335261,1191.5811221731078,1157.4453008310766,1167.99365234375,4063705,INDUSINDBK,-0.016368662264201528,0.0789948826646274,0.09852117266012694,1084.216748046875,990.1699609375,910.0684191894532,1.0772695168634796,1.179589058870141,1.283413013478719,1113.5840817469775,1071.3102813288456,42.27380041813194,37.11977402986142,5.154026388270523,69.84625618348073,0.021839383516077882,3404528.1,1.1936176999097172,0.029226033269558215,0.3090112116237645,1.0949804486295773,1.0880170546071568,0.026341098078594527
2022-09-16,1167.993653765683,1221.9078876165347,1157.396419257501,1198.7598876953125,16270762,INDUSINDBK,0.026341098078594527,0.0793211214772489,0.11062340634541701,1090.1868591308594,998.1767749023437,911.7242263793945,1.0995912101261356,1.2009494889445738,1.3148272833066896,1126.6880518928751,1080.7509929115467,45.93705898132839,38.88323102015481,7.053827961173582,78.33501263294706,0.022254160153696727,4097675.0,3.9707302311676744,0.05381517101232074,0.6411800799139498,1.0921781457372792,1.0948231340372148,-0.0013036339943184316
2022-09-19,1197.4413200065649,1226.7424942318478,1189.6276735464894,1197.1971435546875,6074889,INDUSINDBK,-0.0013036339943184316,0.07819860613311103,0.1527789874735077,1098.1201477050781,1005.9101086425782,913.4325332641602,1.0902241854469812,1.190163150035584,1.3106574376943765,1137.5356044562309,1089.3766336999277,48.15897075630323,40.7383789673845,7.420591788918735,80.93992074378623,0.019884887669826205,4218398.8,1.4400935729452606,0.031001427697328107,0.20394736842105277,1.09166826962991,1.1012418235728352,0.03128706688871574
2022-09-20,1212.3362242186693,1246.0814614737426,1211.1153418176434,1234.6539306640625,5704241,INDUSINDBK,0.03128706688871574,0.0861832131323732,0.19570577103884568,1108.2241760253905,1013.9187878417969,915.082751159668,1.114083194874983,1.217704953758789,1.349226536178731,1152.476885411282,1100.1379149565303,52.33897045475169,43.058497264857934,9.280473189893755,80.21208005935465,0.020323963037526753,4370485.35,1.3051733487677748,0.028320583434495318,0.6731827574213893,1.0930107907205564,1.1080077583769072,-0.0315245220003193
2022-09-21,1230.6492874304422,1235.5328163488168,1193.339174184771,1195.7320556640625,6121456,INDUSINDBK,-0.0315245220003193,0.006991364316305981,0.14303709669627418,1115.7057373046875,1021.3893151855468,916.4807104492188,1.071727083301285,1.1706917606112262,1.3046996429177073,1159.1315269886327,1107.2189624163475,51.91256457228519,44.82931072634339,7.083253845941805,69.11731390318151,0.022229999923823213,4525020.2,1.3528019167737637,0.03528687046916464,0.05671189678264969,1.092341304845163,1.1144689719491274,-0.006289459061397662
2022-09-22,1190.604429490011,1209.6501935384565,1176.9305476090756,1188.2115478515625,5463724,INDUSINDBK,-0.006289459061397662,0.017309936117582803,0.10404759533664976,1121.304705810547,1028.520499267578,917.813938293457,1.0596687427550313,1.1552628739025643,1.2946104850628777,1163.6053763521604,1113.2184131893264,50.386963162834036,45.94084121364152,4.446121949192516,69.81515414371918,0.02179409817491652,4613955.65,1.1841734976364586,0.02753688599352717,0.344777576958956,1.0902113342505488,1.1206198297445384,-0.02729039106809872
2022-09-23,1181.814023577257,1185.6719638147506,1148.6549092014843,1155.7847900390625,4197496,INDUSINDBK,-0.02729039106809872,-0.03584962935227354,0.08569192558549132,1125.86591796875,1035.222119140625,919.1570111083985,1.0265740987384104,1.1164606789879268,1.2574399978142123,1162.4022092270684,1116.3714781411588,46.030731085909565,45.958819188095134,0.07191189781443086,61.841859222652594,0.022721231659358944,4635079.75,0.9055930483181007,0.03202763605499186,0.19261070098815902,1.087559758579513,1.1262734294897725,-0.028520660075543436
2022-09-26,1142.7458685261506,1152.5129272315023,1109.244809476078,1122.821044921875,5082576,INDUSINDBK,-0.028520660075543436,-0.062125188848995094,0.07464351169733541,1129.7654113769531,1041.8070458984375,920.2819760131836,0.9938532668949261,1.0777629594101779,1.2200837071547623,1156.3127993339617,1116.8492238286192,39.46357550534253,44.65977045154462,-5.196194946202084,55.81030023301858,0.02335193897973761,4706081.15,1.0800017759999738,0.03853518595070053,0.3137699569585511,1.0844286529111173,1.132051993902696,0.013482928632388091
2022-09-27,1139.2784899884232,1150.5594902362084,1114.0306676346247,1137.9599609375,4493527,INDUSINDBK,0.013482928632388091,-0.07831665807321031,0.09998120319161075,1134.9370727539062,1048.6589001464845,921.3922860717773,1.0026634852769931,1.085157395582626,1.2350439418035803,1153.489285734506,1118.4129821329807,35.0763036015253,42.743077081540754,-7.666773480015458,60.805149772823164,0.0232128077539814,4848630.0,0.9267621988066732,0.03210027053279596,0.6550797862791741,1.0822747726599848,1.1381242452303242,-0.020770704840333276
2022-09-28,1128.290552617237,1132.9787883978745,1106.607730392062,1114.32373046875,4898528,INDUSINDBK,-0.020770704840333276,-0.06808241429147066,0.0302046067555215,1136.5706176757812,1055.1513916015624,922.3790856933593,0.9804263044802928,1.0560794776353115,1.2080973514605489,1147.4638156936205,1118.110074602297,29.353741091323627,40.06520988349733,-10.711468792173704,54.60973179543061,0.021814399113844092,4933536.05,0.9929040652292386,0.023665526708938806,0.29259349681712904,1.0771635489677331,1.1439454861537728,0.0011833217579153565
2022-09-29,1132.978864015649,1147.4341592817395,1110.807687384682,1115.642333984375,4998273,INDUSINDBK,0.0011833217579153565,-0.061074321317952096,0.027757754675678648,1138.0771850585938,1060.9726489257812,923.3804721069336,0.9802870566524328,1.0515278929329102,1.2082152132140567,1142.5682031229674,1117.9272790009693,24.64092412199807,36.980352731197485,-12.339428609199416,50.78198628002801,0.02181025472627448,5009051.25,0.9978482452141012,0.03282994090610638,0.1319986979166693,1.0726734437601948,1.149009190658857,0.03760106580977052
2022-09-30,1114.4213258245463,1164.5263814160476,1102.505562669458,1157.5916748046875,4392250,INDUSINDBK,0.03760106580977052,0.0015633401487866738,0.07672028170290246,1142.201318359375,1067.302498779297,924.6216409301758,1.0134742940652695,1.0845956756670736,1.2519625580471405,1144.8795064586166,1120.8653823938373,24.014124064779253,34.38710699791384,-10.372982933134587,56.555927138928915,0.02305399483080307,5107232.85,0.860005824876381,0.05357745748910466,0.8881874384842526,1.0701758120736546,1.1543126956292988,-0.024426154153262436
2022-10-03,1150.5595147804054,1158.2755149982297,1126.1907510163076,1129.316162109375,3397982,INDUSINDBK,-0.024426154153262436,0.005784641476818786,0.04354697037359467,1144.5576232910157,1072.849805908203,925.6850985717773,0.9866835353052684,1.0526321167140178,1.2199787636765207,1142.4851457895024,1121.4913660764698,20.99377971303261,31.708441540937596,-10.714661827904987,48.9817919611979,0.02389524218658088,5156137.6,0.6590169354673545,0.028410789695945855,0.09741106697335919,1.0668386357418498,1.1589792333953344,0.05448648728111061
2022-10-04,1157.2988100003972,1193.534573956838,1148.7526336320482,1190.8486328125,4446589,INDUSINDBK,0.05448648728111061,0.04647674232002674,0.09961222773262679,1149.951483154297,1078.2945617675782,927.0925521850586,1.0355642392373137,1.1043815623630886,1.2844981118722143,1149.925682254579,1126.62894139025,23.296740864328967,30.026101405615872,-6.729360541286905,50.45833689324743,0.026570610300497073,5252633.45,0.8465446984502601,0.03760506506945848,0.9400217783138115,1.0664539393292092,1.1630926806888402,-0.015050281730219606
2022-10-06,1196.4646114522056,1206.1827865239002,1169.40990833702,1172.926025390625,2773277,INDUSINDBK,-0.015050281730219606,0.05259000891708854,0.10179362633128775,1155.3697570800782,1083.4903503417968,928.4600485229493,1.0151953677192624,1.0825440439046041,1.2633026345684848,1153.4641965832016,1130.0583550199074,23.40584156329419,28.702049437151537,-5.296207873857348,50.664038079887035,0.02648872654519502,5233009.85,0.5299582992376749,0.03135140442862421,0.09561712944350198,1.0663406062782252,1.1669757380142303,0.01040889369013831
2022-10-07,1173.0237114585432,1189.4811809837738,1154.954653455227,1185.1348876953125,3338767,INDUSINDBK,0.01040889369013831,0.06228927640523785,0.09482999032105388,1160.5023498535156,1088.550509033203,930.108044128418,1.021225754385509,1.0887275122841025,1.274190557943055,1158.3366106004494,1134.1380981810485,24.198512419400913,27.801342033601415,-3.602829614200502,48.06921060716351,0.0263787618279347,5250149.75,0.6359374796880793,0.029132993962982027,0.8741172773639705,1.0660987618151192,1.1703484513492814,-0.0025547386988373777
2022-10-10,1165.307765012849,1188.5534127159915,1155.6872359118884,1182.107177734375,2547644,INDUSINDBK,-0.0025547386988373777,0.021178022841105815,0.06432760878537036,1164.074658203125,1093.5588342285157,931.9196630859375,1.0154908616936007,1.0809726378995679,1.2684646805497937,1161.9936209287457,1137.6913633331467,24.30225759559903,27.101525146000938,-2.7992675504019076,47.87045315555096,0.025942556958980317,5139940.1,0.495656359886373,0.02780304309385415,0.80386416649436,1.0644828808176168,1.173447537964088,-0.037759368150302675
2022-10-11,1186.69755407607,1187.6253769008897,1134.932146367402,1137.4715576171875,21664338,INDUSINDBK,-0.037759368150302675,0.00722153439527462,0.024409600826021283,1165.4298400878906,1097.321767578125,933.4543301391601,0.9760103255391207,1.0365888941834045,1.218561552387477,1158.2209958038907,1137.675081428261,20.545914375629764,25.790402991926705,-5.244488616296941,36.55766481135905,0.027530440631304973,6127220.45,3.5357529856788488,0.04632487747110892,0.04819236217015711,1.0620675489378886,1.1755494962614137,0.020994472410722054
2022-10-12,1147.678290548672,1164.33105424576,1129.169642609756,1161.3521728515625,3412460,INDUSINDBK,0.020994472410722054,-0.024769277260094702,0.02169620438312081,1166.6629333496094,1100.827889404297,935.037912902832,0.9954479050064622,1.0549806959197026,1.2420375225707547,1158.7027153496863,1139.428940052209,19.273775297477187,24.487077453036804,-5.213302155559617,45.03808294244994,0.027422123608067787,6119284.1,0.5576567363492733,0.0302762697293357,0.9152798122829844,1.0598050290867345,1.1773082932934438,-0.004036874026216886
2022-10-13,1161.3521763526717,1168.872763951217,1139.815763969977,1156.6639404296875,1982808,INDUSINDBK,-0.004036874026216886,-0.0138645444034049,-0.025910032342564504,1165.1246154785156,1103.7402966308593,936.6012033081055,0.9927383947292597,1.0479493626900969,1.2349588451779834,1158.3890576696865,1140.7056067468372,17.68345092284926,23.1263521469993,-5.442901224150038,45.409323671120006,0.025476279061543924,5766264.6,0.34386351261091974,0.025121384842727548,0.5798319327731064,1.055614820836958,1.1784527851687712,-0.0022377968360355327
2022-10-14,1173.2678545398308,1188.01608842896,1151.7314437335267,1154.0755615234375,2918993,INDUSINDBK,-0.0022377968360355327,-0.026207418661241988,-0.011916238407960411,1164.4287109375,1106.6658520507813,938.1997543334961,0.9911088164377817,1.042840130455639,1.2300957831131614,1157.7254428779559,1141.695973767326,16.02946911062986,21.706975539725413,-5.677506429095551,49.727627609635626,0.025222465964931974,5709029.0,0.5112941272500104,0.03144044108128919,0.06460357568847347,1.05219539283667,1.1795631441376413,0.01527598301154831
2022-10-17,1150.5594946361412,1175.7585533299232,1136.885612696493,1171.7052001953125,3419791,INDUSINDBK,0.01527598301154831,-0.008799521511237973,-0.02256889622158964,1163.0759765625,1109.4188549804687,939.915036315918,1.0074193120713544,1.0561432185285333,1.2466075708160995,1159.8761747729338,1143.9188794286583,15.957295344275508,20.557039500635433,-4.599744156359925,58.190146194249664,0.024723787032223814,5066480.45,0.6749835578660922,0.033176383126874,0.8957281577220106,1.048365070902798,1.1803395116743065,0.019672329605258332
2022-10-18,1178.8839018272276,1200.029606264597,1175.074725357906,1194.75537109375,3451130,INDUSINDBK,0.019672329605258332,0.05036065569548165,-0.0020395742456312815,1162.9538879394531,1112.8062963867187,941.7581643676758,1.0273454377547535,1.0736418143688797,1.2686434971295883,1165.2422049761362,1147.6845454779243,17.557659498211933,19.957163500150735,-2.3995040019388014,59.26987491881079,0.02514494926310931,4935292.5,0.6992756761630643,0.020887021318720674,0.7886491548259447,1.0450640796296387,1.1816263861475411,-0.0039647768833430685
2022-10-19,1199.2971382010126,1203.0085488984694,1181.8140796240266,1190.0184326171875,3896969,INDUSINDBK,-0.0039647768833430685,0.024683520154991756,-0.03615223419154201,1160.7221130371095,1116.2559619140625,943.493556213379,1.0252397358945995,1.0660802479179088,1.261289411867541,1169.0539323055286,1150.8203889697215,18.2335433358071,19.61243946728201,-1.3788961314749102,63.16682853826759,0.02406314596577594,4844928.9,0.8043397706001423,0.017810202509073864,0.38709877029353496,1.0398350849986056,1.1831092587362746,-0.04797278715339626
2022-10-20,1185.720931857622,1185.720931857622,1123.309402620417,1132.929931640625,11242103,INDUSINDBK,-0.04797278715339626,-0.02051936431963597,-0.052521903821136307,1157.5820068359376,1118.8332080078126,944.8689004516601,0.9787038196432449,1.0125994862611496,1.199033994133016,1163.4963937416974,1149.495169908307,14.00122383339044,18.490196340503697,-4.488972507113257,52.5184822667692,0.02538567152864728,5100961.25,2.2039185261405385,0.055088604770839905,0.15414666389031628,1.0346332219590808,1.1841147565265353,-0.015259194036135515
2022-10-21,1138.8390995191785,1141.7692172709428,1112.565686499663,1115.642333984375,5309754,INDUSINDBK,-0.015259194036135515,-0.033302176062309785,-0.061074321317952096,1153.953546142578,1120.7953515625,946.1444842529297,0.9668000394935573,0.9954023563972306,1.1791458414147813,1156.1342307021093,1146.9875524324602,9.146678269649101,16.62149272633278,-7.474814456683678,43.41563888511008,0.02553700088767585,5093262.75,1.0425054156100626,0.026176427589461603,0.10535190107005231,1.0295845218610626,1.1845921740456729,0.0031515397935650835
2022-10-24,1132.978736210827,1132.978736210827,1116.374737490496,1119.1583251953125,674170,INDUSINDBK,0.0031515397935650835,-0.04484649807071006,-0.031689692717371876,1152.1222229003906,1122.5778369140626,947.3206539916993,0.9713885410333517,0.9969538756188612,1.1813933544883093,1150.4456298549098,1144.9261281926715,5.519501662238326,14.40109451351389,-8.881592851275563,48.27126151186972,0.024902106492620237,4917096.45,0.13710733699356253,0.01483614815395606,0.16764562270220204,1.0263183407108276,1.185003021082552,-0.007330817739030104
2022-10-25,1119.1583321681182,1126.1906855589662,1095.6686288976048,1110.9539794921875,3514202,INDUSINDBK,-0.007330817739030104,-0.07014104613302197,-0.010568973108722957,1151.5288696289062,1123.7156982421875,948.4940734863281,0.9647643309630661,0.98864328515659,1.1712819410760409,1144.369991337568,1142.4096727333765,1.9603186041915706,11.912939331649426,-9.952620727457855,33.38748184544221,0.024122240327912672,4838677.75,0.7262732055260345,0.027473736288620057,0.5007968750000005,1.0247510748761688,1.1847366574593416,0.0044398734855264355
2022-10-27,1123.211768753419,1126.7278860972017,1108.7564739517884,1115.886474609375,2590606,INDUSINDBK,0.0044398734855264355,-0.06229479811062699,-0.019397419141126804,1150.4251953125,1124.92779296875,949.6943353271485,0.969977430219839,0.9919627567067976,1.1749953991512196,1139.987911840923,1140.444991390858,-0.45707954993486055,9.438935555332568,-9.896015105267429,37.46246262361307,0.02393520150326424,4743531.7,0.5461344339703685,0.016105054191739653,0.3967412577206038,1.022665812422023,1.1845156395307312,0.0039386995913728295
2022-10-28,1118.3282045000203,1133.955498187357,1111.0029105840815,1120.2816162109375,2778938,INDUSINDBK,0.0039386995913728295,-0.01116425215403316,0.005346638126140668,1150.7230895996095,1126.1496533203126,950.830583190918,0.9735457872847029,0.9947892919097618,1.1782136965466068,1136.9561740516945,1138.9514080441973,-1.99523399250279,7.152101645765496,-9.147335638268286,35.237898354289555,0.02347844434692564,4637552.2,0.5992251688293665,0.02048823016564955,0.404255319148932,1.021820755533552,1.1843851819963938,-0.003792490356962608
2022-10-31,1128.095252339356,1132.588075386432,1112.4190758174316,1116.032958984375,2048520,INDUSINDBK,-0.003792490356962608,0.00035013461581812066,0.00035013461581812066,1150.7426208496095,1127.2054760742187,951.9429235839843,0.969837163205437,0.9900883048148817,1.1723738171009304,1133.7372178874914,1137.2537451508772,-3.5165272633857967,5.018375863935238,-8.534903127321034,35.04311764562844,0.023497490150296788,4490064.55,0.45623397552269046,0.018072046534678293,0.17918009044424527,1.0208809709276474,1.1841103580353176,0.0074388501578663835
2022-11-01,1119.793254898268,1132.881137108769,1118.3281961260504,1124.3349609375,2664189,INDUSINDBK,0.0074388501578663835,0.004625472219298432,-0.028729226886327286,1149.07978515625,1128.1050219726562,953.1035565185547,0.9784655299497892,0.9966580584593412,1.17965666295949,1132.290716818262,1136.2967981721085,-4.006081353846639,3.2134844203788626,-7.219565774225502,46.440886267770765,0.021888906082053673,4403661.5,0.6049940487024263,0.012943599094867588,0.41275264007340484,1.01859291712656,1.1836122258250064,-0.011249597201123285
2022-11-02,1119.3049994776995,1130.7324112057315,1108.5612342122067,1111.6866455078125,1947283,INDUSINDBK,-0.011249597201123285,0.0006594926784995181,-0.01561078924845416,1148.198309326172,1129.5681274414062,954.2149963378906,0.9682009078729731,0.984169629525492,1.165027430688336,1129.1208596935774,1134.4738239006792,-5.352964207101877,1.5001946948827147,-6.8531589019845915,35.67200635578895,0.02134550472584363,4331126.55,0.44960196325826596,0.0199437288224301,0.1409673152002063,1.016493190124765,1.1837668992590664,0.00861013972096214
2022-11-03,1107.047303686548,1124.1396576934317,1099.038362642614,1121.2584228515625,1742221,INDUSINDBK,0.00861013972096214,0.0048140634055700016,-0.058437494105847865,1144.718798828125,1131.3418286132812,955.2599655151367,0.9795055554249834,0.9910872156348376,1.1737730705032832,1127.911254025575,1133.4949053044484,-5.583651278873276,0.08342550013151673,-5.667076779004793,40.06578920328206,0.017175257244080443,4195908.15,0.4152190509699312,0.02238671704867162,0.8852156896273242,1.011823986240516,1.1843287371550109,0.004094019726414322
2022-11-04,1126.8744658695543,1131.0254660688572,1115.4958179484588,1125.848876953125,1571565,INDUSINDBK,0.004094019726414322,0.0049695189688261365,-0.04013650257425372,1142.36494140625,1132.9367895507812,956.3978897094727,0.9855422169794587,0.9937437704706662,1.177176245438106,1127.593965245198,1132.92853283398,-5.334567588781965,-1.0001731176511797,-4.334394471130786,42.1680446276457,0.01699284553421838,4135822.55,0.37998849829763615,0.013793723507924223,0.666664107544543,1.0083218692714595,1.1845872954560117,-0.007417363243923836
2022-11-07,1131.025399351768,1131.025399351768,1112.712164258637,1117.498046875,2601148,INDUSINDBK,-0.007417363243923836,0.001312763999333999,-0.057071006450449935,1138.9830993652345,1133.7621069335937,957.5282131958007,0.9811366362659742,0.9856547859915852,1.1670653997183973,1126.0407470343982,1131.7855338740555,-5.7447868396573085,-1.9490958620524055,-3.7956909776049033,34.14283500321025,0.016779035508358874,4098941.6,0.6345901585911836,0.016387711051793596,0.2613346354166639,1.0046050158139097,1.1840508627412691,0.004238987763890867
2022-11-09,1129.072048894419,1145.5784028663493,1117.3515777986293,1122.235107421875,3456108,INDUSINDBK,0.004238987763890867,-0.0018676405062367785,-0.050648597217090474,1135.9894958496093,1134.9155981445313,958.6800424194336,0.9878921517514144,0.9888269306163493,1.1706044329343452,1125.455264017087,1131.0780948775976,-5.622830860510476,-2.6838428617440195,-2.9389879987664562,26.24001945316762,0.016852825522733594,4144364.8,0.8339294841998466,0.025152327601446967,0.17301023446772676,1.0009462357437273,1.1838314640203937,-0.01884253291781557
2022-11-10,1116.374826412406,1130.8301211992768,1091.957179290525,1101.08935546875,2072769,INDUSINDBK,-0.01884253291781557,-0.00953262331780702,-0.03198515330321938,1134.1703857421876,1136.04076171875,959.8271496582031,0.9708323981217427,0.9692340209719932,1.1471746302038348,1121.7066627019583,1128.8567067732386,-7.150044071280263,-3.5770831036512685,-3.5729609676289944,23.692567472409053,0.015218967561553165,3164786.35,0.6549475290804385,0.03530407565533423,0.23492372148373641,0.9983536013498912,1.1835889015259644,0.011220910045139032
2022-11-11,1113.444580078125,1134.3948711967782,1104.2635219759848,1113.444580078125,2198448,INDUSINDBK,0.011220910045139032,-0.00696881522955739,-0.04125156338736258,1131.7750061035156,1137.6191186523438,961.0670379638672,0.9838038250301191,0.9787498837019752,1.1585503779601967,1120.4355730675225,1127.7150677587856,-7.279494691263153,-4.317565421173645,-2.9619292700895077,42.1610610638139,0.0146026726954987,3104085.75,0.7082433209198554,0.027061382092927615,0.3047011945885398,0.9948628565984797,1.1837042305212369,0.011359627282751639
2022-11-14,1119.0117785138498,1132.9787190340337,1107.7308981491915,1126.0928955078125,2007506,INDUSINDBK,0.011359627282751639,0.0002167418378102859,-0.02643036049910763,1130.2464538574218,1138.507919921875,962.4479217529297,0.9963250861478631,0.9890953552480211,1.1700299518095818,1121.3059303660286,1127.5949068513062,-6.288976485277544,-4.7118476339944255,-1.5771288512831187,54.367270898226074,0.014892662223602719,3105320.65,0.6464730139864945,0.022420726554230403,0.7272705807907891,0.9927436024643375,1.1829293764261894,-8.661290740452632e-05
2022-11-15,1130.8788907776348,1140.548302933023,1120.4281854464011,1125.995361328125,1802234,INDUSINDBK,-8.661290740452632e-05,0.007603874097934282,-0.02433133594670811,1128.8424438476563,1139.317607421875,963.9402255249023,0.9974778743171394,0.9883068197954945,1.1681174117564992,1122.0273812832743,1127.4764219977371,-5.449040714462853,-4.859286250088111,-0.5897544643747423,52.94121971686907,0.014892778808767765,3049482.7,0.5909966303465174,0.01786873923076377,0.27669698675594473,0.9908057564405394,1.1819380260860812,-0.007589964347950007
2022-11-16,1124.1883906339708,1131.025331324186,1109.5378034406524,1117.4490966796875,2331206,INDUSINDBK,-0.007589964347950007,-0.004264713080650684,-0.04630525110461314,1126.129638671875,1140.1644091796875,965.4036047363281,0.9922917027542006,0.980077160524294,1.1574942243818183,1121.3230298057995,1126.733657159363,-5.410627353563541,-4.969554470783197,-0.44107288278034407,52.78593419481852,0.014438289690704119,2995053.45,0.778352052448346,0.01922908877673284,0.36818070845170153,0.9876905730482237,1.1810235673307747,0.002097738696019924
2022-11-17,1114.8608008518106,1125.897624212532,1111.0517435683676,1119.793212890625,1721557,INDUSINDBK,0.002097738696019924,0.016986684440258193,-0.06274268357923363,1122.3815307617188,1140.9164721679688,966.7188369750977,0.9976939055034725,0.9814857092586231,1.1583442569449698,1121.0876733573111,1126.2195501764936,-5.13187681918248,-5.002018940463054,-0.12985787871942645,51.7137606346976,0.013539593760448257,2908574.8,0.591890227474982,0.01325769836186223,0.588814468590887,0.9837543397274036,1.1801947252191158,-0.015569128211232797
2022-11-18,1124.5301824319986,1124.5301824319986,1095.8638914693115,1102.3590087890625,2082130,INDUSINDBK,-0.015569128211232797,-0.009956105124050874,-0.0736622403699555,1117.9985595703124,1141.3042236328124,967.9282467651367,0.9860111172350161,0.9658765699475063,1.1388850490449058,1118.2063403468114,1124.4521026663135,-6.2457623195020915,-5.250767616270862,-0.9949947032312298,42.94499457979995,0.013822230352595688,2817832.85,0.7389118201244619,0.02600449647903444,0.2265768294965412,0.9795797968850783,1.1791206914842156,0.00917023096663816
2022-11-21,1093.4710155711089,1115.4468958598934,1090.9803681143342,1112.4678955078125,2602264,INDUSINDBK,0.00917023096663816,-0.012099357037374636,-0.018061166504075743,1116.9754577636718,1142.2623706054687,969.1133538818359,0.9959644930203891,0.9739162596401881,1.147923399313158,1117.3235026792731,1123.5643836175357,-6.240880938262535,-5.448790280669196,-0.7920906575933389,48.65854767633174,0.009390072983987831,2385840.9,1.090711455235762,0.021993019164288693,0.8782418010818228,0.9778624303027742,1.1786674551847574,0.026690223350678277
2022-11-22,1116.3748523052593,1145.9202060080013,1111.9796757213803,1142.159912109375,3927395,INDUSINDBK,0.026690223350678277,0.01435578807552429,0.02376888839480995,1118.301336669922,1143.455908203125,970.5992797851562,1.021334656999069,0.9988665972299827,1.1767574280110675,1121.1444887454427,1124.9418301724868,-3.7973414270441026,-5.1185005099441785,1.3211590829000759,55.77716480480082,0.010612130930936116,2316722.95,1.6952372315386264,0.02971609310288135,0.8892093356564744,0.978001275473112,1.178092681519639,0.004232745874718669
2022-11-23,1148.6059731140742,1155.4429134302293,1133.955386722313,1146.994384765625,3265438,INDUSINDBK,0.004232745874718669,0.026439940909815274,0.024872316046484766,1119.6931396484374,1144.1825756835938,971.8661853027344,1.0243827921690756,1.002457482871867,1.1801978524526384,1125.1213958254707,1126.5753527349414,-1.4539569094706621,-4.385591789849475,2.9316348803788133,62.05396845241816,0.01062518815584157,2446286.35,1.3348551775224515,0.01873376800559225,0.6068170720880708,0.9785965661812975,1.1773046464490202,0.001022011290122471
2022-11-24,1152.512919380119,1159.300977443379,1140.401742822631,1148.1666259765625,3496170,INDUSINDBK,0.001022011290122471,0.025338082745379964,0.03349611880537551,1121.5537719726562,1144.9385498046875,972.8819519042969,1.0237285582456719,1.0028194318135464,1.180170547648836,1128.6668158487155,1128.174706308395,0.49210954032059817,-3.410051523815461,3.902161064136059,59.745297382945196,0.01043119060461724,2445384.75,1.429701399749058,0.016460358795635177,0.41085701668611946,0.9795755171000048,1.176852492292216,0.009825127759194086
2022-11-25,1152.5129219618902,1165.991510604364,1148.6549814816324,1159.447509765625,4715695,INDUSINDBK,0.009825127759194086,0.05178757602686446,0.039037156688809915,1123.7318237304687,1145.3936938476563,974.0364794921875,1.0317831045458785,1.0122698562018082,1.1903532713375389,1133.4023072205478,1130.4912102681897,2.9110969523580934,-2.14582182858075,5.056918780938844,61.60592153310834,0.010574155005762408,2551639.2,1.8481041520290171,0.014952405328151647,0.6225310849471848,0.9810878388509193,1.1759248426145248,0.009055721540326411
2022-11-28,1152.5129670092706,1177.3700845815915,1151.243201643034,1169.9471435546875,2846018,INDUSINDBK,0.009055721540326411,0.051668230857697894,0.0443330735995926,1126.2151000976562,1145.0440307617187,975.2546475219726,1.0388309865968226,1.0217486071486723,1.1996324719163447,1139.0245897334923,1133.4138719931154,5.610717740376913,-0.5945139147892176,6.205231655166131,67.85238541205291,0.010685625095932759,2554993.2,1.1139043344616337,0.022331678044168295,0.7158887631425266,0.9835561514158221,1.1740974869190979,-0.014400878445133714
2022-11-29,1164.233347240209,1171.900464146392,1150.9989355770913,1153.098876953125,1875146,INDUSINDBK,-0.014400878445133714,0.009577437211526263,0.0332122072832699,1128.0683959960938,1144.7461352539062,976.499997253418,1.022188797280265,1.0072965886863345,1.1808488276461067,1141.189864690359,1134.8720205086718,6.317844181687178,0.7879577045060617,5.529886477181116,59.705111040141496,0.011248534430969905,2546324.5,0.7364128177692985,0.018126397472981393,0.10046831594498826,0.9854310586913549,1.1722950726817316,-0.010841836059548249
2022-11-30,1152.5129319473192,1156.1266959923698,1135.9089320802816,1140.59716796875,2421938,INDUSINDBK,-0.010841836059548249,-0.005577374119562273,0.014463845380819684,1128.8815063476563,1143.582880859375,977.6603112792968,1.0103781145808635,0.9973891591588172,1.16665998896513,1141.0986805793423,1135.2961055057146,5.802575073627622,1.790881178330374,4.011693895297248,63.13741090129731,0.011497214191180275,2534211.95,0.955696700901438,0.01772559539849932,0.23188696380341522,0.9871444608363925,1.1697139258552531,0.0052234793400351975
2022-12-01,1147.6294063310806,1153.4407586128489,1135.0298766630235,1146.5550537109375,2693170,INDUSINDBK,0.0052234793400351975,-0.001403604868112529,0.03136532074395593,1130.6249267578125,1142.5700390625,978.7077447509765,1.0140896654373315,1.0034877639988768,1.1714989074728004,1141.9381225995876,1136.1301016690645,5.808020930523071,2.5943091287689137,3.2137118017541573,61.49937297190965,0.011175550610129429,2571506.3,1.0473122309675074,0.01605756469367671,0.6259980960892161,0.9895454003725771,1.167427196924059,0.004088866327341956
2022-12-02,1142.4040474536976,1158.1289881533694,1139.8646360309144,1151.2431640625,2299901,INDUSINDBK,0.004088866327341956,-0.007076082042544063,0.02674204322557583,1132.1241638183594,1140.9018237304688,979.7534274291992,1.0168877238514697,1.0090641807357426,1.1750335664385245,1143.3696674400358,1137.249587772282,6.120079667753771,3.2994632365658854,2.8206164311878856,59.24599901450685,0.011071627766806105,2599390.3,0.8847847897254983,0.01586489517818619,0.6229910568574908,0.9923063845376208,1.1644785226463674,0.014253019621282448
2022-12-05,1154.4663263605707,1170.093620118413,1152.366384916503,1167.65185546875,3842074,INDUSINDBK,0.014253019621282448,-0.0019618733193054183,0.03713018627220732,1134.2143127441407,1140.3402197265625,980.8324661254883,1.029480797719533,1.0239504274862254,1.1904702340056512,1147.1053886752225,1139.50160760165,7.603781073572463,4.160326803967202,3.4434542696052617,63.6742416956781,0.011430005376442127,2712915.75,1.4162157449968729,0.015181952667555515,0.8622591384470476,0.994628000594515,1.1626248713311522,-0.009535823055670245
2022-12-06,1171.0213915204652,1179.860626854418,1151.5361581633765,1156.517333984375,3130375,INDUSINDBK,-0.009535823055670245,0.002964582742706945,0.03491664904336034,1136.1652770996093,1139.7063354492188,982.0534875488281,1.0179129368719313,1.0147502896248533,1.1776520817323328,1148.553380261246,1140.7620317781482,7.791348483097863,4.886531139793334,2.9048173433045292,62.61033406961616,0.011530140624295023,2739377.1,1.1427324116858537,0.02449117523682879,0.17586122710128582,0.9968930081026409,1.1605338710154034,-0.016425889706666252
2022-12-07,1156.4197424265626,1161.3032717442422,1134.394977513111,1137.5205078125,2752097,INDUSINDBK,-0.016425889706666252,-0.0026974117091042027,0.013620497424768896,1136.9295471191406,1139.3410498046876,983.0433950805664,1.00051978655569,0.9984021097172794,1.1571417024975519,1146.8560152691314,1140.521918891804,6.3340963773273415,5.1760441873001355,1.158052190027206,55.16654973722895,0.012204441112724092,2704176.55,1.017720902875221,0.023655216803850954,0.11615490274270258,0.9978834233296866,1.1589936471841222,0.022495945729000377
2022-12-08,1137.8622857004034,1166.4798140529388,1135.9577570330782,1163.110107421875,3666432,INDUSINDBK,0.022495945729000377,0.014438952283499562,0.05632672012047735,1140.030584716797,1140.1468310546875,984.1675482177734,1.020244652217652,1.0201406307869536,1.1818212351424797,1149.356644831092,1142.1951180421797,7.16152678891217,5.573140707622543,1.5883860812896264,66.90218480317074,0.01221261973827862,2783859.7,1.3170318892148192,0.026241760625324698,0.8895976562499993,0.999898042660187,1.1584885450850078,0.009782857157250469
2022-12-09,1167.6517073093978,1187.67417489605,1161.5472964598086,1174.4886474609375,6171282,INDUSINDBK,0.009782857157250469,0.0201916364188508,0.0548245224549293,1143.0827880859374,1140.8774047851562,985.409634399414,1.0274747023595625,1.0294608715492186,1.1918785918678003,1153.223106774145,1144.5872313324583,8.635875441686721,6.185687654435379,2.450187787251342,67.13437599486313,0.012164659260222015,2982501.4,2.0691631527817558,0.022245322245322427,0.495327102803735,1.0019330589698168,1.1577696878116037,0.003534408830471847
2022-12-12,1173.3167713791634,1191.4834761283328,1167.4076533660352,1178.6397705078125,2790292,INDUSINDBK,0.003534408830471847,0.009410266414257018,0.04666300196868223,1145.7101318359375,1142.1637255859375,986.674656677246,1.0287416840934338,1.0319359161079664,1.1945576614656686,1157.1333627331708,1147.1096416417438,10.023721091426978,6.9532943418337,3.0704267495932784,61.734196649088844,0.01199760570926237,3021640.7,0.9234360657109232,0.0204267863385643,0.4665309780966922,1.0031049893903614,1.1575889963894694,0.023368540167659324
2022-12-13,1184.548921781206,1212.0430965231635,1181.3257447332187,1206.182861328125,4161518,INDUSINDBK,0.023368540167659324,0.04294404059872137,0.07121476939782223,1149.7195068359374,1143.9745361328125,988.0914431762695,1.04911054753483,1.054379117043642,1.2207198733052376,1164.6794394400868,1151.4854356925866,13.194003747500119,8.201436222966985,4.9925675245331345,66.6118729846363,0.012862002130549485,3139604.9,1.3254909877354313,0.025466579550070884,0.8092206894945666,1.0050219393191615,1.1577618084166876,0.014737502593347829
2022-12-14,1212.8245136158343,1227.719278127726,1204.2783372565525,1223.958984375,3913725,INDUSINDBK,0.014737502593347829,0.07598849952052711,0.09531520318177256,1155.0450012207032,1145.3018823242187,989.661784362793,1.0596634616672644,1.0686780518435528,1.2367447179574205,1173.7993694300735,1156.8538467060987,16.94552272397482,9.950253523168552,6.995269200806266,69.45838527847926,0.01281547858817017,3218730.85,1.2159217972512364,0.019151737248077304,0.8395843505859327,1.0085070312437734,1.1572659472363447,-0.010812859939968167
2022-12-15,1223.5681924356386,1243.8837207910185,1206.231664464589,1210.7244873046875,3097282,INDUSINDBK,-0.010812859939968167,0.04093712158374552,0.08120363060545199,1159.5915649414062,1146.930048828125,991.1097567749024,1.04409563152166,1.0556219087133905,1.2215846721602432,1179.4801567953987,1160.8442645282164,18.63589226718227,11.687381271971297,6.948510995210974,63.0337394511855,0.013267477503428313,3287517.1,0.942134110876564,0.03109878153224648,0.11932476678424841,1.0110394841657675,1.15721799829745,-0.008107373726527478
2022-12-16,1206.231690446657,1219.7102784840622,1180.0559267203394,1200.90869140625,1944616,INDUSINDBK,-0.008107373726527478,0.022494933435438957,0.08939889984247862,1164.5190490722657,1147.13125,992.8722283935547,1.0312486449774907,1.0468799375888767,1.2095299446025334,1182.7768544278374,1163.811999852515,18.964854575322306,13.1428759326415,5.821978642680806,57.89735558136421,0.012784501213221432,3280641.4,0.5927548192252893,0.03302028875924619,0.5258632094192361,1.0151576369942548,1.1553664380924753,-0.0048798293609859655
2022-12-19,1205.206107130013,1212.775577286713,1183.8651086626078,1195.0484619140625,1382378,INDUSINDBK,-0.0048798293609859655,0.013921718761602975,0.07423186479332444,1168.6480773925782,1147.5736987304688,994.3563925170898,1.0225905343380937,1.0413696856560184,1.2018311250445584,1184.6647940411028,1166.1258118570743,18.538982184028555,14.222097182918912,4.316885001109643,61.33547430732257,0.012892288755101186,3219647.1,0.42935699381463266,0.02419187969816767,0.3868271177773346,1.0183642921456142,1.154086912264453,0.0041680979979543675
2022-12-20,1186.6974837112912,1205.5967160880043,1181.7650719936323,1200.029541015625,1245359,INDUSINDBK,0.0041680979979543675,-0.005101482129935553,0.05066683595940136,1171.5415588378905,1147.871591796875,995.8962249755859,1.0243166637690542,1.0454388361829758,1.2049744852130988,1187.0286012679524,1168.637199202152,18.39140206580032,15.055958159495194,3.3354439063051267,66.73999389360011,0.011704147690052626,3085545.3,0.4036106681045973,0.01985921452750445,0.7663956775145849,1.0206207446984228,1.1526016094950202,-0.021853201449101745
2022-12-21,1207.2083436853045,1209.3082849569737,1163.2077006199784,1173.8050537109375,1495106,INDUSINDBK,-0.021853201449101745,-0.04097680666127301,0.02337471682635206,1172.8820922851562,1147.7055493164062,997.3744528198242,1.0007869174845896,1.0227405926634028,1.1768950471834327,1184.994209336104,1169.02000323984,15.97420609626397,15.23960774684895,0.7345983494150197,56.88887297899812,0.01289808487435996,2997028.7,0.4988627569699282,0.039274481048833604,0.2298745936383901,1.0219364130318491,1.1507268369182295,-0.01801460116052611
2022-12-22,1179.7141279736366,1180.6420700600488,1142.9411291595452,1152.659423828125,2126536,INDUSINDBK,-0.01801460116052611,-0.047958940357956115,0.003913019025214348,1173.1067321777343,1148.009306640625,998.7183703613281,0.9825699505520258,1.0040505918903284,1.1541386020676703,1180.019626950261,1167.8081084686019,12.211518481659141,14.63398989381099,-2.4224714121518485,50.33053076369073,0.013598044367692129,2928547.0,0.7261403009751936,0.03270778871984069,0.2577732660367101,1.0218616917057501,1.1494825175041936,-0.02736951508834551
2022-12-23,1133.027576266927,1152.2197492674902,1116.3746951964265,1121.1116943359375,2621761,INDUSINDBK,-0.02736951508834551,-0.06644718090671087,-0.03306386456204202,1171.18994140625,1147.2044970703125,999.9546893310547,0.9572415666324939,0.9772553169020782,1.1211624949585803,1170.9568680865189,1164.3491148291453,6.607753257373588,13.02874256652351,-6.420989309149922,39.85519471016324,0.014721397703934897,2823850.3,0.9284348394813989,0.03197277688936751,0.13215209914650372,1.02090773214121,1.1472564800288745,0.04168661498993864
2022-12-26,1123.2116397319742,1179.8605746054127,1114.4212877688542,1167.8470458984375,2100374,INDUSINDBK,0.04168661498993864,-0.022761768147927297,-0.0017950363551204607,1171.0849365234376,1147.4281591796876,1001.751687927246,0.9972351359632271,1.0177953508944277,1.1658049194954332,1170.4784339037371,1164.608220834278,5.870213069459169,11.597036667110642,-5.726823597651473,52.13784201257005,0.017506535129404387,2786568.1,0.7537493880016785,0.05603412455970665,0.8164171816697782,1.0206172187378273,1.1454217377500655,0.005561720844030171
2022-12-27,1173.658638734353,1181.7652259621266,1157.3964620675392,1174.34228515625,1462244,INDUSINDBK,0.005561720844030171,-0.021405519598821754,0.01842288517291535,1172.1471069335937,1147.8334936523438,1003.5506423950195,1.0018727838934816,1.0230946314517768,1.1701873682763317,1171.07287255797,1165.3292626359055,5.743609922064479,10.42635131810141,-4.682741396036931,57.2920615151351,0.01720545797435366,2765923.0,0.5286640300543435,0.02075098904519563,0.6953911639512695,1.0211821779166639,1.1437723669958366,0.009814128836246105
2022-12-28,1170.0936083175309,1198.4180779679552,1166.1867849174723,1185.867431640625,2834356,INDUSINDBK,0.009814128836246105,0.010276304307561768,0.03968996675004477,1174.4106201171876,1148.11673828125,1005.2393615722656,1.009755371185501,1.0328805356638981,1.1796866268605364,1173.3489585706861,1166.850608488107,6.498350082579236,9.640751070996975,-3.142400988417739,54.772647213028804,0.017073316286119286,2786543.9,1.0171582080583765,0.027179507751462183,0.6106068004261407,1.022901749412085,1.1421326921436046,0.0140015683568262
2022-12-29,1177.9072594826218,1206.1340824980025,1173.8051425880744,1202.471435546875,3134405,INDUSINDBK,0.0140015683568262,0.04321485660813673,0.048769033510391635,1177.2064392089844,1148.2710595703124,1006.8708529663086,1.0214618230893022,1.0472017260426685,1.1942658107584643,1177.8293396439458,1169.489188270238,8.34015137370784,9.380631131539149,-1.0404797578313083,55.742661813371946,0.017269919291839745,2808605.65,1.1160003897307549,0.026885411955939815,0.8867068650771714,1.0251990846564571,1.1404352963316293,-0.008975451965282266
2022-12-30,1209.1617684297812,1209.1617684297812,1183.2790649860096,1191.6787109375,1767556,INDUSINDBK,-0.008975451965282266,0.06294378781175869,0.03512337630940743,1179.2282165527345,1148.3042651367186,1008.4607336425781,1.0105581720399825,1.0377726070673587,1.1816808242331214,1179.9600121506464,1171.1328566159611,8.82715553468529,9.269936012168376,-0.4427804774830868,52.60485889158822,0.017453736480352575,2781988.4,0.6353570705039604,0.02171953162057372,0.324527380601413,1.0269301023734627,1.1386702791977068,0.00512259901219303
2023-01-02,1191.6787915226314,1202.4225559428,1183.5233214672246,1197.783203125,2587946,INDUSINDBK,0.00512259901219303,0.025633628420520083,0.025805078384561808,1180.7347839355468,1149.6013305664062,1010.0527966308593,1.0144388218433174,1.041911810014046,1.1858619738694212,1182.7020415313161,1173.1069563573715,9.595085173944653,9.334965844523632,0.26011932942102156,48.164751493323124,0.017230824101148703,2719282.0,0.9517019566194311,0.01577851018971346,0.7545216541021412,1.0270819566238683,1.1381596431404637,0.011905232648202757
2023-01-03,1197.9786217998274,1220.7357968307442,1193.8276218895394,1212.0430908203125,2195814,INDUSINDBK,0.011905232648202757,0.03210376237030954,0.04801117562556789,1183.5110717773437,1151.529345703125,1011.7692059326172,1.024107944338975,1.0525507624647097,1.1979442383829908,1187.2160491142386,1175.9911144657374,11.224934648501176,9.712959605319142,1.5119750431820336,47.35585817659178,0.017180564906361682,2672553.95,0.8216163419264183,0.02220067516163418,0.676949253175827,1.0277732618743558,1.1381344074824666,-0.01438414544301636
2023-01-04,1228.6959443133408,1243.7372380652366,1178.0048874712725,1194.60888671875,8001367,INDUSINDBK,-0.01438414544301636,0.007371359432674085,0.050186681043696835,1186.3654907226562,1153.0383569335938,1013.2434210205079,1.006948445534329,1.0360530328719588,1.178994960081336,1188.353408745702,1177.3702087067013,10.983200039000621,9.96700769205544,1.0161923469451821,46.489373640160466,0.017067966323580836,2935017.45,2.726173570109438,0.055024160061718765,0.2526001139080243,1.0289037511967016,1.1379677706392495,-0.005927508799092984
2023-01-05,1200.6157147973197,1203.7900089385369,1175.758597597582,1187.52783203125,2364186,INDUSINDBK,-0.005927508799092984,-0.012427408314134913,0.020993476416002244,1187.586376953125,1154.569833984375,1014.6638220214844,0.9999507025989763,1.0285456947486131,1.1703657962943568,1188.2263969434784,1178.1226252492604,10.10377169421804,9.99436049248796,0.10941120173007945,47.049961407501264,0.01649696969562971,2869905.15,0.8237854132566019,0.023604845785388965,0.41985878950278877,1.0285964018779281,1.1378841040022103,-0.027922865294686794
2023-01-06,1185.720885859251,1189.3346497646476,1148.7037107996716,1154.36865234375,3029739,INDUSINDBK,-0.027922865294686794,-0.03130882363787302,-0.017130855339201334,1186.5803771972655,1155.3394775390625,1016.0107144165039,0.9728533140505825,0.999159705684618,1.1361776366765042,1183.0175131589049,1176.363071700704,6.654441458200836,9.326376685630535,-2.6719352274296995,41.99500650250035,0.01757962665758123,2712828.0,1.1168194223887398,0.03519754186193613,0.1394243325009442,1.0270404502447608,1.1371331632093813,0.031094090172903766
2023-01-09,1162.4265765443438,1195.097341934145,1160.375517954155,1190.2626953125,2836421,INDUSINDBK,0.031094090172903766,-0.006278688658247211,0.00986130376347294,1187.1615234375,1156.7390991210937,1017.4678012084961,1.0026122577372796,1.0289811213409126,1.1698283659677162,1184.1321565671503,1177.392673449726,6.739483117424243,8.808997971989276,-2.0695148545650337,48.28653737922669,0.01895664790336347,2715134.45,1.0446705502926383,0.029171563652907784,0.860760580307323,1.0263001608050784,1.1368803000421028,0.0073031163518426645
2023-01-10,1186.697616071455,1202.4714395049232,1176.9305575029657,1198.955322265625,2442613,INDUSINDBK,0.0073031163518426645,-0.010798104996275093,-0.005992075740938518,1186.800146484375,1158.3975463867187,1018.9506686401368,1.0102419736105164,1.0350119663196926,1.1766568874877108,1186.4126435976848,1178.9899066953483,7.42273690233651,8.531745758058722,-1.1090088557222124,54.70148896115009,0.01827178479731378,2629189.2,0.9290366018542903,0.021302613640092723,0.8623337581282939,1.0245188710786293,1.1368534140447484,-0.011649342353501457
2023-01-11,1203.6922206823638,1209.3570426400115,1179.2745763129017,1184.98828125,2675249,INDUSINDBK,-0.011649342353501457,-0.008053351666565178,-0.0318398766809167,1184.851611328125,1159.6106127929688,1020.3954321289062,1.0001153477115348,1.0218846466021108,1.1613030046378146,1186.1935109288102,1179.4342307364336,6.759280192376536,8.177252644922286,-1.417972452545749,56.2100962426805,0.018092564430220705,2567265.4,1.0420617206152507,0.025386298584638294,0.18993472393416186,1.0217667881413763,1.1364325792537218,-0.0033792693097571824
2023-01-12,1185.7208861831027,1196.2204739314293,1169.409946395022,1180.98388671875,1862790,INDUSINDBK,-0.0033792693097571824,-0.005510561635685307,-0.02456430087752326,1183.3645812988282,1160.9965576171876,1021.8131491088867,0.9979881985503866,1.0172156661192726,1.1557728413934334,1185.3920302811086,1179.5490200684571,5.843010212651507,7.71040415846813,-1.867393945816623,62.86194401481526,0.017966270941403642,2505540.8,0.7434682364781289,0.02270185718697467,0.43169386756792516,1.0192662273930841,1.136212191661148,0.020882473936960855
2023-01-13,1184.7442224519775,1208.478222826604,1181.9117515784983,1205.645751953125,2184432,INDUSINDBK,0.020882473936960855,0.044420038178675014,0.003944563463295303,1183.6014343261718,1162.6843041992188,1023.3110592651367,1.0186247811025195,1.0369502259544952,1.178181102448875,1188.507987461419,1181.4821113191733,7.025876142245579,7.573498555223621,-0.5476224129780416,58.97081855565091,0.018530903999161234,2517531.6,0.8676880163093087,0.02203505565798949,0.8933817424592676,1.017990377999778,1.1361983178743023,0.003928963768079274
2023-01-16,1211.1152197964998,1220.8822780206651,1203.8875728652606,1210.3826904296875,2398823,INDUSINDBK,0.003928963768079274,0.01690382736216489,0.012831470023453972,1184.368145751953,1164.37498046875,1024.8617211914063,1.021964914178959,1.0395127950468463,1.1810204883275495,1191.8733263796141,1183.622894956989,8.25043142262507,7.708885128703911,0.5415462939211588,58.62550709835444,0.018504494158384524,2568353.85,0.9339924091845833,0.01404077015457927,0.3821847749068696,1.017170727316001,1.136128861477194,-0.007181818686081476
2023-01-17,1211.1151760978514,1211.1151760978514,1184.451060417243,1201.68994140625,1803413,INDUSINDBK,-0.007181818686081476,0.002280834898382711,0.0013836329305858541,1184.4511657714843,1166.058818359375,1026.382726135254,1.014554230797297,1.0305568831399152,1.1708010187691862,1193.3835748452505,1184.9611946939713,8.422380151279185,7.851584133218966,0.5707960180602187,53.838827187916486,0.018569677906543493,2596256.55,0.6946204911837391,0.022188848189413385,0.6465198844581979,1.0157730871912507,1.1360857784016476,-0.005973846239487712
2023-01-18,1203.3015829415372,1209.1618179233951,1189.6277013172016,1194.51123046875,1865108,INDUSINDBK,-0.005973846239487712,0.008036323539591939,0.017640217762183497,1185.486474609375,1167.5043408203126,1027.823752746582,1.0076127025087729,1.0231321535211269,1.1621751562724063,1193.5570603257888,1185.6686047513624,7.888455574426416,7.858958421460457,0.029497152965959117,47.976149538372155,0.017903204788930746,2614756.65,0.7133007960798188,0.016353229762877924,0.25,1.0154021986560047,1.1358993579399892,-0.018356361433460866
2023-01-19,1186.6977035672735,1215.998881433132,1155.6872903259066,1172.5843505859375,9691261,INDUSINDBK,-0.018356361433460866,-0.007112320690631724,0.017286048546446997,1186.4827209472655,1168.9342407226563,1028.9943084716797,0.9882860743642083,1.0031225964097215,1.1395440586328662,1190.330489596581,1184.6994007391088,5.63108885747215,7.413384508662796,-1.7822956511906458,45.405460658223326,0.017922487738571212,2992992.9,3.2379832909059023,0.051434756976833196,0.2801627340587041,1.0150123759004275,1.1359967991065212,0.00158247960531388
2023-01-20,1180.446706432486,1199.3948244093936,1170.582000858842,1174.43994140625,4144033,INDUSINDBK,0.00158247960531388,-0.025883067639331125,0.047567291769175624,1189.1491333007812,1170.1541479492187,1030.0840344238281,0.987630490169301,1.0036625887833175,1.1401399324310142,1187.8857898749916,1183.9394407885268,3.9463490864648065,6.719977424223199,-2.7736283377583923,44.26582753702978,0.016632518111421357,3069106.5,1.3502408600027402,0.024533245621782565,0.1338966498940736,1.0162328915253196,1.13597930736179,0.0018712168740668833
2023-01-23,1184.45122059627,1191.7277512308374,1172.535456072013,1176.6375732421875,1848813,INDUSINDBK,0.0018712168740668833,-0.02787970899973824,0.007527122130096542,1189.5886596679688,1171.1650415039062,1031.2523291015625,0.9891129708403608,1.004672724632605,1.1409793122768372,1186.1552950084063,1183.3985617110202,2.756733297386063,5.927328598855772,-3.1705953014697092,40.75491448577993,0.01383789481582289,3056528.45,0.6048734799114989,0.016311135727155708,0.21373770756586333,1.0157310178422032,1.1356726268189252,0.006308632157953964
2023-01-24,1178.200311788713,1191.3858407328587,1170.43542876331,1184.060546875,2472106,INDUSINDBK,0.006308632157953964,-0.014670501868909391,0.008275493305137216,1190.0745727539063,1172.3263452148437,1032.4817193603515,0.9949465134231131,1.0100093303439375,1.1468101804345314,1185.8330260648054,1183.4475976490928,2.3854284157125676,5.218948562227132,-2.833520146514564,47.09366776625571,0.013853370551356105,3107021.55,0.7956513851666076,0.01769369989131171,0.6503508442456416,1.0151393232878427,1.13544513499099,-0.04631702595840914
2023-01-25,1181.8139649110285,1182.790670667153,1124.5301484689526,1129.2183837890625,3420414,INDUSINDBK,-0.04631702595840914,-0.05466072232243924,-0.04777013546378417,1187.242120361328,1172.5617309570312,1033.416067199707,0.9511272927592844,0.9630353387598687,1.0927044968915136,1177.1230810993065,1179.430618844646,-2.3075377453394594,3.7136513007138134,-6.021189046053273,37.28160820075884,0.017159171044861036,3136324.45,1.090580408541597,0.051593671370022236,0.08047019050328266,1.0125199288162978,1.1346463134973055,-0.034381281040698375
2023-01-27,1135.9577598575836,1141.4272886437852,1080.236644732864,1090.3944091796875,4781085,INDUSINDBK,-0.034381281040698375,-0.07009298850456247,-0.09320556235601196,1181.6382690429687,1171.9737548828125,1034.0933166503905,0.9227819018275523,0.9303914909670633,1.0544448857977984,1163.7802084962882,1172.835344054649,-9.055135558360917,1.1598939288988677,-10.215029487259784,36.38252417396419,0.018122975950725557,3218658.45,1.485427880674944,0.05611789953779694,0.1660019211696919,1.0082463571559437,1.13333461885146,-0.024498262582604124
2023-01-30,1084.1435821652374,1098.5988776181598,1030.4247560219148,1063.681640625,7991091,INDUSINDBK,-0.024498262582604124,-0.0943073348209107,-0.10740904334172763,1175.2384155273437,1171.2002075195312,1034.661951599121,0.9050773243722748,0.9081979611989284,1.0280475076724602,1148.3804288237825,1164.7498845413418,-16.369455717559276,-2.3459760003927617,-14.023479717166515,21.960144245641587,0.018639725571002245,3529835.2,2.263870845868385,0.06409259969570132,0.4878227078604112,1.0034479228930167,1.131964121913813,-0.005601307369561437
2023-01-31,1071.4952817237363,1073.2532808510366,1043.463750166011,1057.7236328125,6080048,INDUSINDBK,-0.005601307369561437,-0.1010625048306284,-0.11693232126405384,1168.2354370117187,1170.105322265625,1035.1782696533203,0.9054027975029574,0.9039559197666709,1.0217792082968764,1134.4332294374312,1156.822014042909,-22.388784605477667,-6.354537721409743,-16.034246884067926,18.33110158069401,0.01847159640384507,3704440.3,1.6412865392917793,0.028163813080185025,0.47868772412910177,0.9984019513300855,1.130341851802484,-0.03795203206694797
2023-02-01,1068.516100779921,1092.9337447648372,966.9387018026712,1017.5808715820312,7563064,INDUSINDBK,-0.03795203206694797,-0.14060064388797155,-0.16044167134905163,1158.5123260498046,1167.613741455078,1035.5021090698242,0.8783513551829791,0.8715047069537943,0.9826931907421306,1116.4559436135237,1146.507855342103,-30.051911728579398,-11.094012522843673,-18.957899205735725,16.405291760927653,0.01927006275962087,3972802.8,1.903709894686945,0.1238182108968713,0.40193779523982515,0.9922051145150697,1.1275821953698653,0.032682433378748765
2023-02-02,1010.7929491453408,1055.819066817355,1004.4443608619802,1050.837890625,4494575,INDUSINDBK,0.032682433378748765,-0.06941127977482875,-0.12034984645782099,1151.3237762451172,1165.6906115722657,1036.021058654785,0.9127214362341773,0.9014723805724453,1.01430167065277,1106.3608585383663,1139.4211912889843,-33.060332750618045,-15.48727656839855,-17.573056182219496,26.62692070757892,0.02128575690735914,3797463.2,1.1835730231697834,0.048889278178596125,0.9030422442382111,0.9876752586110558,1.1251611169813953,0.0256994743777752
2023-02-03,1084.1435776007872,1104.6544020418833,1053.8656939020266,1077.8438720703125,9207051,INDUSINDBK,0.0256994743777752,-0.01151008938024256,-0.09236327520284271,1145.8395782470702,1164.2841564941407,1036.7411654663085,0.9406586162080568,0.9257567115882478,1.0396460640062621,1101.9736298509733,1134.8599083838974,-32.88627853292405,-18.96707696130365,-13.919201571620402,27.239538631041356,0.022448131525040226,4139606.45,2.2241367896216317,0.04712065397959929,0.47211632361778727,0.9841580097571625,1.1230229832442946,0.02319773826893501
2023-02-06,1083.166765783816,1108.5611173711732,1074.815883244182,1102.847412109375,2865938,INDUSINDBK,0.02319773826893501,0.03682095280065378,-0.04463153094964056,1143.2635162353515,1163.1521545410155,1037.5439004516602,0.9646484790671336,0.9481540379767107,1.0629404805225948,1102.1080578907274,1132.4886123635624,-30.380554472835,-21.249772463609922,-9.13078200922508,32.1382284074126,0.02256199996024394,4131416.4,0.6936938140633803,0.030598280194036896,0.8306811195828078,0.9829010863041283,1.1210630740874443,0.012177285227802814
2023-02-07,1107.5843940120717,1121.4048051372083,1096.3522771415787,1116.277099609375,3603258,INDUSINDBK,0.012177285227802814,0.0553580018262243,-0.06215904774172587,1139.5642364501953,1162.0787536621094,1038.3328811645508,0.9795648756814614,0.9605864457048219,1.075066695718434,1104.287910462827,1131.2877595669559,-26.99984910412877,-22.399787791713692,-4.600061312415079,36.032593051569265,0.021470074192578605,4169758.25,0.8641407448501361,0.022442929273024017,0.7953218322427245,0.9806256528303584,1.119177457193468,0.002143683084401493
2023-02-08,1117.3515148666584,1124.432632421539,1109.5378679095488,1118.6700439453125,1675932,INDUSINDBK,0.002143683084401493,0.09934264212938482,-0.06696269396310794,1135.5499725341797,1161.3901770019531,1039.2762545776368,0.9851350191562273,0.9632163816238574,1.0763933449051442,1106.5005463832094,1130.3531139653528,-23.852567582143365,-22.69034374979963,-1.1622238323437344,37.400621034879684,0.02137074613708976,4131424.2,0.40565478606626737,0.013314707578527336,0.6131131531762286,0.9777506259485695,1.117499001720138,0.01610864952486013
2023-02-09,1123.3582490167205,1140.9877179443642,1111.784308624126,1136.6903076171875,2284751,INDUSINDBK,0.01610864952486013,0.08169901157744275,-0.040758186723892975,1133.135073852539,1161.312039794922,1040.3741607666016,1.0031375198303243,0.9787983493376315,1.0925783727458351,1111.1451250345906,1130.8225357173405,-19.67741068274995,-22.087757136389694,2.410346453639743,43.95856028146431,0.021694820855623808,4111899.3,0.5556437143292882,0.025691614615291812,0.8528455948395519,0.9757369552912251,1.1162446008263096,-0.00223416243125496
2023-02-10,1132.9787575360972,1139.8156983143322,1120.3792285422785,1134.1507568359375,2126093,INDUSINDBK,-0.00223416243125496,0.05224029771350014,-0.0396560278336513,1130.7934173583985,1161.063953857422,1041.2951412963866,1.002969012222747,0.9768202286083637,1.0891731958183806,1114.6844530040287,1131.0690706150144,-16.384617610985742,-20.947129231308903,4.562511620323161,43.234377216437444,0.021692091454161243,4125064.45,0.515408431982196,0.017137465768905083,0.7085406174664554,0.9739286226237107,1.1150190832657934,-0.003315479783957853
2023-02-13,1137.8623266020893,1142.7458559008107,1121.844326656925,1130.3905029296875,2112106,INDUSINDBK,-0.003315479783957853,0.024974525503606904,-0.06241903884414246,1127.0306549072266,1160.6469006347656,1042.2261450195313,1.0029811505195816,0.9739314362632333,1.0845923491091312,1117.100768377207,1131.0188063420271,-13.918037964820087,-19.54131097801114,5.623273013191053,42.274434809986936,0.02102520438217123,4121448.15,0.5124669589741169,0.018490538614500264,0.40887803820682167,0.9710366299094461,1.1136228986205439,-0.00043195802577467024
2023-02-14,1133.6625156328944,1134.9322810218305,1110.514632979192,1129.9022216796875,2433798,INDUSINDBK,-0.00043195802577467024,0.01220586006385016,-0.0664917545387479,1123.0066314697265,1159.8919079589843,1043.0876113891602,1.0061402934023074,0.9741444128771719,1.0832284933141039,1119.0702227314348,1130.936096367039,-11.865873635604203,-18.006223509529754,6.140349873925551,40.73827820674579,0.020972049281359206,4123196.9,0.5902696521720804,0.021610408028351197,0.7939990234374994,0.9681993845838933,1.1119793728680822,-0.00626707039064478
2023-02-15,1128.095280468123,1133.4182797718236,1118.3282217627714,1122.821044921875,2050158,INDUSINDBK,-0.00626707039064478,0.003710657131680062,-0.06563165236456958,1119.0631866455078,1159.2179821777345,1043.9611477661133,1.003358039404041,0.9686021629965718,1.0755391111292862,1119.6472722991948,1130.334981445175,-10.68770914598008,-16.54252063681982,5.85481149083974,48.692372258839775,0.020963958474589414,4135534.15,0.4957420071117053,0.013439415013905581,0.29773398859093114,0.9653604445845544,1.110403375315499,-0.0010873925735066514
2023-02-16,1128.4370383542175,1129.1695677147145,1117.0583917758147,1121.60009765625,1918858,INDUSINDBK,-0.0010873925735066514,-0.013275568428634421,-0.061038465736222736,1115.4176300048828,1158.8995739746094,1044.6369802856445,1.0055427379710147,0.9678147467166326,1.0736745097321374,1119.947706969511,1129.6879530163658,-9.740246046854736,-15.182065718826802,5.441819671972066,57.53712588126794,0.02095813142606301,4138221.65,0.4636914506500637,0.010798123113762121,0.3750012305450726,0.9624799724271196,1.109380192205833,-0.029302858421523026
2023-02-17,1115.3981272987428,1117.25389233663,1083.166832902194,1088.7340087890625,3146155,INDUSINDBK,-0.029302858421523026,-0.04004471872291382,-0.07150900637124757,1111.225112915039,1157.412052001953,1045.3412927246093,0.9797600829349722,0.940662408781644,1.041510573021901,1115.1455995571343,1126.654327518047,-11.508727960912665,-14.447398167243975,2.9386702063313095,55.87624408736386,0.02151756747675178,3810966.35,0.8255530778958465,0.03130889561569692,0.16332226889727713,0.960094644766291,1.1072097314602767,-0.004844426599710849
2023-02-20,1091.224479679855,1096.6452441861595,1078.0878352679072,1083.459716796875,1613608,INDUSINDBK,-0.004844426599710849,-0.04151732167881783,-0.07746690265015777,1106.6761016845703,1155.5914733886718,1046.2202798461915,0.9790215178114395,0.9375802277423554,1.0355942602796404,1110.2708483632482,1123.454726723886,-13.183878360637891,-14.19469420592276,1.0108158452848688,56.0560396953108,0.02148593801762103,3684445.1,0.4379514299181714,0.01712791775324625,0.2894736842105289,0.9576707055819117,1.1045393552862113,-0.006805996866501407
2023-02-21,1084.1435167950135,1086.2434582629928,1070.4696346012026,1076.085693359375,1767689,INDUSINDBK,-0.006805996866501407,-0.04762936764591019,-0.0854569683728057,1101.6485076904296,1153.5403918457032,1047.1660681152343,0.9767958526221342,0.9328548015883535,1.0276170381419942,1105.0115937472679,1119.945909437626,-14.934315690358062,-14.34261850280982,-0.5916971875482417,66.27719749289761,0.02145292941211386,3680388.9,0.48029951399972975,0.014658520003687354,0.3560366134798663,0.9550151130189339,1.1015830506444209,-0.00816875761602509
2023-02-22,1071.202233895097,1071.3975273913195,1054.0609970501864,1067.29541015625,1983022,INDUSINDBK,-0.00816875761602509,-0.0494519006539359,-0.09861416042187987,1095.810250854492,1150.7626428222657,1048.1924084472657,0.9739783044774342,0.9274678986265049,1.0182247090849308,1099.2091039640343,1116.0458724538203,-16.83676848978598,-14.841448500205054,-1.9953199895809277,55.300420039220434,0.02132225305944275,3655934.7,0.5424117668184828,0.016243422557766878,0.763383032570438,0.9522469795917238,1.0978543953842805,-0.015694446160047004
2023-02-23,1067.2464461754098,1071.9835649807003,1041.8033300431275,1050.5447998046875,3193602,INDUSINDBK,-0.015694446160047004,-0.06335172224043406,-0.06967083171316057,1091.8765716552734,1147.2943591308594,1049.0330194091796,0.9621461134678186,0.9156715462285849,1.0014411180273042,1091.7222879395194,1111.193941146477,-19.471653206957626,-15.767489441555568,-3.7041637654020576,40.58600373471721,0.01918890142393011,3644594.1,0.8762572490582696,0.028728175079429024,0.28964220390071654,0.9516969755542352,1.0936684907945233,0.0033004638706455314
2023-02-24,1054.8911440238298,1064.2674958321911,1044.68449690637,1054.0120849609375,1862986,INDUSINDBK,0.0033004638706455314,-0.031892017285970686,-0.033366205762299095,1090.057455444336,1144.1601110839845,1049.8299267578125,0.9669325957972504,0.9212103050528128,1.0039836530627781,1085.9207182505068,1106.9582480956963,-21.03752984518951,-16.821497522282357,-4.216032322907154,30.221516014748616,0.017788666804989153,3498689.15,0.5324811436877723,0.018579482346776782,0.47631050228311245,0.952714086852415,1.0898528246546484,0.002594717195629981
2023-02-27,1054.7935363545164,1064.4629490438483,1042.194125060477,1056.7469482421875,2047252,INDUSINDBK,0.002594717195629981,-0.024655063903677665,-0.00651951873376122,1089.7107208251953,1141.2768762207031,1050.8994454956055,0.9697499786383256,0.9259338993545253,1.0055642837872316,1081.4324459415345,1103.238892550992,-21.806446609457453,-17.81848733971738,-3.987959269740074,23.603363294963827,0.016961046820280178,3201497.2,0.6394670593496068,0.021072995782399583,0.6535065880702742,0.9548171381809931,1.086000074614632,-0.0039280936495414975
2023-02-28,1057.28418348357,1064.511831308402,1043.170830295456,1052.595947265625,1360243,INDUSINDBK,-0.0039280936495414975,-0.021828880579592647,-0.004847850031714285,1089.4543365478517,1138.4278259277344,1051.936340637207,0.966168027382387,0.9246049009807339,1.0006270404424078,1076.9960615298562,1099.4875632705944,-22.49150174073816,-18.753090219921535,-3.738411520816623,21.15144983845677,0.016937060627884363,2965506.95,0.45868818483126467,0.020274637260749902,0.4416436213302047,0.9569814719347949,1.0822212161984397,0.021109802703648706
2023-03-01,1051.9612156577928,1080.774041854375,1045.1730376109906,1074.8160400390625,4006038,INDUSINDBK,0.021109802703648706,0.0070464370138267896,0.056246309315983734,1092.316094970703,1135.923555908203,1053.0186932373047,0.9839789461931256,0.9462045526291746,1.020699866908104,1076.6606736081956,1097.6600430312217,-20.99936942302611,-19.20234606054245,-1.7970233624836602,23.940819130034214,0.015033013078635797,2787655.65,1.437063433570068,0.03312288142079684,0.8326451193741375,0.9616105672686446,1.078730665659907,0.001453964290082821
2023-03-02,1074.3276064094068,1084.631901339323,1067.930254304085,1076.3787841796875,3831094,INDUSINDBK,0.001453964290082821,0.02459103541305696,0.02430526514370035,1093.5931396484375,1133.975030517578,1054.021901245117,0.9842589032020775,0.94920854093974,1.0212110231373372,1076.6173060038097,1096.0836534866637,-19.466347482853962,-19.255146345004754,-0.21120113784920846,25.46669818421593,0.013291954019525497,2754481.6,1.3908584468307938,0.015516514521387723,0.5058501031531413,0.9643890828436416,1.0758552826824683,0.02209500328600611
2023-03-03,1083.1666731148057,1106.8029044947698,1079.0156736912363,1100.161376953125,3365349,INDUSINDBK,0.02209500328600611,0.04378440498990854,0.02070569352493079,1094.7090148925781,1132.9250695800781,1055.1474130249023,1.0049806496396505,0.9710804416755496,1.0426613034089487,1080.239470765243,1096.385707076772,-16.146236311529037,-18.63336433830961,2.4871280267805744,39.02867801145703,0.012963890558372765,2462396.5,1.3666966307010264,0.025257413490091477,0.7609863469806339,0.9662678003041588,1.0737125974959294,-0.005149058165960674
2023-03-06,1105.6310528755316,1113.4446998923197,1090.6386415074276,1094.49658203125,3623590,INDUSINDBK,-0.005149058165960674,0.03572249141751094,-0.007572062994782414,1094.2914733886719,1132.3927673339845,1056.4233627319336,1.0001874351099007,0.9665344159765747,1.0360397361914244,1082.4328724984748,1096.2457718882147,-13.812899389739869,-17.669271348595665,3.856371958855796,37.61527826052054,0.011929696935690128,2500279.1,1.449274203027974,0.02083703024688019,0.16916296795846694,0.96635328744194,1.0719118937369885,0.047876025694960855
2023-03-08,1083.8015608241617,1151.5360808345088,1079.7970910890067,1146.896728515625,7227479,INDUSINDBK,0.047876025694960855,0.08958877477627514,0.027430132640869243,1095.8224548339845,1131.9737609863282,1057.8147671508789,1.0466081649051244,1.0131831390829182,1.0842131950990623,1092.3503888088055,1099.9976946013562,-7.647305792550696,-15.664878237386672,8.017572444835976,56.394272167985974,0.01590504913308019,2681490.15,2.6953218530375733,0.06255052260751541,0.935330113577817,0.9680634769123589,1.0701058409641881,-0.00378952289093637
2023-03-09,1146.8968303982406,1155.1011832837046,1135.2252433235656,1142.550537109375,3086720,INDUSINDBK,-0.00378952289093637,0.06301961875061979,0.02134721788011862,1097.0164794921875,1131.3379260253905,1059.1558581542968,1.0415071773928732,1.0099109300820281,1.078736928387861,1100.0734885473546,1103.1497570093577,-3.0762684620030996,-13.147156282309957,10.070887820306858,55.47337523424156,0.015947151156333463,2752029.55,1.1216158634633848,0.017396114495228075,0.3685508107038073,0.969662957686055,1.0681505628424504,-0.02137124251077005
2023-03-10,1128.1928103887544,1135.1762804853213,1111.4911655773676,1118.1328125,3255900,INDUSINDBK,-0.02137124251077005,0.038791203370041716,-0.016325902484458643,1096.088604736328,1129.9832336425782,1060.3964184570314,1.0201117023463397,0.9895127460392686,1.0544479338462687,1102.8518460785308,1104.2596129716276,-1.4077668930967775,-10.799278404467321,9.391511511370544,58.035241826297174,0.016298330137467426,2800587.0,1.1625777024602342,0.0211827384396285,0.2804143846649469,0.970004308119698,1.0656233970374982,-0.07398667473676124
2023-03-13,1092.9338842023556,1093.4222371443584,1030.424707625992,1035.4058837890625,12242080,INDUSINDBK,-0.07398667473676124,-0.05885999501582351,-0.0870650329788204,1091.1513610839843,1126.641922607422,1061.245629272461,0.9489113249700367,0.9190194888121959,0.9756514940833132,1092.4755441878433,1099.1593367358819,-6.683792548038582,-9.976181233181574,3.292388685142992,40.77269375357753,0.0231226946272245,3306386.35,3.7025558129345653,0.06084331806945829,0.07906938892926521,0.9684988097715193,1.0616222027503601,0.0036788298104997175
2023-03-14,1035.405789374675,1057.1863762926366,1027.6897897492618,1039.2149658203125,5410127,INDUSINDBK,0.0036788298104997175,-0.050508715256416536,-0.0806584422578489,1086.5925842285155,1123.5926477050782,1062.0932962036134,0.9563979921307476,0.9249036721118584,0.9784592083717334,1084.281609054377,1094.7190129643582,-10.437403909981185,-10.068425768541497,-0.36897814143968866,42.82180041399207,0.023190931554185,3471287.4,1.5585361788251817,0.02838352748325896,0.39072914603535275,0.9670698597466486,1.0579039070496825,-0.018467919827083512
2023-03-15,1054.6471243442388,1061.2398894557512,1015.774180144156,1020.0228271484376,4117107,INDUSINDBK,-0.018467919827083512,-0.1106236492028313,-0.09724681695722803,1081.098614501953,1120.037440185547,1062.7103256225587,0.9435058129441298,0.9107042234047633,0.9598314823476343,1074.3956426073094,1089.1859621631788,-14.790319555869473,-11.012804526007093,-3.7775150298623803,41.15494968976078,0.023397258912788526,3555452.85,1.1579697927930614,0.04457322728619559,0.09344728298779745,0.96523435352559,1.053944252898272,-0.025422608136618008
2023-03-16,1015.7740679740232,1017.67859666076,978.561599521486,994.0911865234376,9261210,INDUSINDBK,-0.025422608136618008,-0.1299367912088475,-0.114648597815865,1074.6621215820312,1115.6784020996095,1063.1453762817382,0.9250267284567697,0.8910194771653235,0.9350472745319066,1062.0411109020984,1082.1419047083832,-20.100793806284855,-12.830402382062648,-7.270391424222208,39.78796358124796,0.023846604224818005,3916005.45,2.364963511478259,0.03934950603080497,0.3970035569616796,0.9632364663146753,1.0494128338323787,0.0026528210206915315
2023-03-17,1013.820685110508,1014.406684782555,982.8102739811644,996.7283325195312,5324960,INDUSINDBK,0.0026528210206915315,-0.10857787073525194,-0.11133358975062224,1068.4185333251953,1111.720791015625,1063.61953125,0.9329006390571066,0.8965635441691784,0.937109843543531,1051.9929911509341,1075.8149734351348,-23.821982284200658,-15.02871836249025,-8.793263921710407,39.606582865546486,0.023900075525361174,4086310.55,1.3031217120783931,0.031700123063143106,0.44049492285225955,0.9610493407693936,1.0452241223034848,-0.01783441027183863
2023-03-20,996.2399761339932,996.2399761339932,967.1341534598162,978.9522705078124,5439347,INDUSINDBK,-0.01783441027183863,-0.054523172183123414,-0.10083430607936472,1062.9294464111329,1107.5492797851562,1064.016916809082,0.9209945907634224,0.8838904853946642,0.9200532952461198,1040.7559572058385,1068.6399584034812,-27.884001197642647,-17.59977492952073,-10.284226268121916,36.61566022400549,0.023434716220640184,4200970.15,1.2947835394640925,0.029731605463337817,0.4060396155193157,0.959713004027524,1.0409132244876567,0.02050282701943007
2023-03-21,983.8846188234356,1005.958147292879,972.7990312186612,999.0235595703124,6200518,INDUSINDBK,0.02050282701943007,-0.03867477622233306,-0.07793197653548989,1058.7076385498046,1104.4423779296876,1064.4439294433594,0.9436255328607563,0.9045501870754126,0.9385403325967034,1034.3355883388344,1063.4831881195428,-29.147599780708333,-19.90933989975825,-9.238259880950082,41.261721655773954,0.02412091968969997,4430315.65,1.39956573974588,0.03319152562175786,0.7908693432284096,0.9585901987339401,1.0375768487000017,0.008114673984033205
2023-03-22,1004.0536626360912,1019.680956996186,1000.2933687760524,1007.1303100585938,2992139,INDUSINDBK,0.008114673984033205,-0.012639439772035299,-0.06407982535806522,1055.2598693847656,1100.7797302246095,1065.0018255615234,0.9543907991552525,0.9149244689063206,0.9456606419689311,1030.150160911105,1059.3089008557688,-29.158739944663694,-21.75921990873934,-7.399520035924354,38.42683144458626,0.024252384821746815,4491538.15,0.6661724558657037,0.01925032741692148,0.35264527000018303,0.9586476207819018,1.0335942190936829,-0.012510406299128252
2023-03-23,1004.200112141784,1021.8295806472933,990.6238774056812,994.5307006835938,3703523,INDUSINDBK,-0.012510406299128252,0.00044212660379105984,-0.06817672856103041,1051.621633911133,1096.6912377929686,1065.4751657104491,0.9457115264781976,0.9068465821656719,0.933415186660357,1024.6702439530266,1054.51051565783,-29.8402717048034,-23.375430267952154,-6.464841436851245,36.51428230083209,0.024320217106696213,4577563.2,0.8090599382658441,0.031377315170022076,0.1251958094859679,0.9589040175313739,1.0292977941552537,-0.008544044389262484
2023-03-24,995.2632685038456,1001.0746206635696,981.2475632981436,986.0333862304688,2709449,INDUSINDBK,-0.008544044389262484,-0.010730051449453382,-0.0614075797493,1048.396063232422,1092.712139892578,1065.9304837036134,0.9405161091413524,0.9023725007094763,0.9250447391320124,1018.72611199571,1049.4381357002476,-30.712023704537614,-24.842748955269247,-5.869274749268367,30.198270079629538,0.024179625822198476,4553355.55,0.595044461221571,0.020107896590827724,0.24137837724071673,0.9594439605434303,1.0251251433357182,0.003268798578486054
2023-03-27,990.3797663736748,997.167884190138,980.6127075336976,989.2565307617188,2116764,INDUSINDBK,0.003268798578486054,0.010525804540563843,-0.06143720278275433,1045.158285522461,1088.8775927734375,1066.450362548828,0.9465135993895913,0.9085103204686416,0.9276161043233038,1014.1923302674036,1044.9802390381344,-30.787908770730837,-26.031780918361566,-4.756127852369271,31.584337021265682,0.02417920077757385,4566044.45,0.46358812823208495,0.016734968273288065,0.5221220774263653,0.9598491992661721,1.0210297928644407,0.023004410358626437
2023-03-28,993.993559025631,1014.2113821156788,983.7381475639224,1012.0137939453124,4396283,INDUSINDBK,0.023004410358626437,0.013002930962496162,-0.042330999272139014,1042.9216278076171,1085.0049536132813,1067.052053833008,0.9703641836182093,0.9327273489168009,0.9484202671369312,1013.8571708332357,1042.5382801423698,-28.681109309134058,-26.561646596516066,-2.1194627126179917,23.665170255320987,0.024844102336430248,4683496.0,0.9386755107722948,0.030111481418605153,0.9278846435998122,0.9612137016835561,1.016824764748621,0.020219127698884343
2023-03-29,1006.9838287722192,1039.1662419525417,1001.1235931052616,1032.475830078125,5803091,INDUSINDBK,0.020219127698884343,0.02516607807986304,-0.019114758364562334,1041.9156219482422,1081.44681640625,1067.7904510498047,0.9909399651264792,0.9547171570666227,0.9669273864202851,1016.7215799478341,1041.792913470944,-25.071333523109956,-26.263583981834845,1.1922504587248888,29.781149982802148,0.025320605835940126,4905638.4,1.1829430803542307,0.03684604301526499,0.8241339108305803,0.9634460115298377,1.012789368310064,0.010263841205801594
2023-03-31,1038.2383516260688,1050.935528080574,1035.6989401805265,1043.072998046875,3097113,INDUSINDBK,0.010263841205801594,0.04880924975962597,-0.029533465085833543,1040.3284698486327,1078.2744775390624,1068.8131579589844,1.0026381362019647,0.9673538786037786,0.9759170630334837,1020.7756442707635,1041.8877345506426,-21.112090279879112,-25.2332852414437,4.121194961564587,35.4753435872918,0.024943263684452058,4860192.15,0.6372408547674395,0.014607403248456732,0.4839704213779741,0.9648085821552286,1.0088521735624452,0.010112753243062933
2023-04-03,1048.005279774406,1055.9654555584025,1039.2149279403243,1053.621337890625,1534155,INDUSINDBK,0.010112753243062933,0.06854529735401749,-0.021142600192000316,1039.1905975341797,1075.4566796875,1069.9915521240234,1.0138865193648663,0.9796966793648818,0.9847006135694228,1025.8288279045883,1042.7568903536041,-16.928062449015897,-23.57224068295814,6.644178233942242,54.89113190824322,0.025066543706962766,4745345.2,0.32329681726842546,0.015898052759270375,0.8600570846946,0.9662784351631363,1.0051076361795828,-0.010706772332123693
2023-04-05,1063.632689703703,1063.827983186486,1035.4058662876953,1042.3404541015625,2979782,INDUSINDBK,-0.010706772332123693,0.053660422437615374,-0.052556764909977516,1036.2995513916017,1072.8518017578126,1071.1179022216797,1.005829301674259,0.9715605197229862,0.9731332581964806,1028.3690780887382,1042.7260432238231,-14.35696513508492,-21.729185573383496,7.3722204382985765,50.80686585996887,0.024560135968254314,4726066.85,0.6304993337112869,0.02726759456274682,0.24398562002122487,0.9659298233863037,1.0016187756105435,0.013868138964331589
2023-04-06,1042.3404814581388,1067.979011152814,1039.4592467641214,1056.7957763671875,3458673,INDUSINDBK,0.013868138964331589,0.04425036762324508,-0.03444579570462836,1034.4145111083985,1070.4989184570313,1072.479787902832,1.0216366505094818,0.987199293849269,0.9853759374185377,1032.7424162854227,1043.768245678887,-11.025829393464392,-19.588514337399676,8.562684943935285,59.73117831491718,0.024815090942399528,4717821.0,0.7331081446286326,0.026987015870494357,0.607877728819511,0.9662919721575775,0.9981530006736312,-0.011737648041744375
2023-04-10,1056.7955945096787,1057.7723002347338,1038.2381857336309,1044.3914794921875,1602094,INDUSINDBK,-0.011737648041744375,0.011540850707527861,-0.08937618050066742,1029.2892486572266,1067.8539965820312,1073.7927319335938,1.0146724847798252,0.9780283473537187,0.9726192480475603,1034.5345798556941,1043.814411146539,-9.279831290844868,-17.526777728088714,8.246946437243846,64.33737899378778,0.021998385169627183,4436551.75,0.36111243377246754,0.0187038240781139,0.31500244140624795,0.9638857483811064,0.9944693839183762,0.004582466216788816
2023-04-11,1052.3028983956622,1052.9865447945936,1030.473546664447,1049.1773681640625,1932390,INDUSINDBK,0.004582466216788816,0.005852294258041235,-0.08172344759606376,1024.620590209961,1065.1563330078125,1075.240301513672,1.0239667035668973,0.9849984792386032,0.9757608291719355,1036.78731651852,1044.211667221911,-7.4243507033911555,-15.506292323149202,8.081941619758046,64.76893722086695,0.02209075903800524,4378835.25,0.44130228466576815,0.021457761874469024,0.8308010062226991,0.9619438559939969,0.9906216605798129,0.0005120501657909227
2023-04-12,1048.4937173116205,1052.009834483796,1032.915306882987,1049.714599609375,3005913,INDUSINDBK,0.0005120501657909227,-0.0037079149223300245,-0.06118970137156676,1021.1996795654297,1063.5662573242187,1076.6188595581054,1.0279229621929373,0.9869762155207025,0.9750104136576493,1038.7761293017284,1044.6192918432048,-5.843162541476431,-13.573666366814647,7.730503825338216,72.0681896916008,0.021724798708087696,4366335.9,0.688429170096602,0.018190208660444244,0.8797961948886422,0.9601655491916627,0.9878763017032377,0.032146944702929225
2023-04-13,1048.0052510149785,1088.5385389153712,984.4705550359556,1083.459716796875,6082307,INDUSINDBK,0.032146944702929225,0.03944897517266077,0.04641062385309214,1023.6023712158203,1063.4275634765625,1078.2688458251953,1.058477146267214,1.0188373463396259,1.0048140785962403,1045.6505273779048,1047.4963603582914,-1.8458329803866036,-11.228099689529039,9.382266709142435,74.26321250502488,0.015532118667499376,4058347.25,1.4987152713459895,0.09605154881722848,0.9511970739782846,0.9625501598524064,0.9862360093161415,0.01356715220948157
2023-04-17,1081.6040635058598,1110.221472881882,1079.2599456608773,1098.1591796875,5360050,INDUSINDBK,0.01356715220948157,0.039140394242019205,0.056719943232014014,1026.5495819091798,1064.1171142578125,1079.956964416504,1.069757563628968,1.031990901164512,1.0168545746457875,1053.728781579381,1051.2491617900846,2.4796197892962937,-8.486555793763973,10.966175583060267,75.20275702919761,0.01573156607417612,4055843.4,1.321562366042042,0.02819402486788416,0.6104102647042959,0.9646960547431521,0.9853328876236752,0.020056090848054486
2023-04-18,1103.6776072984612,1122.7233713182134,1100.7963727400345,1120.1839599609375,4455007,INDUSINDBK,0.020056090848054486,0.0725709486883237,0.0981949914714253,1031.5576385498048,1065.3663208007813,1081.6508084106445,1.0859150454605002,1.0514542632800261,1.0356243912089456,1063.9526551765434,1056.3554431360737,7.597212040469685,-5.269802226917242,12.867014267386928,83.06347142977825,0.015333607330572463,4072738.4,1.0938603373101499,0.01957446219721224,0.884187918003378,0.9682656738899309,0.9849447830267966,-0.02310574990789016
2023-04-19,1116.3747981247543,1119.2072689644797,1092.4943875353736,1094.30126953125,2207739,INDUSINDBK,-0.02310574990789016,0.04300883981718839,0.10080572523559916,1036.5681427001953,1066.9007287597656,1083.1328829956055,1.0556964124718935,1.0256823714080097,1.0103111877692756,1068.621672769575,1059.166245091272,9.455427678303067,-2.32475624587318,11.780183924176248,76.10076922375174,0.015100192194454054,3720064.85,0.5934678800021457,0.024410902347347847,0.06764084962798791,0.9715694391784409,0.985013700081797,0.005176631956482547
2023-04-20,1092.8849471444385,1105.1915360554472,1086.4875954568004,1099.966064453125,2530597,INDUSINDBK,0.005176631956482547,0.04787154990742226,0.10357660012796988,1041.730029296875,1067.883292236328,1084.6767083740235,1.0559031932635723,1.0300433319352813,1.0140957724647937,1073.4438868747366,1062.1884539328908,11.255432941845811,0.39128159167061827,10.864151350175193,76.37884823180211,0.015090776575288175,3580346.7,0.7068022211368524,0.017004106947559255,0.7206218884858833,0.9755092498126048,0.9845175838956942,-0.00874616382208171
2023-04-21,1099.966110089936,1109.2936988983984,1082.5319340450576,1090.3455810546875,1894300,INDUSINDBK,-0.00874616382208171,0.006355440955543523,0.11378829581659988,1047.2996948242187,1068.1333264160157,1086.2102188110352,1.0411017843728998,1.020795395190226,1.003807147246487,1076.0441475178059,1064.2741670530238,11.769980464782066,2.667021366292908,9.102959098489158,69.91062629853127,0.01449037157460987,3403094.35,0.5566404587048842,0.024544296155586013,0.2919705427668945,0.9804952892335065,0.983357832506118,-0.012854408101287573
2023-04-24,1104.410126840138,1114.4213616843665,1066.5627755997618,1076.329833984375,7711772,INDUSINDBK,-0.012854408101287573,-0.019878125236212907,0.07738183316448777,1051.1650085449219,1067.6029748535157,1087.7436529541017,1.0239399382921694,1.0081742551645256,0.9895068852493609,1076.0880992818934,1065.167179418309,10.920919863584459,4.317801065751219,6.60311879783324,61.52462293760924,0.014592285698417785,3478657.05,2.2168819429900397,0.04446460980036295,0.20408163265306054,0.9846029219702678,0.9814839847183775,0.017922051822248486
2023-04-25,1093.8617546884632,1101.333578871517,1087.171342937325,1095.619873046875,5268567,INDUSINDBK,0.017922051822248486,-0.02192861868413032,0.08786307204192179,1055.5894866943358,1067.1898303222656,1089.3112857055664,1.0379223048894675,1.0266400989934699,1.0057913540638868,1079.0929875534289,1067.4229345019064,11.670053051522473,5.788251462905469,5.881801588617003,63.20571344426447,0.014905126815352198,3592478.45,1.4665549350755325,0.012926231334967666,0.5965534078663843,0.989130009208927,0.9796922553969756,0.014308016718739047
2023-04-26,1091.7130195256702,1113.249432307456,1089.173608031493,1111.2960205078125,2688362,INDUSINDBK,0.014308016718739047,0.01553023052220559,0.1174074563449472,1061.427752685547,1067.0423498535156,1090.8371557617188,1.0469822535693951,1.041473209250197,1.0187551960785637,1084.0473003156417,1070.672792724566,13.374507591075599,7.305502688539495,6.069004902536103,64.13021047978671,0.014512017392964016,3541720.4,0.7590554014371095,0.021664636452996038,0.9188641777223115,0.9947381683878438,0.9781866562002212,0.006108260816409805
2023-04-27,1113.4447533065352,1121.69787067322,1103.6776940670045,1118.0841064453125,2990958,INDUSINDBK,0.006108260816409805,0.016471455418213488,0.13392114512436915,1068.030288696289,1066.6702258300782,1092.4354803466797,1.0468655414352739,1.0482003522459102,1.0234783898546516,1089.2837320278986,1074.1847418890657,15.09899013883296,8.864200178598189,6.234789960234771,68.97480309374316,0.01412150153517008,3555795.85,0.8411500902111689,0.016117013471827667,0.799460110359793,1.0012750546825777,0.9764148501397766,0.007032053056195586
2023-04-28,1121.9908268844392,1130.5858859149432,1108.5611216660182,1125.946533203125,2239678,INDUSINDBK,0.007032053056195586,0.03265107207019713,0.13817447567028562,1074.8647888183593,1066.506141357422,1094.0125607299806,1.047523879204306,1.0557337548661923,1.0291897676676,1094.9241629779335,1078.01894865307,16.905214324863437,10.47240300785124,6.432811317012197,67.91496445678237,0.014102666915843286,3561941.55,0.6287801101059618,0.019561110229868894,0.7893574405889658,1.0078374114660968,0.9748573093583085,-0.0016481358891401454
2023-05-02,1131.9532311046555,1134.785701999935,1123.2117611757867,1124.0908203125,2000569,INDUSINDBK,-0.0016481358891401454,0.04437393150324809,0.11074654025243857,1080.4686401367187,1066.3801477050781,1095.4619149780274,1.0403733885050672,1.0541182923665815,1.0261340946161939,1099.4113410294053,1081.431679887102,17.979661142303257,11.973854634741645,6.005806507561612,71.84158638422232,0.013662648391039025,3442155.85,0.5811965196172044,0.010296268428676262,0.07595158382693525,1.0132115104186439,0.9734525072251986,-0.004127141813392576
2023-05-03,1115.886537556044,1132.881244774249,1113.737832176634,1119.4515380859375,1816420,INDUSINDBK,-0.004127141813392576,0.02175176411576718,0.08423994584089312,1084.8174255371093,1066.171134033203,1096.9481442260742,1.0319262133272613,1.0499735946247022,1.0205145466340526,1102.4944482688718,1084.2479656796083,18.24648258926345,13.228380225646006,5.018102363617444,69.27410811976286,0.01334948494209988,3242822.3,0.5601355337910437,0.017100706860742554,0.2984685139166591,1.0174890230176927,0.9719430582431177,-0.010077370521082374
2023-05-04,1119.4514101761715,1124.1884096032522,1102.700881357143,1108.17041015625,2752160,INDUSINDBK,-0.010077370521082374,-0.0028125812509741666,0.062409258250638366,1088.0722961425781,1065.8781213378907,1098.3307345581054,1.018471303869167,1.0396783534362015,1.0089587546706533,1103.3676731746223,1086.019998603804,17.3476745708183,14.052239094680466,3.2954354761378326,65.14039174621482,0.013630014586928632,3225574.65,0.8532309118934823,0.01939009384222725,0.25454434481533744,1.0208224320964852,0.9704527860332784,-0.05402763476010264
2023-05-05,1104.6544717675597,1128.0465324754518,1040.5336998483342,1048.298583984375,8504838,INDUSINDBK,-0.05402763476010264,-0.06241527096096933,-0.005051866087778967,1087.8061584472657,1064.412091064453,1099.4687084960938,0.9636814204846167,0.9848615895898327,0.9534592261550474,1094.895505606892,1083.2258197431056,11.669685863786299,13.575728448501634,-1.906042584715335,41.978666215158,0.01855426409465082,3574108.8,2.3795688592356226,0.08348082689809493,0.08872852018316094,1.021978393123492,0.9681149475553581,0.049426724060634974
2023-05-08,1061.6791996236288,1108.2192546208396,1061.6791996236288,1100.112548828125,6764292,INDUSINDBK,0.049426724060634974,-0.022944237237896847,0.05542535982291774,1090.6947631835938,1064.6396618652343,1101.001397705078,1.0086346666019024,1.0333191484720217,0.9991926905099251,1095.6981276409276,1084.4766885642182,11.22143907670943,13.104870574143193,-1.8834314974337634,50.3810900098309,0.02139730454948629,3763334.3,1.797419910317295,0.04230481240013733,0.8258122859287458,1.0244731642560745,0.9669739421624387,0.012651515370075916
2023-05-09,1108.5611108762553,1123.114051507565,1104.751934315112,1114.0306396484375,4181498,INDUSINDBK,0.012651515370075916,-0.008949615531301802,0.05415886830850036,1093.5565063476563,1065.2510803222656,1102.5947146606445,1.0187225197618386,1.0457916074691187,1.0103718300439275,1098.5185141036213,1086.6658701260121,11.852643977609205,12.854425254836396,-1.0017812772271917,48.7603130991484,0.021366245740368824,3799475.55,1.1005461003690364,0.01648259620421886,0.5053178365041231,1.0265716003938035,0.9661311324625091,0.028011626822690205
2023-05-10,1128.095215464425,1148.410744091641,1123.2116863931506,1145.2364501953125,6466598,INDUSINDBK,0.028011626822690205,0.023033522427833297,0.09655859194883387,1098.5987548828125,1066.6340954589843,1104.372401123047,1.0424519826781298,1.0736919577866153,1.0370020556749793,1105.7058888869583,1091.004431612627,14.701457274331233,13.223831658735364,1.4776256155958691,60.04624642642345,0.021781766595475226,4042700.75,1.5995737502955172,0.02200336681057684,0.8740312461557401,1.0299677832913015,0.9658282789159832,0.012707294151204085
2023-05-11,1147.6293665748658,1172.0470126722034,1142.0133079724783,1159.789306640625,6086958,INDUSINDBK,0.012707294151204085,0.04658028766270417,0.10542730126758304,1104.1293518066407,1068.483973388672,1106.0484503173827,1.050410719308304,1.0854531612321523,1.0485881575149996,1114.0264146952147,1096.099607540627,17.926807154587777,14.164426757905847,3.7623803966819303,61.39961070233616,0.021852249911028805,4250429.15,1.4320808052993894,0.025895828257564254,0.591868330792684,1.0333607047983324,0.966037222946308,0.017853500381117993
2023-05-12,1164.721781397339,1185.7209581688635,1148.6550170930998,1180.49560546875,3983609,INDUSINDBK,0.017853500381117993,0.12610626734028418,0.12458720294834613,1110.6684020996095,1071.082989501953,1107.745432434082,1.0628695326500142,1.102151389798164,1.0656740898265875,1124.2524440449895,1102.35116294271,21.901281102279427,15.711797626780564,6.189483475498863,66.4821697903922,0.021997835327842552,4299313.95,0.9265685284509171,0.031398626902169276,0.8590254948759364,1.0369583057388143,0.9669035485422229,0.009018242884117011
2023-05-15,1180.4466015569988,1194.1693656856587,1168.1401323690357,1191.1416015625,3323300,INDUSINDBK,0.009018242884117011,0.08274521805186397,0.09938706820035192,1116.0524963378907,1073.8255798339844,1109.4413864135743,1.0672809795874294,1.1092505374538133,1.0736408575968426,1134.543083663068,1108.9282324701019,25.61485119296617,17.692408340017685,7.922442852948485,71.25296354444887,0.021149092545398547,4161363.6,0.7986084176830883,0.021852341721990708,0.8836783209736307,1.0393238131936051,0.9678975320230995,0.0006149931665149211
2023-05-16,1191.141616151619,1197.5389676596385,1180.4954989962514,1191.8741455078125,2888698,INDUSINDBK,0.0006149931665149211,0.06987555197219764,0.08533823470562862,1120.7382446289062,1076.528123779297,1110.8077029418946,1.0634723595985256,1.1071463152523855,1.0729797266900645,1143.363247023798,1115.072374176599,28.290872847199125,19.812101241453973,8.478771605745152,69.13222163935635,0.02106990165608888,4037796.0,0.7154145479365476,0.014299721768128064,0.6676250437215746,1.0410673161927286,0.9691399518820308,0.012988649027487531
2023-05-17,1188.6999222678298,1218.9289211390148,1185.7209216849071,1207.35498046875,4661849,INDUSINDBK,0.012988649027487531,0.054240790417423135,0.07781848662683255,1125.0967956542968,1079.6233044433593,1112.2787948608398,1.0731120958944838,1.1183113364630894,1.0854787361291065,1153.2081290922522,1121.9081227908323,31.3000063014199,22.10968225344716,9.190324047972737,69.10823617514262,0.0208501261520424,4048138.1,1.1516032518752262,0.02750475211624577,0.6514713062959537,1.0421197755029779,0.9706409125406674,0.0022246258386200424
2023-05-18,1218.9288928866283,1218.9288928866283,1202.03183410061,1210.0408935546875,2489971,INDUSINDBK,0.0022246258386200424,0.04332820334377652,0.10576577698115552,1130.8837768554688,1082.3278015136718,1113.6683645629882,1.0699958017961162,1.1179985322953034,1.0865361108012765,1161.9516313172423,1128.4364761807476,33.51515513649474,24.390776830056677,9.124378306438064,68.59571047853018,0.019865494127787004,4062249.7,0.6129537039537476,0.01396403946017106,0.47399133514909053,1.0448625409731598,0.9718582622560041,0.007345257148564155
2023-05-19,1214.0454256106646,1221.859072758601,1193.1438956445752,1218.928955078125,2366675,INDUSINDBK,0.007345257148564155,0.0325569611875971,0.10815141891140545,1136.8319213867187,1085.1788049316406,1115.104554748535,1.0722156302501284,1.1232517162504938,1.0931073233334636,1170.7173734343012,1135.1396227657385,35.57775066856266,26.628171597757873,8.949579070804784,68.72544122216672,0.019871115710303037,4054053.6,0.583779898716682,0.02355771187024222,0.8979592684091482,1.0475987148111798,0.9731632790042338,-0.001482354453963386
2023-05-22,1217.9522464747624,1221.8590700400382,1203.7900110506373,1217.1220703125,2106351,INDUSINDBK,-0.001482354453963386,0.0218114023688869,0.11627184212108421,1143.1707458496094,1087.518018798828,1116.443540649414,1.0646896578935194,1.11917416472494,1.090177896147371,1177.8565575694086,1141.2123966580912,36.644160911317385,28.631369460469777,8.012791450847608,68.73895989960147,0.019665491202161753,4064656.15,0.518211362109929,0.01484572454163255,0.7378391575168982,1.0511740735222486,0.9740913706807238,0.011274675387717314
2023-05-23,1216.9755504836608,1237.3887276236494,1215.9988445843962,1230.8447265625,2142459,INDUSINDBK,0.011274675387717314,0.03269689270596898,0.1435571956656998,1150.8964904785157,1090.2449816894532,1117.6675338745117,1.0694660525472135,1.1289616070098045,1.1012619488871147,1186.0085835683458,1147.8518285028622,38.156755065483594,30.536446581472543,7.620308484011051,71.64547582032793,0.019201987108421848,3786190.5,0.5658613849461616,0.01737821398397731,0.6940609236085898,1.0556310827453446,0.975464481740831,0.009165255060953559
2023-05-24,1225.7659085429157,1246.1790857656028,1218.587143999597,1242.125732421875,2782379,INDUSINDBK,0.009165255060953559,0.028799112535756066,0.1337196074835454,1158.2217834472656,1092.1495617675782,1118.8229446411133,1.072442040180666,1.1373220078132609,1.110207596627645,1194.6419910842733,1154.8350806450114,39.806910439261856,32.390539353030405,7.41637108623145,76.02967115231894,0.01903671090135106,3661881.1,0.7598223219208291,0.022213485354826052,0.8530964809181462,1.0604974117031676,0.9761594245083246,-0.006565774595316931
2023-05-25,1239.3908608635102,1242.2722147040367,1220.5892729446252,1233.97021484375,2589092,INDUSINDBK,-0.006565774595316931,0.01977563024235174,0.11038840423443697,1164.3554931640624,1093.9779553222656,1119.9538067626954,1.059788202218649,1.1279662527388363,1.1018045631816074,1200.6924870472699,1160.6969424375104,39.99554460975946,33.91154040437622,6.084004205383245,95.15438956066988,0.019156111221218446,3656917.6,0.7079984520296547,0.017571689736576895,0.6171183803192549,1.0643317696662953,0.9768063189003171,0.0036804988661234272
2023-05-26,1227.1819581274217,1242.8092509708215,1226.644841471999,1238.5118408203125,1981580,INDUSINDBK,0.0036804988661234272,0.016065649815441674,0.10770901194353955,1170.3768798828125,1096.385535888672,1120.9760906982422,1.058216256753399,1.1296316854603892,1.1048512551671452,1206.5108491661995,1166.4610089843848,40.049840181814716,35.13920035986392,4.910639821950795,93.70758933562377,0.019159243597685855,3606448.7,0.5494546477258917,0.013051477560453753,0.7341436969397478,1.0674866108427516,0.978063265565055,0.013327565479969383
2023-05-29,1242.5651883511623,1264.8341303837717,1242.369894863442,1255.0181884765625,2985334,INDUSINDBK,0.013327565479969383,0.03113584010051884,0.11463391152886349,1176.8304626464844,1100.7777819824219,1122.1242651367188,1.0664392436394343,1.1401194764454319,1.1184306653627636,1213.973516752409,1173.0208000578793,40.95271669452973,36.301903626797085,4.650813067732642,93.80880204279491,0.019240683255647085,3643731.5,0.819306801283245,0.01789952984474162,0.5630413552989182,1.0690899488606112,0.9809767208343043,0.0064594198933207725
2023-05-30,1255.0181714438295,1265.9573488239507,1246.6674077150303,1263.1248779296875,1818000,INDUSINDBK,0.0064594198933207725,0.02622601427341653,0.1236857868642105,1183.7821655273438,1105.2559802246094,1123.3522137451173,1.0670247573522098,1.142834692170583,1.1244246127566575,1221.5352646258366,1179.6951761965317,41.84008842930484,37.409540587298636,4.430547842006206,92.7710843373494,0.0191647935897977,3634603.05,0.5001921736680434,0.015271602551710796,0.8531633208069577,1.071047962379517,0.9838908640592986,-0.005142198820799471
2023-05-31,1258.973756400366,1267.1781088366945,1247.4974634308514,1256.629638671875,2764078,INDUSINDBK,-0.005142198820799471,0.011676681250069931,0.12254045478421305,1190.6410705566407,1109.9881164550782,1124.615023803711,1.055422721210502,1.1321108938401248,1.1173864941103666,1226.9343990944578,1185.3940252687794,41.540373825678444,38.2357072349746,3.304666590703846,87.31643206975252,0.01919441077287072,3681985.95,0.7507030275332799,0.015661452507712153,0.46401807728888195,1.0726610969125872,0.9869938538619543,0.0027592912978140482
2023-06-01,1250.1834579141516,1267.7641627910696,1222.347341859032,1260.0970458984375,3244947,INDUSINDBK,0.0027592912978140482,0.021172983545632684,0.137096816834124,1198.23740234375,1115.3082336425782,1125.827833251953,1.0516255321639019,1.129819549330306,1.119262651606905,1232.0363447566085,1190.9275823524579,41.10876240415064,38.81031826880981,2.29844413534083,85.3731595889066,0.018840835096716375,3706625.3,0.8754451117570476,0.036042319978344055,0.8311833207325264,1.0743553810504263,0.990656120502023,0.009442380226519775
2023-06-02,1266.268393301718,1276.6856098883832,1255.0117726501464,1271.995361328125,1912458,INDUSINDBK,0.009442380226519775,0.027035284931660408,0.21339032672687863,1209.4222412109375,1120.81357421875,1127.037639770508,1.051738026625454,1.134885756727879,1.128618349948928,1238.183885767611,1196.932603017322,41.251282750288965,39.298511165105644,1.9527715851833207,85.53416538268405,0.01229818791505601,3377006.3,0.5663175694993522,0.01703924235667533,0.7835986074499218,1.079057453469861,0.9944774998348546,0.010557489088966365
2023-06-05,1278.7099288601476,1290.015848743113,1266.5153061551912,1285.4244384765625,3040374,INDUSINDBK,0.010557489088966365,0.024227736521420074,0.16844811910003,1218.6878356933594,1126.943017578125,1128.1944573974608,1.054761031355691,1.1406294891812938,1.1393642559118777,1245.4516631074496,1203.4875537920807,41.96410931536889,39.83163079515829,2.132478520210597,86.98646532935138,0.008037708842682817,3190810.4,0.9528532312668907,0.018282321297527142,0.804625350696781,1.0814103434549869,0.9988907587596,0.0032262454349145653
2023-06-06,1285.6218500998996,1299.3470229905606,1283.6470085482867,1289.571533203125,2902701,INDUSINDBK,0.0032262454349145653,0.020937482695127185,0.1575727698208409,1227.4648803710938,1132.7539770507813,1129.3659063720704,1.0505974988166298,1.138439201564872,1.1418544919119196,1252.2393354298613,1209.8641448595656,42.37519057029567,40.34034275018577,2.0348478201099027,85.70539463081556,0.008017321504976417,3126870.55,0.9283086567174967,0.012174597560537887,0.37735791114216255,1.0836111858701218,1.0029999760570023,0.003981571671035189
2023-06-07,1293.4717787352222,1296.236605082229,1286.8066885929215,1294.7060546875,2679118,INDUSINDBK,0.003981571671035189,0.030300428100572097,0.13051418723766295,1234.9383605957032,1138.5054919433594,1130.5434936523438,1.0483973095328956,1.1371979000975356,1.1452067629037528,1258.7726768541133,1216.148730772746,42.62394608136742,40.7970634164221,1.8268826649453231,86.0030792581957,0.006398865800794807,2937496.55,0.9120412413760963,0.00728344202544383,0.8376920520489723,1.084701276660281,1.007042628908768,-0.005605572271094927
2023-06-08,1299.8899633382362,1307.246320049734,1283.6469406493072,1287.448486328125,3215312,INDUSINDBK,-0.005605572271094927,0.02170582061017856,0.11007100941227832,1241.3213195800781,1144.36384765625,1131.664526977539,1.037159731344702,1.1250342178887631,1.1376591345198876,1263.184339850115,1221.4301941472186,41.754145702896494,40.98847987371698,0.7656658291795111,79.54702893683503,0.006716793939311492,2793914.25,1.1508270162550622,0.018330348476880514,0.16108668004841736,1.0847260878805327,1.011221806795189,0.020861442233827132
2023-06-09,1282.6596333516202,1319.5891957860183,1282.0672049720372,1314.3065185546875,4233651,INDUSINDBK,0.020861442233827132,0.03326360968988462,0.11335147074334428,1248.011865234375,1150.9293103027344,1132.8392712402344,1.0531202107664759,1.1419524264344083,1.1601879912900463,1271.0492904200494,1228.309921881105,42.73936853894429,41.338657606762446,1.4007109321818447,84.46230177797055,0.0070396261495807725,2806416.35,1.5085612653304274,0.028548888926795545,0.859211168791118,1.0843514489227009,1.0159687605486125,0.0010517517787784758
2023-06-12,1320.132236528883,1320.132236528883,1302.0130883219654,1315.6888427734375,1904622,INDUSINDBK,0.0010517517787784758,0.023544288867530128,0.10456123860300126,1254.2392272949219,1157.4579565429688,1134.22505859375,1.0489935365927336,1.136705515164511,1.1599892215436258,1277.9169138590323,1234.7824345397964,43.13447931923588,41.69782194925713,1.4366573699787466,82.97202342718947,0.007049888550523265,2735482.45,0.6962654796048865,0.013771605882681847,0.7547680660976651,1.0836153660743013,1.020483499084409,0.0028518880328234353
2023-06-13,1319.1941848398037,1326.0074124463035,1315.59007482367,1319.4410400390625,3756073,INDUSINDBK,0.0028518880328234353,0.023162349716068453,0.10703050738372921,1260.6175720214844,1163.6065014648439,1135.6593969726562,1.0466624211205073,1.1339237434459513,1.161828135756474,1284.3052409636523,1241.0534423545569,43.25179860909543,42.008617281224794,1.2431813278706372,81.91367038424369,0.0069940448428652486,2778851.2,1.351663953795007,0.007895265727315226,0.36966884965172,1.0833710282939422,1.024608702720804,-0.009728777157926305
2023-06-14,1318.2561051154123,1319.4409617876795,1301.6179692442963,1306.6044921875,2858453,INDUSINDBK,-0.009728777157926305,0.00919006863134797,0.08220408523118605,1265.5800476074219,1169.0890747070312,1136.961915283203,1.0324155272972537,1.117626124865575,1.149206912407476,1287.7358949980903,1245.9090756755156,41.82681932257469,41.972257689494775,-0.14543836692008227,78.86596937884462,0.00747693949487641,2688681.4,1.0631430708004304,0.013640694372284119,0.27978034166069027,1.0825351763077342,1.0282570233813202,-0.01976194408963472
2023-06-15,1298.458303025934,1303.3459875876786,1272.2916528128635,1280.783447265625,5952095,INDUSINDBK,-0.01976194408963472,-0.0051769365013656365,0.05846294458951706,1269.1171752929688,1173.8432836914062,1137.9846716308593,1.009192430927399,1.0911025901497875,1.1254839183643124,1286.666287654634,1248.4923624599683,38.1739251946658,41.21259119052898,-3.038665995863184,64.36906474043988,0.009173193642413336,2861787.6,2.079852117606492,0.024246358618323572,0.27344956877480137,1.0811640641687306,1.0315106283542093,0.013029039347216553
2023-06-16,1280.7833909317396,1302.0129363972642,1278.26554041831,1297.4708251953125,3508045,INDUSINDBK,0.013029039347216553,-0.012809563919601308,0.06443515004707834,1273.0442687988282,1178.7202734375,1139.149223022461,1.0191875153088996,1.1007453205258788,1.1389823202905611,1288.3285241993538,1252.1203967366605,36.208127462693255,40.21169844496184,-4.0035709822685845,64.41286271285344,0.009403794295751928,2918856.1,1.2018560969826502,0.018302836193160258,0.8087322413801895,1.0800223746777946,1.0347373720802326,-0.009588873936964726
2023-06-19,1293.5213363688013,1300.680137657865,1274.3653474331788,1285.029541015625,2679485,INDUSINDBK,-0.009588873936964726,-0.023302851526188717,0.05579347574043214,1276.4396423339845,1183.5740551757813,1140.35021484375,1.0067295768610993,1.085719592615416,1.1268727135651908,1287.820988324934,1254.558111127695,33.26287719723905,38.821934195417285,-5.559056998178235,57.22411034700432,0.009781937156915506,2947512.8,0.909066450873428,0.020477965202176065,0.4052547442480442,1.0784619996966822,1.0379040050761543,-0.00230531847649873
2023-06-20,1278.7098839814964,1298.8532915890066,1269.0331123212457,1282.067138671875,2102065,INDUSINDBK,-0.00230531847649873,-0.02832555622650712,0.041615657120641636,1279.0007629394531,1188.079482421875,1141.5879168701172,1.0023974776413538,1.0791088960297575,1.1230559816951362,1286.9357806860016,1256.5958168717084,30.33996381429324,37.12554011919248,-6.785576304899237,58.58938593540813,0.009630212588045091,2945493.1,0.7136547018222518,0.02325945215213334,0.4370874579121199,1.0765279443528788,1.0407253483194034,-0.009088144432276124
2023-06-21,1281.425292938869,1291.052645361257,1268.2432498828591,1270.41552734375,1490552,INDUSINDBK,-0.009088144432276124,-0.027696954250603367,0.022775307026862812,1280.4152526855469,1192.5999633789063,1142.5317303466798,0.9921902481864197,1.065248672106592,1.1119301929218774,1284.394203248732,1257.6194991288967,26.774704119835405,35.055372919321066,-8.28066879948566,53.301715443680344,0.009787533089739689,2880901.75,0.5173907787726534,0.01795427951521413,0.09523608212011522,1.0736334831487333,1.0438221816535758,-0.010803628703237811
2023-06-22,1270.4156031955924,1272.834856526007,1253.08644012149,1256.6904296875,3185099,INDUSINDBK,-0.010803628703237811,-0.018811156272796725,0.018412287890293033,1281.5512634277343,1196.750224609375,1143.3876275634766,0.980600983784496,1.0500858105940107,1.0990939550093508,1280.1320842393118,1257.5506791702746,22.581405069037146,32.56057934926429,-9.979174280227141,45.15930757458059,0.010007275435936706,2910702.1,1.0942717222762164,0.01571462305909944,0.18249511718750255,1.0708594300419194,1.0466706091263314,0.02828629732579757
2023-06-23,1256.6904001359012,1301.4206104541888,1246.125045821841,1292.237548828125,4636121,INDUSINDBK,0.02828629732579757,-0.004033444348469084,0.043379244539339945,1284.237548828125,1201.60068359375,1144.4732702636718,1.0062293771174189,1.0754301045862407,1.1291111661615394,1281.9944634068215,1260.120076922708,21.87438648411353,30.423340776234138,-8.548954292120609,51.890385867271625,0.011724487792420973,3043429.15,1.523321480968269,0.04279055710963746,0.8339276994977687,1.0687723187600264,1.049915900016535,0.0048522531151964365
2023-06-26,1298.2609572921588,1309.9124507814,1289.4728877860591,1298.5078125,2236596,INDUSINDBK,0.0048522531151964365,0.01048868609956033,0.03465258465793908,1286.4120300292968,1205.9016455078124,1145.554859008789,1.0094027280438505,1.0767941293862242,1.1335186632821375,1284.5349786519257,1262.9636128913962,21.57136576052949,28.652945773093208,-7.08158001256372,52.45061347352014,0.011450736031450082,3005992.25,0.7440458304574804,0.015740808640949778,0.44203120761438963,1.0667636409829933,1.0526790891107909,0.0006842852974267011
2023-06-27,1302.16118877723,1304.3334663379662,1281.0303594078443,1299.3963623046875,2638788,INDUSINDBK,0.0006842852974267011,0.013516627257730285,0.028715675709317434,1288.225604248047,1209.9263891601563,1146.6369836425781,1.0086714299264072,1.0739466251386043,1.1332238370480874,1286.8213453677351,1265.6623350701584,21.159010297576742,27.154158677989916,-5.995148380413173,51.316899762345905,0.011398869988710621,3047031.65,0.8660192289108648,0.017933794187933613,0.7881353740476139,1.064714032018295,1.0551956778129759,0.013754414774363344
2023-06-28,1308.3325921545957,1330.0064310333623,1299.692659942254,1317.268798828125,5550351,INDUSINDBK,0.013754414774363344,0.036880273009838094,0.048255395456324957,1291.2575622558593,1213.8680859375,1147.9005249023437,1.0201441117036507,1.0851828251261473,1.1475461246436751,1291.5055689770259,1269.485036089267,22.020532887758918,26.127433519943718,-4.1069006321848,57.90166903868547,0.011602587548866193,3186345.3,1.7419176132605592,0.02301259326727859,0.5798070729321574,1.0637544369235061,1.057468011908757,0.030433601277204625
2023-06-30,1325.020000897921,1364.8624062294618,1320.2310341058233,1357.3580322265625,4590286,INDUSINDBK,0.030433601277204625,0.08010533076478943,0.07718531413489571,1296.1206115722657,1219.1292211914063,1149.2748999023438,1.0472466991941531,1.1133832317628076,1.1810560139631519,1301.6367171692623,1275.9941469142518,25.64257025501047,26.03046086695707,-0.38789061194660235,60.66014182167707,0.013186873174523512,3253612.25,1.4108276116799106,0.032881060902131214,0.8318587655761379,1.063152772522029,1.0607812119580773,0.00414641803746707
2023-07-03,1362.5912136483444,1369.552578139018,1350.3965915115928,1362.9862060546875,2890340,INDUSINDBK,0.00414641803746707,0.054748956405671345,0.07153394382787415,1300.6701538085938,1224.3896240234376,1150.5365258789063,1.047910726684718,1.1131964689277674,1.1846527036710015,1311.0751000747123,1282.4380031468766,28.637096927835728,26.551788079132805,2.0853088487029225,61.47029080411043,0.01312075316353547,3302506.35,0.8751958947785218,0.014054424426549578,0.6572156677678251,1.062300862640842,1.0641901378038512,-0.009417779617956312
2023-07-04,1371.527588283928,1376.464692633402,1346.1509201415404,1350.14990234375,2262047,INDUSINDBK,-0.009417779617956312,0.039770334338092406,0.050353378953879036,1303.906427001953,1229.5857104492188,1151.7354357910156,1.0354653327755456,1.0980526943912547,1.1722743439047378,1317.0866081161028,1287.453699383682,29.632908732420674,27.16801220979038,2.464896522630294,57.13305458977004,0.013317393120578207,3263590.0,0.6931161696168943,0.022452153230718527,0.13191964818246366,1.0604437054864453,1.0675938867894044,0.023549179109524587
2023-07-05,1354.0994854312862,1395.3243036930148,1354.0994854312862,1381.94482421875,5288351,INDUSINDBK,0.023549179109524587,0.0635283153845756,0.07163099420020691,1308.5250915527345,1235.6980102539062,1152.9617083740234,1.0561087694381874,1.1183515816577172,1.1986042677580788,1327.0647952088177,1294.4530419640575,32.611753244760166,28.25676041678434,4.354992827975828,66.08352756246951,0.014123235005454478,3382872.5,1.5632723373405293,0.029831016071885572,0.6754508561002979,1.05893598653919,1.0717598002422497,-0.006680833983753187
2023-07-06,1377.6988032815157,1379.1305151570282,1356.1236839720898,1372.7122802734375,3337234,INDUSINDBK,-0.006680833983753187,0.04208972496322416,0.060250143500538256,1312.4254028320313,1241.2398583984375,1153.8881182861328,1.0459354697884662,1.1059202385303981,1.1896407099782982,1334.0874852187592,1300.250022579567,33.837462639192154,29.372900861265904,4.464561777926249,71.12070150207285,0.014306500371080407,3415778.3,0.9770054455817581,0.016760126295625143,0.7210291659899503,1.0573503533196589,1.0757020882076922,-0.023809411592921048
2023-07-07,1367.1335831897836,1376.4152427323347,1335.980407224267,1340.02880859375,2922616,INDUSINDBK,-0.023809411592921048,-0.012766877434972845,0.040840719317311924,1315.0544189453126,1245.8145141601562,1154.7482940673829,1.0189911453766811,1.0756246562893086,1.1604509965316783,1335.0015349687578,1303.1965993213585,31.80493564739936,29.8593078184926,1.945627828906762,59.10824451117463,0.015420268345845815,3401143.5,0.8593039370435267,0.03017460165688577,0.10012162331352065,1.055578020642851,1.0788623984643526,0.0072949107976705285
2023-07-10,1344.1265297633674,1355.1362955098878,1328.2290793952493,1349.80419921875,1941110,INDUSINDBK,0.0072949107976705285,-0.00967141617235745,0.02700867732368728,1316.8293029785157,1250.448916015625,1155.503515625,1.025041131880684,1.0794556914165725,1.168152395009075,1337.278867930295,1306.6490141285726,30.629853801722447,30.01341701513857,0.6164367865838756,64.02306760450824,0.01483972300112085,3286516.45,0.5906284144721077,0.019934162399414687,0.8018339664564216,1.0530852449170034,1.0821679891984317,0.01020474974849872
2023-07-11,1354.7412459331258,1366.2447215817106,1352.7664044667508,1363.57861328125,2110648,INDUSINDBK,0.01020474974849872,0.009946088885529614,0.03639900936368967,1319.2237915039063,1255.2015576171875,1156.3354229736328,1.0336219086276328,1.0863423527531308,1.1792241128224459,1341.3249825996727,1310.8660214732154,30.458961126457325,30.102525837402325,0.35643528905499977,66.85726778472525,0.014967786128543891,3296817.75,0.6402076669236569,0.009884517829541315,0.8021927902630054,1.0510055405031966,1.0854995295303767,-0.006879230139271164
2023-07-12,1354.6919525999838,1367.3804066286284,1334.0055345308265,1354.1982421875,4921224,INDUSINDBK,-0.006879230139271164,-0.02007792318838475,0.02634236854373473,1320.961651611328,1259.8037060546876,1156.93314453125,1.0251609049631603,1.0749279714602735,1.1705069118200215,1343.3054840747232,1314.0758156001996,29.229668474523578,29.927954364826576,-0.6982858903029978,67.49129701269642,0.015092690491815103,3355075.3,1.4667998658629213,0.024645484728949233,0.6050272671457942,1.0485456148943775,1.0889165999000896,0.0035364560009056856
2023-07-13,1366.5903966863716,1373.996052737779,1349.211814592689,1358.9873046875,5174896,INDUSINDBK,0.0035364560009056856,-0.009998435785249615,0.04009079473797117,1323.580792236328,1264.5944213867188,1157.7494207763673,1.0267505487076076,1.0746428117224118,1.1738181685085067,1345.7180718613042,1317.4025925696292,28.315479291675047,29.60545935019627,-1.2899800585212233,72.18421974982607,0.014867283318801267,3470897.45,1.4909388924757774,0.01823728452767939,0.39442366707356485,1.0466444971225846,1.0922868098165,0.000508586141306111
2023-07-14,1358.8884819283292,1366.5409932701416,1349.804258613891,1359.678466796875,3885754,INDUSINDBK,0.000508586141306111,0.01466360877998274,0.061599031202101306,1327.5255432128906,1269.6245825195313,1158.6067553710936,1.0242201920319873,1.0709295373744532,1.1735461238195348,1347.865824928315,1320.5341388086845,27.331686119630604,29.15070470408314,-1.819018584452536,67.2301347408288,0.013963998442490707,3367580.4,1.1538711889402848,0.012309332731935404,0.5899722010168984,1.0456047886048778,1.0958201103469998,0.00980384587276939
2023-07-17,1362.6406271069309,1387.0792905278704,1352.3714272594632,1373.008544921875,4003275,INDUSINDBK,0.00980384587276939,0.01719089755133041,0.05821920482504228,1331.3024291992188,1276.1187817382813,1159.6928741455079,1.0313273038551747,1.0759253484629496,1.183941520666447,1351.733935696555,1324.4211318541059,27.312803842449057,28.783124531756325,-1.4703206893072682,68.37110038168399,0.013861367979881911,3392341.9,1.1800918415682098,0.025278694292745357,0.594594876175991,1.043243347132442,1.100393742333339,-0.00017977031008864497
2023-07-18,1380.4142296799137,1391.473294035691,1365.1092078200863,1372.76171875,4106331,INDUSINDBK,-0.00017977031008864497,0.006734562554227885,0.0682724987513017,1335.6890380859375,1281.5717651367188,1160.9425775146485,1.0277554727237923,1.0711547773554086,1.1824544515274948,1354.9689792432387,1328.0019160686165,26.967063174622126,28.41991226032949,-1.4528490857073635,68.14856598278902,0.013570955956683969,3463684.2,1.1855385083894194,0.019205143802823305,0.2902627031079961,1.042227266877595,1.1039062482145445,0.021075411820947076
2023-07-19,1412.011736395208,1425.2431991508993,1392.2633205015688,1401.6932373046875,8850582,INDUSINDBK,0.021075411820947076,0.03507240936930067,0.0933072028948001,1341.670343017578,1287.3250170898436,1162.2612438964843,1.0447374383726116,1.088841760003536,1.2060053147823349,1362.1573266373077,1333.4605324564736,28.696794180834104,28.475288644430414,0.22150553640368997,69.8008874260693,0.014052603790587525,3801110.05,2.3284203518390636,0.023528599390796347,0.28592939662954486,1.0422156993814886,1.1076038402296566,0.00394490097295308
2023-07-20,1408.0620618940115,1415.4677178997654,1400.360131434121,1407.2227783203125,4491531,INDUSINDBK,0.00394490097295308,0.03549368965143085,0.10768701108573997,1348.5107055664062,1292.5647436523439,1163.7257391357423,1.0435384550612417,1.0887058348380945,1.2092391969996357,1369.0904730500777,1338.9244025204616,30.166070529616036,28.81344502146754,1.3526255081484955,63.95803691144452,0.013683562842080492,3951159.0,1.1367629093134446,0.010735746108144309,0.45425170339402454,1.0432829087972633,1.1107125160025124,-0.012489971130213884
2023-07-21,1404.1617641885016,1412.3572843169875,1382.9815162003642,1389.6466064453125,2138540,INDUSINDBK,-0.012489971130213884,0.02204060767325111,0.1057986705531564,1355.158514404297,1297.1618896484374,1165.095760498047,1.0254494892475188,1.071297744356289,1.192731665121909,1372.252955110883,1342.6816028111912,29.571352299691853,28.965026477112406,0.6063258225794463,56.99484487215949,0.013792229093172148,3898831.05,0.5485079944667005,0.02113902051095268,0.22689075630252536,1.0447103983077841,1.1133521669445743,0.020144264069216433
2023-07-24,1390.7822167177071,1421.29354398162,1387.6225183263628,1417.6400146484375,2738185,INDUSINDBK,0.020144264069216433,0.0325063306354747,0.09704288962508056,1361.4286376953125,1301.9047778320312,1166.3960021972657,1.0412885225099144,1.0888968523559241,1.2154019835269294,1379.2355796551221,1348.2340777620982,31.001501893023942,29.372321560294715,1.6291803327292271,66.40268291510688,0.013179330665779814,3803934.25,0.7198297394335877,0.02375146391702782,0.8914933756224331,1.04572059406864,1.116177332037741,-0.01410468181027158
2023-07-25,1418.92361871113,1427.8104054671496,1393.6456716009595,1397.6446533203125,2982900,INDUSINDBK,-0.01410468181027158,0.01812618623497908,0.0763467419032664,1366.385479736328,1306.0348388671875,1167.7376446533203,1.022877272956689,1.070143469168544,1.1968824159430498,1382.0677448343822,1351.89412039604,30.17362443834213,29.5325821359042,0.6410423024379313,54.04782242241776,0.013834982107608772,3841249.45,0.7765442049070778,0.024444506538215338,0.11704998888665187,1.0462090589570234,1.1184317340860628,0.008654522619100158
2023-07-26,1403.5692207057114,1411.9129986246353,1393.4481577021402,1409.7406005859375,1537232,INDUSINDBK,0.008654522619100158,0.005741172937899108,0.0849196145859119,1371.9026916503906,1310.39216796875,1168.8321044921875,1.0275806069671225,1.0758158015941046,1.2061104372200793,1386.3251072576984,1356.179044854551,30.146062403147425,29.655278189352845,0.4907842137945799,59.407949502706366,0.013856014159195957,3786171.65,0.40601223137889164,0.013098041522547113,0.8823494852830694,1.0469405458802372,1.1211124018004837,-0.008475143513128613
2023-07-27,1415.1714284824866,1415.1714284824866,1387.474347634678,1397.7928466796875,3362598,INDUSINDBK,-0.008475143513128613,-0.006701093661858337,0.06112954920301661,1375.9288940429688,1314.2009252929688,1169.9564385986328,1.0158903216084625,1.0636066523603185,1.1947392232431797,1388.0893748610815,1359.2615486934499,28.827826167631656,29.48978778500861,-0.6619616173769529,66.40492449691769,0.013938442792894778,3676784.0,0.9145486925530573,0.019814868071188194,0.37254825162652144,1.0469699629348832,1.1232904764104819,-0.009642625934668358
2023-07-28,1397.3977778817605,1404.0628678521855,1380.0191970287883,1384.314453125,1565680,INDUSINDBK,-0.009642625934668358,-0.0038370570586662156,0.019859477203828968,1377.2767150878906,1317.686396484375,1170.9523364257811,1.0051098940104133,1.0505644262689442,1.1822124693396883,1387.508617670915,1361.1173193920833,26.391298278831755,28.87008988377324,-2.4787916049414846,59.59897975952639,0.012614322638071558,3525553.7,0.4440947814807075,0.017368648264214935,0.1786439403434156,1.0452234452465352,1.1253117274666238,0.011270068245084142
2023-07-31,1391.6214130586302,1402.038750208637,1378.4393701232148,1399.915771484375,1721385,INDUSINDBK,0.011270068245084142,-0.01250264029014303,0.02709459953860005,1379.123193359375,1321.3061328125,1172.0413793945313,1.015076664815093,1.0594938876916802,1.1944252106589974,1389.4174105652935,1363.991278806327,25.42613175896645,28.181298258811886,-2.755166499845437,60.00544515851461,0.012805211350155747,3467105.95,0.4964904519286467,0.016857714275480433,0.9100409113892994,1.0437575056310433,1.1273545081617151,-0.016328671420138052
2023-08-01,1402.8780845490544,1405.2972172657455,1371.873047698945,1377.0570068359375,1578914,INDUSINDBK,-0.016328671420138052,-0.014730243796565845,0.019928975623728196,1380.4685485839843,1324.5048315429688,1173.239306640625,0.99752870737146,1.0396768468045139,1.1737221886802536,1387.5158099915463,1364.9591105122242,22.556699479322106,27.05637850291393,-4.499679023591824,55.85925937514667,0.013200082143792242,3432949.3,0.4599293091803016,0.02427217566221119,0.15509612367876724,1.0422525578678494,1.1289298134201344,-0.009572682060954407
2023-08-02,1372.5148092830882,1376.6126294033668,1351.8776920005855,1363.8748779296875,1913777,INDUSINDBK,-0.009572682060954407,-0.032534866795484674,-0.013075736434902785,1379.5650512695313,1327.1654345703125,1174.2519201660157,0.9886267245423439,1.0276600357447225,1.1614840516819107,1383.878743520491,1364.8787969875918,18.99994653289923,25.44509210891099,-6.445145576011761,51.20112363662763,0.012276829049028557,3264220.6,0.5862891129355656,0.018135781957013538,0.4850299692997399,1.0394823549003775,1.130222068857829,-0.012126614279616588
2023-08-03,1358.9378878606376,1363.233144271173,1337.017194123223,1347.335693359375,3631489,INDUSINDBK,-0.012126614279616588,-0.03609773325151022,-0.018486457270570633,1378.2962219238282,1329.2696337890625,1175.205278930664,0.977537101189149,1.0135909668821783,1.1464683808988119,1378.2567358033962,1363.5793078299462,14.677427973449994,23.291559281818795,-8.614131308368801,47.18595224868888,0.01247786073026777,3278933.35,1.1075214444355814,0.019457623127748194,0.3935962335112601,1.0368823501933284,1.1310956967437926,0.03305233654309436
2023-08-04,1352.815867200844,1397.1016644008253,1349.1130393323713,1391.8682861328125,4063355,INDUSINDBK,0.03305233654309436,0.0054567320241150075,0.03868534557362513,1380.8881958007812,1332.4275952148437,1176.394242553711,1.0079514694711862,1.0446108224802897,1.1831648233090224,1380.3508204694601,1365.6747877042326,14.676032765227546,21.568453978500546,-6.892421213273,53.76428549500553,0.013415989883169234,3335970.3,1.218042918427661,0.03447784933859388,0.8909454425804545,1.036370156817507,1.1326369570820207,0.004008266836575514
2023-08-07,1392.2633065050345,1399.8170996153656,1381.7472510404373,1397.447265625,2792582,INDUSINDBK,0.004008266836575514,-0.0017633245582751034,0.03529627958916204,1383.2703491210937,1335.6063037109375,1177.5229528808593,1.0102488400137501,1.0463017894885938,1.1867685994621902,1382.9810428010817,1368.0283045872523,14.952738213829434,20.245310825566325,-5.29257261173689,54.82439105852041,0.013367561270233754,3378543.9,0.826563775003782,0.012930612137873172,0.8688514748455781,1.035687197101214,1.1342507595655105,-0.007984442195800634
2023-08-08,1397.447332325145,1403.0755828529814,1384.660280766143,1386.2894287109375,1846797,INDUSINDBK,-0.007984442195800634,0.006704458732767593,0.01665530333820442,1384.4058898925782,1338.231728515625,1178.4806231689454,1.001360539443028,1.0359113441799936,1.1763362090614544,1383.4900252487516,1369.380980448266,14.109044800485663,19.018057620550195,-4.909012820064532,46.764821704726785,0.013385833485864203,3365351.35,0.5487679614789701,0.013283879762368373,0.08846707684252068,1.0345038608733106,1.1355568366640663,0.003205217671703453
2023-08-09,1387.3262345140267,1392.707629700904,1374.489764016744,1390.7327880859375,1218020,INDUSINDBK,0.003205217671703453,0.019692356381707965,0.026978727899854338,1386.2326171875,1340.78388671875,1179.484194946289,1.0032463317069886,1.0372535065956272,1.179102521292596,1384.6042964544724,1370.9625958288343,13.641700625638123,17.94278622156778,-4.301085595929656,46.52082313853762,0.01326635313827081,3180191.15,0.38300213495028435,0.013099472335899386,0.8915986291037654,1.0338971335492217,1.1367544325422743,0.015442447710557472
2023-08-10,1384.8081806714397,1415.9613535039268,1382.4877660191623,1412.2091064453125,3730443,INDUSINDBK,0.015442447710557472,0.04814940582787175,0.03916283954547373,1388.8937072753906,1343.8954760742188,1180.8805908203126,1.0167870291641397,1.0508325473128692,1.1958949257217488,1388.851190299217,1374.0178929115364,14.833297387680659,17.320888454790357,-2.4875910671096975,54.68332235341813,0.013628739626218194,3107968.5,1.2002834005557006,0.02370299648401308,0.8879042450910837,1.0334834308190548,1.1380451897686505,-0.02303865641577696
2023-08-11,1413.7397234881366,1413.7397234881366,1375.2303124764117,1379.6737060546875,3074690,INDUSINDBK,-0.02303865641577696,-0.00876130320635915,0.014705858587962473,1389.8934692382813,1346.2870092773437,1182.200747680664,0.9926470888526481,1.024799093021974,1.1670384312997955,1387.4392696462123,1374.4368420332512,13.002427612961128,16.457196286424512,-3.4547686734633842,42.26513895990466,0.01473731041102146,3067415.3,1.0023716058272254,0.027911969940955402,0.11538461538461244,1.0323901661833197,1.1387972913387148,-0.005976047148687713
2023-08-14,1377.451953436975,1379.920505324855,1361.7026406062057,1371.4287109375,1783022,INDUSINDBK,-0.005976047148687713,-0.01861863079023829,-0.0011506366731788287,1389.8144775390624,1348.2756762695312,1183.462099609375,0.986771064124963,1.0171723298695334,1.158827740567414,1384.976106767949,1374.21401750764,10.76208926030904,15.318174881201418,-4.556085620892379,44.390463309632125,0.014653922991637055,2956402.65,0.6031052637569514,0.013283858339377798,0.5338754284050599,1.030808833831715,1.1392639246449516,-0.00590391734782747
2023-08-16,1366.5904461742134,1370.589548800698,1349.8042918498193,1363.3319091796875,2051360,INDUSINDBK,-0.00590391734782747,-0.01656040871104192,-0.006869225329869333,1389.3429870605469,1349.8338256835937,1184.7239892578125,0.9812781450490556,1.0099998112651074,1.1507590979345041,1381.6462302159086,1373.407935409273,8.238294806635622,13.90219886628826,-5.663904059652637,39.89682634170401,0.014714296675164119,2853654.1,0.7188537671752158,0.015245925669989687,0.6508275246169803,1.0292696483264854,1.1393656564084742,-0.00463539365254606
2023-08-17,1363.7761368537983,1373.749061911488,1352.7663718373683,1357.0123291015625,3329471,INDUSINDBK,-0.00463539365254606,-0.024246540581519205,-0.03187638137503024,1387.1089416503905,1351.1826416015624,1185.9296185302735,0.9783026324428282,1.0043145073956028,1.144260424816198,1377.8563992752402,1372.1934460531463,5.662953222093847,12.254349737449377,-6.59139651535553,40.89906079497347,0.0138516617315738,2577598.55,1.2916949382982856,0.015462416681218945,0.2023552389705838,1.026588781518274,1.13934471362313,-0.0018918477652205556
2023-08-18,1351.77908040302,1359.6784468334247,1343.7315767450916,1354.445068359375,1720129,INDUSINDBK,-0.0018918477652205556,-0.040903317945127804,-0.03750487184689688,1384.4700561523437,1352.377421875,1187.1004357910156,0.9783130103395571,1.0015288975184962,1.1409692284855835,1374.2546560574146,1370.8787514091634,3.3759046482512076,10.478660719609746,-7.102756071358538,42.99283275238574,0.013791645707142943,2439028.45,0.7052517161085184,0.011773729670446766,0.6718240980793785,1.0237305309584723,1.139227466439142,0.019027608566772436
2023-08-21,1357.703675243726,1382.3891966117935,1349.0143235082571,1380.2169189453125,1763990,INDUSINDBK,0.019027608566772436,0.000393725623849317,-0.006785673031016848,1383.9985717773438,1354.2327905273437,1188.4213555908202,0.9972675890646513,1.0191873425305633,1.161386836791688,1375.1719272709374,1371.5704675229524,3.601459747985018,9.1032205252848,-5.501760777299783,45.58925062113414,0.014299552219222529,2420300.95,0.7288308505601337,0.02418088971771168,0.9349127812488717,1.021979811342782,1.1395224296134352,0.002396535799850996
2023-08-22,1385.351362549998,1386.931211700408,1376.5632934489645,1383.524658203125,1224910,INDUSINDBK,0.002396535799850996,0.008819960650638725,-0.02406489383256638,1382.2928039550782,1355.6171533203126,1189.7173040771484,1.0008911673738894,1.0205865681283677,1.1629020217339034,1376.4569627989663,1372.4559631288912,4.000999670075089,8.082776354242858,-4.081776684167769,51.58712233090675,0.013495839161748745,2344637.2,0.5224305065193028,0.0074938442115727085,0.6714332217261872,1.0196778644836626,1.1394447644617989,-0.00010702468379186758
2023-08-23,1383.5247241459538,1390.2885327444685,1374.637936649718,1383.3765869140625,1681561,INDUSINDBK,-0.00010702468379186758,0.014702712963298836,-0.010208650941678221,1381.5794006347655,1356.970908203125,1191.0757537841796,1.0013008201182438,1.0194592813680166,1.1614513875535808,1377.521520355135,1373.264898224089,4.256622131046015,7.31754550960349,-3.060923378557475,55.112655196117714,0.01314605486328153,2279570.25,0.7376657946821337,0.011313330182681967,0.5583589411827937,1.018134871044676,1.1392817827849135,0.01723767167365775
2023-08-24,1390.5353426803938,1416.9488491009165,1384.6108178757906,1407.2227783203125,3559546,INDUSINDBK,0.01723767167365775,0.03700073178553431,-0.0017860181260144214,1381.4535095214844,1358.72654296875,1192.5055755615235,1.018653735808854,1.0356924177293252,1.1800555126609649,1382.09094465747,1375.780296749735,6.310647907734847,7.116165989229762,-0.805518081494915,65.12094102156468,0.013590850888188578,2380685.95,1.4951766317602704,0.022980036795400043,0.6992373866889248,1.016726667091582,1.1393880002019754,-0.016840347159157054
2023-08-25,1400.113255084576,1403.569227835057,1371.5768908012717,1383.524658203125,1862535,INDUSINDBK,-0.016840347159157054,0.021469744711739347,-0.01020765595592732,1380.7401000976563,1360.2649462890624,1193.7939544677733,1.0020167141558878,1.0170993981558647,1.1589308632576707,1382.311515972186,1376.3539531536899,5.9575628184961715,6.884445355083044,-0.9268825365868727,47.645603595026316,0.013988242872981312,2305682.8,0.8078019231439816,0.02312379244135477,0.3734571622334409,1.0150523277575094,1.1394470052376053,0.0059236794892179034
2023-08-28,1382.3891363870443,1393.497620518726,1376.2671755683798,1391.72021484375,1072295,INDUSINDBK,0.0059236794892179034,0.008334411599031588,0.005349768401270438,1381.1103881835938,1362.483681640625,1195.1650653076172,1.0076820989480137,1.0214582630214843,1.1644585800251304,1383.7590081062729,1377.492194760361,6.266813345911942,6.760918953248824,-0.49410560733688236,48.40746342827815,0.013880752325085115,2281013.55,0.4700958484003745,0.012380681667601388,0.896845050717024,1.0136711410154575,1.1399962408455626,-0.006598297057478941
2023-08-29,1391.720172393209,1395.9167107149517,1374.9340191062383,1382.5372314453125,1831565,INDUSINDBK,-0.006598297057478941,-0.0007137037652042988,-0.012413989750708732,1380.2414611816407,1364.185009765625,1196.4665759277343,1.0016633106077732,1.0134528832587308,1.1555168019409985,1383.5710424661252,1377.8659011814684,5.705141284656747,6.549763419530409,-0.8446221348736618,48.94502950952006,0.0137154927603277,2286522.55,0.8010264320375936,0.015176945062649733,0.36235638786764696,1.0117699954926014,1.1401781188144287,-0.005499417477614066
2023-08-30,1387.474398852175,1393.1520686061408,1369.4045495082546,1374.93408203125,1500390,INDUSINDBK,-0.005499417477614066,-0.006102824756956005,-0.0015416390128722979,1380.1353149414062,1365.9831005859376,1197.8357995605468,0.9962313601761744,1.00655277612254,1.147848546967519,1382.2422793222981,1377.6487293925634,4.593549929734763,6.15852072157128,-1.564970791836517,45.63557232972483,0.01326557249592708,2282596.35,0.6573172694331172,0.017271750993911615,0.2328467449674601,1.0103604607914973,1.1403759188755918,-0.010269668467770998
2023-08-31,1374.934009601974,1384.2652082443224,1346.1013711928597,1360.81396484375,4106180,INDUSINDBK,-0.010269668467770998,-0.03297900957228461,-0.00224427704877439,1379.9822692871094,1367.558037109375,1199.072646484375,0.986109745849661,0.9950685293913523,1.1348886732039072,1378.9456155563678,1376.4017097963551,2.543905760012649,5.4355977292595545,-2.8916919692469056,35.200475801808295,0.013292947710510181,2392216.5,1.7164750765660215,0.028044859942221924,0.38551138427330733,1.0090849761696372,1.140513079936392,0.027863464931338955
2023-09-01,1364.615520797409,1405.6922012238665,1358.888432047596,1398.73095703125,2792033,INDUSINDBK,0.027863464931338955,0.0109909850453076,0.03814584882237382,1382.5520324707031,1370.124345703125,1200.4358367919922,1.0117022174793915,1.0208788431632783,1.1651859384414711,1381.989514244811,1378.055728110051,3.933786134760112,5.135235410359666,-1.201449275599554,55.32267731859011,0.014343557813598815,2350243.7,1.1879759533022043,0.0334615952703367,0.8512674445855128,1.0090704809432463,1.1413557507285048,0.0037061880520183887
2023-09-04,1405.9390572757711,1409.5431672394132,1397.200407456231,1403.9149169921875,998692,INDUSINDBK,0.0037061880520183887,0.008762323072103007,0.008655007790173475,1383.154364013672,1373.0688354492188,1201.8254345703126,1.015009570528536,1.0224650656592005,1.1681521097896614,1385.3626531290229,1379.971223582802,5.391429546220934,5.18647423753192,0.2049553086890139,59.23121909797836,0.012360578168485355,2197010.55,0.454568595494455,0.008791672225853862,0.5440039062500004,1.0073452461406667,1.1424860848781508,0.0013715482940379609
2023-09-05,1407.0747301806684,1411.8143985383442,1398.5335156063013,1405.8404541015625,1469938,INDUSINDBK,0.0013715482940379609,0.016855403331083263,0.00600608601342012,1383.5740234375,1375.3408935546875,1203.267391357422,1.0160934147988276,1.0221760006481349,1.1683524910582137,1388.513084047875,1381.8874628804879,6.62562116738718,5.474303623502973,1.1513175438842076,62.51818971368097,0.01233526270600823,2130878.35,0.6898272724015427,0.009446934674056164,0.5501846927384377,1.0059862466981064,1.1430052068502805,-0.010605866552281462
2023-09-06,1403.8654858881905,1403.8654858881905,1378.883692084012,1390.9302978515625,4046484,INDUSINDBK,-0.010605866552281462,0.011634169251721893,0.003347691358319249,1383.8060668945313,1377.1893432617187,1204.6230767822265,1.0051482871245239,1.0099775347936544,1.1546601793209852,1388.8849630945963,1382.5573025079748,6.327660586621505,5.644975016126679,0.6826855704948258,59.50734634940839,0.01244218724403758,2240862.7,1.8057706079002518,0.017960492946889967,0.4822154030242449,1.0048045126584713,1.1432533294484521,0.021971387777314666
2023-09-07,1390.9303410954765,1425.0456575879864,1380.4142854150818,1421.490966796875,2278316,INDUSINDBK,0.021971387777314666,0.04458875608326962,0.02211652660700536,1385.343975830078,1379.6312353515625,1206.2187365722657,1.0260924301815642,1.030341246539439,1.178468650583519,1393.9012713564853,1385.4412776404859,8.459993715999417,6.207978756101228,2.2520149598981893,66.24401393121462,0.013351896971296085,2293877.5,0.9932160719131689,0.03139757706197382,0.9203544363964362,1.0041407735140615,1.1437653831112642,0.006425413319909312
2023-09-08,1426.823087731472,1441.5849808058592,1416.0601766651598,1430.6246337890625,2862657,INDUSINDBK,0.006425413319909312,0.02280186664739703,0.013040227017161676,1386.2647521972656,1381.8983520507813,1207.8095202636719,1.0319995740506893,1.0352603949964698,1.1844786862391588,1399.5510194230355,1388.7881929107507,10.762826512284846,7.118948307337952,3.643878204946894,63.28386171967687,0.012992301571058922,2250488.2,1.2720160007948496,0.017841719999673166,0.5706001520567827,1.0031597115229238,1.144135998985258,0.00093168096697549
2023-09-11,1430.822082099654,1433.734925090307,1413.7396549573327,1431.95751953125,2220230,INDUSINDBK,0.00093168096697549,0.019974574099648645,0.037895781623666025,1388.8789428710938,1383.390341796875,1209.2585083007812,1.0310167973107174,1.0351073563744067,1.1841616244184212,1404.5366348242992,1391.9859208085654,12.550714015733774,8.205301449017117,4.345412566716657,62.89767858559249,0.011728651231095715,2207765.2,1.0056458902423138,0.013963591698948995,0.9111086998456814,1.0039674999227548,1.1439988491300999,-0.014515119265892329
2023-09-12,1431.8589032630268,1435.6111505832064,1407.1733828270228,1411.1724853515625,1943026,INDUSINDBK,-0.014515119265892329,0.0037927712454450813,0.02897983256227299,1390.8661315917968,1384.3540673828124,1210.579398803711,1.0145997902303694,1.019372513579168,1.1657000662212464,1405.5575349054166,1393.4071478117503,12.150387093666268,8.994318577946947,3.156068515719321,56.669040963652165,0.012178264671571438,2215765.4,0.8769096222912408,0.020151872327002558,0.14062645699995632,1.004704045274556,1.1435466923944226,0.018122587384005184
2023-09-13,1411.9129265538947,1441.288693284293,1398.2371735443412,1436.74658203125,4302942,INDUSINDBK,0.018122587384005184,0.032939309935555716,0.05384944954140769,1394.536865234375,1386.0860009765624,1212.0222985839844,1.0302679103357952,1.0365493779022332,1.1854126641975258,1410.3558498478526,1396.617476272454,13.738373575398555,9.943129577437269,3.795243997961286,57.02536473313902,0.012587691170294388,2328344.5,1.8480693041772813,0.029964588242894045,0.8944959137219974,1.0060969263464594,1.143614273925437,0.002199267482923206
2023-09-14,1441.584939205297,1449.3855875806232,1432.2044416673796,1439.9063720703125,2407947,INDUSINDBK,0.002199267482923206,0.01295499282343937,0.0610856962689732,1398.6815673828125,1387.2452319335937,1213.4245928955079,1.0294740458792484,1.0379609451339167,1.1866467685761728,1414.9020840359235,1399.8240611463696,15.07802288955395,10.970108239860604,4.107914649693345,64.86980362209988,0.012470272883242118,2282268.3,1.0550674519731094,0.011932127148337029,0.44827803930098115,1.0082439176476956,1.1432479941941098,-0.005657479119744568
2023-09-15,1445.979015183192,1445.979015183192,1428.2547398509855,1431.7601318359375,1647901,INDUSINDBK,-0.005657479119744568,0.0007937078811983689,0.05708246519750948,1402.5473205566407,1388.4261889648437,1214.733657836914,1.0208283961982139,1.0312108365684185,1.1786617770890486,1417.4956298513102,1402.1896960122635,15.305933839046702,11.837273359697825,3.468660479348877,60.562655497970276,0.012576668144734151,2278656.9,0.72318961226677,0.012379360856681109,0.1977735009894827,1.0101706030209103,1.142988160414708,0.004758640969516614
2023-09-18,1435.7098198773767,1444.349751737024,1426.9711700462865,1438.5733642578125,1504046,INDUSINDBK,0.004758640969516614,0.0046201403577448286,0.04228063321893849,1405.4651428222655,1390.397080078125,1216.1610302734375,1.0235567716528804,1.034649299016782,1.1828806617281336,1420.7383582215411,1404.8847825489709,15.853575672570287,12.64053382227232,3.2130418502979676,64.96967246259604,0.012002513693496116,2265659.7,0.6638446188542789,0.012080427820032286,0.667614562453608,1.0108372370454732,1.1432672528287746,-0.011291161414545003
2023-09-20,1422.8733298328175,1457.0874836265898,1404.4086096443118,1422.3302001953125,5683215,INDUSINDBK,-0.011291161414545003,0.007906698124836353,0.02804831974775701,1407.405419921875,1391.8476000976561,1217.5696954345703,1.0106044641168612,1.0219008173707507,1.1681714858118737,1420.9832569867367,1406.1770357079592,14.806221278777457,13.073671313573348,1.7325499652041092,62.102854107661976,0.012371719276147016,2488574.95,2.28372265822253,0.03703702134359813,0.3402045107689621,1.0111778184789249,1.143135875766753,-0.020236653289825046
2023-09-21,1412.9991382509168,1425.4900352431762,1388.659191881291,1393.5469970703125,2514377,INDUSINDBK,-0.020236653289825046,-0.030067644149090356,0.007351873851600521,1407.9139404296875,1392.4469677734376,1218.8046551513671,0.989795581287454,1.0007899972654857,1.143371902281784,1416.7622939226715,1405.2414772903558,11.5208166323157,12.76310037732182,-1.2422837450061195,57.77622597451859,0.01329030468397755,2530215.75,0.9937401583244433,0.026429566738197952,0.13270956467099784,1.0111077642554547,1.1424693546157365,0.029476424055248307
2023-09-22,1398.1879257684132,1445.090416216153,1395.2256632138192,1434.623779296875,4397398,INDUSINDBK,0.029476424055248307,-0.003668705740806022,0.019471686643154573,1409.2839904785155,1394.055478515625,1220.2215582275392,1.0179806121332262,1.0291009227440837,1.1757076160666844,1419.510214749472,1407.4179441056535,12.092270643818438,12.628934430621145,-0.5366637868027073,58.400760209457594,0.01434395678369866,2572108.35,1.7096472627212613,0.03475806948269956,0.7900994933477732,1.0109238923397121,1.1424609482728632,-0.006986039832756363
2023-09-25,1433.24137292233,1436.2530547479598,1416.0602259157208,1424.6014404296875,2013653,INDUSINDBK,-0.006986039832756363,-0.004999923693272845,0.029689953108542166,1411.3378295898438,1395.3677612304687,1221.5063061523438,1.0093978993276884,1.0209505192906563,1.1662661365352085,1420.2934802387358,1408.6907956852117,11.602684553524114,12.42368445520174,-0.8209999016776255,54.73447767198605,0.013857656146312328,2579664.25,0.7805872411496961,0.014174370640920067,0.42298256400461054,1.0114450604371799,1.1423336532954758,-0.01365444950809036
2023-09-26,1421.8860272237246,1425.7862913761587,1393.892670169712,1405.1492919921875,2870137,INDUSINDBK,-0.01365444950809036,-0.023234179845161518,0.009649264992493523,1412.0092834472657,1396.277177734375,1222.7494659423828,0.9951416810530237,1.006354121086623,1.1491718713687826,1417.9636051238822,1408.428462078321,9.535143045561199,11.845976173273632,-2.310833127712433,49.85356325953391,0.01421954999382034,2669556.35,1.0751363236816485,0.022697674466482347,0.3529427326427345,1.0112671795856591,1.1419159988413923,0.009416224487517777
2023-09-27,1407.074573750289,1420.8984642994144,1400.4589029156823,1418.3804931640625,3697690,INDUSINDBK,0.009416224487517777,-0.00277692692646736,0.025925711730221623,1413.801446533203,1397.1846166992189,1224.1537658691407,1.0032388187479138,1.0151704192928475,1.1586620347134433,1418.0277417454483,1409.1656495661537,8.862092179294677,11.249199374477843,-2.387107195183166,55.857554868341,0.014245191826274239,2762862.6,1.338354647096819,0.014410492447013565,0.8768089447674763,1.0118930810111841,1.1413473173504698,-0.01632489119679692
2023-09-28,1418.923685061704,1427.16862460838,1391.7201938948056,1395.2255859375,5876746,INDUSINDBK,-0.01632489119679692,0.0012045441386019373,0.014758164897820114,1414.8160217285156,1397.6338940429687,1225.3143432617187,0.986153368713565,0.9982768677006665,1.1386674722369503,1414.5197177749947,1408.1330522603275,6.386665514667129,10.2766926025157,-3.890027087848571,44.212345790591534,0.014718020642744386,2981680.4,1.970951011382709,0.025406952876194162,0.09888708673786512,1.012293725673641,1.1406329336866692,0.011217279071834785
2023-09-29,1397.249885648559,1421.8365677459717,1381.6980076657346,1410.876220703125,2593595,INDUSINDBK,0.011217279071834785,-0.016553161139841843,0.03678846422267812,1417.3191345214843,1397.8175537109375,1226.4962811279297,0.9954541544939104,1.009342182717279,1.150330614460268,1413.9591797639378,1408.3362499227571,5.622929841180621,9.345940050248684,-3.723010209068063,45.76987098262075,0.014648824079502618,2906051.15,0.8924808498295015,0.02844938449684382,0.7269372139673933,1.0139514493567303,1.139683483121086,0.004584138050015563
2023-10-03,1413.986617168406,1420.3061345364474,1402.1375673038665,1417.3438720703125,1442499,INDUSINDBK,0.004584138050015563,-0.0050944553005547455,0.013307001568455767,1418.2497802734374,1398.0199755859376,1227.6898016357422,0.9993612491849283,1.013822332171095,1.1544804478964312,1414.479901657226,1409.0034811929465,5.476420464279499,8.572036133054848,-3.0956156687753484,46.93711824312396,0.01334485573109312,2838574.45,0.5081772648238978,0.012818743277904833,0.8369567380732799,1.0144703259186416,1.13874039983329,-0.023756422962219692
2023-10-04,1406.9265396918345,1410.5306498133623,1368.7627006634343,1383.6728515625,3978667,INDUSINDBK,-0.023756422962219692,-0.015284098673414737,-0.01441829927489835,1417.2376770019532,1397.9005004882813,1228.5772515869141,0.976316727967283,0.9898221304586331,1.1262400062961069,1409.7403554888065,1407.127138257358,2.613217231448516,7.380272352733582,-4.767055121285066,44.531710819579494,0.01439569508506632,2987573.2,1.3317387503676896,0.030186289412820304,0.3569758918625622,1.0138330135134206,1.1378205958824792,0.0003923229967794928
2023-10-05,1390.9795059989108,1397.5952970769338,1376.7607442023484,1384.2156982421875,1647175,INDUSINDBK,0.0003923229967794928,-0.024087186115808512,-0.015382083931561708,1416.1564392089845,1397.2320141601563,1229.37853515625,0.9774454713600441,0.9906842129395435,1.1259475081580614,1405.8134851431728,1405.4299945525306,0.38349059064216817,5.9809160003152995,-5.597425409673131,38.39943325212032,0.014390201822841902,2996435.05,0.5497115647475823,0.015051521884228826,0.3578168480367475,1.013544225194556,1.1365352283319088,0.023504838619356594
2023-10-06,1387.2768564376786,1419.911163307578,1383.4753103229816,1416.75146484375,2167139,INDUSINDBK,0.023504838619356594,0.015428242660691982,0.018563954665500537,1417.4474975585938,1397.614150390625,1230.4086700439452,0.9995089534419845,1.0136928453735077,1.1514478882802,1407.496251250954,1406.2686219815098,1.2276292694441509,5.03025865414107,-3.8026293846969192,45.47386445144483,0.015152657114418737,2902467.8,0.7466539335940264,0.025717886226865286,0.9132805134227622,1.014190860304631,1.1358942637658005,-0.004356012237778484
2023-10-09,1402.2362997716236,1426.8231026016088,1392.26337347285,1410.580078125,1613546,INDUSINDBK,-0.004356012237778484,-0.00020989975858931587,-0.007675665147884203,1416.901953125,1397.6309399414063,1231.457026977539,0.9955382410292701,1.0092650626238544,1.1454561931300977,1407.9706861546533,1406.5879891032498,1.382697051403511,4.300746333593558,-2.9180492821900472,45.827680288640735,0.014360417437870619,2869229.3,0.5623621646412157,0.024500366668085236,0.5300013950892877,1.0137883418525364,1.134940894666638,-0.005600203955320904
2023-10-10,1415.9613023674362,1418.281716935913,1394.2874659321296,1402.6805419921875,1874201,INDUSINDBK,-0.005600203955320904,-0.010345640438481851,-0.01953279087811033,1415.5047485351563,1397.7286938476564,1232.4951873779296,0.9909401882570581,1.003542782062304,1.1380819627996426,1407.1568178219663,1406.2985485765046,0.85826924546177,3.6122509159672007,-2.7539816705054307,42.959502184217506,0.014316243522180847,2819806.5,0.6646558903953161,0.017105998326393687,0.3497952929947456,1.0127178148132354,1.1340642204220306,0.0004575850907673207
2023-10-11,1412.949740460662,1413.8878625381449,1396.7561358267578,1403.3223876953125,1855211,INDUSINDBK,0.0004575850907673207,0.014200998531280984,-0.019997193663476298,1414.0729919433593,1398.1088525390626,1233.511651611328,0.99239741915071,1.0037289908770564,1.137664476749905,1406.566905494789,1406.078092214935,0.4888132798539573,2.9875633887445523,-2.498750108890595,46.028476460398004,0.014313462843194779,2801555.55,0.6622074654204162,0.012207976486089284,0.3832802133243372,1.0114183808902324,1.133437897171642,0.002146134613405737
2023-10-12,1415.270313102843,1425.835667689683,1403.1249887721883,1406.3341064453125,2069952,INDUSINDBK,0.002146134613405737,0.015979018465989814,-0.0034286233302264213,1413.831072998047,1398.2372192382813,1234.674296875,0.9946974099693275,1.0057907822046406,1.1390324638690454,1406.5310902564079,1406.0970562319999,0.43403402440799255,2.4768575158772403,-2.042823491469248,52.99422147726208,0.013960605890755604,2807901.85,0.7371881606189333,0.016148850272072884,0.1413043478260836,1.0111525094205835,1.1324745503954075,0.027698690590467256
2023-10-13,1403.3223373821818,1447.855110133086,1402.1374806828333,1445.2877197265625,4480890,INDUSINDBK,0.027698690590467256,0.02014203308832263,0.005944776763092907,1414.2581298828125,1399.6018334960938,1236.1374383544921,1.0219405419619694,1.0326420594322523,1.169196624002008,1412.4936486364318,1409.0000683427083,3.4935802937234257,2.6802020714464776,0.8133782222769481,52.52213970896901,0.014759112404801164,2816799.25,1.5907736413945723,0.03163219947575717,0.9438424424582802,1.0104717613509469,1.1322380425264043,-0.01181929048276753
2023-10-16,1444.448467998945,1444.448467998945,1426.2799014886368,1428.2054443359375,1913782,INDUSINDBK,-0.01181929048276753,0.012495119195477189,-0.008126172618814986,1413.6730834960938,1400.8884448242188,1237.6729071044922,1.0102798596149998,1.0194997678884747,1.153944177122849,1414.9108479748172,1410.4226887866512,4.488159188166037,3.0417934947903893,1.4463656933756477,50.82484111667015,0.015000048740808222,2792091.0,0.6854296654371222,0.01272125560252007,0.10598210080075333,1.0091260933153596,1.1318729179436962,-0.00719025759199321
2023-10-17,1436.5985566619836,1440.103828207073,1407.6177800743942,1417.936279296875,1373704,INDUSINDBK,-0.00719025759199321,0.010876130984907029,-0.009655145601334958,1412.9818908691407,1402.3004565429687,1238.9233532714843,1.0035063354029872,1.0111501231287143,1.144490718939708,1415.3762989474415,1410.9792510466677,4.397047900773714,3.3128443759870545,1.0842035247866595,53.05494295258366,0.01503273398595746,2778381.15,0.4944260437413348,0.02291079550400392,0.3176286380029415,1.007617079689544,1.1318702265479725,-0.010898407281020761
2023-10-18,1418.923611751512,1425.835556972292,1397.7927836838903,1402.4830322265625,3067244,INDUSINDBK,-0.010898407281020761,-0.0005981202011096087,-0.025087585331367346,1411.1773742675782,1402.5127514648439,1240.064057006836,0.993838944558243,0.9999788100049356,1.1309762784446473,1413.3927194519217,1410.3499015044376,3.0428179474840817,3.25883909028646,-0.21602114280237839,46.24183478063133,0.015158306046586672,2856541.05,1.0737615690837001,0.01999508916972868,0.16725337734738435,1.0061779280036383,1.1310002443342426,0.021121596470963233
2023-10-19,1433.2412709014957,1446.2751770629948,1405.1491977532603,1432.105712890625,13948984,INDUSINDBK,0.021121596470963233,0.018325379671302544,0.0068728855605892925,1411.6661499023437,1403.2059204101563,1241.295248413086,1.0144790345718038,1.0205955462844836,1.153718839028408,1416.2716415194145,1411.9614430885997,4.310198430814808,3.46911095839213,0.8410874724226778,58.4597774016906,0.015739784801918715,3269829.5,4.265966772885253,0.028717139342125796,0.6554619632117581,1.0060292145073864,1.1304368740668769,0.01292784318873208
2023-10-20,1429.7851979585648,1453.2858592328355,1424.946812339185,1450.6197509765625,5135316,INDUSINDBK,0.01292784318873208,0.003689252442419466,0.040955026293505226,1414.5197875976562,1404.4925268554687,1242.5359899902344,1.0255210027427164,1.032842626955352,1.1674669890149125,1421.5559660512836,1414.825021450671,6.7309446006124745,4.121477686836199,2.6094669137762754,58.99839422473668,0.015181709345627405,3400876.45,1.5099978124756634,0.019535820379236183,0.9059210330439748,1.0071394190787455,1.130343537869279,-0.02321138838405623
2023-10-23,1450.5211598466085,1451.2617254489803,1412.0611677773115,1416.9488525390625,3319090,INDUSINDBK,-0.02321138838405623,-0.007881633445326108,-0.012320252189375491,1413.6360412597655,1405.0168481445312,1243.6623406982421,1.0023434683204206,1.0084924279806955,1.1393356590210253,1420.8471793570957,1414.9823422720335,5.864837085062163,4.470149566481392,1.3946875185807714,49.92037182127066,0.014749630997422606,3346961.05,0.9916727295048743,0.027665471199912698,0.12468406196382796,1.0061345834582816,1.129741411447498,-0.015540103095847635
2023-10-25,1426.7736422110352,1428.7484838185994,1392.3127525868529,1394.9293212890625,4045910,INDUSINDBK,-0.015540103095847635,-0.016225664258496253,-0.020828365252582692,1412.1524353027344,1404.6712524414063,1244.6480712890625,0.9878036438679656,0.9930646184041912,1.1207419618979975,1416.8598165773983,1413.496933310332,3.3628832670663087,4.248696306598375,-0.8858130395320662,52.38092533159135,0.015067698412421475,3448573.9,1.1732124980705794,0.02612012714599481,0.07181326170091544,1.0053259314934546,1.1285690186998887,0.0013803832781975611
2023-10-26,1394.8800167990432,1411.320597220953,1376.1190216047987,1396.8548583984375,4194418,INDUSINDBK,0.0013803832781975611,-0.004013006716516054,-0.005902884228045524,1411.7377136230468,1405.0148754882812,1245.5721301269532,0.9894577759870037,0.9941922201449946,1.121456417185623,1413.782130703712,1412.264187020562,1.5179436831499515,3.7025457819086904,-2.184602098758739,52.65784039814726,0.014772355532313366,3514787.95,1.193363030620382,0.025200596471787066,0.5890599051516018,1.0047848875140408,1.128007637217346,0.018838621047650328
2023-10-27,1402.1375660300175,1426.3293761481411,1394.9293458217303,1423.169677734375,2424655,INDUSINDBK,0.018838621047650328,-0.006239787381486783,0.0033765160994487786,1411.9771728515625,1406.0496948242187,1246.7149340820313,1.0079268313241982,1.012175944401664,1.1415357583586412,1415.2263687084294,1413.0720011475112,2.1543675609182174,3.392910137710596,-1.2385425767923786,51.385921997406236,0.015237840916004965,3451136.2,0.7025671719360134,0.02206344810296854,0.8993727591686914,1.0042156959666244,1.1278036834134078,0.009262428115333954
2023-10-30,1421.885945806371,1442.5230645434303,1410.0368962579846,1436.3516845703125,2255111,INDUSINDBK,0.009262428115333954,-0.009835841816330348,0.029476307664741075,1414.0334777832031,1407.5100903320313,1247.9590533447265,1.0157833652015777,1.02049121667858,1.150960586984536,1418.476417302565,1414.7964221417928,3.6799951607722505,3.4503271423229274,0.22966801844932316,55.40147296385237,0.014839386878568894,3270054.45,0.6896249082335616,0.022617140798051858,0.8100305361071868,1.0046347003094187,1.127849576922963,-0.009177422895480403
2023-10-31,1437.684715591342,1441.6343988759336,1418.4794288339226,1423.169677734375,1454345,INDUSINDBK,-0.009177422895480403,0.004390296222877232,0.008713349088216527,1414.6481506347657,1408.8332373046876,1249.3030584716796,1.0060237784892205,1.010176108889307,1.139170890588704,1419.1984573689974,1415.4166632967988,3.781794072198636,3.5166205282980694,0.2651735439005667,54.20129007066103,0.014841426084576982,3213091.95,0.4526309930221573,0.01626999956805761,0.20255905716754052,1.0041274674504435,1.1276953400147498,-0.006036227658778426
2023-11-01,1425.7370055072936,1427.4155727573227,1409.1977060831953,1414.5791015625,2658439,INDUSINDBK,-0.006036227658778426,0.014086577702215886,-0.001950670237684804,1414.509912109375,1410.03591796875,1250.4246405029296,1.0000489140815012,1.0032220339466917,1.131278971752785,1418.487787244921,1415.3546216868508,3.133165558070232,3.439929534252502,-0.30676397618227025,52.23531898533996,0.014878995530529982,3273888.95,0.8120125760527094,0.012878648252334951,0.29539108917441215,1.0031729646625385,1.1276456591591346,0.019963614811991937
2023-11-02,1428.797886826815,1461.3333537275903,1420.997238458679,1442.8192138671875,4524652,INDUSINDBK,0.019963614811991937,0.03290560589913438,0.04274591514742587,1417.4672302246095,1411.2879638671875,1251.6439599609375,1.0178854107537716,1.0223421801980077,1.1527393252568536,1422.2310836483466,1417.3890359224313,4.842047725915336,3.720353172585069,1.1216945533302667,56.5852719190324,0.0144081102702175,3301188.2,1.3706131628605724,0.02795645835682934,0.5410033976506307,1.0043784589081945,1.1275474567953272,-0.0074938396685160225
2023-11-03,1452.4959387895135,1456.4456218317694,1429.7852612965437,1432.0069580078125,3052041,INDUSINDBK,-0.0074938396685160225,0.0062095759990516974,0.034525876152333046,1419.8567932128906,1412.2576098632812,1252.8790533447266,1.0085573170850761,1.0139842391406502,1.1429730221643344,1423.7350643190337,1418.4718449657928,5.263219353240856,4.028926408716226,1.23429294452463,47.33188543558081,0.014567024366165183,3371431.5,0.9052656119514811,0.01861747974487161,0.08333333333333333,1.0053808761918055,1.1272098500594072,0.013790724252772613
2023-11-06,1444.596570590142,1453.3846394532477,1437.6846252763137,1451.75537109375,2090640,INDUSINDBK,0.013790724252772613,0.01072417478874299,0.024707160796096694,1421.6069885253905,1413.625185546875,1254.2329107666017,1.0212072554592826,1.026973334895787,1.1574846734060107,1428.045880745913,1420.9372913456414,7.10858940027174,4.644859007027329,2.4637303932444103,54.68105106182051,0.013954256512262947,3367606.55,0.6208088649786003,0.010814503937468236,0.8962250389626162,1.0056463361435002,1.1270834734218949,0.010984563743716702
2023-11-07,1451.0642544830007,1471.701252343254,1445.8308761386295,1467.7022705078125,2830149,INDUSINDBK,0.010984563743716702,0.031291133777056945,0.04049553319847088,1424.4630981445312,1414.834775390625,1255.543193359375,1.0303547156957618,1.0373665505236052,1.168977919892009,1434.1468637862054,1424.4013638761726,9.745499910032777,5.6649871876284195,4.080512722404357,59.673704696960996,0.014047536118153238,3428436.7,0.82549256341819,0.017626446946677837,0.8454223547500365,1.0068052630041184,1.1268706507858515,0.0017154857059353823
2023-11-08,1475.1571965747314,1477.132038095249,1462.617001133349,1470.2200927734375,3210977,INDUSINDBK,0.0017154857059353823,0.03933395534366246,0.04815034411564989,1427.8400756835938,1416.5686840820313,1256.8423803710937,1.0296812071684946,1.0378742021437342,1.1697728495910062,1439.6965913227025,1427.7953437944886,11.901247528213844,6.912239255745504,4.9890082724683396,63.86420374934289,0.013931788396867626,3495275.5,0.9186620625470009,0.009872696634500971,0.5238079420703868,1.0079568267520094,1.1270853897079576,0.012357727384400663
2023-11-09,1470.2201056205251,1497.2261600773966,1466.1717045750406,1488.388671875,3207721,INDUSINDBK,0.012357727384400663,0.03158362293060457,0.060617777444135656,1432.0933898925782,1418.5020532226563,1258.2758740234376,1.0393097841102699,1.0492679009477428,1.1828794484597074,1447.1876806384405,1432.283738467119,14.903942171321432,8.510579838860691,6.393362332460741,62.08652533433436,0.014095551433424697,3562901.0,0.9003115719465683,0.02086447988295628,0.7154196375548715,1.0095814712703757,1.1273378775728113,-0.005672162770403721
2023-11-10,1481.081726513111,1490.462223769624,1474.3673376398322,1479.9462890625,2247500,INDUSINDBK,-0.005672162770403721,0.03347702382771933,0.0523433103697184,1435.7739990234375,1420.450234375,1259.7030493164064,1.030765489602895,1.0418853496220362,1.1748374268567592,1452.2274665498342,1435.8142977704806,16.413168779353555,10.091097626959264,6.32207115239429,56.58248692369024,0.014229453611832822,3571778.4,0.6292383648436869,0.010875317738718351,0.3466288222034168,1.0107879630539678,1.1276072048454795,0.00720579162171342
2023-11-13,1483.1060993674678,1496.929991105913,1477.3297115694286,1490.6104736328125,2026629,INDUSINDBK,0.00720579162171342,0.026764221653810205,0.0313589836041952,1438.04013671875,1422.7637622070313,1261.2931799316407,1.0365569329893773,1.0476865613448965,1.1818112532041125,1458.1325445626,1439.873273760283,18.259270802317133,11.724732262030837,6.534538540286295,68.43798009525823,0.013016983497198752,3449065.35,0.5875878808732922,0.013149162630473056,0.6775802374993103,1.0107371124550022,1.1280198647265673,-0.010367059230873998
2023-11-15,1519.1468705401785,1519.1468705401785,1471.5038178891782,1475.1572265625,6293703,INDUSINDBK,-0.010367059230873998,0.005079338094985841,0.03287466968619013,1440.3877258300781,1425.0506274414063,1262.7967663574218,1.0241389870997302,1.0351612764881604,1.1681667754167908,1460.7517264087385,1442.4868998937804,18.26482651495803,13.032751112616277,5.232075402341755,70.76411456315955,0.012941872091581227,3668061.4,1.7158117909367603,0.03229693201044135,0.07668292584197135,1.0107624936920372,1.128487707132804,0.003146099363084298
2023-11-16,1481.1312117570656,1487.6481649818431,1474.219266102199,1479.7982177734375,2728834,INDUSINDBK,0.003146099363084298,0.006514755883883838,0.04362815126448316,1443.4808227539063,1426.67197265625,1264.3125695800782,1.025159596474752,1.0372378837850682,1.1704370053561435,1463.6819558494612,1445.2507012181995,18.43125463126171,14.112451816345363,4.318802814916346,71.1693568487483,0.01277353532880217,3735817.9,0.7304515565386632,0.009074817578743753,0.4154437174067319,1.011781860455533,1.1284171390703623,-0.00013347074165437345
2023-11-17,1471.800179807412,1490.0180460733268,1466.863075612338,1479.6007080078125,4182376,INDUSINDBK,-0.00013347074165437345,-0.0059043474552361586,0.05498653032459089,1447.3367065429688,1428.1856884765625,1265.7902703857421,1.0222919803795398,1.0360002343855539,1.1689145845282196,1466.1309946430538,1447.7951461655782,18.335848477475565,14.957131148571404,3.3787173289041608,66.61818469402795,0.012413622455711955,3791574.5,1.1030710328914808,0.0156494724121655,0.5501035908007189,1.0134093334087633,1.1282956757451859,0.004237725467166609
2023-11-20,1480.0450428547392,1490.462259844568,1471.9481200743892,1485.870849609375,2125867,INDUSINDBK,0.004237725467166609,0.004003226732389065,0.037542715062722554,1450.0249633789062,1429.7862963867187,1267.5735327148439,1.0247208752509607,1.0392258293175631,1.172216689020786,1469.1678954071033,1450.6155686428965,18.552326764206782,15.676170271698481,2.8761564925083007,65.20157419058918,0.011649291046611072,3200418.65,0.6642465353712397,0.012460127187397283,0.7520052083333336,1.0141550293518224,1.1279710876610474,-0.0018274347544834368
2023-11-21,1486.5620712545044,1488.4874936742372,1475.3054495970348,1483.155517578125,1661103,INDUSINDBK,-0.0018274347544834368,-0.005001277118708791,0.022428873300297525,1451.6517517089844,1431.63080078125,1269.537338256836,1.0217020134698644,1.0359902265086485,1.168264589692653,1471.3198372795682,1453.0259352306912,18.293902048877044,16.199716627134194,2.09418542174285,69.67930286016355,0.011378818735737085,3026708.0,0.5488150822609912,0.008887836724450577,0.5955121933377902,1.0139847165322295,1.1276791612501762,-0.021071258377565072
2023-11-22,1481.1311959461766,1486.5620103313124,1440.59752400321,1451.903564453125,3914008,INDUSINDBK,-0.021071258377565072,-0.0157635143499667,0.02466900047339493,1453.3994873046875,1432.239052734375,1271.4784478759766,0.9989707421361923,1.0137299089011762,1.141901828441175,1468.3327183831925,1452.9427966545752,15.38992172861731,16.03775764743082,-0.6478359188135094,60.65987901032791,0.01114511958153185,3056453.9,1.2805715800261213,0.03165808491242003,0.24597338843755315,1.0147743734049939,1.1264359652552125,0.010677321680168994
2023-11-23,1456.4456592425363,1477.428350943488,1451.9528464526622,1467.406005859375,3832098,INDUSINDBK,0.010677321680168994,-0.008374257898964288,0.051957245047610234,1457.0233215332032,1432.9746801757813,1273.526859741211,1.0071259561688046,1.0240278674563672,1.1522379717672868,1468.1901472256823,1454.0141454845602,14.176001741122036,15.665406466169063,-1.4894047250470273,57.572988927114466,0.010590910039661032,3045763.3,1.2581732795847924,0.01736091060626833,0.6065889455605358,1.0167823212022644,1.1252017727109196,-0.006661764130907688
2023-11-24,1472.688659913835,1473.1330715814067,1455.4582156829183,1457.6304931640625,2813844,INDUSINDBK,-0.006661764130907688,-0.014848745830441934,0.04350891175286975,1460.0621032714844,1433.4881396484375,1275.727107849121,0.9983345844659802,1.0168416834767435,1.1425880066322578,1466.5655850623561,1454.2820230904492,12.28356197190692,14.989037567316636,-2.705475595409716,57.94304535120621,0.01079001366971588,2976734.6,0.9452787628430159,0.01212574516064206,0.12290213247678966,1.0185379724380308,1.1236636196163472,0.000914586988310484
2023-11-28,1461.3827557461982,1468.0972652702887,1449.5337063752831,1458.963623046875,4305915,INDUSINDBK,0.000914586988310484,-0.018108724974027046,0.025150862804695473,1461.8518005371093,1434.4439624023437,1277.7677365112304,0.9980243021288662,1.017093494961955,1.1418065907896338,1465.3960524445897,1454.6288082724068,10.767244172182927,14.144678888289896,-3.3774347161069684,52.522482344759474,0.010053387865180275,3070797.6,1.402213874336752,0.01272379831941099,0.5079800012986146,1.0191069423784698,1.1226171403567413,0.004060800730934178
2023-11-29,1465.332474742131,1470.8127084242435,1452.7428594773312,1464.88818359375,3477076,INDUSINDBK,0.004060800730934178,-0.01231653307281233,0.01986734817801561,1463.2786254882812,1435.0067944335938,1279.7029580688477,1.0010999669355054,1.0208231691139487,1.144709539317123,1465.3179187752298,1455.3887619999139,9.92915677531596,13.30157446569511,-3.37241769037915,48.940940175730525,0.009902457030543262,3131895.85,1.110214440879316,0.012335309376707715,0.6721320223594972,1.0197015311456046,1.121359285282195,-0.011762393207406019
2023-11-30,1481.1311815841932,1481.1311815841932,1431.8095614513452,1447.6575927734375,45549217,INDUSINDBK,-0.011762393207406019,-0.0029244171470070857,0.017206602573240692,1464.5030212402344,1435.1618188476561,1281.4270089721679,0.988497511973358,1.0087068745570549,1.129723021785379,1462.600945544185,1454.8160827979527,7.784862746232193,12.198232121802526,-4.413369375570333,42.3553517335623,0.01005835017201794,5336639.45,8.535187251595197,0.03406994884636853,0.32132016911459044,1.0204445254933951,1.1199715698194928,-0.0034444112681695227
2023-12-01,1460.3954204898318,1474.2193122321291,1439.8077201091503,1442.6712646484375,4063279,INDUSINDBK,-0.0034444112681695227,-0.016856099206471353,0.019859025949773956,1465.9076293945313,1435.3800415039063,1283.0589797973632,0.9841488206486168,1.0050796464585727,1.1243998034106601,1459.534840790993,1453.9164666387294,5.618374152263641,10.88226052789475,-5.26388637563111,32.99055598600792,0.009980657774120256,5406881.45,0.7515014038267844,0.02385269116132604,0.08321453215688415,1.021267947866016,1.1187171159743565,0.03668587603883888
2023-12-04,1471.256977245269,1498.4604682263605,1454.9151149552497,1495.596923828125,4254987,INDUSINDBK,0.03668587603883888,0.026046677015962416,0.03657957244655585,1468.5465148925782,1436.5205126953124,1284.9436141967774,1.0184198516432592,1.041124655450947,1.1639397303538705,1465.0828535659364,1457.003907912018,8.078945653918481,10.321597553099497,-2.2426518991810163,54.37482426998681,0.012121100697463175,5393398.2,0.7889250602709067,0.02911570128109936,0.9342399548257828,1.0222941488925739,1.1179638521284736,-0.005314836111535048
2023-12-05,1500.682097452495,1506.3103474887955,1467.800938408453,1487.6480712890625,3457904,INDUSINDBK,-0.005314836111535048,0.019660838549410364,0.038855337238484555,1471.3285705566407,1437.8268701171876,1286.6984030151368,1.0110916766376987,1.0346503478320823,1.1561746465240321,1468.5544255233403,1459.273845939947,9.280579583393319,10.113393959158262,-0.8328143757649435,49.15915491396132,0.012042066561185833,5413691.35,0.6387331261506071,0.02588610157439568,0.5153839893830167,1.023300232549363,1.117454460771778,-0.0033186691221076536
2023-12-06,1497.9173641038974,1502.212620507064,1474.5648379131885,1482.7110595703125,3405245,INDUSINDBK,-0.0033186691221076536,0.012166714276333535,0.021322937109742313,1472.8763549804687,1439.6101513671874,1288.4412045288086,1.0066772099073953,1.0299392916632273,1.1507789834403424,1470.7323692228745,1461.0099358384928,9.722433384381702,10.035201844202952,-0.3127684598212497,52.28019570749409,0.011763074452778034,5479421.6,0.6214606665783848,0.01864677707461613,0.29464285714285565,1.0231077862167675,1.1173270043732126,0.002097746248282073
2023-12-07,1486.0682663265543,1495.8930548235792,1477.2308986044975,1485.8214111328125,1931490,INDUSINDBK,0.002097746248282073,0.026362462055865343,0.01234524262112835,1473.7823120117187,1440.6341040039063,1290.2183590698241,1.0081688448985797,1.031366262261402,1.1516046107141176,1473.053760285942,1462.8478228973313,10.205937388610664,10.069348953084495,0.1365884355261695,51.835115562220324,0.01153652599829564,5434488.65,0.35541338374126513,0.012560161052500497,0.46031725527682466,1.0230094566800028,1.1165816188218896,0.0027911125088719846
2023-12-08,1491.0053458700763,1501.817554965627,1475.2560329802536,1489.968505859375,2568088,INDUSINDBK,0.0027911125088719846,0.032784489696246366,0.013432283494836383,1474.7697326660157,1441.9414453125,1292.0186904907227,1.0103058618960696,1.033307219723105,1.1532097150184946,1475.656028835701,1464.8567623760011,10.799266459699766,10.21533245440755,0.5839340052922157,53.084571585463905,0.011544130243614028,5402344.2,0.4753654904106258,0.017826901629745175,0.5539017262347781,1.0227667270819039,1.1160376052801797,0.00854903504245752
2023-12-11,1493.770213037105,1518.6037493732435,1491.0053866228388,1502.706298828125,2194782,INDUSINDBK,0.00854903504245752,0.004753536789714019,0.009619548457788563,1475.485614013672,1443.8925854492188,1293.918116760254,1.018448627730369,1.040732748385579,1.161361201581009,1479.8176088345353,1467.660431742825,12.15717709171031,10.603701381868103,1.553475709842207,54.823175414521145,0.011372358877803043,5351697.25,0.41010952179703364,0.018365772986994926,0.42397124463894426,1.0218804562630426,1.115907233036102,-0.016328775313419697
2023-12-12,1509.6676931038012,1509.6676931038012,1471.207580422272,1478.1689453125,1621785,INDUSINDBK,-0.016328775313419697,-0.006371887383518571,-0.001200951523129823,1475.396746826172,1445.0883544921876,1295.7009609985353,1.0018789511989175,1.0228917427211135,1.14082569188908,1479.5639682926837,1468.4388401553936,11.125128137290176,10.707986732952516,0.41714140433765934,48.73017392731559,0.01191540131102556,5320411.5,0.30482322654929983,0.026018753000793354,0.1810021969480925,1.0209733835580144,1.1152946536201738,0.006613175480380207
2023-12-13,1483.1059502086955,1493.6220051876332,1476.194005034621,1487.9443359375,2562565,INDUSINDBK,0.006613175480380207,0.003529532158952131,-0.0017886213349989077,1475.2634399414062,1446.9427294921875,1297.6970126342774,1.008595682406796,1.0283367168648772,1.1466038077078005,1480.8532556226555,1469.8836916948087,10.96956392784682,10.760302171931379,0.20926175591544194,60.30489643656914,0.011897279958848896,5347208.3,0.47923418281648017,0.011712803854340162,0.6742214138004878,1.0195727929461023,1.1150081378047922,0.029729909329867965
2023-12-14,1503.8418577753764,1534.9456125488002,1496.5349198486351,1532.1807861328125,3427500,INDUSINDBK,0.029729909329867965,0.031201175762203492,0.03865591988671757,1478.1146179199218,1449.3688208007814,1299.940617980957,1.0365777914360765,1.0571365715500056,1.1786544438564943,1488.7497987780644,1474.498291282809,14.251507495255282,11.45854323659616,2.792964258659122,65.90688759374584,0.013351905410238736,5203898.15,0.6586408690569779,0.025069295378068776,0.9280193555068107,1.0198333210336747,1.114950022141714,0.012309163156165148
2023-12-15,1533.415091608975,1558.1500309993928,1527.5894052846356,1551.0406494140625,3478643,INDUSINDBK,0.012309163156165148,0.040988882190810205,0.04814334196713599,1481.676739501953,1452.0427563476562,1302.3153927612304,1.046814469082794,1.0681783595101684,1.1909869591001863,1498.333006568218,1480.1680955888278,18.164910979390243,12.799816785154977,5.365094194235265,71.95918179939852,0.013549695906130593,5241388.6,0.6636872908068675,0.019703304182454588,0.7673679311514451,1.0204084783486924,1.114970125070062,-0.009199185432222645
2023-12-18,1550.250656901983,1550.250656901983,1532.4770824916416,1536.7723388671875,1352458,INDUSINDBK,-0.009199185432222645,0.022669792537389766,0.03863990504326864,1484.5353210449218,1455.10474609375,1304.6627774047852,1.035187453664287,1.0561248892855826,1.17790770571696,1504.2467499988286,1484.361002498336,19.8857475004927,14.217002928222522,5.668744572270176,67.24288206890023,0.013789837159513133,5099892.7,0.2651934225988715,0.011565522075600927,0.24166531032985647,1.020225743218953,1.1153109993589467,0.006553851269326172
2023-12-19,1536.7723516405038,1566.098821982181,1522.800323089289,1546.8441162109375,2297704,INDUSINDBK,0.006553851269326172,0.04645962230245537,0.041035374385056445,1487.583984375,1458.357314453125,1307.1442739868164,1.0398364949195358,1.060675666299925,1.183376729710969,1510.8001909545376,1488.989381291862,21.810809662675638,15.735764275113144,6.0750453875624935,67.83412199655845,0.013819428046684432,5108484.55,0.4497819221162174,0.02799150763746885,0.5553031568398225,1.0200408155341785,1.1156819820700477,-0.006638784691645139
2023-12-20,1558.150072234968,1561.1123347297114,1530.0085785349067,1536.574951171875,3218717,INDUSINDBK,-0.006638784691645139,0.03268308770686268,0.036017418915704535,1490.2549560546875,1460.7537841796875,1309.5570883178711,1.031081926571689,1.0519055078366724,1.1733546898254041,1514.7655386802817,1492.514238320011,22.25130036027076,17.03887149214467,5.212428868126093,69.95350279492743,0.013932856488060008,5186365.25,0.6206113231226821,0.020242264245608873,0.2111118861607157,1.0201958551773096,1.1154563609411094,0.008900092487683642
2023-12-21,1522.7015467358149,1554.2002934352608,1508.3346468397197,1550.2506103515625,2400593,INDUSINDBK,0.008900092487683642,0.011793532709908128,0.06773662404739733,1495.1723083496095,1463.5471948242186,1312.024606628418,1.0368374278298058,1.0592419676208376,1.1815712925806527,1520.2247804758633,1496.7910066186444,23.433773857218966,18.31785196515953,5.115921892059436,73.23520633772293,0.01291071388125307,5110694.5,0.4697195263774816,0.02958595616043001,0.9138858082929041,1.0216085368734482,1.1154876116120844,-0.004872574077417702
2023-12-22,1554.496650575181,1571.085248088322,1538.3029249636063,1542.6968994140625,2214206,INDUSINDBK,-0.004872574077417702,-0.005379452822949604,0.05130883562834665,1498.9368530273437,1466.3475219726563,1314.4751113891602,1.0291940559726305,1.0520677235766693,1.1736219925714024,1523.6820295432788,1500.1914431220086,23.49058642127011,19.352398856381647,4.138187564888462,62.65252330356048,0.012915123287790153,5029799.9,0.44021751243026586,0.021250009082903393,0.13403487098031283,1.0222248345404814,1.1155384451691859,0.005408547850954459
2023-12-26,1543.2892996634705,1562.840279825278,1537.4141940849522,1551.0406494140625,1129332,INDUSINDBK,0.005408547850954459,0.009284596153905644,0.06408356348750344,1503.6073608398438,1469.3018872070313,1316.8562344360353,1.0315463263944948,1.0556310196826921,1.1778359769685265,1527.8910479849378,1503.958050995494,23.932996989443836,20.268518482994086,3.6644785064497505,66.99317147490645,0.012741222864483008,4945574.3,0.2283520439678765,0.016392920295113488,0.5359242263349533,1.023348145082712,1.115764841130348,0.01696583340711655
2023-12-27,1553.3610929835124,1579.873317994148,1547.58470527155,1577.3553466796875,1887827,INDUSINDBK,0.01696583340711655,0.0197248256298046,0.08114782422440747,1509.5269470214844,1472.7223120117187,1319.3611172485353,1.0449335467591607,1.0710473616204277,1.1955448179109498,1535.5009400918225,1509.3948877128416,26.10605237898085,21.43602526219144,4.670027116789409,72.76182412596117,0.013091290607988719,4824669.9,0.39128625152158075,0.02047009431994194,0.9220167389632614,1.0249908857288181,1.1162389832156119,0.008200549540907653
2023-12-28,1579.8731902814284,1598.337909978939,1571.9738243300212,1590.29052734375,3143161,INDUSINDBK,0.008200549540907653,0.03495799285996992,0.08560540330276645,1515.7970642089845,1475.6223681640624,1321.8117630004883,1.0491447469412007,1.077708336261096,1.2031142193301563,1543.9301073613497,1515.3871573151312,28.542950046218493,22.85741021899685,5.685539827221643,73.99093861728973,0.013125164141852188,4807974.15,0.6537391637182575,0.016578156755390813,0.6947596536305687,1.0272255943740582,1.1163634713118507,-0.007202521404457873
2023-12-29,1594.6845776929715,1598.5355428853748,1567.0862147944815,1578.83642578125,1779207,INDUSINDBK,-0.007202521404457873,0.018439480196821068,0.0906145442559374,1522.356005859375,1478.6349877929688,1324.2334622192384,1.037100664827733,1.0677661754357939,1.1922644086755905,1549.3003101951804,1520.0871031274364,29.21320706774395,24.12856958874627,5.084637478997681,69.74551281494918,0.012870493991747282,2619473.65,0.6792230950672095,0.019919307394577798,0.37362359389073824,1.0295684996144079,1.1165969067984236,-6.254915404779737e-05
2024-01-01,1578.836388868291,1591.1298497514376,1571.776426804504,1578.7376708984375,1341121,INDUSINDBK,-6.254915404779737e-05,0.023362185726868212,0.09431560022314422,1529.159326171875,1481.851015625,1326.3926669311522,1.0324219614516414,1.065382183668831,1.190249094599664,1553.8291349187584,1524.431589628992,29.397545289766413,25.1823647289503,4.215180560816112,67.89864897096612,0.012783596268436472,2483365.75,0.5400416752949098,0.012258795937845691,0.35969058874086707,1.031925146352801,1.1172038662227592,-0.014541693629306462
2024-01-02,1574.0474357326812,1578.1452560621633,1550.2506191256664,1555.7801513671875,1227193,INDUSINDBK,-0.014541693629306462,0.0030556916447777027,0.04024027234892791,1532.1684875488281,1484.9169580078126,1328.4588150024415,1.0154106183557745,1.0477219907667066,1.1711165854730154,1554.1292912954398,1526.7537053133028,27.375585982136954,25.621008979587632,1.754577002549322,68.40747867244242,0.011026267190282015,2331976.05,0.5262459706650933,0.017929677860964915,0.19822922428097126,1.031820991258938,1.1177741765408689,0.01621606862199787
2024-01-03,1555.6814222199453,1584.7609156654355,1538.4015587551094,1581.0087890625,2620296,INDUSINDBK,0.01621606862199787,0.0023161822036505963,0.06275726065543141,1536.8365234375,1487.89501953125,1330.7731948852538,1.0287423320251383,1.0625808731859219,1.1880377476334898,1558.2645986442183,1530.772600405836,27.491998238382166,25.99520683134654,1.4967914070356265,70.56513219794732,0.011318421957750147,2290095.65,1.1441862701236956,0.029322643385060573,0.919064308631517,1.032893116291006,1.118068071441388,0.029603700663329846
2024-01-04,1572.9612299871114,1634.181315523333,1572.9612299871114,1627.8125,4271262,INDUSINDBK,0.029603700663329846,0.02359441373201321,0.09786225002714799,1544.0915954589843,1491.4388745117187,1333.7352279663087,1.054220167240875,1.091437622968577,1.2204914932644486,1568.964275775877,1537.960741116515,31.003534659362003,26.996872396949634,4.00666226241237,70.89535718000762,0.012650189881861132,2333396.5,1.830491303128294,0.037608806626206415,0.8959685294858845,1.0353033046456588,1.1182420942617508,-0.003245284603570764
2024-01-05,1633.1939778445942,1633.1939778445942,1608.508458227838,1622.52978515625,2294140,INDUSINDBK,-0.003245284603570764,0.027674405442843275,0.09200861758965306,1550.9270141601562,1495.5504931640626,1336.6518020629883,1.0461677244269727,1.0849047174084665,1.213876181255311,1577.2051233728575,1544.2251147490879,32.98000862376966,28.19349964231364,4.7865089814560235,66.60547774146517,0.012765147936149478,2351529.0,0.9755950277457773,0.015214216615677715,0.5679980468749993,1.0370275167901126,1.1188781482625691,-0.009797947059547507
2024-01-08,1612.4581309175048,1629.2937034009406,1601.5965023565177,1606.63232421875,1791003,INDUSINDBK,-0.009797947059547507,0.017668960356433505,0.07829951968822746,1556.760205078125,1499.7845532226563,1339.58484954834,1.0320358389030906,1.0712420799150817,1.199350921862433,1581.7323850414564,1548.8478710061,32.88451403535646,29.131702520922204,3.7528115144342564,66.1051691949906,0.013157552697616778,2312674.75,0.7744292620481976,0.017239290301152784,0.18181699494311598,1.0379892243409512,1.1195890680073979,-0.0012291122340468696
2024-01-09,1611.4214014617762,1623.2211528926755,1600.6091914116762,1604.6575927734375,1619091,INDUSINDBK,-0.0012291122340468696,0.031416676297931545,0.06784512317864011,1561.8577697753906,1503.9406079101564,1342.6376815795898,1.0274031501627718,1.0669687249174256,1.1951531040642223,1585.259340077146,1552.9819244703472,32.27741560679874,29.760845138097512,2.5165704687012287,63.8448999828111,0.013155738307000772,2283890.2,0.7089180556928699,0.014091455761548185,0.1790380443184089,1.0385102719885426,1.1201388345817886,0.009260913836104168
2024-01-10,1599.621635995957,1622.0854583533076,1599.621635995957,1619.5181884765625,1629958,INDUSINDBK,0.009260913836104168,0.02435748598013654,0.09562455199204578,1568.9252319335938,1507.867578125,1345.751630859375,1.032246888196588,1.07404536842048,1.2034302254141538,1590.5299321385946,1557.9105366189556,32.619395519639056,30.332555214405822,2.286840305233234,69.4354580814053,0.012359441178449088,2284298.85,0.7135484921335927,0.013870682353053259,0.8857153588598873,1.0404927161339443,1.120464982949417,0.01079166325283154
2024-01-11,1623.270310722963,1647.215264160853,1621.8880180863162,1636.9954833984375,1914421,INDUSINDBK,0.01079166325283154,0.005641302913227175,0.10017252921429054,1576.3777893066406,1511.8804541015625,1349.0418469238282,1.0384537859534668,1.0827545782190993,1.2134504849728862,1597.6784784862627,1563.7686808248432,33.90979766141959,31.048003703808575,2.861793957611013,69.97046924338537,0.012429516135422834,2251891.65,0.8501390375509408,0.015471787388170972,0.5964906436199519,1.0426603406572947,1.1207068613542637,0.009741565921096207
2024-01-12,1636.9955131365978,1656.7439287018606,1626.677014217653,1652.9423828125,2161848,INDUSINDBK,0.009741565921096207,0.01874393797542595,0.0788168065887882,1582.415869140625,1516.475908203125,1352.311441040039,1.0445688867555254,1.0899892137232001,1.2223089538762246,1606.1806176133762,1570.3741402313362,35.80647738203993,31.999698439454846,3.8067789425850833,74.43643363156069,0.011051569304626908,2188609.05,0.9877725763767632,0.01818993498917263,0.8735638174193991,1.0434823663078383,1.1213954583101287,0.008870973459379039
2024-01-15,1663.6066089087324,1673.1845424367182,1647.067310540001,1667.6055908203125,2930339,INDUSINDBK,0.008870973459379039,0.03795097713548845,0.07515273145825341,1588.2441162109376,1521.5364379882812,1355.6138174438477,1.0499680583100204,1.0960010875751083,1.2301479738269105,1615.6306134913664,1577.5764699045938,38.054143586772625,33.210587468918405,4.84355611785422,75.13307448380998,0.010939363915399564,2161193.85,1.3558890147683882,0.015661516152551288,0.7863880966226391,1.0438423139644653,1.122396672569551,-0.012908182219123376
2024-01-16,1667.6055343336818,1670.4690786582246,1642.130150925629,1646.079833984375,1316138,INDUSINDBK,-0.012908182219123376,0.025813757026721618,0.07112796889470441,1593.709490966797,1525.601650390625,1358.8715631103516,1.0328606583034206,1.0789709316078033,1.2113579227580757,1620.3151089518292,1582.6507931697627,37.664315782066524,34.10133313154803,3.5629826505184923,65.13044913158434,0.011197689012758921,2159377.85,0.6094987035270367,0.017216010516331065,0.13937305941900444,1.0446432661886103,1.1226974585432057,-0.013886789799925636
2024-01-17,1629.2443120797034,1655.9540928037643,1611.3226005398735,1623.2210693359375,6683398,INDUSINDBK,-0.013886789799925636,0.002286408936758022,0.04937598580527225,1597.528338623047,1529.4259326171875,1362.057501525879,1.0160828012196865,1.0613270212819301,1.191741954739417,1620.7621797801535,1585.6559988117017,35.10618096845178,34.302302698928784,0.8038782695229969,56.9464879894487,0.011819900469895818,2378662.55,2.809729358205938,0.027495633901640764,0.2665935686333855,1.0445280837427158,1.1228791228738948,-0.018857633134590657
2024-01-18,1614.3835172692227,1618.9750478928856,1575.0348242383402,1592.6109619140625,3557256,INDUSINDBK,-0.018857633134590657,-0.027113404975456445,0.03646812718081294,1600.3301391601562,1532.2430444335937,1365.0742736816405,0.9951765094856335,1.0393983955089738,1.166684474698032,1616.4312231853703,1586.1711812637284,30.260041921641914,33.49385054347141,-3.233808621829496,52.68838415821015,0.012605631659996097,2395589.5,1.484918847740817,0.027590054762486594,0.40000109726123606,1.0444362237269815,1.1224613004397883,-0.03211609032159857
2024-01-19,1602.287619126465,1611.2238252188622,1530.699614022517,1541.4625244140625,10982524,INDUSINDBK,-0.03211609032159857,-0.0674432814825362,-0.00566881630545335,1599.8907348632813,1533.7182495117188,1367.7215173339844,0.963479874483921,1.0050493465177253,1.1270295194439441,1604.8975772205536,1582.8594289044938,22.038148316059733,31.202710097989076,-9.164561781929343,43.933789348382675,0.014582741766265603,2824686.05,3.888051204840977,0.052238838065138155,0.13366055043124803,1.0431451378847643,1.1213673471345993,-0.0764845524440354
2024-01-23,1515.6908577063314,1528.4286095425416,1410.0862562578952,1423.564453125,10097057,INDUSINDBK,-0.0764845524440354,-0.14634224005885355,-0.07722349499393599,1593.9341125488281,1532.78513671875,1369.6769604492188,0.8931137378373857,0.9287436438563333,1.0393432132041613,1577.0001735135452,1571.0598010689757,5.940372444569448,26.150242567305153,-20.209870122735705,33.56247395382,0.022459305656700033,3218828.6,3.1368731469578717,0.08313101175353316,0.11389157383651098,1.0398940297405157,1.1190851426865178,0.03409170422506236
2024-01-24,1441.5848663237757,1476.98399640765,1423.8607121910568,1472.09619140625,9155544,INDUSINDBK,0.03409170422506236,-0.10569574997890196,-0.050897736327952026,1589.9868896484375,1532.459287109375,1371.8220764160155,0.9258542953972065,0.960610310361337,1.0730955688161892,1560.861099343192,1563.7291633161813,-2.868063972989148,20.346581259246296,-23.214645232235444,37.20119304736614,0.023942638619425898,3620139.2,2.5290585511186974,0.036086829465842254,0.9079912871826308,1.0375394002457152,1.1170977005363814,0.014186595499017685
2024-01-25,1471.2569673729952,1524.528270427394,1469.874554169182,1492.980224609375,8118578,INDUSINDBK,0.014186595499017685,-0.08023604867317569,-0.053491511756004195,1585.768133544922,1532.7199658203126,1374.0188708496094,0.9414870894598423,0.9740724058555152,1.0865791265924951,1550.417887845682,1558.488501189751,-8.070613344069216,14.663142338583194,-22.733755682652408,33.12739788720131,0.023832567743452937,3931676.75,2.0649149246565095,0.03660712671027631,0.4227648552027103,1.0346104760866854,1.1155013940038336,0.009788402659778095
2024-01-29,1503.841868980534,1518.406325689308,1496.2880758008946,1507.5941162109375,3058020,INDUSINDBK,0.009788402659778095,-0.05338205483713887,-0.05200081979419169,1581.6333129882812,1533.059638671875,1376.3451391601564,0.953188140279205,0.9833890855785631,1.095360511921355,1543.8296152864905,1554.718546746876,-10.888931460385493,9.552727578789458,-20.44165903917495,35.94543883139505,0.023872590737122036,3927419.7,0.7786333607279099,0.014671223275932904,0.511163426902304,1.0316841387582851,1.1138627914269714,-0.004519275014815527
2024-01-30,1510.7538096674964,1525.021991878228,1491.054813108287,1500.7808837890625,1721705,INDUSINDBK,-0.004519275014815527,-0.02639158590019164,-0.04943865033615724,1577.730535888672,1533.5721118164063,1378.5650646972656,0.9512276333954157,0.9786177462574585,1.0886543712890588,1537.2067335176553,1550.7231643055566,-13.5164307879013,4.938895905451306,-18.455326693352607,36.762174842155495,0.02385164617550244,3924544.6,0.4387018560064268,0.022633003349684974,0.2863373124583016,1.0287944881965565,1.1124408641192285,0.009309769320122063
2024-01-31,1500.0895134597529,1528.5272784826343,1488.1911660740716,1514.7528076171875,3867886,INDUSINDBK,0.009309769320122063,0.06405635817332422,-0.04052912935487063,1574.5312927246093,1534.2712036132812,1380.9168713378906,0.9620341079382553,0.9872783925357349,1.096918170135492,1533.7522833791218,1548.0586934397513,-14.30641006062956,1.0898347122351333,-15.396244772864693,39.08403087833459,0.02398866200216796,4050882.85,0.9548254400889425,0.02662884148867448,0.6585077231557224,1.0262405297163328,1.1110525444785206,0.004628307768927975
2024-02-01,1518.406295066471,1528.0830668646072,1504.38496829098,1521.7635498046875,2240634,INDUSINDBK,0.004628307768927975,0.03373920718522605,-0.021864658404728288,1572.8304626464844,1535.1144604492188,1383.2798022460938,0.9675318389015238,0.9913029868530947,1.1001126072496188,1531.9078628292089,1546.110905022339,-14.203042193130159,-1.9687406688379254,-12.234301524292233,37.90027898048829,0.02383466442754017,4101554.9,0.5462889208187851,0.015572786308798636,0.7333323160807319,1.0245688534431685,1.1097642414474527,-0.004801670296857408
2024-02-02,1531.4895505424815,1545.1653035309612,1510.3094241212225,1514.45654296875,3554450,INDUSINDBK,-0.004801670296857408,0.014384864585191837,-0.042094798304830316,1569.5028503417968,1535.6861743164063,1385.6035119628907,0.9649275518288742,0.9861758009528825,1.0929941573425446,1529.223044389138,1543.7661374628137,-14.543093073675664,-4.483611149805473,-10.059481923870191,34.440835778921524,0.02350469822824172,4148262.6,0.8568526978017255,0.023015437168907873,0.11897903360225674,1.022020564221361,1.108315734665614,0.002640647251569872
2024-02-05,1513.469165439322,1530.5021734992329,1502.656956363022,1518.4556884765625,2624023,INDUSINDBK,0.002640647251569872,0.007204573265995107,-0.06718022593108086,1564.035009765625,1536.392177734375,1387.778491821289,0.9708578637917493,0.9883255788998728,1.0941628634723801,1527.5665280948956,1541.891289389758,-14.324761294862355,-6.451841178816849,-7.872920116045506,32.389471742496255,0.022348768280528047,4065900.65,0.6453731229266509,0.018337852956478138,0.5673768689343542,1.0179920416361488,1.1070874687775631,-0.017167357132366057
2024-02-06,1530.5022360576831,1530.9465272026323,1485.2290166012524,1492.3878173828125,3312270,INDUSINDBK,-0.017167357132366057,-0.0055924662266885194,-0.08020929351438977,1557.5279113769532,1537.2018627929688,1389.7496350097656,0.958177254148497,0.9708470003225648,1.0738537214095585,1522.154418754575,1538.2243655373916,-16.069946782816487,-8.375462299616778,-7.694484483199709,27.72130868670665,0.022565144318556246,4116807.15,0.8045725435547789,0.03063380045647538,0.15658772070901053,1.0132227582310196,1.1060998499792136,0.002613359904809931
2024-02-07,1503.2493281567276,1503.2493281567276,1473.4291500934255,1496.2879638671875,4066189,INDUSINDBK,0.002613359904809931,-0.012190004637817053,-0.0686805305035918,1552.010693359375,1537.779501953125,1391.630155029297,0.9640964268283655,0.9730185387220734,1.07520518900777,1518.1749641565157,1535.1179654136727,-16.943001257156993,-10.088970091124821,-6.854031166032172,30.06045747226473,0.022565732748759847,4230566.45,0.9611452858753702,0.01992943790460712,0.766555240724499,1.0092543770990412,1.1050202500970894,-0.025109583114659273
2024-02-08,1503.545604792421,1521.5660344025646,1451.5085768170363,1458.716796875,2931291,INDUSINDBK,-0.025109583114659273,-0.04143005852504433,-0.09094824749883135,1544.7136535644531,1537.8012280273438,1393.4522326660156,0.9443282860282785,0.9485730472111851,1.0468365995468085,1509.0275538055132,1529.4586195959932,-20.431065790480034,-12.157389230995864,-8.27367655948417,28.927405026890796,0.0230762778929017,4296176.45,0.6823022829986417,0.04802677101930403,0.10289011771749866,1.0044950058636488,1.1035909175624579,0.0060583400168436885
2024-02-09,1461.6296742765717,1472.6394405677402,1444.251091886469,1467.55419921875,2388841,INDUSINDBK,0.0060583400168436885,-0.030969752131717487,-0.09383283888942362,1537.1154541015626,1537.9730395507813,1395.2901733398437,0.9547455887602986,0.9542132153678067,1.0517913959831962,1502.6470377152418,1524.8731069754565,-22.226069260214672,-14.171125236839627,-8.054944023375045,33.03417029869823,0.022986728095027123,4334120.6,0.551170864973162,0.019343986543313728,0.8208687160326058,0.9994423924040508,1.1022603533925879,-0.026307821760469197
2024-02-12,1469.4795967273687,1478.1689480426617,1424.0089408869965,1428.946044921875,2821957,INDUSINDBK,-0.026307821760469197,-0.058947814041574564,-0.1270922495428316,1526.7129821777344,1537.2541967773439,1396.9831756591798,0.9359624641978201,0.9295444097127703,1.0228799242679592,1491.308423439339,1517.767398675191,-26.458975235851995,-16.628695236642102,-9.830279999209893,34.197768467438905,0.02317067091783497,4379497.4,0.6443563592479812,0.03790206589544555,0.09115774340074295,0.9931428291939565,1.1004099573725903,0.011574479455961129
2024-02-13,1434.130012218461,1457.679974490232,1412.6536095460392,1445.4853515625,4601482,INDUSINDBK,0.011574479455961129,-0.03142779998202139,-0.1255077209025336,1516.3401306152343,1537.210751953125,1398.8289532470703,0.9532725029021121,0.940329977347555,1.0333538980638963,1484.2587200736716,1512.41317296314,-28.154452889468303,-18.933846767207342,-9.22060612226096,54.30402561668919,0.023241854506395605,4501479.1,1.0222155646574034,0.031149651496309914,0.7291670570598692,0.9864230579239878,1.0989268905142635,0.012022633104013858
2024-02-14,1431.809556156427,1475.7003617944888,1417.886826673211,1462.8638916015625,4208176,INDUSINDBK,0.012022633104013858,-0.022337994472160116,-0.12277585320281603,1506.103045654297,1537.6146044921875,1400.6651733398437,0.9712907067165846,0.9513852738701633,1.0444065572883545,1480.9672080010396,1508.7428558252452,-27.775647824205635,-20.702206978607002,-7.073440845598633,47.934632233948484,0.023361361794883673,4565370.95,0.9217599284018749,0.03952078894912273,0.7779677342684765,0.9795062047760027,1.0977745672263644,-0.0030712343625104443
2024-02-15,1472.244404122133,1474.0711084844124,1441.9306339547177,1458.37109375,1906763,INDUSINDBK,-0.0030712343625104443,-0.00023699125542431254,-0.11403380100953031,1496.7176086425782,1536.870087890625,1402.4005487060547,0.9743795926024043,0.9489228173811581,1.0399105270570432,1477.490882731649,1505.0116141900419,-27.520731458392902,-22.065911874564183,-5.454819583828719,41.644800124480156,0.023317586408637087,4594902.2,0.414973576586679,0.022038611892018486,0.5115188881263372,0.9738738624920753,1.0958852585366146,0.011307129101121527
2024-02-16,1467.257871596529,1487.5494170022002,1452.4959790310234,1474.861083984375,1844045,INDUSINDBK,0.011307129101121527,0.004978953942222253,-0.09139850889950363,1489.299609375,1536.6143481445313,1404.18443359375,0.9903051573372236,0.9598121257720107,1.0503328827038347,1477.0862983089914,1502.7782415822148,-25.691943273223387,-22.791118154296026,-2.9008251189273615,42.16865992026985,0.023535545164752914,4352934.55,0.4236326043542281,0.023767281103166088,0.6380288567341561,0.9692084491943838,1.0943109120016743,-0.006728570007338175
2024-02-19,1481.032384119593,1483.8959283572442,1458.42042518746,1464.9373779296875,1209609,INDUSINDBK,-0.006728570007338175,0.025187328195992453,-0.08016620947461761,1482.9159301757813,1536.2588745117187,1405.8793878173828,0.9878762161224051,0.9535745584514851,1.0420078639917978,1475.2172336352523,1499.9752146449905,-24.75798100973816,-23.184490725384457,-1.5734902843537029,41.55024500634818,0.023301507070538158,4235552.2,0.28558472257761336,0.01739016530917329,0.255812523065571,0.9652773727000329,1.0927387426148618,0.013885195837899378
2024-02-20,1470.2695723546196,1489.0305675693528,1456.4951003977087,1485.2783203125,2390096,INDUSINDBK,0.013885195837899378,0.027529140096083093,-0.036448634469994134,1480.1067199707031,1536.2480126953126,1407.6853253173829,1.0034940726043722,0.9668219636662785,1.0551209802358512,1476.7650931240596,1498.8865558055468,-22.121462681487174,-22.971885116605,0.850422435117828,43.25424475088019,0.02263089871012507,3805930.8,0.6279925005467782,0.02190529998768088,0.8846720953150159,0.9634555799189541,1.091329138029441,0.00867580584183969
2024-02-21,1500.8797140179602,1507.5942241103708,1483.5998488894638,1498.164306640625,5259113,INDUSINDBK,0.00867580584183969,0.02413103176701914,0.05240356581808703,1483.8367126464843,1536.4119287109374,1409.5788891601562,1.0096557753774584,0.975105880554831,1.0628453066101529,1480.0572798189157,1498.8330558674045,-18.77577604848875,-22.132663302981754,3.356887254493003,44.7403459876995,0.01426624042387903,3564033.6,1.4756070200909441,0.016015850273933024,0.6069946650859563,0.9657805207822331,1.089979383577708,-0.018520386521200027
2024-02-22,1498.164225287781,1500.879632517665,1445.090356703686,1470.417724609375,4969478,INDUSINDBK,-0.018520386521200027,0.008260332991377961,-0.00114018826125184,1483.7527893066406,1535.7661572265624,1411.390125732422,0.991012610191286,0.9574489694868651,1.0418223124852326,1478.5742713251402,1496.728216514958,-18.153945189817705,-21.336919680348945,3.1829744905312403,41.00447225585612,0.012954564252817534,3354730.3,1.4813345800107987,0.0379411067210848,0.45398273299225733,0.9661319741451702,1.088123070458352,-0.005942969344482685
2024-02-23,1479.600668469838,1485.9696050321545,1456.495117882136,1461.6790771484375,2557861,INDUSINDBK,-0.005942969344482685,-0.008937795551785754,-0.02096554726244093,1482.1877319335938,1535.4363598632813,1413.4570281982421,0.9861632542603752,0.9519633085141925,1.0341163883925533,1475.9750106825704,1494.1319839692899,-18.15697328671945,-20.700930401623047,2.5439571149035984,38.622890124545144,0.01257258702436909,3076694.45,0.8313665986559048,0.020164814295296495,0.1758795408353128,0.9653201986603802,1.0862985780477021,-0.009322557274779042
2024-02-26,1462.3700907174289,1467.307194332275,1445.4852204616063,1448.052490234375,2077787,INDUSINDBK,-0.009322557274779042,-0.011526013295650173,-0.03949446693663772,1479.2106506347657,1534.6385229492187,1415.1967279052735,0.978935954532899,0.9435788744906224,1.0232163922380837,1471.6792383059249,1490.718688137074,-19.039449831149113,-20.368634287528263,1.3291844563791493,40.64970993621017,0.012436329289912167,3027682.8,0.6862631052367838,0.015069877658327612,0.11764608407946928,0.9638821315341847,1.0843994284955272,0.018104444901161143
2024-02-27,1448.0526062487113,1478.5145138858925,1440.15323983208,1474.2686767578125,2843312,INDUSINDBK,0.018104444901161143,-0.007412512122557002,-0.017665608162807822,1477.8850402832031,1533.4802807617189,1416.9979180908203,0.9975530143232944,0.9613874369649577,1.0404169674039856,1472.0776134523692,1489.5001687756474,-17.422555323278175,-19.779418494678247,2.3568631714000716,45.75566172166033,0.013195023121607075,3083763.15,0.9220267127194902,0.026020544734204,0.8893197050201197,0.9637457089106486,1.0822036230143797,-0.02936953397096964
2024-02-28,1476.1940110240648,1484.5376680898626,1424.3544220081696,1430.9700927734375,2661887,INDUSINDBK,-0.02936953397096964,-0.04485103107139088,-0.05531114675769844,1473.6959045410156,1531.0788696289062,1418.426586303711,0.9710077149322844,0.9346155323273893,1.0088432539201155,1465.7533795017644,1485.1646075902986,-19.411228088534244,-19.705780413449446,0.2945523249152018,44.76720977249779,0.014412498978224702,3023463.2,0.8804099219729216,0.04205765472362084,0.10992545593648637,0.9625212219787223,1.0794205949133797,0.017734005191892832
2024-02-29,1432.747543220165,1465.332428765489,1421.8859147050568,1456.346923828125,4216252,INDUSINDBK,0.017734005191892832,-0.009569254060092347,-0.04298737867979452,1470.4250732421874,1529.470361328125,1419.9093743896485,0.9904257961386492,0.952190353374025,1.0256618838467344,1464.3062324750508,1483.029964348656,-18.723731873605175,-19.509370705480592,0.785638831875417,48.01051581402646,0.015049092378937567,3122244.1,1.3503915340892148,0.029832530525233374,0.7931823730468766,0.9613949445645582,1.07716054905657,0.03508710609222132
2024-03-01,1461.3827204284044,1509.5194823344077,1459.2597416938029,1507.4459228515625,3549401,INDUSINDBK,0.03508710609222132,0.03131114511976918,-0.004629132575468153,1470.0745422363282,1528.6823974609374,1421.5441259765626,1.0254214188066841,0.9861079877385599,1.060428512422003,1470.943107917591,1484.83855386739,-13.895445949798841,-18.386585754344242,4.491139804545401,63.34334423230708,0.01716477449283263,3121991.65,1.1369027844773385,0.03334099079689102,0.9587431320493129,0.9616611957317269,1.0753675313531148,0.0030459153889177415
2024-03-04,1510.7043611166257,1519.5911480599734,1501.2251458173405,1512.0374755859375,2985524,INDUSINDBK,0.0030459153889177415,0.044186924012130424,-0.004226802888837811,1469.7536315917969,1528.1916479492188,1423.1486053466797,1.0287693413952281,0.9894292234976159,1.0624593031994747,1477.2653183281059,1486.8532888095046,-9.58797048139877,-16.626862699755147,7.038892218356377,61.791411223398256,0.017168408866747472,3140066.7,0.9507836250739514,0.012146525823055957,0.5887143879084579,0.96176002111002,1.0738103120137272,0.007281329816525295
2024-03-05,1510.4082055999386,1527.5399318600005,1504.8292541400392,1523.047119140625,2694157,INDUSINDBK,0.007281329816525295,0.033086535142349494,0.020543789892080166,1471.2865966796876,1527.647578125,1424.8044702148438,1.0351804485800031,0.9969885338410175,1.0689516708990725,1484.3086722992628,1489.5343132784765,-5.225640979213722,-14.346618355646862,9.12097737643314,60.90919993609649,0.016752444859025602,3109161.05,0.8665221764565718,0.014911342817007331,0.8021717900815185,0.9631060316185696,1.0721805062098442,0.007844718542459939
2024-03-06,1523.0471074587783,1545.0666386844505,1517.2214213857158,1534.9949951171875,5167456,INDUSINDBK,0.007844718542459939,0.07269537139111959,0.025868704543984267,1473.2219482421874,1527.4935400390625,1426.442670288086,1.0419305773639242,1.004910956990321,1.0761000263734246,1492.106568117405,1492.901771192455,-0.7952030750500398,-11.636335299527499,10.841132224477459,63.52383238197997,0.016817197190173223,3164224.4,1.6330877165348956,0.01814026585579122,0.6382989775511418,0.9644701660764554,1.0708411714370323,0.005918083475530578
2024-03-07,1536.871003823372,1551.7317345732788,1526.6019242794584,1544.0792236328125,2285176,INDUSINDBK,0.005918083475530578,0.06024134659760616,0.05851884816894137,1477.4900695800782,1527.3543115234374,1428.1128619384765,1.045069104303124,1.0109502503663954,1.0812025189220178,1500.1023612736217,1496.6926935954443,3.4096676781773567,-8.627134703986528,12.036802382163884,62.54468352845343,0.01563109705740573,3131918.65,0.7296409183552708,0.01627494879096716,0.6954807517051523,0.9673525379362546,1.069491321190297,-0.014516293139344216
2024-03-11,1546.3997364418046,1549.0164257460349,1517.2708219815604,1521.6649169921875,1694488,INDUSINDBK,-0.014516293139344216,0.009432506947730346,0.03687135902867733,1480.19560546875,1526.2405029296874,1429.626541748047,1.0280161023112246,0.9970020544411469,1.0643793134475543,1503.4196775380165,1498.5424879211291,4.877189616887335,-5.926269839811755,10.803459456699091,59.835657539163826,0.016087106056983748,3097201.0,0.5471030133336519,0.020862414195120377,0.1384158588769508,0.9698311652897744,1.0675798597468034,-0.005191296700271186
2024-03-12,1521.6648693154716,1536.377342781182,1509.2726900838668,1513.7655029296875,1918571,INDUSINDBK,-0.005191296700271186,0.0011428469013841092,0.05935805505690017,1484.4365783691405,1524.7100024414062,1431.1097589111328,1.0197576137559,0.9928219140071265,1.0577563974418314,1505.011342982889,1499.670118662504,5.341224320384981,-3.6727710077724076,9.013995328157389,55.16192921538641,0.014775394305177988,3052031.7,0.6286209281509101,0.01790545011420718,0.16575799350735548,0.9735861744149518,1.0654039586743436,-0.019829741176493387
2024-03-13,1515.6909643436736,1521.2204968493093,1476.1941313966072,1483.7479248046875,4165036,INDUSINDBK,-0.019829741176493387,-0.025803006251121086,0.02647039847261512,1486.34970703125,1522.808232421875,1432.3742749023438,0.9982495490702795,0.974349818456743,1.0358660796989294,1501.7400478785503,1498.4906968952582,3.249350983292061,-2.288346609559514,5.5376975928515755,47.540429147723366,0.015467667213284415,3030209.4,1.3745043494353888,0.030346371307396498,0.16776378311092396,0.9760583607217298,1.0631357034987916,-0.017236311096225476
2024-03-14,1453.0390443284844,1487.944343528692,1450.718509151828,1458.173583984375,3652530,INDUSINDBK,-0.017236311096225476,-0.05004668508834298,-0.0032062501809737576,1486.1151916503907,1520.3969506835938,1433.4545141601564,0.9811982221681044,0.9590742623686254,1.017244404743949,1495.037514971754,1495.5042440870448,-0.46672911529071825,-1.924023110705755,1.4572939954150368,47.89543476527585,0.015792409916510368,3002427.1,1.2165257900849615,0.025529082947138945,0.20026615809531614,0.9774520995863683,1.0606523860119663,0.005146518003060319
2024-03-15,1455.4583189930422,1470.763342021802,1438.3758902373568,1465.6781005859375,2985042,INDUSINDBK,0.005146518003060319,-0.05077532411997476,0.0050103892399213645,1486.4805419921875,1518.5949096679688,1434.6130535888672,0.9860055743626684,0.9651540982093763,1.02165395534312,1490.5206819893206,1493.2949001239997,-2.7742181346791313,-2.09406211550043,-0.680156019178701,50.6902945762569,0.01581634087343523,3056341.05,0.9766717624657759,0.022097247527610286,0.8429872942857849,0.9788525778195827,1.0585397267012246,-0.0024590993380020354
2024-03-18,1468.5415066487803,1472.8367627932469,1447.8550902035531,1462.0738525390625,2365287,INDUSINDBK,-0.0024590993380020354,-0.039161752227892754,-0.008670126009947654,1485.8411804199218,1516.2162109375,1435.7308636474609,0.9840041262861335,0.9642911360478329,1.0183481386091244,1486.1442466892809,1490.9822299325228,-4.837983243241979,-2.64284634104874,-2.195136902193239,52.50705322208821,0.015613499493996904,3082403.15,0.7673516035694422,0.017086464234559794,0.5691677482545893,0.9799665573429025,1.0560587985728513,-0.03147151000278947
2024-03-19,1457.4825565830995,1464.2956638460455,1412.8510629836317,1416.0601806640625,3180412,INDUSINDBK,-0.03147151000278947,-0.06454455599399622,-0.033364700772875566,1483.3973205566406,1511.9811645507812,1436.5360736083985,0.954606133529141,0.9365594055431125,0.9857463426637779,1475.362082685401,1485.4324485052296,-10.070365819828567,-4.128350236804705,-5.942015583023862,40.28030418536163,0.01706118688745613,3180943.3,0.9998329740740742,0.036329388796377884,0.06238006761901935,0.9810951057696323,1.0525187583719176,0.005194922745965336
2024-03-20,1421.885953450782,1445.5840526749616,1404.8035253794462,1423.41650390625,5480729,INDUSINDBK,0.005194922745965336,-0.04066150313664585,-0.041649982740766256,1480.3042297363281,1507.9988989257813,1437.3375317382813,0.9615702470564372,0.9439108376804629,0.9903147120807486,1467.3704551809162,1480.838674831231,-13.468219650314722,-5.996324119506709,-7.4718955308080135,48.56664623618105,0.01675512780004922,3335474.95,1.643162992424812,0.02864975021970191,0.45641828983537003,0.9816348213455717,1.0491612899734442,0.029516763591120432
2024-03-21,1441.634335703811,1468.1959787357173,1440.6469149259317,1465.43115234375,3870591,INDUSINDBK,0.029516763591120432,0.004977163514061189,-0.021848841379937478,1478.6675720214844,1505.1748754882813,1438.3815393066407,0.9910484141749055,0.9735952786671128,1.0188055896839086,1467.0721008982753,1479.6973768691953,-12.625275970920029,-7.3221144897893735,-5.3031614811306556,51.62142305593951,0.018051399218314106,3266048.85,1.185098930776862,0.018799289045906224,0.8996399147696189,0.9823892200843455,1.0464364526075869,0.01886668445953177
2024-03-22,1459.1610988483767,1501.2252011572182,1454.4708500109348,1493.0789794921875,5309042,INDUSINDBK,0.01886668445953177,0.01869501829582898,0.015411440234667007,1479.800634765625,1502.9433032226561,1439.5464489746093,1.0089730632725844,0.9934366627740931,1.0371870810807873,1471.0731591434926,1480.6886066931206,-9.615447549628016,-7.7807811017571025,-1.8346664478709132,47.20139209901062,0.01807185563764676,3283027.05,1.6171179582574564,0.03131405088978285,0.8257654856647874,0.9846017688043136,1.0440394641612325,0.004364784356989615
2024-03-26,1493.0789939773294,1504.4343333781424,1483.303503777502,1499.595947265625,9046136,INDUSINDBK,0.004364784356989615,0.025663611083257543,0.02594062589385815,1481.6964782714845,1500.5448583984376,1440.6844519042968,1.012080388430849,0.9993676222823319,1.0408913244558577,1475.4612803930515,1482.089150439232,-6.627870046180533,-7.550198890641789,0.9223288444612558,47.59449741963288,0.01801271457786686,3607440.8,2.507632557684661,0.014091015409297667,0.7710271577614372,0.98743897590168,1.041549977453437,0.00977810591883066
2024-03-27,1499.8921349962054,1523.5408139930707,1495.399322322635,1514.2591552734375,8408702,INDUSINDBK,0.00977810591883066,0.06934661107646178,0.04572117757164085,1485.0068115234376,1498.0901318359374,1441.8286254882812,1.0196984576252486,1.0107930912125325,1.0502351864186545,1481.4301842208033,1484.4721137602842,-3.0419295394808614,-6.648545020409604,3.6066154809287427,48.324564902600834,0.017918416561949875,3923986.55,2.1428977629905486,0.01858432988331779,0.6701788651315818,0.9912666667816135,1.0390209386560092,0.012682982433186663
2024-03-28,1515.4440482312143,1544.8198165549666,1514.3084902226713,1533.4644775390625,3964429,INDUSINDBK,0.012682982433186663,0.07731255983811502,0.04015265447505301,1487.9666015625,1495.7005737304687,1443.048090209961,1.030577215865454,1.0252483046886889,1.0626565309517482,1489.4354601159203,1488.1011777438973,1.3342823720229262,-5.051979541923098,6.386261913946024,49.71606246716307,0.01770795344460168,3980042.4,0.9960770769678233,0.019896989320066,0.6278320092599585,0.9948291975654732,1.0364869915824129,-0.006825508486172804
2024-04-01,1533.4644386724506,1552.9659986620068,1519.6405480469425,1522.997802734375,2159432,INDUSINDBK,-0.006825508486172804,0.03928308081792542,0.06431141393219053,1492.5679870605468,1492.80841796875,1444.1895489501953,1.0203875575100312,1.0202232144475065,1.0545691899248728,1494.5988974418362,1490.686112928377,3.9127845134592008,-3.2590267308466387,7.1718112443058395,46.1089894804671,0.01625602261875423,3954919.65,0.5460115984910086,0.021881483056135784,0.10074146412036487,0.9998389405463493,1.0336651577723275,0.011021770866880054
2024-04-02,1523.5407919529744,1551.1885728432642,1517.6656867276913,1539.783935546875,2335256,INDUSINDBK,0.011021770866880054,0.0312809681846653,0.05729198884797948,1496.7398376464844,1490.6825,1445.451226196289,1.0287585703391675,1.0329388958056964,1.0652617726845222,1501.5504417656882,1494.3229886778954,7.22745308779281,-1.1617307671187493,8.38918385491156,53.415191852741174,0.016008588043902733,3860869.85,0.604852297727674,0.021771162396019395,0.6597954824930417,1.0040634659939218,1.0312921480738835,-0.010741237253159452
2024-04-03,1534.4519531684907,1537.3154976513702,1518.7026393148064,1523.2447509765625,3711781,INDUSINDBK,-0.010741237253159452,0.01577011711325227,0.010480527284928431,1497.5297790527343,1488.6829736328125,1446.4959173583984,1.0171715930350942,1.0232163448873264,1.0530584515982067,1504.8880277981302,1496.4653414407596,8.422686357370594,0.7551526577791194,7.667533699591475,51.73035408373725,0.01435506974048807,3868988.85,0.9593672000372914,0.012219217118346132,0.24403085112582526,1.0059427061211919,1.0291650019665846,0.0011667341565091416
2024-04-04,1528.5767838855318,1530.9464973253691,1492.1902317815486,1525.02197265625,6077155,INDUSINDBK,0.0011667341565091416,0.0071076455739631506,0.008587417494583471,1498.17900390625,1487.3311938476563,1447.5425830078125,1.0179170637687562,1.0253412144951317,1.053524774025953,1507.9855577763026,1498.5806474567219,9.404910319580722,2.48510419013944,6.919806129441282,58.40029296443136,0.014344498711997345,4023570.4,1.5103886339356707,0.025413578452457116,0.8471337579617815,1.0072934731036811,1.0274870054303813,0.005147530853327309
2024-04-05,1532.477077886504,1536.772334249143,1508.8776967167369,1532.8720703125,3286862,INDUSINDBK,0.005147530853327309,-0.00038631949760792317,0.0064508517487094075,1498.6702514648437,1487.159384765625,1448.6097381591796,1.0228214437527043,1.030738255774837,1.0581677244972802,1511.8142520126407,1501.1207528534462,10.693499159194516,4.126783183950455,6.566715975244061,66.38512446086239,0.01429947185780715,4053205.65,0.8109289988777155,0.01819762919075123,0.8601787195796384,1.0077401701640962,1.0266114782960332,0.010274352232743311
2024-04-08,1540.37639858209,1556.5207040371995,1530.5021908988713,1548.621337890625,2372626,INDUSINDBK,0.010274352232743311,0.016824407172647105,0.008877125213295756,1499.3515686035157,1489.6605224609375,1449.8198223876952,1.0328607181389744,1.0395800348741762,1.0681474442391155,1517.4768806092536,1504.639314708052,12.837565901201515,5.868939727400667,6.968626173800848,67.55852445248401,0.014375994003546059,3913464.15,0.6062725782220338,0.01680108138879708,0.6963944056073738,1.006505540018318,1.0274797595246208,-0.008543937060953799
2024-04-09,1555.0891330827478,1555.0891330827478,1521.6155418958012,1535.3900146484375,1176425,INDUSINDBK,-0.008543937060953799,-0.0028535957526254485,-0.005627437278724279,1498.9171081542968,1490.9263989257813,1451.0928552246094,1.0243328375503378,1.0298228106730771,1.0580921883257293,1520.2327473845125,1506.9171443332657,13.315603051246853,7.358272392169905,5.957330659076948,64.91269975269896,0.014454763206465554,3858026.6,0.30492920914542165,0.021801360480132547,0.411502688065563,1.0053595598241958,1.0274507200264633,-0.0013506213072674855
2024-04-10,1545.165333153793,1545.165333153793,1528.527317659605,1533.3162841796875,2528578,INDUSINDBK,-0.0013506213072674855,0.006611894245273531,0.007656986145498257,1499.4996765136718,1491.7331201171876,1452.2720825195313,1.022551927283265,1.0278757396358091,1.0558051088605611,1522.2455991991549,1508.8726361737415,13.372963025413355,8.561210518818596,4.811752506594759,79.04133792562995,0.014062096359323142,3899731.1,0.6483980395468806,0.010851000322538967,0.28783279602999773,1.0052063980424824,1.0271719315358563,0.001803210861746063
2024-04-12,1526.5525420230956,1543.042421009569,1522.6028588613283,1536.0811767578125,1749128,INDUSINDBK,0.001803210861746063,0.007251832629204591,0.014741830081961949,1500.615460205078,1492.302861328125,1453.5273406982421,1.0236341137974732,1.0293360795346367,1.0567955164984466,1524.3741495927945,1510.8880836244134,13.486065968381126,9.546181608731102,3.9398843596500246,78.55356889834059,0.014000585102145772,3891258.95,0.44950182510984005,0.01330630337608989,0.6594230247561539,1.0055703162490455,1.026676842976518,-0.0101243867304186
2024-04-15,1525.5156995378927,1538.3028710745095,1510.7538069583168,1520.529296875,1528341,INDUSINDBK,-0.0101243867304186,-0.008052057100227383,0.024789501946669512,1502.4545288085938,1492.6978295898436,1454.7196514892578,1.0120301597950783,1.0186450778807683,1.0452387133963372,1523.782633790057,1511.6022475689012,12.180386221155686,10.073022531216019,2.1073636899396675,66.12719274425677,0.013402407709779797,3759424.2,0.40653592643256375,0.01811807518132781,0.3548392742291887,1.006536285526342,1.0261068708748837,-0.03178784564379955
2024-04-16,1510.7537755052415,1515.4934434070058,1469.2326839841503,1472.1949462890625,3981325,INDUSINDBK,-0.03178784564379955,-0.04935124535069546,0.009615701764652096,1503.1555969238282,1491.8466723632812,1455.7285485839843,0.9794028970133725,0.9868272481091587,1.0113114479489294,1515.8460664822117,1508.683188214839,7.162878267372662,9.490993678447348,-2.328115411074686,44.547541769395714,0.014785835301962732,3775863.95,1.0544143149013618,0.03142298480202245,0.06403401807210007,1.0075804871707306,1.024811029373869,-0.011100211181868103
2024-04-18,1483.8960466938236,1489.3761598877113,1449.6818914001992,1455.853271484375,3856849,INDUSINDBK,-0.011100211181868103,-0.051802305867069354,-0.006703265265159408,1502.66435546875,1490.528466796875,1456.7243627929688,0.9688479441107309,0.9767363079035878,0.9994020204982886,1506.6164057133137,1504.7698610496195,1.8465446636942033,7.9621038754967195,-6.115559211802516,39.136840522489045,0.014967107534791045,3819454.3,1.0097905871003614,0.027265294700365077,0.15547282565787326,1.0081420039551174,1.0232055595878782,0.005188595001823781
2024-04-19,1447.5589517924209,1471.5039071682504,1426.2306857501824,1463.4071044921875,4311650,INDUSINDBK,0.005188595001823781,-0.04559345022863359,0.0009118909765122307,1502.7310180664062,1489.5074780273437,1457.5802105712892,0.9738317016808387,0.9824771785840761,1.0039976488968758,1499.9688209100636,1501.7059531564764,-1.7371322464127843,6.0222566511148194,-7.759388897527604,36.90902371698502,0.015004787769986202,3916772.45,1.1008170770809012,0.030936860480650842,0.8211569130172044,1.008877793656045,1.0219042953687885,-0.0030701777434886113
2024-04-22,1475.206627240641,1482.1185726159315,1451.4591095587728,1458.9141845703125,2887202,INDUSINDBK,-0.0030701777434886113,-0.050236272245959945,0.03026284086750719,1504.8737182617188,1488.3166479492188,1458.3822424316406,0.9694595412666956,0.9802444839816712,1.0003647480908606,1493.6527230116405,1498.5361925204643,-4.883469508823737,3.8411114191271087,-8.724580927950846,29.23542675911142,0.013074027229073904,3902111.95,0.7399075262307633,0.021015261474196127,0.2431573898616938,1.0111246960351576,1.0205257611116183,-0.002030385497963638
2024-04-23,1464.1476675406398,1467.1099300561375,1452.594771409336,1455.9520263671875,1206443,INDUSINDBK,-0.002030385497963638,-0.042470257324559335,0.022857345247614402,1506.5004943847657,1487.5879321289062,1459.165020751953,0.9664464311787554,0.9787334213471037,0.997798059616924,1487.8526158355708,1495.3818098424438,-7.529194006873013,1.5670503339270845,-9.096244340800098,30.51093077471711,0.01306850612713043,3688397.65,0.3270913590349999,0.0099695308526194,0.23129302541872124,1.012713576016171,1.019478887564277,0.00010170066484405105
2024-04-24,1458.420512414683,1464.5918923758145,1444.349766103302,1456.10009765625,2964953,INDUSINDBK,0.00010170066484405105,-0.01093255256267689,-0.006367446653891773,1506.0339416503907,1486.7841748046876,1459.8591772460939,0.9668441443362022,0.9793621174690883,0.997425039587082,1482.9676130387522,1492.4720533842074,-9.504440345455123,-0.6472478019493568,-8.857192543505766,23.069604241370968,0.011243088629909342,3643115.75,0.8138508912323195,0.013901603540233487,0.5804889958079243,1.012947250294907,1.0184435581035876,0.014545824023596943
2024-04-25,1457.482558200199,1480.6375283523216,1452.05174365806,1477.2802734375,3697957,INDUSINDBK,0.014545824023596943,0.01471783068583421,-0.010581292933385722,1505.2440063476563,1487.1554443359375,1460.4587884521484,0.9814224585567307,0.9933596915264987,1.0115179456745778,1482.0926377154826,1491.346736351118,-9.254098635635273,-2.3686179686865403,-6.885480666948733,35.63714177820668,0.010892276931971173,3562561.5,1.0380050982979523,0.019350278486928506,0.882555089855708,1.0121631952332972,1.0182796365737121,-0.033219714622852003
2024-04-26,1492.4865131886825,1499.8921690596155,1425.144464016238,1428.2054443359375,6135488,INDUSINDBK,-0.033219714622852003,-0.02405459154065348,-0.04760649230871927,1501.6744812011718,1486.3684692382812,1460.7848846435547,0.9510752577972376,0.9608690401430875,0.9776973046133572,1473.8023002724758,1486.6696036092526,-12.867303336776786,-4.46835504230459,-8.398948294472195,26.649245087815487,0.013043167491446975,3417029.1,1.7955621156401624,0.05233680164139995,0.040950826756795664,1.01029758924497,1.0175135879784032,0.028242562581309638
2024-04-29,1440.400132387501,1472.2444540803865,1431.8589181210598,1468.5416259765625,5463640,INDUSINDBK,0.028242562581309638,0.006599045720489416,-0.03019135075899182,1499.388604736328,1487.160380859375,1461.3768432617187,0.9794269619881565,0.9874803315617826,1.004902761904214,1472.9929657654122,1485.3267904512757,-12.33382468586342,-6.041448971016356,-6.292375714847063,36.586382733074636,0.014517287205939856,3269776.0,1.6709523832825246,0.02750043665426972,0.9083130131650793,1.0082225320377933,1.0176433188445142,0.01912920990369904
2024-04-30,1478.9589309978926,1517.6657783675969,1470.2695796937876,1496.6336669921875,6293171,INDUSINDBK,0.01912920990369904,0.02794160788834965,-0.024018039600096852,1497.5470642089845,1488.1833471679688,1461.950287475586,0.9993900711112012,1.0056782787149847,1.023724048494488,1476.6299967233776,1486.1643368617135,-9.534340138335892,-6.740027204480263,-2.794312933855629,39.690634054945136,0.01491329355618593,3386213.1,1.8584686829071684,0.03166853701017051,0.5562489827473962,1.006292045303984,1.0179438794308666,-0.006927575011074216
2024-05-02,1489.0304512400778,1502.1631950783126,1481.1805047010898,1486.265625,2554549,INDUSINDBK,-0.006927575011074216,0.020716657729990207,-0.02411833928350149,1495.7104553222657,1488.6513818359374,1462.5180541992188,0.9936853885799503,0.9983973703547737,1.0162374548010513,1478.1124010736273,1486.1718396867718,-8.059438613144494,-7.003909486213109,-1.0555291269313845,40.14653837132032,0.014915370155037296,3405968.95,0.7500212237695237,0.014117725677213824,0.2423483455882377,1.0047419251897798,1.0178687213888977,-0.014283780658319367
2024-05-03,1498.114728259278,1498.855293828982,1454.520198150512,1465.0361328125,2119368,INDUSINDBK,-0.014283780658319367,-0.00828829900808803,-0.048544345092045194,1491.9730651855468,1488.7846826171874,1463.1430908203124,0.9819454298461502,0.9840483650309063,1.0012938187686935,1476.1006674949924,1484.606231770159,-8.505564275166535,-7.304240444003794,-1.2013238311627408,37.28159790230302,0.014905065147958906,3395174.55,0.6242294670829222,0.03026211755839618,0.23719210483388578,1.0021416008678665,1.0175250062401613,0.009301111787318517
2024-05-06,1476.8851920628588,1491.0053572360184,1463.406995029561,1478.66259765625,2600170,INDUSINDBK,0.009301111787318517,0.03532905823907795,-0.02926788573650463,1489.7439575195312,1488.860712890625,1463.7873828125,0.9925615675047059,0.9931503899954648,1.0101621417279667,1476.4948105967244,1484.165962576536,-7.6711519798116115,-7.377622751165358,-0.2935292286462534,39.72069453981078,0.014986786972591383,3339594.0,0.7785886547885761,0.018664408128130264,0.5527720272878931,1.0005932352309783,1.0171290792450673,-0.03001666611079945
2024-05-07,1478.6625912134252,1483.7478322450847,1429.7852634905107,1434.278076171875,1884596,INDUSINDBK,-0.03001666611079945,-0.023331684440270894,-0.059503337074100826,1485.2067626953126,1488.2475268554688,1464.140880126953,0.9657093626270502,0.9637362403029647,0.9796038725778295,1469.9999283775167,1480.470563583598,-10.470635206081397,-7.996225242148566,-2.474409963932831,36.003847619681494,0.01627497014325967,3129966.05,0.6021138791585295,0.037623505267961356,0.08325794685197341,0.997956815579878,1.0164647043571555,-0.0069188703008424834
2024-05-08,1436.6972520851386,1436.6972520851386,1413.3941455053498,1424.3544921875,5278612,INDUSINDBK,-0.0069188703008424834,-0.04829450011634995,-0.07079362996213834,1479.7808837890625,1487.0290502929688,1464.491661376953,0.9625441900157271,0.9578524991874766,0.9725931050015573,1462.9775535790527,1476.3138175542574,-13.336263975204702,-9.064232988759795,-4.272030986444907,41.13126200216611,0.016182929343616745,3229553.55,1.6344711175326385,0.016360468343804162,0.47033843511904483,0.9951257398081912,1.0153892231075086,-0.028457586667205992
2024-05-09,1427.31673425559,1438.2770807818006,1375.9214345591506,1383.82080078125,3272042,INDUSINDBK,-0.028457586667205992,-0.06892766844335108,-0.10641758128804402,1471.5408569335937,1484.7421801757812,1464.6158288574218,0.940388976806845,0.9320276740689195,0.9448353442013516,1450.79959161016,1469.462482978479,-18.66289136831915,-10.983964664671667,-7.678926703647484,37.745662002975486,0.016750406896540143,3274524.35,0.9992419204334211,0.045060492071983926,0.12668245300343042,0.9911086763625018,1.0137417272992744,0.006207955710260782
2024-05-10,1384.363995201156,1406.5809637404045,1377.995179100479,1392.4114990234375,1575172,INDUSINDBK,0.006207955710260782,-0.04957190622298269,-0.0931219522472524,1464.3919311523437,1483.1820556640625,1464.7794940185547,0.950846197252491,0.938800124843754,0.9505946148955301,1441.8168081352796,1463.755002685513,-21.938194550233447,-13.174810641784024,-8.763383908449423,37.96451577122821,0.016932011858413757,3294461.7,0.47812727645308484,0.020529695898069005,0.5043177965744339,0.9873312083031466,1.0125633665139735,-0.003971197465334919
2024-05-13,1397.5460305203676,1399.9158645903026,1359.9253214649932,1386.8819580078125,3624862,INDUSINDBK,-0.003971197465334919,-0.062070035310228366,-0.0955017093881686,1457.07021484375,1481.68611328125,1464.8488610839843,0.9518291870076665,0.9360160330695885,0.9467747798783306,1433.3652927310538,1458.0607030797576,-24.695410348703717,-15.478930583167964,-9.216479765535754,37.831551093264885,0.016914546467242428,3349275.9,1.0822822927188531,0.028834857137195604,0.674075279706788,0.9833865633099663,1.0114941907281862,0.011711913835493082
2024-05-14,1389.3011083743845,1411.3699398268957,1385.1539891006073,1403.125,1279355,INDUSINDBK,0.011711913835493082,-0.02172038790066666,-0.08655543650267328,1450.4224060058593,1480.7875634765626,1465.0006774902345,0.967390598897251,0.9475532038544219,0.9577640622008198,1428.7129400031993,1453.9913917405163,-25.278451737317027,-17.43883481399778,-7.839616923319248,41.45913436204466,0.017261827523776127,3325787.25,0.3846773421841701,0.018683973791564105,0.6854991103325515,0.9794939137661228,1.0107760264066044,-0.0027445538697105087
2024-05-15,1403.1250132334008,1411.8636635579144,1389.6961139202465,1399.2740478515625,2516309,INDUSINDBK,-0.0027445538697105087,-0.01760828815684734,-0.07974542106662585,1444.3596435546874,1479.2876708984375,1464.9885815429689,0.96878506270629,0.9459107078217727,0.9551433133886996,1424.1838796721781,1449.9382551561494,-25.754375483971216,-19.10194294799247,-6.652432535978747,40.92129050879653,0.017211238371075282,3375185.65,0.7455320272530787,0.015842178786710022,0.43207003425587664,0.9763886172846038,1.0097605466251542,-0.005892337623103039
2024-05-16,1402.3349726864376,1407.074640742846,1368.2196563492862,1391.029052734375,5666243,INDUSINDBK,-0.005892337623103039,0.005208948983174366,-0.05513257178288855,1440.3013488769532,1478.4888500976563,1464.907612915039,0.9657902867472857,0.940845142418555,0.9495677682815423,1419.0831370663623,1445.5746105323142,-26.491473465951913,-20.579849051584358,-5.911624414367555,35.626141759194084,0.0159381265227065,3459431.55,1.637911581167143,0.027932546999778138,0.5870391338741461,0.9741712619488603,1.009271053725765,0.0025554372807761183
2024-05-17,1390.288483869147,1399.273989025837,1377.4520134925144,1394.583740234375,3673405,INDUSINDBK,0.0025554372807761183,0.0015600569317770763,-0.04208496312786392,1437.2378723144532,1477.2535864257814,1464.9322985839844,0.9703221485449794,0.9440381482563016,0.951978287039197,1415.3139990922105,1441.7975090287632,-26.483509936552764,-21.76058122857804,-4.722928707974724,43.39476308305942,0.015852054035673153,3450259.35,1.0646750366751414,0.01564766238394197,0.7850676358655125,0.9729120887036421,1.008410824072694,-0.004142000957596981
2024-05-21,1402.1375540181746,1402.9768376020063,1382.3891377643974,1388.807373046875,3010012,INDUSINDBK,-0.004142000957596981,0.0013883049151697247,-0.050976745443093274,1433.5078857421875,1474.8808154296876,1464.7881353759765,0.9688173932352182,0.9416404081724148,0.9481284968835448,1411.2360566236973,1437.8723137708455,-26.63625714714817,-22.735716412292067,-3.9005407348561043,31.87430452071939,0.015765572383754548,3385177.45,0.8891740667834118,0.014824013925301919,0.31175096456151735,0.971948289478939,1.006890197844974,-0.0011020373363710423
2024-05-22,1391.2759580688744,1395.3737786456552,1374.341666622757,1387.27685546875,6739695,INDUSINDBK,-0.0011020373363710423,-0.011294891425389753,-0.049103182256509115,1429.9260192871093,1472.3856030273437,1464.7362963867188,0.970173866869265,0.9421966994355261,0.9471171424446507,1407.5500256767823,1434.1245020447643,-26.574476367982015,-23.503468403430055,-3.07100796455196,21.725855514028027,0.015767928656995736,3577802.1,1.8837528772203471,0.015160717156051473,0.6150209181041896,0.9711627282602233,1.0052223097491984,0.025552480110997644
2024-05-23,1390.8316005626568,1432.7475648418856,1388.9060577032444,1422.7252197265625,6444146,INDUSINDBK,0.025552480110997644,0.016759527492850257,-0.022821360895750598,1428.2646789550781,1470.3791650390624,1464.8012194824219,0.9961215457399897,0.9675907096308496,0.9712752835017937,1409.8846709152099,1433.2801107619346,-23.395439846724685,-23.48186269208898,0.08642284536429656,35.45765977288691,0.01696256280298606,3839687.25,1.6782997104777218,0.030815161305053136,0.7713959722317673,0.9713580775045425,1.00380798806176,0.0006593756394805972
2024-05-24,1422.8733452395204,1430.5258562912943,1409.8887378640738,1423.663330078125,2155290,INDUSINDBK,0.0006593756394805972,0.023460528936904756,-0.022276468238918157,1426.642840576172,1468.1525317382811,1464.930571899414,0.9979115231834454,0.9696971529194713,0.9718298992369432,1412.0044646325814,1432.567756637208,-20.563292004626646,-22.898148554596517,2.334856549969871,39.56157673700641,0.01696495572433387,3799204.1,0.5673003985229432,0.0144957856195453,0.6674668395507389,0.9717265813566646,1.0021993942243212,0.016160306619850573
2024-05-27,1429.6371574976984,1457.0380842439283,1421.194782118367,1446.670166015625,3253683,INDUSINDBK,0.016160306619850573,0.03734908437445017,-0.020720582256641085,1425.1123352050781,1466.2043505859374,1465.2423504638673,1.0151271098270611,0.9866770381887723,0.987324837804229,1417.3376494607419,1433.6123795541278,-16.27473009338587,-21.57346486235439,5.298734768968519,42.29305686414969,0.01704640851565176,3776990.4,0.8614485755642906,0.02477641619186767,0.7107432180220496,0.9719738825188742,1.0006565467629063,-0.0039246916874199345
2024-05-28,1454.2733129036835,1460.1978373388674,1430.8713690638526,1440.992431640625,2381333,INDUSINDBK,-0.0039246916874199345,0.03757544754335673,0.008953184820432503,1425.7516845703126,1464.5909008789063,1465.4477337646485,1.010689622348162,0.983887330431918,0.9833120611806473,1420.9768467191855,1434.1590500790535,-13.182203359868026,-19.895212561857118,6.713009201989092,51.98827077844901,0.015292159354189566,3589282.65,0.6634565266126367,0.0203515768931732,0.3451169940362437,0.9734811842096751,0.9994153098292076,0.0006167929308973363
2024-05-29,1434.7224247740917,1453.1378468315174,1421.1453887516252,1441.8812255859375,4383563,INDUSINDBK,0.0006167929308973363,0.039360831186603384,-0.018154337554372124,1424.4186645507812,1463.1532153320313,1465.7718548583985,1.0122594300887398,0.9854615432456494,0.9837009905782582,1424.1929050063782,1434.7310630795632,-10.538158073185059,-18.023801664122708,7.485643590937649,55.48346737203434,0.013838360205564705,3535278.8,1.239948317513176,0.022187998229113114,0.6481476597556315,0.9735266612031057,0.9982134740016412,-0.009210718249939798
2024-05-30,1439.6595286304146,1459.111670206645,1421.0466706285315,1428.6004638671875,3415942,INDUSINDBK,-0.009210718249939798,0.004129570530670756,-0.04545748543912387,1421.0170043945313,1462.0502661132812,1466.095482788086,1.0053366423126564,0.9771213049090188,0.9744252544523268,1424.8709909849642,1434.2769446193872,-9.405953634422985,-16.300232058182765,6.894278423759779,66.89015905991383,0.013119960495164345,3391417.35,1.007231386605957,0.026644958153711068,0.19844459010579552,0.9719344384596073,0.9972408231780975,0.01040220557040672
2024-05-31,1437.6846720484991,1451.4098451537172,1428.353593785167,1443.4610595703125,3546505,INDUSINDBK,0.01040220557040672,0.013906187701765882,-0.0288000776642382,1418.876776123047,1461.756015625,1466.5761096191407,1.017326581039997,0.9874842614915698,0.9842387654502084,1427.731001536556,1434.957249430567,-7.2262478940108394,-14.48543522534838,7.259187331337541,68.3854653013349,0.013364162627575277,3441015.15,1.0306566072514967,0.015972894603345618,0.6552438010696198,0.9706659394292835,0.9967133693488349,0.04641376330642477
2024-06-03,1495.8930630206655,1515.5921799100768,1477.5764798655005,1510.45751953125,8265525,INDUSINDBK,0.04641376330642477,0.044092534023360885,0.031003594861208184,1421.1478454589844,1462.6516040039062,1467.1690557861327,1.0628433377692814,1.0326844173940524,1.0295047551435186,1440.4581581511243,1440.5498620306175,-0.09170387949325232,-11.606688956177356,11.514985076684104,80.84789343038914,0.016743131584423847,3748323.0,2.205126132406412,0.025168334463569662,0.8649331625405823,0.9716243031277523,0.9969209739229362,-0.09034451223355922
2024-06-04,1490.9559111376911,1502.7556614043406,1346.3976099701651,1373.9959716796875,7911282,INDUSINDBK,-0.09034451223355922,-0.0464932767791566,-0.07078465779986864,1415.9145141601562,1460.8900463867187,1467.0517993164062,0.9703947222369336,0.940519770860271,0.9365695010359693,1430.2332063862877,1435.6199442268448,-5.386737840557089,-10.362698733053302,4.975960892496213,45.45592691854621,0.02639408288306647,4013878.6,1.9709818827106529,0.11379804210272194,0.17650745488562755,0.9692136089654368,0.9957999077247588,0.07865615650632685
2024-06-05,1382.8828418965138,1496.7325092969024,1355.086922038481,1482.0692138671875,11014467,INDUSINDBK,0.07865615650632685,0.02787191314244275,0.033320691774685995,1418.3040710449218,1462.2102270507812,1467.5306982421876,1.044958725088681,1.0135814853767375,1.0099067880776968,1438.2079767679647,1439.0606308668703,-0.852654098905532,-8.460689806223748,7.608035707318216,59.74659300776959,0.03133325301102183,4470372.15,2.4638814466486867,0.0955728557972157,0.8964789817069071,0.9699727472879078,0.9963745418083729,-0.013224984105655535
2024-06-06,1481.131148650258,1490.8079203686775,1452.3972284733952,1462.4688720703125,3279775,INDUSINDBK,-0.013224984105655535,0.023707403896148893,0.026759054780160163,1420.2097900390625,1462.9912744140624,1467.8893786621093,1.029755520858709,0.9996429217638642,0.9963072785520546,1441.9404221990953,1440.794574659718,1.145847539377428,-6.539382337103513,7.685229876480941,58.190867141499545,0.03146037826252188,4370430.3,0.7504467008660451,0.02626427996440501,0.26220937712799464,0.9707575259516608,0.9966631652771334,0.007426957621710972
2024-06-07,1450.0768786529957,1479.551365722786,1445.0409360944825,1473.33056640625,3964791,INDUSINDBK,0.007426957621710972,0.020692977228515597,0.06468306125653434,1424.6852783203126,1463.1492626953125,1468.194985961914,1.0341445853524152,1.0069584860345568,1.0034978871971636,1446.7696751540423,1443.204648122424,3.5650270316182286,-4.518500463359165,8.083527494977393,58.879858295359696,0.030657178619829962,4405067.75,0.9000522182661095,0.02342341251527912,0.8197414699400324,0.9737115102637278,0.9965633152851999,-0.004188731883709718
2024-06-10,1479.6500769835368,1486.8582970773098,1461.4815100560984,1467.1591796875,2416022,INDUSINDBK,-0.004188731883709718,-0.02866571173559851,0.05368217708377632,1428.4226623535155,1462.6308666992188,1468.6324133300782,1.0271183861436088,1.0030960053499351,0.9989968669973465,1449.9065220053435,1444.9790578679851,4.927464137358356,-2.6293075432156607,7.556771680574017,58.82744981543523,0.030698573943892336,4447110.25,0.5432790878076387,0.017296546531928837,0.22373477094069824,0.9766118676116124,0.9959135134316891,-0.0032303938241619035
2024-06-11,1466.3199418236345,1472.2444668411035,1456.6431694145265,1462.419677734375,1737873,INDUSINDBK,-0.0032303938241619035,0.06435514213814697,0.05446586084014582,1432.1995483398437,1461.8873413085937,1469.0873681640626,1.0211005019723414,1.0003641432624382,0.9954613383967624,1451.831622886733,1446.270955635866,5.560667250867027,-0.9913125843991233,6.551979835266151,58.40513639486731,0.030690076185981546,4352760.8,0.3992576389678937,0.010668139703061881,0.37025820109090074,0.9796921471786086,0.9950989798078063,0.0021605753921780657
2024-06-12,1472.244436209102,1473.478712228727,1454.470861526497,1465.579345703125,5419536,INDUSINDBK,0.0021605753921780657,-0.01112624701314402,0.04451089226057903,1435.322265625,1460.9137451171875,1469.5986053466797,1.0210803391006755,1.0031936181047862,0.9972650629709827,1453.946657166178,1447.7012067519593,6.245450414218794,0.45604001532446037,5.789410398894334,55.16667505553579,0.030623378138491114,4559769.85,1.1885547249714807,0.012969513222166048,0.5844155844155869,0.9824825527326839,0.9940903181331998,0.01549605173268831
2024-06-13,1477.1815547769118,1491.0054463323106,1462.5676783472968,1488.2900390625,2446832,INDUSINDBK,0.01549605173268831,0.017655874586673725,0.06361583804660143,1439.7730651855468,1460.0102563476562,1470.2549938964844,1.0336976535053466,1.019369578118984,1.0122666103777134,1459.2302543809967,1450.7077869231105,8.52246745788625,2.0693255038368186,6.453141954049432,57.40301254013177,0.030726338451631585,4556296.0,0.5370221776636109,0.019107678771355115,0.9045140507777691,0.9861390075349645,0.9930319994889611,-0.003250965053355981
2024-06-14,1491.4991640294004,1496.831260619478,1477.1321427359642,1483.45166015625,2706742,INDUSINDBK,-0.003250965053355981,0.006869533545813322,0.06644189583258386,1444.3941955566406,1459.2193334960937,1470.9000268554687,1.0270407238687063,1.016606363487591,1.0085333014287956,1462.9566245002663,1453.133259014454,9.823365485812246,3.620133500231904,6.203231985580342,54.396326225223845,0.03068930767361378,4408320.95,0.6140074714841259,0.01327924489392452,0.32080205101846954,0.9898403635429267,0.99205881219246,0.0036942387518024145
2024-06-18,1494.9551276856744,1497.473099001034,1480.2425332996477,1488.931884765625,2811967,INDUSINDBK,0.0036942387518024145,0.014840042838952572,0.0676532658522131,1449.1116027832031,1458.2022924804687,1471.4436016845702,1.027479099543432,1.0210736140270935,1.011885119525501,1466.9528183872446,1455.7850090700963,11.16780931714834,5.129668663615192,6.038140653533148,55.73269346088741,0.030688179420101245,4365249.05,0.6441710353272971,0.011572433821644251,0.5042986757700152,0.9937658240258271,0.9910011439181615,0.013462372502834663
2024-06-19,1497.1273906562787,1530.50226239862,1494.2145474675565,1508.9764404296875,11002582,INDUSINDBK,0.013462372502834663,0.03183543233460839,0.0865268068956,1455.1200561523438,1457.9169262695314,1472.0708605957032,1.0370116431627998,1.035022238400651,1.0250705185612123,1473.4179910091589,1459.7251150967327,13.692875912426189,6.842310113377392,6.8505657990487965,57.67189903383126,0.03070294239767984,4764877.55,2.3091006819262336,0.02404790025795919,0.4068013924319707,0.9980815984321245,0.9903850183404594,-0.0002290168656239322
2024-06-20,1516.6783630777106,1521.3686119218637,1493.9676844639168,1508.630859375,3589441,INDUSINDBK,-0.0002290168656239322,0.029375082146248843,0.08747641354201452,1461.1877563476562,1457.5891040039062,1472.6971319580077,1.032468861596494,1.0350179314807482,1.0243999439105425,1478.8353553731345,1463.347762821049,15.487592552085516,8.571366601119017,6.916225950966499,59.42989881264877,0.030695011813753476,4607364.85,0.7790659339687415,0.018162778049826318,0.5351342553491021,1.002468907275627,0.9897412525452434,-0.0004581386527260367
2024-06-21,1503.8418768429149,1518.4557528816897,1492.2396824549278,1507.939697265625,5249389,INDUSINDBK,-0.0004581386527260367,0.013202841977967283,0.05989524636067123,1465.4484802246093,1457.0904565429687,1473.2007165527343,1.028995367366653,1.0348977927172065,1.0235806162205645,1483.3129464335177,1466.6508690762028,16.662077357314956,10.189508752358204,6.472568604956752,57.85990442685726,0.030311623645479614,4547627.0,1.1543138872207417,0.017385357301953123,0.5988698746655146,1.0057361048822395,0.9890644500584663,-0.024064436921691024
2024-06-24,1488.1912758616522,1489.9192622535647,1459.6053715145858,1471.6519775390625,4609137,INDUSINDBK,-0.024064436921691024,-0.007954207699592097,0.033707862278298695,1467.8479125976562,1455.5510693359374,1473.641353149414,1.002591593385635,1.0110617267523776,0.9986500272904938,1481.518951218986,1467.0213215549331,14.497629664052965,11.051132934697158,3.4464967293558075,44.88681820623737,0.0309252569205444,4670319.35,0.9868997502280011,0.020598545852988037,0.3973955744646997,1.0084482389665166,0.9877240932640667,0.0034554399788384593
2024-06-25,1475.9471977863038,1483.25413560031,1463.5550188935445,1476.7371826171875,3309896,INDUSINDBK,0.0034554399788384593,-0.008190235076037111,0.020783601755175685,1469.3512634277345,1454.3780126953125,1474.0664379882812,1.0050266531722463,1.0153736990842142,1.001811821068629,1480.7832945110172,1467.741014966952,13.042279544065195,11.449362256570765,1.59291728749443,70.70649317931772,0.030751631606206916,4673130.0,0.7082824573679739,0.013339622607628335,0.6691753706457135,1.0102952950345234,0.9866434613898147,0.0015713253499853863
2024-06-26,1479.1563351589955,1501.867013202158,1462.913311468118,1479.0576171875,5605220,INDUSINDBK,0.0015713253499853863,-0.01982723019430843,0.02641595105640926,1471.2545227050782,1453.2928393554687,1474.5490399169921,1.0053037012712627,1.0177285521089183,1.003057597372795,1480.5178056920145,1468.5792817981037,11.93852389391077,11.547194584038767,0.39132930987200254,48.94208594870933,0.030725310638480514,4834324.35,1.1594629557696103,0.0263368385932877,0.41444856331263974,1.0123593007982998,0.985584609269611,0.0032379147670438257
2024-06-27,1475.20674726543,1486.0189573397115,1466.319959631301,1483.8466796875,5166134,INDUSINDBK,0.0032379147670438257,-0.01642825979164153,0.029104653945756898,1473.3527954101562,1452.2481494140625,1475.0936029052734,1.0071224518051853,1.0217583546490911,1.00593391278017,1481.0299401528582,1469.7102001602811,11.31973999257707,11.501703665746428,-0.18196367316935813,58.38179282407075,0.030725778154147596,4873452.9,1.060056207786475,0.013275628795125416,0.8897264884048371,1.0145323965498656,0.9845125397830919,-0.01463415597261919
2024-06-28,1488.5889842149625,1488.5889842149625,1458.138304122034,1462.1318359375,6425323,INDUSINDBK,-0.01463415597261919,-0.03037778063087615,0.023471483398195048,1475.029364013672,1451.0802001953125,1475.6001922607422,0.9912560872408148,1.0076161439875617,0.9908726249875262,1478.1225395043416,1469.1488398474826,8.973699656859026,10.996102863968947,-2.022403207109921,45.95358487503485,0.03085256367333576,5023921.95,1.2789456253395814,0.020826220553089775,0.1311475409836052,1.016504369513922,0.9833830381738681,-0.005189524205812979
2024-07-01,1466.5745081709665,1466.624476064994,1450.600381814915,1454.5440673828125,3166439,INDUSINDBK,-0.005189524205812979,-0.011624970045471139,0.007678078836293123,1475.583514404297,1450.7271826171875,1475.8792578125,0.985741608783168,1.0026310148533504,0.9855440813896186,1474.4950822548758,1468.0670048500995,6.428077404776332,10.082497772130424,-3.654420367354092,45.48798942367222,0.030815875130717516,5004918.65,0.6326654280384757,0.011016575303154294,0.2461097336517527,1.0171337051410778,0.9829579045425489,-0.018841395226855462
2024-07-02,1455.0433036967793,1458.0882985035448,1418.3527310913926,1427.138427734375,4644571,INDUSINDBK,-0.018841395226855462,-0.03358671770890864,-0.05516149293806816,1471.4175598144532,1450.1528857421874,1475.995375366211,0.9699071607615843,0.9841296333413606,0.9668989832575092,1467.2094430978757,1465.0352583970828,2.174184700792921,8.500835157862923,-6.326650457070002,39.14162058187064,0.029145696833911855,4823870.95,0.9628306909827262,0.027842826343926323,0.2211040942703518,1.0146637463410504,0.9824914833370587,0.018223834538322103
2024-07-03,1436.57322995357,1455.6423196428957,1419.6007200537556,1453.1463623046875,5907225,INDUSINDBK,0.018223834538322103,-0.017518759635668513,0.05760598448352061,1475.3750793457032,1449.9476708984375,1476.2319049072266,0.9849335146348862,1.0022060736883476,0.984361845502865,1465.045892206616,1464.1545994272758,0.8912927793401195,6.978926682158363,-6.087633902818244,46.64534110469134,0.02083404198709111,4723668.1,1.2505588612375202,0.024802456603186338,0.9307478756031607,1.0175367766420909,0.982195050844372,-0.00869123647795833
2024-07-04,1453.096323630059,1455.4924669326083,1433.8774530619874,1440.5167236328125,3010077,INDUSINDBK,-0.00869123647795833,-0.0292011005232784,-0.02803680816360221,1473.2974548339844,1449.5797216796875,1476.4798370361327,0.97775009310332,0.9937478443501035,0.9756426654118676,1461.2721739644924,1462.403645664723,-1.131471700230577,5.356847005680576,-6.488318705911153,36.36825316325187,0.010952241221541911,4323448.6,0.696221298895516,0.015005041951967373,0.30716013464368963,1.01636179976829,0.9817809124908579,-0.005960402562116385
2024-07-05,1434.6762170178229,1447.355631007786,1423.6940051965314,1431.9306640625,4216309,INDUSINDBK,-0.005960402562116385,-0.020655573685416262,-0.020881270426345355,1471.7705444335938,1449.0992944335937,1476.532035522461,0.9729306443033713,0.9881522056928442,0.9697931569468595,1456.758095518032,1460.146387768262,-3.3882922502300516,3.6078191544984506,-6.996111404728502,35.60671682001406,0.010654579616729061,4370275.3,0.96476965650196,0.016524281800156988,0.34810198300282547,1.015645063169299,0.9814208290583005,0.002649531438719377
2024-07-08,1425.6908122622235,1439.3686095410635,1420.499269818278,1435.724609375,2772277,INDUSINDBK,0.002649531438719377,-0.012938389719381105,-0.02552445315987606,1469.8902465820313,1448.6917846679687,1476.5575354003906,0.9767563345042412,0.9910490447794313,0.9723458618804731,1453.5221745729502,1458.3373671465388,-4.815192573588547,1.923216808881051,-6.738409382469598,34.99424383553344,0.010508244673875025,4310649.6,0.6431227905882214,0.013142729183279606,0.8068824760379283,1.0146328309019308,0.981127893722837,-0.0026425299724796014
2024-07-09,1438.6697485892018,1447.2558170930838,1423.6940051965314,1431.9306640625,3126274,INDUSINDBK,-0.0026425299724796014,0.0033579337750246907,-0.02401137934637987,1468.1288208007813,1447.7847924804687,1476.557401123047,0.9753440187091094,0.9890493887625342,0.9697764969877876,1450.2004037251886,1456.3813150662397,-6.1809113410511145,0.30239117889461786,-6.483302519945733,26.07852605040361,0.010491077555960147,4346162.2,0.7193182987970398,0.01645457597067283,0.3495766328214255,1.0140518317542606,0.9805137215656539,-0.0057870267756122695
2024-07-10,1431.1818825888922,1431.1818825888922,1412.7617668917617,1423.64404296875,3979121,INDUSINDBK,-0.0057870267756122695,-0.020302372906984334,-0.026514710760523585,1466.1900390625,1447.693564453125,1476.6197589111327,0.9709819362018347,0.9833876988370396,0.9641236576832432,1446.1148097626594,1453.9563319479073,-7.841522185247868,-1.3263914939338795,-6.515130691313988,24.852992594005272,0.010533098273381437,4458224.6,0.89253488933689,0.012938708793188744,0.5907821783488333,1.0127765122837735,0.9804105327160608,0.0026649535965383997
2024-07-11,1425.6408502654942,1433.5280997545533,1413.4106594234272,1427.43798828125,2416195,INDUSINDBK,0.0026649535965383997,-0.009079197163764596,-0.026024764564061442,1464.2829711914062,1446.8714916992187,1476.5732159423828,0.9748375255090364,0.9865686043788547,0.966723473559844,1443.2414526116731,1451.9920101948217,-8.75055758314852,-2.8112247117768074,-5.939332871371713,26.609595503163078,0.010542394038455208,4308057.55,0.5608548567323572,0.014093390043058266,0.6972720498700544,1.012033881095922,0.9798846925282958,0.0033572290827814655
2024-07-12,1429.684299488914,1448.6036065186004,1425.0417946725554,1432.230224609375,3340305,INDUSINDBK,0.0033572290827814655,0.00020920045529648768,-0.03766726443216539,1461.47998046875,1445.5834228515625,1476.534835205078,0.9799862083297278,0.9907627619194422,0.9699941988909802,1441.5474175343966,1450.5281742255293,-8.980756691132683,-4.045131107647983,-4.9356255834847005,35.9796160602106,0.009853592079609485,4352731.2,0.767404382793038,0.01645113435060428,0.305088164857162,1.010996638011959,0.9790378041780392,0.006622357947741575
2024-07-15,1436.1738916289887,1446.6569127357698,1430.6827853349607,1441.7149658203125,4284427,INDUSINDBK,0.006622357947741575,0.004172357572055807,-0.028134852962813373,1459.3931457519532,1444.6924096679688,1476.584609375,0.9878866226122146,0.9979390465210926,0.9763849336277135,1441.5731941937684,1449.875343973291,-8.302149779522551,-4.896534842022897,-3.4056149374996547,37.922275395459586,0.010026656045635969,4431615.45,0.9667867278511271,0.011079948380587156,0.6906280517578086,1.010175685831535,0.9784013733418702,0.001281060314910487
2024-07-16,1442.7132885402882,1447.6552352493873,1433.4282786271087,1443.5618896484375,2284985,INDUSINDBK,0.001281060314910487,0.008122757531386915,-0.030471504829335583,1457.1246459960937,1444.2629248046876,1476.609552001953,0.9906921097073444,0.9995146069706491,0.977619227568513,1441.8791473406404,1449.4076806899684,-7.528533349327972,-5.422934543483912,-2.1055988058440605,37.71887219105751,0.009976801892343753,4405266.35,0.5186939491184228,0.009855453184444574,0.7122824150219284,1.0089053876344194,0.9780939875721306,0.007607694421088995
2024-07-18,1438.3701913235627,1458.487631077798,1435.674606250144,1454.5440673828125,3634938,INDUSINDBK,0.007607694421088995,0.021704880912244207,-0.0360723809785759,1454.40302734375,1443.7805541992188,1476.7706213378906,1.0000969745224748,1.0074550894540644,0.9849492171404779,1443.8275965778976,1449.7881537783271,-5.960557200429548,-5.530459074873039,-0.4300981255565093,40.27824689552053,0.009593240691479587,4036884.15,0.9004315865740166,0.01568396952641095,0.8271354314135037,1.007357401451097,0.9776606693944222,-0.016782250196695547
2024-07-19,1449.2027559244236,1449.6519794829492,1426.6891726454094,1430.133544921875,2981749,INDUSINDBK,-0.016782250196695547,0.0018883879108966273,-0.05203215482788481,1450.4781616210937,1443.6976635742187,1476.9535540771485,0.9859738552171782,0.9906045988751118,0.9682996062902409,1441.720819400048,1448.3322568259973,-6.611437425949362,-5.746654745088303,-0.8647826808610581,39.5704520677664,0.010149310555907861,4006499.55,0.7442279632853073,0.016056407402704625,0.14999787703804301,1.0046966191176678,0.9774834554471084,-0.006317786441969009
2024-07-22,1425.6908036392629,1427.637601575739,1407.3205336155468,1421.0982666015625,2883674,INDUSINDBK,-0.006317786441969009,-0.0077724641028634744,-0.05758945853175279,1446.1360900878906,1443.6325390625,1476.8859265136718,0.9826863988403702,0.9843905759594673,0.9622261551074555,1438.5481189695115,1446.31492421678,-7.766805247268394,-6.150684845524322,-1.6161204017440722,39.20055371264962,0.010168208089994277,3888213.8,0.741644916748148,0.014296736853235863,0.6781358911143507,1.0017342024079177,0.9774841192172035,-0.007166002513220415
2024-07-23,1420.1996826189045,1424.6924056922153,1393.393125989397,1410.9146728515625,3054925,INDUSINDBK,-0.007166002513220415,-0.021363649333573487,-0.04127151365573989,1443.0992248535156,1444.1744165039063,1476.8174926757813,0.977697616735107,0.9769697182886955,0.9553751088736007,1434.2968195667502,1443.692683374912,-9.395863808161721,-6.799720638051802,-2.5961431701099187,44.10592090966744,0.008946768739109816,3810503.2,0.8017117004389341,0.02218368006589661,0.5598067121202084,0.999255497370606,0.9778963369991437,-0.011710979889365203
2024-07-24,1407.5202387930551,1410.215823831037,1384.1580549298735,1394.3914794921875,5553500,INDUSINDBK,-0.011710979889365203,-0.03406186496667962,-0.0557619216840336,1438.9819396972657,1444.2140161132813,1476.7637036132812,0.9690124948931192,0.9655019712693428,0.9442211208742814,1428.157536478356,1440.040742346562,-11.883205868206005,-7.816417684082643,-4.066788184123362,27.074454201302032,0.009095560708008184,3922683.4,1.4157400518226886,0.018687556030285823,0.3927206738661764,0.9963772153173694,0.9779587706412619,-0.01256577274245363
2024-07-25,1386.753888418828,1394.29172828215,1371.7781444834193,1376.869873046875,3631639,INDUSINDBK,-0.01256577274245363,-0.053401059533175976,-0.06908976564073277,1433.8725524902343,1444.0137744140625,1476.5561505126952,0.9602456443256678,0.9535018968953863,0.9324873101295831,1420.2671267196665,1435.3614186947334,-15.09429197506688,-9.271992542279492,-5.822299432787389,26.07886983275236,0.009283281298272585,3824004.35,0.9496953108853027,0.01635127925989867,0.226162507443297,0.9929770601198432,0.9779606240593469,0.017982736190255366
2024-07-26,1362.7926420270542,1406.721489096058,1356.8523125930235,1401.6297607421875,3607419,INDUSINDBK,0.017982736190255366,-0.019930854905752637,-0.055407960991379124,1429.7617065429688,1443.9838696289062,1476.5881713867188,0.9803240318494739,0.9706685720127861,0.9492353981312642,1417.3998396462082,1432.8627773649152,-15.462937718707053,-10.510181577565005,-4.952756141142048,39.84612829568762,0.010370999994537212,3746068.6,0.9629879709090218,0.0355794218272219,0.8978982868594075,0.9901507465664472,0.9779191636573976,0.005413532708287816
2024-07-29,1412.711869610399,1442.6133901155297,1404.175646666766,1409.217529296875,5955870,INDUSINDBK,0.005413532708287816,-0.008360250366851285,-0.03618983277708132,1427.1159912109374,1444.1827392578125,1476.5798779296874,0.9874582990981167,0.9757889296067154,0.9543794754082243,1416.1410226693877,1431.1112775080235,-14.97025483863581,-11.402196229779166,-3.568058608856644,41.337693753610196,0.010132577502792882,3722595.95,1.5999238380947574,0.02727594757350353,0.13117009943181818,0.9881824179288793,0.978059338911418,0.012894057765254097
2024-07-30,1409.2175404978543,1430.3832103874074,1404.9244450436631,1427.3880615234375,2158067,INDUSINDBK,0.012894057765254097,0.011675680314941372,-0.018669771833202176,1425.7581909179687,1444.9099194335938,1476.630098876953,1.0011431606115617,0.9878733908083177,0.9666524220311055,1417.8713363392415,1430.8354837313875,-12.96414739214606,-11.714586462252546,-1.249560929893514,48.64301920478074,0.010609135570582162,3672177.35,0.5876804942441028,0.017835910240535706,0.8823529411764706,0.9867453823535708,0.9785185338782652,-0.0013288962105463265
2024-07-31,1432.6795193586345,1432.6795193586345,1411.7634455081054,1425.4912109375,3926481,INDUSINDBK,-0.0013288962105463265,0.022303443403597356,-0.0011542095460844726,1425.675830078125,1445.5280688476562,1476.8391906738282,0.9998705041239179,0.9861387278863917,0.9652311639204944,1419.0436247389734,1430.439611672581,-11.395986933607446,-11.650866556523528,0.2548796229160821,50.573692926425366,0.009736182390107753,3636272.85,1.079809233787283,0.01467288867868448,0.6563261120369084,0.9862664453237792,0.9787985570643708,-0.005568084740525947
2024-08-01,1429.6843318493345,1437.6713951557554,1414.5089603163003,1417.553955078125,4074181,INDUSINDBK,-0.005568084740525947,0.029548240416663596,-0.024493339521638458,1423.8962097167969,1446.1030004882812,1477.0058819580079,0.9955458448478255,0.9802579446965282,0.9597483479205446,1418.8144447911507,1429.4851185915102,-10.67067380035951,-11.454828005290725,0.784154204931216,47.00724293780299,0.008799089454129808,3544620.65,1.149398314316089,0.01633972009070971,0.1314626369347759,0.984643700508203,0.9790773470524301,-0.010951809077758834
2024-08-02,1411.663472425943,1411.663472425943,1390.447835504573,1402.0291748046875,3268026,INDUSINDBK,-0.010951809077758834,0.00028496402808153576,-0.026717877131661405,1421.9718322753906,1446.398046875,1476.9322705078125,0.98597534985008,0.9693245768921126,0.9492846779782453,1416.232095562464,1427.4513449776716,-11.219249415207514,-11.407712287274084,0.18846287206656953,41.41357560663767,0.008914117623686225,3557518.1,0.9186252629326046,0.015132093755699032,0.5458869485294082,0.9831123841376976,0.9793259147744711,-0.010574708480480033
2024-08-05,1385.755518488498,1393.942209834148,1366.7862426590443,1387.203125,3532894,INDUSINDBK,-0.010574708480480033,-0.015621721869908178,-0.031235827393768067,1419.7354553222656,1445.6876049804687,1476.8153857421876,0.9770856392996954,0.9595455617251012,0.9393206072963872,1411.7661000913158,1424.4699953496959,-12.703895258380044,-11.666948881495276,-1.0369463768847673,34.95863431603638,0.00909847396710508,3523347.35,1.0027095398357473,0.019576056805021665,0.7518377898053198,0.9820485770447249,0.97892236154753,-0.006081502517430559
2024-08-06,1392.7442069195215,1405.0243658802374,1374.0245267189905,1378.766845703125,2425599,INDUSINDBK,-0.006081502517430559,-0.03406306745232235,-0.03967178893497536,1416.8875671386718,1444.7896752929687,1476.6958172607422,0.9730954506767749,0.9543028091085605,0.9336837211747003,1406.689291723902,1421.0845768573572,-14.395285133455218,-12.212616131887264,-2.1826690015679535,32.74853535081053,0.009096027882765529,3506013.45,0.6918396163026699,0.022483742815441722,0.15297882545348512,0.9806877716310929,0.9783935583788955,-0.02595942330572021
2024-08-07,1388.750687533129,1397.2369426330797,1327.050572292554,1342.974853515625,8728852,INDUSINDBK,-0.02595942330572021,-0.0578862617943513,-0.062122987362041915,1412.4397766113282,1442.7157690429688,1476.3940795898438,0.9508191965094889,0.9308658589116917,0.9096316979872447,1396.8870704610902,1415.2986714246363,-18.411600963546107,-13.452413098219035,-4.959187865327072,23.76145814493603,0.010561303214289783,3786142.35,2.305473802378297,0.052261864886593005,0.22688566378073888,0.9790145827187262,0.9771888068284376,0.0015983057086892405
2024-08-08,1345.77018928114,1353.6075925909165,1331.842796492769,1345.121337890625,3669342,INDUSINDBK,0.0015983057086892405,-0.05109690317467175,-0.05515613644150841,1408.5136413574219,1440.7983471679688,1476.0880157470704,0.9549934756714858,0.9335944481992179,0.911274479259178,1388.9231116040955,1410.100350422117,-21.17723881802135,-14.997378242179499,-6.179860575841852,27.668510682508185,0.010593257609203008,3770653.4,0.9731316063152344,0.016180544821538877,0.6100926164424865,0.9775924883076069,0.9760924360860413,0.0018555736269871836
2024-08-09,1364.7894469865962,1364.7894469865962,1335.8863103003107,1347.6173095703125,5082087,INDUSINDBK,0.0018555736269871836,-0.03880936731716367,-0.05591884156526339,1404.522607421875,1438.9130688476562,1475.599663696289,0.9594842421539821,0.9365522759825531,0.913267563503377,1382.5683728296674,1405.4719770256868,-22.903604196019387,-16.578623432947477,-6.32498076307191,30.010865320500386,0.010572891074617553,3903948.0,1.3017814274165538,0.02144758491971379,0.4058728779969457,0.9760996948527804,0.9751378400583698,0.0007778304463688102
2024-08-12,1347.617298413751,1355.4046119749812,1334.4885387946215,1348.66552734375,4436342,INDUSINDBK,0.0007778304463688102,-0.02778078924544669,-0.05834585517731017,1400.3443725585937,1437.3143701171875,1475.2019641113282,0.9630956168871373,0.938323275258001,0.914224330060593,1377.3525504472184,1401.2640918640618,-23.91154141684342,-18.04520702972667,-5.866334387116751,32.18060887389569,0.010509117402465431,3958749.85,1.1206421643438773,0.01550871788170841,0.6778035450000607,0.974278419302536,0.9743170122357013,-0.00018500637384977203
2024-08-13,1352.808925069922,1369.4320259038525,1341.327520908812,1348.416015625,3905817,INDUSINDBK,-0.00018500637384977203,-0.022013025750301618,-0.06471386675397861,1395.679425048828,1435.4134692382813,1474.8543627929687,0.9661359130359218,0.9393920598645019,0.9142706219965141,1372.9007758591847,1397.3494195500573,-24.448643690872586,-19.325894361955854,-5.122749328916733,35.486918879093565,0.01029078591230979,3939819.35,0.9913695662213547,0.020842606932411665,0.2522191626374107,0.9723187464511264,0.9732577706994763,-0.009255198880631088
2024-08-14,1354.7556508425496,1354.7556508425496,1333.7896095798455,1335.9361572265625,4868357,INDUSINDBK,-0.009255198880631088,-0.005241122922470698,-0.07455567592469903,1390.2981384277343,1431.9230419921876,1474.5216284179687,0.9608990476944399,0.9329664500460293,0.906013266594064,1367.213911454166,1392.8002890075763,-25.58637755341033,-20.57799100024675,-5.008386553163579,36.65362525920295,0.010314178159502045,4068987.95,1.1964540224308111,0.015693894614118443,0.10238211495535846,0.9709307676852927,0.9711102329021205,0.0194679471991428
2024-08-16,1344.9216141729148,1365.6880277664045,1336.3855132861372,1361.944091796875,5456176,INDUSINDBK,0.0194679471991428,0.012506495460573808,-0.0636625439286651,1385.6681396484375,1431.6820043945313,1474.1708203125,0.9828789829449484,0.9512895235229635,0.9238712861703268,1366.403169968429,1390.5146447697466,-24.111474801317627,-21.28468776046093,-2.826787040856697,37.16500628908967,0.01129943765494116,4160049.85,1.3115650525197433,0.02151521098168365,0.8722315802607753,0.9678602758120485,0.9711778205534134,-0.01213215397695766
2024-08-19,1367.8345456742632,1373.5752473693249,1343.374164538783,1345.4207763671875,5895105,INDUSINDBK,-0.01213215397695766,-0.0016299384012997686,-0.05923416652625624,1381.4325012207032,1428.9490356445312,1473.6448254394531,0.9739316073556298,0.9415456694439294,0.9129884984096978,1363.1751094143917,1387.174358221409,-23.99924880701724,-21.82759996977219,-2.1716488372450478,30.49446919747193,0.011050853580996478,4305717.65,1.369134132610855,0.022447314149621537,0.0677661738119827,0.9667472154439745,0.969669903477866,0.02500751472982321
2024-08-20,1361.694518688191,1389.3996453229902,1355.0052798544168,1379.06640625,5507239,INDUSINDBK,0.02500751472982321,0.02254145174610178,-0.02957702598010914,1379.330908203125,1427.280986328125,1473.4554132080077,0.9998082389428439,0.9662192794971902,0.9359403711086826,1365.6199243121775,1386.5737691864897,-20.953844874312153,-21.652848950680188,0.6990040763680341,36.503094886907235,0.01265753753751907,4436895.9,1.24123691971227,0.024940325797725427,0.6995659337738964,0.966404598264594,0.9686624878730794,0.001954624250441128
2024-08-21,1377.76843120597,1385.1065213019406,1364.190447852726,1381.761962890625,5441231,INDUSINDBK,0.001954624250441128,0.024729717593994005,-0.020662277118443817,1377.873272705078,1425.4496142578125,1473.3895764160156,1.0028222408131282,0.9693516691644452,0.9378116860658994,1368.1033148627077,1386.2173390904995,-18.114024227791788,-20.945084006102512,2.831059778310724,37.84007266832044,0.01260396544118416,4556211.2,1.194244682950606,0.01513724795655717,0.840096258055492,0.9666236245203896,0.9674628062220884,-0.0015173073752887678
2024-08-22,1381.8119529629732,1393.692612417166,1377.3690757687405,1379.6654052734375,3510879,INDUSINDBK,-0.0015173073752887678,0.03273303728649579,-0.010560932446397997,1377.1369689941407,1423.6997387695312,1473.3036291503906,1.0018360092977125,0.9690704912721614,0.9364433630486939,1369.8820980028202,1385.732010659606,-15.849912656785818,-19.926049736239175,4.076137079453357,39.11049175979741,0.012350228991440225,4454080.15,0.7882388465775587,0.011831518414561034,0.14067597936373288,0.9672945295223321,0.9663315223017102,0.004812240852880345
2024-08-23,1379.7652304588603,1388.0518576543436,1371.5785390562455,1386.3046875,2252945,INDUSINDBK,0.004812240852880345,0.0178866341502939,0.00685236465538086,1377.608709716797,1422.1774389648438,1473.1193041992187,1.0063123713735744,0.9747761773728078,0.9410674909684855,1372.4086502331556,1385.7744311663018,-13.365780933146198,-18.61399597562058,5.248215042474381,45.237389239675615,0.012061521962828324,4385145.45,0.5137674509747447,0.011882899009600371,0.893939393939401,0.9686616254575893,0.9654190498426285,-0.0029168040316263077
2024-08-26,1393.043692337709,1393.293288059702,1377.5687575741294,1382.2611083984375,2541300,INDUSINDBK,-0.0029168040316263077,0.027382015112568547,-0.013818665161257626,1376.6402770996094,1420.51107421875,1472.8488513183593,1.0040830065721094,0.9730730956523171,0.9384948816446196,1373.9244130278144,1385.5141850353489,-11.58977200753452,-17.209151182003367,5.619379174468847,48.39857060015332,0.01134291902245236,4331839.5,0.5866560845571495,0.011375947995666229,0.29840959821428875,0.9691161878880328,0.9644649367429922,-0.0009389337185387037
2024-08-27,1383.6589639425404,1384.9069426383048,1375.322490629418,1380.9632568359375,1167406,INDUSINDBK,-0.0009389337185387037,0.0013754599324158345,-0.020049617517201135,1375.2275634765624,1418.3645385742188,1472.6378192138673,1.0041707230946384,0.9736306987935004,0.9377480591752912,1375.007312075218,1385.1770792428,-10.169767167581995,-15.801274379119093,5.631507211537098,50.746257514211365,0.011253236215262795,4092416.3,0.28526081278681253,0.006940410587640559,0.5885329908574083,0.9695868206483652,0.9631455338634309,0.02353235271992893
2024-08-28,1386.8037969738314,1419.6504964350013,1380.314308212836,1413.4605712890625,6532773,INDUSINDBK,0.02353235271992893,0.022940715730895178,-0.009757325712469789,1374.5311889648438,1416.964716796875,1472.6322265625,1.028321934516114,0.9975270058130071,0.9598191223809089,1380.923198108117,1387.2721527277083,-6.348954619591268,-13.91081042721353,7.561855807622262,74.4968219664862,0.012157268937398952,4311151.6,1.5153197117911605,0.02782970322708825,0.8426404431720997,0.970053221982863,0.962198634009547,0.0012007873862742713
2024-08-29,1411.9130923880437,1420.7488788264588,1402.9776139040196,1415.1578369140625,3316387,INDUSINDBK,0.0012007873862742713,0.02572539073964153,-0.007248991746951261,1374.0145202636718,1415.4892358398438,1472.4939196777343,1.0299438732587014,0.999765876760211,0.9610619222276855,1386.190065616724,1389.3377589637346,-3.147693347010545,-11.758187011172934,8.610493664162389,74.41693995722113,0.01216047596190441,4280646.9,0.7747396777809447,0.012557797059013475,0.6853886351479295,0.9706993776243279,0.9612869818502433,0.005502902491017592
2024-08-30,1419.850349701281,1427.6876315558677,1413.261046545607,1422.9453125,2792988,INDUSINDBK,0.005502902491017592,0.026430427113447896,0.003803281986242135,1374.2840881347656,1413.76861328125,1472.4486114501954,1.0354084172154532,1.0064909484710172,0.966380287525661,1391.8447189833819,1391.8272073738283,0.0175116095535941,-9.403047287027627,9.420558896581221,75.32725838452112,0.012159724707526218,4216587.25,0.662381170933911,0.010138537920979043,0.6712791660330681,0.972071437450543,0.9601480162277771,0.016698796784837766
2024-09-02,1422.945225387591,1448.90318073583,1422.945225387591,1446.706787109375,4024426,INDUSINDBK,0.016698796784837766,0.046623375510874254,0.03186639273102965,1376.51796875,1412.5301318359375,1472.4233685302734,1.0509901214170947,1.024195345998755,0.9825345196425619,1400.2850371566115,1395.892361428313,4.3926757282984,-6.6439026839624225,11.036578412260823,78.59636230020209,0.012387660298168153,4254407.25,0.9459428219994689,0.0179427894992493,0.9153864933894373,0.9745052071638778,0.9593233590457618,-0.008522859113446524
2024-09-03,1447.6552507229312,1449.5522026674273,1431.5813098998324,1434.376708984375,2351018,INDUSINDBK,-0.008522859113446524,0.03867840211101514,0.03400625556143777,1378.8766479492188,1411.0588720703124,1472.2567407226563,1.0402502001304472,1.016525063110833,0.9742707703822854,1405.5299097454981,1398.7430538398733,6.786855905624861,-3.9577509660449657,10.744606871669827,73.42212713985224,0.012289260839956014,4195313.45,0.560391500663675,0.012528712056625212,0.1555514865451359,0.9771928551259695,0.9584326109980621,-0.0016008797647469875
2024-09-04,1414.7085576444788,1436.9225769864615,1414.7085576444788,1432.0804443359375,2919356,INDUSINDBK,-0.0016008797647469875,0.013173252530060964,0.03866759546689291,1381.5423278808594,1410.26744140625,1472.0660424804687,1.0365809396029133,1.0154672810909797,0.9728370895118574,1409.6146073747964,1401.2124901729148,8.402117201881538,-1.4857773324596653,9.887894534341203,77.7361297165725,0.012179425746717404,4220001.3,0.6917903082162558,0.015511711950150603,0.7820235691713482,0.979631442461192,0.9580191382106156,-0.008017233450535288
2024-09-05,1440.6665939741072,1441.6649769221142,1416.605589301722,1420.59912109375,3427784,INDUSINDBK,-0.008017233450535288,0.00384500162296586,0.05780023905505094,1385.4235412597657,1409.1446801757813,1471.7270947265624,1.0253897662241247,1.0081286478805993,0.9652598815255815,1411.3045325623277,1402.6485369077916,8.655995654536127,0.5425772649394933,8.113418389596633,68.46902597722072,0.010568227418544508,3954947.9,0.8667077510679724,0.017640013462135968,0.15936270480840928,0.9831662857265611,0.9574768890407576,-0.009522882311634673
2024-09-06,1424.143246153261,1435.874245287548,1399.2336414215365,1407.0709228515625,2608515,INDUSINDBK,-0.009522882311634673,-0.011156008252030114,0.046055016165370555,1388.5210205078124,1407.7049462890625,1471.3627178955078,1.0133594681461617,0.9995496048805033,0.9563045914770072,1410.6532079914407,1402.9761210517747,7.677086939665969,1.9694791998847885,5.707607739781181,69.7853005885782,0.01092500097398649,3901906.55,0.6685231864407414,0.026040339026945376,0.21389607711394693,0.9863721969352868,0.9567355004770712,0.01330403909176292
2024-09-09,1407.0709693261574,1428.6859843089085,1397.8359271494578,1425.7906494140625,1802343,INDUSINDBK,0.01330403909176292,-0.014457758739837345,0.05800856021111489,1392.4296875,1406.5438256835937,1471.038618774414,1.0239588125803032,1.0136837710841429,0.9692408011707744,1412.9820451333826,1404.6660861156479,8.315959017734713,3.2387751634547737,5.077183854279939,66.58394156788903,0.011196486295739612,3737919.35,0.48217814009283,0.021637157721667407,0.9061481513670709,0.989965376175368,0.9561569680988024,0.005216746430695585
2024-09-10,1426.5893669576687,1436.1738185357754,1418.302740041074,1433.2286376953125,2414043,INDUSINDBK,0.005216746430695585,-0.0008003973306812684,0.0627013211482561,1396.6578430175782,1405.96576171875,1470.8289758300782,1.0261845052892271,1.0193908534040221,0.9744359549936487,1416.0969055275255,1406.7818306771046,9.315074850420842,4.454035100847988,4.861039749572854,67.67225010541776,0.01119656614362813,3636804.4,0.6637813680603775,0.012469105085311958,0.8351984833295831,0.9933796974616274,0.9559002336932327,-0.009996244786116715
2024-09-11,1433.078843748822,1436.6230299317333,1415.5073290256014,1418.9017333984375,2622902,INDUSINDBK,-0.009996244786116715,-0.009202493469988693,0.052272975815083944,1400.18212890625,1405.2529150390626,1470.5244934082032,1.0133694068119625,1.0097127130734296,0.9648950015853727,1416.5284175076658,1407.6796012490554,8.84881625861044,5.3329913324004785,3.5158249262099623,62.42877382712689,0.011557392562849189,3572658.65,0.7341596992480656,0.01488172183394075,0.16075262611104643,0.9963915491093845,0.9556134027949021,0.01558547522493603
2024-09-12,1422.8454704629926,1444.1609218446365,1417.853555765984,1441.0159912109375,2437399,INDUSINDBK,0.01558547522493603,0.014372013760974411,0.07865632905881026,1405.4361206054687,1405.5304663085938,1470.3315698242188,1.0253158931123394,1.0252470691692233,0.9800619267008012,1420.2957365389384,1410.1489634684542,10.146773070484187,6.29574768001722,3.851025390466967,65.78334806509207,0.011549499397336077,3451110.75,0.7062650771204604,0.018256123623267635,0.8804543706771536,0.9999328753766733,0.9559275575349496,0.01434170481286312
2024-09-13,1447.655287890155,1468.5713620936071,1440.0176338932542,1461.6826171875,2999055,INDUSINDBK,0.01434170481286312,0.0388123252701873,0.07323246672999284,1410.423046875,1405.70119140625,1470.2106286621095,1.0363434009576582,1.039824555974977,0.9941994627787653,1426.6629489464094,1413.9662711513465,12.696677795062897,7.575933703026356,5.12074409203654,70.90669667502351,0.011237460902028195,3328254.7,0.9010893907849059,0.01953483462456072,0.7587444673504313,1.003359074814489,0.9561223160829935,0.004200564818879204
2024-09-16,1467.572914037405,1471.5664456889217,1458.7372496330083,1467.822509765625,1495683,INDUSINDBK,0.004200564818879204,0.0294796857931674,0.09097654469773997,1416.5431335449218,1406.2473071289062,1470.1339636230468,1.0362003634103083,1.0437868946127513,0.9984277256939732,1432.9951890724426,1417.9556221598116,15.039566912631017,9.068660344947288,5.970906567683729,72.29621032326718,0.010609988836535442,3108283.6,0.48119257843782337,0.008740291125499825,0.708170651771199,1.007321490582646,0.9565436497115567,-0.0026186749245409313
2024-09-17,1475.6099450739775,1481.1010510942124,1459.885414197851,1463.978759765625,1866702,INDUSINDBK,-0.0026186749245409313,0.02145514069531851,0.061572345704889786,1420.788751220703,1406.8882690429687,1470.1943395996093,1.0303986138036456,1.0405792641667928,0.9957722733202217,1437.761892256009,1421.3647434639458,16.397148792063263,10.534358034370483,5.86279075769278,65.20430259223909,0.009531648048195491,2926256.75,0.6379146327471095,0.014491765508782234,0.19294002757352766,1.0098803028524719,0.9569403385311078,0.00947934755473101
2024-09-18,1467.6228982712485,1486.3425780961368,1458.7872337684844,1477.8563232421875,3966006,INDUSINDBK,0.00947934755473101,0.04154945226724527,0.0695448007198971,1425.5934692382812,1407.7309033203126,1470.2465911865233,1.0366604190687203,1.0498145062784905,1.0051758202340213,1443.9302662538826,1425.5493049290008,18.38096132488181,12.103678692472748,6.277282632409062,67.58116500813293,0.009634713823518822,2852495.5,1.3903636307226426,0.018645482577900566,0.6920287130858629,1.0126889065771287,0.9574794539630531,0.003039994964729509
2024-09-19,1492.5324557735414,1495.577572343566,1472.514951910981,1482.3489990234375,3861906,INDUSINDBK,0.003039994964729509,0.028683240203161375,0.07442644670042231,1430.7276489257813,1408.7392700195312,1470.3701837158203,1.0360804868322875,1.0522522020720597,1.008146802376899,1449.8408405261218,1429.7566896767369,20.08415084938497,13.699773123855191,6.384377725529777,66.97086006708344,0.00956566240940659,2870046.85,1.3455898812244127,0.01555815833368436,0.4264063201838961,1.0156085511167339,0.9580847637017913,-0.0030644622434090607
2024-09-20,1485.5938322574727,1489.5373961678597,1470.8177158218734,1477.806396484375,5335400,INDUSINDBK,-0.0030644622434090607,0.01103097150317045,0.06600403923425024,1435.302734375,1409.8225170898438,1470.464397583008,1.0296130294267734,1.0482215871646479,1.0049929797099713,1454.1432337504687,1433.3159272180435,20.827306532425155,15.125279805569185,5.702026726855969,59.9807568150335,0.009676325384638605,3024169.6,1.764252904334466,0.012667207552030777,0.3733333333333348,1.018073351061063,0.9587600484630293,-0.010201310238811767
2024-09-23,1487.790222619199,1488.439195910968,1450.700393543024,1462.7308349609375,4610747,INDUSINDBK,-0.010201310238811767,-0.003468862734296474,0.058216010038607324,1439.326220703125,1410.5283740234374,1470.4536108398438,1.0162608128172494,1.0370091533774652,0.9947480316128466,1455.4644031674638,1435.4948092730726,19.96959389439121,16.094142623333592,3.875451271057617,58.94207441250952,0.01005034468516157,3127641.95,1.4741927220921178,0.025800237108525807,0.31878174883823124,1.0204163540486206,0.9592471082564922,-0.01146678988884886
2024-09-24,1467.7226819839125,1471.7162135977032,1443.661678385405,1445.9580078125,3893140,INDUSINDBK,-0.01146678988884886,-0.012309435388263457,0.04706479383490514,1442.5759582519531,1410.8029296875,1470.445112915039,1.002344451632651,1.0249184895956993,0.9833471478211143,1454.0018808051616,1436.269861016734,17.73201978842758,16.42171805635239,1.3103017320751889,54.01039524361515,0.010525417161376928,3263928.65,1.1927772992219055,0.01940204007358436,0.08185234257912213,1.0225212380098267,0.9594393679140438,-0.006076086963862748
2024-09-25,1447.6552620742336,1453.645559710403,1429.9339649005665,1437.1722412109375,3012173,INDUSINDBK,-0.006076086963862748,-0.027529118623653148,0.016775614688883778,1443.761541748047,1410.7120751953125,1470.4176177978516,0.9954360187977224,1.0187566027688262,0.9773905207714367,1451.4127054829733,1436.3367039940824,15.076001488890824,16.152574742860075,-1.0765732539692507,54.865164907542976,0.009413451071727228,3087898.65,0.9754766400769015,0.01649878430010412,0.3052631578947321,1.0234275066711673,0.9593955201026794,0.009169804766117284
2024-09-26,1442.6633302852867,1454.94348904311,1434.9758304924485,1450.350830078125,3388674,INDUSINDBK,0.009169804766117284,-0.021586123757895592,0.024868599279925796,1445.52119140625,1410.8478540039061,1470.1913873291016,1.0033411054093069,1.0279994585965535,0.9865047792947413,1451.2493400360736,1437.3747874077153,13.874552628358288,15.696970319959718,-1.82241769160143,62.73127683701836,0.009594911331518203,3091513.0,1.0961215430761573,0.013767467937110065,0.7699951171874938,1.0245762413742507,0.9596355047127538,0.006883773575123264
2024-09-27,1454.6439826352537,1478.6051738385795,1451.6488337348376,1460.334716796875,4708951,INDUSINDBK,0.006883773575123264,-0.011822712182775974,0.026276065544068583,1447.3906616210938,1410.9636669921874,1470.0548205566406,1.0089430279737217,1.0349910142689458,0.9933879311003619,1452.6470903069662,1439.0755229180234,13.571567388942867,15.271889733756348,-1.7003223448134808,60.71207667073722,0.009631851277665525,3187311.15,1.4774054927144469,0.0184590147681132,0.32222041377314775,1.0258171032189365,0.9598034353970023,-0.010323360357072486
2024-09-30,1464.6278091625088,1472.4152450360584,1434.67632022258,1445.2591552734375,2888962,INDUSINDBK,-0.010323360357072486,-0.01194456236917063,-0.0010006394169408406,1447.3182800292968,1411.2661791992186,1469.8675610351563,0.9985772826998235,1.024086863679754,0.9832580795616794,1451.5104849171926,1439.5335697591652,11.976915158027396,14.61289481861056,-2.635979660583164,53.561928415915155,0.00925202341289122,3130537.95,0.9228324480142461,0.02611221985744029,0.28042227231332933,1.0255459256102453,0.9601315224654202,-0.026181287265416797
2024-10-01,1447.655292198947,1447.9548558361564,1402.3786493313091,1407.42041015625,3377999,INDUSINDBK,-0.026181287265416797,-0.026651948015109506,-0.018793039972889503,1445.9704650878907,1410.9926220703126,1469.4755560302735,0.9733396664299796,0.9974682986585564,0.9577705490782964,1444.7273964924323,1437.1548171959864,7.572579296445838,13.204831714177615,-5.632252417731777,47.016106773601,0.01081736943073152,3181887.0,1.0616338669475063,0.032382794917538156,0.11062265185244514,1.024789529350094,0.9602014924848766,-0.015570721174078428
2024-10-03,1401.729581381733,1410.41546379925,1379.815125635649,1385.505859375,2081630,INDUSINDBK,-0.015570721174078428,-0.03595002766850286,-0.03252232452802917,1443.6417358398437,1410.4844458007813,1468.9532427978515,0.959729706462786,0.9822907749885891,0.9431926211184823,1435.616390782058,1433.328968468506,2.2874223135520424,11.0213498340525,-8.733927520500458,35.55842223971027,0.011305536198605654,3140000.7,0.6629393426568344,0.02208604024049711,0.1859696356597797,1.0235077317851866,0.9601969652310326,-0.0035309052001821772
2024-10-04,1381.8119021355535,1408.6683046596895,1378.6170037303232,1380.61376953125,2178195,INDUSINDBK,-0.0035309052001821772,-0.04808289077417116,-0.028146822681203942,1441.6424682617187,1410.2088916015625,1468.3427801513672,0.9576672440816377,0.9790136608508392,0.9402530445846756,1427.1544490511644,1429.4241389175982,-2.269689866433737,8.363141893955254,-10.63283176038899,27.02313338647535,0.011215466644749069,3077521.25,0.7077757789649706,0.02176662408601751,0.06644523661787867,1.022290014512997,0.9604085031535948,-0.023140608106746008
2024-10-07,1385.755476762813,1391.795742107378,1336.0359591787858,1348.66552734375,3878973,INDUSINDBK,-0.023140608106746008,-0.0764682152445586,-0.04150849439021054,1438.7221984863281,1409.6448046875,1467.6952630615235,0.9374051006946815,0.9567413882270376,0.9189002385485086,1415.0792303269468,1423.4420195417576,-8.362789214810846,5.017955672202033,-13.38074488701288,20.53813640660482,0.012114059910341628,3141044.15,1.2349310658368173,0.04134441178934352,0.2264995934639499,1.020627461401721,0.9604478805409962,0.006440466505700293
2024-10-08,1355.654238393663,1368.7829983100237,1341.3774356050617,1357.3515625,2429248,INDUSINDBK,0.006440466505700293,-0.06082479564490684,-0.04800079657009115,1435.300244140625,1408.7592407226562,1467.042299194336,0.9456917241121936,0.9635085423139547,0.9252300109174934,1406.1980506612626,1418.546430131257,-12.34837946999437,1.5446886437627527,-13.893068113757122,24.25268559206826,0.011747966409954314,3172389.4,0.7657471053206772,0.02019046757089654,0.5828789967536797,1.0188399853223706,0.9602717259729406,-0.013239714575143502
2024-10-09,1366.7861768240118,1369.2821340497678,1333.3903178925605,1339.380615234375,5269772,INDUSINDBK,-0.013239714575143502,-0.048343618176122205,-0.06548014740470776,1430.607843017578,1407.3625024414061,1466.0782983398437,0.9362318414312775,0.9516955389325065,0.9135805480178388,1395.918445210972,1412.6822956944509,-16.76385048347879,-2.1170191816855564,-14.646831301793235,17.21041711589791,0.011843448208098047,3315175.85,1.5895904888423942,0.026797323889092374,0.1668986967830448,1.016516953191411,0.9599504365047037,0.011069332821494582
2024-10-10,1347.8169897501075,1359.7975852145532,1342.126255653664,1354.2066650390625,1673393,INDUSINDBK,0.011069332821494582,-0.022590445304978002,-0.045595171840704385,1427.3730895996093,1405.8988745117188,1465.0941284179687,0.9487405044317666,0.963231914891027,0.9243137616702866,1389.5012482614475,1408.3507674977554,-18.84951923630797,-5.46351919261004,-13.38600004369793,21.072849302656778,0.012150579110764614,3267700.4,0.5121011093917912,0.013049211776239137,0.6836163257424197,1.0152743667963664,0.9595962793392873,-0.006487849232097553
2024-10-11,1357.9005626607998,1369.0825243036245,1336.834707771765,1345.4207763671875,2755874,INDUSINDBK,-0.006487849232097553,-0.02549083164367638,-0.06633876058753374,1422.593328857422,1404.2974658203125,1464.1373706054687,0.9457522041438106,0.9580739188910147,0.918917038372439,1382.719637200792,1403.689286673269,-20.96964947247693,-8.564745248583417,-12.404904223893514,20.676728932592624,0.011425132485705113,3283624.15,0.839278149419141,0.023968573325389646,0.26625271161971226,1.0130284811319674,0.9591295830660954,0.016956115701707075
2024-10-14,1352.409541085551,1369.2822375819983,1346.1198015248217,1368.23388671875,1381439,INDUSINDBK,0.016956115701707075,0.014509423558516144,-0.06393229923508259,1417.9208923339843,1403.311064453125,1463.2443194580078,0.964957843640031,0.9750039897618532,0.9350686474734102,1380.4910602035548,1401.0629607507121,-20.571900547157384,-10.96617630829821,-9.605724238859173,29.76270583837227,0.011651094175519022,3202743.35,0.4313299097163062,0.016928711006218334,0.9547391793911302,1.0104109689226692,0.9590408421834282,-0.006968505889956345
2024-10-15,1368.782983942314,1372.227356268714,1347.2677832573663,1358.6993408203125,2775029,INDUSINDBK,-0.006968505889956345,0.0009929471166851833,-0.07434357234563516,1412.4647338867187,1402.4444677734375,1462.35494140625,0.961935054535161,0.9688079435882577,0.9291173451458654,1377.1384879907482,1397.9249148299416,-20.786426839193382,-12.930226414477247,-7.8562004247161354,30.714953631585445,0.011543209393846114,3266710.65,0.8494872357305353,0.018370195864140428,0.45800292968749645,1.0071448576706854,0.9590315101098502,-0.01072821306207783
2024-10-16,1352.80880714197,1356.1533654271116,1338.9312606867431,1344.1229248046875,2126519,INDUSINDBK,-0.01072821306207783,0.0035406735892491437,-0.08186992752553712,1406.471942138672,1401.5828637695313,1461.3243029785156,0.9556699174253154,0.9590035377499505,0.919797831367791,1372.0591705775082,1393.9395822354784,-21.88041165797017,-14.720263463175833,-7.160148194794338,29.948399207469066,0.011641850662676857,3279701.5,0.6483879706735506,0.012812894135312022,0.3014535212862312,1.003488254954824,0.9591182880574712,0.000779943429580543
2024-10-17,1345.820237950817,1352.06013148731,1334.838025326589,1345.1712646484375,1353852,INDUSINDBK,0.000779943429580543,-0.006672098597568454,-0.08978210974031597,1399.8376892089843,1400.9109521484374,1460.3366748046874,0.9609480263447989,0.9602118268727091,0.921137767650975,1367.9225696653434,1390.327114266068,-22.40454460072465,-16.257119690685595,-6.147424910039053,26.08407466518632,0.011260232074303713,3149093.8,0.42991796560648654,0.012802909646766699,0.59999858469203,0.9992338821123448,0.9593068340461984,-7.423107989978917e-05
2024-10-18,1342.825049525799,1352.7589109943135,1328.8476884154934,1345.0714111328125,3676670,INDUSINDBK,-7.423107989978917e-05,-0.000259669867235357,-0.09260814287395391,1392.973809814453,1400.9528833007812,1459.3068286132811,0.965611414698442,0.9601118118717122,0.9217193977026601,1364.4070068141848,1386.974839959901,-22.567833145716122,-17.5192623816917,-5.048570764024422,22.557711701605143,0.011169725088440413,3139832.0,1.1709766637195875,0.0177769168097047,0.6784982517660816,0.9943045383028666,0.9600125592724381,-0.028947823384072313
2024-10-21,1349.8637443524165,1351.7605744985055,1297.4984844127987,1306.134521484375,5862686,INDUSINDBK,-0.028947823384072313,-0.04538651310800346,-0.11616668828095378,1384.3902160644532,1400.1731469726562,1457.9507244873048,0.9434728058086516,0.932837859595005,0.8958701412516417,1355.4420090711371,1380.9866682209731,-25.54465914983598,-19.124341735320556,-6.420317414515424,20.25620642661299,0.012392135519418535,3166196.3,1.8516495644947852,0.04154402872993506,0.15915415454759868,0.988727872019023,0.960370692545205,-0.02591250310518256
2024-10-22,1306.9831146625802,1310.078077478444,1269.1943438247613,1272.289306640625,4183194,INDUSINDBK,-0.02591250310518256,-0.06359761249866924,-0.13019588004063531,1374.8681396484376,1398.6665869140625,1456.3607183837892,0.9253900573810354,0.9096444560441892,0.8736086400713696,1342.649285620289,1372.935011807614,-30.285726187325054,-21.356618625721456,-8.929107561603598,20.608104878921722,0.013142291475612897,3144818.65,1.3301860824311762,0.03213399141240347,0.07570156977541434,0.9829849032726717,0.9603847242366209,-3.924167054769612e-05
2024-10-23,1272.2892259041305,1282.8222142620689,1264.4519445034643,1272.2393798828125,4860497,INDUSINDBK,-3.924167054769612e-05,-0.053479889075115916,-0.12014085263270935,1366.1822082519532,1397.1380639648437,1454.8277331542968,0.9312369698553301,0.9106039071560403,0.8744948634739016,1331.8169924299082,1365.4760761094806,-33.659083679572404,-23.817111636491646,-9.841972043080759,22.774254465985962,0.01318016437025723,3193186.5,1.522146294931411,0.014439318613370264,0.4239151347083817,0.9778433810435004,0.960346047937667,0.004512297565241852
2024-10-24,1273.9366029732496,1283.8704642551054,1256.1154922670546,1277.9801025390625,2441333,INDUSINDBK,0.004512297565241852,-0.04994989402106764,-0.11076761302997495,1358.2226013183595,1395.729345703125,1453.3239453125,0.9409209516161714,0.9156360482592388,0.8793497875411842,1323.5343939851628,1358.9948928820422,-35.46049889687947,-26.14578908856921,-9.314709808310262,25.430289555984544,0.013400284508230786,3164644.5,0.7714398884298063,0.02171784359780549,0.7877727378511195,0.9731274945961168,0.9603704323491411,-0.1862818150705311
2024-10-25,1161.1193631107867,1164.8632991483323,1023.841708400784,1039.9156494140625,56935420,INDUSINDBK,-0.1862818150705311,-0.2268695618634473,-0.2829902752852935,1337.7008422851563,1389.808935546875,1450.7446228027343,0.7773902927635181,0.7482436058772832,0.7168150983079435,1279.9007409742242,1335.3593933658956,-55.45865239167142,-32.00836174918965,-23.450290642481768,12.799282718679748,0.04221769443048769,5841981.8,9.745908486055194,0.13560868213398514,0.11398212804203492,0.962507009468021,0.9579969580461819,0.012672865289531376
2024-10-28,1049.6998340245257,1082.8960663536684,1029.3327979352205,1053.0943603515625,11099823,INDUSINDBK,0.012672865289531376,-0.1937320826994462,-0.27886781828933094,1317.3388244628907,1383.6319409179687,1448.1050506591796,0.7994104028482826,0.7611087379588017,0.7272223516327025,1245.007451647661,1314.450872401871,-69.44342075421014,-39.49537355019375,-29.94804720401639,13.733231635008153,0.04239897989967452,6161525.4,1.8014732196024055,0.0508627435822242,0.4436167380734036,0.952087607625554,0.9554776017721486,-0.015784954796881245
2024-10-29,1057.087946356619,1057.087946356619,1016.4536860090054,1036.4713134765625,7951124,INDUSINDBK,-0.015784954796881245,-0.18534934777273293,-0.2828474327979842,1296.899432373047,1377.4529516601563,1445.1483447265625,0.7991917396247472,0.7524549656867552,0.7172075567596308,1212.9249688521074,1293.8597939629592,-80.93482511085176,-47.783263862325356,-33.151561248526406,13.777503346456413,0.04238316553761226,6414633.5,1.2395289613974048,0.03920442352747522,0.49262930582007364,0.9415199486922415,0.953156786074294,0.017579318161020208
2024-10-30,1035.972092153649,1067.670750807324,1028.5840339511226,1054.6917724609375,8907271,INDUSINDBK,0.017579318161020208,-0.17099581325796842,-0.2506206639820955,1279.2630004882812,1370.965458984375,1442.309154663086,0.8244526512987342,0.7693058680284067,0.731252220823147,1188.5814001765427,1276.1436442220688,-87.56224404552609,-55.73905989896551,-31.82318414656058,14.47183840939313,0.04293000727201113,6691097.1,1.3312123358664159,0.03705984807769909,0.6679440129459898,0.9331110365362321,0.9505350878152219,-0.0007574043392185592
2024-10-31,1052.2955561016367,1065.1747196353374,1042.3117272961183,1053.8929443359375,4509824,INDUSINDBK,-0.0007574043392185592,-0.17534479430306749,-0.23934428915995543,1262.682354736328,1364.4080786132813,1439.545457763672,0.834646132800367,0.7724176958898276,0.7321011911448465,1167.860099277988,1259.6806294156888,-91.82053013770087,-62.955353946712584,-28.865176190988286,14.751352120442476,0.04301709934789035,6812506.8,0.6619918529842789,0.021693847047837635,0.5065486121846272,0.9254433292564916,0.9478047888344449,0.006536637381101107
2024-11-01,1059.733509528637,1068.1699183888295,1056.8382965375397,1060.7818603515625,441083,INDUSINDBK,0.006536637381101107,0.02006529178521066,-0.2316592201512504,1246.6907592773437,1358.0304077148437,1436.8260791015625,0.8508780966391818,0.7811179001039741,0.7382813242190468,1151.3865240585378,1244.9473872627905,-93.56086320425266,-69.0764557982206,-24.484407406032062,11.337130674866785,0.04318730513497061,6725651.2,0.06558219968350425,0.01068232996323514,0.3480140676926964,0.9180138767107202,0.9451599100734661,0.0012236008941388654
2024-11-04,1065.2746106843074,1068.7689510192606,1052.3954462180388,1062.079833984375,5143749,INDUSINDBK,0.0012236008941388654,0.00853244872549963,-0.2124957504651408,1232.361474609375,1351.5459106445312,1434.0388873291015,0.8618249238284778,0.7858259387414266,0.7406213620625725,1137.6470332778974,1231.4016425755005,-93.75460929760311,-74.01208649809709,-19.74252279950602,11.9103042683724,0.04320283688014745,6788890.0,0.7576715781224913,0.015416453902336924,0.5914670001265411,0.9118162134956118,0.9424750769219281,0.024722552277681498
2024-11-05,1061.9798256732804,1090.633487587028,1060.2826235185073,1088.337158203125,4840541,INDUSINDBK,0.024722552277681498,0.05004079133902173,-0.19819066167456156,1218.9107543945313,1345.667431640625,1431.295595703125,0.8928768199635206,0.8087712703845664,0.7603860177243672,1130.0608986510094,1220.8042733627321,-90.74337471172271,-77.35834414082223,-13.385030570900483,18.11054155542982,0.04377801505943753,6909454.65,0.70056773583426,0.027887372805161566,0.9243405598364935,0.9058038603999258,0.9401743676711063,-0.01142091811956003
2024-11-06,1090.5336823846353,1096.823421484548,1066.522525067373,1075.9073486328125,7153974,INDUSINDBK,-0.01142091811956003,0.02011542777315145,-0.19671276678545768,1205.7370910644531,1339.5663134765625,1428.4104205322265,0.89232334030877,0.80317587700494,0.7532200361797479,1121.7295832635946,1210.0711678271825,-88.34158456358796,-79.55499222537537,-8.786592338212586,17.35657855636758,0.04377272899570721,7003664.75,1.0214615141308698,0.028163109449600102,0.30972098766424955,0.9000951120778905,0.9378021150093818,-0.01934765498733637
2024-11-07,1084.243795471709,1084.243795471709,1049.3003950651623,1055.091064453125,4901367,INDUSINDBK,-0.01934765498733637,0.0011368518250611803,-0.220878842430826,1190.7813110351562,1332.3989233398438,1425.3478479003907,0.8860493985549079,0.7918732490479593,0.7402340881261563,1111.4775034465993,1198.591160169845,-87.11365672324564,-81.06672512494943,-6.0469315982962115,16.526456076946133,0.04353476805450664,7165063.45,0.684064702874334,0.033118847826332995,0.16571568080357119,0.8937123035571785,0.9347886028680892,-0.0028387286068548567
2024-11-08,1059.73347894138,1059.73347894138,1046.355245598829,1052.095947265625,2107903,INDUSINDBK,-0.0028387286068548567,-0.008188217965057198,-0.21801716924097014,1176.1150695800782,1325.137685546875,1422.377928466797,0.8945518805751438,0.7939521747367954,0.7396739827084462,1102.3418794187571,1187.7396629176803,-85.39778349892322,-81.9329367997442,-3.46484669917902,18.021873937818953,0.043564024366963175,7132664.9,0.2955281132021217,0.012715792107479197,0.42910760485369853,0.8875417870971678,0.9316354388142547,0.006642711198929785
2024-11-11,1051.2972807826493,1065.773834031793,1038.3183020075548,1059.084716796875,4918839,INDUSINDBK,0.006642711198929785,-0.0028200490129484113,-0.22594760510081036,1160.6576110839844,1317.8604736328125,1419.5572467041015,0.9124867718807733,0.8036394883878741,0.7460669298514279,1095.686931323083,1178.2096669087318,-82.52273558564889,-82.05089655692514,-0.4718390287237497,21.21582380492501,0.04327319271995173,7309534.9,0.6729346076451458,0.02592382987762818,0.7563654119318179,0.8807135765173358,0.928360217027241,-0.0011784202483580142
2024-11-12,1059.5838400290452,1063.7270316420029,1049.8496065748109,1057.836669921875,2186055,INDUSINDBK,-0.0011784202483580142,-0.028024852456206784,-0.2214343246216578,1145.6144775390626,1310.0830712890624,1416.8833752441406,0.9233792786856654,0.8074577048621898,0.7465940305352239,1089.8638141844356,1169.2931486134091,-79.42933442897356,-81.52658413133483,2.0972497023612675,21.14740983498838,0.043326001355559265,7280086.2,0.30027872472169354,0.013118684066999592,0.5755436119015013,0.8744594160825464,0.9246230806140445,-0.02156581540442093
2024-11-13,1052.0960055805251,1066.0733669352785,1030.5308362777132,1035.0235595703125,4850346,INDUSINDBK,-0.02156581540442093,-0.0379993585083811,-0.2299636138408172,1130.1595092773437,1302.0960083007812,1414.3511804199218,0.9158207766903065,0.7948903559891909,0.7318009656293519,1081.426851936109,1159.3472531287352,-77.92040119262629,-80.80534754359313,2.8849463509668425,18.74118524354013,0.043384468203577865,7416277.55,0.6540135488861255,0.03433982765795272,0.12640414763609437,0.8679540541347542,0.9206313299884885,-0.018857900771006797
2024-11-14,1041.3133614993735,1043.3101272932363,1013.3586403852964,1015.5051879882812,2612235,INDUSINDBK,-0.018857900771006797,-0.03751891926538298,-0.2450736834215047,1113.676205444336,1293.7645031738282,1412.3108840942382,0.9118495870019183,0.7849227471437586,0.7190379961134112,1071.285057482597,1148.6922853405536,-77.40722785795651,-80.12572360646581,2.718495748509298,42.823608785916406,0.04330277317674813,7479196.7,0.34926678689972146,0.02949417419252563,0.07166748046875032,0.8608028761898285,0.9160621204187365,-0.012338414681972276
2024-11-18,1013.8578621436574,1016.3039125015564,998.4328337376364,1002.9754638671876,5427908,INDUSINDBK,-0.012338414681972276,-0.046688216532057236,-0.2543329256976129,1096.5714080810546,1285.4120300292968,1409.965280456543,0.9146467402632217,0.7802754606585781,0.7113476322923546,1060.7758892340726,1137.8984467128969,-77.12255747882432,-79.52509038093751,2.402532902113194,35.20918831992256,0.04319746411637887,7566758.6,0.7173359541296851,0.017818061764955026,0.2541889154851877,0.8530894238293864,0.9116621861873675,-0.00437979035767011
2024-11-19,1008.8659738283548,1030.3312073140644,996.4860008387568,998.5826416015624,5718490,INDUSINDBK,-0.00437979035767011,-0.057126756939989476,-0.23546723160895477,1081.193814086914,1277.242264404297,1407.493292541504,0.9235926330607819,0.7818271203758663,0.7094759505378718,1051.2076972906095,1127.5787574453907,-76.37106015478116,-78.89428433570625,2.5232241809250837,37.94855507219589,0.04308629964804324,7559548.8,0.7564591685683675,0.033893245351256485,0.06194793830952759,0.8465064492609634,0.9074588640475769,-0.018746296783686
2024-11-21,998.7822832903826,1001.378054470759,964.8372644947636,979.8629150390624,6606440,INDUSINDBK,-0.018746296783686,-0.07371058037586398,-0.22984268599544422,1066.572494506836,1268.3237097167969,1404.8546365356444,0.9187025917934754,0.7725653218750088,0.6974834901462782,1040.2315769442177,1116.6368431930703,-76.40526624885251,-78.39648071833551,1.9912144694829976,26.27415554296364,0.04299719999048849,7680711.1,0.8601339008832138,0.03729173684927006,0.4112021265596472,0.8409308178469597,0.9028149081989498,0.01706663367815553
2024-11-22,984.4055922437047,1000.8290040176184,979.813055031756,996.5858764648438,4026863,INDUSINDBK,0.01706663367815553,-0.03713701272792869,-0.21666795398469707,1052.7898193359374,1259.5908544921874,1402.3336614990235,0.946614279660735,0.7911980885782345,0.7106624506178822,1033.516853793545,1107.7441789909794,-74.22732519743454,-77.56264961415532,3.3353244167207805,33.4963103425365,0.04341537481679989,7639029.4,0.5271432781761515,0.02108794583805626,0.7980996453869834,0.8358188816481815,0.8982105251226364,0.005309509156107506
2024-11-25,1018.3505764492244,1020.3972492440124,995.4376762918256,1001.8772583007812,6491357,INDUSINDBK,0.005309509156107506,-0.01341985235397658,-0.2160462777861144,1038.9846771240234,1251.2503649902344,1399.7692837524414,0.9642849219625087,0.8007008719702556,0.7157445658580189,1028.6492237177351,1099.9021848657796,-71.2529611480445,-76.30071192093315,5.047750772888648,32.87870170263332,0.043430852595440016,7841530.6,0.8278175946925465,0.02491280518186342,0.25800048828124894,0.8303571420993211,0.8938975726313526,0.006078737565228476
2024-11-26,1010.0640479944232,1016.0543457258088,996.4860032414068,1007.9674072265624,2390208,INDUSINDBK,0.006078737565228476,0.004977134076767253,-0.030721955386959765,1037.3872650146484,1242.589393310547,1397.2003030395508,0.9716404290082831,0.8111830123876262,0.7214194020955846,1025.4674057960162,1093.0922013369488,-67.62479554093261,-74.56552864493304,6.940733104000429,34.6978888569008,0.01374568418864131,5114270.0,0.46736054216926365,0.019413665902397195,0.5867335976109077,0.8348592629225714,0.889342344549558,-0.007577263136274159
2024-11-27,1010.363509048426,1010.363509048426,992.8918080520352,1000.3297729492188,4798242,INDUSINDBK,-0.007577263136274159,0.0017496111737473896,-0.050104330047621715,1034.7490356445312,1233.3623364257812,1394.6296691894531,0.9667366080956304,0.8110591213998973,0.7172726889788612,1021.6000776657397,1086.220910345265,-64.62083267952539,-72.5765894518515,7.955756772326112,22.183699744853953,0.013390374433072158,4799190.95,0.9998022687553201,0.017465941201449838,0.4257149832589307,0.8389659754352311,0.8843654797209362,-0.008333799589893554
2024-11-28,1004.3232904749308,1011.7612552674638,989.7468635725832,991.9932250976562,4822835,INDUSINDBK,-0.008333799589893554,0.012379599097400495,-0.04291299508301538,1032.525131225586,1223.845750732422,1391.9973568725586,0.9607448720596087,0.8105541278416734,0.7126401642934126,1017.0451772706499,1079.2410818084052,-62.19590453775527,-70.50045246903227,8.304547931277,22.772948983774853,0.013101295264486832,4642776.5,1.0387825043914993,0.02219207867343389,0.10204059036505127,0.8436726038454287,0.8792012029980231,0.002264530511849161
2024-11-29,996.4859856330128,997.8837461202208,985.7034620943432,994.2396240234376,4815934,INDUSINDBK,0.002264530511849161,-0.002354290279257154,-0.057317360404211204,1029.502523803711,1214.4509680175781,1389.5066159057617,0.9657476315356787,0.8186741582876707,0.7155342857977931,1013.5366306172327,1072.9446775280371,-59.40804691080439,-68.2819713573867,8.873924446582308,27.550690463924084,0.01231388055119902,4438209.65,1.0851073698152136,0.012250853548349953,0.700817970332949,0.8477102418422297,0.8740159666141122,-0.004920372001265716
2024-12-02,988.449026186418,991.5440498893053,977.4169067904268,989.3475952148438,4969967,INDUSINDBK,-0.004920372001265716,-0.012506185744936671,-0.06124469232666141,1026.2752563476563,1204.6807934570313,1386.9719140625,0.9640177808980488,0.8212529000115846,0.7133148012471301,1009.8152405553268,1066.7523010603932,-56.93706050506637,-66.01298918692262,9.075928681856254,27.170408795464624,0.012311388167692857,4461216.8,1.1140384390195968,0.014279251465518228,0.8445223737674268,0.851906382106906,0.8685689892079139,0.007467547830524612
2024-12-03,991.3942712847846,1009.8643558958304,989.796882936251,996.735595703125,4665094,INDUSINDBK,0.007467547830524612,-0.011143030462008596,-0.060376470452851994,1023.0729431152344,1194.968525390625,1384.6620080566406,0.9742566279468668,0.8341103338912634,0.7198403580827883,1007.8029875011418,1061.5658784413363,-53.76289094019444,-63.56296953757699,9.800078597382551,27.381367806298627,0.012351366093577652,4672417.35,0.9984326421525681,0.020133195850623994,0.3457691350002167,0.8561505356643603,0.8630037644116136,0.0005007802570353714
2024-12-04,1003.3748204569732,1004.3232964048956,988.8982683210268,997.2347412109376,4256690,INDUSINDBK,0.0005007802570353714,-0.0030940114170112665,-0.06105481970236837,1019.8306884765625,1185.3570922851563,1382.3104107666015,0.9778434327178572,0.8412947859353063,0.721426051228169,1006.1771034564949,1056.8006090168624,-50.62350556036745,-60.97507674213508,10.351571181767632,27.89509351765861,0.012339296329190582,4628064.4,0.9197559999381166,0.015467800555301836,0.5404510672255413,0.8603573514800603,0.8575187476362717,-0.0006506640004397823
2024-12-05,1004.3732513155852,1004.3732513155852,988.9482224952656,996.5858764648438,5254145,INDUSINDBK,-0.0006506640004397823,0.004629720497068224,-0.08430409735321831,1015.2431243896484,1176.0341931152343,1380.1486099243164,0.9816228768493053,0.8474123306100104,0.7220859183559181,1004.701530073164,1052.3402584574535,-47.63872838428949,-58.307807070565964,10.669078686276471,33.27542149848074,0.010498147150556567,4648744.6,1.1302287933821962,0.01547787218803095,0.49514682005112265,0.8632768760747838,0.852106928673228,-0.007864190626898027
2024-12-06,998.3829550470376,1001.4280108726392,984.7050963756014,988.74853515625,6258019,INDUSINDBK,-0.007864190626898027,-0.005522902864167234,-0.08100959026566534,1010.8851837158203,1166.8900036621094,1377.8649258422852,0.978101718260228,0.8473365373370334,0.7175946760904961,1002.2472231628695,1047.629760435142,-45.38253727227254,-55.722753110907284,10.340215838634741,37.04061512447053,0.010401588649070316,4603946.85,1.3592726423416466,0.01691321291757473,0.24179031599813502,0.8663071759491543,0.8468827254230255,-0.007825536542257483
2024-12-09,991.194565485568,992.3926371946238,976.2188214635164,981.0110473632812,3565285,INDUSINDBK,-0.007825536542257483,-0.00842630829840163,-0.07021196519017148,1007.1811828613281,1157.7667797851564,1375.4556616210937,0.9740164570750821,0.8473304507366543,0.7132262236698163,998.9801191937021,1042.6950409483375,-43.714921754635384,-53.32118683965291,9.606265085017526,38.84380992888982,0.009819102108103378,4537142.75,0.7857996092364518,0.01648688439806942,0.2962953195112678,0.8699344293228278,0.84173326126749,0.0017301187683480546
2024-12-10,981.4104273570946,986.8017195930496,977.5167095270762,982.7083129882812,3843321,INDUSINDBK,0.0017301187683480546,-0.014073223405800528,-0.0659518121495295,1003.711801147461,1148.4139294433594,1373.0773477172852,0.9790741843075192,0.8557091548555178,0.7156977096898547,996.4767643928681,1038.251579617963,-41.774815225094926,-51.01191251674131,9.237097291646386,41.71009476089855,0.009890324251375293,4623913.65,0.8311835581099141,0.009448388645191161,0.5591381618670118,0.8739982818163516,0.8363796339314574,0.0005587337141326199
2024-12-11,983.9063585204608,998.283096809498,979.6632311498754,983.2573852539062,4679888,INDUSINDBK,0.0005587337141326199,-0.014016114139845048,-0.07159704067140449,999.9204345703125,1138.8723828125,1370.6193292236328,0.9833356247754185,0.86336046083206,0.7173818173211215,994.4430137561047,1034.1779355909957,-39.734921834891,-48.75651438037125,9.021592545480253,52.18788380906978,0.009657330769297456,4611966.1,1.014727319873405,0.018936919202304725,0.19302792886550244,0.877991643015314,0.8309180809945221,0.013301560321866024
2024-12-12,984.4055546486808,1003.874021500252,984.4055546486808,996.3362426757812,5771673,INDUSINDBK,0.013301560321866024,-0.00025048898941659736,-0.05813792336262624,996.8454132080078,1129.8939245605468,1368.2763235473633,0.9994892181621341,0.8817962651346138,0.728168883382197,994.7342797437473,1031.3748472269058,-36.64056748315852,-46.33332500092871,9.69275751777019,49.83116921715354,0.010369893427567554,4791247.0,1.2046285653818307,0.019540056878073874,0.6128211388221164,0.8822469008280702,0.8257790514354648,-0.011323162565877731
2024-12-13,989.3975069027596,996.0367779180128,963.988648549297,985.0545654296876,5674567,INDUSINDBK,-0.011323162565877731,-0.003736005258383135,-0.04827812244328955,994.3469635009766,1121.4466076660156,1365.775204772949,0.9906547730194986,0.8783784789182334,0.7212420916613772,993.2450929261997,1027.9437152419266,-34.69862231572688,-44.006384463888345,9.307762148161466,39.475354298898,0.00962795101787639,4832458.05,1.1742609953955008,0.0325343696617824,0.6573212632171405,0.8866645604915939,0.8211062872915814,0.012871756316045202
2024-12-16,986.3025120573114,1006.3200774366144,983.956275631023,997.7339477539062,3058066,INDUSINDBK,0.012871756316045202,0.017046597421682463,-0.01749990097990528,993.4584014892578,1113.6911694335938,1363.2730529785156,1.0043036993378276,0.8958802719620542,0.7318665512928832,993.9356859766161,1025.7059546872583,-31.7702687106422,-41.55916131323912,9.788892602596924,44.085369080165876,0.009389209509792804,4854749.6,0.6299121997970812,0.022414594447684837,0.6160702121514314,0.8920411948624101,0.8169245089972045,-0.02371536134158503
2024-12-17,1000.3796924000864,1000.3796924000864,970.4282046036766,974.0723266601562,3294161,INDUSINDBK,-0.02371536134158503,-0.00878794471765909,-0.02881739209809686,992.0132446289062,1105.560340576172,1360.7913259887696,0.9819146386745458,0.8810666328284807,0.7158131508167734,990.8797845433146,1021.8812415000656,-31.001456956750985,-39.447620441941496,8.44616348519051,37.19569834610387,0.010411465891332888,4748062.25,0.6937906090005455,0.03074873084538365,0.121667480468749,0.8972945285934464,0.8124392913607504,-0.010710811900921602
2024-12-18,975.2204388645308,977.7163962023988,958.9468092089224,963.6392211914062,2958191,INDUSINDBK,-0.010710811900921602,-0.01995221633390931,-0.03499301805818755,990.2660736083984,1097.859814453125,1358.3011267089844,0.9731114160864186,0.8777434135991418,0.7094444687137962,986.688928643021,1017.5670177734983,-30.878089130477292,-37.73371417964866,6.8556250491713655,36.45037923024604,0.010601051840337807,4610047.3,0.6416834378250306,0.01947781553584994,0.2500008116382493,0.90199683108146,0.8082595183537244,-0.0008288434479659657
2024-12-19,957.4492229789382,965.2865045484476,946.4670108279806,962.8405151367188,3665813,INDUSINDBK,-0.0008288434479659657,-0.03361889902660342,-0.01737222589107279,989.4149536132812,1089.9695935058594,1355.875066833496,0.9731412605201546,0.8833645643634579,0.7101248033016285,983.0199419497437,1013.5132027633665,-30.493260813622783,-36.285623506443486,5.792362692820703,34.78468160821697,0.009814924038550504,4463015.95,0.8213757336000558,0.01954580579504874,0.8700289472150488,0.9077454632755885,0.803886449546837,-0.03624015930342217
2024-12-20,958.4476076445212,965.2865063036514,924.951872710486,927.947021484375,4466131,INDUSINDBK,-0.03624015930342217,-0.057973990426004374,-0.06887399932251603,985.9830108642578,1081.7409216308595,1353.143458557129,0.9411389560059339,0.8578274177567203,0.6857713538177649,974.5471849550715,1007.1749671130708,-32.62778215799926,-35.55405523675464,2.9262730787553792,26.948971328824186,0.011746960642729376,4484979.35,0.9957974499927186,0.0434665262771627,0.07425749305422054,0.9114779621887331,0.7994281129543582,0.017483426825061876
2024-12-23,937.431630795469,947.265677929796,928.5459986615674,944.1707153320312,2502370,INDUSINDBK,0.017483426825061876,-0.05368488517651049,-0.057598415864456576,983.0976837158203,1073.5402026367187,1350.709461669922,0.9604037635032803,0.8794926477956359,0.6990183619242033,969.8738819361422,1002.5079854996605,-32.63410356351835,-34.97006490210738,2.33596133858903,31.49380858507915,0.01251736433361176,4285530.0,0.5839114415253189,0.019826583227213857,0.8346679687500012,0.9157530209872319,0.7947972773578333,-0.010997141239745045
2024-12-24,939.4783314751317,944.4702460950843,928.2964305391456,933.7875366210938,5603093,INDUSINDBK,-0.010997141239745045,-0.041357082976773096,-0.07359352105399486,979.3886901855469,1065.3075378417968,1348.0966647338867,0.9534391666746591,0.8765426916182824,0.6926710532329837,964.3221365030579,997.417581879026,-33.0954453759681,-34.59514099687953,1.4996956209114316,29.115984427780347,0.012455872524688872,4446174.25,1.260205445164458,0.01732065905962252,0.3395059170148572,0.9193483152946494,0.7902308237310919,-0.0035816963986621264
2024-12-26,938.4799636441488,943.4718783443836,926.748964098597,930.4429931640624,5262262,INDUSINDBK,-0.0035816963986621264,-0.034448813723357286,-0.06986374061337086,975.8943511962891,1056.551719970703,1345.2116500854493,0.9534259441336957,0.8806412176299921,0.6916703353743329,959.109960604751,992.4565012334731,-33.346540628722096,-34.34542092324804,0.9988802945259465,28.608302470195852,0.012423094425910879,4469375.25,1.1774043810709338,0.01797306698921852,0.22089625116603914,0.9236598007936133,0.7854167185539835,0.023016222767501704
2024-12-27,931.5411478942068,969.5296048576588,931.5411478942068,951.8582763671876,6300341,INDUSINDBK,0.023016222767501704,-0.011406082935730755,-0.04045889398742375,973.8876037597656,1048.4148986816406,1342.4107540893556,0.9773800104780755,0.9079022794927172,0.7090663371606367,957.9943168758952,989.4492253174519,-31.454908441556768,-33.76731842690979,2.312409985353021,39.03233556578353,0.013698799663000303,4543250.55,1.3867474247045433,0.039909782692058686,0.5348237358660699,0.9289143114852799,0.780994114869743,0.010593677073128527
2024-12-30,951.7584374665278,971.9257848924716,947.315621229137,961.9419555664062,8165774,INDUSINDBK,0.010593677073128527,0.03663456349873484,-0.03248479307868546,972.2727203369141,1040.771279296875,1339.6052282714843,0.989374622413629,0.9242587441654574,0.7180786811407243,958.6016459052046,987.4116497803375,-28.810003875132907,-32.775855516554415,3.9658516414215086,44.40866357560048,0.013958554861573562,4710742.55,1.7334366956648906,0.025583834368513136,0.5943208886115718,0.9341848105126063,0.7769238708031919,-0.0034768661847812687
2024-12-31,956.4508643961152,959.895297754771,947.5153248222418,958.597412109375,2295670,INDUSINDBK,-0.0034768661847812687,0.015279754543404245,-0.03108127341108169,970.7352111816406,1033.0398022460938,1336.7232403564453,0.9874962822688891,0.9279385073306353,0.7171248192361488,958.600994552,985.2772618047106,-26.67626725271066,-31.555937863785665,4.8796706110750065,42.99797188574921,0.013943971349112273,4577027.7,0.5015634928318218,0.012914673851755253,0.8951624811726563,0.9396881021147616,0.7728150233780835,0.009633915416480399
2025-01-01,957.0498738602826,977.7164131636414,951.9581451772848,967.8324584960938,4024591,INDUSINDBK,0.009633915416480399,0.0364589593883331,-0.028997797742582043,969.2900543212891,1025.4950231933594,1333.8420065307616,0.9984962232732121,0.9437709950871275,0.725597524862307,960.0212197741682,983.9850541522204,-23.963834378052184,-30.03751716663897,6.073682788586787,45.73559695433048,0.014025349002841872,4545002.55,0.8854980730428853,0.02661438739756894,0.6162803076362555,0.9451923533504337,0.7688279557641214,0.022642791651139804
2025-01-02,973.9225422382254,996.3861580253704,967.233364460984,989.7468872070312,3956740,INDUSINDBK,0.022642791651139804,0.06373726760121023,-0.007508617273816465,968.9156616210937,1019.1672705078125,1331.182416381836,1.0214995240670224,0.97113291983354,0.7435095859342635,964.5943993792241,984.4118566007248,-19.817457221500717,-27.993505177611322,8.176047956110605,48.26314705655229,0.015019940931351936,4530005.05,0.8734515649160259,0.029454796919495922,0.7722595330812551,0.9506934628486643,0.7656105263754287,0.006607172798887229
2025-01-03,991.3942153548278,1023.7418455476342,989.0480399246932,996.2863159179688,5896120,INDUSINDBK,0.006607172798887229,0.046675057257833386,-0.000300586787299828,968.90068359375,1013.6472106933594,1328.5950204467774,1.028264643412824,0.9828728431428175,0.7498796101034154,969.4700788467234,985.29144617978,-15.821367333056628,-25.559077608700385,9.737710275643757,53.0364266920289,0.01509771293284653,4562103.8,1.292412504950019,0.034823127718034,0.20863309352518328,0.9558559165086622,0.7629467182200427,-0.027908636535032505
2025-01-06,1003.3249109449376,1003.3249109449376,961.6424247285768,968.4813232421876,3370654,INDUSINDBK,-0.027908636535032505,0.0067980896746839825,-0.020497842670239352,967.8873229980469,1007.5720495605469,1326.018687438965,1.0006137080526076,0.9612030461390739,0.7303677786869543,969.3179625998717,984.0462518881066,-14.728289288234805,-23.392919944607268,8.664630656372463,42.68961248501776,0.01627331499433632,4417735.55,0.7629822930437744,0.04303901914888797,0.1640712715194636,0.9606135098926091,0.7598475489863142,0.013968339757535864
2025-01-07,968.5811981124376,992.9417043936328,968.5811981124376,982.0093994140624,3581533,INDUSINDBK,0.013968339757535864,0.024423169736260464,0.0010176766647678193,967.9372406005859,1001.6526354980468,1323.6378665161133,1.014538296723396,0.9803891734640948,0.7419018632330038,971.2704913405165,983.8953739270662,-12.624882586549688,-21.239312472995753,8.614429886446064,52.08933895841692,0.016513660410829953,4418547.95,0.8105678699265898,0.024806795429585915,0.5512283343630884,0.9663402324292825,0.7567422033146052,-0.0025924776319480314
2025-01-08,984.3057557876656,984.405569706156,965.5361079406534,979.4635620117188,3781895,INDUSINDBK,-0.0025924776319480314,0.012017682826734877,-0.0033018454547266707,967.7750030517578,1000.44359375,1321.2067938232422,1.0120777648969053,0.9790292707461488,0.7413400889177962,972.5309637514706,983.5670915629664,-11.036127811495817,-19.198675540695767,8.16254772919995,54.34603464946218,0.016520607493970402,4415476.65,0.8565088890233401,0.019265098261283586,0.7380949305362633,0.9673458944588877,0.7572195347671248,-0.00015285840544554397
2025-01-09,979.4635636514238,983.756598073486,968.8308219831551,979.3138427734376,3134034,INDUSINDBK,-0.00015285840544554397,-0.01054112376451588,-0.004010691950663836,967.5778259277344,998.9679833984375,1318.792993774414,1.0121292742880403,0.9803255550211555,0.7425834436461634,973.574483601004,983.2520360970755,-9.677552496071485,-17.29445093177091,7.616898435699426,54.54045970011663,0.016520028026252204,4338183.95,0.7224299467522579,0.015241054949310951,0.7023434310443358,0.9685774138987764,0.7574865715197421,-0.04414319456720628
2025-01-10,970.178602356728,973.4233468462152,931.5411711715404,936.0838012695312,5611356,INDUSINDBK,-0.04414319456720628,-0.0604269211436147,-0.060474003479422556,964.5652038574219,996.9602331542969,1316.3931118774415,0.9704722889919833,0.9389379537314564,0.7110974623184463,967.8066863192389,979.7580927765166,-11.951406457277699,-16.22584203687227,4.27443557959457,52.144163827092704,0.018895718647466732,4330168.1,1.295874864534705,0.04474190838242631,0.10846213275251702,0.9675061971184348,0.7573423350206011,0.004372881769250769
2025-01-13,935.3849593465728,971.9257489542456,932.9888160223344,940.1771850585938,8752532,INDUSINDBK,0.004372881769250769,-0.029225280348040172,-0.045558268491977416,962.3213348388672,994.66994140625,1313.9769152832032,0.976988819660762,0.9452152376590216,0.7155203216458,963.5559938176011,976.8261736863001,-13.27017986869896,-15.634709603237607,2.364529734538646,48.87577242321128,0.018855241667131123,4484066.35,1.9519184857735212,0.04141446266799654,0.18461569761618413,0.9674780495310346,0.7569919454725484,0.021662942600826796
2025-01-14,943.571679698348,977.716387980544,943.571679698348,960.544189453125,5735697,INDUSINDBK,0.021662942600826796,-0.021858456725307396,-0.03727422363897981,960.4618469238281,992.8029663085938,1311.45248046875,1.0000857322230556,0.9675073726104866,0.7324277499630024,963.0926392999894,975.620100780139,-12.527461480149555,-15.013259978619995,2.485798498470441,57.13145580078951,0.019320782692010114,4617947.9,1.2420445453704663,0.03554725400154251,0.4970758459701621,0.9674244331631932,0.7570254973735213,0.000363843026197852
2025-01-15,969.679434478797,981.4104340722342,953.1063019809502,960.8936767578124,3633812,INDUSINDBK,0.000363843026197852,-0.01895924052117437,-0.013529436718041299,959.8029144287109,990.8052026367187,1308.7915539550781,1.0011364440685728,0.9698108913847988,0.7341838918917667,962.7543373704236,974.5292545562629,-11.774917185839286,-14.365591420063854,2.5906742342245686,58.24770491142014,0.01861526830749655,4634930.45,0.7840057233221266,0.029456049900115976,0.2751320814836157,0.9687100066435815,0.7570382003479267,0.013403240823609774
2025-01-16,965.436293024827,989.0480736869356,965.436293024827,973.7727661132812,3948431,INDUSINDBK,0.013403240823609774,-0.005658121450079712,0.010515911659704225,960.3095916748047,989.0390612792969,1306.1624380493165,1.014019618834585,0.9845645174556917,0.745521948684697,964.4494802539402,974.4732183753013,-10.02373812136102,-13.497220760323287,3.473482638962267,56.22341743958094,0.018700822285819693,4684442.45,0.8428817393199056,0.02424773158973493,0.35306414233435307,0.9709521385663662,0.7572098480770689,-0.0045111369084170905
2025-01-17,971.2768349032216,974.0223880337288,957.4492553296146,969.3799438476562,3066978,INDUSINDBK,-0.0045111369084170905,0.035569617306664414,0.006791808828286561,960.6365631103515,986.6599169921875,1303.4380419921874,1.009101653084071,0.982486393896279,0.7437100288756698,965.2080131145119,974.0959387806608,-8.88792566614893,-12.575361741488416,3.6874360753394857,52.182842624827785,0.018734672461344776,4654500.7,0.658927390428795,0.017096632552899973,0.7198813121842615,0.973624798744062,0.7569672552169544,-0.0002575190364179081
2025-01-20,964.6375869305205,978.8645435027528,946.5668195646172,969.1303100585938,4485164,INDUSINDBK,-0.0002575190364179081,0.03079539203899695,0.04438107738989294,962.6957275390625,984.5243762207032,1300.6163711547852,1.0066839213423955,0.9843639563083215,0.7451315634279821,965.8114434136014,973.7281144308781,-7.9166710172767125,-11.643623596646076,3.726952579369364,53.148302677528626,0.016629474337258282,4655452.35,0.9634217392430191,0.0333265027446958,0.6986093056339084,0.9778282293370588,0.7569675409717996,-0.01055936268971025
2025-01-21,969.9789379349533,976.9177115893332,956.4508612187852,958.8969116210938,3369291,INDUSINDBK,-0.01055936268971025,-0.0017149422693079064,0.015596963610424952,963.4320373535156,982.6004931640625,1297.7958666992188,0.9952927393354288,0.9758766846669891,0.7388657463210512,964.7476692916772,972.6295068153386,-7.881837523661375,-10.891266382049137,3.0094288583877624,47.34499408064253,0.016463854691549495,4698798.4,0.7170537471877916,0.021344161319642858,0.11951279058689031,0.9804921166395686,0.7571302377955509,0.010932387099714447
2025-01-22,962.8904546300936,975.9692469862896,947.6152075822,969.3799438476562,2639472,INDUSINDBK,0.010932387099714447,0.008831640060821044,0.03811617293089342,965.2116577148438,980.9461730957031,1294.9438467407226,1.0043185202950002,0.9882091091588178,0.7485884011785634,965.4603269156739,972.3887984473621,-6.92847153168816,-10.098707411976942,3.1702358802887822,43.507341530194964,0.016359431232084016,4550617.35,0.5800250377017527,0.0292496658137437,0.7676061937868737,0.9839598585402461,0.757520239634075,0.0
2025-01-23,964.3880290649158,986.9514595083186,960.9435956775328,969.3799438476562,3359986,INDUSINDBK,0.0,-0.0045111369084170905,0.04184775528394802,967.1585052490234,979.1520776367188,1292.174522705078,1.002296871284879,0.9900197997714016,0.7501927385306486,966.0633449052096,972.1659203288654,-6.102575423655708,-9.299481014312697,3.196905590656989,41.0494992735385,0.016314648176711875,4455503.55,0.7541203732179722,0.026829380983018472,0.32437682021916886,0.9877510627188342,0.7577552880294618,-0.02075294914389403
2025-01-24,969.2800161725846,971.4265637867784,946.7165869586972,949.262451171875,2938649,INDUSINDBK,-0.02075294914389403,-0.02075294914389403,-0.002727113121524516,967.0287139892578,976.9805932617187,1289.2957250976563,0.9816279883312957,0.9716287690041983,0.7362643284185048,963.4785920231582,970.4693670579773,-6.99077503481908,-8.837739818413974,1.8469647835948937,43.26216367736988,0.01630813780983573,4287418.95,0.6854121405606979,0.026030711314427756,0.10302980981692259,0.9898136366872592,0.7577629974594994,-0.02560993205302531
2025-01-27,945.4686619113552,945.4686619113552,922.2063511603848,924.951904296875,3907787,INDUSINDBK,-0.02560993205302531,-0.0455856197078881,-0.03845351692530241,965.1792114257812,974.77916015625,1286.2561242675781,0.9583214115547706,0.948883544195397,0.7191039846932216,957.5514092960377,967.0977031497475,-9.546293853709813,-8.979450625473142,-0.5668432282366709,31.40256154185883,0.017061236652575695,4074519.6,0.9590792004043863,0.025149751725365474,0.11802581290750301,0.9901516680671241,0.7578421915863065,0.008311242956836606
2025-01-28,935.8341808067707,947.4154589327384,924.2030566598772,932.639404296875,5708478,INDUSINDBK,0.008311242956836606,-0.02738303461612812,-0.027079154903391522,963.8813110351563,973.1218444824219,1283.1762145996095,0.9675873923681234,0.9583994127610213,0.7268209881741668,953.7187931423205,964.5452365680533,-10.826443425732805,-9.348849185525076,-1.4775942402077291,35.2329926689203,0.017203965896774497,4245160.0,1.3447026731619067,0.024888935815832458,0.36344138524865865,0.9905042379845245,0.7583696092637331,0.015147479471038672
2025-01-29,934.1869397155896,951.45895258573,930.4430036482267,946.7665405273438,2571504,INDUSINDBK,0.015147479471038672,-0.023327698766446026,-0.021766079225617352,962.8280151367187,971.997666015625,1280.233097229004,0.9833184386444195,0.9740419896359344,0.7395266866452439,952.6492158169394,963.2282961205933,-10.579080303653882,-9.594895409150837,-0.9841848945030449,40.56712412221564,0.017429895250880238,4172505.65,0.6162973080695529,0.022197604201134407,0.7767213808740951,0.9905661801468164,0.759234914422586,0.00922702637852435
2025-01-30,946.7665296476354,965.8356803601456,944.5700749927312,955.5023803710938,4509409,INDUSINDBK,0.00922702637852435,-0.014315917679790013,-0.034599256919688015,961.1157897949219,971.1360607910157,1277.344027709961,0.9941594868345407,0.9839016580156772,0.7480383981472328,953.0881642098863,962.6560060650748,-9.56784185518859,-9.589484698358389,0.02164284316979881,57.03437303221333,0.016717584522487065,4200139.1,1.0736332518130174,0.0222559418001192,0.5140839016562534,0.9896819082303132,0.7602776070688497,0.03568257735204661
2025-01-31,956.001558150214,997.684045290928,951.5587419443314,989.59716796875,5365839,INDUSINDBK,0.03568257735204661,0.042490584924202324,-0.006714081928401727,960.7813323974609,971.3307458496093,1274.6116076660155,1.0299920851911062,1.0188055636014726,0.776391146932072,958.7049340189423,964.6516476875693,-5.946713668627012,-8.860930492412114,2.914216823785102,64.70589731006584,0.018626336801585763,4173625.05,1.2856543018879956,0.04661018123290871,0.824675899442628,0.9891392159702296,0.7620601758274005,0.018361605964390293
2025-02-01,975.4201296891222,1021.3457448024278,970.827592552375,1007.7677612304688,6054296,INDUSINDBK,0.018361605964390293,0.08953531156471128,0.040564992886761964,962.745654296875,971.5543835449218,1272.047799987793,1.0467642795713006,1.0372736496267092,0.7922404812461761,966.2530612822541,967.8454338759323,-1.592372593678192,-7.40721891266533,5.814846318987138,64.23843228936823,0.017857453475044006,4307807.15,1.405424103072952,0.05012876398067244,0.7312256492527422,0.9909333647223059,0.7637719145100091,0.003269222162054719
2025-02-03,992.3926054586174,1022.294185587041,988.4988877628188,1011.0623779296876,3655089,INDUSINDBK,0.003269222162054719,0.08408713300285275,0.029585234655554515,964.1983032226562,971.7380859375,1269.7421371459961,1.0486041870747924,1.040467994988844,0.7962737853232594,973.146802304936,971.0466889910252,2.1001133139108106,-5.505752467350103,7.605865781260913,64.86246733549498,0.017643522942487642,4311484.95,0.847756409308584,0.033425531957210784,0.667651762805203,0.9922409311480576,0.7653034876212577,0.03401796749652841
2025-02-04,1020.7965955300766,1052.195749529809,1013.059128151812,1045.4566650390625,9861468,INDUSINDBK,0.03401796749652841,0.10423913423973441,0.06737678213551979,967.4979583740235,972.48787109375,1267.6901541137695,1.080577644624756,1.0750331146683043,0.8246941586210643,984.2713965717247,976.5585390686576,7.7128575030670845,-2.8620304732666657,10.57488797633375,68.83526812218727,0.019029545056140636,4615463.6,2.136614835398117,0.037434953247473646,0.8278061760708005,0.9948689203556705,0.7671337258066876,0.01341731527357326
2025-02-05,1050.698190306013,1076.955587501532,1050.698190306013,1059.48388671875,5000442,INDUSINDBK,0.01341731527357326,0.10882391136197112,0.08186348486433026,971.506460571289,973.6709533691406,1265.6705380249023,1.0905577365854329,1.0881334017952118,0.8370929518293839,995.8425489020362,982.701157413109,13.141391488927297,0.33865391917212717,12.80273756975517,72.53431367610528,0.01913638816666702,4708784.0,1.0619391333303885,0.024783196351233616,0.33459890739804116,0.9977769771293249,0.7692925797961361,0.004099297500302912
2025-02-06,1060.3825319841956,1075.0088669233746,1056.339154064494,1063.8270263671875,3889634,INDUSINDBK,0.004099297500302912,0.07501017666693799,0.13646558665411046,977.8936218261719,975.1076293945313,1263.6951022338867,1.0878760251861945,1.0909842096382163,0.8418383710490102,1006.3016992812903,988.710481039337,17.591218241953356,3.789166783728373,13.802051458224984,73.20775060079453,0.015410921903504913,4622697.9,0.8414207642684156,0.01754957563226688,0.40107056596382973,1.0028571127408474,0.7716320397782603,0.012716309857024877
2025-02-07,1059.7834655186712,1084.793006317995,1059.7834655186712,1077.35498046875,3975043,INDUSINDBK,0.012716309857024877,0.0690508487325654,0.14590632232966505,984.7525115966797,976.7699365234375,1261.8021170043946,1.0940362860531572,1.102977211095705,0.8538224543690457,1017.2329733101302,995.2767402563305,21.95623305379968,7.422580037742634,14.533653016057045,78.56970207278674,0.01546232882714515,4383823.45,0.9067525290052454,0.02321383504297003,0.7025924662540768,1.008172420930208,0.7741070674713693,-0.010286332221881245
2025-02-10,1074.260012508778,1080.2503099762991,1060.9814710399407,1066.27294921875,4457091,INDUSINDBK,-0.010286332221881245,0.05460649361923142,0.11007172905373608,990.038949584961,978.3084436035156,1259.852981262207,1.0770010105822074,1.089914899733692,0.8463471254800577,1024.7775849883794,1000.5357186979912,24.241866290388202,10.786437288271749,13.455429002116453,73.30131758907883,0.015512169563446379,4319893.15,1.0317595471082426,0.01807120676790735,0.2746132341593638,1.0119906007743704,0.7765258789350001,-0.01296808163291474
2025-02-11,1061.7802909862514,1073.1618812444683,1045.9559452506974,1052.4454345703125,4109028,INDUSINDBK,-0.01296808163291474,0.006684896433262422,0.09527771909313465,994.6165374755859,979.4226403808593,1257.728807067871,1.058141901844404,1.0745569799785897,0.8367824833589259,1029.0341772317538,1004.3808828366817,24.653294395072066,13.559808709631813,11.093485685440253,68.73032445095636,0.01601592476854104,4343653.95,0.945984198395915,0.025850210471841183,0.2385321100917448,1.0155131160627635,0.7787232310152586,-0.013755166799607421
2025-02-12,1058.7351645812173,1062.2295049524337,1018.600218209558,1037.9688720703125,4798340,INDUSINDBK,-0.013755166799607421,-0.02030707112976493,0.06592514002344063,997.8263427734375,980.2373229980469,1255.777624206543,1.040229975473788,1.058895481449017,0.8265546797954361,1030.4087456684551,1006.868882039173,23.539863629282195,15.55581969356189,7.984043935720305,70.52441719967757,0.016384649707217272,4386149.4,1.0939755038895846,0.04203332866413766,0.4439369814799292,1.0179436340187444,0.780581931149956,0.00731009058994303
2025-02-13,1037.819050883359,1055.2407841812485,1023.7418760107508,1045.5565185546875,4539780,INDUSINDBK,0.00731009058994303,-0.01717432191480517,0.0785827839646358,1001.6351715087891,981.2167358398438,1253.6626986694337,1.0438496453551431,1.0655714281715487,0.8340014580192756,1032.7391722663372,1009.734632892174,23.004539374163187,17.04556362968215,5.958975744481037,80.24539351433758,0.016300126484854523,4459789.5,1.01793593621403,0.030126451905287524,0.6925523394607237,1.020809302290863,0.7826800118415036,-0.021819049388111078
2025-02-14,1047.9026696208666,1056.3889242883222,1016.5534830582576,1022.7434692382812,4036016,INDUSINDBK,-0.021819049388111078,-0.05069035946416445,0.05532089815294916,1004.3158294677735,981.8966345214844,1251.293247680664,1.0183484509850584,1.0415999335171395,0.8173491474792088,1031.2013718004823,1010.6982503992931,20.50312140118922,17.737075183983563,2.7660462172056555,71.00304546400005,0.017274534957032912,4437332.1,0.9095591470379241,0.03894959237406153,0.15538891973793298,1.0228325407767742,0.784705452811705,0.023281950086738723
2025-02-17,1022.7435225598032,1049.250516867541,1011.4617464292484,1046.554931640625,2795714,INDUSINDBK,0.023281950086738723,-0.01849246723606024,0.09141547851201048,1008.69873046875,983.2075122070313,1249.0946942138671,1.037529740078371,1.0644293484814777,0.8378507542210697,1033.563457929735,1013.354300861614,20.209157068121044,18.231491560811058,1.977665507309986,72.25564411290267,0.017548500839003094,4408653.25,0.6341424107237283,0.03610777542183402,0.9286670300289954,1.0259265902113561,0.7871360888501931,-0.02303846861762071
2025-02-18,1043.3101357816213,1049.7996246644734,1019.6983557025072,1022.4439086914062,2620716,INDUSINDBK,-0.02303846861762071,-0.02850649059174748,0.054740110088443705,1011.3519287109375,984.0022241210937,1246.8817330932618,1.0109674779526119,1.0390666643102848,0.8200007118196602,1031.8527580469151,1014.0276051453022,17.82515290161291,18.15022382897143,-0.32507092735852083,63.9716564305263,0.018513606402572016,4407715.45,0.5945746792706412,0.029440508869080017,0.09121053974063706,1.0277943524104047,0.7891704545867256,0.011424796294064343
2025-02-19,1022.4439682766844,1040.3650155905457,1014.2572767273072,1034.1251220703125,2464555,INDUSINDBK,0.011424796294064343,-0.0037031457333911444,0.0667903009893831,1014.5891876220703,985.0195788574218,1244.659045715332,1.0192550193581593,1.0498523524475025,0.8308501236786326,1032.2023525120533,1015.5163101027103,16.686042409342917,17.85738754504573,-1.1713451357028113,60.25288960069797,0.0185977365818578,4362943.9,0.5648834952931666,0.025246208902623874,0.7609944870017304,1.0300193106810607,0.791397115738881,0.011440405318835944
2025-02-20,1028.2844810980805,1048.202294277614,1023.9415395958396,1045.9559326171875,1819683,INDUSINDBK,0.011440405318835944,0.00038201097254142447,0.10186169412467883,1019.423861694336,986.01197265625,1242.7174349975585,1.026026535104597,1.060794353033516,0.8416683496673099,1034.318287912843,1017.7710969556347,16.547190957208386,17.59534822747826,-1.0481572702698756,59.05754878489076,0.017771923564949943,4306995.6,0.4224947432033597,0.023194815312218123,0.9074075934614623,1.0338858857343045,0.7934321551207554,-0.0037227178571299646
2025-02-21,1039.865740196348,1054.092696274426,1037.269847203072,1042.0621337890625,2589619,INDUSINDBK,-0.0037227178571299646,0.018889061755798187,0.12661223675323074,1025.2793731689453,987.1521240234375,1240.8059732055665,1.0163689634838209,1.0556246686091528,0.8398268192543769,1035.509648816877,1019.5704330173701,15.939215799506883,17.264121741883987,-1.3249059423771037,57.331746592664935,0.016408671439559513,4241087.2,0.610602630382134,0.016143806137724433,0.2848677156683758,1.0386234788110555,0.7955733171344866,-0.013987931691089583
2025-02-24,1028.4342548993686,1037.0702918122688,1019.44880832771,1027.48583984375,3074297,INDUSINDBK,-0.013987931691089583,-0.018220822644236634,0.10169679203977089,1030.021694946289,987.7471618652344,1239.024298400879,0.9975380566108646,1.0402316296241987,0.8292701290603044,1034.275216667165,1020.1567594489538,14.118457218211233,16.634988837149436,-2.5165316189382025,45.31007586478013,0.01699795678641841,4109378.15,0.748117327678885,0.017150098620569296,0.45609278714148005,1.0427989415846304,0.7971975716215168,0.004955469561956916
2025-02-25,1026.5372493523805,1040.015418506602,1024.6902653613845,1032.5775146484375,3628538,INDUSINDBK,0.004955469561956916,0.009911160769690452,0.09063583306746081,1034.3122436523438,988.917265625,1237.2251284790038,0.9983228188445487,1.0441495467225401,0.8345914505615061,1034.014031741207,1021.0768153896563,12.93721635155066,15.89543434002968,-2.9582179884790207,42.634613443934825,0.01682937869826452,4162229.85,0.8717774199807826,0.014841649104120959,0.5146603895122842,1.0459037167266505,0.7993026029472391,0.012037652761153206
2025-02-27,1045.20707392088,1061.580577722876,1039.0170268672573,1045.00732421875,5951737,INDUSINDBK,0.012037652761153206,0.010523100073859037,0.09367317725874713,1038.7874908447266,990.5446276855469,1235.5157553100587,1.005987589789867,1.0549825772721193,0.8458065546533644,1035.7053075069828,1022.8494456732928,12.855861833689914,15.287519838761728,-2.4316580050718137,45.06668270883025,0.0168827430530349,4234346.25,1.4055858091435012,0.021591763361550744,0.2654855784811479,1.048703371671301,0.8017256141237672,-0.054074666791266934
2025-02-28,1038.3182332809224,1038.967206551306,968.531243034862,988.4989013671876,55666745,INDUSINDBK,-0.054074666791266934,-0.054932554477922446,-0.0011098117871706226,1038.7325775146485,991.0577954101562,1233.4426248168945,0.951639452506964,0.9974180173398367,0.8014145785775248,1028.4427834854757,1020.3049609098777,8.13782257559808,13.857580386129,-5.71975781053092,30.991019222884674,0.019858985256723787,6749391.55,8.247668636145432,0.07125547981795868,0.28348669252837005,1.0481049463767769,0.8034891736916255,-0.006160945532870166
2025-03-03,977.3669918142032,984.705082052478,945.468644677139,982.4088134765624,6158061,INDUSINDBK,-0.006160945532870166,-0.05724545435270112,-0.025163483819866883,1037.4646301269531,992.14703125,1231.3582986450194,0.946932343473094,0.9901847030059965,0.7978253076765717,1021.3606342533353,1017.4978388777802,3.8627953755551516,11.85862338401423,-7.995828008459078,31.66738803608375,0.01942667555884735,6754579.8,0.9116867639938165,0.039939011984724146,0.9414761194053034,1.0456762933814938,0.8057338244617783,0.0036584730935167453
2025-03-04,976.4184782024269,1001.9770561202596,965.3863593220937,986.0029296875,3271190,INDUSINDBK,0.0036584730935167453,-0.04037321834290031,-0.024785264281617203,1036.2116577148438,992.9836755371093,1229.3331680297852,0.9515458761214199,0.9929699288904892,0.8020632285287941,1015.920987397053,1015.164882641463,0.7561047555899449,9.638119658329373,-8.882014902739428,34.79548515882564,0.019431469341200453,6735384.85,0.4856723220500162,0.03711012989562095,0.56343749011196,1.0435334268253225,0.8077417101895444,-0.015947708501912183
2025-03-05,982.6584152965656,993.6406277103448,969.0804315959311,970.2784423828124,3944062,INDUSINDBK,-0.015947708501912183,-0.06033355499401527,-0.07190945848859376,1032.4527465820313,993.7134936523438,1227.2116415405274,0.939780000193666,0.9764166921157555,0.7906366021469736,1008.899057394862,1011.8399611408222,-2.940903745960213,7.122314977471456,-10.06321872343167,34.5978817226641,0.017828336911144462,6439514.55,0.6124781564473676,0.025312523747408694,0.048778551331606176,1.0389843281561,0.8097327795920582,-0.000154305436193658
2025-03-06,974.421757635346,982.5086351427768,960.644085134761,970.1287231445312,3928358,INDUSINDBK,-0.000154305436193658,-0.0716536614996437,-0.08433838843076136,1027.9849884033204,994.5072082519531,1225.1182482910156,0.9437187644649829,0.9754868693709401,0.79186537666696,1002.9343905871187,1008.7502398077636,-5.81584922064485,4.534682137848195,-10.350531358493045,32.236063432229756,0.017400854157818307,6385910.35,0.6151602175248201,0.02253778234412551,0.43379067972096697,1.0336626822546728,0.8117642600126523,-0.035967900774282247
2025-03-07,969.4298455691636,975.0207657210344,930.7924131722664,935.2352294921876,7737031,INDUSINDBK,-0.035967900774282247,-0.05388339005873577,-0.12087660276325363,1021.5553985595703,994.1747473144532,1222.8580401611327,0.9155012354796448,0.9407151328461341,0.7647946031159546,992.5191350340524,1003.3046834880913,-10.785548454038917,1.4706360194707728,-12.25618447350969,30.500548506438633,0.018650647749772903,6578280.2,1.176147984696669,0.047291153235088326,0.1004517705022451,1.0275410850246198,0.8129927715758841,-0.03869765071793896
2025-03-10,893.552717159087,911.8730194435756,879.6751701381226,899.0438232421875,16014401,INDUSINDBK,-0.03869765071793896,-0.08485773854100687,-0.16550826836014676,1012.6398406982422,992.9167846679687,1220.2396331787108,0.8878218959094802,0.9054573727876175,0.736776448491669,978.138317835304,995.5816568032095,-17.44333896790556,-2.312158978004494,-15.131179989901067,18.848803097561884,0.01942563020886976,7180248.1,2.230340898666162,0.03581343697945573,0.6015511446220937,1.0198637552862688,0.8137063882128065,-0.2715713458050797
2025-03-11,809.1394418745042,809.1394418745042,647.9505088123896,654.8892822265625,101075220,INDUSINDBK,-0.2715713458050797,-0.3358140604773653,-0.3858145958721031,992.0706573486328,986.8426220703125,1216.395762939453,0.6601236286705552,0.6636207917860906,0.538385040608827,928.4076969724207,970.3451846123468,-41.937487639926076,-10.237224710388812,-31.700262929537264,9.769408873662528,0.06189570607891853,12011154.55,8.415112766990413,0.2461315789351252,0.04304745544471757,1.0052977396409495,0.8112841660066135,0.043829532701082474
2025-03-12,628.9812174494401,696.521843983474,605.020028213271,683.5927734375,108682122,INDUSINDBK,0.043829532701082474,-0.29546742092019374,-0.3504720045494861,973.6280242919922,981.1578283691406,1212.5803759765624,0.7021087688335578,0.6967205006902438,0.5637504836633715,890.7438625824329,949.1042652660618,-58.36040268362888,-19.861860305036828,-38.49854237859205,13.01091576663741,0.06360586055389608,17239809.25,6.304137152793613,0.1338542760042342,0.8587014865536222,0.9923255934372309,0.8091486946413399,-0.018037079338684814
2025-03-13,688.884239902351,705.7569362397606,666.570405201837,671.2627563476562,31592987,INDUSINDBK,-0.018037079338684814,-0.30806836213254707,-0.35329201635038565,955.2927185058594,974.7881457519532,1208.7317276000977,0.7026775598138708,0.6886242505850777,0.5553446980997424,856.9775385463134,928.5234127535873,-71.54587420727387,-30.198663085484238,-41.34721112178963,10.503014561642033,0.06359431280316288,18579541.6,1.7004180017013981,0.05837733535394947,0.11974397890127297,0.9800003443506641,0.8064553312316598,0.007511023171641984
2025-03-17,703.8599711745402,708.7520719445212,673.9084830394534,676.3046264648438,22353102,INDUSINDBK,0.007511023171641984,-0.2768614727740074,-0.35316301465967104,936.8301239013672,968.3885119628907,1204.9038446044922,0.7219074293303228,0.698381505057301,0.5612934422056224,829.181705918395,909.8405396951619,-80.65883377676687,-40.290697223740764,-40.368136553026105,11.538030526600238,0.063598747330468,19470207.7,1.1480669515405324,0.05152055381788679,0.06876855974620588,0.967411439033332,0.8037060519802414,0.0
2025-03-19,683.89233396865,699.6667726962552,681.4462835065794,691.5798950195312,11120576,INDUSINDBK,0.022586372999596094,0.056025673024032496,-0.3391843331764912,901.7594299316406,956.7363879394532,1197.3829595947266,0.7669228311501635,0.7228531325217011,0.577576196051435,788.1110382772791,877.6555321862456,-89.5444939089665,-57.59565347320333,-31.948840435763174,13.807341915982647,0.06371576100899119,19684650.0,0.5649364352426891,0.026346181143917086,0.5561657213184927,0.9425369843764198,0.7990228859305597,-0.012415314127057653
2025-03-20,696.3720685324636,699.8664086613003,679.8987507822333,682.9937133789062,8918567,INDUSINDBK,-0.012415314127057653,-0.0008763405376293054,-0.3319988435815042,884.7869201660156,950.8069909667969,1193.2456405639648,0.7719301651190252,0.7183305548525958,0.5723831624946079,771.9391421390679,863.2361382005167,-91.2969960614488,-64.33592199085243,-26.961074070596368,11.260679024013541,0.06371754566354779,19999542.55,0.44593854972947866,0.02923549293050302,0.15499877929687347,0.9305641718792466,0.7968241899609338,0.004093057039621151
2025-03-21,683.8922937009127,692.7279580843635,671.2128185501152,685.7892456054688,14265415,INDUSINDBK,0.004093057039621151,0.021640541085358622,-0.33684113172637886,867.3701263427735,944.9364990234375,1189.8046069335937,0.7906535223861904,0.7257516735931046,0.5763881242424409,758.6853119031297,850.0919239342169,-91.4066120310872,-69.75005999889939,-21.656552032187818,13.399330123527037,0.06356227798735044,20589585.55,0.6928461461916119,0.03137281558746674,0.6774962826594929,0.9179136664095138,0.7941946883688416,-0.025404034951674426
2025-03-24,690.8809534120653,692.6281234532086,664.074397441107,668.367431640625,14649992,INDUSINDBK,-0.025404034951674426,-0.01173612380223954,-0.36099847919191186,848.4907012939453,939.5821716308594,1185.736098022461,0.7877133251093583,0.7113453743811685,0.563673006797474,744.7902534012059,836.6308504309878,-91.84059702978197,-74.1681674050759,-17.67242962470607,13.041949231554739,0.06319602010742649,21231101.0,0.6900250721806656,0.04272159991699698,0.1503493518743781,0.9030510868689601,0.7924041219609232,-0.04839792258494835
2025-03-25,669.1162550889187,671.7619333042584,632.5754031134364,636.0198364257812,18615476,INDUSINDBK,-0.04839792258494835,-0.05956604237595975,-0.3896526744397313,828.1885864257813,933.4990246582031,1181.6038528442382,0.767964986296969,0.6813288708669593,0.5382682486137956,728.0563430972943,821.770775319491,-93.7144322221967,-78.07742036850007,-15.637011853696634,11.422927906017676,0.06338437601143589,22032393.85,0.8449139084357825,0.061612119538656425,0.08789840017913987,0.887187414822441,0.7900270656795659,0.028647626914858337
2025-03-26,636.3692782470268,661.4286644030351,636.3692782470268,654.2402954101562,23506399,INDUSINDBK,0.028647626914858337,-0.053991736715134686,-0.36326101047811354,809.5263092041016,927.3729467773437,1177.5084014892577,0.8081766929272289,0.705477011900839,0.5556141209546391,716.7000280685038,809.3611101410218,-92.66108207251796,-80.99415270930365,-11.666929363214308,15.355157261630623,0.06438095866822716,23053998.95,1.0196234957319628,0.038303030754622096,0.7131466450084868,0.8729242232235007,0.7875722547749516,0.027849889631314184
2025-03-27,654.2403268185823,675.6556530172826,639.4642715294709,672.4608154296875,21589495,INDUSINDBK,0.027849889631314184,-0.01542166163889036,-0.3487551240560949,791.520474243164,921.6042895507812,1173.5349096679688,0.8495810750475925,0.7296632872200127,0.5730215691836117,709.8939953548397,799.2203475698118,-89.32635221497208,-82.66059261043733,-6.665759604534742,18.612495995302368,0.06504765666088987,23952046.8,0.9013632605293673,0.053819316542163396,0.9117238011853449,0.8588506837668647,0.7853232843422895,-0.03518670766531873
2025-03-28,670.9133399366704,672.8601988693141,642.4594259661419,648.7991333007812,8807815,INDUSINDBK,-0.03518670766531873,-0.05393801746195326,-0.37914393682759584,771.7100646972656,915.1048168945313,1169.4668069458007,0.8407291325859524,0.7089888735396717,0.554781999324287,700.4947858080616,788.0780354017355,-87.58324959367394,-83.64512400708466,-3.9381255865892797,19.06406069153256,0.0647244792187916,24094850.7,0.36554760640206,0.04685698753712498,0.2085377024732756,0.8433023741653057,0.7824974693248751,0.05055012147310545
2025-04-01,647.9504928631245,688.6845024151485,645.8039452841422,681.5960083007812,14019630,INDUSINDBK,0.05055012147310545,0.01979237173134596,-0.3104736815002329,756.3649200439453,909.3491381835937,1165.546890258789,0.9011470392640368,0.7495427000263676,0.584786432873108,697.5872815761722,780.1904778387018,-82.60319626252954,-83.43673845817364,0.8335421956440996,26.341524508779813,0.06613950439064856,22012494.95,0.6368941835918513,0.06291198394472339,0.834692117159046,0.8317651474930396,0.7801909522333236,0.028929275367146623
2025-04-02,681.5960244528856,707.2544774124426,673.9084638630087,701.3140869140625,14993840,INDUSINDBK,0.028929275367146623,0.10266071394127119,-0.2861280586111171,742.3101837158204,903.9928137207031,1161.6120104980469,0.9447722829336093,0.7757960862847522,0.6037421105979875,698.16063624354,774.3477822146544,-76.18714597111443,-81.98681996076179,5.79967398964736,59.87260253631954,0.06687449288437386,22454283.9,0.6677496404149411,0.047547902104980895,0.8218560521612648,0.8211461113950447,0.7782226815415861,0.009893971713606176
2025-04-03,693.8262232541506,713.5442859472515,692.378555831163,708.2528686523438,6972769,INDUSINDBK,0.009893971713606176,0.08255769878607966,-0.28169293687918884,728.4226806640625,898.9799328613282,1157.7360165405273,0.9723102910615976,0.7878405765944889,0.6117567895734122,699.7132873833559,769.4518626915203,-69.7385753081644,-79.53717103024232,9.79859572207792,55.77913166912834,0.06697662051029224,22639362.85,0.30799316421574996,0.029884425539090945,0.7500007197537847,0.810276908346101,0.7764981999502809,-0.03862421756607515
2025-04-04,699.8664313621185,703.7601491494154,674.5574485540631,680.8971557617188,9627949,INDUSINDBK,-0.03862421756607515,0.012545474975580007,-0.29824561072430955,713.9536163330079,893.2102770996094,1153.695842895508,0.9536994283451172,0.7623033156007745,0.5901877517845825,696.818497903104,762.8922547707942,-66.07375686769024,-76.8444881977319,10.77073133004167,52.109287976002896,0.06720476185767656,22923557.2,0.4200023982316322,0.0428885630498534,0.21709318242521278,0.7993119141567926,0.774216430266282,-0.008944211088401488
2025-04-07,635.9699463045964,677.5526210144809,635.9699463045964,674.8070678710938,9382614,INDUSINDBK,-0.008944211088401488,0.04008626589557318,-0.304414917554647,699.187533569336,887.3188195800781,1149.5249960327149,0.9651302911912909,0.7605012459788072,0.5870312261151467,693.4321240520255,756.3674261115572,-62.93530205953164,-74.06265097009185,11.127348910560215,49.67363295892107,0.06713107287308138,23196270.0,0.404488049156179,0.06162157554317124,0.9339736281385834,0.7879778024996981,0.7719004133380545,0.005548099097696824
2025-04-08,683.7924745958861,694.7746865281891,671.9116936763576,678.5509643554688,5639989,INDUSINDBK,0.005548099097696824,-0.004467520214655907,-0.2744595766308898,686.3533203125,881.90458984375,1145.3745965576172,0.9886321582104697,0.7694153904740306,0.5924271119639196,691.1427148679398,750.6032437592544,-59.46052889131454,-71.14222655433639,11.68169766302185,50.48169017181383,0.06710567899267131,23091417.9,0.24424611015333106,0.03369384770316892,0.29039376962317964,0.7782625560822896,0.7699704467815883,-0.001618546961473566
2025-04-09,678.5509554946689,682.1950164809281,669.1661319550328,677.4526977539062,4243562,INDUSINDBK,-0.001618546961473566,-0.034023826991914086,-0.24647422045475564,675.2737640380859,876.9546057128906,1141.2221615600586,1.0032267412594122,0.7725060035498577,0.593620348931731,689.0365583888578,745.1846847958952,-56.148126407037466,-68.14340652487661,11.995280117839144,46.77454597547061,0.06688157812081356,22502875.95,0.1885786514323295,0.019232168635673758,0.63601498519721,0.7700213439088388,0.7684346091860743,0.016137380584599903
2025-04-11,683.8423797564933,692.8777328170322,674.4076491612468,688.385009765625,5019467,INDUSINDBK,0.016137380584599903,-0.02805192857816885,0.05114716097533334,676.9485504150391,872.0695178222657,1137.3058267211914,1.0168941337470538,0.7893694203240378,0.6052769568148721,688.9363201391296,740.9773014603196,-52.040981321189975,-64.9229214841393,12.88194016294932,51.217867777979684,0.027144395893476492,17700088.3,0.283584291497574,0.026831036983321187,0.7567567567567595,0.7762552601374221,0.7667854128000102,0.0672952076960589
2025-04-15,703.8599650858017,739.8017505369916,691.9292768945735,734.7100219726562,12452925,INDUSINDBK,0.0672952076960589,0.07903229695641345,0.07477733896762717,679.5044128417969,867.8283874511719,1133.5956909179688,1.0812439302637942,0.8466075005111474,0.6481235133998252,695.9784281135182,740.5130585353076,-44.5346304217893,-60.8452632716693,16.31063284988,59.23482734083502,0.02942072167929974,12888628.45,0.966194738897916,0.06515832397914363,0.8936397437415117,0.7829939912861275,0.76555371055479,0.07113734434149843
2025-04-16,745.7920460796265,793.1154211693025,731.814685108924,786.975341796875,31252589,INDUSINDBK,0.07113734434149843,0.16622273130548826,0.17238046406568341,685.2900421142579,864.4578466796875,1130.1352795410157,1.1483828648215835,0.9103686719017978,0.6963549904543206,709.9779532955731,743.9547091472756,-33.97675585170248,-55.47156178767594,21.49480593597346,69.78680890267515,0.03249817235468379,12871608.55,2.4280251282191143,0.07789410011298775,0.8998367757545389,0.792739686204945,0.7649153710436962,0.008182689918351471
2025-04-17,786.9753349848488,799.7047171872678,776.0430298472445,793.4149169921875,13986710,INDUSINDBK,0.008182689918351471,0.16927829841907882,0.1731620425835303,691.145556640625,860.5342016601562,1126.683120727539,1.1479707991593722,0.9220027692815914,0.7042041390305479,722.8144092488984,747.6184282468987,-24.804018998000288,-49.33805322974081,24.53403423174052,78.7420194215531,0.03249746599028099,12453288.95,1.1231338208048245,0.02982258945889752,0.7341778671700563,0.8031587301321157,0.7637765986096241,0.042154314344376775
2025-04-21,800.7031330962135,840.5386375338136,797.0590109213787,826.8607788085938,15639685,INDUSINDBK,0.042154314344376775,0.2205439310376205,0.22261588410348732,698.6733642578125,856.9160620117187,1123.5067654418945,1.183472594073988,0.9649262226074203,0.7359642186786256,738.821543027313,753.4882319922094,-14.666688964896366,-42.40378037677192,27.737091411875554,79.86183085207475,0.03327401216530905,13235273.2,1.1816669564478655,0.052583975110155536,0.685419130961257,0.8153346578865479,0.7627155335149931,-0.04914275456037798
2025-04-22,788.7225198412699,806.6934126984127,774.1461533428374,786.2265625,25698945,INDUSINDBK,-0.04914275456037798,0.14213202110209688,0.13685572435242022,703.4056976318359,852.419345703125,1120.1651779174804,1.1177426699087,0.9223471598377142,0.7018844881088772,746.114622946188,755.913293511305,-9.79867056511705,-35.88275841444094,26.084087849323893,68.2641395991084,0.035694080632168446,13964191.65,1.8403460539729846,0.04139679439484125,0.3711651732388733,0.8251873930097469,0.760976472494774,0.00850791396305528
2025-04-23,796.1604548704618,803.698233569443,780.7354268960303,792.9157104492188,10657940,INDUSINDBK,0.00850791396305528,0.07922266844854442,0.16094144780119057,708.9017974853516,847.3685266113281,1116.9940643310547,1.1185127661714007,0.9357389206088772,0.7098656436675695,753.3147902543466,758.6542132844838,-5.3394230301372545,-29.774091337580206,24.43466830744295,74.47024114505348,0.03539943276111383,14051160.3,0.7585096015166805,0.0289599592627612,0.5304353133491866,0.8365920791515442,0.758615066695811,0.03217071708383212
2025-04-24,793.7144008123428,836.1456738117448,792.0171377050755,818.4243774414062,22577201,INDUSINDBK,0.03217071708383212,0.039961907285080533,0.1934050915581751,715.5335540771484,842.5473364257813,1113.8204544067382,1.1437959446876815,0.9713690163846361,0.7347902206350926,763.3316498215866,763.0816328516634,0.25001696992319467,-23.769269676079528,24.019286646002723,73.82234437450347,0.03578760612085276,14466749.6,1.5606270671886102,0.053918892597781466,0.5984164005009841,0.8492502713409014,0.75644807301959,0.003171734941996407
2025-04-25,820.6707929753643,827.6594736941325,806.044458239358,821.0202026367188,11724192,INDUSINDBK,0.003171734941996407,0.034793000551567754,0.2283964833854648,723.1661926269531,837.6911999511718,1110.722971801758,1.13531330834798,0.9800988749608152,0.739176395447104,772.2068117931453,767.3733787616675,4.833433031477853,-18.048729134568053,22.882162166045905,72.1626539339215,0.03488034106854042,14320459.6,0.8187022153953775,0.026327020194335714,0.6928398653563184,0.8632849344353931,0.7541855361038514,0.009971382575820975
2025-04-28,826.6610449603979,840.4387168557798,819.7222715865429,829.2069091796875,6929801,INDUSINDBK,0.009971382575820975,0.002837394675406335,0.303743785476178,732.8255462646484,832.7282385253907,1107.7093530273437,1.131520200689391,0.9957713342927594,0.7485780515561095,780.976057544921,771.9536402741135,9.022417270807523,-12.634499853492938,21.656917124300463,72.2906950559407,0.031977678677685105,13736175.85,0.5044927406050935,0.024983445072510522,0.45783132530120424,0.8800296571692445,0.7517569805198123,0.007705808287315596
2025-04-29,840.5885333812107,850.6222697989416,827.2101775332635,835.5966186523438,8769289,INDUSINDBK,0.007705808287315596,0.06279367615787423,0.277201396053558,741.8933624267578,828.1147119140625,1104.7087130737305,1.1263028636879557,1.009034867549917,0.7563954269242505,789.3792207922168,776.6679349687972,12.71128582341953,-7.565342718110445,20.276628541529973,80.89730318023544,0.0318094224803277,12999320.35,0.6745959607034379,0.0280184143198632,0.3582098098671295,0.8958823599595073,0.7496226852505983,0.0017324529607027905
2025-04-30,818.6739806932644,841.7366013845531,808.7400586182927,837.0442504882812,20241775,INDUSINDBK,0.0017324529607027905,0.055653506996427016,0.24474799316511642,750.1225341796875,823.8066882324218,1101.7342810058594,1.1158766899379298,1.0160687724983906,0.7597514799340528,796.712302283919,781.1402546369071,15.572047647011914,-2.937864645085974,18.509912292097887,83.01501098970982,0.031694281431383114,12931934.35,1.565255007654752,0.03942030871965515,0.8577926502933563,0.9105564993520109,0.7477362758289633,0.021529104318880332
2025-05-02,833.6497376689139,862.103650870787,831.7527857475394,855.0650634765625,7845964,INDUSINDBK,0.021529104318880332,0.0447697881992517,0.3179195525838612,760.4358306884766,820.1486120605468,1098.8913861083984,1.1244407864137744,1.042573322569298,0.7781160852526839,805.6896501597104,786.6161664028075,19.073483756902874,1.4644050353117959,17.60907872159108,83.94775251631825,0.029778612687221793,12883841.8,0.6089770521708827,0.03549538674851903,0.7680926930536426,0.9271927300808966,0.7463418336228951,-0.011325835407775875
2025-05-05,853.6173963926872,860.6060768309899,839.1907510148993,845.3807373046875,7875811,INDUSINDBK,-0.011325835407775875,0.029671053878740805,0.2402959040388477,768.6250671386719,816.1450964355469,1095.9810998535156,1.0998610030398186,1.03582162166608,0.7713460911120436,811.7959712589376,790.9690975807246,20.82687367821302,5.336898763892041,15.489974914320978,81.2639326971611,0.029020420077758204,12576650.85,0.6262248267789036,0.025332166763544512,0.2890446936435256,0.9417750232104375,0.7446707762977204,-0.017655763405189484
2025-05-06,845.3807317592896,849.8734548687278,820.5709407406414,830.4548950195312,10040705,INDUSINDBK,-0.017655763405189484,0.0015050355056476228,0.18414118654555622,775.0821075439453,812.2993249511719,1092.9722232055665,1.0714411891806526,1.022350837321514,0.7598133579130667,814.6665749144134,793.8939714650805,20.772603449332905,8.424039700980213,12.348563748352692,76.06225903299466,0.0293914138484788,12328994.1,0.8143977455549273,0.035284895427580364,0.3373073803730757,0.9541828778332867,0.743202167177486,0.002404423345197859
2025-05-07,825.6626685393485,840.6384122250682,814.7802704198093,832.45166015625,9432595,INDUSINDBK,0.002404423345197859,-0.0037637281265761047,0.17535939069365214,781.2920471191406,808.0172595214843,1089.925906677246,1.0654807804914312,1.0302399488956906,0.7637690370110264,817.4027418746961,796.7500965533153,20.65264532138076,10.869760825060323,9.782884496320436,71.4129307225605,0.029425659316022593,12451985.4,0.7575173514096796,0.031062634676475253,0.6833975105220729,0.9669249485856644,0.7413506317918528,-0.0083952592029497
2025-05-08,833.6497650906806,842.8848073985713,814.6804889987968,825.4630126953125,13290700,INDUSINDBK,-0.0083952592029497,-0.01383587281820875,0.21231672905413768,788.5203399658203,804.0776416015625,1086.8354122924804,1.0468506275070768,1.026596151897912,0.7595105968751509,818.6427835394063,798.8769792305002,19.765804308906127,12.648969521829486,7.116834787076641,60.51841626094157,0.027596307961201084,12635122.95,1.0518852924972923,0.034167876653469154,0.382300452848451,0.9806519907645297,0.7398338630736256,-0.010401581262173387
2025-05-09,804.1974172103472,825.1135509253314,804.1974172103472,816.8768920898438,5074137,INDUSINDBK,-0.010401581262173387,-0.0446611293314354,0.2105339896141829,795.6238311767578,799.7326770019531,1083.6470764160156,1.0267124488738,1.0214374322581905,0.7538218944783478,818.3711079317814,800.21030610897,18.160801822811322,13.751335982025854,4.409465840785469,56.33763898172015,0.027650911999098294,12419699.1,0.40855555027094015,0.025605001093217054,0.6062054800506951,0.9948622259120402,0.7380010470262489,-0.036299199825818085
2025-05-12,833.6497192769846,836.6448679689977,784.728957307437,787.2249145507812,14573162,INDUSINDBK,-0.036299199825818085,-0.06879246260013383,0.1601559144471012,801.0575286865235,794.558056640625,1080.4325332641602,0.9827320590090162,0.990770791349284,0.7286201500916012,813.5793858731658,799.2484252528079,14.330960620357928,13.86726090969227,0.46369971066565796,39.06936957923922,0.029521974973295628,12866357.75,1.1326563650074164,0.06594800253646162,0.04807692307692308,1.0081799838181469,0.7354073782285484,-0.023335439362072496
2025-05-13,792.7160518582475,802.6998812267393,767.8063853965688,768.8546752929688,10848937,INDUSINDBK,-0.023335439362072496,-0.07417647857336518,0.13492008791478094,805.6276275634766,789.0939074707031,1077.171315307617,0.9543549016786785,0.9743513009210684,0.7137719547177138,806.6986611685202,796.9970363668939,9.70162480162628,13.034133688079073,-3.3325088864527928,44.53859942872515,0.030278755941576134,13196626.5,0.82209926908214,0.045383733690472154,0.030042558690653705,1.0209527914691032,0.7325611964011081,0.014608497397974096
2025-05-14,773.746779513684,785.1283694191785,763.3136655897239,780.0864868164062,9164606,INDUSINDBK,0.014608497397974096,-0.06290476173717385,0.1332124839296005,810.2127014160156,784.1459204101562,1074.0171743774415,0.9628169065395327,0.9948231145656836,0.7263258962954541,802.6044804989642,795.7444030668578,6.860077432106436,11.799322436884548,-4.939245004778112,46.078730591774125,0.030255802077968682,13403883.45,0.6837276699835823,0.027964468296947605,0.7688768712062634,1.033242258012673,0.730105569182066,-0.001087870161632143
2025-05-15,776.741896752132,781.3844016150146,756.6244569282494,779.2378540039062,7350633,INDUSINDBK,-0.001087870161632143,-0.05599906716652425,0.0606059951539728,812.4390930175781,779.0791271972656,1070.94140625,0.9591338731739815,1.0002037364384433,0.727619503229854,799.00961488434,794.5216957288613,4.4879191554786075,10.33704178060336,-5.849122625124753,35.89652342466307,0.026703069847545925,13148768.85,0.5590358370319971,0.03177456608344008,0.9133056378653507,1.0428197401980526,0.7274712908199926,-0.00038434928459885054
2025-05-16,748.7871785807127,784.2297717001999,748.7871785807127,778.9383544921875,27168178,INDUSINDBK,-0.00038434928459885054,-0.046443396752963384,-0.010212502066884177,812.0372436523437,773.7577478027343,1067.9517486572265,0.9592396907667861,1.0066953858674303,0.7293759811448169,795.9217286701627,793.3673741557743,2.554354514388365,8.780504327360363,-6.2261498129719985,34.599926290749494,0.021400072826970446,12944548.3,2.0988123625758344,0.045501152838459444,0.8507045692121484,1.049472197155134,0.7245250066546615,0.004934601021804763
2025-05-19,778.6388519982362,790.6693538164135,769.054339548188,782.7821044921875,7193105,INDUSINDBK,0.004934601021804763,-0.005643634972006706,-0.013401326685800963,811.5056030273438,769.6434118652344,1064.8575103759765,0.9646046824223979,1.0170711428492727,0.7351050228455498,793.9002480273973,792.5832801066198,1.3169679207775289,7.287797046043797,-5.970829125266268,32.45283454140271,0.02134460709404149,12604868.05,0.5706608725666112,0.02761306645129272,0.6351032099099564,1.0543916708916616,0.7227665714575193,-0.0022957322288742477
2025-05-20,783.7305994420891,798.4068406889969,778.7885917551308,780.9850463867188,6637953,INDUSINDBK,-0.0022957322288742477,0.015777196242095837,-0.05548180975275718,809.21181640625,765.6149365234374,1061.7163479614258,0.9651181934726463,1.020075509410873,0.7355872855177072,791.9132939288314,791.7241516829234,0.18914224590798767,5.868066086016635,-5.678923840108648,28.616085853419776,0.018841628271646156,12154781.45,0.5461186634499299,0.025119877806407776,0.11195976965081154,1.0569436119947981,0.7211106224308168,-0.015723848220712933
2025-05-21,781.7338412210804,785.4278702825969,759.7694165635277,768.7049560546875,8134620,INDUSINDBK,-0.015723848220712933,-0.014590088347982588,-0.022285696364160335,808.3357360839843,761.2689770507812,1058.422932434082,0.9509723766249779,1.0097678734167177,0.7262739047866974,788.3427804097323,790.019026080832,-1.6762456710996503,4.359203734593378,-6.035449405693028,25.333329221013543,0.015728958317538694,11276565.2,0.721373916234706,0.03337880615569214,0.34824933680703346,1.0618267136217,0.7192483776783556,0.01954668647219715
2025-05-22,748.7871886818273,795.4116831510405,724.6263098730687,783.7305908203125,43477564,INDUSINDBK,0.01954668647219715,0.005765552575919486,-0.011583979870574801,807.8764801025391,757.5380200195312,1055.2141293334962,0.9701119046327951,1.0345759158069794,0.7427218505075737,787.6332127805907,789.5532160615342,-1.9200032809434333,3.1033623314860157,-5.0233656124294495,23.683219771856272,0.01626501145744414,12917546.4,3.365775717283276,0.09031850243829626,0.8349787280932072,1.066450077425434,0.7178998072154457,0.01070071107036541
2025-05-23,779.8369062633557,797.9076744147167,776.0430631998166,792.1170654296875,9260373,INDUSINDBK,0.01070071107036541,0.016918811176131587,-0.03214385193896818,806.5611145019532,753.9777868652344,1052.0869448852538,0.9820918107598272,1.0505840877925892,0.752900764790005,788.3230362650671,789.7431308295455,-1.4200945644784042,2.198670952293132,-3.618765516771536,30.159926084429983,0.01462399344414205,12251705.0,0.7558436152355937,0.027602752382363434,0.735160669992474,1.0697412159253936,0.7166496937641093,0.008444568619960124
2025-05-26,792.0670676132804,800.703104272095,789.4712963879789,798.80615234375,5381797,INDUSINDBK,0.008444568619960124,0.020470636412872167,-0.027056642725267865,805.4504119873047,751.2492053222657,1049.0708297729493,0.9917508768452161,1.0633038233978347,0.7614415820871083,789.9358233540952,790.4144657565237,-0.478642402428477,1.66320828134881,-2.141850683777287,37.44055534160242,0.014760113024562031,11934585.25,0.45094126752331004,0.014060742836245296,0.8311089409722183,1.0721481051574466,0.7161091358196079,0.025746811495426236
2025-05-27,797.3085649681452,826.2616692643375,796.7095595986688,819.3728637695312,10346628,INDUSINDBK,0.025746811495426236,0.04915307605493391,-0.011859579679437071,804.9587097167969,749.6557861328125,1046.231678466797,1.017906699907385,1.092998785477749,0.7831657945688315,794.4645988026238,792.5595322760057,1.905066526618043,1.7115799304026569,0.19348659621538622,45.47652270467562,0.015778630255091894,12105426.6,0.8547099034081129,0.036066741983269965,0.7668929368244367,1.0737710888210055,0.7165294280052747,-0.018947224145514863
2025-05-28,819.173175718629,819.3728644874483,801.6016609187475,803.8480224609375,5308859,INDUSINDBK,-0.018947224145514863,0.04571723667116556,-0.03799512286515783,803.3712799072266,752.6349609375,1043.3570843505859,1.000593427429676,1.0680450207357433,0.7704438245715988,795.9082024423643,793.3957167341488,2.512485708215536,1.8717610859652327,0.6407246222503031,42.94098042514378,0.016171742763877988,11932405.1,0.44491105988347646,0.022107665966876692,0.12640458106880156,1.0674115894198275,0.7213589405068933,0.023598116542394187
2025-05-29,803.8480459772437,825.6626887727754,801.7514052479892,822.8173217773438,8791159,INDUSINDBK,0.023598116542394187,0.049872662130133305,-0.01699662676452096,802.6599334716797,755.4194519042969,1040.7562966918945,1.0251132359609367,1.0892191347510938,0.7905955740000972,800.0480669554381,795.5750948854966,4.472972069941534,2.392003282760493,2.0809687871810407,51.8168106505783,0.01713431053270695,11359874.3,0.7738781933528964,0.029060257838442356,0.8810031677102511,1.062535431737026,0.7258370228510194,-0.008736270253353662
2025-05-30,819.7722199865843,822.51777311287,809.688576515537,815.6289672851562,5630146,INDUSINDBK,-0.008736270253353662,0.029682357421140226,-0.04612057944580872,800.6881286621094,758.3067761230469,1038.108834838867,1.0186599976797606,1.0755923499130224,0.7856873382758142,802.4451285446256,797.060566915101,5.384561629524569,2.9905149521133083,2.3940466774112608,60.070824619475644,0.01638634144851358,11249083.4,0.5004982005911699,0.01572920667596616,0.4630368491550105,1.0558894551302092,0.7304694369938096,-0.0052023214386603955
2025-06-02,813.6820717285866,823.4662120602402,808.2408726812697,811.3858032226562,4094000,INDUSINDBK,-0.0052023214386603955,0.01574806458612854,-0.040212572373504396,798.9883819580078,761.0083996582031,1035.427677307129,1.0155163974152754,1.066198222762166,0.7836238310075447,803.8206169566303,798.1216955304756,5.698921426154698,3.532196246921586,2.1667251792331115,66.7584719471217,0.01626419956130681,11059992.85,0.37016298794442715,0.01876461150601674,0.2065589779713139,1.0499074416482959,0.7349701155732893,-0.014581068013565734
2025-06-03,817.1265074743575,817.1265074743575,796.8593465242216,799.554931640625,3241313,INDUSINDBK,-0.014581068013565734,-0.0241867079143111,-0.03720847882795553,797.4433837890625,763.4734057617187,1032.6821243286133,1.002647896884578,1.0472597023113173,0.7742507716597173,803.1643576772449,798.2278611682644,4.93649650898044,3.8130562993333568,1.1234402096470832,57.635075326028215,0.016121577563301567,10720023.25,0.3023606315406079,0.02534805320823832,0.13300260076068318,1.0444939899294226,0.7393111469398992,0.016857064950379863
2025-06-04,806.4936853208615,814.1313387941531,801.7014596422958,813.0330810546875,3877545,INDUSINDBK,0.016857064950379863,0.01142636211958381,-0.023326975043713283,796.4724548339843,765.9024694824219,1030.0052096557617,1.020792465728341,1.0615360485834644,0.7893485134181132,804.682622812236,799.3245441228144,5.358078689421632,4.122060777351012,1.2360179120706194,62.05913035902908,0.016634311562416022,10442270.75,0.37133158992262294,0.015288282164033056,0.9116437315240133,1.0399136790513561,0.7435908695436544,-0.013691813078768766
2025-06-05,815.6788563720148,817.1764307717186,799.005849201354,801.9011840820312,3366237,INDUSINDBK,-0.013691813078768766,-0.025420147512368985,-0.02854377270805497,795.2943634033203,768.2806188964844,1027.3350347900391,1.008307390298151,1.0437607878665969,0.7805644282791536,804.2547091614352,799.5154063420156,4.739302819419663,4.2455091857647425,0.4937936336549207,57.60583328919444,0.01679879518035234,9946047.6,0.33844971745359437,0.02265937740342069,0.15934189389950212,1.0351612989348045,0.747838429411201,0.02446456552493781
2025-06-06,805.6950034914321,844.4821549354891,803.6982376835227,821.5193481445312,10916786,INDUSINDBK,0.02446456552493781,0.007221887764704116,0.005683177109846449,795.5264862060546,770.9952209472656,1024.6329110717772,1.0326737857119492,1.0655310510682419,0.80176943300134,806.910807466527,801.1453279570168,5.7654795095102145,4.549503250513837,1.2159762589963776,61.616772845930065,0.017596131428210045,10238180.05,1.0662818925517918,0.049644499967140404,0.43696416778477243,1.0318176618898485,0.7524599421082386,0.016771085218153292
2025-06-09,829.9058268383097,838.641677647134,820.1715930799055,835.297119140625,6894267,INDUSINDBK,0.016771085218153292,0.029469724295147826,0.06106540037198327,797.9300964355468,774.3338146972657,1022.0822927856445,1.046829945219514,1.0787300041483965,0.8172503574678474,811.2779323394652,803.6750902669137,7.602842072551539,5.160171014921378,2.442671057630161,65.19554520792911,0.015660778488840763,9854235.3,0.6996247593154183,0.022111993617589587,0.8189202385979739,1.0304730095604908,0.7576041774355073,0.01003996344162017
2025-06-10,836.6448843033291,855.9635693694019,834.6481184696697,843.6834716796875,10162134,INDUSINDBK,0.01003996344162017,0.05519137996999679,0.09732501965759077,801.6715362548828,778.4870874023437,1019.405378112793,1.0524054223267914,1.0837475474318927,0.8276231318708399,816.2633999302686,806.6386740752673,9.624725855001316,6.053081982937366,3.57164387206395,71.44488614264796,0.014426984672354967,9819895.15,1.034851578837886,0.025264748706401993,0.4238875007861702,1.0297814173513153,0.7636678245150551,-0.010354404390971239
2025-06-11,843.8831712431357,850.0232506347497,833.1006477907636,834.9476318359375,2359273,INDUSINDBK,-0.010354404390971239,0.02695407024868146,0.07032700341140874,804.4145935058593,782.1012341308593,1016.6713064575196,1.0379568428725376,1.0675697664175223,0.821256217749689,819.1378971465253,808.735633909391,10.40226323713432,6.922918233776757,3.4793450033575635,65.19550215743752,0.014608164250155322,9479628.5,0.24887821289621212,0.020267861358892227,0.10914302381269367,1.0285300142759608,0.7692763916550432,-0.007652680430141334
2025-06-12,835.6465390883133,841.7866186784207,824.6643265077022,828.5580444335938,2742462,INDUSINDBK,-0.007652680430141334,0.03324207630654352,0.06329285747126989,806.8806030273438,785.2231787109375,1013.9157696533204,1.0268657361757343,1.055187960439218,0.817186268556505,820.5871505753051,810.2039606148876,10.383189960417553,7.614972579104917,2.7682173813126365,60.941259603969904,0.014789425195812006,9249219.95,0.29650738276582994,0.020665169188506787,0.22740634764721251,1.0275812341046278,0.7744461642799206,-0.015724899162768313
2025-06-13,817.6756003577601,825.4629748405426,811.7352098772714,815.529052734375,3164561,INDUSINDBK,-0.015724899162768313,-0.007291727728246267,0.046975088633351536,808.7101379394531,788.5577770996093,1011.0618914794921,1.008431840377686,1.0342032967247734,0.8066064596114952,819.8089816767006,810.5984118829978,9.210569793702803,7.934092022024494,1.2764777716783087,54.83684296377999,0.015370234940288205,8049039.1,0.3931600978308082,0.01683295637015465,0.2763627485795459,1.025555972466553,0.7799302730574769,0.0053866190557019245
2025-06-16,815.728776496177,823.4662443528528,808.9397846285792,819.9219970703125,2286257,INDUSINDBK,0.0053866190557019245,-0.018406770139625106,0.04744601641374868,810.5671325683594,791.324296875,1008.2501959228516,1.0115411347513084,1.0361390397189205,0.8132128318803229,819.8263686603332,811.2890478227988,8.537320837534367,8.05473778512647,0.4825830524078967,50.175222246155606,0.015374474796481831,7803696.7,0.2929710223104904,0.01771688011320401,0.7560143799787734,1.0243172562366034,0.7848491377189376,-0.014733650736414527
2025-06-17,818.6739828894886,819.6224588374446,804.7465291640164,807.841552734375,2343961,INDUSINDBK,-0.014733650736414527,-0.04248266103157727,0.034387990489587184,811.9099578857422,793.4548461914062,1005.3845874023438,0.9949890931723987,1.0181317268550631,0.8035149562234991,817.9825508255703,811.0336778162489,6.94887300932146,7.833564829965468,-0.884691820644008,51.302930687990425,0.015820864686905536,7588997.1,0.3088630775731882,0.018414415083101772,0.20805580816149322,1.0232591832829818,0.7892053012683339,0.0511030188408963
2025-06-18,816.7271560677959,854.1166095498168,814.231198704997,849.1246948242188,20826809,INDUSINDBK,0.0511030188408963,0.01697958344657824,0.1046171722142637,815.9309448242187,796.2722827148438,1002.5629080200196,1.0406820579738536,1.0663747982400917,0.846954029549299,822.7736499022856,813.855234631654,8.918415270631613,8.050534918098696,0.8678803525329162,57.492174430586395,0.01871491981391194,8223606.55,2.5325638907177535,0.046972383547361767,0.8748435926855608,1.0246883667008349,0.7942367270373257,-0.015285156568125569
2025-06-19,845.6303286059934,848.2260998091858,834.0990181304759,836.1456909179688,4363823,INDUSINDBK,-0.015285156568125569,0.009157652303722452,0.06687897692342792,818.5516998291016,799.3772534179687,999.667847290039,1.0214940499085647,1.045996351963714,0.8364235112539068,824.8308869816215,815.5063795417514,9.324507439870104,8.305329422452978,1.0191780174171257,55.656467683625785,0.01892437292196135,6267919.5,0.6962155464823695,0.016895478661380674,0.14487583734843704,1.0239867300816317,0.7996428569599089,0.003283571826555143
2025-06-20,834.1489165560613,846.379107133933,827.659427678007,838.8912353515625,20961217,INDUSINDBK,0.003283571826555143,0.028646658925095103,0.05904956724610155,820.8904083251953,802.6589367675781,996.7475769042969,1.021928416806688,1.0451403415875453,0.8416285675426417,826.9940175000739,817.2385910832188,9.75542641685513,8.59534882133341,1.1600775955217202,57.64640008415894,0.018846497636358903,6852961.7,3.05870920014043,0.02231478726569475,0.5999999999999963,1.022713846096373,0.8052780416687642,-0.0004164607039058854
2025-06-23,833.8494580311097,843.6335988242648,825.163514116278,838.5418701171875,3191499,INDUSINDBK,-0.0004164607039058854,0.022709322488488226,0.04974388048571021,822.8771942138671,805.8587548828125,993.7067523193359,1.019036468641333,1.0405568780339525,0.8438524425440506,828.770610210399,818.8166117524016,9.953998457997386,8.867078748666206,1.0869197093311804,61.57726197777787,0.018816871433200568,6743446.8,0.473274142238358,0.022026431077801337,0.7243256440033787,1.0211183898269238,0.8109623417591945,-0.009465472276428466
2025-06-24,849.6238575670791,850.6222404784387,822.4678301908046,830.6046752929688,5482589,INDUSINDBK,-0.009465472276428466,0.028177706979227946,0.013707814866806167,823.4387847900391,808.9217944335937,990.687892150879,1.008702396140785,1.0268046688920742,0.8384120588065792,829.052774069256,819.6898016442955,9.362972424960503,8.966257483925066,0.39671494103543736,55.39548013069411,0.01817308492124802,6500244.85,0.8434434589029366,0.03389628197999668,0.2890078328416617,1.0179460986912958,0.8165253667099398,-0.0025843165515522237
2025-06-25,832.6513503090705,837.4435761091694,826.6610528248326,828.4581298828125,4946637,INDUSINDBK,-0.0025843165515522237,-0.024338669064011276,0.030615373471383878,824.6692901611328,811.7232568359375,987.6697805786133,1.0045943746989043,1.0206164760045275,0.8388007268962621,828.9612903482647,820.3393074397412,8.621982908523478,8.897402568844749,-0.27541966032127085,58.630741625418096,0.01759471631278366,6482133.75,0.7631186258691438,0.013015169862431057,0.1666657247650384,1.0159488264210372,0.8218569331547232,0.007592169954038219
2025-06-26,833.5499140645393,839.1408339734202,823.1667074492384,834.7479248046875,4451922,INDUSINDBK,0.007592169954038219,-0.0016716777093555013,0.014499698428288799,825.2658203125,813.7240148925781,984.740524597168,1.0114897579165425,1.0258366590236185,0.8476831245938227,829.8515418030989,821.4066124297373,8.444929373361674,8.806907929748133,-0.36197855638645926,54.70692401276799,0.016894109343791215,6265171.9,0.7105825779496967,0.0191364674885767,0.7249984741210953,1.0141839311716092,0.8263334295351069,0.025834295445256172
2025-06-27,834.6481275969918,879.5753593456337,830.1554044221276,856.3130493164062,12647856,INDUSINDBK,0.025834295445256172,0.020767667166700754,0.04988062423367334,827.3000244140625,815.1107690429687,981.9867352294922,1.0350695322690124,1.0505480749834941,0.8720209943734976,833.9225429589924,823.9922744213424,9.930268537650022,9.031580051328511,0.898688486321511,57.085141871568034,0.017614481929205734,6616057.4,1.911690790348947,0.05771248606214515,0.5292931758996204,1.0149541091027485,0.8300629120539758,0.016789009534183386
2025-06-30,863.3516073711379,874.3338192023983,856.3130201574849,870.689697265625,4353159,INDUSINDBK,0.016789009534183386,0.03833777214242717,0.0730896372692571,830.2652191162109,816.6562646484375,979.21123046875,1.0486886325220808,1.0661642296229104,0.8891745418900316,839.5790282369359,827.4513427801782,12.127685456757717,9.650801132414353,2.4768843243433647,58.75119756144449,0.017788511642867988,6629015.35,0.6566825946480875,0.02069715433811524,0.7977824441806916,1.0166642381340598,0.8339939731466344,0.008026635112418967
2025-07-01,868.692959428848,891.3562640334915,864.6495207663477,877.6784057617188,5729474,INDUSINDBK,0.008026635112418967,0.05667404948346366,0.09770870146568966,834.1713928222656,817.6726171875,976.433479309082,1.0521559637669367,1.0733860805815132,0.8988614425457413,845.4404709330563,831.171865963996,14.268604969060334,10.574361899743549,3.6942430693167854,64.00521879197208,0.01727790179727083,6753423.4,0.8483806894144975,0.03042884853019207,0.4878500109521019,1.0201777279658886,0.8374073959099393,-0.024399920360965388
2025-07-02,874.0842330322413,874.0842330322413,846.329200469908,856.2631225585938,10183147,INDUSINDBK,-0.024399920360965388,0.033562339088535786,0.05317131923811402,836.332894897461,819.0733483886719,973.6202862548828,1.0238304959457278,1.0454046932952754,0.8794631075861065,847.1054942600621,833.0304775635958,14.075016696466264,11.274492859088092,2.8005238373781722,58.26628690892005,0.0182022759595183,7068703.5,1.440596143267291,0.03241413980249285,0.35791426532740694,1.0210720401814355,0.8412656966498824,0.005538378852685044
2025-07-03,847.6270769752098,864.5995861725933,844.1826438037438,861.0054321289062,3855070,INDUSINDBK,0.005538378852685044,0.031455612579525116,0.0737051512332334,839.2881072998047,820.4351428222657,970.7202334594726,1.0258758877198577,1.0494497214820422,0.8869758787868648,849.2439462398842,835.1026964202855,14.14124981959867,11.847844251190208,2.2934055684084615,64.27452860155083,0.017791364381420358,7093145.15,0.5434923321708706,0.023712907732030154,0.823962179117933,1.0229792258930859,0.8451818706800641,-0.007131285651023056
2025-07-04,855.7139575340626,862.5030099898881,848.0264579683325,854.8653564453125,2658812,INDUSINDBK,-0.007131285651023056,-0.0016906117129120712,0.04059065483496638,840.9554077148438,821.1639624023437,967.6861471557618,1.0165406496026546,1.0410410047030976,0.8834117951961451,850.1087785791809,836.56659716288,13.542181416300878,12.186711684212343,1.355469732088535,60.84933442386598,0.017245939116773232,6680246.45,0.39801106439718253,0.01693430656934309,0.4724121093749998,1.0241016973694261,0.8485850136595647,-0.002102153388156003
2025-07-07,845.6303333971698,865.5480848421633,843.8332563281274,853.0682983398438,3295065,INDUSINDBK,-0.002102153388156003,-0.020238437391783437,0.021275278930091623,841.8439666748047,821.8049243164063,964.6123760986328,1.013333030952724,1.0380423298746269,0.884363833056001,850.5640893115906,837.7889453982107,12.775143913379907,12.304398130045856,0.4707457833340509,65.00000202430543,0.016915886079475646,6500286.35,0.5069107455550785,0.025454970670338105,0.4252873563218353,1.0243841838439547,0.8519535356162337,-0.00485695055711044
2025-07-08,853.6173997214189,861.5046491928432,847.0780037587979,848.9249877929688,2344400,INDUSINDBK,-0.00485695055711044,-0.032760767246854505,0.006212657103316088,842.1060424804688,822.1992858886719,961.5371072387695,1.0080974900648074,1.0325051387941921,0.8828832308207146,850.3119198471871,838.613837427452,11.698082419735101,12.183134987983706,-0.4850525682486051,49.91211313124368,0.016833331859994378,6109399.65,0.3837365591232847,0.016994016717014837,0.12802588395304915,1.0242115955747648,0.8550884616921006,-0.011231317296037435
2025-07-09,850.3726540394493,853.517584619168,838.1923702005214,839.3904418945312,2406142,INDUSINDBK,-0.011231317296037435,-0.019705018492032433,0.0053210643269023805,842.3281829833984,822.2751623535156,958.3447778320312,0.9965123556967285,1.0208145403444127,0.8758752187218063,848.6316924698555,838.6713636842728,9.960328785582647,11.738573747503496,-1.7782449619208496,51.47259078695881,0.016864048127091663,6111743.1,0.3936916131177045,0.018257551734872177,0.07817650450307088,1.024387238661675,0.8580160098682517,0.014391852346466338
2025-07-10,843.6335438665195,854.3162529998127,839.5901053406043,851.4708251953125,2560806,INDUSINDBK,0.014391852346466338,-0.011073805783104795,0.027653802791067106,843.4738220214844,822.5636938476563,955.1903869628907,1.0094810330386572,1.035142727017818,0.8914147763804833,849.0684821199258,839.6194719443498,9.44901017557595,11.280661033117987,-1.8316508575420372,55.26314714258281,0.017029729180684166,6102660.3,0.41962125927277977,0.017294952714123252,0.8067771782309314,1.0254206796752943,0.8611515621122064,0.007035304402753129
2025-07-11,850.6222827326752,866.2969074069425,848.226139251802,857.461181640625,3849544,INDUSINDBK,0.007035304402753129,0.00303653104637025,0.05141708779798382,845.5704284667969,822.6116162109375,952.0886608886718,1.0140624042344866,1.0423645432946953,0.9006106435930848,850.3596666615717,840.9410800699999,9.418586591571852,10.90824614480876,-1.4896595532369084,57.558814951517114,0.01657237897498913,6136909.45,0.6272773016065929,0.02107473614206625,0.5110486897700548,1.0279096621095758,0.8640073661239894,0.010188029535092458
2025-07-14,857.4112637275003,872.087505253343,856.0634711220131,866.197021484375,3605770,INDUSINDBK,0.010188029535092458,0.015390002383257162,0.056438325327786254,847.8841796875,823.0279418945313,949.1059918212891,1.0215982822130547,1.052451535837863,0.9126451934226906,852.7961827881568,842.8118905451388,9.98429224301799,10.723455364450608,-0.7391631214326182,64.13000442452359,0.016648881281914805,6202885.1,0.581305302592176,0.018499294887749713,0.6323969531835286,1.0302009646668278,0.8671612538397108,0.015444935276581306
2025-07-15,869.5915489240077,885.3160803769964,868.2437563169067,879.5753784179688,3532750,INDUSINDBK,0.015444935276581306,0.036104945744010575,0.08879690013566366,851.4708709716797,824.0103515625,946.2740786743165,1.033007009874826,1.067432437893657,0.9295143957131434,856.9160590388972,845.5351118690521,11.380947169845058,10.8549537255295,0.5259934443155583,68.63175027063151,0.01633319666909178,6262324.55,0.5641275810273998,0.019409733922744102,0.6637422099755124,1.0333254544158441,0.8707945933771092,-0.0014188503571899158
2025-07-16,874.5834565483802,887.5125278250573,874.5834565483802,878.327392578125,2863446,INDUSINDBK,-0.0014188503571899158,0.046387174240049456,0.03439153039819631,852.931005859375,824.9278662109375,943.4798544311524,1.0297754291311778,1.064732358493916,0.9309445119076661,860.2101103526245,847.9641696993538,12.245940653270736,11.133151111077748,1.1127895421929885,66.49038577016383,0.01210080795869856,5364156.4,0.5338110574106303,0.014720104810493037,0.28957501661379953,1.0339461676534962,0.8743460311702227,-0.016652495296207603
2025-07-17,878.3273841280933,889.4593781906882,861.3548742898693,863.7010498046875,4185118,INDUSINDBK,-0.016652495296207603,0.014363644939413556,0.03295521245402444,854.3087738037109,825.692626953125,940.5466055297852,1.0109940062527494,1.0460321693701162,0.9182969187562878,860.7471779606342,849.1298645219711,11.617313438663132,11.229983576594826,0.3873298620683059,52.95054530669632,0.012205596360865633,5355221.15,0.78150236615345,0.03253961993814218,0.08348041022527626,1.0346571422784552,0.8778859251616075,0.005721906442836877
2025-07-18,864.5996276788773,875.0327416089453,859.857308704888,868.64306640625,2622714,INDUSINDBK,0.005721906442836877,0.013040689193917876,0.035465659671863214,855.7963653564453,826.7279504394531,937.588147277832,1.0150113994051073,1.0507000107405544,0.9264654943945747,861.9619300291904,850.5752868837695,11.386643145420862,11.261315490360033,0.1253276550608291,49.116022215965586,0.012234461150440312,4438296.0,0.5909281399888606,0.017470274605242735,0.5789461003786583,1.0351607985450846,0.8817602407195021,-0.01293029548938407
2025-07-21,868.6430629342083,868.6430629342083,829.2568438466888,857.4112548828125,6765856,INDUSINDBK,-0.01293029548938407,-0.010142919432471142,0.02250261488193539,856.7398345947265,828.1316772460938,934.6489077758789,1.0007836921559783,1.035356186028394,0.9173618540069087,861.2618261605169,851.0816548836987,10.180171276818214,11.045086647651669,-0.8649153708334545,41.55575323229441,0.012666942876664155,4617013.85,1.4654181728304758,0.045936204899599396,0.714828985578998,1.0345454208970337,0.886035034499471,-0.01816487476425177
2025-07-22,878.5769659317137,883.2194708649131,839.7398461312857,841.8364868164062,7686762,INDUSINDBK,-0.01816487476425177,-0.04290580719692361,0.013522451603677599,857.3014251708985,829.5913134765625,931.8209881591797,0.981960909080013,1.0147604888586983,0.9034315576851959,858.2733124152691,850.3968276194547,7.876484795814349,10.411366277284205,-2.5348814814698564,43.68168204772888,0.013190619340326552,4727222.5,1.6260630846125816,0.051648539133835034,0.04822122311232753,1.03340212372549,0.890290435629087,0.00942842814313627
2025-07-23,847.6271338998636,852.6190487049275,840.4387643932794,849.773681640625,2623940,INDUSINDBK,0.00942842814313627,-0.03250918869066266,0.02572918411800451,858.3672027587891,830.9850573730469,929.1423272705078,0.9899885257841347,1.0226100627211923,0.9145785922130575,856.9656769114777,850.3506686580599,6.615008253417727,9.652094672510911,-3.0370864190931837,45.21483211958226,0.013303601206277148,4611087.65,0.5690501242152705,0.014333562658862492,0.7663956775145655,1.0329514293220916,0.8943571215985688,-0.0038183707576092685
2025-07-24,853.8670209978496,859.4080342025928,843.6335957242711,846.5289306640625,2006984,INDUSINDBK,-0.0038183707576092685,-0.019882017214762238,0.01411324965214078,858.9562530517578,832.33087890625,926.4719030761719,0.9855320659887594,1.0170581821696558,0.9137124696964105,855.3600236426446,850.0675769548009,5.2924466878437215,8.780165075577473,-3.487718387733752,46.35851742837489,0.013266667663841358,4488840.75,0.44710519080009686,0.018634257976212817,0.18354599079836315,1.031988929907894,0.8983876101829481,-0.028541125762733155
2025-07-25,845.0313469760935,847.0281128612578,820.0717734115404,822.3680419921875,2805230,INDUSINDBK,-0.028541125762733155,-0.05327277244669837,-0.03964088524788567,857.2590026855469,833.19947265625,923.840415649414,0.9592993942506803,0.9870001950078872,0.8901624437096136,850.2843341579588,848.0157595501628,2.2685746077960403,7.4778469820211875,-5.209272374225147,38.78148754638574,0.013433585161097786,3996709.45,0.7018848968368215,0.03277892387989152,0.08518473307291467,1.028876074480214,0.9018867961849797,-0.02628391445899181
2025-07-28,823.6658904067161,827.4098262722013,796.7095521752236,800.7529907226562,5922408,INDUSINDBK,-0.02628391445899181,-0.06608061631742879,-0.08032334224535198,853.7621673583984,833.5588903808593,921.0574227905273,0.9379110732913402,0.9606435729535392,0.8693844389165393,842.6641274756046,844.5148137110882,-1.8506862354836358,5.6121403385202235,-7.462826574003859,34.39017964791918,0.013723496549259525,4075171.9,1.4532903507702337,0.03833925624089338,0.13170692009654386,1.0242373720809432,0.9050020875521814,0.007667877303901838
2025-07-29,798.7063144953812,817.5258076560963,788.7224855641889,806.89306640625,16766666,INDUSINDBK,0.007667877303901838,-0.041508560103283965,-0.08065065619796763,850.222900390625,834.07705078125,918.3949850463868,0.9490370890216346,0.9674083055641709,0.8785904535024166,837.1608873110886,841.7280176144336,-4.5671303033450386,3.5762862101471713,-8.143416513492209,39.23256409354156,0.013707053055041772,4627031.5,3.6236334245833426,0.03569657900295507,0.6308501770761482,1.0193577435013368,0.9081899012537857,-0.007795078658797472
2025-07-30,809.6885314952509,813.4823743260632,794.2635035106704,800.603271484375,3218643,INDUSINDBK,-0.007795078658797472,-0.05786294776900902,-0.06500320941990578,847.439907836914,834.7150170898437,915.6269680786132,0.944731613510993,0.9591336624990932,0.874377120154501,831.5366387223635,838.6817401233183,-7.145101400954786,1.43200868792678,-8.577110088881566,32.47339297971709,0.012891764527275033,4278806.3,0.7522291906506728,0.024005486237596435,0.32987203226460915,1.0152445930485765,0.9116321888611929,-0.0037410753792535
2025-07-31,794.3134418491932,804.6966487887933,787.8239527460577,797.608154296875,4480429,INDUSINDBK,-0.0037410753792535,-0.05778984579866797,-0.07363168159726508,844.2700439453125,834.992568359375,912.8879049682618,0.9447310845823874,0.9552278481520449,0.8737197085819702,826.3168718876728,835.6392522843224,-9.322380396649578,-0.7188691289884919,-8.603511267661085,28.942784477864237,0.012723747267971177,4310074.25,1.0395247831287362,0.021154116782581757,0.5798837083318316,1.0111108480931348,0.9146715208023324,-0.01902615332768287
2025-08-01,791.2184971333259,797.3585767222569,778.4392074110827,782.4327392578125,4739250,INDUSINDBK,-0.01902615332768287,-0.04856135050874755,-0.08472985440501202,840.6484130859375,834.7988818359376,909.9588992309571,0.930749082586832,0.9372709478683555,0.8598550329241001,819.5654668676943,831.6980290971736,-12.132562229479277,-3.001607749086649,-9.130954480392628,21.80784716516024,0.013161116896843749,4414096.15,1.07366261154053,0.02418018618331381,0.21108165822267114,1.007007114380814,0.9174028437344365,0.02596647044809819
2025-08-04,781.7338080723085,804.2972371618821,779.7370422790204,802.749755859375,2980888,INDUSINDBK,0.02596647044809819,0.0024936093400247383,-0.05898536210804417,838.1324859619141,834.87775390625,907.1791513061523,0.9577838459966973,0.9615177217304527,0.884885587045932,816.9784344048759,829.5537125610404,-12.575278156164472,-4.916341830502214,-7.658936325662259,25.296946284133455,0.0148054792146415,4398387.3,0.677722946317165,0.030595082344894647,0.9369923036080247,1.0038984534447537,0.9203008608654606,0.018779977755900568
2025-08-05,818.6739795099513,847.3275809800909,808.7400574493381,817.8253784179688,18982770,INDUSINDBK,0.018779977755900568,0.013548650331585144,-0.03663410763282238,836.577505493164,834.8468041992187,904.5476635742187,0.9775847103800133,0.9796113182734444,0.904126351049787,817.1087334838132,828.684947068961,-11.576213585147798,-6.248316181431331,-5.327897403716467,32.13444427022225,0.015567432204132156,5230305.8,3.629380523027927,0.04718308400431147,0.2354471118466562,1.0020730765036652,0.9229439617370909,-0.019288316936521333
2025-08-06,820.6707693598112,820.6707693598112,794.1138077672765,802.0509033203125,5249912,INDUSINDBK,-0.019288316936521333,0.0018081762684449831,-0.04448411217304571,834.7105285644532,834.8108618164063,901.8320617675781,0.9608731121430694,0.9607576278717629,0.8893572731804457,814.79214422789,826.7120549394315,-11.919910711541434,-7.382635087453352,-4.537275624088082,31.918020684227912,0.015925852021177307,5372494.3,0.9771833541079793,0.033111316853574685,0.29887061911733,0.9998798131929731,0.9256832809649601,0.004979148152449042
2025-08-07,800.5533274826138,808.6901727309717,787.8239451340708,806.04443359375,2553303,INDUSINDBK,0.004979148152449042,0.01057697222806353,-0.053350496878319276,832.439208984375,834.4754040527343,899.1369268798828,0.9682922487242904,0.9659295285146743,0.8964646090010168,813.4463425918685,825.1811200249365,-11.734777433067961,-8.253063556576274,-3.4817138764916873,31.537105590410974,0.01554577408294148,5372119.15,0.47528785730673895,0.02588719272443679,0.8732047216040811,0.9975599100243454,0.9280848990914743,-0.030841575401673982
2025-08-08,805.2956651604203,807.1926171448683,777.7403200443443,781.1847534179688,2490574,INDUSINDBK,-0.030841575401673982,-0.0015950071836559054,-0.08895612985851165,828.6253875732422,833.7865197753906,896.5121780395508,0.9427477906582,0.9369121890198081,0.871359890644459,808.4830211804993,821.9221299059018,-13.439108725402434,-9.290272590341507,-4.148836135060927,29.190528478381495,0.016580055639896816,5304170.65,0.46955012655937073,0.037702089002197535,0.11694956634004366,0.9938100076221683,0.9300336796301801,0.0010223510072833175
2025-08-11,783.2313770497527,788.8222968580621,776.5921064579863,781.9833984375,1629229,INDUSINDBK,0.0010223510072833175,-0.02586902988172668,-0.09722224962464165,824.4147064208985,833.1984716796875,894.0606484985351,0.9485315974437075,0.938531964492277,0.8746424526688933,804.4061561431148,818.9637053526868,-14.557549209572016,-10.34372791418761,-4.213821295384406,32.226492763058445,0.016276114421722485,5205343.6,0.3129916342121969,0.015639961698052974,0.440818319515307,0.9894577755992743,0.9319261205366122,-0.0002553072053609329
2025-08-12,782.782135385827,790.070318692807,779.5373908164595,781.7837524414062,1462522,INDUSINDBK,-0.0002553072053609329,-0.04407007526017681,-0.1111804950161901,819.5251251220703,832.8430480957031,891.6083703613281,0.9539472658937181,0.9386927755823333,0.8768241510839395,800.9257863428519,816.209634766666,-15.283848423814106,-11.33175201611291,-3.9520964077011964,28.837757668258277,0.015604178008790744,5101832.2,0.2866660334301077,0.013472942925015429,0.21327038894770606,0.9840090842997559,0.9340906565942062,-0.01225974910110239
2025-08-13,785.727356130997,786.526050277765,765.4601950915296,772.1992797851562,4114205,INDUSINDBK,-0.01225974910110239,-0.0372191134148433,-0.12082978817437817,814.2187194824219,832.0263720703125,889.0794662475586,0.948392933382843,0.9280947163534133,0.8685379756258393,796.506323795514,812.9496084717393,-16.44328467622529,-12.354058548135386,-4.089226128089903,27.74287217115635,0.015633721007604007,5164370.15,0.7966518434004967,0.027280335190284513,0.3199055834215562,0.9785972498160361,0.9358290272768937,-0.004783779081931394
2025-08-14,772.1992779972007,778.5389851345358,764.4618104039151,768.5052490234375,1859573,INDUSINDBK,-0.004783779081931394,-0.046572103231262374,-0.11021846135624946,809.4589294433594,831.3584533691406,887.7224142456055,0.9494061045838552,0.9243969865333227,0.865704455233926,792.1984661382716,809.657433697791,-17.458967559519465,-13.375040350412203,-4.083927209107262,31.61837179676246,0.015444247864111423,5048092.9,0.3683713903125673,0.018317603879100273,0.2872336741496206,0.9736581448868031,0.9365072234608794,0.024553437760847174
2025-08-18,776.2427011660334,794.6129708157991,776.2427011660334,787.3746948242188,3029689,INDUSINDBK,0.024553437760847174,0.007923786760003715,-0.09355784294492187,805.3955108642579,830.6755603027344,886.3938159179687,0.9776248864105274,0.947872710420498,0.8882899233776765,791.4563474745712,808.0068604478968,-16.550512973325567,-14.010134874994877,-2.54037809833069,45.34722888517745,0.016700706076063204,5068441.65,0.5977555251129308,0.02333103892025247,0.605978783677098,0.9695668794814868,0.9371405185656319,-0.00399415612618792
2025-08-19,785.9769675038106,789.4214008252885,779.5872923295772,784.2297973632812,2807872,INDUSINDBK,-0.00399415612618792,0.0028726938836167726,-0.08535164088735159,801.7364379882813,829.6542138671875,885.1326083374023,0.9781640950872487,0.9452489775322495,0.886002605684528,790.3445705343727,806.245596515703,-15.90102598133035,-14.388313096261971,-1.5127128850683782,41.950351304302586,0.016589971661968378,4870542.45,0.5765008782543307,0.01253983019871899,0.4720819417162906,0.9663501065717779,0.9373219402972588,-0.009293459687857775
2025-08-20,785.1782483269895,788.9221842231353,775.7435176814108,776.9415893554688,2332155,INDUSINDBK,-0.009293459687857775,-0.006193737169410407,-0.07708729483364651,798.4916931152344,828.3193762207031,883.743857421875,0.9730114865995786,0.9379734576539172,0.8791479373016771,788.282573429926,804.0749293186486,-15.792355888722682,-14.669121654754113,-1.123234233968569,41.654917010474165,0.016316655908742147,4602812.1,0.5066804704019963,0.016962235929031937,0.09090993161294095,0.9639901178678678,0.9372844509914214,-0.01381391487791539
2025-08-21,779.7370607578348,780.5856618655107,765.2605084134192,766.208984375,3324022,INDUSINDBK,-0.01381391487791539,-0.007757447548802254,-0.09833759160943878,794.3134582519531,826.9446032714844,882.3054376220703,0.9646179054566157,0.9265541867542184,0.868416935568293,784.886636652245,801.2700445080079,-16.383407855762925,-15.011978894955876,-1.3714289608070498,39.499145551766176,0.016145988257365598,4637816.2,0.7167213741674368,0.020001270886417895,0.061890144496489045,0.9605401076560159,0.9372543430087085,-0.009577197494768042
2025-08-22,766.2090007927239,771.4505112366336,757.5230570126674,758.870849609375,2483587,INDUSINDBK,-0.009577197494768042,-0.012536543408526168,-0.10355001214893367,789.9305541992187,825.550859375,880.7958825683594,0.9606804618143553,0.9192296767565521,0.8615740203014384,780.8842078764188,798.1293634044055,-17.24515552798664,-15.45861422156203,-1.7865413064246098,41.68425868801721,0.01617441212923685,4661646.35,0.5327703591243038,0.018352864958688608,0.0967723587551487,0.9568526823377685,0.9372782908200393,0.01414286104940432
2025-08-25,766.708180664598,773.746768109789,760.2685986007798,769.6034545898438,2790762,INDUSINDBK,0.01414286104940432,-0.02257024559106824,-0.06416176785581484,787.2923248291015,824.6323474121094,879.3335006713867,0.9775320174204702,0.9332685735710474,0.8752122533739906,779.148707370792,796.0163331218454,-16.867625751053424,-15.74041652746031,-1.1272092235931144,37.45275743185264,0.01576078168676576,4660922.95,0.5987573770126365,0.01751313540580749,0.6925907841435218,0.9547191876474532,0.9377924834917447,-0.018745465110626136
2025-08-26,769.603464610766,771.7500123054746,752.930518268728,755.1768798828125,3306397,INDUSINDBK,-0.018745465110626136,-0.0370464340658182,-0.05691656649163768,785.0135192871094,823.3374450683593,877.6676992797852,0.9619921967313476,0.9172143018712241,0.8604359947421003,775.4607339111028,792.9911884374726,-17.530454526369795,-16.098424127242208,-1.4320303991275871,26.167851502440485,0.0152617100381594,4530122.4,0.7298692415021721,0.02492064380952315,0.11936354982223975,0.9534529541795976,0.9380970106841013,-0.01295622387721218
2025-08-28,755.1768402032403,761.1671375260484,743.6454691076706,745.3926391601562,3085661,INDUSINDBK,-0.01295622387721218,-0.04060659208819639,-0.07621880743133047,781.9384979248047,822.088466796875,876.0151257324219,0.9532624894903654,0.9067061140809447,0.8508901470587573,770.834873180188,789.4653699724862,-18.63049679229823,-16.604838660253414,-2.0256581320448177,27.41739846709926,0.015212798795351977,3846072.15,0.802288901418555,0.023506629255313907,0.09971482228559554,0.9511610118695526,0.9384409499887805,-0.009509672579263606
2025-08-29,741.798539580164,749.1366299645493,736.806624778144,738.30419921875,2538543,INDUSINDBK,-0.009509672579263606,-0.03641928732930744,-0.0778151607476174,778.8235443115234,819.8720568847656,874.43119140625,0.9479736515559601,0.9005114798326636,0.844325095530293,765.8301541091976,785.6756536203576,-19.84549951116003,-17.252970830434737,-2.592528680725291,23.650467753009693,0.01524102744539296,3812067.15,0.665922949442273,0.016700440278482102,0.1214577299819085,0.9499330264660897,0.9376061432189501,0.018052679579404707
2025-09-01,741.1995154361371,752.7807331093904,740.3009464199112,751.632568359375,1436082,INDUSINDBK,0.018052679579404707,-0.009538225448672666,-0.05764182034727239,776.5247650146484,818.1817944335937,872.9288745117187,0.9679441045839615,0.918662054659516,0.8610467476858387,763.6459101476864,783.1539436010256,-19.50803345333918,-17.703983355015627,-1.804050098323554,37.37197439670501,0.016014852733398904,3659849.8,0.39238823407452406,0.016603573627363595,0.9079980468750026,0.9490858514545861,0.9372834583931614,-0.002191599860589921
2025-09-02,751.7823676651477,757.5230696758709,746.2912613940211,749.9852905273438,1330606,INDUSINDBK,-0.002191599860589921,-0.02549126299459692,-0.04146995275433796,774.902392578125,816.4036755371094,871.3833773803711,0.9678448507974259,0.9186451666008618,0.8606834947689903,761.5442763599415,780.6970063363085,-19.152729976367027,-17.993732679285905,-1.1589972970811218,36.4252530164407,0.01555529067002875,3489417.6,0.38132609865898537,0.014976038095296875,0.328889973958336,0.949165732342299,0.9369052666479059,0.022497267402461274
2025-09-03,748.7872033564967,767.7564791748612,747.9885091935414,766.85791015625,1933362,INDUSINDBK,0.022497267402461274,0.015467939478298387,-0.044711126277081625,773.1078002929687,814.9699963378906,869.928483581543,0.991915887882194,0.9409645920735307,0.8815183370005937,762.3617584824505,779.6718881007486,-17.310129618298106,-17.857012067088345,0.5468824487902388,44.45267631231878,0.015243221928764287,3437041.3,0.5625076428380421,0.025777878430297437,0.9545441934877332,0.9486334512521543,0.9368241317753095,-0.017250362140048714
2025-09-04,770.5519364178466,772.14938567442,751.6325676277207,753.6293334960938,1401421,INDUSINDBK,-0.017250362140048714,0.011050141768528698,-0.07849602936761169,769.897998046875,813.4304895019532,868.5215124511719,0.9788690650033477,0.9264827704669953,0.8677152179790856,761.0183084845494,777.7428099818852,-16.724501497335837,-17.630509953137842,0.9060084558020058,43.280329841387065,0.01475781508164877,2557973.85,0.5478636929771584,0.02722401734486846,0.09732336972663516,0.946482837787735,0.9365691901013034,0.002914525842272253
2025-09-05,755.1269254066352,758.2718560968281,748.7872180021344,755.8258056640625,2873689,INDUSINDBK,0.002914525842272253,0.023732231868453857,-0.05763362083988477,767.5867431640625,811.9778430175782,867.2231155395508,0.9846780346263925,0.9308453576210453,0.8715471164462891,760.2194618967821,776.119328180565,-15.899866283782899,-17.284381219266855,1.3845149354839563,45.36157975117669,0.014375449710894954,2439162.7,1.1781456808928734,0.012548709006251147,0.7421039782072395,0.9453296660306103,0.9362963561140765,-0.008321752015795325
2025-09-08,758.2718616832386,759.2702446479302,745.2928831422483,749.5360107421875,2330647,INDUSINDBK,-0.008321752015795325,-0.002789338442004685,-0.07010584093933836,764.7613220214844,810.2736047363281,865.9559182739258,0.9800914208905701,0.9250406361022888,0.8655590832339441,758.5758540268445,774.1501935555,-15.574339528655514,-16.942372881144586,1.3680333524890713,34.75461518220963,0.014300908625040654,2428029.9,0.9598922154953693,0.018648018648018717,0.3035714285714299,0.9438309696270386,0.9356984433473393,-0.006127244410156774
2025-09-09,752.4312921119143,753.8788985584229,743.8950696227454,744.9434204101562,1347461,INDUSINDBK,-0.006127244410156774,-0.006722625337948096,-0.04639278077208164,762.9492553710937,808.0462121582032,864.6877221679688,0.9763996952167159,0.9219069518567431,0.8615172868910567,756.478556547354,771.9867288780671,-15.508172330713137,-16.655532771058297,1.1473604403451603,34.35385526365684,0.0128064843675202,2370874.25,0.5683392950933606,0.013402130500300966,0.10500488281250078,0.9441901266183027,0.9344948372023226,0.006835063845574085
2025-09-10,748.9868663886224,754.6276932314906,744.8934599224224,750.03515625,1350420,INDUSINDBK,0.006835063845574085,-0.02193725028254878,-0.04085539699606999,761.3518432617187,805.6331213378907,863.5385833740235,0.985136061451908,0.9309884814621812,0.8685600975922325,755.4872641939148,770.3606864611731,-14.87342226725832,-16.299110670298305,1.4256884030399846,39.09346367357805,0.012950872311744147,2356933.8,0.5729562705579597,0.012978369384359452,0.528207632211537,0.9450354300197646,0.9329439782413842,-0.0035275039190870716
2025-09-11,750.2847390416779,753.0801989359792,746.2912074965459,747.389404296875,975314,INDUSINDBK,-0.0035275039190870716,-0.00827983853849168,-0.04399470830280405,759.6321258544922,803.0273413085938,862.2926010131836,0.9838833546648048,0.9307147662979288,0.8667468599622695,754.2414395943701,768.6591100045584,-14.417670410188293,-15.922822618276303,1.5051522080880098,41.83625703743556,0.012948284236241298,2332573.4,0.4181278925670678,0.009083606752252796,0.1617614059652987,0.9459604757873052,0.9312701284518111,-0.010820133361338802
2025-09-12,751.7823377528116,753.130130318423,738.0545726212032,739.3025512695312,1853165,INDUSINDBK,-0.010820133361338802,-0.021861193770718157,-0.04260134576242758,757.9872894287109,800.6881298828125,860.9797274780274,0.9753495363052035,0.9233339719645082,0.8586759103319289,751.9431490828564,766.4845500982601,-14.541401015403721,-15.646538297701788,1.1051372822980667,41.56625396753579,0.012893113370061991,2219521.4,0.8349390098243703,0.020391594309166136,0.08278159079701634,0.9466698220437573,0.9299732668830423,-0.0008102217724108574
2025-09-15,739.8017490914845,743.1962754187141,736.9064142278793,738.7035522460938,1499071,INDUSINDBK,-0.0008102217724108574,-0.014452218893882707,-0.038778781036581944,756.4972045898437,798.2420922851562,859.633408203125,0.9764788921415813,0.9254129284655744,0.8593239224964412,749.9062880310468,764.4266984055071,-14.520410374460312,-15.421312713053494,0.9009023385931823,35.407820327316955,0.012880122071593022,2201496.3,0.6809327819447165,0.008514729855718077,0.28571982173996846,0.9477039759005843,0.9285843065984443,0.0031760933044333584
2025-09-16,739.5022622691929,747.738921595743,733.4120897204135,741.0497436523438,2892657,INDUSINDBK,0.0031760933044333584,-0.005226808709403286,-0.05883469646204087,754.18095703125,795.9657800292969,858.3370080566406,0.9825887762658502,0.93100703855016,0.863355228420307,748.5437427420155,762.695072127495,-14.151329385479471,-15.16731604753869,1.0159866620592197,42.46937600249873,0.011367793507943067,2194644.7,1.318052530325296,0.019333158128789257,0.533101386153774,0.9475042469834458,0.9273348027151267,-0.004311214255339979
2025-09-17,743.795310273405,744.6938793181181,735.8581534999738,737.8549194335938,2280605,INDUSINDBK,-0.004311214255339979,-0.01623955452608994,-0.05913429722462471,751.8622131347656,793.6615124511719,857.0663165283203,0.9813698661051594,0.9296846424551657,0.8609076161368577,746.8993083868737,760.8550608168357,-13.95575242996199,-14.925003324023352,0.9692508940613624,45.67833407053634,0.011369523696057947,2168281.35,1.051803078968511,0.011974882304677092,0.22598776543286964,0.9473335941573986,0.926021122456452,-0.0048711164639964055
2025-09-18,741.2494227368255,741.7985211641237,731.3155003401355,734.2607421875,2280312,INDUSINDBK,-0.0048711164639964055,-0.01756602653703143,-0.05493443490826089,749.7281707763672,791.3682275390624,855.7664221191407,0.979369284506343,0.9278370253388223,0.8580153686904947,744.9549135869701,758.8851112887368,-13.930197701766701,-14.726042199572024,0.795844497805323,47.584964427730476,0.01128298807273192,2165689.2,1.0529267080428715,0.01427697304469438,0.28095354352677965,0.947382197928031,0.9247479301412546,0.012169446576129506
2025-09-19,736.8066138362201,745.7421533864309,734.9596297614853,743.1962890625,8190278,INDUSINDBK,0.012169446576129506,0.005266771751676558,-0.03003448899946215,748.5775360107422,789.4443444824219,854.535665588379,0.9928113699792283,0.9414169526412363,0.8697077477167465,744.6843559678208,757.7229763090155,-13.0386203411947,-14.38855782789656,1.3499374867018599,44.68221809446276,0.011438145967218536,2409002.0,3.39986351194395,0.014508311981141823,0.7638897522987105,0.9482334521017147,0.9238284325310877,-0.013568071292572093
2025-09-22,743.1962526462369,747.0899093813265,732.2140407830071,733.112548828125,1884250,INDUSINDBK,-0.013568071292572093,-0.007568670004318823,-0.033942930861699305,747.2896209716797,787.0771789550781,853.217550354004,0.9810286778436442,0.9314366728322673,0.8592328516026811,742.9040779463292,755.8999816808014,-12.995903734472222,-14.110027009211695,1.1141232747394731,40.38676473145202,0.01162053523290207,2379035.15,0.7920227660360546,0.020291384484003614,0.0604003752237618,0.9494489752120366,0.9224812342743256,0.028530595648303736
2025-09-23,733.8114327636234,755.7758566014461,727.8710423111028,754.0286865234375,4501893,INDUSINDBK,0.028530595648303736,0.01751426673076706,-0.02023739365191224,746.5108825683594,785.0085290527344,852.0015200805664,1.0100705885615668,0.9605356612281906,0.8850086164777448,744.6155561889612,755.7613672247004,-11.145811035739143,-13.517183814517185,2.371372778778042,43.01251135249994,0.013012390501281397,2464591.7,1.8266283214375831,0.0370076295359566,0.9373882205475484,0.9509589449546111,0.9213698691271149,-0.019198954573925286
2025-09-24,754.0286758942979,757.7227047658776,737.7051400558755,739.5521240234375,2993982,INDUSINDBK,-0.019198954573925286,0.00230018740153759,-0.020690193616361263,745.7296447753906,782.4756311035156,850.7163513183593,0.991716138958357,0.9451439695067007,0.8693286815015956,743.8365666250345,754.5606825431253,-10.724115918090774,-12.958570235231903,2.234454317141129,42.43562404191218,0.013045400062879983,2448970.95,1.2225469640625994,0.027067145181193,0.09226816519989132,0.953038810580845,0.919784402745885,0.0
2025-09-25,739.7518127882577,744.3942566539362,734.2107999491161,739.5521240234375,3037406,INDUSINDBK,0.0,0.007206407113872659,-0.007835488076860186,745.4376190185546,779.675166015625,849.4703692626953,0.9921046445135597,0.9485387713485498,0.8706037912368124,743.1774216094042,753.4489374675929,-10.271515858188764,-12.421159359823275,2.149643501634511,41.043939876415315,0.012736603591488621,2446558.2,1.2415016327835569,0.013769761960006663,0.5245099212523016,0.9560874214167491,0.9178368007024782,-0.03779951541749149
2025-09-26,740.8001119398896,741.4490851995946,709.4508644993872,711.597412109375,5779485,INDUSINDBK,-0.03779951541749149,-0.04251753866126695,-0.036173148056905635,744.1022796630859,776.34056640625,848.1233010864257,0.956316667154375,0.9166047001812918,0.8390258954067594,738.3189586093996,750.3488244780953,-12.029865868695651,-12.342900661597751,0.31303479290209957,33.141071401449,0.015152975147752143,2608605.3,2.2155459854352055,0.04496674686513499,0.06708334285518232,0.9584740407262267,0.9153628551553485,0.014942174211231896
2025-09-29,716.5893367687614,733.6616602294218,711.3977334268932,722.230224609375,41100690,INDUSINDBK,0.014942174211231896,-0.014844002106013998,-0.03911797464308653,742.6321624755859,773.5111499023437,846.8209106445313,0.972527532610222,0.9337037025265338,0.8528724498072113,735.843768763242,748.2659652285604,-12.422196465318393,-12.358759822341879,-0.06343664297651408,40.42106509545909,0.01495388847803636,4591835.7,8.950818950251204,0.03082663400658746,0.48654899374047084,0.9600794540186572,0.9134294396599275,0.01679562782789179
2025-09-30,728.8195217243422,736.5070822914656,721.3815568838367,734.3605346679688,3965781,INDUSINDBK,0.01679562782789179,-0.026084089646710495,-0.020833416410592,741.8509246826172,770.8254992675782,845.5764263916016,0.9899031061828857,0.952693619198823,0.8684732825414332,735.6155789024308,747.2359333351832,-11.620354432752379,-12.21107874442398,0.5907243116716021,43.7599348811216,0.01552530141238542,4723594.45,0.8395684773488545,0.020596865835754333,0.8580844257870076,0.9624109806791654,0.91159766900904,0.01033248410893739
2025-10-01,731.0159978867587,744.2445717880397,724.8260114966034,741.9483032226562,4127017,INDUSINDBK,0.01033248410893739,0.0032400409942474617,-0.03248268890975947,740.6054443359375,768.516240234375,844.304486694336,1.001813190676613,0.9654295698375661,0.8787686372810478,736.5898441824655,746.8442570305515,-10.254412848085963,-11.819745565156378,1.5653327170704152,47.915903953019175,0.014779244941037972,4833277.2,0.8538755029403238,0.026172389918666387,0.8817487738060515,0.9636822302025452,0.9102358833165852,0.005718866137861323
2025-10-03,741.9981858691352,757.7227165950355,740.5505184721579,746.19140625,4112610,INDUSINDBK,0.005718866137861323,0.00897743649283611,-0.009869476830989488,740.2335479736328,766.6033386230469,843.1101708984374,1.0080486196453493,0.9733735409896463,0.8850461446276249,738.0670075774708,746.7958977134736,-8.728890136002747,-11.201574479325652,2.4726843433229053,52.718679197926164,0.01438172225875379,4968836.65,0.827680660421791,0.023013127702953363,0.3284895583825704,0.9656017795372782,0.9092564235183367,-0.01083758670331103
2025-10-06,740.8001383012247,754.3781218523781,732.9128887344855,738.1044921875,5118797,INDUSINDBK,-0.01083758670331103,0.037250107472356575,-0.023446293238152505,739.3474822998047,764.3699548339844,841.8120236206055,0.9983188011833918,0.9656377615572436,0.8768044070135007,738.0727744405522,746.1520898967348,-8.079315456182599,-10.577122674697042,2.4978072185144438,49.776774647240266,0.014542907867956234,5081092.05,1.0074206390336897,0.029081564121465592,0.24186103288517302,0.9672639245224985,0.9080055088147287,0.013120535472117112
2025-10-07,741.7486137895582,751.1833447131598,739.2526564519102,747.788818359375,4348518,INDUSINDBK,0.013120535472117112,0.03538843000349878,-0.002331031942124362,739.260122680664,762.3951525878906,840.6806060791016,1.0115367993173834,0.9808415174480903,0.8895040672426476,739.5675504280633,746.2733290421155,-6.7057786140521785,-9.802853862568071,3.0970752485158926,52.38094621980878,0.014769902183300564,5181985.6,0.8391605719629943,0.015954622439294037,0.7154794191706348,0.9696548045607366,0.9068784828327002,-0.01074766980645736
2025-10-08,745.8419424451241,752.8805297895354,737.9547539998421,739.7518310546875,4238626,INDUSINDBK,-0.01074766980645736,0.0073414843693313525,-0.0069691055900733545,739.0005432128906,760.7428283691406,839.561169128418,1.0010166269141434,0.9724072360176526,0.8811172529842626,739.5959012936978,745.7902551171209,-6.194353823423057,-9.08115385473907,2.886800031316012,50.648015669639825,0.014906085374622182,5326543.85,0.7957553939971789,0.020176733822224173,0.1204009145096738,0.9714196646416496,0.9061195971687187,0.011066910867193025
2025-10-09,742.7969021532704,752.0818512428947,741.7985192202688,747.9385986328125,3506978,INDUSINDBK,0.011066910867193025,0.008073736922286079,-0.0027952791275408506,738.8957153320313,759.6865405273437,838.4866595458984,1.0122383756099027,0.9845358035613264,0.892010135304807,740.8793931920231,745.9493916738387,-5.06999848181556,-8.278922780154367,3.2089242983388075,54.5304210074323,0.015041277608476218,5434371.75,0.6453327378643171,0.013748898694923954,0.5970904565790559,0.9726323633680803,0.9060210223723407,0.018954767114626403
2025-10-10,748.3878350220322,765.5101269908688,746.5408509389268,762.1156005859375,5386722,INDUSINDBK,0.018954767114626403,0.021340629498756813,0.0197035122579996,739.6320251464844,758.7909912109375,837.6575024414062,1.0303983260257021,1.0043814560445616,0.9098176741266006,744.1465020218561,747.1468886302905,-3.0003866084343827,-7.223215545810371,4.222828937375988,56.05622839601209,0.01559616194956647,5654942.15,0.9525688958639479,0.024890287034352542,0.821051346628287,0.9747506674613021,0.9058487376993494,-0.004519520358864271
2025-10-13,756.7742516948721,766.708173914306,755.8257757356675,758.6712036132812,2906803,INDUSINDBK,-0.004519520358864271,0.027864227414235332,0.02619854660380949,740.6004577636719,757.9523498535157,836.7300048828125,1.0244001278424484,1.0009484155038302,0.9067096903254189,746.38107149746,748.0005415919936,-1.6194700945336535,-6.102466455555027,4.482996361021374,58.54474147623507,0.015405345168765815,5707624.05,0.5092842441155528,0.014344024297758355,0.26147066399381635,0.9771068826513999,0.905850567602951,-0.012501620063412378
2025-10-14,756.7742704615393,761.8160921341826,742.098029018595,749.1865844726562,1833516,INDUSINDBK,-0.012501620063412378,0.0018691990023973482,0.014191121992967126,741.124609375,756.9839184570312,835.8070001220703,1.0108780291406798,0.9896994720835439,0.8963631369003094,746.8126888782595,748.0883966201909,-1.2757077419314555,-5.137114712830313,3.861406970898858,48.247219142568404,0.01571267001381103,5724346.3,0.3203013765956123,0.026319295518975307,0.3594955251186726,0.9790493447808541,0.9056922451552488,-0.013726068303408168
2025-10-15,751.1333894015652,751.7823626948099,732.0143924367402,738.9031982421875,2333738,INDUSINDBK,-0.013726068303408168,-0.001147185822156116,-0.0028966279639700554,741.0172821044922,756.1133276367187,834.8493011474609,0.99714705187941,0.9772386905963917,0.885073745916299,745.5958441650176,747.4080115551536,-1.8121673901359827,-4.472125248291448,2.6599578581554653,49.7577425764232,0.016030748477628375,5696400.35,0.40968644347478145,0.026753125856129274,0.3484832137803909,0.9800346786910764,0.9056883998075781,-0.0008106596707965208
2025-10-16,741.6987256587075,743.6455236823274,733.811475896932,738.30419921875,3056360,INDUSINDBK,-0.0008106596707965208,-0.012881270510271325,0.0006088998979651983,741.03974609375,754.8244165039063,833.7815307617187,0.9963085018186678,0.9781138276346805,0.8854887905039784,744.4740526348227,746.7336550857905,-2.2596024509678045,-4.02962068882672,1.770018237858915,49.536198140437186,0.01600054019668941,5735188.1,0.5329136458488607,0.013319777668610606,0.4568539242294657,0.98173791134897,0.9053023947583972,0.015551021231482887
2025-10-17,738.8033712211842,759.7694128369205,733.3122650837295,749.7855834960938,4770012,INDUSINDBK,0.015551021231482887,-0.016178670375418203,0.021143499055039205,741.8159881591797,753.4636206054688,832.7207489013672,1.010743358816909,0.9951184941000609,0.9004045887955929,745.2912112288643,746.959723856924,-1.668512628059716,-3.5573990766733194,1.8888864486136034,66.17337245221077,0.016311687312204007,5859673.1,0.8140406330858286,0.03528628495339548,0.6226415094339633,0.9845412145619861,0.9048214801895298,0.011651117380807152
2025-10-20,741.7985094327133,769.4038215405594,725.1255024842827,758.5214233398438,9184006,INDUSINDBK,0.011651117380807152,-0.00019742448734594298,0.020620574272074865,742.5822448730469,752.5930310058594,831.7203689575196,1.0214645294535987,1.007877288374649,0.9119909186432171,747.3266284767074,747.816146040844,-0.48951756413669045,-2.943822774165994,2.4543052100293035,65.62096894958215,0.016293699220188782,5909359.5,1.5541457580978109,0.05837451348613853,0.754227386390066,0.9866982742061365,0.9048630514474011,-0.0017110282222292383
2025-10-21,760.7179121538553,761.6663881576291,754.7775213264936,757.2235717773438,350896,INDUSINDBK,-0.0017110282222292383,0.010727617754053398,0.0328885694123775,743.7877960205078,751.6166137695312,830.6673245239258,1.018063990601515,1.0074598643844397,0.9115846373412192,748.8492351383437,748.5129923916959,0.3362427466478266,-2.28780967000323,2.6240524166510566,60.853118357829445,0.015941994304526703,5832691.8,0.060160216248696705,0.00909753352628213,0.3550729765590488,0.9895840278067297,0.9048346932393178,0.0015161589414969256
2025-10-23,757.7726376878763,764.7613181408607,750.5842684632295,758.3716430664062,5363491,INDUSINDBK,0.0015161589414969256,0.026347760938825404,0.0057596701830968655,744.0049438476562,751.1603515625,829.5104483032227,1.0193099512813073,1.0096002025252078,0.9142400130313825,750.3142209734303,749.2432628120448,1.0709581613855335,-1.6160561037254775,2.687014265111011,58.30387209543466,0.01464429576382859,5875771.7,0.9128147371689066,0.018694066170917997,0.5492944427967851,0.9904741940919011,0.9055465824439112,-0.005989942504567969
2025-10-24,758.7211413979236,758.7211413979236,749.6358199149124,753.8290405273438,2001556,INDUSINDBK,-0.005989942504567969,0.021027702842570273,0.019304814414208504,744.7187896728516,750.5972644042969,828.2981619262696,1.0122331422018964,1.0043056060504187,0.9100938227054105,750.8549624432633,749.5829500502151,1.2720123930481577,-1.0384424043707505,2.3104547974189082,53.85003522827616,0.013997949294655535,5826150.4,0.3435469156443335,0.012052230671102167,0.46153794560515243,0.9921682705090716,0.9061921164459988,0.019866186101474836
2025-10-27,754.477978134897,770.7516073991683,751.9321138987843,768.8047485351562,3590863,INDUSINDBK,0.019866186101474836,0.025366138610428024,0.039554513551490755,746.1814208984375,750.3376843261718,827.2997790527344,1.030318803179901,1.024611670977939,0.929294033434222,753.6164679958622,751.0067869750255,2.6096810208366605,-0.3088177193292684,2.918498740165929,64.470612739725,0.014610937094942237,5853823.25,0.6134218350374689,0.024478898623144178,0.8965509425653613,0.9944608094268026,0.9069719384976933,0.038568931312612076
2025-10-28,772.6485524256459,800.6531806464594,771.2008850300925,798.4567260742188,8948361,INDUSINDBK,0.038568931312612076,0.05264887912926164,0.12206243655013904,750.5243865966797,750.8628332519531,826.3820156860352,1.0638651326106705,1.0633856021560404,0.9662077718515767,760.5149692386863,754.5215972786694,5.993371960016816,0.9516202165399487,5.041751743476867,70.09903972193531,0.013593975738849927,6012267.05,1.488350554887611,0.03688652703969984,0.9254233150158903,0.9995492563484497,0.9086146830393103,0.009628024643181021
2025-10-29,802.6998539071834,808.7400582822535,792.5163361106219,806.144287109375,4077629,INDUSINDBK,0.009628024643181021,0.06460537832598812,0.1161874145399906,754.7200897216796,751.6156140136719,825.5154193115235,1.0681367808913889,1.0725486167118279,0.9765344998421666,767.5348642957152,758.3455002290922,9.189364066623057,2.5991689865565704,6.590195080066486,76.4098968343299,0.01345841369409065,4161114.0,0.9799368630611899,0.020125084840340035,0.8400015024038459,1.0041304034271317,0.9104804058542193,-0.008049974454620523
2025-10-30,805.6950509286725,808.6901998168831,795.9608170419878,799.6548461914062,4103276,INDUSINDBK,-0.008049974454620523,0.05443663868822313,0.08891315429002389,757.9848052978516,751.8612170410156,824.6171243286133,1.0549747707372317,1.063567089333966,0.9697286444814849,772.4763999719754,761.4054517818562,11.070948190119225,4.293524827269101,6.777423362850124,70.85352065394859,0.01351681424553592,4167988.75,0.9844738664421779,0.01591859642384818,0.29019703584558576,1.0081445725860627,0.9117700746915315,-0.007678483720813034
2025-10-31,799.6547886260618,805.1958014830744,790.7192495655239,793.5147094726562,3511425,INDUSINDBK,-0.007678483720813034,0.05264544984569741,0.06950134669224406,760.5631256103516,752.0469152832031,823.9042788696289,1.0433252451410409,1.0551399033048854,0.963115169836639,775.7130629720801,763.783915314508,11.929147657572116,5.820649393329704,6.108498264242412,63.53853660231135,0.013696333363710114,4137209.15,0.8487424427164868,0.018243583571590203,0.1931026064116337,1.0113240412985955,0.9127843301347921,0.0026422694657965984
2025-11-03,793.5147484245457,802.4003809640076,789.8706872558809,795.6113891601562,2640561,INDUSINDBK,0.0026422694657965984,0.03486794361777301,0.06622963290145267,763.0341247558594,752.4203112792969,823.1814498901367,1.0426943741405017,1.0574028601213914,0.966507917867124,778.7743439240919,766.1415059697413,12.632837954350634,7.1830871055338905,5.449750848816744,66.11500447322456,0.013686824884245179,4063606.7,0.6498072266688604,0.015748509735830977,0.4581677763241724,1.0141062293474195,0.9140394397610834,-0.008407633519972757
2025-11-04,795.7610786697397,797.9575332381683,783.830390821271,788.9221801757812,3505823,INDUSINDBK,-0.008407633519972757,-0.011941218086189975,0.06884890760883233,765.5750091552734,752.8745751953124,822.32333984375,1.0304962554175703,1.0478799605779185,0.9593819632137459,780.3355495012748,767.8289633183368,12.506586182938008,8.247786921014715,4.2587992619232935,67.76784349686687,0.013564966555564325,3982958.0,0.8802058670967657,0.017906889642460812,0.3604259944615601,1.0168692560200565,0.9155456725068347,-0.00506200785551203
2025-11-06,789.7208756456455,796.2103645099902,776.092924655939,784.9286499023438,2640541,INDUSINDBK,-0.00506200785551203,-0.02631741928371789,0.04966620338674277,767.4320007324219,753.3957312011719,821.4435147094727,1.022798956980193,1.041854389924532,0.9555479297684352,781.0421803322085,769.095606769004,11.946573563204538,8.987544249452679,2.9590293137518593,71.80701763518175,0.013489790028595102,3897559.15,0.6774858054431323,0.025629641441364266,0.43920724060847344,1.0186306730313848,0.9171607270740121,0.014054991531671446
2025-11-07,780.8852570974815,800.653227532338,777.8401403181341,795.9608154296875,2079256,INDUSINDBK,0.014054991531671446,-0.004619531513268105,0.07598356910433202,770.2424499511719,753.9228784179687,820.5544549560547,1.0333899611481372,1.0557589353170065,0.9700280226646454,783.3373549625899,771.0856222253509,12.251732737238967,9.640381947009937,2.6113507902290305,74.86009966714458,0.01334595452969821,3789590.65,0.548675620149105,0.02866106819829886,0.7943105175292159,1.021646208120714,0.9187968865007814,0.002633996016569773
2025-11-10,789.7208999316614,806.4937210172546,789.7208999316614,798.057373046875,1894738,INDUSINDBK,0.002633996016569773,0.005724737701759297,0.0670092097207935,772.748388671875,754.78048828125,819.6978421020508,1.0327519083132592,1.0573370475754786,0.9735994558681763,785.601973129403,773.083529693612,12.518443435790914,10.215994244766133,2.302449191024781,72.64636806529516,0.013235448323162034,3708978.65,0.5108516868922931,0.021017061745268878,0.4970227174469827,1.0238054648597774,0.9208033125299863,0.033464669303481465
2025-11-11,798.4068268096041,826.8607397978946,791.5179603431194,824.7640991210938,7150449,INDUSINDBK,0.033464669303481465,0.036641896229905546,0.0822034065265036,775.8808135986328,756.3679174804688,818.9760110473633,1.0630036014110649,1.0904271321666563,1.0070674696152921,791.626915589663,776.9117200215736,14.71519556808937,11.115834509430782,3.599361058658589,76.59318493892476,0.01447645559591051,3797165.0,1.883101998464644,0.0428519857889523,0.9406769725204075,1.0257981541353092,0.9235532021422375,0.04636246677720268
2025-11-12,828.7077083219754,871.5882657726519,825.6626526849749,863.002197265625,11714519,INDUSINDBK,0.04636246677720268,0.0939002844023702,0.13751806204776496,781.09736328125,758.8618774414062,818.4965374755859,1.1048586742634843,1.137232245972535,1.0543748907323467,802.6077281551957,783.2887924100219,19.318935745173803,12.756454756579387,6.562480988594416,82.75113981375199,0.017119754890693947,4237550.8,2.7644551187445354,0.05321610215268255,0.8130440090013574,1.029301097473513,0.9271412189254882,-0.0010989836363960448
2025-11-13,860.6061045051642,890.9070027195964,857.6608626098791,862.0537719726562,9325204,INDUSINDBK,-0.0010989836363960448,0.09825749395172156,0.15065297462506733,786.74072265625,761.0703015136719,817.9599066162109,1.0957279153697916,1.1326861267062203,1.0539071230750854,811.7532733578819,789.1232353405874,22.63003801729451,14.731171408722412,7.8988666085720975,82.14175972051302,0.016633088208846188,4612135.2,2.0218843541273466,0.03856620223775537,0.132132913724115,1.0337293691417506,0.9304493965506407,-0.017603862505574774
2025-11-14,862.6028265915119,870.5898898006926,844.4821525611007,846.8782958984375,4460991,INDUSINDBK,-0.017603862505574774,0.06396983303915915,0.14612888117566314,792.1394775390625,763.0081616210938,817.3473983764649,1.0691025001423133,1.1099203632358958,1.036130166414711,817.1571229795059,793.4013879745022,23.755735005003658,16.53608412797866,7.219650877024996,77.06152270423695,0.01690979400262911,4718497.85,0.9454260957223919,0.030828204437444762,0.09177905060661666,1.0381795600404535,0.9335175754357233,0.006837640593822636
2025-11-17,850.6222724545667,860.3565062062474,837.144102644547,852.6689453125,4019335,INDUSINDBK,0.006837640593822636,0.06843063432535601,0.15490193095849536,797.85771484375,764.7243823242187,816.864430847168,1.0686980014719591,1.1150016463722423,1.0438316483289636,822.620480261505,797.7915774069465,24.828902854558464,18.194647873294624,6.63425498126384,75.76684643043465,0.01681061417611847,4766646.6,0.8432206826493075,0.02722323087912289,0.6688166792674742,1.0433271558817434,0.9361704995908868,-0.0071424542423662585
2025-11-18,852.6689077319503,857.1117238459914,843.683461587962,846.5787963867188,1958051,INDUSINDBK,-0.0071424542423662585,0.02644962030824538,0.12909452384946962,802.6973754882813,766.5833715820313,816.4725653076172,1.0546674528140128,1.1043531959734496,1.0368735366726727,826.3063750499994,801.4054454795223,24.900929570477047,19.53590421273111,5.365025357745935,67.28835561169,0.016993437463104742,4626048.55,0.4232664181615647,0.015861798470907244,0.2156150023824172,1.0471103408253168,0.9388966686139791,-0.00984726625801069
2025-11-19,848.6255167379253,848.9250194388937,834.9476579867396,838.2423095703125,2317710,INDUSINDBK,-0.00984726625801069,-0.028690410955803824,0.10510037525301508,806.6834197998047,768.2317016601562,816.0005798339844,1.0391217781299382,1.0911321516137158,1.027257002367392,828.1426726685091,804.1341020788401,24.008570589669034,20.4304374881187,3.5781331015503355,61.478031072884036,0.01730909232507269,4282733.75,0.5411753649173264,0.01667460744056095,0.23571341378348123,1.0500522408233792,0.9414597497178901,-0.012148601381034574
2025-11-20,842.6352044942597,842.6352044942597,826.1618859229857,828.058837890625,5136903,INDUSINDBK,-0.012148601381034574,-0.03943481855457798,0.09354603944383011,810.2251831054688,769.802158203125,815.4070413208008,1.0220107386897093,1.0756774699404363,1.0155159275413306,828.1297750103731,805.9063047315649,22.223470278808236,20.789044046256606,1.4344262325516297,59.895636420082546,0.017680189038740877,4522034.1,1.13597175218117,0.019893898618650974,0.11515299479166302,1.0525109269590764,0.9440710212119279,0.020677506958840075
2025-11-21,830.8542600590276,855.4144549798606,829.2069039024356,845.1810302734375,7304707,INDUSINDBK,0.020677506958840075,-0.0020041434917155154,0.11446813445717119,814.5656524658203,771.8069104003906,814.8554345703125,1.0375849113143176,1.0950679747541812,1.0372159212745709,830.7530450508445,808.8155436605925,21.93750139025201,21.01873551505569,0.9187658751963212,66.72051198483007,0.018018651809406136,4619094.9,1.5814152248744662,0.031008210239818344,0.6095238095238105,1.055400828224313,0.9471703539749697,-0.012403225836735476
2025-11-24,845.7301785705075,856.1133856987557,831.2037187322404,834.6980590820312,5082933,INDUSINDBK,-0.012403225836735476,-0.021076041679789936,0.10727766404185668,818.6091033935547,773.5001684570312,814.0809390258789,1.019654015111461,1.0791181348377425,1.0253256390953245,831.3599702864118,810.7327670251436,20.627203261268164,20.940429064298186,-0.3132258030300221,61.99815942138683,0.018290506172047916,4773163.75,1.0648980982477294,0.029842727792981753,0.14028049248864258,1.0583179380897954,0.9501514301300233,0.0046050317157602105
2025-11-25,834.698059170136,843.5337849031299,827.7093784698167,838.5418701171875,3021941,INDUSINDBK,0.0046050317157602105,-0.009493417864744114,0.09070849486154331,822.0959594726562,775.3232177734375,813.2348095703124,1.0200048552179732,1.081538448603797,1.0311190080024324,832.4648779526849,812.7927005875173,19.672177365167613,20.686778724472074,-1.0146013593044607,65.502208719934,0.017964726575420958,4744717.65,0.636906392101119,0.018871337254872864,0.6845433156068635,1.0603267651825776,0.9533817399959721,0.012858595482677648
2025-11-26,843.5337322175819,857.3114039789632,839.6400145531574,849.3243408203125,2939823,INDUSINDBK,0.012858595482677648,0.013220558212673206,0.06370741592496199,824.6393402099609,777.5236535644531,812.4261193847656,1.0299342990404345,1.0923453414268476,1.0454173254098345,835.0586414707815,815.4987480121688,19.55989345861269,20.461401671300198,-0.9015082126875065,69.29983386607653,0.01623528405852005,4444290.75,0.6614830499107197,0.020806408784585267,0.548022910581833,1.060597110363797,0.9570392125664996,0.007934702231280122
2025-11-27,851.6206602274798,862.353276988846,845.1810779833681,856.0634765625,3016014,INDUSINDBK,0.007934702231280122,0.03381962415039652,0.06192339293518079,827.1352996826172,779.8708520507812,811.4791534423828,1.0349739358131407,1.0976990283857377,1.0549420437123809,838.2901545618151,818.5035427196008,19.78661184221437,20.326443705483033,-0.5398318632686632,68.48895981975215,0.01620447258187817,4391210.0,0.6868298259477457,0.020059492637663236,0.6337218998953144,1.0606054803914615,0.9610485355569324,0.0012827840006206515
2025-11-28,858.2598788385588,861.6044371574615,850.1230338813191,857.16162109375,2901007,INDUSINDBK,0.0012827840006206515,0.014175177140968831,0.07191449558048313,830.0106384277344,782.1930895996094,810.4675421142579,1.03271160803125,1.0958440217523728,1.057613755706591,841.1934571051897,821.3671040806489,19.826353024540822,20.22642556929459,-0.40007254475376897,68.29420072680779,0.01599860461690056,4331096.55,0.6698088963174926,0.013394677262255331,0.6130424167798939,1.0611326659157805,0.9651134054784116,-0.013278161879431538
2025-12-01,858.6092861044751,861.0054294170234,841.287367323345,845.7800903320312,3019328,INDUSINDBK,-0.013278161879431538,0.013276694643554743,0.0658656736106491,832.6239074707031,784.3515930175781,809.377307434082,1.015800870889347,1.078317552818531,1.0449762830803284,841.8990929862423,823.1754734326032,18.723619553639082,19.92586436616349,-1.202244812524409,57.18677182814498,0.016253308609845297,4306491.7,0.7011108369255652,0.0233134621151197,0.22784810126582264,1.0615442295047945,0.96908028655283,0.0037183394323019314
2025-12-02,845.7801181453434,859.1085058014983,844.0329480289546,848.9249877929688,2674933,INDUSINDBK,0.0037183394323019314,0.012382348509717422,0.06700959709625343,835.2895874023437,786.6448779296875,808.2351574707031,1.0163241594247925,1.0791718240474555,1.050344048939421,842.9799998795847,825.0828448667044,17.897155012880376,19.520122495506868,-1.6229674826264926,43.665751760283904,0.016252734626196454,4308210.3,0.6208919281400911,0.01775840974093252,0.3245014106823811,1.0618382078590287,0.9732871314227651,-0.003998551419329366
2025-12-03,852.6190119209174,854.9152804448884,839.9894436343911,845.530517578125,2063761,INDUSINDBK,-0.003998551419329366,-0.004466872147480538,0.07175401937581571,838.120004272461,788.6915625,807.1314453125,1.0088418284587979,1.0720674060439501,1.0475747444714634,843.3723872178216,826.5974872897725,16.77489992804908,18.97107798201531,-2.1961780539662286,42.72525438513046,0.01611385508019068,4236107.2,0.4871833743961909,0.01765262932584585,0.37124042116264244,1.0626714473979946,0.9771538044768402,0.019010519756774924
2025-12-04,844.6319819126594,871.5883217609357,841.5370191194781,861.6044921875,4259999,INDUSINDBK,0.019010519756774924,0.00647266911473654,0.09768511099027388,841.9537963867188,791.2614013671875,806.177240600586,1.0233393992462687,1.088899939639125,1.0687531832895976,846.177326443926,829.1905987636783,16.986727680247668,18.57420792166178,-1.587480241414113,56.43265592539981,0.016330978696860378,4317080.1,0.9867778455164639,0.034878303112326293,0.667773816910604,1.0640652948974156,0.9814980645914956,0.008227022962020047
2025-12-05,862.2534112085531,872.9860273244162,854.7155716059217,868.6929321289062,3377823,INDUSINDBK,0.008227022962020047,0.013452901706497489,0.09137650408073839,845.5904022216797,793.5546862792969,805.3308609008789,1.0273211827458397,1.0946856557572693,1.0786783101260367,849.6412657800768,832.1166975314729,17.524568248603828,18.364279987050192,-0.8397117384463648,56.92108230999232,0.016208609232658374,4382008.45,0.7708389973551968,0.02103212198782269,0.7650252811612012,1.0655729426617846,0.9853772217192712,-0.03298461672497732
2025-12-08,868.692970292711,872.1873105769721,833.150562061668,840.0394287109375,2015558,INDUSINDBK,-0.03298461672497732,-0.006787416358831622,0.052605310196910615,847.6895050048828,795.5644323730469,804.3032754516602,0.9909753792529244,1.0559037012316257,1.04443119200181,848.1640600771323,832.7035665077295,15.460493569402729,17.783522703520703,-2.3230291341179736,47.63623928606886,0.018252858151449888,4388049.45,0.45932891663287884,0.04647013840196409,0.17647132282466557,1.0655196116251135,0.9891348905999345,0.0035060145143508414
2025-12-09,840.0893451485904,847.327621533366,830.8043959043771,842.984619140625,3015385,INDUSINDBK,0.0035060145143508414,-0.006997518906573186,0.022091795749776155,848.6005310058594,797.6330822753906,803.4044812011718,0.9933821490088184,1.056857642784651,1.0492655180118946,847.3672230099772,833.4651259620182,13.902097047959046,17.00723757240837,-3.1051405244493253,51.78370555658096,0.01676603274091053,4181296.25,0.7211603339514631,0.019600862523249156,0.7371577142224877,1.0638983636248824,0.992816322212751,-0.012435615061695104
2025-12-10,846.4290410603115,850.2228840302986,826.8108529273112,832.5015869140625,2623610,INDUSINDBK,-0.012435615061695104,-0.015409178489951603,-0.03534244808205822,847.0755004882812,800.0511657714844,802.334214477539,0.9827950240966503,1.0405604322959598,1.0375995088981314,845.0802020721442,833.3937526992067,11.686449372937432,15.943079932514184,-4.256630559576752,51.667275947339824,0.013213521008198658,3726750.8,0.7039939456107449,0.0281225062762603,0.24306878637390658,1.0587766592046042,0.9971544916509122,0.0020387536212291835
2025-12-11,833.1006556806868,841.4371288472021,826.1618820669715,834.1988525390625,2810755,INDUSINDBK,0.0020387536212291835,-0.03180767962207143,-0.03231227603105635,845.6827545166016,802.2905383300781,801.3929891967773,0.9864205555615199,1.0397715200224096,1.0409360498338849,843.406148297824,833.4533897243812,9.952758573442793,14.745015660699908,-4.792257087257115,45.33898392895999,0.013239810887333494,3401028.35,0.8264426846074364,0.01831127762132141,0.5261434127854833,1.05408541433985,1.0011199862556825,0.012686286620961162
2025-12-12,838.6915658630487,849.8235598766549,837.6432759767104,844.78173828125,3492109,INDUSINDBK,0.012686286620961162,-0.027525484510455334,-0.002475630356028047,845.5779266357422,804.4989624023438,800.446272277832,0.999058409249565,1.0500718804641045,1.055388434600679,843.6177775260434,834.2925266545195,9.32525087152385,13.661062702864697,-4.335811831340848,54.27605202770242,0.01303854711227269,3352584.25,1.0416170749474827,0.014418261366215102,0.5860669885183974,1.051061550298003,1.0050630382886023,0.006027279721035672
2025-12-15,844.5820567485125,852.1198357267002,834.0491289628497,849.8734741210938,2458486,INDUSINDBK,0.006027279721035672,0.011706647419213123,-0.0032784953724117605,845.4381530761718,806.6574658203125,799.4658599853516,1.0052461803726076,1.0535741750766958,1.063051615658317,844.5801923868204,835.4466709113027,9.133521475517682,12.755554457395295,-3.622032981877613,54.7549177544214,0.013017282304154516,3274541.8,0.7507877896076942,0.02126282007158594,0.8756904400606954,1.0480757804880938,1.0089955133732573,-0.007283439982413542
2025-12-16,852.6190109726052,855.414470952437,840.4886341585408,843.6834716796875,2811166,INDUSINDBK,-0.007283439982413542,0.0008290216964752517,-0.003420029794496182,845.2933868408203,808.6073071289062,798.4739666748047,0.9980954362281839,1.043378490698192,1.0566198860473246,844.4422353549537,836.0568043015535,8.385431053400225,11.881529776596281,-3.496098723196056,47.538118933202625,0.013021343817157416,3317197.55,0.8474520909977159,0.01769127557303026,0.21404746449145293,1.0453694635065494,1.0126908839574333,-0.013253649195429928
2025-12-17,836.8445892480855,844.7317778816057,826.461382337792,832.5015869140625,3107473,INDUSINDBK,-0.013253649195429928,0.0,-0.006848524097039066,845.0063507080079,810.4952490234375,797.4990454101562,0.9852015741852497,1.027151717319923,1.0438903867099985,842.6052125178935,835.7934548654431,6.81175765245041,10.867575351767108,-4.055817699316698,40.10062518912098,0.01317702842071174,3356685.7,0.9257563196935595,0.021946379239394454,0.33060064637274444,1.0425802640128399,1.0162961995855397,0.0012592646791653728
2025-12-18,829.4565202117826,841.1376125977612,824.6642943688436,833.5499267578125,1537403,INDUSINDBK,0.0012592646791653728,-0.0007779029895268463,0.006631278619252834,845.2809051513672,812.2104711914062,796.5039074707031,0.9861217988930508,1.026273307625675,1.0465107816040087,841.2120916317273,835.6272675982111,5.584824033516156,9.811025088116919,-4.226201054600763,40.075546666639305,0.012878063199802958,3176710.7,0.4839606577961285,0.019762845271899254,0.5393954190340903,1.0407165816410258,1.0197193806249856,0.011737891562656921
2025-12-19,833.5499052053744,846.5288828683284,829.6561875319057,843.3340454101562,7000947,INDUSINDBK,0.011737891562656921,-0.0017136886434585552,-0.0021853127284265916,845.1885559082032,814.2821154785156,795.4955410766602,0.9978058026400344,1.0356779663698843,1.060136734731095,841.538546059178,836.1981400287256,5.340406030452414,8.916901276584017,-3.5764952461316035,48.95788585734925,0.01227876765016382,3161522.7,2.214422499639177,0.02000713172704492,0.8106504388024149,1.0379554454680922,1.0236161907035064,0.013851084718052187
2025-12-22,843.6335473269753,861.404750692844,839.5402018269534,855.01513671875,2387606,INDUSINDBK,0.013851084718052187,0.006049915374725101,0.02434063122066288,846.2044097900391,816.4236462402343,794.828122253418,1.0104120550859539,1.0472689524075347,1.075723307694116,843.6118676991122,837.591991635394,6.0198760637181294,8.337496234010839,-2.3176201702927095,52.41872341745855,0.01229055695060104,3026756.35,0.7888332339667843,0.025572119050194946,0.7077637405973644,1.0364770957908314,1.0271700552385978,-0.007589855008734658
2025-12-23,855.0151849927689,858.3098365491015,844.8316666888195,848.5256958007812,1628642,INDUSINDBK,-0.007589855008734658,0.00573938483286085,0.011906174324006535,846.7036010742188,818.1518481445313,794.1587066650391,1.0021519865089161,1.0371249514685252,1.0684585948368543,844.3678412532151,838.4018956476449,5.965945605570255,7.863186108322722,-1.8972405027524673,51.161003640128385,0.012418514240557326,2957091.4,0.5507580861382911,0.015884221216851013,0.27407497829860816,1.034897865224456,1.0302120234634815,-0.0021767707301950656
2025-12-24,848.6255088452217,857.4611735921441,842.8348999133344,846.6786499023438,1947886,INDUSINDBK,-0.0021767707301950656,0.01702947262939536,-0.0031150536853958855,846.5713165283203,819.9119970703125,793.4620852661133,1.0001267859800207,1.0326457631156432,1.0670688185666521,844.723350276158,839.0149885554004,5.7083617207576935,7.432221230809717,-1.7238595100520238,43.497157092006404,0.01209236650907009,2907494.55,0.6699534484080116,0.017274881893498364,0.2627976252473726,1.032514854707903,1.033334814977742,0.002122479533027022
2025-12-26,839.6899504181257,857.5111222662579,835.7463256604859,848.4757080078125,4257972,INDUSINDBK,0.002122479533027022,0.017906283440100035,-0.008863558325319487,846.191928100586,821.8977795410157,792.8530715942383,1.002698891151506,1.0323372676364195,1.0701550367985968,845.300636081028,839.7157825889124,5.584853492115599,7.062747683070894,-1.4778941909552952,40.76607982051729,0.011958563178684895,2969592.45,1.4338573631543277,0.025651643765824284,0.5848610753362514,1.0295586010381208,1.0366331530864545,-0.01206092094436928
2025-12-29,848.4258279584596,853.1681470225833,835.2471606877081,838.2423095703125,1907670,INDUSINDBK,-0.01206092094436928,-0.006037626332715429,-0.022072046925404987,845.245962524414,823.8845617675781,792.1936395263672,0.9917140651779224,1.0174268926364283,1.0581280481770552,844.214739694764,839.6066364393864,4.608103255377614,6.571818797532239,-1.9637155421546248,49.01314113650319,0.012230254241550132,2919925.6,0.6533282902824648,0.021379243364680115,0.167130805561506,1.0259276623790676,1.0400040099541297,0.0022629633453674636
2025-12-30,838.2422692823449,842.7349923903203,831.9025621601179,840.1392211914062,4409838,INDUSINDBK,0.0022629633453674636,-0.017398423593332324,-0.006669427674054762,844.9639190673828,825.9212622070313,791.7181594848632,0.9942900545607891,1.0172146663791917,1.061159468336622,843.5877368480936,839.6460871617583,3.9416496863353814,6.045784975292868,-2.1041352889574867,48.41929732834495,0.011901311300121014,2989451.1,1.4751330102037794,0.012893613292854999,0.7603703745373197,1.0230562618154007,1.043201109274066,0.026975683918179616
2025-12-31,840.1392462829258,868.1937825982415,835.1972385292639,862.8025512695312,2887744,INDUSINDBK,0.026975683918179616,0.01682548394162242,0.016347219926511114,845.6577972412109,828.1816015625,791.536953125,1.0202738673778586,1.0418035726001558,1.0900344549463845,846.5438621436994,841.3613807993711,5.1824813443282665,5.8731242490999485,-0.690642904771682,64.82659385936252,0.013358238682133145,3000091.65,0.9625519273719522,0.03824344749610009,0.836612242862764,1.0211018883367358,1.046295562440675,0.03008561662126419
2026-01-01,864.050520485625,890.1581975894748,862.1036615813864,888.760498046875,4244931,INDUSINDBK,0.03008561662126419,0.04970226679199352,0.05112764065876041,847.8192962646484,830.7863830566406,792.7063092041016,1.0482900093954062,1.0697822161900816,1.1211724792996973,853.0387292057263,844.8724265214084,8.166302684317884,6.331759936143536,1.8345427481743481,71.57521583952719,0.0147975684507846,3109150.15,1.365302669605712,0.03156591237992746,0.9501791958991307,1.0205021574202264,1.048038060767767,0.013760921644352608
2026-01-02,894.5510797193052,908.2788446145512,888.8103780358388,900.9906616210938,6250730,INDUSINDBK,0.013760921644352608,0.06189329065953375,0.04571258598431571,849.7886047363281,833.6617248535156,793.7932986450195,1.060252698846971,1.080762897900115,1.1350444292727802,860.4159495773213,849.0293328250888,11.386616752232499,7.342731299361329,4.043885452871169,71.94076049225532,0.014535399356986601,3208686.7,1.948064920143185,0.021607845017709817,0.6256416516426301,1.0193446327233582,1.0502251987722122,-0.002770184809729903
2026-01-05,903.53657270325,908.5284874695664,891.0567857874594,898.4947509765625,2521435,INDUSINDBK,-0.002770184809729903,0.07187950395528908,0.034306505492822215,851.278695678711,836.4641870117188,794.9294586181641,1.0554648619042521,1.0741580631042302,1.1302823681216032,866.274226715666,852.693437873346,13.580788842319976,8.590342807953059,4.990446034366917,69.3715447949237,0.014508873732887619,3165867.3,0.7964436791144089,0.019445524487613546,0.4257149832589261,1.0177108702285478,1.0522495775483716,0.015889748329895648
2026-01-06,896.5478836072087,922.5058401481748,885.0664797525508,912.7716064453124,8308942,INDUSINDBK,0.015889748329895648,0.0864527966578037,0.08658186181330119,854.9153045654297,839.6430383300781,796.1117935180664,1.06767489313961,1.0870948305135428,1.1465369736726536,873.4276697509963,857.1436725823805,16.28399716861577,10.129073680085602,6.154923488530168,75.85953234714651,0.012290206082412117,3480536.5,2.387258975735494,0.04101722723543894,0.7399999999999956,1.018188998822316,1.0546798140241642,-0.017938260831770192
2026-01-07,913.0211711136644,923.2046889820488,891.4061567395072,896.3980712890625,2952528,INDUSINDBK,-0.017938260831770192,0.038937668844509776,0.06336230927070718,857.5859771728516,842.1949047851563,797.2122607421875,1.0452573796089346,1.0643594092008113,1.1244158117369334,876.9615776799296,860.0514058199126,16.910171860017044,11.48529331607189,5.4248785439451535,73.02158779641222,0.013254434975084266,3477393.65,0.8490634932861283,0.03547367320504582,0.1569856907696163,1.0182749531020039,1.0564249275357243,-0.016038240609492216
2026-01-08,895.5495000326438,901.29020195593,874.6832721455938,882.0214233398438,3567518,INDUSINDBK,-0.016038240609492216,-0.007582554267253072,0.0594831736109267,860.0619689941407,843.8661987304688,798.1644683837891,1.0255324094511296,1.0452147800999454,1.105062250047108,877.7400154737626,861.6788145250927,16.06120094866992,12.400474842591498,3.660726106078423,65.93372639455747,0.013499741339913137,3524589.05,1.0121798454773048,0.030165854373000293,0.2757984948492335,1.0191923438668797,1.0572585377537809,-0.0013583106377333953
2026-01-09,876.6301436490041,890.5575980934755,876.6301436490041,880.8233642578125,2515780,INDUSINDBK,-0.0013583106377333953,-0.02238346990966089,0.05589136400372441,862.3931945800781,845.3597802734375,799.1536166381836,1.0213709590863695,1.0419508767887018,1.1021953050318294,878.2143768251549,863.096929320109,15.117447505045902,12.943869375082379,2.1735781299635235,63.060897197358685,0.013533527113449895,3509840.3,0.7167790511722143,0.01581185855146643,0.3010758804149535,1.0201493076724457,1.0578188757120695,0.02629639099713743
2026-01-12,878.7766707584051,906.4817971789328,877.6784129690496,903.98583984375,4015935,INDUSINDBK,0.02629639099713743,0.006111431214505414,0.07008212758357413,865.3533996582031,847.4464001464844,800.244599609375,1.0446435412408455,1.066717422703657,1.1296369138698523,882.1792172895541,866.1257375070454,16.053479782508703,13.565791456567645,2.4876883259410576,65.79712541838947,0.014372475000189695,3536031.6,1.1357180744651716,0.031862649767679614,0.9133449973449181,1.021130539357561,1.0589842162760612,0.005632539377744994
2026-01-13,907.5300943107296,912.2225063255908,896.0486904773156,909.0775756835938,3958844,INDUSINDBK,0.005632539377744994,-0.0040470482819953135,0.06966225369455925,868.3136047363281,849.7576574707032,801.4481503295898,1.0469461387278898,1.0698080419651126,1.1342936848874654,886.3174262732525,869.3073551497527,17.01007112349987,14.25464738995409,2.755423733545779,69.71076054994838,0.014369077907731322,3611049.5,1.0963139663413641,0.017791458375940025,0.8055541950335485,1.0218367520462912,1.060277769836073,0.037285135474734776
2026-01-14,911.523594659873,947.3655654181244,903.5365313988884,942.97265625,11559313,INDUSINDBK,0.037285135474734776,0.0519574801114433,0.11768534990099777,873.2780639648438,852.7048828125,802.982914428711,1.079808018958738,1.1058605096053482,1.1743371363273476,895.0336155004445,874.7640441201414,20.26957138030309,15.457632188023892,4.811939192279199,75.93441113859966,0.0159793033047521,4048456.85,2.8552392746880826,0.04647964469461361,0.8997717091780655,1.0241269653393876,1.061921577022799,0.0
2026-01-16,943.471891385382,958.6473244711476,936.5331176688536,952.3075561523438,10345071,INDUSINDBK,0.009899438589732412,0.0811561032497865,0.14247212504289042,884.7394989013671,859.1334704589843,805.8258099365235,1.0763705670820392,1.1084512347581825,1.1817784245795737,910.0855761716848,885.1862392590054,24.89933691267936,18.487522963879044,6.411813948800315,81.17328009805472,0.015387417738483575,4333466.6,2.3872506597835557,0.023221706747390675,0.7133169470882307,1.029804482449861,1.0661528333606738,-0.004245957101912556
2026-01-19,946.4171150666178,960.3445691919512,939.9276259915448,948.2640991210938,5455304,INDUSINDBK,-0.004245957101912556,0.04898114254200814,0.12442288353235487,889.9860015869141,862.1795361328125,807.323134765625,1.0654820384031494,1.0998452867188215,1.1745781314645287,915.9591950869785,889.8586733228638,26.100521764114774,20.01012272392619,6.090399040188583,79.20713692179858,0.015531502906114648,4256184.45,1.281735804471538,0.0215308617286366,0.4083115208638579,1.0322513633051693,1.0679485066201069,-0.04700985604156027
2026-01-20,944.4702589579028,946.467024833078,897.5961678508716,903.6863403320312,6701234,INDUSINDBK,-0.04700985604156027,-0.005930445867074141,0.05692437656725513,892.4195617675781,864.2921154785156,808.4335864257813,1.0126249793786877,1.0455797572927124,1.117823845403774,914.0710635862174,890.8829449531725,23.18811863304495,20.645721905749944,2.5423967272950065,59.874618409623906,0.019393186066210957,4471865.85,1.4985319830200186,0.054079446375443,0.12461767313344009,1.0325439116999116,1.06909476547071,0.0022095776461388272
2026-01-21,906.5317065904242,917.6637007100333,890.008481174113,905.68310546875,3567143,INDUSINDBK,0.0022095776461388272,-0.039544678771007535,0.06736084711498025,895.2774322509765,865.9104956054688,809.4554315185546,1.0116228476703704,1.0459315484280753,1.1188795209758124,912.7806084912224,891.9792531395115,20.80135535171098,20.676848594942154,0.12450675676882739,54.62231581923654,0.019236004863687466,4568790.9,0.7807630241953073,0.03053520527095063,0.5667871945213772,1.0339145174871376,1.0697444996829577,-0.005181110058608884
2026-01-22,909.526823241392,914.7184265163398,891.4561170993233,900.9906616210938,2338485,INDUSINDBK,-0.005181110058608884,-0.04452090349667148,0.06414713743521738,897.993032836914,866.6702648925781,810.4191204833984,1.00333814258526,1.0396002933512085,1.1117588897503692,910.9667705112026,892.6467648788879,18.320005632314746,20.205480002416675,-1.885474370101928,50.0,0.019293828450600018,4588320.85,0.5096603041611617,0.02581859103307711,0.409870935462491,1.0361415052681175,1.0694099423217298,-0.011080942465741539
2026-01-23,898.5945216424753,913.1209807259168,886.8136155483476,891.0068359375,5907525,INDUSINDBK,-0.011080942465741539,-0.06437071702184127,0.05012651220097841,900.1195892333984,867.249326171875,811.4696688842773,0.9898760637976345,1.0273940942341149,1.0980161922288254,907.8960113460175,892.5252886610074,15.37072268501015,19.23852853893537,-3.867805853925219,47.95416114970667,0.01955996473053644,4670798.5,1.264778388534637,0.029525435851330013,0.15939340032150973,1.0379017452877317,1.068739053875287,0.0025771571617869693
2026-01-27,873.5850382930374,895.5494621129767,849.773630481004,893.3031005859375,8419598,INDUSINDBK,0.0025771571617869693,-0.057959590145928,0.06568600795615942,902.8726287841797,868.177822265625,812.5621490478516,0.9894010208160495,1.0289402443554072,1.0993658782072202,905.650948152159,892.5829043591505,13.068043793008542,18.004431589750006,-4.936387796741464,44.30821829809713,0.01925274733507205,4996394.9,1.6851346157606557,0.05124333678227163,0.9509269095294776,1.0399627883006894,1.0684448239226292,0.007767555865114462
2026-01-28,897.296640551806,901.5397679202011,876.2307855209444,900.2418823242188,2982683,INDUSINDBK,0.007767555865114462,-0.003811563652214689,0.07153893023537283,905.8777618408203,869.1292810058594,813.6706036376953,0.9937785430286433,1.0357974377325685,1.1063959768234066,904.8187841786297,893.1502360602666,11.668548118363105,16.737254895472628,-5.068706777109522,51.18938484835093,0.01927553201741077,4925037.15,0.6056163454523383,0.02811353581319134,0.9487183808693742,1.042281950036744,1.068158634612365,-0.003659701646753888
2026-01-29,898.444840048281,903.0373772384256,889.2597047315325,896.947265625,4382116,INDUSINDBK,-0.003659701646753888,-0.009645581098952527,0.03957419261826245,907.5849975585937,870.136650390625,814.7680764770507,0.9882790791361589,1.030811959503532,1.100862063107923,903.607781324225,893.4314975095061,10.176283814718886,15.42506067932188,-5.248776864602995,54.9585484852749,0.018526012558716914,4999755.75,0.8764660153648506,0.015360627134854775,0.5579723926244691,1.043037317358322,1.0679562387286707,-0.002560156847118189
2026-01-30,890.6574081288139,901.2902109544248,886.7637511734122,894.6509399414062,2867342,INDUSINDBK,-0.002560156847118189,-0.007036389997961634,0.00662770443496985,907.8795196533204,871.2648229980468,815.7994061279297,0.9854291462407198,1.026841571386857,1.096655542062397,902.2298057268683,893.5218265785358,8.707979148332583,14.081644373124023,-5.37366522479144,54.56041277240068,0.017330656419040368,4930876.3,0.5815075912571565,0.016237013937484914,0.5429532650689848,1.0420247618046616,1.067989038057009,0.015790668292813725
2026-02-02,887.5624385792879,913.0212036903924,882.9199335079735,908.778076171875,3762702,INDUSINDBK,0.015790668292813725,0.019945122211858735,0.008643168994415307,908.2688903808594,872.8792077636718,816.6697463989258,1.0005606112863803,1.0411269601668902,1.1127852846013917,903.237231949177,894.6519191410054,8.585312808171693,12.98237806013356,-4.397065251961866,51.6806715493961,0.017418281831803484,4806474.9,0.7828402474337273,0.0331227952914722,0.8590382567644704,1.0405436196697322,1.0688276523191897,0.013348001466813253
2026-02-03,949.7616776395164,958.0482438455416,914.8681817357872,920.908447265625,9608114,INDUSINDBK,0.013348001466813253,0.030902553300867996,0.02494582885954677,909.3895751953125,874.3937561035157,817.3394119262696,1.0126665978855525,1.0531965042492855,1.1267148430971516,905.9558804593999,896.5968471502365,9.359033309163351,12.257709109939517,-2.898675800776166,53.95396408168661,0.017626975374334386,5160808.85,1.8617457610351138,0.04688855036346481,0.139885522037573,1.0400229517280015,1.069804959047286,-0.001192590430485918
2026-02-04,920.5090609019304,930.4928901958776,914.3190745523916,919.8101806640624,2883259,INDUSINDBK,-0.001192590430485918,0.021736711792749164,0.0077112107443404465,909.74150390625,876.0959985351562,817.9713882446289,1.0110676238410354,1.049896566360304,1.1245016560273338,908.0873112601172,898.3163533364458,9.770957923671403,11.760358872685895,-1.9894009490144917,40.085483036633306,0.017297749339357425,4889524.7,0.589680833394706,0.017583862391922257,0.3395059170148454,1.0384039025715783,1.0710594662916793,-0.007489364751691485
2026-02-05,916.6153548557088,920.6588545207702,900.8409165563012,912.92138671875,2552518,INDUSINDBK,-0.007489364751691485,0.017809431731328207,0.01843301091213445,910.5676696777343,877.5835888671875,818.4016912841797,1.0025848897554739,1.0402671589348857,1.1154930353165038,908.8310151768299,899.3982076610608,9.432807515769014,11.29484860130252,-1.862041085533507,37.853136336184605,0.016863018379449927,4869524.2,0.5241822188705828,0.021708263441717873,0.6095725087094088,1.0375851157986258,1.0723139971645752,-0.01181108574112033
2026-02-06,907.6299000771844,915.5670565823636,893.5527250955143,902.1387939453124,2711855,INDUSINDBK,-0.01181108574112033,0.008369581553668848,0.02280825620912097,911.5735382080078,878.6398779296875,818.9812524414062,0.9896500459181358,1.026744650004954,1.101537783992016,907.8014426796733,899.6012140524869,8.200228627186448,10.675924606479306,-2.4756959792928583,29.95613083205103,0.016662874955653013,4826741.05,0.5618397531394397,0.02440237758823595,0.3900217844419713,1.0374825467242859,1.0728449220424,0.026892471923749994
2026-02-09,908.5284574846308,935.4348893743517,898.8940379290293,926.3995361328124,6863941,INDUSINDBK,0.026892471923749994,0.019390278466185906,0.05174269180904689,913.8523468017578,880.0465991210938,819.6486715698243,1.0137299962898454,1.0526710029423572,1.1302397823186054,910.66268782631,901.5862749473257,9.076412878984343,10.356022260980314,-1.2796093819959715,42.47941032601276,0.01760022463794835,5044149.1,1.3607728209302934,0.03944394402210031,0.7527328213722864,1.038413588228653,1.073687580601568,-0.00032335999230448387
2026-02-10,926.3995392121932,931.4912677481304,918.5122897409216,926.0999755859376,2768617,INDUSINDBK,-0.00032335999230448387,0.005637398957222484,0.024462922722340297,914.9580535888672,881.4253662109375,820.1870495605468,1.0121775221862543,1.0506845061278949,1.1291326485612503,913.037655173945,903.4021046242599,9.63555054968515,10.211927918721283,-0.576377369036134,61.086365724933216,0.01670344276768319,4981783.2,0.5557481907281714,0.014014661860882944,0.5846135066105852,1.038043705869369,1.0746638424530135,-0.0028028984219701236
2026-02-11,926.3995463010508,926.7988629116844,913.52038211307,923.5042114257812,2473671,INDUSINDBK,-0.0028028984219701236,0.004016079447013654,0.015869532070834858,915.6793853759766,882.9798486328125,820.6994696044922,1.0085453775358193,1.045895002989837,1.1252647840394394,914.6478945973045,904.8911495725208,9.75674502478364,10.120891339933756,-0.36414631515011564,58.76285627680423,0.016695911464616624,4907524.55,0.5040567754266252,0.014378365181588065,0.7518803893404015,1.0370331630940337,1.0758869492852654,-0.002486469059943208
2026-02-12,927.198244390371,935.4848105677672,913.520385986667,921.2079467773438,3082642,INDUSINDBK,-0.002486469059943208,0.009076970020800434,-0.023080955029183836,914.5911499023438,884.4255078125,821.1594747924805,1.0072347046827497,1.0415890752131516,1.121838053455021,915.6571333942336,906.0998012173226,9.557332176911018,10.00817950732921,-0.4508473304181919,60.18099825665312,0.014338867486681894,4483691.0,0.6875232927514408,0.023843068937842198,0.3500005548650572,1.0341076120299313,1.0770447580063638,0.0036306063888522644
2026-02-13,920.5090515984843,928.4462079942444,901.8891857788778,924.552490234375,2860622,INDUSINDBK,0.0036306063888522644,0.024845064240105463,-0.019534146503121352,913.6701416015625,886.005947265625,821.6042541503906,1.0119105880090784,1.0435059641390803,1.1253014885985975,917.0256498311785,907.4666670704376,9.558982760740946,9.918340158011558,-0.3593573972706121,68.10342442380588,0.014376032699992138,4626722.1,0.6182826498267532,0.028724190887890386,0.8533827426775116,1.031223486051436,1.0783852965584158,0.006317192624070822
2026-02-16,928.496114485943,932.1901434728022,910.6750037599088,930.39306640625,2098887,INDUSINDBK,0.006317192624070822,0.0043108077213729334,-0.023011987676162082,912.5744171142578,887.38171875,822.0709982299804,1.0195256945163313,1.0484699501324384,1.1317672906713656,919.0821754581125,909.1649188730904,9.917256585022074,9.918123443413661,-0.0008668583915873995,69.27866410160097,0.014256396183139059,4214412.9,0.4980259527964144,0.023124785093248935,0.9164738370034715,1.0283899226589266,1.079446569287375,0.012769589256053093
2026-02-17,930.3930833230468,950.6602447559438,926.6990542690212,942.2738037109376,6284594,INDUSINDBK,0.012769589256053093,0.017464451518602875,-0.006317117157243701,912.27490234375,888.8533361816407,822.5070419311523,1.0328836201567275,1.0601004297950682,1.145611837557751,922.6501182662394,911.617428861079,11.03268940516034,10.141036635762998,0.8916527693973428,70.77984112414057,0.014561069584346614,4255877.4,1.4766858650580488,0.025429116667105442,0.6499989827474011,1.026350315860572,1.0806634969285063,0.0009006223129177648
2026-02-18,942.4734632599576,948.463760695932,931.2915625255142,943.1224365234376,3474257,INDUSINDBK,0.0009006223129177648,0.021243243782687493,0.04363914162619387,914.2467071533204,890.9149963378907,822.9957504272461,1.031584176507485,1.0585997995321055,1.1459627051948076,925.7997056904237,913.9511331323649,11.848572558058777,10.482543820222155,1.366028737836622,73.39397455196294,0.009528793606353878,4094528.55,0.8485120954889911,0.018207814283072728,0.6889551285463382,1.026188481405448,1.0825268488632964,-0.01831367065667
2026-02-19,942.9726947718206,942.9726947718206,921.7071501580116,925.8504028320312,2641817,INDUSINDBK,-0.01831367065667,0.005039531053686819,0.022267498688565368,915.2550720214844,892.5723120117187,823.4727279663086,1.011576369401751,1.0372833555023782,1.1243243053337781,925.807505250671,914.8325605175254,10.974944733145662,10.581024002806856,0.3939207303388059,63.72418251799918,0.010573357959433696,4048262.25,0.6525804992006138,0.02296866162045294,0.1948340731104157,1.0254127981615766,1.083912413488255,-0.0014018599480932759
2026-02-20,932.489646630135,946.3671935830464,921.1580248706152,924.552490234375,6462199,INDUSINDBK,-0.0014018599480932759,0.0,0.026151024219150054,916.4331634521484,894.413330078125,823.9332321166992,1.008859704238159,1.033697127650834,1.122120645454709,925.6144260173946,915.5525553113662,10.061870706028458,10.477193343451177,-0.4153226374227188,57.82175521000416,0.010487591681960963,4254447.95,1.5189277377338697,0.027266346669014556,0.13465201500618632,1.0246193036636653,1.0855410307706137,-0.006803069580484822
2026-02-23,924.5524955530082,933.138625270292,910.4753206844206,918.2626953125,4217172,INDUSINDBK,-0.006803069580484822,-0.013037899283369514,0.03058995540289189,917.7959564208984,896.0946069335937,824.3972305297851,1.0005085431988845,1.0247385579685215,1.1138595100839843,924.483390524334,915.7533064225613,8.730084101772718,10.127771495115486,-1.3976873933427676,48.60744350168143,0.0102620559825771,4169930.3,1.011329134206392,0.024680633005742112,0.34361161226832604,1.0242176990235061,1.0869694532546323,0.012666489241211165
2026-02-24,918.2626746733204,932.889008571104,910.5252071781116,929.8938598632812,3079572,INDUSINDBK,0.012666489241211165,-0.013138372094077866,0.04096119139555543,919.6254943847656,897.7968493652344,824.9623153686523,1.0111658121063567,1.0357508611449686,1.1271955609847923,925.3157704226336,916.8007548255777,8.515015597055935,9.805220315503576,-1.2902047184476402,54.77767643403173,0.010558525220884579,3902929.0,0.789041255938809,0.02404984306088489,0.8660715745418278,1.0243135683033022,1.0882883164960504,0.006388222257126319
2026-02-25,932.4896700266228,940.326951765218,930.5927180577664,935.834228515625,1173030,INDUSINDBK,0.006388222257126319,-0.0077277432129370105,0.039536425587659796,921.4051116943359,899.516064453125,825.7053619384766,1.0156599053317124,1.040375225632663,1.133375501303035,926.9339947446323,918.2106417655812,8.723352979051128,9.588846848213086,-0.8654938691619574,60.95462371239311,0.010523743088240212,3812446.35,0.3076843297742406,0.010401664537202896,0.5384615384615393,1.0243342482766205,1.089391090232678,0.029071316038888684
2026-02-26,936.483199259732,967.2832886347888,934.7859360716496,963.0401611328124,8974624,INDUSINDBK,0.029071316038888684,0.040168215282969655,0.07368648976454417,924.7097564697266,901.9031982421875,826.6762893676757,1.0414512817615553,1.0677866128092028,1.16495437636108,932.4887895735831,921.5313469038946,10.957442669688476,9.862566012508164,1.0948766571803112,75.16501641841485,0.012034930695308576,4042071.75,2.2203029919001316,0.03374454552851977,0.8694315946589042,1.0252871464165878,1.0909992337291454,-0.00813806172342646
2026-02-27,961.4427742540664,966.4346889698196,949.6618677121808,955.202880859375,3745120,INDUSINDBK,-0.00813806172342646,0.03315159598697326,0.06768219672572462,927.737353515625,904.3572241210937,827.5518713378906,1.0296048523212635,1.0562229784670498,1.1542513695426886,935.9832651560125,924.0255346043006,11.957730551711961,10.281598920348925,1.6761316313630363,63.770887707126285,0.012248651807376635,4085960.65,0.916582493274868,0.017559433282433885,0.3303566562882612,1.025852759032531,1.0928103185351186,-0.01489420732619029
2026-03-02,937.4815509340808,954.404153417786,931.6909422529828,940.9758911132812,1568186,INDUSINDBK,-0.01489420732619029,0.024734965186679503,0.03542978840008537,929.3472442626953,906.5057434082031,828.3605615234375,1.0125127038600212,1.0380252943301609,1.1359496514207932,936.7513614571308,925.2811165679287,11.470244889202036,10.519328114119547,0.9509167750824883,56.27633412047058,0.012527027341630099,3976234.85,0.39438968249071105,0.024137931034482578,0.40879067221840254,1.0251973040662872,1.094337158858757,-0.01586208788781751
2026-03-04,928.496099126017,941.4251698979126,915.217618712904,926.050048828125,2527046,INDUSINDBK,-0.01586208788781751,-0.004133601909922735,0.005583184276098718,929.6043243408203,908.1600634765625,829.0961199951172,0.9961765716664285,1.0196991544453928,1.1169393107684291,935.105005668053,925.3380745131285,9.766931154924464,10.368848722280532,-0.6019175673560682,50.97289624103924,0.012811366527096395,3622181.45,0.6976585891355608,0.02830036153896117,0.41333240327380955,1.0236128648755662,1.0953616131769028,0.01040382262428552
2026-03-05,928.546046838106,946.0177483949518,925.4510840797626,935.6845092773438,1949212,INDUSINDBK,0.01040382262428552,-0.00015998478546641604,0.01725826583243606,930.3980407714844,909.7734509277344,829.860632019043,1.0056819428612251,1.0284807809275889,1.1275200596042643,935.1941600694823,926.1044770882555,9.089682981226815,10.11301557406979,-1.0233325928429746,55.23844020001061,0.012998644605618658,3575479.1,0.5451610666665623,0.021980340714492997,0.4975734052324372,1.0226700282611216,1.0962966741948756,-0.020646688525402856
2026-03-06,933.4880138081696,941.3752631122544,910.5751140092232,916.36572265625,1153433,INDUSINDBK,-0.020646688525402856,-0.048465723819513196,0.0037728724374392897,930.5702575683594,911.1302514648437,830.5375354003907,0.9847356663330002,1.0057461281556497,1.1033405277878052,932.2974773905235,925.38308787107,6.9143895194534934,9.473290363146532,-2.5589008436930385,47.344553892497714,0.013758237245539344,3505524.85,0.32903289788403584,0.03361119729986352,0.1880058641163182,1.021336143841412,1.0970368136650204,-0.03993023455321176
2026-03-09,897.5462278618559,898.5446107627033,869.1422221454546,879.7750244140625,3362985,INDUSINDBK,-0.03993023455321176,-0.07896527319667601,-0.024789721583135416,929.4520690917968,911.7921789550782,831.0928857421875,0.9465523330038141,0.9648854692110788,1.0585760502911785,924.2171000095295,922.0047128001805,2.2123872093490036,8.021109732387027,-5.808722523038023,36.312096208769226,0.01626670115802068,3538081.35,0.9505109315816043,0.0334203492953564,0.3616305602589789,1.0193683281610915,1.0971002093716926,0.01985932793931333
2026-03-10,890.5575872158549,902.5880895195396,883.5689065986902,897.2467651367188,4547967,INDUSINDBK,0.01985932793931333,-0.0464721002839148,-0.03146889636602124,927.9944305419922,912.7676000976562,831.6604666137696,0.9668665410121962,0.9829958524390251,1.0788618687022524,920.0678177214048,920.1707907510353,-0.10297302963044785,6.396293179983532,-6.49926620961398,38.18136087138315,0.015695041114555004,3422282.65,1.3289279306021085,0.021197271096264514,0.7191612066065395,1.0166820452902874,1.0975243344367762,-0.023979063012249058
2026-03-11,895.7491943656252,906.0325265568852,871.7380966204728,875.7316284179688,2754525,INDUSINDBK,-0.023979063012249058,-0.05433661007181201,-0.05438759150825068,925.4760131835938,913.5173864746093,832.0785394287109,0.9462499469926761,0.9586370674317858,1.0524627026425044,913.2468655208762,916.8790009485858,-3.6321354277096134,4.390607458444903,-8.022742886154516,34.042574101453454,0.01647526573367966,3421578.05,0.8050452042150551,0.039160889961649695,0.11644840882034313,1.0130907488856171,1.0978739904790873,-0.052214641677609586
2026-03-12,868.5931394235803,869.0923308830191,826.6610568307178,830.005615234375,7514347,INDUSINDBK,-0.052214641677609586,-0.11294287016099858,-0.10124328079354994,920.8010833740234,913.3147143554687,832.2345367431641,0.9013951332388171,0.9087837983866434,0.9973217627839484,900.440519322953,910.4439353401257,-10.00341601717264,1.5118027633213944,-11.515218780494035,30.000012736241345,0.01985548672599117,3673611.85,2.0454929118328056,0.051121671074863366,0.07882295496323372,1.0081969215002058,1.0974246730129715,-0.020388472169480698
2026-03-13,825.6626691788209,831.8027484693043,803.4985563194982,813.0830688476562,5606889,INDUSINDBK,-0.020388472169480698,-0.1127089886221524,-0.1173729322548075,915.3948394775391,912.3203247070312,832.2030877685547,0.8882320871633085,0.8912254246980166,0.9770248161753805,887.0009115575227,903.2320193036464,-16.231107746123712,-2.0367793385676265,-14.194328407556085,28.163524837037812,0.020131492479145967,3799824.2,1.4755653695768345,0.034810947656209706,0.33862519295480703,1.003369994822263,1.0962712565190074,0.013077078926158281
2026-03-16,813.2327995970915,828.6578279799128,804.8963265456117,823.7158203125,3107008,INDUSINDBK,0.013077078926158281,-0.06371993128458997,-0.10906538134607457,910.3530059814453,911.0194311523437,832.3024267578126,0.9048312192087042,0.9041693208130437,0.9896833096128757,877.2647436736731,897.3419304894874,-20.07718681581423,-5.6448608340169475,-14.432325981797282,31.78846984942699,0.020477871200845828,3812143.5,0.8150291299370026,0.02884672219271747,0.7920161871472181,0.9992684841309527,1.0945774058369249,-0.005090635873785554
2026-03-17,823.6658964372004,823.6658964372004,806.6933870560703,819.5225830078125,3713235,INDUSINDBK,-0.005090635873785554,-0.08662520183849642,-0.11916520812723541,904.8094818115235,909.3900695800781,832.2859530639648,0.9057404895526099,0.9011782846784735,0.9846646816407685,868.3813343404638,891.5775343797336,-23.196200039269797,-9.155128675067518,-14.04107136420228,28.113251438905593,0.020287745500771694,3892860.9,0.9538576115062318,0.020710240001974883,0.7558809168198529,0.9949630110094893,1.0926413767194596,0.025948796825037812
2026-03-18,818.2746242103419,846.5289098493978,814.2810924944565,840.7882080078125,4695600,INDUSINDBK,0.025948796825037812,-0.03990197370544035,-0.10770287288413039,899.7352020263672,908.2359387207031,832.4117492675781,0.9344840638825785,0.9257376549006703,1.0100628790350505,864.1362379815944,887.8153620558876,-23.679124074293213,-12.059927754912657,-11.619196319380556,32.23219949887954,0.021130338202127005,3813411.2,1.2313384929482558,0.03835426930088633,0.8219816932600663,0.9906403872254719,1.0910897635933672,-0.030695277708774338
2026-03-19,826.8607618108783,829.9058175858565,811.6354219995288,814.97998046875,5080824,INDUSINDBK,-0.030695277708774338,-0.018103051943066828,-0.13587043536685406,893.3280792236328,906.2801062011719,832.4297201538086,0.9122963885530465,0.899258380375222,0.9790375820773982,856.5737368257721,882.4201486049885,-25.846411779216396,-14.817224559773406,-11.02918721944299,22.176391514195018,0.02179970403637388,3893739.55,1.30487001884859,0.022418213973574137,0.18305889729744024,0.9857085829326766,1.088716661910771,0.002817571846509326
2026-03-20,820.6707714662052,835.646515471063,811.785138982073,817.2762451171875,7872290,INDUSINDBK,0.002817571846509326,0.00515713145456842,-0.11726965542460466,887.8993713378907,904.6976696777343,832.5183267211914,0.9204604389861343,0.9033694597757862,0.9816915963111182,850.5279688706053,877.5946742725588,-27.066705401953527,-17.26712072820943,-9.799584673744096,23.52943519216136,0.02173690341148126,4155263.2,1.894534622981283,0.029196219309627153,0.2301252879375235,0.9814321414734853,1.0867000048405127,-0.04916934361364611
2026-03-23,804.9961229349116,807.6917689617538,770.651787615099,777.09130859375,7448050,INDUSINDBK,-0.04916934361364611,-0.056602666318903094,-0.15949465627770187,880.5263122558594,902.5990673828124,832.3386178588867,0.8825304795297774,0.8609484949358674,0.9336239985989654,839.2300211357044,870.149980518573,-30.91995938286857,-19.99768845914126,-10.92227092372731,21.39748020310236,0.023738297642514526,4204555.75,1.7714237705136862,0.047664902357077696,0.1738532457234231,0.97554533798605,1.0844133000877265,0.024282226074673785
2026-03-24,788.5727571458157,800.8529163117729,770.4521429707223,795.9608154296875,6347812,INDUSINDBK,0.024282226074673785,-0.028750601956139654,-0.1331883354372696,874.4112182617188,900.90181640625,832.308916015625,0.9102820261295522,0.8835156072887296,0.9563285940033651,832.5732202578556,864.6544868082851,-32.08126655042952,-22.41440407739891,-9.666862473030609,27.604024374559202,0.024839043394704954,4311087.75,1.4724385974282244,0.03819380646852468,0.8390797225056268,0.9705954659407795,1.0824127905765908,0.026528672369389383
2026-03-25,801.651570951601,832.9508508515821,801.651570951601,817.0765991210938,3095936,INDUSINDBK,0.026528672369389383,-0.02820164300698469,-0.12132272898196639,868.7703552246094,899.1636315917968,832.2867022705078,0.9404977900170743,0.9087073480436662,0.9817249235054214,830.1891246983538,861.130198831456,-30.941074133102234,-24.119738088539577,-6.821336044562656,30.35715657531749,0.025593498611080977,4311905.95,0.7179971075203994,0.03830642063871229,0.49282373967658133,0.9661982810477088,1.080353235416169,-0.031586056395231044
2026-03-27,807.6917828141848,814.8801520302304,784.0300954072441,791.2683715820312,6211886,INDUSINDBK,-0.031586056395231044,-0.029094713311952236,-0.15447806088787452,861.5420623779297,896.8074475097657,832.0665585327148,0.9184326640977493,0.8823169051274129,0.950967640109671,824.2013165266119,855.955248664832,-31.75393213822008,-25.64657689847568,-6.1073552397444,29.718374054021538,0.02602084041216213,4563848.75,1.361106894701539,0.03898810786700087,0.23462764633611574,0.9606767481361131,1.077807344031728,-0.05059617910666048
2026-03-30,779.7370345618208,782.7321832221095,749.2863565155525,751.2332153320312,7093604,INDUSINDBK,-0.05059617910666048,-0.0808086986251344,-0.2199357351324115,850.9517150878906,892.9726586914062,831.6043072509766,0.8828153254905187,0.8412723592600416,0.9033541658957648,812.9754548043687,848.1980610105504,-35.222606206181695,-27.561782760016882,-7.660823446164812,29.390122387322975,0.026139884405226455,4469797.75,1.5870078237880003,0.044521229924284644,0.05820931961287378,0.9529426313398055,1.0737951341826188,0.044122599517963934
2026-04-01,764.7114216204141,792.3666411205819,764.7114216204141,784.3795776367188,4336917,INDUSINDBK,0.044122599517963934,0.009378909482539166,-0.17883457707850536,842.4105499267578,889.8007971191406,831.3514669799805,0.9311131938042746,0.881522673587461,0.9434993607289889,808.5760890862687,843.4707659458222,-34.894676859553556,-29.02836157992422,-5.866315279629337,32.76940875319879,0.029002975740865106,4499387.6,0.9638905081215943,0.035257444595244436,0.7111914630142538,0.9467406105436007,1.0703064016371882,-0.008846203975870104
2026-04-02,770.9513068858236,783.4810004075019,752.7807254632131,777.4407958984375,2481604,INDUSINDBK,-0.008846203975870104,-0.023267501580781058,-0.1737930766976008,834.2337951660156,886.3034619140625,831.0958807373047,0.9319219628877824,0.8771722432624544,0.9354405597687871,803.7860439804485,838.5796570534234,-34.793613072974836,-30.181411878534345,-4.612201194440491,34.29575026841796,0.028974197804422747,4545058.5,0.5460004530194715,0.0394888911236135,0.8032524294969515,0.9412507465156492,1.0664274513402479,0.00963141379177701
2026-04-06,773.34737167487,787.0252296223956,755.1768516038699,784.9286499023438,2512596,INDUSINDBK,0.00963141379177701,-0.03934508619305788,-0.1523906824521678,827.1777252197265,883.0367529296875,830.9428787231445,0.9489238237089134,0.8888969199732101,0.9446240770586929,800.8849064299709,834.6055083755656,-33.720601945594694,-30.889249891946417,-2.8313520536482777,41.79539461127882,0.02922069648803361,4544336.0,0.5529071793987065,0.04057487011397551,0.9341699687553221,0.9367421259368478,1.062692485296453,-0.001780755631043851
2026-04-07,776.7418922905239,786.5260324739874,769.0543318119255,783.5308837890625,1165539,INDUSINDBK,-0.001780755631043851,-0.009778588492673768,-0.16261210266887272,819.5700439453125,880.6336437988281,830.7609231567383,0.9560267478997136,0.8897353505699724,0.9431484581771007,798.2150567929081,830.8222028506394,-32.60714605773137,-31.232829125103407,-1.3743169326279627,44.29891769830207,0.02894640025431738,4505152.35,0.2587124495356966,0.022298675168451257,0.8285714285714303,0.9306594742507193,1.0600325788706848,0.06517588883081182
2026-04-08,810.6869226913586,839.4902452621524,808.6901568719219,834.5982055664062,3572416,INDUSINDBK,0.06517588883081182,0.11097085237043092,-0.08923022224448329,815.4816680908203,879.2119458007812,830.8947064208984,1.0234420198805216,0.9492571268538201,1.0044572424362417,803.8124642965231,831.101906755511,-27.289442458987878,-30.4441517918803,3.1547093328924234,51.81606117713301,0.033103323705158276,4626101.5,0.7722303542194221,0.036904091315806,0.8411679981639977,0.9275143177770228,1.0581508571501324,-0.02559964464094311
2026-04-09,830.5048002614561,833.5499168896142,810.686923849809,813.2327880859375,2531440,INDUSINDBK,-0.02559964464094311,0.03678475482004706,-0.07563551417300429,812.1545562744141,877.4567883300781,830.7152468872071,1.001327618989752,0.9268066517937963,0.97895493206995,805.2617448795099,829.7782683355425,-24.516523456032587,-29.258626124710762,4.742102668678175,49.00725245566584,0.032436274071923656,4584524.25,0.5521707077893633,0.028113712795098496,0.11135306001694908,0.9255778370807943,1.0562666227904416,0.02007249171157688
2026-04-10,817.1764238438617,834.0990266043401,816.4775436092999,829.556396484375,1509168,INDUSINDBK,0.02007249171157688,0.06703481584820992,-0.0754423100561743,808.7700378417969,876.2277795410156,830.6823004150391,1.0257011977076282,0.9467360152846467,0.9986446034421324,808.9993835879508,829.7618333836042,-20.762449795653424,-27.5593908588993,6.796941063245875,48.199136785044914,0.032444361777977354,4432584.3,0.3404713588865078,0.02124205547654059,0.7422106799272402,0.9230134637656041,1.0548289991290536,-0.01444216556111888
2026-04-13,805.7948383421572,820.8704571454182,799.4052241527161,817.5758056640625,1555260,INDUSINDBK,-0.01444216556111888,0.041592513874707526,-0.06640827037270103,805.8622467041016,874.7132336425781,830.5757232666016,1.014535435811602,0.9346786743575634,0.9843483053520861,810.3188331381218,828.8591646636381,-18.540331525516308,-25.755578992222702,7.215247466706394,50.435515450404694,0.03219533776570993,4372621.05,0.3556814053209573,0.026254731174765292,0.8465121956758717,0.9212873610568808,1.0531408625843126,0.025888302060101953
2026-04-15,830.6545779129303,848.6254702235466,826.8108280988534,838.741455078125,3272348,INDUSINDBK,0.025888302060101953,0.0704638099548427,0.010525037040000296,806.299038696289,873.4832250976563,830.5767211914062,1.0402362086829378,0.9602261737589213,1.009830198316908,814.6915442058147,829.5911861758224,-14.899641970007679,-23.5843915877797,8.68474961777202,53.38688751426266,0.030600965736492486,4160521.1,0.786523591960632,0.02600878017011953,0.5469091315399875,0.9230847433917738,1.0516586882482133,0.00928471525854424
2026-04-16,844.1327872010311,855.8637869048893,839.5402499894236,846.5289306640625,3785293,INDUSINDBK,0.00928471525854424,0.014295172237471343,0.041134618463778194,807.9713317871094,872.4748583984375,830.6563424682618,1.047721493770911,0.9702616900823907,1.0191084897379294,819.5896036609297,830.8458339156921,-11.256230254762386,-21.11875932117624,9.862529066413853,62.20389884224158,0.03022811142321352,4069441.3,0.9301751078213121,0.019282904959503966,0.4281351958727463,0.9260683262211884,1.0503439434482782,0.007076303234500481
2026-04-17,847.6271252406489,856.0634733623148,837.1940112173561,852.5192260742188,1850548,INDUSINDBK,0.007076303234500481,0.04830896953964148,0.03496764909867989,809.4115020751954,871.6322241210937,830.7766479492187,1.0532581065236934,0.978072175949957,1.0261713881566987,824.6556994168204,832.4512703718793,-7.795570955058906,-18.45412164795277,10.658550692893865,60.41168405930433,0.030146761362572022,4006618.3,0.46187279681720617,0.022133767272148223,0.8121702006729997,0.9286158538842018,1.0491775692934164,-0.0022837014750128892
2026-04-20,852.5191855088973,854.6157652312605,838.142447326686,850.5723266601562,2453075,INDUSINDBK,-0.0022837014750128892,0.02533393783092497,0.0378875998003434,810.9639892578125,870.4681091308594,830.8557699584961,1.04884105573984,0.9771435825597694,1.023730420386495,828.6428728388721,833.7935708376776,-5.150697998805526,-15.793436918123323,10.642738919317797,56.634356866537715,0.03011779310796031,3943610.3,0.6220378823942112,0.019367333486216724,0.7545461943655295,0.9316412407888668,1.0476765530247711,0.0052233183696897
2026-04-21,856.3130222965773,864.4498063390998,853.4675944804055,855.01513671875,975223,INDUSINDBK,0.0052233183696897,0.04579310052390562,0.01692094224852081,811.6753356933593,869.1502429199219,830.8492803955078,1.0533954884662948,0.9837368667657679,1.0290857281741144,832.7001442050072,835.36553868072,-2.6653944757127874,-13.167828429641217,10.50243395392843,63.793463673176795,0.029613295064432662,3757591.45,0.25953406935711437,0.012844464837008867,0.1409135298295425,0.9338722991856105,1.0460985685709228,0.01599713832277505
2026-04-22,849.6238432185597,871.5882668975354,849.6238432185597,868.6929321289062,2253573,INDUSINDBK,0.01599713832277505,0.03571002347557917,0.0659070810908291,814.3609832763672,868.1278979492188,830.8392965698242,1.0667172789073818,1.0006508651329167,1.0455607188000897,838.2374961932994,837.8342344916967,0.4032617016026734,-10.453610403392439,10.856872104995112,78.68808715277675,0.028790970316844248,3616228.9,0.623183172945717,0.025284450772665362,0.8681807084517063,0.9380656758066809,1.0448806424218775,-0.011205561291578237
2026-04-23,860.306593768671,868.2936573089414,852.7688147398326,858.958740234375,1561128,INDUSINDBK,-0.011205561291578237,0.014683266123653782,0.05100172110252732,816.4451080322266,867.0486450195312,830.7456982421875,1.0520716356603734,0.9906696067958517,1.0339611051274593,841.4253798919265,839.3990126948581,2.026367197068339,-7.957614883300284,9.983982080368623,70.56715563747149,0.028980895938850396,3300670.8,0.47297294840794185,0.018074025959468953,0.39871099928955583,0.9416370266213094,1.043699229323918,-0.014412734008944716
2026-04-24,866.5963614424235,866.5963614424235,837.6432572006835,846.5787963867188,1453183,INDUSINDBK,-0.014412734008944716,-0.006968088819363283,0.08941997809590174,819.919482421875,865.9374450683594,830.6972766113281,1.032514551167997,0.9776442873652237,1.0191183000384645,842.2182131988176,839.9308485238848,2.2873646749327463,-5.908618971653678,8.195983646586424,68.51107945195452,0.02664271872645517,3000927.45,0.4842446291062451,0.03420012923228727,0.3086211105872865,0.9468576363009091,1.0424223955576053,0.06156024791593184
2026-04-27,863.800902229899,902.0389553322884,863.800902229899,898.6943969726562,11254307,INDUSINDBK,0.06156024791593184,0.056576106233617196,0.12906864201287283,825.0561614990235,865.3833422851562,830.8857214355469,1.0892523914248957,1.0384928309337893,1.0816101104974511,850.9068568563312,844.2837039645345,6.623152891796622,-3.4022645989636184,10.02541749076024,74.58467142232331,0.029265100509467172,3246252.2,3.4668615703980112,0.04254844942974859,0.912533246641075,0.9533996336471607,1.0415190921683029,-0.01621954700588668
2026-04-28,888.7105789422741,894.2515919505684,881.0230182854311,884.1179809570312,5748485,INDUSINDBK,-0.01621954700588668,0.034037811716372435,0.08205030214798947,828.4082305908203,864.5437023925781,831.0319845581055,1.067249151214346,1.0226411672542202,1.0638796067845135,856.0162605641311,847.2343911491639,8.781869414967218,-0.9654377961774512,9.747307211144669,70.56541511086353,0.029285630795714317,3378879.65,1.7012991273601592,0.014962452919255962,0.2339604215801909,0.9582028395999476,1.0403254248418516,0.031844640140489044
2026-04-29,889.559188304228,923.504207835478,889.559188304228,912.2723999023438,3485256,INDUSINDBK,0.031844640140489044,0.050166711575098555,0.1529241312633054,834.4584320068359,864.3190661621094,831.328005065918,1.0932508617695536,1.0554810551075364,1.097367578552833,864.6710512315484,852.0520214271772,12.619029804371166,1.7514557239322723,10.867574080438894,67.52251493101222,0.028615709630915812,3242548.15,1.0748509625061389,0.03720930232558147,0.6691176470588213,0.9654518391132275,1.0396847705059273,0.0025170822318896224
2026-04-30,904.5349283605632,918.5122892844572,893.802311936859,914.5686645507812,3438569,INDUSINDBK,0.0025170822318896224,0.06474108907865883,0.21742309296928353,842.6252044677734,864.1862805175781,831.656223449707,1.0853801425610683,1.0583003747791833,1.0996955698319117,872.347607126815,856.6828838807776,15.664723246037397,4.534109228353298,11.130614017684099,75.0123156828131,0.025198501285511522,3059796.4,1.1237901319185812,0.02701817622379971,0.840403547190654,0.9750504300567103,1.0391147882389873,0.0
2026-05-04,923.7538020079425,940.876093558355,909.6266592346428,912.4221801757812,1973688,INDUSINDBK,-0.0023469909457857208,0.015275251797906453,0.17362271826931153,855.8837280273438,863.6271862792969,832.3368713378907,1.0660585664816276,1.0565000670100537,1.0962174230118655,884.0091583848055,864.7819387963199,19.227219588485582,9.606863413738722,9.62035617474686,76.88172210418662,0.023775290929641524,2817554.75,0.7004967694061668,0.03424887623588006,0.08945828945828846,0.9910337951665072,1.0375933303196223,-0.003501475838886936
2026-05-05,909.6266725712928,916.6153531536892,901.5397951291036,909.2273559570312,2006111,INDUSINDBK,-0.003501475838886936,0.028400479959495684,0.15835669403856256,862.0986633300781,862.9662573242188,832.5957022094726,1.0546674001846916,1.0536070770324826,1.0920394538960505,887.8888810882248,868.0741919193356,19.81468916888923,11.648428564768825,8.166260604120406,72.24324010944795,0.023917487062779755,2792230.5,0.7184618175326142,0.016580625215260266,0.509935407723588,0.9989946374069935,1.036476953981568,0.03958492777735012
2026-05-06,918.9116888940334,948.2142040171092,916.4656384863237,945.2190551757812,2901974,INDUSINDBK,0.03958492777735012,0.036114931545626394,0.20635838960784025,870.183071899414,863.0081896972656,832.9908123779297,1.0862301114552602,1.0952608172899894,1.1347292684747323,896.7089078709258,873.7886262346278,22.920281636298,13.902799179074659,9.017482457223341,76.43754894891654,0.024830851613999224,2879052.25,1.0079615609615977,0.033588579659855976,0.9056603411444326,1.0083138054630343,1.03603566434742,0.00021121664338075163
2026-05-07,946.7165867570956,950.111112998247,932.589444320174,945.418701171875,2007411,INDUSINDBK,0.00021121664338075163,0.03373178834663748,0.13278305041437233,875.7240966796875,863.3995556640625,833.3200289916992,1.0795851167695796,1.0949955845700308,1.1345205542651038,904.202722224918,879.0945577114609,25.108164513457154,16.143872245951158,8.964292267505996,75.68313027878,0.02117307159776132,2800802.0,0.7167272088494653,0.018533236814920542,0.732193781734716,1.014274435207632,1.036096008287187,0.00401291435492146
2026-05-08,944.4702664580184,956.3510478842408,938.979160257681,949.2125854492188,1604266,INDUSINDBK,0.00401291435492146,0.03788006547923217,0.16720894601818692,882.5230865478516,863.8927575683593,833.6744549560547,1.0755668604231479,1.098762059449385,1.1385890257357765,911.1273165671181,884.2884856920356,26.83883087508252,18.28286397177743,8.555966903305091,76.99455673139303,0.019804117967261274,2754443.3,0.5824283985079671,0.018301366725282583,0.5890796332283401,1.0215655575489855,1.0362471255208336,-0.02992380544652462
2026-05-11,937.4815392639106,939.378491140731,916.6153123647108,920.8085327148438,1584134,INDUSINDBK,-0.02992380544652462,0.009191307183530784,0.11000112423602726,887.085693359375,863.9436743164063,833.9599923706055,1.0380153119455247,1.065820099259864,1.1041399361345423,912.616734435999,886.9936743603918,25.623060075607214,19.75090319254339,5.872156883063823,65.91786835392645,0.021292021224769617,2758191.6,0.5743379103902716,0.02472085994784048,0.18421066720919896,1.0267864905212483,1.0359533817210698,-0.0319310070501978
2026-05-12,918.5123103234286,920.8085789119452,888.6606358633335,891.4061889648438,1374763,INDUSINDBK,-0.0319310070501978,-0.019600341845664504,0.09030402170574714,890.777212524414,863.1739208984375,834.0738079833984,1.0007060984852174,1.0327075081659334,1.068737778878421,909.3535735942828,887.3205272940548,22.033046300227966,20.207331814080305,1.8257144861476604,55.10663255420275,0.022477784636991443,2749166.75,0.5000653379792259,0.03606430317243359,0.08540369433150496,1.0319788294776626,1.0348891340748327,-0.00039199443963588987
2026-05-13,889.559188304228,905.3336263696938,888.8603080677635,891.0567626953125,1428120,INDUSINDBK,-0.00039199443963588987,-0.05730131251998116,0.06237358044060737,893.3929779052735,862.2783715820312,834.2420355224609,0.9973850083135434,1.033374826577734,1.0681034097463935,906.5386796098257,887.5972854719257,18.941394137900033,19.954144278844254,-1.0127501409442203,57.53457001599485,0.02192729710909538,2656955.35,0.5375024461739637,0.018487394957983308,0.1333340731534099,1.0360841780899084,1.0336069568132131,0.017254930004464653
2026-05-14,893.5527206189915,913.0211877162768,884.7669630393032,906.431884765625,1862991,INDUSINDBK,0.017254930004464653,-0.04123761922407998,0.0707630323450037,896.3881256103516,861.1462060546875,834.565012512207,1.0112046990230203,1.0525876772057237,1.086112970440834,906.5222496337949,888.9924409751627,17.52980865863219,19.469277154801844,-1.9394684961696527,63.85486982427259,0.022114282842747322,2560840.25,0.7274920799921042,0.031170819508715,0.7667852143887742,1.0409244322368019,1.0318503569451898,-0.02368099613628194
2026-05-15,908.5284881446236,908.5284881446236,880.5238584720729,884.9666748046875,1437283,INDUSINDBK,-0.02368099613628194,-0.06768337422973236,0.038060665071316446,898.010498046875,859.7414819335937,834.7409774780274,0.9854747541698486,1.029340439424141,1.060169200604486,903.2060073523938,888.694236073646,14.511771278747801,18.477775979591037,-3.9660047008432358,46.29680670686067,0.0229185451513602,2540177.0,0.5658200196285534,0.031644840952605696,0.1586457805214014,1.044512236430901,1.0299500145914717,0.006486867567482957
2026-05-18,884.3176614351277,894.4512723336353,868.7928193911841,890.7073364257812,1421988,INDUSINDBK,0.006486867567482957,-0.032689962375038295,0.04718588708760185,900.0172485351562,858.7361108398437,834.9618695068359,0.9896558514578164,1.0372305591698825,1.0667640870257595,901.2831349021458,888.8433546182487,12.439780283897107,17.27017684045225,-4.830396556555144,51.8665244816228,0.022913849510018847,2488622.65,0.5713955870328513,0.028806827891878682,0.8540856724194849,1.0480719713241586,1.028473445556322,0.0034747335926796907
2026-05-19,897.0470516116417,902.6379715765414,887.362725122032,893.8023071289062,1303728,INDUSINDBK,0.0034747335926796907,0.002688020560912996,0.04536430847178674,901.9566070556641,858.0911560058594,835.3190408325195,0.990959321254515,1.041616966767576,1.0700130889367727,900.1322383216474,889.210684433853,10.921553887794403,16.00045224992068,-5.078898362126278,43.90243214402006,0.022906463067983496,2505047.9,0.5204403476676035,0.017090184633307744,0.4215697616435662,1.0511198032316105,1.0272615779841965,0.0021223626758621883
2026-05-20,884.1180011090719,899.3433409574933,879.7251527310748,895.6992797851562,2947978,INDUSINDBK,0.0021223626758621883,0.005210124970939978,0.03108848553661603,903.3069244384766,857.2914514160157,835.793772277832,0.9915780069348528,1.0448013663331195,1.0716749866944577,899.4502447006487,889.6913211265421,9.758923574106575,14.752146514757861,-4.993222940651286,43.75414664894197,0.022684136070606646,2539768.15,1.1607272104739168,0.021902650442148574,0.8142508813617237,1.053675413357331,1.025721272221968,0.0031209930101503414
2026-05-21,904.0357641798818,912.4222053618768,890.8570970095147,898.4947509765625,2144884,INDUSINDBK,0.0031209930101503414,-0.008756459169697917,0.04602783450506576,905.283724975586,856.9340319824219,836.2517807006836,0.9925007223572847,1.0484993213514866,1.074430897144071,899.3032456661739,890.3434270413584,8.959818624815512,13.593680936769392,-4.63386231195388,44.77613479795818,0.022477998695729747,2568955.95,0.8349243979835466,0.02400137377421869,0.35416719648483497,1.0564217211461568,1.024732086387199,0.011333924509429938
2026-05-22,901.5397605321602,913.0211639054934,901.2402578488428,908.67822265625,1165558,INDUSINDBK,0.011333924509429938,0.026793718370011765,0.07335339195191004,908.3886962890625,857.5120959472656,836.792155456543,1.000318725198112,1.0596681107482955,1.0859067173741452,900.7455498184933,891.7015600498689,9.043989768624328,12.68374270314038,-3.6397529345160518,48.84365636907987,0.022194548345045393,2554574.7,0.4562630327467034,0.012964882136398731,0.6313576198333488,1.0593304754326471,1.0247611552708904,0.017524569136682988
2026-05-25,918.6620872442892,931.9904751278272,918.6620872442892,924.6024169921876,1193834,INDUSINDBK,0.017524569136682988,0.03805411629640343,0.028828509565437477,909.6840972900391,858.059208984375,837.4271267700195,1.0163994509155325,1.0775508348504006,1.1040989567156794,904.4158370759848,894.1386605641148,10.277176511869925,12.20242946488629,-1.925252953016365,54.402506600133485,0.01793621458662545,2051551.05,0.581917764122906,0.014415263943281027,0.44569004142169316,1.0601647156339815,1.0246374658221713,0.0066947720746206585
2026-05-26,924.7023077651792,933.4880656071308,919.5107041969708,930.7924194335938,2323571,INDUSINDBK,0.0066947720746206585,0.04138511616009133,0.05279209277707353,912.0178192138671,859.1604248046875,838.1689251708984,1.020585782233849,1.083374411298321,1.1105069532896485,908.4737728233092,896.8537538137059,11.620019009603311,12.085947373829695,-0.46592836422638406,45.01895765757868,0.017465418753153415,1880305.35,1.2357413119097915,0.015016625746335084,0.8071419852120577,1.061522147532803,1.025044473737211,0.0
2026-05-27,928.9953422967222,938.2802916176082,926.4993849020508,930.7924194335938,1088920,INDUSINDBK,0.0,0.03917960016318767,0.020300975381073227,912.9438201904297,861.1761608886719,838.8091384887696,1.0195505997723289,1.080838580660527,1.1096593691272185,911.9074107633529,899.3677290448087,12.539681718544216,12.1766942427726,0.3629874757716163,44.94305484334542,0.016066064724546854,1760488.55,0.6185328498728379,0.012656857178452682,0.36440612214285156,1.0601127407525277,1.026665210682134,0.0
2026-05-29,929.0951213828612,938.6796339809182,908.8778672440386,912.8713989257812,3160610,INDUSINDBK,-0.019253509304166694,0.004614588712463785,-0.0018558099471226441,913.6701446533203,865.3134594726563,839.928076171875,0.9991257832684878,1.054960360239985,1.0868447249511635,914.51412013003,902.5233294467453,11.990790683284786,12.290012503903167,-0.29922182061838143,46.955193043973416,0.01669231670249493,1746590.6,1.8095883488666433,0.03264618299132685,0.13400318568364125,1.0558834312020684,1.030223282232069,-0.014436413368515422
2026-06-01,916.2659424751712,924.402787804451,895.349807711083,899.6928100585938,1597794,INDUSINDBK,-0.014436413368515422,-0.02694088450971932,-0.013951184433871555,913.0336761474609,866.9168640136719,840.3963180541992,0.9853884183712053,1.0378074846683394,1.0705577722445119,912.2339185805782,902.3136613439192,9.92025723665904,11.816061450454342,-1.8958042137953015,53.63081669307073,0.016999361076996497,1727795.9,0.9247585319539189,0.03229211100561742,0.1494856064181213,1.0531963490942793,1.0315571896136773,0.012594970057800303
2026-06-02,891.8554498204139,914.3190655096264,889.0100828743634,911.0244140625,1756559,INDUSINDBK,0.012594970057800303,-0.021237823770763997,0.0019764672649749127,913.1235290527344,868.3215881347656,841.0455163574219,0.9977011708455131,1.0491785837312464,1.0832046498602805,912.0478409624124,902.9589022860363,9.088938676376074,11.270636895638688,-2.181698219262614,57.980848890072856,0.01723245035863278,1715318.3,1.0240425931443744,0.02778079516267131,0.8698228413758534,1.0515960233284163,1.0324311481921653,-0.013753377947429923
2026-06-03,905.6331525305192,906.4319076422972,882.6204376450929,898.4947509765625,2302274,INDUSINDBK,-0.013753377947429923,-0.034699109901093816,-0.0494322495334476,910.7873138427734,869.9918835449218,841.6280731201172,0.986503366176296,1.0327622222353399,1.0675674679500968,909.9627501953585,902.6282244112604,7.334525784098105,10.483414673330572,-3.1488888892324667,46.75377713340263,0.014775030857866706,1685333.3,1.366064504866782,0.026501512636911823,0.6666666666666683,1.0468917366580754,1.0337011220641124,0.0036112508591503722
2026-06-04,902.2386323643432,905.6330976378154,894.0518804565121,901.7394409179688,1798199,INDUSINDBK,0.0036112508591503722,-0.03121316623238546,-0.04620096915764882,908.6033508300782,871.6811474609375,842.2278515625,0.9924456475910652,1.0344831290026015,1.0706597261596882,908.6976256911447,902.5623885969425,6.135237094202239,9.613779157504904,-3.4785420633026654,58.06140283458173,0.014826454102705127,1674872.7,1.0736332379171265,0.01284319688790989,0.6637955528428798,1.0423574646264737,1.0349706980644202,0.0017714785855975634
2026-06-05,897.5462442837721,924.3028943287444,894.6509094437577,903.3368530273438,1890312,INDUSINDBK,0.0017714785855975634,-0.010444566353658646,-0.048330303585433554,906.3095642089844,874.2060583496094,842.883539428711,0.9967199825544871,1.033322572406704,1.0717220241833252,907.8728914351753,902.6197563325277,5.253135102647661,8.741650346533456,-3.4885152438857947,56.321834866421526,0.014784979862816157,1689175.0,1.1190741042224754,0.03282494762127145,0.2929295835431213,1.0367230420708617,1.0371611467725756,-0.010775883765912098
2026-06-08,879.5753325769942,902.2386365344304,879.5753325769942,893.6026000976562,1864831,INDUSINDBK,-0.010775883765912098,-0.006769210438105966,-0.029545699948039683,904.949267578125,876.1588940429688,843.509026184082,0.9874615429980562,1.0199092951898197,1.0593871225542075,905.6774619986339,901.9518188336484,3.725643164985513,7.738448910223868,-4.012805745238355,49.9062648967768,0.013468078613707034,1703209.85,1.0948920944767904,0.025361725620493283,0.6189418606839745,1.0328597629161822,1.0387071944050086,0.03100387035258012
2026-06-09,894.600996354522,926.4993425889212,894.600996354522,921.3077392578124,1694676,INDUSINDBK,0.03100387035258012,0.011287650513619463,0.03354424802422806,906.4443450927735,878.2435168457031,844.17869140625,1.0163974702313552,1.049034489393988,1.0913657838520885,908.0821200385076,903.3855907169198,4.696529321587832,7.130064992496662,-2.43353567090883,59.67558118887454,0.013313397165449933,1719205.5,0.9857320721693829,0.03462290055231266,0.837245376517038,1.032110488385222,1.0403526241377963,-0.04210005812633899
2026-06-10,921.3576904738928,922.256259512684,880.4239891044531,882.5206298828125,1993081,INDUSINDBK,-0.04210005812633899,-0.0177787583916188,-0.00957978567681761,906.0175384521484,880.0685620117188,844.6701455688476,0.9740657243683403,1.0027862236840828,1.0448109649814536,904.1495830914776,901.8400380625415,2.3095450289360997,6.1659609997845495,-3.85641597084845,45.255037217100714,0.01653975282919303,1747453.55,1.140563078200276,0.04740089805468422,0.05012017655027591,1.0294851759970993,1.0419079763012482,0.00565639165271592
2026-06-11,882.420722734306,896.1484879351287,880.324142969127,887.5125122070312,1768283,INDUSINDBK,0.00565639165271592,-0.015777205770720726,-0.02087235993853609,905.0715698242187,882.7941479492188,845.2230001831055,0.9805992606522844,1.0053448069051811,1.050033555658997,901.5900337246396,900.7787398510221,0.811293873617501,5.09502757455114,-4.283733700933639,43.512845829468795,0.01608712385890398,1742718.15,1.0146695264521117,0.017829996477064146,0.45426014494427985,1.0252351263618498,1.0444511658556075,0.03194779177917906
2026-06-12,899.992324764746,918.212813648809,888.510920810405,915.8665771484376,2663666,INDUSINDBK,0.03194779177917906,0.013870489263338559,0.03491645869102333,906.6165649414063,885.4238879394532,845.9712881469727,1.010202783144194,1.0343820509291095,1.0826213489521193,903.7864250206085,901.8963574286084,1.8900675920000367,4.454035578040919,-2.5639679860408826,47.51208428125643,0.01674224305371001,1804037.3,1.476502730847084,0.032430370950844396,0.921007172400215,1.0239350635222553,1.0466358614591968,0.017278064567808782
2026-06-15,924.5026095929971,951.9581406554242,921.607274670012,931.6909790039062,3037001,INDUSINDBK,0.017278064567808782,0.042623397584214295,0.04601246773444534,908.6657470703125,888.5088916015625,846.8353887939453,1.0253396059088073,1.048600624946484,1.100203169745671,908.0794333257312,904.1033664341861,3.976066891545088,4.358441840741754,-0.3823749491966657,50.24259190050865,0.017070175276625316,1884787.95,1.6113223771406222,0.03257610803301018,0.33223777992828507,1.022686160666796,1.0492108659594024,-0.0077154503900307425
2026-06-16,931.4912437620223,934.536299413396,920.5090318848712,924.5025634765624,1602315,INDUSINDBK,-0.0077154503900307425,0.003467705830110246,0.03434792694401545,910.2007598876953,891.3003698730469,847.609884338379,1.0157128011963334,1.0372514078595578,1.0907170628362879,910.6060687335514,905.6144180669547,4.9916506665966835,4.48508360591274,0.5065670606839436,48.36532217205792,0.017215548497927075,1899717.3,0.8434491805701827,0.01517277299456664,0.28469775625011995,1.0212054102674057,1.051545512082804,0.011015148164164046
2026-06-17,924.5025782822156,936.8825507893032,918.7119695688192,934.6860961914062,1193109,INDUSINDBK,0.011015148164164046,0.05910962819704357,0.04352668053456665,912.1501007080078,894.3234741210938,848.5074304199219,1.0247064550734644,1.045132016813021,1.1015650101364876,914.3106883424522,907.767875705803,6.54281263664916,4.896629412060024,1.6461832245891355,50.96106101473484,0.017337867872766297,1811973.85,0.658458178080219,0.019440303321643718,0.8791202894808425,1.0199330858495392,1.0539960430028266,0.002723800480047611
2026-06-18,935.4848244658164,939.9775477423332,930.7425054517154,937.2319946289062,1007080,INDUSINDBK,0.002723800480047611,0.056021162223656384,0.043113489099675606,914.086962890625,896.3761499023437,849.4666271972657,1.0253203827183899,1.0455789065014878,1.1033182053557702,917.8370431557528,909.9504030334404,7.8866401223124285,5.494631554110505,2.3920085682019234,56.50668562094274,0.01733707641044421,1755083.65,0.5738074079830896,0.009853528628495424,0.7027027027027017,1.0197582376441083,1.0552223256372668,0.009267623316014273
2026-06-19,936.982368412695,949.0128703856304,929.6941852996,945.9179077148438,6521623,INDUSINDBK,0.009267623316014273,0.03281190876074036,0.04098225766843466,915.9489471435547,899.0298522949219,850.5046957397461,1.032719029444544,1.052154058399988,1.1121842271454008,922.1571761648438,912.6146626394702,9.542513525373579,6.3042079483631195,3.2383055770104594,62.650271161232865,0.017286214610445213,2022886.9,3.2239187470144772,0.0204232153006815,0.8397943412295338,1.0188192803669913,1.05705454278882,-0.027864257130263748
2026-06-22,945.4686577626442,945.4686577626442,912.4222063484808,919.5606079101562,3031578,INDUSINDBK,-0.027864257130263748,-0.01301973655118871,-0.005452948196299157,915.6968566894532,900.8299365234375,851.3443359375,1.0042194654185794,1.0207926830884482,1.0801277098972375,921.7577041256611,913.1291771039655,8.628527021695618,6.769071763029619,1.8594552586659985,52.15855152622096,0.018121188360942057,2114774.1,1.4335233252572934,0.035937219504505014,0.2160111375412609,1.0165035813789576,1.058126422526138,-0.016937184925529092
2026-06-23,921.5074481494406,922.5058310835136,901.340100693873,903.98583984375,1163601,INDUSINDBK,-0.016937184925529092,-0.022192176034277145,-0.028799739909953437,914.3565277099609,902.5581372070312,852.114338684082,0.9886579386137433,1.001581840080836,1.060873874320403,919.0235711592132,912.4518928624681,6.571678296745176,6.729593069772731,-0.15791477302755474,51.36747475447592,0.01842164270208945,2056775.6,0.5657403753720143,0.023413785323561108,0.12500107963068327,1.013072166785222,1.0591983918506165,0.024462922722340297
2026-06-24,902.5880699217088,932.3898367539816,898.6944130814207,926.0999755859376,1793188,INDUSINDBK,0.024462922722340297,-0.009186100703171607,-0.005041342999453691,914.1219055175782,904.3053076171875,852.9105490112305,1.013103361812096,1.0241010063583265,1.085811374545144,920.1122487633246,913.4628619530954,6.649386810229203,6.713551817864026,-0.06416500763482347,55.54545300447309,0.019303414120475836,2091989.0,0.8571689430489358,0.036384218292676226,0.8133318865740803,1.010855402282507,1.0602580876336192,-0.007720509197057912
2026-06-25,933.0,936.9000244140624,915.5,918.9500122070312,1469160,INDUSINDBK,-0.007720509197057912,-0.019506357579175182,-0.012722930461518844,913.52978515625,905.7537292480469,853.7371524047852,1.0059332789569135,1.0145693940117033,1.076385172671186,919.9334431392795,913.869317527461,6.06412561181844,6.58366657665491,-0.5195409648364695,53.46655919410758,0.019378881385268443,2165447.0,0.6784557645603887,0.02328747388845037,0.16121533977149005,1.008585176805906,1.0609280932623615,0.0
2026-06-29,918.9500122070312,921.6500244140624,908.0999755859376,915.4000244140624,3346498,INDUSINDBK,-0.0038630912952957175,-0.004524534283334991,0.017458419340314224,914.6190765380859,908.3788989257813,855.3820935058594,1.0008538504127122,1.0077292917047986,1.0701650541481575,919.1079735099001,914.3311733653964,4.776800144503795,6.054743564564144,-1.2779434200603488,48.45596258271174,0.018572934377198688,2094851.7,1.5974868292586057,0.014802325176687657,0.5387470496027021,1.006869575702038,1.0619568796474448,0.009613270218778558
2026-06-30,916.4500122070312,933.0999755859376,916.4500122070312,924.2000122070312,2515841,INDUSINDBK,0.009613270218778558,0.02236116039912206,0.014462398527584686,915.2778564453125,909.7625964355469,856.2783764648437,1.0097480297364234,1.0158694321222375,1.0793219093335078,919.8913640786895,915.0621984647768,4.829165613912778,5.809627974433871,-0.9804623605210931,62.9182114290535,0.01848698610296378,2132815.8,1.1795866290938017,0.01801554118046969,0.46546648924275597,1.006062306838481,1.0624612526028199,0.01882705382934846
2026-07-01,927.0499877929688,949.5499877929688,927.0499877929688,941.5999755859376,2290915,INDUSINDBK,0.01882705382934846,0.016736853912768135,0.0479749320321845,917.4331176757812,911.2207373046875,857.2362005615234,1.0263418198499097,1.0333390550034114,1.0984136868801768,923.2311504644201,917.0279597330109,6.203190731409222,5.8883405258289425,0.31485020558027976,65.56667890449745,0.01856485103833127,2132247.85,1.0744130894539299,0.02389549764590715,0.6466661241319495,1.0068176459520328,1.062975101503882,0.0020178679517064424
2026-07-02,941.5999755859376,944.9000244140624,931.5999755859376,943.5,1177319,INDUSINDBK,0.0020178679517064424,0.026715259227221066,0.046311115148206294,919.5211456298828,912.9115625,858.216753540039,1.0260775453442035,1.033506463009663,1.0993726189895245,926.3494350083555,918.9888516046398,7.3605834037157365,6.182789101406302,1.1777943023094348,59.38161795849209,0.01856329576011375,2101203.85,0.5603068926415683,0.014096501142686563,0.894735392918119,1.0072401132830244,1.0637307635097446,0.0326973774095789
2026-07-03,948.0,978.4000244140624,942.0999755859376,974.3499755859376,3819865,INDUSINDBK,0.0326973774095789,0.06028615555034711,0.07861200649636757,923.0718017578125,915.4669860839844,859.3919906616211,1.0555516631864126,1.064320167080882,1.133766646854381,933.7341335587528,923.0896756032544,10.64445795549841,7.075122872224723,3.569335083273687,63.14203076881418,0.019755286565333954,2197681.5,1.7381340289755363,0.03725565734868037,0.888428557016517,1.0083070343217495,1.065249613717243,0.036383243285568856
2026-07-06,968.0,1012.2999877929688,960.0,1009.7999877929688,4977371,INDUSINDBK,0.036383243285568856,0.1031242744824381,0.1300325085027887,928.8816711425782,917.6890979003906,860.7474728393555,1.0871136972170592,1.1003726535526264,1.1731663695298835,945.4365726717092,929.5126616913814,15.923910980327832,8.844880493845345,7.079030486482488,72.38055460980684,0.02069388191985553,2353308.5,2.1150524888683315,0.05179242268290797,0.9521988416154831,1.0121964762007039,1.066153694152829,0.012329186331485387
2026-07-07,1009.7000122070312,1038.0,1004.2999877929688,1022.25,5804915,INDUSINDBK,0.012329186331485387,0.10609174042188219,0.10956410810518613,933.9287841796875,920.45173828125,862.1534741210937,1.0945695403294473,1.110595979653248,1.1856937664632317,957.2540230299078,936.3820941586864,20.87192887122137,11.25029016932055,9.621638701900821,72.70519068665041,0.019929384156931306,2558820.45,2.2685902013953343,0.03296650741700293,0.5326411188446429,1.014641773531335,1.0676193577014665,-0.02699924244161178
2026-07-08,1015.9000244140624,1031.300048828125,989.7999877929688,994.6500244140624,3903183,INDUSINDBK,-0.02699924244161178,0.056340325195009644,0.1270558338632144,939.53525390625,922.0992907714843,863.4374496459961,1.0586617375757483,1.0786799581874504,1.1519653506132523,963.0072540120855,940.6982371405661,22.30901687151936,13.462035509760312,8.846981361759049,63.176403917441334,0.018250380503958025,2654325.55,1.4704989747772275,0.04172327956217916,0.11686818043436104,1.0189089866018417,1.0679398851063724,0.020610264411420776
2026-07-09,995.9000244140624,1022.3499755859376,995.9000244140624,1015.1500244140624,1952468,INDUSINDBK,0.020610264411420776,0.07594067240494162,0.1438148876229668,945.9171295166016,924.11091796875,864.8418960571289,1.0731912899524734,1.0985153455879753,1.173798389095392,971.0292186893128,946.2131843460103,24.816034343302476,15.732835276468746,9.08319906683373,65.07037231013607,0.018532967224057718,2663534.8,0.7330364146171472,0.026055214043010005,0.7277896233120051,1.0235969634422055,1.068531626626592,0.000640263373171468
2026-07-10,1019.7000122070312,1031.6500244140625,1013.7000122070312,1015.7999877929688,1084109,INDUSINDBK,0.000640263373171468,0.04254119489468322,0.10911350314330193,950.9138000488281,926.1355444335937,866.2049145507813,1.068235614774766,1.0968156809208873,1.1727017137968656,977.9170293206444,951.3677623791183,26.54926694152607,17.89612160948021,8.65314533204586,73.58938193116283,0.0176052657620189,2584556.95,0.4194564178591615,0.017670813568359346,0.11699020377907669,1.0267544591762627,1.0691875893060394,-0.0028548566782394813
2026-07-13,1010.0,1018.2000122070312,1000.5499877929688,1012.9000244140624,862018,INDUSINDBK,-0.0028548566782394813,0.0030699511374219224,0.0871630693440637,954.974252319336,928.1451013183594,867.6038519287109,1.060656894103734,1.0913164579280925,1.1674683349576578,983.2990285657855,955.9257077150401,27.373320850745472,19.791561457733263,7.581759393012209,78.4647763845322,0.017461636275627777,2475807.8,0.3481764618400508,0.01742523841311249,0.6997178208577352,1.0289062033111718,1.0697798301091717,-0.015352007555849423
2026-07-14,1008.9000244140624,1009.0,994.0999755859376,997.3499755859376,767488,INDUSINDBK,-0.015352007555849423,-0.024358057631755803,0.07879633327941771,958.6166229248047,929.9075537109375,868.8204583740235,1.04040546735248,1.0725259426121025,1.1479356476624112,985.4607127227321,958.9941720017732,26.466540720958847,21.12655731037838,5.339983410580466,69.28282735513262,0.017818772347791785,2434066.45,0.3153110302309125,0.014939614757907529,0.2181204479727366,1.030873035818775,1.070310378569166,0.01238285147983098
2026-07-15,998.4000244140624,1022.8499755859376,992.0,1009.7000122070312,1491258,INDUSINDBK,0.01238285147983098,0.015130937941548517,0.08025573111795126,962.367318725586,931.1971728515625,870.1711978149414,1.0491836043893568,1.0843031332613189,1.1603463947582455,989.1898357203165,962.7501601651256,26.439675555190888,22.18918095934088,4.250494595850007,73.88787136825461,0.0178499120952106,2448973.9,0.6089317652589111,0.030553605242120235,0.573744771943984,1.033473196421519,1.0701309985780516,0.003763481971900351
2026-07-16,1018.0,1019.0,1005.5499877929688,1013.5,695548,INDUSINDBK,0.003763481971900351,-0.0016253995708809255,0.08137580215802576,966.1807189941406,932.558798828125,871.5409371948242,1.0489756006051558,1.0867947428876201,1.1628828397459916,992.9298609941139,966.5094075603015,26.42045343381244,23.035435454235195,3.3850179795772455,74.40000453629172,0.017847457697123984,2433397.3,0.2858341299219819,0.013270855655679576,0.5910784380459692,1.036053405113185,1.0700114693748008,0.013517465389121908
2026-07-17,1013.7999877929688,1031.199951171875,1010.0,1027.199951171875,2257757,INDUSINDBK,0.013517465389121908,0.01122264571362619,0.08592927863411859,970.2448211669922,934.1185461425781,873.1189498901367,1.0587018129469408,1.09964624448757,1.176471947265749,998.2021825599234,971.005003383381,27.197179176542363,23.86778419869663,3.329394977845734,77.41539487579834,0.017937666376756388,2220204.0,1.0169142114868723,0.020638582729379185,0.811320320147406,1.0386741866689155,1.0698640159626782,0.005500413437147023
2026-07-20,1029.0,1034.6500244140625,1017.1500244140624,1032.8499755859375,1686017,INDUSINDBK,0.005500413437147023,0.019695873917483286,0.12319945711164038,975.9092895507813,936.359375,874.6720486450196,1.0583462896037874,1.1030486831895472,1.1808425537159397,1003.5326122562332,975.5861124354223,27.946499820810914,24.68352732311949,3.2629724976914254,77.0610202770556,0.016263995117075495,2152925.95,0.7831281888724505,0.016943409414394706,0.8971400669642864,1.0422379650449713,1.0705262348905993,0.029626737967029637
2026-07-21,1037.800048828125,1068.800048828125,1031.449951171875,1063.449951171875,5124543,INDUSINDBK,0.029626737967029637,0.06627560756403894,0.17640111636669853,983.8824951171875,939.8002502441407,876.317495727539,1.080870893068598,1.1315701936614857,1.2135441279635462,1012.7506643971011,982.0945449344188,30.65611946268234,25.87804575103206,4.778073711650279,78.47628029792122,0.01614751170046162,2350973.05,2.1797540384395306,0.035121631831466854,0.8567581347312826,1.0469059726911067,1.0724426418804942,0.005501055926330656
2026-07-22,1058.0,1077.8499755859375,1055.6500244140625,1069.300048828125,5069159,INDUSINDBK,0.005501055926330656,0.05902746944690862,0.15462701330014128,991.0424987792969,943.3651159667969,877.9542544555665,1.0789648780402665,1.1334954311218781,1.2179450619454144,1021.4505696941817,988.5542118895081,32.896357804673585,27.281708161760367,5.614649642913218,78.86646047112748,0.015697679434403422,2514771.6,2.015753239777322,0.02076119906307358,0.6148673169766087,1.0505396924324877,1.0745037240599657,-0.059665244472816736
2026-07-23,1036.5999755859375,1042.199951171875,998.1500244140624,1005.5,7505583,INDUSINDBK,-0.059665244472816736,-0.007893438579181011,0.0941835645500484,995.3699981689454,945.3464782714843,879.2507974243164,1.0101771219241986,1.063631190374246,1.1435872483090364,1018.9966358950769,989.8094554532483,29.18718044182856,27.66280261777401,1.5243778240545502,56.20889222390269,0.02153206423081668,2816592.75,2.664773954275072,0.04380897738221046,0.1668555688264348,1.0529155405422639,1.0751727277823222,-0.00939832143911612
2026-07-24,1000.0,1003.4500122070312,984.0499877929688,996.0499877929688,1995292,INDUSINDBK,-0.00939832143911612,-0.030325121553373302,0.08390007569700919,999.2249969482422,947.56814453125,880.5405249023438,0.9968225282944579,1.0511644925396917,1.1311801781109796,1015.4663823409064,990.2717171080425,25.19466523286394,27.169175140792,-1.9745099079280592,46.942407376442205,0.021742340051622844,2916357.35,0.6841726717749456,0.019476958638440182,0.6185559226050024,1.0545151847021474,1.0761209935639702,0.010642072939111236
2026-07-27,1003.0,1015.5999755859376,1000.0999755859376,1006.6500244140624,1979222,INDUSINDBK,0.010642072939111236,-0.025366657105270196,0.09968319594311592,1003.7874969482422,949.8869982910156,881.8348309326171,1.0028517265601764,1.059757661937864,1.1415403305735183,1014.1100195829304,991.4849250566366,22.625094526293765,26.260359017892355,-3.6352644915985906,46.50224954114175,0.021698861376223455,2847993.55,0.694953118836944,0.015397605547193063,0.42258379536288854,1.0567441166730374,1.0771711038975715,-0.014602902548566998
2026-07-28,1001.0,1006.0,989.2000122070312,991.9500122070312,1643112,INDUSINDBK,-0.014602902548566998,-0.06723394823240525,0.0733066426153901,1007.1749969482422,951.8499523925781,883.0958218383789,0.9848834762704168,1.0421285515785943,1.1232643023291016,1010.7007876789459,991.5193759566658,19.181411722280018,24.84456955876989,-5.663157836489873,49.357446414165516,0.022099197220618542,2804357.1,0.5859139693728733,0.0169363250024966,0.16369059512953632,1.05812370365371,1.0778557987185022,0.02051512206815742
2026-07-29,995.0499877929688,1015.0,993.5499877929688,1012.2999877929688,1232625,INDUSINDBK,0.02051512206815742,-0.05330595570216623,0.07508497667816538,1010.7099975585937,954.1819665527344,884.4176287841797,1.001573141888589,1.0609087399232695,1.1445949909259392,1010.9468184657187,993.0586805371328,17.888137928585934,23.453283232733103,-5.565145304147169,49.32125868104262,0.022162829778633694,2751442.6,0.44799226413082355,0.021189383054124974,0.8741253766677953,1.0592424013315653,1.0788816680016438,-0.0008396479266888912
2026-07-30,1012.2999877929688,1013.5999755859376,999.0,1011.4500122070312,1237239,INDUSINDBK,-0.0008396479266888912,0.0059174661432435105,0.07201909083946068,1014.1074981689453,956.4410717773437,885.6643008422851,0.9973794829771869,1.0575141972180941,1.142024140800438,1011.0242328874591,994.4210014015697,16.60323148588941,22.083272883364366,-5.480041397474956,48.965031512299966,0.022184549020785503,2754438.6,0.449180097897263,0.014434698116301154,0.8527419880772155,1.060292712319893,1.0799137674034602,0.0009886796064375591
2026-07-31,1011.4500122070312,1017.9000244140624,996.4000244140624,1012.4500122070312,2922821,INDUSINDBK,0.0009886796064375591,0.016465061608405218,0.039103030303030195,1016.0125,958.5165075683594,886.9331948852539,0.9964936575160553,1.0562676847115493,1.1415177806463948,1011.2435835520087,995.7564836834558,15.487099868552832,20.764038280402062,-5.27693841184923,49.89195394685362,0.02111175926154969,2709586.4,1.078696364876942,0.02123561631762178,0.7465110601380867,1.0599843528803703,1.080708798696351,0.01624772779761452
2026-08-03,1019.0,1028.9000244140625,1013.2999877929688,1028.9000244140625,887652,INDUSINDBK,0.01624772779761452,0.022103014414519118,0.018914673056036557,1016.9675018310547,960.6024597167968,888.3317620849609,1.0117334354947658,1.0710986777166915,1.1582384738773501,1013.9599590692478,998.2115607746119,15.748398294635876,19.760910283248826,-4.01251198861295,57.54244005047397,0.01983398631236646,2505100.45,0.35433788692984347,0.01516185853914976,1.0,1.058676762217406,1.081355525847925,-0.002818567737632227
2026-08-04,1028.9000244140625,1028.9000244140625,1014.5999755859376,1026.0,720413,INDUSINDBK,-0.002818567737632227,0.034326314203282804,0.003668378576669129,1017.1550018310547,962.506611328125,889.76724609375,1.00869582133797,1.0659667039421816,1.1531105516688078,1015.8122730585944,1000.2699636801963,15.542309378398159,18.917190102278695,-3.374880723880537,54.081115882058285,0.01967228733958124,2250875.35,0.3200590383647855,0.013937669423123671,0.7972017823912025,1.0567771585771475,1.0817510034828939,-0.006822612085769952
2026-08-05,1025.0,1038.0,1013.0999755859376,1019.0,1367377,INDUSINDBK,-0.006822612085769952,0.00661860346520271,0.02448094806038137,1018.3725006103516,964.2707629394531,891.1707250976563,1.0006161786470789,1.0567571258654695,1.143439715087517,1016.3026925880415,1001.6573737779596,14.645318810081903,18.06281584383934,-3.417497033757435,51.35534648330664,0.018687557815239283,2124085.05,0.6437487048835451,0.024435745254231978,0.23694853932473756,1.0561063756677393,1.082026973937891,-0.0027477799734727526
2026-08-06,1016.0,1033.9000244140625,1011.0,1016.2000122070312,769423,INDUSINDBK,-0.0027477799734727526,0.004696228130577795,0.0010343178522553842,1018.425,965.9789147949218,892.5027972412109,0.9978152659322299,1.0519898484769425,1.1385958849072262,1016.2868956063476,1002.7346062541872,13.552289352160415,17.160710545503555,-3.6084211933431405,47.13543529310039,0.01814442789694635,2064932.8,0.37261406279177706,0.022534957822257003,0.22707452677814677,1.0542931987456605,1.0823259241100764,0.00570752580525169
2026-08-07,1010.2999877929688,1024.9000244140625,1004.4000244140624,1022.0,1727371,INDUSINDBK,0.00570752580525169,0.00943255240043972,0.00610357578414833,1018.7350006103516,968.1614868164063,893.8201901245117,1.003204954563937,1.0556090217558955,1.1434067067310625,1017.1658347438326,1004.1616724575807,13.004162286251926,16.32940089365323,-3.325238607401303,47.17669338679901,0.018186065645643384,2097095.9,0.8236967131546059,0.02005870841487291,0.8585353944359764,1.0522366510986154,1.0831725413156517,0.005185957757460891
2026-08-10,1022.0,1028.0,1012.0,1027.300048828125,1042293,INDUSINDBK,0.005185957757460891,-0.0015550350354482934,0.01421662954583569,1019.4550018310547,970.7136315917969,895.1705725097656,1.0076953342550479,1.0582936258384839,1.1476025691370881,1018.7249446029546,1005.8756262628062,12.84931834014833,15.63338438295225,-2.7840660428039214,39.166959922799855,0.01819769654219581,2106109.65,0.49489018769749243,0.015574807008187848,0.9562530517578125,1.0502118942734229,1.0843895693199936,-0.017911051824685664
2026-08-11,1023.0,1024.0,1005.0,1008.9000244140624,1400560,INDUSINDBK,-0.017911051824685664,-0.016666642871284276,0.011580738066734542,1020.032504272461,972.6711437988281,896.4232144165039,0.9890861518512698,1.0372467928612954,1.125472888462367,1017.2134184200481,1006.0996557554919,11.113762664556248,14.72946003927305,-3.6156973747168024,33.16611619396775,0.01832627761492401,2137763.25,0.6551520613893985,0.018832391258028373,0.20526444284538875,1.04869205874522,1.0850579594058762,0.008524110791782613
2026-08-12,1009.0,1022.7000122070312,1006.5,1017.5,915131,INDUSINDBK,0.008524110791782613,-0.0014720314033366266,0.007725054668385356,1020.4225036621094,975.0512487792969,897.7415692138671,0.9971359866607987,1.043534892421138,1.133399671902241,1017.2575078938869,1006.9441256995294,10.313382194357473,13.846244470289935,-3.5328622759324624,54.830915025549245,0.018217224407252746,2108956.9,0.4339258900928701,0.01592138791845823,0.6790118340297113,1.0465321745288922,1.0861157400042512,0.0070761190878378954
2026-08-13,1015.0,1024.699951171875,1009.0,1024.699951171875,674807,INDUSINDBK,0.0070761190878378954,0.008364435015487892,0.011050765833127807,1020.9825012207032,977.510458984375,899.0210452270508,1.0036410515819099,1.048275178801186,1.1397952880102864,1018.4024991674236,1008.2593720308142,10.143127136609337,13.105621003553818,-2.962493866944481,61.746601275557055,0.018263022084284933,2107919.85,0.32012934457636044,0.015321510607978565,1.0,1.044472201639147,1.0873054242434352,-0.003805956440659619
2026-08-14,1022.5,1026.5999755859375,1014.2000122070312,1020.7999877929688,1034094,INDUSINDBK,-0.003805956440659619,-0.0011741802417135627,-0.006230494239806816,1020.6625030517578,979.8597216796875,900.1327615356445,1.0001347014716422,1.0417817624374854,1.1340549210223874,1018.7713435713536,1009.1883065317145,9.583037039639066,12.401104210770868,-2.8180671711318013,56.13881599678014,0.018033048191912968,2046736.7,0.5052403662864892,0.012147299693562614,0.5322576675641486,1.0416414518010044,1.088572445700151,-0.009992175087192301
2026-08-17,1020.0,1020.0,1002.5,1010.5999755859376,1108193,INDUSINDBK,-0.009992175087192301,-0.01625627611060443,-0.021542334826873066,1019.5500030517578,982.1996691894532,901.1550399780274,0.991221590467333,1.0289150030155492,1.1214496182705462,1017.5142100351356,1009.2928746098052,8.221335425330494,11.565150453682794,-3.3438150283522994,58.41985266683829,0.018109922171106706,2017845.5,0.549196159963684,0.01731644609416663,0.46285574776786365,1.0380272311567031,1.089934168501573,0.0043538734616643815
2026-08-18,1007.0,1019.5,1007.0,1015.0,539358,INDUSINDBK,0.0043538734616643815,0.006046164573620949,-0.04555922083449748,1017.1275054931641,984.0735144042969,902.2317657470703,0.9979083197714405,1.0314270073759928,1.124988100102588,1017.1274084912686,1009.7156246387085,7.41178385256012,10.73447713345826,-3.3226932808981395,51.424057254589385,0.01669180851885913,1788586.25,0.301555488308154,0.012315270935960592,0.64,1.0335889449365745,1.0907103382571102,0.00167488887392242
2026-08-19,1011.9000244140624,1016.7000122070312,1007.5999755859376,1016.7000122070312,433216,INDUSINDBK,0.00167488887392242,-0.0007862287891584607,-0.0491910915731647,1014.4975036621094,986.7571020507812,903.3476922607422,1.0021710339719627,1.030344762752677,1.1254802784325606,1017.0616552167705,1010.2329866808064,6.828668535964084,9.953315413959425,-3.1246468779953407,52.74437985361776,0.01662075791593131,1556789.1,0.27827532965126744,0.00895056212435708,1.0,1.0281126951644688,1.092333672299861,-0.008557108392420965
2026-08-20,1013.0,1014.5,1002.0,1008.0,858064,INDUSINDBK,-0.008557108392420965,-0.016297406038495943,0.0024863252113376255,1014.6225036621094,989.1668518066406,904.4096353149414,0.9934729383211919,1.0190394048880247,1.114539209491046,1015.6675544141905,1010.0675802600059,5.599974154184565,9.082647162004452,-3.482673007819887,47.847116289205545,0.009934385563154033,1224413.15,0.7007961324165786,0.01240079365079365,0.48,1.0257344368232477,1.0937155169318649,-0.0023809766012523603
2026-08-21,1007.7999877929688,1007.7999877929688,997.0,1005.5999755859376,1043385,INDUSINDBK,-0.0023809766012523603,-0.014890294268022575,0.009587859956837752,1015.1000030517578,990.9615197753906,905.4930242919922,0.99064128909737,1.0147719719872321,1.110555187735675,1014.1186961329208,1009.7366465804453,4.382049552475564,8.142527640098674,-3.7604780876231096,36.954067140002174,0.009699774443757333,1176817.8,0.886615583142947,0.010739844923599836,0.7962949357717388,1.0243586484385776,1.0943889054807754,0.012728768037873595
2026-08-24,1005.0999755859376,1018.4000244140624,1004.5,1018.4000244140624,948101,INDUSINDBK,0.012728768037873595,0.007718235717947941,0.011672378398678518,1015.6875030517579,992.6957006835937,906.6603811645508,1.0026706259101883,1.0258934572928724,1.1232431079716847,1014.7773620223272,1010.3783782718243,4.398983750502907,7.393818862179521,-2.994835111676614,46.169369972447996,0.009824778072352434,1125261.75,0.8425604087226817,0.013648884604121824,1.0,1.0231609770771963,1.0948925543746995,-0.0033385941992868373
2026-08-25,1014.9000244140624,1022.0,1003.5999755859376,1015.0,1427222,INDUSINDBK,-0.0033385941992868373,0.0,0.023237045727419137,1016.8400024414062,994.5056494140625,907.7555770874023,0.9981904700474131,1.0206075758322863,1.1181424004650007,1014.8116140188923,1010.7207206220596,4.090893396832712,6.73323376911016,-2.642340372277448,47.90795192784068,0.009209402580004767,1114467.25,1.2806316201754695,0.018128102870997424,0.6195657221709887,1.022457743744847,1.0955654523269402,-0.010837438423645374
2026-08-26,1010.5,1018.5999755859376,989.4000244140624,1004.0,1098699,INDUSINDBK,-0.010837438423645374,-0.012491405581339876,-0.008199138489633384,1016.4250030517578,995.8919274902344,908.785290222168,0.9877757798022948,1.0081415184579303,1.104771402885004,1013.1482887852166,1010.2228894648699,2.925399320346628,5.971666879357454,-3.0462675590108264,44.123314405398816,0.008377482124928828,1107770.95,0.9918106265559681,0.029083616705055007,0.5,1.0206177748757028,1.0958495237601962,-0.0010955932130852775
2026-08-27,1004.0,1005.2999877929688,994.5,1002.9000244140624,1187891,INDUSINDBK,-0.0010955932130852775,-0.005059499589223804,-0.008453198566197417,1015.9975036621094,997.2052880859375,909.6759698486328,0.9871087485935371,1.0057106960784932,1.102480506966609,1011.5716327281159,1009.680455016662,1.8911777114539063,5.155569045776745,-3.2643913343228386,40.36329123903083,0.00837841953806355,1105303.55,1.0747192479387222,0.01076875813147833,0.7777809174498473,1.018844881591274,1.0962203258506096,-0.008874288760000959
2026-08-28,997.0,1000.5999755859376,987.2999877929688,994.0,1026834,INDUSINDBK,-0.008874288760000959,-0.011535377752150966,-0.018223133966695504,1015.0750030517578,998.1669299316407,910.3309588623047,0.9792379843968207,0.9958254177666195,1.0919105741962918,1008.868304616098,1008.5189398302425,0.34936478585552777,4.194328193792502,-3.844963407936974,33.78771904592662,0.008580758555287804,1010504.2,1.016160051586129,0.013380269409425416,0.503760778680809,1.0169391237207939,1.0964879533253598,0.022736393949635447
2026-08-31,992.0,1016.5999755859376,980.2999877929688,1016.5999755859376,1476566,INDUSINDBK,0.022736393949635447,-0.0017675263010332731,-0.011954561703047428,1014.4600006103516,1000.1077172851562,911.1036898803711,1.0021094720090478,1.0164904819908305,1.1157895493974108,1010.0577924576119,1009.1175350714052,0.9402573862066674,3.543514032275335,-2.6032566460686675,53.601473065174694,0.009350718411801158,1039949.9,1.4198433982252414,0.03570724834224656,1.0,1.0143507375027117,1.0976881428462566,-0.02360810601649599
2026-09-01,1004.0,1004.0,985.0,992.5999755859376,1742567,INDUSINDBK,-0.02360810601649599,-0.02206898957050485,-0.03255363003319922,1012.7899993896484,1001.88,911.8322982788086,0.980064945530783,0.9907373892940647,1.0885773375867334,1007.3719744773543,1007.8940121465557,-0.5220376692013815,2.730403691979992,-3.2524413611813734,39.82010855569817,0.010676580378652952,1091057.6,1.5971356599321611,0.019141648667464643,0.3999987150493481,1.0108895270787404,1.0987546743969994,-0.014708821222083057
2026-09-02,985.0,987.5999755859376,963.2999877929688,978.0,2673391,INDUSINDBK,-0.014708821222083057,-0.02589641434262946,-0.04023552502453387,1010.7399993896485,1002.9180004882812,912.458953552246,0.967607891832302,0.9751544986966535,1.0718290353693167,1002.853209173146,1005.6796408764405,-2.8264317032945883,1.6190366129250757,-4.445468316219664,31.99694494980244,0.011019758543984551,1156358.3,2.311905401638921,0.024846613285244238,0.6049390778412103,1.007799240713158,1.0991376615724728,0.027402850504057996
2026-09-03,980.0,1004.7999877929688,977.5999755859376,1004.7999877929688,1959776,INDUSINDBK,0.027402850504057996,0.001894469371477303,-0.011218288011336841,1010.1699981689453,1004.635,913.2500595092773,0.9946840527973407,1.0001642266026654,1.1002462877833095,1003.1527135761957,1005.614481388776,-2.4617678125803195,0.8028757278239966,-3.2646435404043164,44.75753939684824,0.012825531093393384,1215875.95,1.6118223244731504,0.027070076171851514,1.0,1.00550946181344,1.1000656277425562,
