trade_date,open,high,low,close,volume,symbol,return_1d,return_5d,return_20d,sma_20,sma_50,sma_200,price_sma20,price_sma50,price_sma200,ema_12,ema_26,macd,macd_signal,macd_histogram,rsi_14,volatility_20,volume_sma20,volume_ratio,daily_range,close_position,sma20_sma50,sma50_sma200,future_return_1d
2022-06-23,7458.220503821712,7943.147893726574,7451.535799144791,7898.4560546875,1676430,MARUTI,0.0627348460450603,0.0558363541043323,0.05970530487517678,7513.328955078125,7354.945908203125,7312.7618481445315,1.0512591824359128,1.0738972323206601,1.0800920662679008,7511.016518701019,7455.333750771217,55.68276792980214,45.077814970277,10.604952959525143,73.62354511007157,0.01784274645268756,857848.15,1.9542269806142263,0.062241543306432105,0.9090912539955036,1.021534223208678,1.0057685537878274,0.011147476285602087
2022-06-24,7935.699960660525,8012.09659084739,7867.229294340338,7986.50390625,1156788,MARUTI,0.011147476285602087,0.08780406018118891,0.05290865407362588,7533.395043945313,7369.1719140625,7319.92451171875,1.0601467014090622,1.0837722337579685,1.0910636979198485,7584.168424477784,7494.67968821409,89.48873626369459,53.95999922896051,35.52873703473408,75.40381838243371,0.01761950619125813,894117.0,1.2937769889175579,0.01813901279052565,0.8233370455964562,1.0222851538541837,1.0067278565871693,0.010229231931798921
2022-06-27,8063.663657484465,8161.738009990146,8013.289633570171,8068.19970703125,921090,MARUTI,0.010229231931798921,0.10283315060317633,0.054261940148331966,7554.158203125,7387.874755859375,7327.573005371094,1.0680474898835983,1.0920866925406802,1.1010739437351602,7658.634775639855,7537.162652570916,121.47212306893925,67.46242399695626,54.00969907198299,75.14646532494267,0.01764591595215086,920695.65,1.0004283174358433,0.018399194592395324,0.3698933917992698,1.0225076158923436,1.0082294301870591,0.00484686425348646
2022-06-28,8036.208383208031,8155.244242405413,8003.548640921388,8107.30517578125,691242,MARUTI,0.00484686425348646,0.09113686939756671,0.06569503712977576,7579.147045898438,7405.3733984375,7335.2725903320315,1.0696856950636198,1.0947868175684232,1.105249338172758,7727.660991046224,7579.395432067978,148.2655589782462,83.62305099321425,64.64250798503194,74.2952023717957,0.0175296811987315,830557.5,0.8322626669435891,0.018710977099663365,0.6839785323029834,1.0234658859332606,1.0095566738989172,0.0022617767143240375
2022-06-29,8012.049654951538,8145.791329598121,7992.998057296163,8125.64208984375,655413,MARUTI,0.0022617767143240375,0.09330265757983214,0.07173100698495727,7606.339526367187,7425.88208984375,7343.521762695313,1.0682723354218429,1.0942325762156997,1.1065048014321366,7788.888852399689,7619.858147458775,169.0307049409139,100.70458178275419,68.3261231581597,73.9089128777035,0.01746123119499531,837227.95,0.7828369800602094,0.0188038398212166,0.8681274414062501,1.024301144879508,1.01121537183519,-0.004483720186776119
2022-06-30,8117.141500715698,8245.678450743691,8055.641843844582,8089.208984375,1130302,MARUTI,-0.004483720186776119,0.02415066037802327,0.06881039062253036,7632.378833007812,7441.23875,7351.48849609375,1.059854229115506,1.0870782750217496,1.100349811969813,7835.09194962666,7654.624876119236,180.46707350742327,116.657080127688,63.80999337973526,71.53184994448493,0.01751581318738459,876100.65,1.2901508519597604,0.02349260691202091,0.1766351287688434,1.0256865945885438,1.0122084464872576,-0.008045235321458066
2022-07-01,8059.845195322969,8069.39477493828,7931.498472262728,8024.12939453125,530569,MARUTI,-0.008045235321458066,0.004711133773039888,0.09053167395516382,7665.6854248046875,7451.23525390625,7358.788676757813,1.046759545932671,1.0768857942479624,1.0904144346303715,7864.174633458135,7681.995581186793,182.1790522713418,129.76147455641876,52.41757771492303,69.59319159827871,0.0161638509995161,873033.85,0.6077301584583462,0.017185204262724556,0.6717433351818585,1.0287804858645435,1.0125627438440274,0.004849569629980177
2022-07-04,8024.128436463934,8086.200696552137,7945.249291289951,8063.04296875,625431,MARUTI,0.004849569629980177,-0.0006391436092931801,0.09503859963331407,7700.675073242188,7461.526845703125,7366.184345703125,1.0470566401076893,1.0806156883819658,1.09460238711693,7894.769761964576,7710.221313598882,184.54844836569373,140.71886931827376,43.82957904741997,75.69344966250895,0.01613979451712618,873955.9,0.7156322189712319,0.01748116757016832,0.8357041722353833,1.0320508432770408,1.012943268254699,-0.011209940318941736
2022-07-05,8115.709236789409,8125.30637660588,7959.573629303963,7972.65673828125,610290,MARUTI,-0.011209940318941736,-0.016608285315598104,0.06905780382358384,7726.425512695312,7469.860771484375,7373.05861328125,1.031868711499432,1.0673099515745006,1.0813228480131611,7906.752373705603,7729.660974686465,177.0913990191375,147.99337525844652,29.098023760690978,69.31325174840512,0.01639359602966531,854910.8,0.713863949314946,0.020787643660379947,0.07894100104099314,1.034346656391556,1.0131291724751452,0.03369983870040194
2022-07-06,7999.682081743128,8262.725413706128,7992.997376649157,8241.333984375,976098,MARUTI,0.03369983870040194,0.014237877235062202,0.0934564108836613,7761.644360351563,7483.6751953125,7381.171459960938,1.0618025771025805,1.1012415383202452,1.116534689524556,7958.226467654741,7767.5626791078375,190.66378854690356,156.52745791613793,34.13633063076563,75.79761510433919,0.017684698816677346,863035.9,1.131005094921312,0.032728686589859994,0.9206925999813289,1.0371434031788516,1.0138871906590428,-0.0027403311669952357
2022-07-07,8303.358896460824,8308.1336859355,8189.910085057746,8218.75,547662,MARUTI,-0.0027403311669952357,0.01601405228560915,0.08531699322573139,7793.9482421875,7499.298330078125,7388.772687988281,1.0545040516837294,1.095935864697675,1.1123295230561077,7998.307011092474,7800.9839621368865,197.32304895558718,164.6865761240278,32.63647283155939,82.2907328033395,0.01776100886431953,856022.15,0.6397755011362731,0.014384620639118308,0.2439438041823407,1.0392903307936951,1.0149585928214468,-0.015157378802281407
2022-07-08,8231.736786747153,8267.022666333163,8064.6191605660915,8094.17529296875,686327,MARUTI,-0.015157378802281407,0.008729407888815821,0.06815923164621451,7819.772705078125,7510.52482421875,7396.056870117188,1.0350908649445052,1.0777110098708331,1.0943906239650778,8013.0559775349775,7822.701838494802,190.35413904017514,169.82008870725727,20.53405033291787,76.71957139791867,0.018273955582577033,868192.45,0.7905240364621923,0.025006068986780608,0.14602579283716566,1.0411752691186322,1.0154768893900823,0.0037399096608763394
2022-07-11,8071.016704041808,8141.01492148496,8037.019648167227,8124.44677734375,536114,MARUTI,0.0037399096608763394,0.007615463396602573,0.07669948429442108,7848.71025390625,7525.6102734375,7404.320356445312,1.0351314438318409,1.0795731485086215,1.0972575991085505,8030.1930236594035,7845.053315446576,185.13970821282783,172.8840126083714,12.255695604456434,75.29485432506377,0.018184378539123944,866706.85,0.6185643969469031,0.012800289812684723,0.8406836809727894,1.042933392605935,1.01638096559215,-0.010337783215648044
2022-07-12,8112.366140351874,8114.705973370164,7998.964906783094,8040.4580078125,424358,MARUTI,-0.010337783215648044,0.00850422534883477,0.0778388735134996,7877.743359375,7540.602138671875,7411.906059570312,1.0206549821458526,1.0662885880926036,1.084803010614334,8031.772251990649,7859.527737103311,172.24451488733848,172.75611306416482,-0.5115981768263396,70.91170294986023,0.01813968479373249,860251.65,0.49329518868112604,0.014394835029871506,0.3584993836063467,1.0447101192322694,1.0173634255570994,0.0024348907362898853
2022-07-13,8073.213876693396,8105.826061160897,8003.501951805933,8060.03564453125,413855,MARUTI,0.0024348907362898853,-0.02199866431666031,0.07471242066917405,7905.759448242187,7560.50919921875,7419.5146875,1.0195144055797658,1.0660704764917313,1.0863292255638182,8036.120466227665,7874.380174690566,161.74029153709944,170.55294875875177,-8.81265722165233,58.01746657602099,0.018139189790445053,850716.1,0.4864783915574185,0.012695242783993295,0.552496308853284,1.04566494662279,1.0190031986804056,0.015112177274630989
2022-07-14,8083.670849014458,8200.557133347398,8069.394042270615,8181.84033203125,606496,MARUTI,0.015112177274630989,-0.004490910171102702,0.0937181148091406,7940.81357421875,7582.666123046875,7427.228356933594,1.0303529047193647,1.0790189359865436,1.10160075048631,8058.5389071205245,7897.155001160246,161.38390596027875,168.71914019905716,-7.335234238778412,59.37828639372632,0.018245833791083382,815062.6,0.7441097162352929,0.016031001065040407,0.8573013096710933,1.0472323910033854,1.0209280984296347,0.024545533592549518
2022-07-15,8208.818070375513,8402.674523177542,8189.910090558314,8382.66796875,631246,MARUTI,0.024545533592549518,0.035642009882323356,0.14176370018688988,7992.854028320313,7611.29193359375,7433.791782226563,1.048770306457305,1.1013462683978326,1.127643632525746,8108.404916601983,7933.118924685413,175.2859919165703,170.0325105425598,5.253481374010505,63.54811389460496,0.017902803188858073,780742.1,0.8085205088850723,0.025381469648135823,0.9059685202961218,1.05013105502398,1.0238774714932926,-0.008344621971581034
2022-07-18,8405.539872656911,8444.693148591805,8292.854834600388,8312.7177734375,478682,MARUTI,-0.008344621971581034,0.02317339275564856,0.13625605030150645,8042.695703125,7636.97076171875,7439.908051757812,1.0335735778499717,1.0884836452570978,1.1173145844824615,8139.837663807447,7961.2373579263085,178.6003058811384,171.74606961027553,6.854236270862884,58.62059779532696,0.018080262500217457,752505.05,0.6361179901716274,0.01826578480465217,0.1308163816823908,1.0531264232986195,1.0264872507281024,0.0012693511436436822
2022-07-19,8308.086260018612,8402.57953177836,8277.05012792718,8323.26953125,478458,MARUTI,0.0012693511436436822,0.0351735589145179,0.12020283714127222,8087.3519287109375,7659.888798828125,7446.267116699219,1.0291711804579111,1.0866044860237873,1.1177774582628106,8168.0579511063015,7988.054555950286,180.00339515601536,173.3975347194235,6.605860436591854,58.348428562883264,0.017986304542266563,728683.75,0.656605832091082,0.015081742022155564,0.3681958322499125,1.055805396280454,1.0286884258623803,0.003809209590769802
2022-07-20,8380.23343349674,8466.132087032991,8327.424445734445,8354.974609375,398132,MARUTI,0.003809209590769802,0.03659276185011251,0.12415927793065729,8133.490747070313,7685.722333984375,7453.004348144531,1.027231095379861,1.0870773424159959,1.12102102978848,8196.814360070717,8015.233819166932,181.58054090378482,175.03413595629578,6.546404947489037,61.2718338350511,0.017946076247728995,708749.15,0.5617389452953842,0.01660180285202833,0.19862037435455943,1.0582597696908742,1.0312247215980466,0.0054804550152218745
2022-07-21,8396.943840718071,8434.092071749588,8329.189399056859,8400.763671875,421090,MARUTI,0.0054804550152218745,0.026757224653563894,0.0635956715729773,8158.606127929687,7715.19900390625,7460.809697265625,1.0296812396809212,1.08885897403575,1.125985518026799,8228.191177271376,8043.791586034196,184.39959123717927,176.90722701247248,7.49236422470679,66.2398073153632,0.012006064248899712,645982.15,0.6518601171874486,0.012487278155905545,0.6822921759847768,1.057471897199144,1.0340967424398801,0.003859279906425872
2022-07-22,8451.376329455628,8488.619682771874,8395.033820592591,8433.1845703125,415294,MARUTI,0.003859279906425872,0.00602631545837462,0.05592943662281824,8180.940161132812,7748.221435546875,7468.738950195312,1.0308331810539437,1.0884026276821657,1.1291309853709597,8259.728622354625,8072.635510795552,187.0931115590729,178.94440392179257,8.148707637280324,66.04971781460453,0.011860442301187468,608907.45,0.6820313990245973,0.01109733356349572,0.4076550542091859,1.0558474908319906,1.0374203044470116,-0.023706337766966734
2022-07-25,8430.845810757819,8459.589670485368,8107.592561967932,8233.2646484375,623462,MARUTI,-0.023706337766966734,-0.009558020272730117,0.020458707939814635,8189.193408203125,7774.463681640625,7475.248659667969,1.005381633823696,1.059013841415239,1.101403448002919,8255.657241751991,8084.533965435697,171.12327631629432,177.38017840069296,-6.256902084398632,60.3199358983531,0.013102689716348776,594026.05,1.0495532982097333,0.04275304190352211,0.35702590569246984,1.053345123669673,1.0400274339483906,-0.011105743267326273
2022-07-26,8233.647707855362,8236.894938019517,8089.782915062849,8141.828125,429454,MARUTI,-0.011105743267326273,-0.021799294804616398,0.0042582520911977895,8190.9195556640625,7793.4301171875,7481.582897949219,0.9940066032476029,1.0447040651643424,1.0882494033758232,8238.145069943992,8088.777977255275,149.3670926887171,171.7775612582978,-22.4104685695807,45.41617631710591,0.013345529775781639,580936.65,0.7392441155158656,0.018068672133344576,0.35377944569820213,1.051003143994317,1.0416819840790326,0.015511503098390556
2022-07-27,8170.189377024582,8315.247846226677,8078.943341754369,8268.1201171875,1298855,MARUTI,0.015511503098390556,-0.010395542326369411,0.01753437153253823,8198.04345703125,7814.27779296875,7487.1483862304685,1.0085479737358731,1.0580786012786896,1.1043083014613826,8242.756615673763,8102.062580213217,140.69403546054582,165.56085609874742,-24.866820638201602,52.07592664224256,0.013770325048300927,613108.75,2.118474087998255,0.028580197326969932,0.8005635603755497,1.0491108294624245,1.0436921228033762,0.007270607702896781
2022-07-28,8308.132700211805,8375.123361623782,8240.139519644306,8328.234375,725196,MARUTI,0.007270607702896781,-0.008633655189922984,0.02954867294029584,8209.9947265625,7839.421826171875,7493.31287109375,1.0144019152722412,1.0623531377270996,1.111422213147812,8255.907040185491,8118.81604649372,137.09099369177147,159.86688361735224,-22.77588992558077,60.40586415130056,0.013776638173921761,592853.45,1.2232297880698848,0.016207978294255916,0.6526325970858667,1.0472704376174107,1.0461890436222512,0.0060199725331937515
2022-07-29,8369.9191133878,8540.187908658783,8336.781890035914,8378.3701171875,821432,MARUTI,0.0060199725331937515,-0.0064998521813414145,0.0441469354790911,8227.706762695312,7862.091572265625,7498.435026855469,1.0183117068750311,1.0656668190870613,1.11734916514987,8274.747513570415,8138.042273952518,136.70523961789695,155.2345548174612,-18.52931519956425,61.0930623964095,0.013619319726310567,607396.6,1.3523816234730324,0.02427751648325957,0.2044591769366155,1.0465035527847875,1.0484976590592208,0.026198296371177987
2022-08-01,8451.378211921234,8675.79333958242,8425.211989963465,8597.869140625,1009408,MARUTI,0.026198296371177987,0.04428431585236292,0.06633056204063781,8254.448071289062,7883.21431640625,7504.688098144531,1.0416043648672815,1.0906552575554667,1.145666419201452,8324.458533117275,8172.103523335665,152.35500978160962,154.6586458102909,-2.303636028681268,71.77345707975235,0.014632706535412363,626595.45,1.610940519916,0.029144587515871342,0.689026341841022,1.0470916735208142,1.0504386342658671,0.018842559327813202
2022-08-02,8580.295381671194,8782.602807929308,8550.691691428367,8759.875,848311,MARUTI,0.018842559327813202,0.07591008622526041,0.09873976612323832,8293.808984375,7909.387783203125,7512.761782226563,1.0561944477504892,1.107528830310106,1.1659993027762194,8391.445681868463,8215.642151236727,175.80353063173607,158.88762277457994,16.915907857156128,74.5997419317633,0.014605392944177516,638496.5,1.3286071262724228,0.026474249518508165,0.9019977641769666,1.0486031550998494,1.0527936346810418,-0.01685475053154295
2022-08-03,8790.348060630595,8790.348060630595,8512.403603377958,8612.2294921875,753729,MARUTI,-0.01685475053154295,0.04161881662612488,0.04500430494816654,8312.353759765625,7932.9024609375,7520.026811523438,1.036075910757476,1.0856341086500285,1.1452392003430636,8425.412421917545,8245.018991307155,180.39343061038926,163.1887843417418,17.20464626864745,64.8584928719651,0.013690182767542698,627378.05,1.2013952352971227,0.032273229307785145,0.35915768854064917,1.047832593517516,1.0549034810329911,0.0008090557089568406
2022-08-04,8674.27642619976,8697.346310311994,8487.794862959207,8619.197265625,643264,MARUTI,0.0008090557089568406,0.034936923905314554,0.048723621673003814,8332.376123046875,7956.217490234375,7526.562236328125,1.034422491056878,1.0833285133550434,1.14517053004931,8455.225474795614,8272.735900515885,182.4895742797289,167.04894232933924,15.440631950389673,59.42773288492379,0.013644438670623446,632158.15,1.017568151260883,0.02431217674858405,0.6270651161123828,1.047278575940666,1.0570851924710662,-0.013996169071175402
2022-08-05,8619.293548955833,8636.980836691355,8468.57048448929,8498.5615234375,558385,MARUTI,-0.013996169071175402,0.014345440052049963,0.04996015231101203,8352.595434570312,7974.485078125,7532.500930175781,1.017475536796988,1.065719158062018,1.128252303214674,8461.892559202057,8289.463724436004,172.42883476605311,168.12492081668202,4.303913949371093,57.11980018586665,0.01356773783456846,625761.05,0.8923294283017454,0.01981633618084892,0.17808310805161084,1.0474150183668305,1.0586769456846128,0.009133439057414039
2022-08-08,8498.562059890313,8649.285133870917,8498.369623088773,8576.1826171875,520993,MARUTI,0.009133439057414039,-0.0025223137364386305,0.055602043095843046,8375.1822265625,7992.95,7539.137609863281,1.0239995244506457,1.0729683805337829,1.1375548585248632,8479.475645045972,8310.702160936115,168.77348410985724,168.25463347531706,0.518850634540172,59.215683204506945,0.013646469922780407,625005.0,0.8335821313429492,0.0175970495870383,0.51560633957006,1.0478211707270157,1.0601942043799555,-0.004735589604704438
2022-08-10,8592.186115954684,8650.72632512073,8483.950280072844,8535.5693359375,445375,MARUTI,-0.004735589604704438,-0.025606034796443966,0.06157750312779764,8399.93779296875,8011.5108203125,7545.645236816406,1.0161467318344048,1.065413194512113,1.131191444608487,8488.105443644668,8327.358988713995,160.74645493067328,166.75299776638832,-6.006542835715038,56.53809140296258,0.01341824898874176,626055.85,0.711398192349772,0.019538947958129105,0.30951121217579386,1.0484836108155065,1.0617396616028356,-0.007415659402296715
2022-08-11,8608.625685245732,8649.286178247083,8385.904936544515,8472.2724609375,508318,MARUTI,-0.007415659402296715,-0.01625096397825454,0.051145780811273855,8420.549633789062,8029.320419921875,7552.6306640625,1.006142452618638,1.0551668158511396,1.121764433848316,8485.669600151257,8338.09331998981,147.57628016144736,162.91765424540014,-15.341374083952786,52.556433554373044,0.013622318307725829,630779.0,0.8058575190359857,0.03108743762867878,0.32791828239050635,1.048725071787706,1.0631157244491773,-0.013008081163658036
2022-08-12,8473.376459828552,8473.376459828552,8338.80213148187,8362.064453125,712782,MARUTI,-0.013008081163658036,-0.029832570780749412,0.022027332944666078,8429.56083984375,8045.193251953125,7559.773151855468,0.9919928940544901,1.0393864002079687,1.1061263724656365,8466.653423685679,8339.868959481306,126.78446420437285,155.69101623719467,-28.90655203282182,47.591420964728066,0.01371220614847931,636093.3,1.1205620307586952,0.01609343351765123,0.1728585379464233,1.0477760540801568,1.0642109346863822,0.035003341214754125
2022-08-16,8398.544896933743,8689.657665701461,8367.688359028289,8654.7646484375,963726,MARUTI,0.035003341214754125,0.018379948720641748,0.03245943662588768,8443.165673828125,8071.12859375,7568.203662109375,1.0250615684665862,1.0723115792182332,1.1435692054335234,8495.593612109036,8363.194566070653,132.39904603838295,151.03262219743235,-18.633576159049397,63.4306511197188,0.014805915985353559,652717.3,1.476483004204117,0.037201393654453636,0.891626262066711,1.0460948026978802,1.0664523517196751,-0.006591947918861085
2022-08-17,8660.819011740783,8718.493722140833,8574.306946140709,8597.712890625,623749,MARUTI,-0.006591947918861085,0.0025104728290592515,0.03428422869090708,8457.4154296875,8095.8178515625,7576.067683105469,1.0165886921487886,1.0619943590956205,1.1348516473523311,8511.304270342262,8380.56629381542,130.73797652684152,146.9736930633142,-16.235716536472665,64.85172643294635,0.014748397165728433,659970.65,0.9451162714584352,0.01677036414618431,0.16233072916667,1.0446647373687157,1.0686042139797758,0.000374713569583518
2022-08-18,8579.114114736842,8663.127327604567,8532.97434134666,8600.9345703125,442229,MARUTI,0.000374713569583518,0.0076579817704474085,0.033360092211359715,8471.298681640625,8118.683583984375,7583.883591308594,1.0153029533656779,1.0594001455210615,1.1341068816205833,8525.09354726076,8396.88986985224,128.20367740851907,143.21968993235515,-15.016012523836082,61.787578566102056,0.014751414663601001,658159.2,0.6719179797228392,0.015132423714412408,0.5221565091958178,1.0434325459304572,1.0705179590689764,-0.01885957387670334
2022-08-19,8608.384404728431,8620.447845493343,8377.252784731767,8438.724609375,572597,MARUTI,-0.01885957387670334,-0.003959722933507659,0.010023968224394775,8475.486181640625,8136.718935546875,7590.350334472656,0.9956626001768186,1.0371163949769424,1.1117701077708273,8511.806018355259,8399.988739446519,111.81727890874026,136.93920772763218,-25.121928818891917,53.649402894182735,0.01543930406354468,666882.45,0.8586175869525432,0.02881893556419637,0.2527675704051359,1.0416343797514962,1.0719820004345266,-0.01719461087476426
2022-08-22,8411.857189279273,8427.66986139726,8268.824083711463,8293.6240234375,488485,MARUTI,-0.01719461087476426,-0.008184633121540053,-0.01275356058356858,8470.12919921875,8151.13796875,7595.455810546875,0.9791614541372603,1.0174805107254674,1.0919191988348038,8478.239557598681,8392.109871593999,86.1296860046823,126.77730338304221,-40.64761737835991,47.366133539882526,0.015888942851408246,670252.2,0.7288077532606384,0.019152758460825436,0.1561258982602135,1.0391345639948317,1.0731598171411276,0.010720890989418974
2022-08-23,8273.43772844877,8417.624513538502,8232.104183389714,8382.5390625,558231,MARUTI,0.010720890989418974,-0.03145384039838062,-0.006005502119660555,8467.596923828125,8167.235029296875,7600.164541015625,0.9899548995903703,1.026361924498414,1.102941787281335,8463.516404506576,8391.400922772222,72.11548173435403,115.84493905330459,-43.72945731895055,42.716444139079194,0.01606167127749309,677399.05,0.8240799865308344,0.022131758500085995,0.8108808290155421,1.0367764480211252,1.0746129225519991,-0.0018920701048030786
2022-08-24,8324.383919659782,8432.0433883667,8260.941732743207,8366.6787109375,442582,MARUTI,-0.0018920701048030786,-0.02687158580736293,0.016204272326569624,8474.267626953126,8183.6546875,7605.068522949219,0.9873040455232461,1.0223645828699317,1.1001450789943614,8448.618297803641,8389.569647821501,59.04864998213998,104.48568123907168,-45.437031256931704,35.24090975405733,0.015091271757888217,668355.05,0.6621959391194844,0.020450367647058786,0.6179775280898869,1.035511388316154,1.076079020564355,0.0036650221144398643
2022-08-25,8383.019843694561,8492.601802435665,8343.608788357848,8397.3427734375,525721,MARUTI,0.0036650221144398643,-0.02367089241414877,0.03138295779702416,8487.043359375,8202.405625,7610.063034667969,0.9894308792662859,1.0237658508186127,1.103452459616043,8440.729755593466,8390.145434904167,50.58432068929869,93.70540912911709,-43.121088439818394,41.157408449255286,0.014831406725176185,673168.4,0.7809650601543388,0.01774287630000207,0.3606476814516126,1.034701738415308,1.077836752157451,-0.001751507376717365
2022-08-26,8458.95801226756,8490.438793506395,8368.793397561825,8382.634765625,398063,MARUTI,-0.001751507376717365,-0.006646720487558877,0.013850143299134032,8492.769091796876,8220.06404296875,7615.283862304687,0.9870319886268598,1.019777306089885,1.1007645830667803,8431.792064829086,8389.589089031637,42.202975797448744,83.40492246278342,-41.201946665334674,40.327068395740454,0.014480425862011427,628128.8,0.6337283054048787,0.014511594426540672,0.11378456172300873,1.0331755382199719,1.079416629977209,0.013026720743613218
2022-08-29,8269.208043830324,8516.537198575317,8257.09672912037,8491.8330078125,459057,MARUTI,0.013026720743613218,0.023898959467522074,0.019643855521597198,8500.9490234375,8240.285546875,7621.561826171875,0.998927647301511,1.0305265466234839,1.1141854125819959,8441.02913298038,8397.162712645033,43.86642033534736,75.49722203729621,-31.630801701948855,49.722276414374875,0.014672010714024844,614821.85,0.7466504321536394,0.030551762995840944,0.9047789621460454,1.0316328208627858,1.0811806995488082,0.028078333996692795
2022-08-30,8540.471471950148,8808.851329172287,8526.245230222412,8730.26953125,1016312,MARUTI,0.028078333996692795,0.041482713788427494,0.04200093922093617,8518.543994140626,8268.053759765626,7629.346630859375,1.0248546626342492,1.0559038178650493,1.1443010723798528,8485.527655791091,8421.837291800957,63.69036399013385,73.13585042786374,-9.445486437729897,55.61465700009323,0.015845474064889675,624565.85,1.6272295387267812,0.032370833218640746,0.7219387755102041,1.0302961545308216,1.0837171464097322,-0.006358534355817569
2022-09-01,8603.097166410662,8875.802633272524,8594.493833626517,8674.7578125,888864,MARUTI,-0.006358534355817569,0.03682215036651981,0.00894275902754793,8522.388427734375,8295.23123046875,7637.131765136719,1.017878718631243,1.0457523812762726,1.1358659349181341,8514.639987592462,8440.572145186072,74.0678424063899,73.32224882356898,0.7455935828209164,55.01730883366552,0.014891498171178094,618538.65,1.4370387363829245,0.03242843266939992,0.2853233847447561,1.027384070552641,1.0861710240926097,-0.01162395113696435
2022-09-02,8676.680345414276,8795.298386067063,8557.101059500821,8573.9228515625,632909,MARUTI,-0.01162395113696435,0.021028089824266738,-0.02122771711211635,8513.0908203125,8318.106787109375,7644.2866723632815,1.0071457044843046,1.0307541212201754,1.1216118938291746,8523.760428203237,8450.44997528803,73.31045291520786,73.31988964189676,-0.009436726688903718,53.567629002229204,0.014474189597588104,607768.55,1.0413651710013623,0.027781603670813653,0.07062124627583027,1.023440914885259,1.0881468923950988,0.0034138991356991166
2022-09-05,8555.083219574437,8667.35648352181,8531.052086935184,8603.193359375,386455,MARUTI,0.0034138991356991166,0.026311368670677737,-0.0010492210896954068,8512.639013671875,8341.526689453125,7651.476918945313,1.0106376348812265,1.0313691581485582,1.1243833642199463,8535.98087915274,8461.764300035213,74.21657911752663,73.49922753702273,0.7173515805039017,58.97268178950704,0.014005707955523436,589404.85,0.6556698676639665,0.015843465431134702,0.5292659242577559,1.020513310163606,1.0901851731133405,-0.006849178232555819
2022-09-06,8636.115348848427,8673.075415756617,8526.245206590142,8544.2685546875,397902,MARUTI,-0.006849178232555819,0.006174820775062262,-0.008693235417215672,8508.892578125,8354.442939453125,7655.759536132812,1.0041575300472645,1.022721516755826,1.1160575922429643,8537.255906158087,8467.875726305752,69.38017985233455,72.6754180000851,-3.2952381477505526,45.02228682341058,0.014088017322002652,577136.75,0.6894414538668695,0.017184643510054755,0.12274959083470077,1.0184871259270323,1.0912624541069693,-0.011683178976769737
2022-09-07,8520.478464801887,8529.658169808985,8420.508952128219,8444.4443359375,496785,MARUTI,-0.011683178976769737,-0.0327395613949133,-0.006367805581068531,8506.18671875,8363.601748046874,7658.471569824219,0.992741473370623,1.0096660016014636,1.1026278884693073,8522.977203047227,8466.140067759956,56.83713528727094,69.50776145752228,-12.670626170251339,43.35164718789846,0.013979111607022062,574056.75,0.8653935346984423,0.012925565417756798,0.21929047516663008,1.0170482735785957,1.0920719195460615,0.0006545538735422962
2022-09-08,8486.835062798655,8540.760550606226,8439.73404138319,8449.9716796875,428924,MARUTI,0.0006545538735422962,-0.025912669572007108,-0.014716447064345495,8499.876171875,8371.2371875,7661.96375,0.994128797740298,1.0094053591391565,1.1028467316472883,8511.745584068807,8464.942409384217,46.803174684589976,64.96684410293582,-18.163669418345847,43.46473257090096,0.013807804868236802,569453.3,0.7532206767438172,0.011955839978243898,0.10133615803460555,1.0153667828892823,1.0925707117186505,0.01767214225362035
2022-09-09,8492.266488505722,8640.634330723928,8391.671788543763,8599.30078125,632296,MARUTI,0.01767214225362035,0.002959897135402345,0.007466572270014904,8503.062744140625,8381.077099609374,7667.409404296875,1.0113180438631588,1.0260376654512338,1.1215392745861315,8525.215614404375,8474.894881374275,50.32073303009929,62.03762188836852,-11.716888858269229,57.0298311438236,0.014357130513887676,578799.35,1.0924269351719211,0.02895148669796562,0.8339768339768313,1.0145548887191285,1.0930780733988918,-0.002051288690350428
2022-09-12,8622.273742737512,8663.02997621371,8558.927308220138,8581.6611328125,383641,MARUTI,-0.002051288690350428,-0.0025028179262106542,0.01291137323301994,8508.532177734374,8390.19748046875,7672.816518554688,1.0085947791640835,1.0228199220327592,1.1184499345266514,8533.899540313318,8482.803492591922,51.096047721395735,59.84930705497396,-8.753259333578228,64.19399112219874,0.01425179804409443,572565.5,0.6700386244019243,0.012130829495880277,0.21837888529202637,1.0141039227671447,1.0934964312230413,-0.00012893136834191132
2022-09-13,8624.579526888103,8640.680382880444,8565.559638897992,8580.5546875,405093,MARUTI,-0.00012893136834191132,0.00424683898688949,0.026128743159035128,8519.456689453125,8400.02439453125,7679.099284667969,1.007171583854932,1.0214916391297961,1.1173907732423605,8541.077255265114,8490.044321844372,51.032933420741756,58.08603232812753,-7.053098907385774,60.682345007797025,0.01388426376070185,557181.05,0.7270401604648973,0.008754765480591436,0.19961262105591965,1.0142180890569354,1.0938814674922455,0.00455972852862252
2022-09-14,8516.489433586588,8651.20834795821,8483.663467362658,8619.6796875,509547,MARUTI,0.00455972852862252,0.02075155505694326,-0.0040538318906030435,8517.70244140625,8411.935400390625,7686.040590820313,1.0119723888918704,1.0246963721451936,1.1214720486637506,8553.169937147404,8499.646941522567,53.52299562483677,57.17342498746938,-3.6504293626326145,63.31443114061731,0.011461604971316758,534472.1,0.9533650119435608,0.019437483371745414,0.8118196130723944,1.0125734490318024,1.094443270366965,0.02704838763766415
2022-09-15,8680.092172001223,8963.611636105757,8680.044297483646,8852.828125,1392132,MARUTI,0.02704838763766415,0.04767547875703637,0.029672453316413883,8530.458203125,8427.731103515625,7696.067104492187,1.0377904579330692,1.0504402687108807,1.1503054748356616,8599.271196817035,8525.808510669043,73.46268614799192,60.43127721957389,13.031408928418024,69.75929614733187,0.012849451552128948,572891.25,2.4300109313940474,0.032031271207144496,0.6093220338983037,1.0121891762263893,1.095069856991809,-0.002182388749357944
2022-09-16,8852.588155280833,8954.86502566078,8670.480054402491,8833.5078125,1056382,MARUTI,-0.002182388749357944,0.027235590102937968,0.027040461741246524,8542.086865234374,8444.948125,7706.097292480469,1.034115896017364,1.0460109028200808,1.1463011012227482,8635.307599229798,8548.60105154541,86.70654768438726,65.68633131253657,21.020216371850694,69.48125268994151,0.012874365718995176,603598.9,1.7501390410088553,0.0321938891428686,0.5732643232734026,1.0115025857822393,1.0958787314092822,0.009924037467420321
2022-09-19,8819.712634884883,8981.346385969342,8718.493706062656,8921.171875,727024,MARUTI,0.009924037467420321,0.03956235709300615,0.05717063750238105,8566.209228515625,8458.5448828125,7716.955895996094,1.0414375410423968,1.0546934488847535,1.1560480577099979,8679.28671857906,8576.198890319825,103.08782825923481,73.16663070187622,29.921197557358596,68.90256329116644,0.012072716958277205,611320.25,1.189268636201729,0.029463918371899524,0.7710713431162113,1.0127284712908358,1.096098642626839,0.0021549421583137995
2022-09-20,8977.0683619503,9064.541669685334,8891.517544495158,8940.396484375,747257,MARUTI,0.0021549421583137995,0.04193689219173802,0.07798429963906517,8598.5478515625,8472.9778125,7726.929641113281,1.0397565540965594,1.0551658085526234,1.1570438582493532,8719.457451778435,8603.176489879468,116.28096189896678,81.78949694129433,34.49146495767245,61.464165226342274,0.011119311777949083,624258.85,1.1970306868697176,0.019353070693516442,0.28249782986111105,1.0148200599412935,1.0965516972507632,-0.0056928665819184765
2022-09-21,8939.580500219115,9033.782531296694,8854.462424167225,8889.5,440725,MARUTI,-0.0056928665819184765,0.03130282357142411,0.060478207583658294,8623.8958984375,8488.884306640624,7736.4020483398435,1.0307986210281854,1.0471929736450742,1.1490483488907612,8745.61784381252,8624.385638777285,121.23220503523589,89.67803856008265,31.554166475153238,61.77526453326479,0.011188670646671138,618383.55,0.7127049223738244,0.02017212521845658,0.1953912274181178,1.0159045154722228,1.0972651438742453,0.016646877988075737
2022-09-22,8842.49421687513,9069.34807437948,8829.998029809212,9037.482421875,511112,MARUTI,0.016646877988075737,0.020858226802522584,0.08017562692596036,8657.436083984376,8507.14501953125,7747.169436035157,1.0438982551189355,1.062340232960196,1.1665528289387974,8790.520086591365,8654.985400488227,135.53468610313757,98.84936806869364,36.68531803444394,74.16932196468632,0.011525009108428958,621810.05,0.821974492049461,0.026484150496484248,0.8668659011044152,1.0176664514485267,1.0980971940488542,-0.006211327779639952
2022-09-23,9033.7355255096,9084.72940133008,8917.808778193546,8981.34765625,574213,MARUTI,-0.006211327779639952,0.016736255504387065,0.06954639087257775,8686.636328125,8525.9628125,7758.448046875,1.0339269789815886,1.0534115446858807,1.1576216792310117,8819.878174231155,8679.160382396507,140.71779183464787,107.2230528218845,33.494739012763375,69.17914469226594,0.011746251003900216,624234.65,0.9198672326183751,0.01858525351931739,0.38065325220168683,1.01884520483592,1.0989263266297369,-0.054423120834194094
2022-09-26,8911.03246995095,8911.03246995095,8458.958975190531,8492.5546875,865432,MARUTI,-0.054423120834194094,-0.04804494224588629,0.013112812969706455,8692.13232421875,8534.613193359375,7766.596318359375,0.9770392776738258,0.9950720079625752,1.0934718812956121,8769.520714734055,8665.3377383301,104.18297640395576,106.61503753829876,-2.4320611343430016,48.1735788197915,0.017476569632753087,647603.1,1.3363617314370484,0.053231743732638497,0.07431471364467643,1.0184565049745826,1.0988871886111158,-0.006893216208682773
2022-09-27,8545.470246010213,8563.68603118446,8334.476914289264,8434.013671875,686285,MARUTI,-0.006893216208682773,-0.05663986081433836,-0.00680881688138546,8689.241357421875,8539.65666015625,7773.2663061523435,0.9706271612159935,0.987629129309829,1.08500253814792,8717.904246601893,8648.202622296389,69.70162430550408,99.23235489173983,-29.530730586235748,49.62054654655081,0.017309841789814186,658964.5,1.041459744796571,0.02717675424923033,0.4342617734147495,1.0175164767412193,1.0985930912205244,-0.005391000679679014
2022-09-28,8382.057493840777,8507.019360148035,8324.430660827433,8388.5458984375,663740,MARUTI,-0.005391000679679014,-0.056353462125260156,-0.03914239206353254,8672.15517578125,8539.77421875,7779.771745605469,0.9672965633576546,0.9822912975871818,1.078250901535242,8667.233731499678,8628.968790899435,38.26494060024379,87.03887203344063,-48.773931433196836,47.82851556080916,0.01600072061408177,641335.9,1.0349334880520489,0.021766430264703242,0.3511457053401158,1.0155016928598175,1.0976895592822284,-0.011676659637845588
2022-09-29,8430.505699967853,8458.958183827028,8270.649864225636,8290.595703125,817007,MARUTI,-0.011676659637845588,-0.08264322782439715,-0.044285052986889895,8652.9470703125,8539.33177734375,7785.768811035156,0.9581239357824461,0.9708717168152796,1.0648396971888412,8609.289419442035,8603.904117730957,5.385301711077773,70.70815796896807,-65.3228562578903,38.67548036620893,0.016122948644960396,637743.05,1.2810911855487879,0.022713484813933524,0.10592117725645576,1.0133049395352212,1.096787226104188,0.02357151186691442
2022-09-30,8332.073776778961,8528.167806597017,8226.529236708337,8486.017578125,658982,MARUTI,0.02357151186691442,-0.05515097478498188,-0.010252631725217842,8648.551806640626,8542.58673828125,7792.309672851563,0.9812067693933652,0.9933779823501526,1.0890246838739377,8590.324520777875,8595.171781463849,-4.847260685974106,55.59707423797963,-60.44433492395374,46.896254488180986,0.016933310430353843,639046.7,1.0311953727325407,0.03554536236953308,0.8602624707855737,1.012404330398487,1.096284297843508,-0.03184708024988714
2022-10-03,8622.369413472928,8622.369413472928,8180.19662303842,8215.7626953125,1123076,MARUTI,-0.03184708024988714,-0.03259231201594781,-0.0450333553924267,8629.1802734375,8539.8025,7797.610275878907,0.9520907473218992,0.9620553514337715,1.0536257141148877,8532.699624552431,8567.067404711897,-34.36778015946584,37.60410335849054,-71.97188351795637,39.922454478696295,0.01829846348048358,675877.75,1.6616555286810373,0.05382005382005379,0.08043478260869641,1.0104660234750744,1.0951820106240737,0.01678961019695735
2022-10-04,8361.872733359165,8419.114702331835,8295.546808700952,8353.7021484375,503140,MARUTI,0.01678961019695735,-0.009522337354670896,-0.02230341954144832,8619.651953125,8538.86126953125,7803.24341796875,0.9691461086672901,0.978315712687072,1.0705422990139195,8505.16155130398,8551.262570913794,-46.1010196098141,20.863078764829613,-66.96409837464371,43.032638219865554,0.018736470376156375,681139.65,0.7386737800390859,0.014791991794200572,0.47063470961370446,1.0094615290076243,1.09427078102787,0.0014383592790949695
2022-10-06,8395.51637747939,8482.98969902171,8353.702207291577,8365.7177734375,474445,MARUTI,0.0014383592790949695,-0.002721344709367579,-0.009322882521110243,8615.715625,8537.51193359375,7809.496008300781,0.9709835070650326,0.9798777253264774,1.0712237722569429,8483.708662401445,8537.518511841476,-53.80984944003103,5.928493123857486,-59.738342563888516,35.56801104559956,0.018570143688469782,680022.65,0.6976899960611606,0.015454440997357212,0.09293680297397706,1.0091600096157443,1.0932218832712324,0.008743949538288387
2022-10-07,8410.895328237631,8502.789991994605,8373.4067662032,8438.8671875,428616,MARUTI,0.008743949538288387,0.01788429802687297,-0.001314145491658092,8615.160400390625,8541.623984375,7816.850615234375,0.9795368623801094,0.9879698758616662,1.0795738082871082,8476.809973955069,8530.211006334699,-53.401032379630124,-5.937411976840037,-47.463620402790085,38.669100452549586,0.018679844119925817,680007.25,0.63031092683203,0.015331823918624208,0.5059421025901563,1.0086091844068696,1.0927193578099221,0.00948862452843291
2022-10-10,8338.802691166531,8532.44573794554,8322.461521627645,8518.9404296875,411218,MARUTI,0.00948862452843291,0.003879658657244267,-0.00934498671539885,8611.1423828125,8549.16623046875,7824.653337402344,0.9892927152953559,0.9964644738485108,1.088730715898482,8483.29158252929,8529.376148805277,-46.08456627598753,-13.966842836669535,-32.11772343931799,38.40059207291419,0.01836165171543461,668953.35,0.6147185001764324,0.024649100208063955,0.9356841742924423,1.0072493797258113,1.0925936091766761,-0.020113040851640895
2022-10-11,8469.532221956082,8507.020788141112,8329.190410083924,8347.5986328125,422610,MARUTI,-0.020113040851640895,0.016046707090897172,-0.02727473112461265,8599.4392578125,8550.75580078125,7831.463029785156,0.9707142968919507,0.9762410279626758,1.0659053871625699,8462.415744111322,8515.911147620627,-53.495403509305106,-21.87255497119665,-31.622848538108457,34.28393895066604,0.018888585950167326,670901.8,0.6299133494648546,0.02130317782148476,0.1035156250000008,1.0056934682928031,1.0918465385408103,0.0002819392412745092
2022-10-12,8360.910719164014,8382.058113487032,8257.672609573423,8349.9521484375,380365,MARUTI,0.0002819392412745092,-0.00044890276590736633,-0.026875015364500543,8587.909130859374,8551.19015625,7837.765949707031,0.9722916278227943,0.9764666667287925,1.0653484936928506,8445.113652469196,8503.617888421877,-58.50423595268148,-29.198891167493617,-29.305344785187867,35.31777815454231,0.018890046633524202,669665.4,0.5679926124300285,0.014896552902627667,0.7418833864126905,1.0042940191877894,1.09102392328641,-0.004265088064805744
2022-10-13,8329.190294405451,8444.972475335182,8259.019389443929,8314.3388671875,355605,MARUTI,-0.004265088064805744,-0.006141601670228036,-0.03542368526237649,8572.64208984375,8549.90953125,7844.0655590820315,0.9698688899000847,0.972447584012265,1.0599527508488218,8424.99445473355,8489.597220182293,-64.6027654487425,-36.279666023743395,-28.323099424999107,29.039922420718156,0.018851722706791522,661968.3,0.5371933973273342,0.022365348449425854,0.29749158223662037,1.002658806916104,1.0899844560007184,-0.003728498500625399
2022-10-14,8420.508758102087,8426.852601542982,8272.765168975271,8283.3388671875,274160,MARUTI,-0.003728498500625399,-0.01842999976855597,-0.06432851172206622,8544.167626953125,8543.61892578125,7850.544645996094,0.9694728882726008,0.969535151221653,1.0551291968528755,8403.201287418773,8474.31882366416,-71.11753624538687,-43.24724006807209,-27.870296177314785,29.469303670392534,0.017602229580622436,606069.7,0.4523572123800283,0.018602092107820392,0.06862141860649491,1.000064223507233,1.0882835919083187,0.012358792988419465
2022-10-17,8276.321418228757,8410.607564407106,8235.035747917264,8385.7109375,304671,MARUTI,0.012358792988419465,-0.01563920927574647,-0.05069298454305293,8521.777783203124,8536.13564453125,7857.667375488281,0.9840330446105601,0.9823778916719041,1.067201058123042,8400.510464354345,8467.75527654089,-67.24481218654364,-48.0467544917664,-19.19805769477724,45.93284253444935,0.017942164897934657,568484.15,0.5359357864243005,0.02093702225111341,0.8581969053754909,0.9983179904905418,1.086344742863439,0.00957730365362952
2022-10-18,8425.362948957016,8543.788557940445,8412.86676002745,8466.0234375,369973,MARUTI,0.00957730365362952,0.014186691274542085,-0.051018906919109264,8499.020361328125,8533.2115234375,7865.153706054687,0.9961175615041157,0.9921262837850721,1.0763964385060596,8410.58938329983,8467.62699216749,-57.03760886766031,-49.84492536694518,-7.192683500715127,51.19862913512059,0.017929750338609718,550631.6,0.6719065887246574,0.015464379336948336,0.40601854175479757,0.9959931659943663,1.0849389398287963,-0.00999168551498586
2022-10-19,8508.366782993804,8511.826890489387,8358.027646844179,8381.43359375,385416,MARUTI,-0.00999168551498586,0.0037702545778530716,-0.06252104049321427,8471.072216796874,8528.45625,7871.9659350585935,0.9894182671623157,0.9827609297696756,1.0647192407709034,8406.10387721524,8461.242295988417,-55.138418773176454,-50.90362404819144,-4.234794724985015,49.74125551648355,0.017970892731153595,532539.55,0.7237321622403443,0.018349992507235898,0.15218505859375478,0.9932714630267201,1.0833959801601352,-0.0013704490999684182
2022-10-20,8362.833675288328,8400.514676832841,8277.282848035378,8369.947265625,328270,MARUTI,-0.0013704490999684182,0.006688252586980692,-0.05844566447775468,8445.094580078125,8525.88396484375,7879.044462890625,0.9911016610008849,0.9817102015624714,1.0623048651453193,8400.541321585973,8454.479701146684,-53.93837956071002,-51.51057515069516,-2.4278044100148577,53.080599984531794,0.017963639016628168,526916.8,0.6230015820334444,0.014723130849768996,0.7519519794023325,0.9905242218755548,1.0820961862824436,-0.0004708997709205187
2022-10-21,8391.671296099415,8453.190994031875,8306.12046616209,8366.005859375,356203,MARUTI,-0.0004708997709205187,0.009979911906654593,-0.07429907259069268,8411.520751953125,8521.6804296875,7885.414755859375,0.9945889817168249,0.9817319398917886,1.0609468389926497,8395.228173553516,8447.92608323767,-52.697909684153274,-51.74804205738679,-0.9498676267664834,44.52722670424081,0.01738421978701339,519171.35,0.6860991077415963,0.01757953919013528,0.4071882659313761,0.987073009995704,1.0806889293115924,0.007141064506075212
2022-10-24,8448.192749794185,8448.192749794185,8406.907075219167,8425.748046875,30052,MARUTI,0.007141064506075212,0.004774444250869481,-0.06186149680870723,8383.740771484376,8519.48400390625,7891.618461914062,1.0050105646793737,0.9889974607630849,1.0676831485884313,8399.923538679897,8446.283265729324,-46.35972704942651,-50.67037905579474,4.31065200636823,61.851116576075874,0.017538671058219057,491963.3,0.06108585742066532,0.004899941743490666,0.45635615379367966,0.9840667307597932,1.0795610615265228,0.027328804958202113
2022-10-25,8478.183296606052,8667.548615135689,8456.459528951524,8656.013671875,727441,MARUTI,0.027328804958202113,0.02244149638582904,0.019247327852429663,8391.913720703125,8523.158828125,7898.466411132813,1.0314707657825808,1.0155875123799876,1.0959106769985667,8439.322020709913,8461.818851369744,-22.496830659831176,-45.03566937660203,22.538838716770854,65.45154157536675,0.014127610329428563,485063.75,1.4996812274675235,0.024386408592448634,0.94535509405434,0.9846013537857833,1.0790903429191887,0.00410322574239963
2022-10-27,8699.269086140048,8725.174832101095,8557.004796112564,8691.53125,849108,MARUTI,0.00410322574239963,0.036998164190102045,0.03053321800790365,8404.789599609376,8529.7481640625,7904.798410644531,1.0341164578830089,1.0189669240903412,1.099525983900622,8478.123440600695,8478.834584601615,-0.7111440009193757,-36.170764301465496,35.45962030054612,66.26207227327717,0.014015799223251576,493204.9,1.7216130658880315,0.019348723619733957,0.799943064153301,0.9853502633313843,1.079059543451028,0.04983445181911983
2022-10-28,8742.526061505265,9179.844801385028,8700.231268024647,9124.6689453125,1873029,MARUTI,0.04983445181911983,0.09017042231402206,0.08775335508530913,8441.595751953126,8539.14625,7912.78638671875,1.0809175437240444,1.0685692314161384,1.1531549696106849,8577.591979787127,8526.674166876495,50.917812910631255,-18.753048859046146,69.6708617696774,75.180952203375,0.017558590703135733,553669.35,3.3829378490971194,0.05256229417580868,0.8849576748054996,0.9885760829957826,1.0791579391467672,0.0036923428621822296
2022-10-31,9276.017151855904,9390.40534264045,9084.82508605815,9158.3603515625,1932020,MARUTI,0.0036923428621822296,0.09471120454686055,0.1046685521174806,8484.983984375,8550.35919921875,7920.8287036132815,1.079360947342684,1.071108258516122,1.1562376481370804,8666.940960060261,8573.465736112496,93.4752239477657,3.6926057023162233,89.78261824544947,74.30579375084451,0.017151412250696652,609420.0,3.1702602474483936,0.033366262611643674,0.24064141553773816,0.9923540972583089,1.0794778575779946,-0.0076620565588498835
2022-11-01,9261.597485826074,9263.42422718929,9011.673734262527,9088.1884765625,805517,MARUTI,-0.0076620565588498835,0.0786209635040287,0.07096036425728802,8515.092529296875,8560.10427734375,7927.471618652344,1.067303548997717,1.0616913278283824,1.1464170310214843,8731.748270291375,8611.5933465162,120.15492377517512,26.985069316888005,93.16985445828712,80.4971463868174,0.016802104576181597,616746.75,1.3060741706381103,0.027700844186495686,0.30393085395956476,0.9947416822752956,1.0798025762972019,-0.02381901302396605
2022-11-02,9078.960885866392,9088.188464271392,8853.068264566382,8871.716796875,788679,MARUTI,-0.02381901302396605,0.024919452900225902,0.07984092602099557,8547.890234375,8568.76412109375,7932.945034179687,1.03788379981738,1.0353554691785096,1.1183383672331706,8753.281889765778,8630.86175024648,122.42013951929766,46.07208335736994,76.34805616192773,68.26506075169237,0.015987702633181385,600026.9,1.3144060707944927,0.026502221056901826,0.07931488801053745,0.9975639559656724,1.0801491859800603,0.0010508949283394298
2022-11-03,8853.068179584092,8949.192698363508,8809.23577450708,8881.0400390625,616860,MARUTI,0.0010508949283394298,0.021803843720000327,0.06312625004515326,8574.25712890625,8580.51244140625,7938.336623535156,1.0357795323307948,1.0350244346953008,1.1187532678738348,8772.93698965758,8649.393475343964,123.54351431361647,61.56636954861925,61.97714476499722,70.21011763132526,0.015708283048132182,605712.9,1.0184032732339034,0.015759069122629626,0.5130454612526281,0.9992709861394975,1.0808955135471587,-0.0010390155907318288
2022-11-04,8899.112238940545,8962.650170648463,8834.852434622582,8871.8125,465775,MARUTI,-0.0010390155907318288,-0.027711300741754208,0.060496270645112205,8599.561865234375,8590.29791015625,7944.1294775390625,1.0316586634333382,1.0327712254904358,1.116775919260107,8788.148606633338,8665.86895865182,122.27964798151879,73.70902523519916,48.57062274631963,71.31763145997141,0.015732496696081767,605279.4,0.7695206544283516,0.01440491850181471,0.28920751279923135,1.0010784206991439,1.0813391114085114,0.01124666693671661
2022-11-07,8917.472896160307,8990.335104183916,8895.652439500098,8971.5908203125,469017,MARUTI,0.01124666693671661,-0.020393337243837073,0.06312738676603336,8626.198046875,8602.39615234375,7950.387080078125,1.0400399772368574,1.0429176547360193,1.1284470466593106,8816.370485660902,8688.515022478536,127.8554631823663,84.53831282463258,43.31715035773371,71.26363044145512,0.015789958919518416,607299.45,0.7722993985915845,0.010553609340881651,0.8020304568527896,1.002766891237015,1.0820097267841728,-0.008550101018743095
2022-11-09,9112.94091931926,9113.421541938404,8862.681097017345,8894.8828125,617256,MARUTI,-0.008550101018743095,-0.021269988464809653,0.04413018096738708,8644.995166015626,8612.346953125,7955.395473632812,1.0289054697759357,1.032805907717464,1.1180943602340077,8828.44930517461,8703.801525443088,124.64777973152195,92.56020620601046,32.08757352551149,65.60563740645189,0.015925385272655787,617601.35,0.9994408205228179,0.028189291551845158,0.12842649095878197,1.0037908613143807,1.0825793616005104,-0.016885476639043717
2022-11-10,8844.417672686972,8892.239624563526,8719.455788386429,8744.6884765625,445700,MARUTI,-0.016885476639043717,-0.014318347082184268,0.04756935032658749,8664.849658203126,8619.58802734375,7961.3257421875,1.0092141031303168,1.0145135067733975,1.0983960159077424,8815.56302384967,8706.830188488972,108.73283536069903,95.79473203694819,12.938103323750838,62.616019845218695,0.01570129824169541,618755.85,0.7203164220588784,0.019758718293989806,0.1460361613351861,1.0052510202014056,1.0826824961661954,-0.0010661605856501222
2022-11-11,8843.457464716868,8881.907279780855,8699.27065822692,8735.365234375,461074,MARUTI,-0.0010661605856501222,-0.01640289921526783,0.046157520317002154,8684.1203125,8624.458671875,7966.729289550782,1.0059009916987491,1.0128595389832031,1.096480740952547,8803.224902392029,8708.94389559164,94.28100680038915,95.49198698963639,-1.2109801892472376,62.710242025443044,0.015713946380920548,622791.3,0.7403346835448729,0.020907725853892358,0.19763055098684387,1.006917725841688,1.0825595245450226,0.007130452786323183
2022-11-14,8747.331531797994,8807.937855382244,8644.045544813942,8797.65234375,282822,MARUTI,0.007130452786323183,-0.00835907614706688,0.0581301152482363,8708.285986328125,8625.806328125,7972.345676269531,1.0102622212410317,1.0199223132409878,1.1035211844786252,8802.36758567787,8715.514891751518,86.852693926352,93.76412837697951,-6.91143445062751,64.42823194536932,0.015667065229635936,619152.15,0.45678917532629093,0.018629096054782655,0.9372422562316743,1.0095619649996308,1.081965920494461,0.001076281447598637
2022-11-15,8833.843522975098,8846.868207890902,8776.168810093866,8807.12109375,359888,MARUTI,0.001076281447598637,-0.018332281292870123,0.06323322454395064,8734.47509765625,8628.45359375,7977.277666015625,1.008317156472659,1.0207067811234931,1.104025892350423,8803.098894612043,8722.300536343999,80.79835826804447,91.17097435519251,-10.372616087148046,63.19112858551876,0.015596040753086259,623438.55,0.5772629876673491,0.00802752648049861,0.43780123481378935,1.0122874281879486,1.0816288406894097,-0.0029741114146356606
2022-11-16,8805.006740830231,8893.921928988178,8747.187461909194,8780.927734375,350737,MARUTI,-0.0029741114146356606,-0.012811307414287487,0.04712979016574881,8754.2359375,8632.59369140625,7982.734267578125,1.0030490150214781,1.017183021496357,1.0999899833868625,8799.687946883269,8726.643291753702,73.04465512956631,87.54571051006728,-14.501055380500972,55.030795491193985,0.015497864345304492,625741.85,0.560513892430241,0.01671058816536639,0.22994101615978305,1.0140910426740974,1.0814081243399933,-0.01625615708761552
2022-11-17,8748.294062512736,8814.235119032459,8622.370919760382,8638.18359375,409572,MARUTI,-0.01625615708761552,-0.012179379871330331,0.02033542164405322,8762.8439453125,8633.29349609375,7984.849584960937,0.9857739847542094,1.00056642319162,1.0818217051977517,8774.841123324304,8720.090721531205,54.75040179309872,80.98664876667357,-26.23624697357485,48.02228674452787,0.01593997456437034,627721.8,0.6524737550934188,0.022211174049472236,0.08241596947012732,1.0150059127814162,1.0812092831847608,-0.015401164433892944
2022-11-18,8660.819357593697,8674.22891604039,8493.562690754485,8505.1455078125,515615,MARUTI,-0.015401164433892944,-0.02635490564911358,0.014760233160440617,8769.029541015625,8632.51103515625,7985.260712890625,0.9699072705857754,0.9852458309262451,1.0651055505404632,8733.349490168643,8704.168853848338,29.180636320304984,70.62544627739985,-41.44480995709486,20.460090818671844,0.016182598832315754,634231.75,0.8129756985518306,0.02124199111231582,0.06411169016060066,1.0158144606248862,1.0810556280549197,0.0019382797798528362
2022-11-21,8482.988615840664,8583.150550186763,8445.500054252247,8521.630859375,520644,MARUTI,0.0019382797798528362,-0.03137444781744425,0.01812240733856929,8776.613720703124,8634.054765625,7987.0398852539065,0.9709474668200737,0.9869790139972708,1.066932303056115,8700.777393123466,8690.647520924387,10.129872199078818,58.526331461735644,-48.396459262656826,19.133206901547,0.016175556463894028,643850.45,0.8086411992101582,0.016153069548076184,0.5530732352680408,1.016511240540852,1.0810080943211071,0.0009644574067602107
2022-11-22,8531.051165877236,8588.678003467689,8515.719117165498,8529.849609375,455948,MARUTI,0.0009644574067602107,-0.03148264698798864,0.01958446512637746,8784.805908203125,8635.65232421875,7988.638840332032,0.970977583171183,0.9877481502414096,1.0677475574825803,8674.480811008318,8678.736564513321,-4.255753505003668,45.969914468387785,-50.22566797339145,21.203671898373074,0.01617177296153539,648837.7,0.7027150241115768,0.008553361388928019,0.19367746583979878,1.0172718375386736,1.0809917054480118,0.006846132938946203
2022-11-23,8593.53294287593,8640.633962361491,8557.005621642229,8588.24609375,621006,MARUTI,0.006846132938946203,-0.02194319853820259,0.019285889629143238,8792.930810546875,8635.43123046875,7990.710739746094,0.9767216732160156,0.9945358679306872,1.0747787491582874,8661.213931430115,8672.033566679002,-10.819635248886698,34.612004524932885,-45.43163977381958,32.53171412753052,0.016166100809045347,678385.4,0.9154176961945231,0.009737534277239897,0.37356321839081175,1.0182387625903861,1.0806837478818738,0.0036488141723494127
2022-11-24,8621.314000456661,8646.306380151967,8575.269971608452,8619.5830078125,455343,MARUTI,0.0036488141723494127,-0.0021532982872647377,-0.00420871147429791,8791.10927734375,8636.18966796875,7993.150129394531,0.9804886659783306,0.9980770848262117,1.0783712138865356,8654.809173950482,8668.148340096297,-13.339166145815398,25.02177039078323,-38.36093653659863,34.31384037065767,0.01496483197269941,664780.5,0.6849524015821764,0.008241281333346494,0.623807384306357,1.0179384213792328,1.080448825327259,0.00584345716223722
2022-11-25,8651.206890279394,8728.106507081877,8600.741516752765,8669.951171875,545439,MARUTI,0.00584345716223722,0.019377171608776722,-0.0024828856393975807,8790.0302734375,8637.97759765625,7995.467014160156,0.9863391708757402,1.00370151159311,1.0843583190975983,8657.138712092716,8668.281883191015,-11.143171098299717,17.788782092966642,-28.93195319126636,38.45901309838866,0.014995622134561048,649597.05,0.8396574461044735,0.014690393037307858,0.5433962264150991,1.0176028096926886,1.0803593564151028,-0.0037805684369167647
2022-11-28,8678.122502105738,8751.27289339048,8603.145369278507,8637.173828125,439956,MARUTI,-0.0037805684369167647,0.013558785947983987,-0.053426060727160385,8765.655517578125,8638.32748046875,7997.825810546875,0.9853426033916716,0.9998664495706654,1.079940227847299,8654.067191482298,8665.977582815754,-11.910391333456573,11.848947407682,-23.75933874113857,29.29409218051059,0.00934021781848295,577943.4,0.7612440941448592,0.01714999918487563,0.22972407761821495,1.0147398946610051,1.0800844735924648,-0.00836918814544596
2022-11-29,8636.788652949432,8674.998151998374,8543.547862817422,8564.8876953125,606692,MARUTI,-0.00836918814544596,0.004107702660899326,-0.06480119076650526,8735.981884765624,8632.568671875,8000.008916015625,0.9804150018040343,0.9921598102331922,1.0706097687173843,8640.347268994636,8658.489443000699,-18.142174006063215,5.850723124932957,-23.99289713099617,29.455382037541668,0.009295052732170302,511677.0,1.1856933182456901,0.015347578842498233,0.1623414648080515,1.0119794254550845,1.0790698813588848,0.007177172880053373
2022-11-30,8578.152550565697,8670.432093915575,8526.245307431393,8626.359375,1087650,MARUTI,0.007177172880053373,0.004437842236232115,-0.05081640887548822,8712.8904296875,8628.425703125,8002.08015625,0.9900686166794129,0.9997605208416813,1.0780146170196019,8638.195285303153,8656.10943796361,-17.914152660458058,1.0977479678547541,-19.011900628312812,41.718235888350755,0.009518350740663782,525783.65,2.0686265158682664,0.016714674199877332,0.6943359375000019,1.0097891237021268,1.0782728408919766,-0.001782893819271214
2022-12-01,8669.51876454971,8675.238361517413,8583.920062975123,8610.9794921875,694489,MARUTI,-0.001782893819271214,-0.0009981359443028692,-0.029389723619146935,8699.853564453126,8622.22185546875,8002.403310546875,0.9897844174494204,0.998696117605218,1.0760491764815883,8634.008240208437,8652.766479017231,-18.758238808793976,-2.873449387474992,-15.884789421318985,41.367522294349115,0.008097433559412457,521074.15,1.3328026347113937,0.01060486773022053,0.2963199013157868,1.0090036779713731,1.077454049848372,-0.015885197438816667
2022-12-02,8478.181925531408,8582.861894179954,8415.460681694569,8474.1923828125,971612,MARUTI,-0.015885197438816667,-0.022578995565457616,-0.04581081207386917,8679.511181640624,8612.8977734375,8002.7301025390625,0.9763444283288181,0.9838956186090153,1.0589126803269118,8609.421185224446,8639.53876818725,-30.11758296280459,-8.322276102540911,-21.79530686026368,29.65538167465367,0.008685348953013587,538811.75,1.8032494651425104,0.01975423791710361,0.3508439410082448,1.0077341459234037,1.0762449392995082,-0.002699487517996091
2022-12-05,8501.2532864663,8510.096930816879,8425.314909077015,8451.31640625,519621,MARUTI,-0.002699487517996091,-0.021518314390037818,-0.04739686436677959,8658.486376953126,8604.1341015625,8003.268627929688,0.9760731885824104,0.9822390384077406,1.055983098799998,8585.097373074532,8625.596371006714,-40.49899793218174,-14.757620468469078,-25.74137746371266,27.992171643954762,0.008680536140269089,541504.05,0.9595883908901511,0.010031812520611002,0.30668644884130497,1.0063169953825748,1.0750775091486897,-0.008496272538902727
2022-12-06,8437.04281578183,8458.959021867984,8357.980386287665,8379.51171875,551379,MARUTI,-0.008496272538902727,-0.02164371363140638,-0.06599488467775183,8628.882421875,8590.9746875,8005.218388671875,0.9711004634281698,0.9753854508432341,1.0467561672780576,8553.468810870758,8607.367878246958,-53.89906737620004,-22.58590985001527,-31.313157526184767,26.497085078207718,0.008154956564904203,545622.15,1.010550982946715,0.01205065867434365,0.21322661312064067,1.0044125068172016,1.0731718074871042,-0.006676324088469077
2022-12-07,8382.058782199556,8408.829087571408,8306.120405617703,8323.5673828125,546450,MARUTI,-0.006676324088469077,-0.03510078574572484,-0.06422967471641439,8600.316650390625,8577.81908203125,8005.6646484375,0.9678210374305747,0.9703594005903721,1.0397097240935576,8518.099360400258,8586.345619325886,-68.24625892562835,-31.717979665137886,-36.528279260490464,29.4950374435292,0.008102983871874097,542081.85,1.0080581004510667,0.012339502671149213,0.16986857257754523,1.0026227608841158,1.0714686985677597,0.0027195933797259375
2022-12-08,8329.189873339417,8373.407153682594,8272.524279591205,8346.2041015625,476001,MARUTI,0.0027195933797259375,-0.030748579864256276,-0.04556873307357001,8580.392431640625,8574.8920703125,8006.41388671875,0.9727065711802944,0.9733305134484723,1.0424397513857486,8491.65393596368,8568.55735875082,-76.90342278713979,-40.75506828953827,-36.14835449760152,37.8997579297342,0.007536824704386449,543596.9,0.8756506889572033,0.012087276187327156,0.7303501474843873,1.0006414496279397,1.07100284742171,-0.007987117085061501
2022-12-09,8369.562991790313,8424.113663638724,8214.27399826287,8279.5419921875,790406,MARUTI,-0.007987117085061501,-0.022969786598165176,-0.05218136047635025,8557.60126953125,8571.80263671875,8006.975451660156,0.9675073342884343,0.9659044127685228,1.034041136028565,8459.021329228883,8547.148813079464,-88.12748385058148,-50.22955140174692,-37.89793244883457,32.877845818489234,0.007635330225660426,560063.5,1.411279256727139,0.02534435667744139,0.3110374476042241,0.9983432461304386,1.0705418904389776,0.005386960117127915
2022-12-12,8275.36035824414,8356.393145085662,8185.291490565107,8324.1435546875,445039,MARUTI,0.005386960117127915,-0.015047697358538392,-0.05382217557151925,8533.925830078126,8570.51458984375,8007.680524902344,0.9754178464205489,0.9712536473074552,1.03951993699062,8438.270902376362,8530.62990505043,-92.3590026740676,-58.65544165621105,-33.70356101785654,36.16319109159727,0.0075269930837984405,568174.35,0.7832789354183272,0.020554865902595334,0.8115179511938182,0.9957308561368086,1.070286778198893,-0.004509426000211425
2022-12-13,8326.305683188755,8360.285324546128,8276.320934224796,8286.6064453125,330236,MARUTI,-0.004509426000211425,-0.01108719416545656,-0.059101565982428106,8507.90009765625,8570.4348046875,8007.989724121094,0.9739896273106555,0.9668828518222011,1.0347923424966663,8414.937908981921,8512.55409321799,-97.61618423606888,-66.44759017218263,-31.168594063886246,29.12440913803428,0.007481610760693727,566691.75,0.5827436167899038,0.010132542298883888,0.12249849070947406,0.9927034382203049,1.0702354897974269,0.0024244931197214825
2022-12-14,8314.772101880913,8341.398785256755,8262.91272860052,8306.697265625,343670,MARUTI,0.0024244931197214825,-0.0020267892853652603,-0.054006875252316844,8484.18857421875,8566.8483984375,8008.351159667969,0.9790797544112704,0.9696328076892374,1.0372543735918545,8398.285502311626,8497.305439322212,-99.01993701058564,-72.96205953986323,-26.057877470722403,28.00370180682775,0.007579893422234766,566338.4,0.6068280024804957,0.009448527392592944,0.557863891878958,0.9903511979698595,1.0697393542858435,-0.006647967836570179
2022-12-15,8306.12103178892,8337.457254570749,8242.678838975811,8251.474609375,472176,MARUTI,-0.006647967836570179,-0.011350009062175426,-0.04476739585099765,8464.853125,8567.56263671875,8008.073361816406,0.9747924137047564,0.9631064235248116,1.0303944827377787,8375.699211090607,8479.09574821501,-103.39653712440304,-79.04895505677119,-24.347582067631848,20.779964651203386,0.006957394711508481,569468.6,0.8291519497299764,0.011486239742803552,0.09280351801595829,0.9880118166538334,1.069865653025866,-0.011457291606258857
2022-12-16,8227.779023901257,8255.174514546878,8118.677683961682,8156.93505859375,624222,MARUTI,-0.011457291606258857,-0.014808419802622041,-0.04094115131821052,8447.442602539062,8563.627294921875,8009.656298828125,0.965610000847121,0.9525093488632687,1.0183876503898392,8342.043187629552,8455.23199342825,-113.18880579869801,-85.87692520515657,-27.311880593541446,19.129990452079284,0.00661281753911956,574898.95,1.08579429480607,0.016733838090495633,0.28028031470070747,0.9864327710231261,1.0691628923172147,0.0139113674779352
2022-12-19,8169.430558668229,8287.327658521297,8123.483225622796,8270.4091796875,464106,MARUTI,0.0139113674779352,-0.006455243671253275,-0.029480469622915062,8434.881518554688,8561.721123046875,8011.109731445313,0.9805009307474695,0.9659750721644966,1.0323674817765112,8331.022571023082,8441.541414632638,-110.51884360955592,-90.80530888603644,-19.713534723519473,32.02269028300256,0.007479652475330323,572072.05,0.8112719368128541,0.019810922209376285,0.8967405939005701,0.9851852679304453,1.0687309761143697,-0.00923992599274126
2022-12-20,8251.714743678494,8251.714743678494,8105.26845518041,8193.9912109375,694906,MARUTI,-0.00923992599274126,-0.011176497277409547,-0.039374480655363975,8418.088598632812,8556.823603515624,8012.381372070313,0.9733790652035061,0.9575973036970106,1.022666150103669,8309.94082331761,8423.204362507073,-113.2635391894637,-95.29695494672191,-17.96658424274179,24.077858054543967,0.007651036595777901,584019.95,1.1898668872527387,0.017872399997525688,0.6058381995679646,0.9837866232481628,1.0679501144744727,-0.020406173683626516
2022-12-21,8193.991073639423,8234.940687029257,7967.089306211149,8026.783203125,800720,MARUTI,-0.020406173683626516,-0.03369739543276096,-0.06537573382225248,8390.015454101562,8546.980458984375,8015.204128417969,0.9567066052543454,0.9391367210495308,1.0014446387791893,8266.378112518745,8393.839832182475,-127.46171966373004,-101.72990789012354,-25.731811773606495,20.369513661732682,0.008387928228313163,593005.65,1.35027381273686,0.03336970415668228,0.222862009266205,0.9816350340759449,1.0663459497782457,-0.0019222753511011215
2022-12-22,8032.790034446745,8059.079715044127,7966.800176322247,8011.353515625,580858,MARUTI,-0.0019222753511011215,-0.02910038570283957,-0.0705636794304575,8359.603979492187,8540.255556640624,8018.993747558594,0.9583412725385656,0.9380695299446434,0.9990472330850838,8227.143559150476,8365.507512437478,-138.363953287002,-109.05671696949923,-29.30723631750277,23.229141248452308,0.008234681330324635,599281.4,0.9692575140826997,0.01151859527131106,0.4828084309895787,0.9788470525325242,1.0650033938785313,-0.023127090386616866
2022-12-23,7978.04718271388,8007.124850773914,7808.050870778905,7826.07421875,503012,MARUTI,-0.023127090386616866,-0.040561906827389915,-0.09733353007367629,8317.410131835937,8529.777998046875,8023.519792480469,0.9409268143210484,0.9175003406351248,0.9753916511908511,8165.440583704249,8325.54949068285,-160.10890697860123,-119.26715497131963,-40.8417520072816,19.555289478864808,0.008995329138642354,597160.05,0.8423403407511939,0.025437272178950202,0.09053593026847077,0.9751027674741869,1.0630967728204352,0.014149540173947761
2022-12-26,7831.26502990019,8022.552834116483,7763.064491859762,7936.8095703125,315102,MARUTI,0.014149540173947761,-0.040336530167616846,-0.08108720187289997,8282.391918945312,8522.227412109374,8030.883054199218,0.9582750548374414,0.9313069443599868,0.9882860348915766,8130.266581643979,8296.753941025787,-166.48735938180744,-128.7111958534172,-37.77616352839024,29.23105891925472,0.009971006813476936,590917.35,0.5332420853779298,0.03269428854981384,0.6695679541582108,0.9718576515778873,1.0611818594037725,0.0058921832890730386
2022-12-27,7977.32661278285,7992.754411606836,7911.817372215117,7983.57470703125,423308,MARUTI,0.0058921832890730386,-0.025679366561362937,-0.06787164163277914,8253.32626953125,8516.23212890625,8038.302280273438,0.9673160185735248,0.9374538629510785,0.9931916502597206,8107.698600934329,8273.555479248414,-165.8568783140854,-136.14033234555086,-29.716545968534547,33.91100490453192,0.010163135298073592,581748.15,0.7276482099685233,0.010137944763069156,0.8865821551594225,0.9691288523615238,1.0594565658230701,0.013918530606143786
2022-12-28,7992.754462258883,8125.886932856942,7966.415966235359,8094.6943359375,538632,MARUTI,0.013918530606143786,0.00846056646778015,-0.06163260953436689,8226.743017578125,8510.411796875,8045.2240234375,0.983948850552585,0.9511518983029529,1.0061490285858892,8105.697944780972,8260.306505669829,-154.60856088885703,-139.8339780542121,-14.774582834644917,39.01783696426211,0.010635275358176651,554297.25,0.9717385392043709,0.019700678000105575,0.8043995243757427,0.9666680313400302,1.05782160597173,0.001751605477497975
2022-12-29,8045.623292841764,8121.561672786148,8010.057216158951,8108.873046875,452134,MARUTI,0.001751605477497975,0.012172666086923023,-0.05831002684050601,8201.6376953125,8503.2687890625,8051.333564453125,0.9886894969171196,0.9536183376097908,1.0071465778881543,8106.186422026207,8249.089212425768,-142.90279039956113,-140.44774052328194,-2.4550498762791904,42.18977638980999,0.010687929495099337,542179.5,0.8339193938538805,0.013750919021992684,0.886205212823278,0.9645276303463465,1.0561317228992577,-0.0048839728277978445
2022-12-30,8141.74780335665,8160.972709621956,8038.17362085232,8069.26953125,433976,MARUTI,-0.0048839728277978445,0.03107500717503342,-0.04778306100104257,8181.391552734375,8497.0255078125,8057.766733398437,0.9862954827718884,0.949658150823579,1.001427541678997,8100.506900368329,8235.769236042377,-135.2623356740478,-139.4106595534351,4.148323879387306,38.2827483783842,0.010261488460780394,515297.7,0.8421850126635535,0.015218117116310199,0.2532259050880608,0.9628535944975194,1.0545137119188857,0.0010363754657547464
2023-01-02,8040.816817507632,8126.367647962883,8014.478321184406,8077.63232421875,398159,MARUTI,0.0010363754657547464,0.017742992654503853,-0.04421607996535304,8162.707348632813,8491.179208984375,8063.218957519532,0.9895775971402047,0.9512968841444239,1.0017875449960065,8096.987734806855,8224.055390722107,-127.06765591525254,-136.9420588257986,9.874402910546053,40.1280828765041,0.010289617148214037,509224.6,0.7818927051049773,0.013851747924079802,0.5644327734617516,0.961316107896532,1.0530756083543706,-0.00244544653382206
2023-01-03,8055.23548171841,8076.382877971131,7982.325402397171,8057.87890625,493207,MARUTI,-0.00244544653382206,0.00930713395257765,-0.03838324037190788,8146.625708007812,8485.016669921875,8068.078937988281,0.9891063116265943,0.9496597614019999,0.9987357545932956,8090.970991951954,8211.746021501951,-120.77502954999727,-133.70865297063833,12.933623420641055,38.24209679146162,0.010183406300717512,506316.0,0.9741090544245096,0.011672733813485991,0.8032695263378508,0.9601189985738497,1.0516774482672024,0.00477762932921344
2023-01-04,8051.390373993023,8206.198736838582,7988.957306021673,8096.37646484375,566744,MARUTI,0.00477762932921344,0.00020780635270956083,-0.027294897430383158,8135.266162109375,8478.42923828125,8072.817705078125,0.9952196158686538,0.9549382600597196,1.0029182821446352,8091.802603166076,8203.200128416158,-111.39752525008225,-129.24642742652713,17.84890217644488,42.55313063395719,0.01022298757001813,507330.7,1.1171096091760266,0.026831932996226056,0.4944690265486706,0.9595251589029667,1.0502441090609513,0.004547148943402135
2023-01-05,8117.668346810689,8146.553579132717,8064.895606546161,8133.19189453125,417716,MARUTI,0.004547148943402135,0.0029990416073442105,-0.025522046242719143,8124.615551757813,8467.972802734375,8076.751213378906,1.0010555998273152,0.9604650468297415,1.0069880425509272,8098.170186453026,8198.014333313571,-99.84414686054515,-123.36597131333075,23.521824452785594,48.79309762838943,0.010269180698160988,504416.45,0.8281173225020715,0.010040089259600845,0.8363701157617718,0.9594522492011678,1.0484379893622848,-0.009224593689403426
2023-01-06,8132.134510870674,8155.1565214903985,8026.397537325073,8058.16650390625,368978,MARUTI,-0.009224593689403426,-0.0013759643671278354,-0.026737649074083825,8113.54677734375,8455.3055078125,8080.249670410156,0.9931743447154154,0.9530307919046446,0.9972670192871917,8092.015773753522,8187.655234838955,-95.63946108543314,-117.82066926775123,22.181208182318088,38.77250868266768,0.010315586403215778,483345.05,0.7633842531334499,0.015978694918119214,0.24673203805635585,0.9595805580114198,1.0464163674020863,-0.0007216209051316147
2023-01-09,8098.34677281584,8119.590856342878,8002.462557898881,8052.3515625,613406,MARUTI,-0.0007216209051316147,-0.00312972424394109,-0.0326510457684801,8099.957177734375,8433.85916015625,8083.427314453125,0.9941227324799646,0.9547647654043607,0.9961556217747437,8085.913587406826,8177.632740591625,-91.71915318479932,-112.60036605116085,20.881212866361523,41.902501063557764,0.01019681772543177,491763.4,1.2473600109320864,0.014545850058195055,0.4259346824283681,0.960409348071721,1.0433518892508076,-0.01000951051759924
2023-01-10,8055.235239783961,8084.072597444286,7942.673795869589,7971.75146484375,493677,MARUTI,-0.01000951051759924,-0.010688599618870698,-0.03799564786220233,8084.214428710938,8410.126982421874,8086.783522949218,0.9860885723827689,0.9478752795891929,0.9857753014187874,8068.350183935583,8162.382275721412,-94.03209178582892,-108.88671119809446,14.854619412265535,46.508054046852585,0.010352146996462202,499935.45,0.9874814838595662,0.017737482433851544,0.20564296620859132,0.9612476060834597,1.0399841863647086,-0.001049175901699284
2023-01-11,8011.64239034103,8011.64239034103,7929.455928729555,7963.3876953125,327536,MARUTI,-0.001049175901699284,-0.01642571465256293,-0.04132925028256329,8067.0489501953125,8387.630966796874,8090.5176171875,0.9871500401791534,0.9494203699276021,0.9842865527410848,8052.202108762801,8147.641936431863,-95.43982766906174,-106.19733449228792,10.75750682322618,46.928870753335495,0.010305092109861058,499128.75,0.6562154554310887,0.01032054004602237,0.41286321271930143,0.9617791939260785,1.036723651522393,0.010230045732980475
2023-01-12,7992.753838041526,8052.351040441836,7939.885352041251,8044.853515625,283772,MARUTI,0.010230045732980475,-0.010861464976087531,-0.02504050530740831,8056.7178955078125,8371.093701171874,8095.334672851563,0.9985273929115195,0.9610277704213006,0.993764166737188,8051.071555972369,8140.027979335058,-88.95642336268884,-102.74915226636811,13.792728903679276,66.15557465760537,0.010596356583459915,489708.55,0.5794711977154575,0.013979830481953412,0.9333350026709412,0.9624450738593391,1.0340639441683732,0.01006071913696771
2023-01-13,8071.575922722942,8170.632052573714,8027.358643641693,8125.79052734375,705220,MARUTI,0.01006071913696771,0.008391986366218518,-0.0038181658951896846,8055.160668945313,8355.9887109375,8100.2608569335935,1.0087682743152142,0.9724511136195728,1.0031517096623257,8062.566782337197,8138.973353261628,-76.40657092443143,-97.48063599798078,21.07406507354935,64.59756034086735,0.010593940421920012,493758.45,1.428269227594991,0.017631934819129027,0.6870213002941831,0.9639985102423103,1.031570323292121,-0.00867115152678355
2023-01-16,8151.359337865866,8184.329860652001,8020.245116426049,8055.33056640625,500575,MARUTI,-0.00867115152678355,0.00036995452609445145,-0.026005800754029584,8044.40673828125,8339.659072265626,8105.017136230469,1.0013579408004094,0.9659064593173912,0.9938696527115145,8061.453518347821,8132.777591272341,-71.3240729245199,-92.24932338328861,20.925250458768716,55.346949943385404,0.010214395011829802,495581.9,1.0100752267183284,0.020369709582155057,0.21382518006601872,0.9645965942461285,1.0289502085055782,0.011843562198629032
2023-01-17,8083.92783143725,8164.143933717315,8018.85228026335,8150.734375,409248,MARUTI,0.011843562198629032,0.022452143791183543,-0.005279092303609012,8042.243896484375,8323.241943359375,8109.489094238281,1.0134900756445662,0.9792739932909185,1.0050860516960338,8075.189034755848,8134.107723400316,-58.91868864446769,-85.58319643552443,26.664507791056735,54.276023123385826,0.01043382927329215,481299.0,0.8502988786596274,0.01782559052588012,0.9077059252989791,0.9662393513504445,1.0263583619926147,0.0017335118384653736
2023-01-18,8144.629747880725,8206.534307925516,8136.266727751544,8164.86376953125,402883,MARUTI,0.0017335118384653736,0.025300297050380394,0.017202478615903294,8049.147924804687,8308.6415625,8114.2097998046875,1.0143761607821824,0.9826953910711862,1.0062426250955185,8088.985147798217,8136.385949039644,-47.40080124142696,-77.94671739670493,30.545916155277965,54.27258168724295,0.009290440535914294,461407.15,0.8731615884149172,0.008606093396951621,0.40697348206532796,0.9687682233318976,1.0239618850747478,0.0008950078523992655
2023-01-19,8150.3988054364445,8188.84861699647,8128.77078643393,8172.17138671875,184776,MARUTI,0.0008950078523992655,0.01582600240594423,0.020073745438907054,8057.188818359375,8297.191220703126,8118.304541015625,1.0142708047374256,0.9849322703721198,1.006635233432175,8101.783030709069,8139.036722201059,-37.25369149199014,-69.80811221576197,32.55442072377183,58.259410946287545,0.009266815347862655,441603.05,0.418421023133785,0.007351513780067953,0.7224062500000028,0.9710742592330646,1.0220349801838207,-0.007275190246147312
2023-01-20,8134.104991472989,8170.584435608119,8085.994855568882,8112.71728515625,346337,MARUTI,-0.007275190246147312,-0.0016088578881657822,0.03662667365452532,8071.520971679687,8284.73826171875,8121.745095214844,1.0051039096127121,0.9792364017874461,0.9988884396207026,8103.465223700943,8137.087134271814,-33.62191057087057,-62.570871886783685,28.948961315913117,52.60263255119855,0.007623670730518561,433769.3,0.798435942792632,0.010426787605924576,0.31590687144886054,0.9742638471725443,1.020068737025487,-0.002689582719549888
2023-01-23,8151.36016595681,8153.282656561988,8053.217396048894,8090.8974609375,410827,MARUTI,-0.002689582719549888,0.004415324019051203,0.019414336360212392,8079.225366210938,8270.6031640625,8125.138383789063,1.001444704683617,0.9782717536363177,0.9957858043476676,8101.531721737336,8133.66567698779,-32.133955250454164,-56.48348855951779,24.349533309063624,52.44185861760657,0.007103331556377745,438555.55,0.9367730040128326,0.012367634245299026,0.3765549072215238,0.9768604787274597,1.017903052649991,0.03346751431096795
2023-01-24,8122.522065779773,8380.135783369002,8090.8009736885615,8361.6796875,1039571,MARUTI,0.03346751431096795,0.025880528403307235,0.04736036103423036,8098.130615234375,8261.6943359375,8129.9698559570315,1.0325444333745162,1.0121022816261278,1.0285006999593227,8141.554485700823,8150.555603692398,-9.001117991575484,-46.98701444592933,37.98589645435385,64.60310660135318,0.010135030655904521,469368.7,2.214828129783686,0.03460247468136948,0.9362119757059795,0.980202157807795,1.0162023331345995,0.009805941352617698
2023-01-25,8408.877501859331,8490.679095240223,8343.896761245098,8443.673828125,1131883,MARUTI,0.009805941352617698,0.03414754568645506,0.0431121272409456,8115.57958984375,8254.9492578125,8135.706447753906,1.0404277026242024,1.0228619903549245,1.0378537970056818,8188.034384535312,8172.26806476148,15.766319773832038,-34.43634760197706,50.2026673758091,66.2801790374968,0.009927877857737178,499031.25,2.268160561087106,0.017383704887581983,0.6797620950980123,0.9831168352928579,1.0146567247508682,-0.005305030277613976
2023-01-27,8486.305320952473,8544.508529707618,8286.029321547305,8398.8798828125,743546,MARUTI,-0.005305030277613976,0.027741524910037008,0.03576413568951642,8130.079931640625,8250.16318359375,8141.6132299804685,1.03306239956212,1.0180259100225422,1.0315989774464696,8220.472153501034,8189.054125357851,31.41802814318271,-21.265472452945108,52.683500596127814,68.45031631863596,0.010067528713961478,513601.85,1.4477089597710757,0.030775438125894203,0.4365943476397652,0.9854447422092302,1.0133327327824366,0.009098706777421972
2023-01-30,8438.77151095717,8521.4385971791,8380.135554450919,8475.298828125,1036998,MARUTI,0.009098706777421972,0.044692983894824234,0.05031797429774332,8150.381396484375,8249.56625,8147.866533203125,1.039865303945258,1.0273629632497345,1.0401862614694983,8259.676257289337,8210.257436673937,49.418820615399454,-7.128613839276195,56.54743445467565,71.27649749210295,0.010063996729706778,543752.95,1.907112411987834,0.016672337529771993,0.6734693877551028,0.9879769613928945,1.012481760272145,0.008880586575924942
2023-01-31,8513.653199753797,8597.232721006016,8487.987764530326,8550.564453125,643670,MARUTI,0.008880586575924942,0.05681285597880237,0.058548360450658476,8174.028002929687,8250.144921875,8154.243337402344,1.0460649816785992,1.0364138489802097,1.0486030523402199,8304.4282874179,8235.46536381846,68.96292359943982,8.089693648467009,60.873229950972814,79.27449009579458,0.010156168528299304,556028.5,1.1576205176533216,0.01277634442434543,0.5728107787621229,0.990773868863383,1.0117609421873357,-0.014215412953594742
2023-02-01,8590.64840529921,8680.476957535555,8337.745167108296,8429.0146484375,707460,MARUTI,-0.014215412953594742,0.008052803199118053,0.04605873909319147,8192.584790039062,8248.12822265625,8160.723122558594,1.0288590065843324,1.0219306030287434,1.0328759500659042,8323.595419882455,8249.802347864315,73.79307201813936,21.23036932240148,52.562702695737876,71.13062554011833,0.010802495906472665,566741.15,1.2482947461993892,0.04066095560657156,0.26630001615964694,0.9932659348742154,1.0107104601865542,0.011552474473460528
2023-02-02,8425.31530323458,8593.53323570076,8411.953617683668,8526.390625,456995,MARUTI,0.011552474473460528,0.009796304139494172,0.05311192754233529,8214.085498046876,8246.89111328125,8167.193210449219,1.038020681307418,1.0338915001883109,1.0439805212507056,8354.79468220823,8270.290368392883,84.5043138153469,33.88515822099056,50.61915559435634,71.54157605347933,0.010988601289651012,561253.7,0.814239621048378,0.021296188035847933,0.6302304662055217,0.9960220627647742,1.009758297713597,0.008133868375576503
2023-02-03,8593.53248774287,8615.641128371291,8502.358751768174,8595.7431640625,351157,MARUTI,0.008133868375576503,0.023439230468441652,0.05687204673509161,8237.213061523438,8246.41431640625,8174.670888671875,1.0435256560515327,1.0423613020463038,1.05150938565296,8391.86367941658,8294.397982886929,97.46569652965081,46.601265882722615,50.8644306469282,71.24352571768355,0.0110503268226685,557925.75,0.6293973705282468,0.013178892672914465,0.8243507515868645,0.9988842114245332,1.0087763077818575,-0.0038355876779033737
2023-02-06,8580.98922432727,8589.688306859003,8478.18384808599,8562.7734375,205161,MARUTI,-0.0038355876779033737,0.01032112390948603,0.06262056428706675,8262.443408203126,8244.27076171875,8180.877875976563,1.0363488152909708,1.038633213899303,1.046681489115598,8418.157488352492,8314.2776461916,103.87984216089171,58.05698113835644,45.82286102253527,73.74295702730006,0.010803950224672083,549734.9,0.37319988234328944,0.013022002694207514,0.7586206896551729,1.0022042757946232,1.0077489099217998,-0.016339350476946457
2023-02-07,8562.77233387449,8574.307276398795,8413.34657818104,8422.86328125,318669,MARUTI,-0.016339350476946457,-0.01493482361019205,0.04601285920941178,8280.968994140625,8239.98455078125,8185.370671386719,1.0171349859188914,1.0221940622997177,1.0290142767380681,8418.88145649057,8322.321026566296,96.5604299242732,65.7576708955398,30.80275902873339,62.22365614792966,0.011627461878949778,534998.05,0.5956451616973183,0.019109973989019584,0.0591243898313996,1.0049738495390128,1.0066721327093278,0.008245321861581223
2023-02-08,8433.00348799948,8511.344965746197,8336.926849939917,8492.3125,391645,MARUTI,0.008245321861581223,0.007509519701004885,0.06530071057182085,8306.997045898437,8238.533046875,8190.089916992188,1.0223083568078386,1.0308039612976079,1.0369010091550745,8430.178540107405,8334.912987561385,95.26555254601953,71.65924722563575,23.606305320383782,64.01217230616476,0.011321500109794292,529896.45,0.7390972330537411,0.020538353458646297,0.8908802238906443,1.008310217199336,1.0059148471352317,-0.0037918025125665
2023-02-09,8461.168322344369,8490.678737330412,8362.83312745099,8460.111328125,392186,MARUTI,-0.0037918025125665,-0.007773429554196576,0.06237591987451352,8331.833227539062,8235.2080859375,8194.61067138672,1.0153961435716143,1.0273099647076978,1.0323994229116136,8434.783584417804,8344.186938714247,90.59664570355744,75.44672692122009,15.149918782337352,62.064481547328,0.01139242611450938,533128.95,0.735630657461014,0.015111575358873834,0.7609037241541433,1.0117331754818144,1.0049541602620042,0.001153159692186101
2023-02-10,8456.842503290718,8531.050817582349,8432.955936487879,8469.8671875,276298,MARUTI,0.001153159692186101,-0.014643989956420356,0.05283050475058659,8353.083911132813,8232.38583984375,8199.206943359375,1.013980857562264,1.0288472081212314,1.0330105394351383,8440.181061815065,8353.496586772451,86.68447504261349,77.69427654549878,8.990198497114704,65.61462368492849,0.011273241745501398,532755.25,0.5186208864201713,0.011581631556069793,0.3762811127379212,1.014661372005294,1.00404659825195,-0.00021549279015775635
2023-02-13,8446.46184899761,8520.862605400427,8416.375060995555,8468.0419921875,253037,MARUTI,-0.00021549279015775635,-0.011063173165090534,0.042119159199594636,8370.196484375,8232.26283203125,8204.359187011718,1.0116897504132851,1.0286408688555042,1.0321393541122892,8444.467358795438,8361.98143161801,82.48592717742758,78.65260667188454,3.8333205055430426,66.78219938606586,0.011150610460193966,510146.1,0.4960088884341172,0.012339044197143906,0.494479332309161,1.0167552537082583,1.0034010754994378,-0.003973002816771487
2023-02-14,8473.376744024537,8504.13659153546,8425.31448228872,8434.3984375,227030,MARUTI,-0.003973002816771487,0.0013695053409781277,0.047058015554892973,8389.149877929687,8231.92447265625,8208.866926269531,1.0053937002233508,1.024596188353805,1.02747413415958,8442.918293980756,8367.345654275936,75.57263970482018,78.03661327847168,-2.4639735736515007,54.1014252320491,0.01095907429524406,496468.85,0.4572895157470605,0.009345314882954777,0.11524628429878135,1.0190994713077954,1.0028088585908161,0.008080285067751714
2023-02-15,8434.399052369961,8550.950045575917,8403.206454486259,8502.55078125,452568,MARUTI,0.008080285067751714,0.0012055940298947299,0.04316376783533693,8406.740698242187,8234.38525390625,8214.52880859375,1.0113968167268257,1.0325665510022788,1.0350625068543107,8452.092522791409,8377.360848866607,74.73167392480173,77.37562540773769,-2.643951482935961,53.37340310292657,0.010819059414030791,498634.85,0.9076140586643714,0.017376384439298564,0.6724103971687952,1.020931185391669,1.0024172348500047,-0.00455044970420182
2023-02-16,8535.857997773397,8535.857997773397,8449.34592347164,8463.8603515625,247514,MARUTI,-0.00455044970420182,0.0004431411469771884,0.036619910689387414,8421.69052734375,8237.19111328125,8220.393786621094,1.0050072873233507,1.0275177830845492,1.0296173846729404,8453.90295798696,8383.768219436673,70.13473855028678,75.92744803624751,-5.792709485960728,53.749332287532205,0.010923157734233246,490866.4,0.5042390353057369,0.010221349444380537,0.16777343749999335,1.0223983408330812,1.0020433725069828,0.00030102712670943
2023-02-17,8446.4623633572,8530.09070358846,8410.65597630416,8466.408203125,214587,MARUTI,0.00030102712670943,-0.000408387085467532,0.036004729034982974,8436.402368164063,8239.5951953125,8227.402414550781,1.0035567097977887,1.027527202785585,1.0290499694230975,8455.826841854352,8389.889699709882,65.93714214447027,73.92938685789207,-7.9922447134217975,49.43921134783927,0.010926715290114524,492356.95,0.43583623629157664,0.014106894496324279,0.46680080482897235,1.0238855390570067,1.0014819720912345,-0.012954458578375294
2023-02-20,8466.408180561919,8506.059548669344,8339.04317997443,8356.73046875,298434,MARUTI,-0.012954458578375294,-0.013144895070217433,0.03007786109349797,8448.60302734375,8241.13896484375,8233.816096191405,0.9891257100971124,1.014026156384373,1.0149279958554636,8440.581245992144,8387.433460379521,53.1477856126221,69.77306660883808,-16.625280996215977,38.282334772218505,0.011244861177335372,489961.8,0.6090964642549684,0.01998585084435502,0.10590152877697755,1.0251741978123448,1.0008893650971549,-0.0027377819992586705
2023-02-21,8357.066010237077,8382.05838615911,8303.66902557763,8333.8515625,323478,MARUTI,-0.0027377819992586705,-0.011921048755885288,0.03002807818730524,8460.750732421875,8241.333125,8240.728466796874,0.9850014290770212,1.0112261494708117,1.0113003475455273,8424.16129468566,8383.464430906964,40.69686377869584,63.957826042809636,-23.260962264113793,43.46793794986815,0.0112458210309659,485594.35,0.6661486073715643,0.009406138325550383,0.385033589998448,1.026624042990845,1.0000733743631478,-0.0012571093235139719
2023-02-22,8339.283421631226,8381.097591286112,8252.290723843476,8323.375,363931,MARUTI,-0.0012571093235139719,-0.0210731797856617,-0.004580980010184144,8458.835498046876,8242.06849609375,8247.201459960937,0.9839859164919151,1.0098648177875231,1.0092362894745417,8408.655710887866,8379.013361950892,29.642348936973576,57.09473062164243,-27.45238168466885,34.17726143504311,0.008369967584360812,451812.35,0.8054914833558667,0.015475317097047274,0.5518671291977582,1.026300072858635,0.9993776114367878,0.004307569420457513
2023-02-23,8356.537216825871,8408.44445728512,8282.088588831393,8359.228515625,317544,MARUTI,0.004307569420457513,-0.012362188362215143,-0.010001015460677998,8454.613232421874,8243.11912109375,8253.110764160156,0.9887180271675715,1.0140856140528325,1.0128579095200891,8401.051527001271,8377.547817778604,23.503709222666657,50.376526341847274,-26.872817119180617,30.550813089741013,0.008110422901832394,411095.4,0.7724338438231125,0.015115733254276292,0.6104973812265474,1.0256570490152108,0.9987893482406907,-0.004111053347897409
2023-02-24,8373.40615934054,8401.282267550949,8275.64734383878,8324.86328125,242982,MARUTI,-0.004111053347897409,-0.01671841452468059,-0.008812675332334208,8450.91240234375,8244.58689453125,8259.418591308593,0.985084554768454,1.0097368598021568,1.0079236436824106,8389.330258424154,8373.645259517227,15.684998906926921,43.438220854863204,-27.753221947936282,30.48085582337427,0.008077295632512848,386067.2,0.6293774762528389,0.015091529970844652,0.39173771079747083,1.0250255725910729,0.9982042686645098,-0.003267461693486906
2023-02-27,8295.547181909847,8308.09124569894,8199.422649095133,8297.662109375,220225,MARUTI,-0.003267461693486906,-0.007068357606588638,-0.02095934578265468,8442.03056640625,8247.401435546875,8266.272250976563,0.9828988469189223,1.0060941223997535,1.0037973414672774,8375.227466262746,8368.01687802521,7.210588237536285,36.192694331397824,-28.98210609386154,37.39717678515256,0.007778782273555486,345228.55,0.6379107405804069,0.013096290879455054,0.9040280573240106,1.0235988429059013,0.9977171311497202,-0.0009095182354404985
2023-02-28,8314.771550934434,8371.485021628669,8271.803699800841,8290.115234375,370998,MARUTI,-0.0009095182354404985,-0.005248033012946962,-0.030459886031829475,8429.00810546875,8247.795556640625,8273.81251220703,0.9835220384942284,1.005131028945098,1.0019704002409913,8362.133276741555,8362.246385902972,-0.11310916141701455,28.93153363283486,-29.044642794251875,26.74912184560654,0.007422183386967597,331594.95,1.1188288603309549,0.012024117760691493,0.18370075996571503,1.021971028207922,0.9968555057867192,0.016210005373963998
2023-03-01,8285.934166732593,8436.12873907041,8285.934166732593,8424.498046875,333441,MARUTI,0.016210005373963998,0.012149284019403295,-0.0005358398046368951,8428.782275390626,8252.405693359375,8281.329240722656,0.999491714416668,1.02085359832153,1.0172881432425516,8371.727856762085,8366.857620049048,4.8702367130372295,24.119274248875335,-19.249037535838106,46.68403996464721,0.007791815123536823,312894.0,1.0656676062819996,0.01782831113522891,0.9225625000000026,1.0213727473642236,0.9965073786438712,-0.024577456511109874
2023-03-02,8431.082068833162,8431.082068833162,8179.33156293659,8217.4453125,603893,MARUTI,-0.024577456511109874,-0.01696127852707696,-0.036234008748572855,8413.335009765626,8256.218935546874,8286.448935546876,0.9767167601149543,0.9953037070177565,0.9916727148645221,8347.992080721764,8355.790041712082,-7.797960990317733,17.73582720103672,-25.533788191354454,32.811955558983826,0.009058305935587744,320238.9,1.8857577889506865,0.030636103597017104,0.1513949274011335,1.0190300276004423,0.9963518751837929,0.006141302849406616
2023-03-03,8259.067488313354,8294.585689875199,8218.647311210216,8267.9111328125,437977,MARUTI,0.006141302849406616,-0.006841211262384683,-0.038138881652562184,8396.943408203126,8261.350087890625,8291.659809570312,0.9846334232448712,1.000794185557091,0.997135835610332,8335.67193488957,8349.280492904705,-13.608558015135714,11.466950157802234,-25.075508172937948,37.219199576912814,0.008953598114833046,324579.9,1.3493657493886713,0.009184711524487715,0.6487341772152002,1.0164129735297445,0.9963445531563291,0.0035110799340589693
2023-03-06,8305.158888761292,8327.267529321653,8258.009997396432,8296.9404296875,275417,MARUTI,0.0035110799340589693,-8.697385817679759e-05,-0.031045199286519165,8383.6517578125,8270.767412109375,8297.789348144532,0.9896570932774973,1.0031645210503446,0.9998976934191247,8329.71324178156,8345.403451184911,-15.690209403352128,6.035518245571361,-21.72572764892349,41.169584479818724,0.009020637772400494,328092.7,0.8394487289720253,0.008347357982396593,0.5621111698450726,1.0136485939065158,0.9967434777021426,0.0072351124349654405
2023-03-08,8290.739559119776,8374.415763100797,8276.368756140771,8356.9697265625,348171,MARUTI,0.0072351124349654405,0.008064362231092748,-0.007823177521376179,8380.357080078125,8279.170615234376,8303.349782714844,0.9972092652744807,1.00939696920667,1.0064576279755524,8333.906547132472,8346.260212323992,-12.353665191520122,2.357681558153065,-14.711346749673186,40.54911795994081,0.008510388312200558,329567.8,1.0564472621415077,0.011732363544214381,0.8220645680147127,1.0122218117666952,0.9970880225314845,-0.01747780932761378
2023-03-09,8386.863940225156,8398.39888203406,8203.31399094775,8210.908203125,431466,MARUTI,-0.01747780932761378,-0.02535342076899516,-0.033136356778557086,8366.286865234375,8283.71728515625,8306.6956640625,0.9814280020979149,0.9912105785935358,0.9884686444753348,8314.983724977477,8336.234137568512,-21.250412591034546,-2.363937271684457,-18.88647531935009,35.587910944536745,0.00906727012826448,331558.85,1.3013255414536515,0.023759234211394795,0.038927731076261234,1.009967696534753,0.9972337521638525,0.006977308434735097
2023-03-10,8199.421337701793,8293.623364793795,8151.454828012428,8268.1982421875,516128,MARUTI,0.006977308434735097,0.006176241855883946,-0.02268446341828856,8356.6912109375,8287.18736328125,8310.780646972657,0.9894105254680012,0.9977086168972255,0.9948762448927505,8307.785958394403,8331.194441614363,-23.408483219960544,-6.572846461339675,-16.83563675862087,39.36997151946135,0.009250922376180236,337755.95,1.5281092753510337,0.017194621200054078,0.8211620997028685,1.0083869043391258,0.9971611230408299,-0.009666768438700846
2023-03-13,8268.198459498142,8302.562975386429,8152.41628745441,8188.271484375,479314,MARUTI,-0.009666768438700846,-0.00963237837927855,-0.033246767262252286,8342.61142578125,8288.77533203125,8314.539526367187,0.9814998046140215,0.9878747048109917,0.9848135856962656,8289.399116237571,8320.60755589293,-31.208439655358234,-11.499965100143388,-19.708474555214845,40.66771836203856,0.009426577293291754,347906.75,1.3777082508459522,0.01833679894694884,0.23880111785631972,1.0064950600774465,0.9969013083341256,-0.0007336498588516038
2023-03-14,8213.792816728183,8213.792816728183,8117.716165896589,8182.26416015625,349510,MARUTI,-0.0007336498588516038,-0.013821512942400305,-0.0337478052535527,8328.322534179688,8291.035224609375,8318.183618164063,0.9824624498602198,0.9868808826031432,0.983659959403756,8272.916815301984,8310.359896949472,-37.443081647488725,-16.688588409612457,-20.754493237876268,41.44240199659186,0.009423148086048582,352730.4,0.990870080945674,0.011742061726562373,0.6718385133220665,1.0044973044451238,0.9967362594045887,-0.004370220770355426
2023-03-15,8314.77165760446,8367.592273392229,8112.910149153947,8146.505859375,509229,MARUTI,-0.004370220770355426,-0.025184232332270406,-0.03413314894456576,8313.927905273438,8292.4126953125,8320.990236816406,0.9798624611848938,0.9824047787660186,0.9790308157472177,8253.468975928601,8298.222560832844,-44.753584904243326,-22.301587708538634,-22.451997195704692,40.29227065051231,0.009428668655920144,366840.35,1.3881488227780832,0.03126274363937195,0.13191232137525621,1.002594565749616,0.9965656080958413,-0.004424886436405928
2023-03-16,8132.230136632358,8202.690160727037,8085.033372824308,8110.45849609375,340261,MARUTI,-0.004424886436405928,-0.01223369017729603,-0.046114665497899776,8294.323291015626,8293.464287109375,8323.277846679688,0.9778324537794376,0.977933733759477,0.9744308246695338,8231.467363646316,8284.314111592912,-52.846747946596224,-28.41061975615015,-24.436128190446073,36.34878742166003,0.009157210684314717,361225.0,0.94196414976815,0.014506798593371381,0.2160956772886067,1.0001035760059382,0.9964180506623113,-0.014293429845807615
2023-03-17,8173.468406334374,8181.110493857707,7972.135399855803,7994.5322265625,471602,MARUTI,-0.014293429845807615,-0.03309862773108796,-0.05545083513970761,8270.856884765624,8291.42740234375,8325.212866210937,0.9665905646714675,0.9641925133786583,0.9602796174749415,8195.01580409496,8262.848786775845,-67.83298268088583,-36.29509234109729,-31.537890339788547,33.36241860959264,0.00953365536150919,372429.4,1.2662856369556217,0.026139752530806838,0.1071746219982204,0.9975190619684723,0.9959417897884257,-0.011693172616391467
2023-03-20,7994.531878261122,7994.531878261122,7814.923585608427,7901.05078125,488199,MARUTI,-0.011693172616391467,-0.0350770860093097,-0.06677653714668796,8242.589013671875,8286.784580078125,8326.809157714844,0.9585642045411495,0.953451933605774,0.9488689642814288,8149.790415964966,8236.04893451467,-86.2585185497046,-46.287777582818755,-39.97074096688585,31.27435629302984,0.009703722653719578,386110.0,1.264403926342234,0.022732203301227216,0.4795279458956578,0.9946667412457543,0.9951932875032165,0.0010707387120680867
2023-03-21,7925.467037753437,7954.304395076979,7896.6296804298945,7909.5107421875,287497,MARUTI,0.0010707387120680867,-0.033334711838922226,-0.05351611234021225,8220.22802734375,8283.81146484375,8328.514597167969,0.9622008922231012,0.954815398172113,0.9496904459862571,8112.824312306894,8211.860920268213,-99.03660796131862,-56.83754365851873,-42.19906430279989,32.04558500106417,0.009481495946229455,385563.15,0.7456547649846724,0.007291818233390941,0.2233398437499973,0.9923243741398696,0.9946325203849171,0.00291678123362904
2023-03-22,7916.816256349656,7968.338628719009,7898.552595729131,7932.5810546875,218120,MARUTI,0.00291678123362904,-0.026259700585781198,-0.04814946664254316,8200.164501953124,8281.4160546875,8331.387514648437,0.9673685269116381,0.957877372940036,0.9521320477219736,8085.094580365449,8191.1735228177895,-106.07894245234093,-66.68582341728317,-39.39311903505775,24.071597625217095,0.009564359942920793,380295.25,0.5735543633532104,0.00879739299337381,0.4876113098921195,0.9901886884805909,0.994002024287902,0.012214508425065995
2023-03-23,7943.7303727975695,8050.428590534807,7913.546897879187,8029.4736328125,540553,MARUTI,0.012214508425065995,-0.00998523860522249,-0.03531035994263143,8185.46943359375,8282.570498046874,8334.7186328125,0.9809423513157313,0.9694422323004607,0.9633766881105862,8076.537511511148,8179.195753187768,-102.65824167661958,-73.88030706915046,-28.77793460746912,38.79047578004797,0.010109458740688432,389126.35,1.3891451966694108,0.017047405460832714,0.8469119038801819,0.9882764578368488,0.9937432639225123,-0.013204525660527322
2023-03-24,8029.473397430038,8061.48267406966,7892.784145565608,7923.4482421875,391840,MARUTI,-0.013204525660527322,-0.008891575186702916,-0.05213163782075625,8163.680419921875,8281.771708984375,8337.047634277344,0.9705730546300986,0.9567334769191774,0.950390184843211,8052.985316230587,8160.251493113674,-107.2661768830867,-80.55748103193771,-26.70869585114899,30.734863926629387,0.010313771038242927,392841.15,0.9974515144352876,0.021291049470839693,0.18176860754986066,0.9857408181229639,0.9933698441321477,0.0043006745085512055
2023-03-27,7930.27348611483,7994.484482477367,7910.615832578759,7957.5244140625,364326,MARUTI,0.0043006745085512055,0.007147610409810046,-0.04412551351021621,8145.3134765625,8280.025126953125,8339.150471191406,0.9769451399212138,0.9610507567373411,0.9542368184328514,8038.299023589343,8145.234672443216,-106.93564885387332,-85.83311459632483,-21.102534257548484,31.123687040396263,0.01042083667726303,398908.35,0.913307530413941,0.010539540381477908,0.559310082378223,0.9837305263782217,0.9929099079765336,-0.00840147978064687
2023-03-28,7984.006906022248,8031.780041632179,7824.53595137935,7890.66943359375,360349,MARUTI,-0.00840147978064687,-0.002382107972020875,-0.04904907797118119,8124.963842773437,8275.322705078124,8340.740456542968,0.9711636366987559,0.9535180336534389,0.9460394403477504,8015.586778974636,8126.377988083997,-110.79120910936035,-90.82473349893193,-19.966475610428418,24.262534368887245,0.01051130375391689,405914.55,0.887745955398741,0.026264449676539153,0.3191091342277599,0.981830453305172,0.9921568412534014,0.010537502542528943
2023-03-29,7930.128599288335,7996.69483158385,7870.195334577998,7973.8173828125,339851,MARUTI,0.010537502542528943,0.005198349420033166,-0.038153613384162566,8109.148950195313,8273.69244140625,8342.72111328125,0.983311249033161,0.9637555951327118,0.9557813661202852,8009.1607180266155,8115.07720250833,-105.91648448171418,-93.84308369548839,-12.07340078622579,35.93708728956112,0.010904402386318821,404357.2,0.8404722359339712,0.01586435842868939,0.8191498834948594,0.9801124476917381,0.9917258804486334,-0.00037966053204652184
2023-03-31,8003.279940214074,8045.622605009774,7937.049768134443,7970.7900390625,478757,MARUTI,-0.00037966053204652184,-0.007308523127866007,-0.05385579120417738,8086.463549804687,8270.0935546875,8344.846584472656,0.985695414314335,0.9638089323118534,0.9551751441295318,8003.257536647521,8104.389264475305,-101.13172782778383,-95.30081252194748,-5.830915305836356,31.14572125141308,0.010053129190529543,411623.0,1.1630958425549593,0.013621339458604121,0.310761622327316,0.9777958975108895,0.99104201269269,0.025433746189241546
2023-04-03,8086.812571485227,8246.523861957618,8065.18455109893,8173.51708984375,627265,MARUTI,0.025433746189241546,0.031560608463975015,-0.005345727411100398,8084.267138671875,8270.26662109375,8348.415190429687,1.011039955711624,0.9883015221053171,0.9790501434587928,8029.451314062326,8109.509844132227,-80.05853006990128,-92.25235603153824,12.19382596163696,49.19065523793402,0.01053730686954528,412791.6,1.5195682276480433,0.022186203181004727,0.5974023957179396,0.977509856580987,0.9906391132264811,-0.006586033172230055
2023-04-05,8191.68367573463,8216.723925316473,8103.296992327781,8119.68603515625,272888,MARUTI,-0.006586033172230055,0.02037840070049657,-0.017927756512524096,8076.855883789062,8269.2169140625,8351.51505126953,1.0053028247604556,0.9819171657412977,0.9722410826430781,8043.333578846006,8110.263636059933,-66.93005721392637,-87.18789626801588,20.2578390540895,46.73843334860284,0.010517507692491166,404537.15,0.6745684543434392,0.013969374246440328,0.14448987023305293,0.9767376968977183,0.9901457236559106,0.00823970388806572
2023-04-06,8135.979905171969,8204.228318837755,8052.447316339668,8186.58984375,309551,MARUTI,0.00823970388806572,0.03750257346941921,-0.013300154059519564,8071.338354492187,8270.694365234374,8355.044211425782,1.014279105173886,0.9898310204959446,0.979838004035285,8065.373004215851,8115.91742922216,-50.5444250063083,-79.85920201567436,29.314777009366054,52.02347958033725,0.01067274754214029,406243.85,0.7619832275614757,0.018540198714604404,0.8837899684581583,0.9758960974812254,0.9899043207843166,0.0021722357494893263
2023-04-10,8128.866478975933,8224.222198725238,8077.391981850948,8204.373046875,308275,MARUTI,0.0021722357494893263,0.02891408882268376,-0.018259810036462598,8063.708520507813,8272.963876953125,8359.356782226563,1.0174441481868357,0.9917090378855388,0.9814598491978371,8086.757626163413,8122.469697196444,-35.71207103303095,-71.02977581914567,35.31770478611472,54.829964225463456,0.010535911592805222,404249.05,0.7625868261162272,0.017896579791702314,0.8648156198854366,0.9747061198915352,0.9896651252573494,0.014574925386351856
2023-04-11,8247.48429947564,8334.909743283808,8213.84071550342,8323.951171875,409240,MARUTI,0.014574925386351856,0.04430691701597467,0.013767413537393747,8069.360668945313,8272.209306640625,8364.39711669922,1.0315502693924032,1.006254902809681,0.9951645116486075,8123.248940888272,8137.394250876337,-14.145309988064582,-59.652882652929456,45.507572664864874,66.87840244976383,0.01031187246078936,403137.75,1.0151368855930758,0.014544658573858093,0.9094849309545444,0.9754782996686904,0.988978546956535,-0.0044459430066147165
2023-04-12,8335.918993696729,8372.398439490084,8258.058126712245,8286.943359375,408458,MARUTI,-0.0044459430066147165,0.013877290312660051,0.0022671344636919777,8070.297924804688,8269.074697265625,8368.681108398438,1.026844787712785,1.0021609022488676,0.9902328995495587,8148.432697578538,8148.471962616978,-0.03926503844013496,-47.730159130031595,47.69089409159146,70.98643476930823,0.010264124657310254,397754.25,1.0269104604161992,0.01379764622724076,0.2526250974918916,0.9759614249794275,0.9880977169708556,0.005770796728192806
2023-04-13,8293.672388102048,8366.679156954033,8285.934551119459,8334.765625,480202,MARUTI,0.005770796728192806,0.02648865841764181,0.017890728330703487,8077.622631835938,8267.792412109375,8373.1939453125,1.0318339943426669,1.0081004952171433,0.9954105541369894,8177.099301797224,8162.271493163869,14.827808633354834,-35.218565577354305,50.04637421070914,72.17761403523068,0.010064524316787409,397798.65,1.2071483902723148,0.009687687628837677,0.6047595796130848,0.9769987233841398,0.9874120277290208,0.000444064301448277
2023-04-17,8507.020782312688,8507.020782312688,8314.771725085282,8338.466796875,489356,MARUTI,0.000444064301448277,0.018551919178038334,0.019090392788756683,8085.432763671875,8265.055771484374,8375.393999023438,1.0312950513100567,1.0088820967964796,0.9955909892534317,8201.925070270729,8175.322997142472,26.60207312825696,-22.854437836232055,49.45651096448901,71.60394168354256,0.010057690912199367,404790.95,1.2089104264806314,0.02305568420557296,0.12325195312500188,0.9782671753489887,0.9868259060347575,0.006686232738660536
2023-04-18,8356.05809776326,8409.74327600419,8353.222236188407,8394.2197265625,276111,MARUTI,0.006686232738660536,0.023139693746594192,0.03040737605343158,8097.81845703125,8261.928876953125,8377.432578125,1.0366026073693821,1.0160121022075612,1.0020038536008435,8231.508863546385,8191.537569692104,39.97129385428161,-10.289291498129323,50.260585352410935,70.30339303128844,0.01005119588696177,393135.05,0.7023311709296843,0.0067333286066993524,0.7253491886864527,0.9801365489383883,0.9862125179648146,-0.006035007581132845
2023-04-19,8353.268748007951,8403.013187617058,8326.738755702838,8343.560546875,280819,MARUTI,-0.006035007581132845,0.002355777273929327,0.028740921477314663,8109.473559570312,8260.219794921875,8378.809382324218,1.0288658672582307,1.0100894109384788,0.9957930973434509,8248.74758405848,8202.79853096491,45.94905309356909,0.9583774202103612,44.99067567335873,74.9214461326703,0.010107831410497497,390162.95,0.7197479924734012,0.009141712520176785,0.22054298865287275,0.9817503360571305,0.9858464870137138,0.003997749948910334
2023-04-20,8333.996041149278,8401.187457382672,8329.334377327781,8376.916015625,369060,MARUTI,0.003997749948910334,0.010857158345147111,0.047830664537444445,8128.592749023437,8257.230302734375,8380.157436523437,1.030549355130554,1.0144946560169203,0.9996132028636705,8268.465804299482,8215.696122421214,52.769681878267875,11.320638311821865,41.44904356644601,74.89998422939733,0.009410279274021915,385035.85,0.9585081493060972,0.008577509899928209,0.6622073578595369,0.9844212224929296,0.985331166541895,-0.017923837853326963
2023-04-21,8343.032331042958,8366.678588515804,8218.646821209804,8226.76953125,424157,MARUTI,-0.017923837853326963,-0.012957304213338294,0.041224738204817424,8144.878686523438,8249.850830078125,8380.66307373047,1.0100542743333991,0.9972022162214167,0.9816370684364039,8262.0509930611,8216.51637492705,45.534618134050106,18.163434276267513,27.371183857782594,68.15885958437384,0.00998623518676301,381833.75,1.1108420876886864,0.01799391203846056,0.05487139813311172,0.9872758737440477,0.9843911821175128,-0.010784510171396477
2023-04-24,8244.601525168358,8244.601525168358,8117.476825191266,8138.0478515625,543745,MARUTI,-0.010784510171396477,-0.02403546721414196,0.028893962828324682,8156.3055419921875,8241.356318359374,8380.907268066407,0.9977615244627989,0.9874646280531844,0.971022300004527,8242.9735866767,8210.703891714862,32.26969496183847,20.984686413381706,11.285008548456762,58.8199445750932,0.010392217695840254,394646.15,1.3778038883693657,0.015621031271361349,0.16181769848771496,0.9896800025285015,0.983348944780864,0.0003247789217339925
2023-04-25,8180.197725386334,8194.61640527832,8093.6856460344225,8140.69091796875,906406,MARUTI,0.0003247789217339925,-0.03020278439835078,0.026234823425885345,8166.71103515625,8235.71287109375,8381.490075683594,0.9968138805113237,0.9884622066586956,0.9712701255337102,8227.237791490863,8205.517745511446,21.720045979416682,21.131758326588702,0.5882876528279795,59.12823981065481,0.010389471324368661,429060.45,2.1125368231912307,0.012398303812409351,0.46571800595237556,0.9916216316647357,0.9826072448605799,0.0044870078127365876
2023-04-26,8196.538917338015,8218.647559896803,8108.008598056462,8177.21826171875,959058,MARUTI,0.0044870078127365876,-0.019936606706659754,0.01840028819603945,8174.0982666015625,8229.410986328125,8382.060952148437,1.0003816928810283,0.9936577812560237,0.9755617751291605,8219.54247921823,8203.421487452728,16.120991765501458,20.129605014371254,-4.008613248869796,50.242085898975446,0.0101038013127952,449985.7,2.1313077282233635,0.013530146597442783,0.6255451290492239,0.993278653864966,0.9817884925089712,0.0042377286409824855
2023-04-27,8237.872592544496,8237.872592544496,8142.949614888281,8211.87109375,536521,MARUTI,0.0042377286409824855,-0.019702348879605647,0.036401178217688734,8188.5194091796875,8224.446181640626,8383.257023925782,1.0028517590791974,0.9984710109820286,0.9795561641869446,8218.36226606927,8204.047384215488,14.314881853782936,18.966660382253593,-4.651778528470658,56.184796659597204,0.009554642400016258,457219.75,1.1734423108363101,0.011559238640321618,0.7260779272151969,0.9956317092157357,0.9810561883249063,0.005454660483418028
2023-04-28,8259.980546401144,8278.676954512974,8204.324070177296,8256.6640625,387567,MARUTI,0.005454660483418028,0.003633811684701227,0.03759204909366809,8203.476391601562,8220.182119140625,8383.333674316405,1.006483552625676,1.0044380942940945,0.9848903053680809,8224.254850135538,8207.944915940267,16.309934195271126,18.4353151448571,-2.125380949585974,54.84510465901418,0.009573796847616072,458381.8,0.845511318294051,0.009005196744454326,0.7039403083060914,0.997967718075228,0.9805385826791532,0.021805657929721445
2023-05-02,8288.53064405286,8484.912885505126,8272.477658622081,8436.7060546875,865562,MARUTI,0.021805657929721445,0.0366989981593262,0.06920029101321279,8230.77822265625,8219.555400390625,8384.423454589843,1.0250192419793802,1.0264187834644383,1.0062356822005496,8256.93965083584,8224.8901854771,32.049465358741145,21.15814518763391,10.891320171107235,63.1201793850569,0.010225292098568142,483642.45,1.789673342362731,0.025179877727873865,0.7730751555429837,1.0013653806950547,0.9803363874579873,0.0023299646135683805
2023-05-03,8430.12147170957,8485.87370037082,8377.300853536419,8456.36328125,537008,MARUTI,0.0023299646135683805,0.038777097234397484,0.060516296683395865,8254.905517578125,8219.994697265625,8386.23439453125,1.0244046116873038,1.028755320737981,1.008362380947101,8287.620209361095,8242.036340719536,45.58386864155909,26.043289878418946,19.540578763140147,58.428712450300495,0.010087558529900627,493500.3,1.0881614458998303,0.012839189048930203,0.728197058645522,1.0042470611719632,0.9801770747817362,0.00037497187999613324
2023-05-04,8455.73801209875,8481.01857325915,8404.166831339395,8459.5341796875,271926,MARUTI,0.00037497187999613324,0.03452468907310435,0.061316900612085945,8279.342724609374,8219.134365234375,8387.90983154297,1.0217639806771772,1.0292487996631345,1.0085389983420168,8314.068512488235,8258.147291754201,55.92122073403334,32.01887604954183,23.90234468449151,61.48086554889338,0.01007569475129056,483158.75,0.5628088076641476,0.00908463046396663,0.7204436355641293,1.0073253893536127,0.9798787219106827,0.016822850234970765
2023-05-05,8459.534546438997,8639.672281238289,8449.345722305803,8601.84765625,951591,MARUTI,0.016822850234970765,0.047489367288876316,0.05240468230481654,8300.759252929687,8221.894111328125,8390.716779785156,1.0362723931806654,1.0462124103980341,1.0251624362978737,8358.342226913122,8283.60657801315,74.73564889997215,40.5622306196279,34.17341828034425,65.7824394882993,0.009215104794493664,499375.05,1.9055637641488097,0.022126241540001763,0.8012645991161635,1.0095920891869552,0.9798798275656548,0.014259064072807748
2023-05-08,8695.424285136345,8767.469802325824,8612.757195978516,8724.501953125,678780,MARUTI,0.014259064072807748,0.05666185363527387,0.07448759907095481,8331.000048828126,8227.055986328125,8394.039111328126,1.047233453605876,1.060464638580744,1.0393687517313208,8414.67449248418,8316.265494688101,98.40899779607935,52.13158405491819,46.277413741161155,69.99995952449376,0.009300192517881061,519669.65,1.3061759523574255,0.01773311613414126,0.7222731216590874,1.0126344177884212,0.9801069398432216,0.003889347193663628
2023-05-09,8730.991204286884,8785.782187292978,8701.04803721026,8758.4345703125,415394,MARUTI,0.003889347193663628,0.038134375375830976,0.06985139569427323,8359.59228515625,8235.090068359375,8396.922082519532,1.0477107341543985,1.0635505498554174,1.0430529763454104,8467.560658303923,8349.018759549168,118.54189875475458,65.41364699488548,53.1282517598691,69.30597945145915,0.00923760521050068,524961.8,0.7912842420153237,0.009674577049411635,0.6772538940464867,1.0151185009226837,0.9807272221214184,0.006211869205989817
2023-05-10,8775.015257327863,8824.231200787885,8708.881773326604,8812.8408203125,366827,MARUTI,0.006211869205989817,0.04215494618743554,0.07416383554978179,8390.015673828126,8244.669853515625,8399.072946777344,1.0503962284365378,1.0689137317675128,1.0492635170758835,8520.680683228318,8383.37594923534,137.30473399297807,79.791864394504,57.51286959847407,74.77677121305085,0.009252988342312474,527889.4,0.6948936652260871,0.013088790528862646,0.9012532552083281,1.0176290649467938,0.981616650523203,0.010116630019517237
2023-05-11,8884.742529248095,8954.000066117187,8787.752501945088,8901.9970703125,644550,MARUTI,0.010116630019517237,0.05230345799505298,0.06944369164377173,8418.91796875,8256.242294921874,8402.019343261718,1.0573801886840601,1.0782141260301683,1.0595068526534346,8579.344742779731,8421.79232857439,157.55241420534185,95.34397435667158,62.20843984867027,76.18029282733704,0.009026209751684165,539654.9,1.1943744048279743,0.01867531104076889,0.6871954421488328,1.0197033551120687,0.9826497604463676,0.0037251340963804225
2023-05-12,8902.043121223182,8968.224471798401,8874.840072255503,8935.158203125,403028,MARUTI,0.0037251340963804225,0.03874871541497482,0.07822122290924982,8451.3287109375,8267.760888671875,8405.078786621094,1.0572489260252462,1.0807228611760609,1.0630665612971608,8634.085275140542,8459.819430392952,174.26584474758965,111.12834843485518,63.13749631273447,89.98436762753943,0.008835233532298361,539383.4,0.747201341383513,0.010451342597407782,0.6459122847578875,1.0222028460592203,0.9836625091286716,-0.009477789307119622
2023-05-15,8883.828052109213,8946.789612097653,8829.42194980408,8850.47265625,259316,MARUTI,-0.009477789307119622,0.014438727139017837,0.0618742091203075,8477.1140625,8278.273076171876,8407.556276855468,1.0440431249358335,1.069120645672482,1.0526807510779086,8667.375641465074,8488.756706382363,178.6189350827117,124.62646576442648,53.9924693182852,90.39624168982202,0.009302667815522019,528339.1,0.4908135702998321,0.013261174499046713,0.17935695433095938,1.0240196215440716,0.984622975282427,-0.014765498488119255
2023-05-16,8861.814989789453,8871.61987828715,8706.093271923859,8719.791015625,448981,MARUTI,-0.014765498488119255,-0.004412153151030607,0.04573073540244943,8496.1802734375,8286.715654296875,8409.151413574218,1.0263189733493059,1.0522613999798056,1.0369406598565156,8675.439545181986,8505.870358918854,169.569186263132,133.6150098641676,35.95417639896439,78.67302084335643,0.010113061428706376,526320.35,0.853056508265356,0.018982863931794283,0.08275251938094899,1.0252771577883226,0.9854401766295104,0.005297082584001522
2023-05-17,8728.443090077732,8778.091783635206,8682.015131396332,8765.98046875,290482,MARUTI,0.005297082584001522,-0.0053172810581683105,0.04428770681462013,8514.768310546875,8296.232958984376,8410.815393066407,1.029503111422534,1.0566217838973426,1.0422271871495812,8689.368918038603,8525.137774461902,164.23114357670056,139.7382366066742,24.492906970026354,78.87514374291463,0.01008598992658953,527038.9,0.5511585577459273,0.010960171834899522,0.8739411230202585,1.026341515799148,0.9863767745780643,-0.007248257757818233
2023-05-18,8790.54089506583,8795.394996364304,8693.598737805161,8702.4423828125,272497,MARUTI,-0.007248257757818233,-0.022416844885907672,0.043013031897025655,8532.71240234375,8301.791845703125,8413.161281738281,1.01989167951121,1.0482607302803846,1.0343843522531937,8691.38022031151,8538.27144915454,153.10877115697076,142.41234351673353,10.696427640237232,73.3965942677657,0.010141731121317313,526622.8,0.5174424654610472,0.01169743551077026,0.08687593367884464,1.0278157488085113,0.9867624746149944,0.005815536923284181
2023-05-19,8708.882348884814,8764.82701264405,8613.286316815258,8753.0517578125,543472,MARUTI,0.005815536923284181,-0.020380886512877838,0.04490145794537215,8551.519189453125,8312.503974609375,8416.217399902343,1.0235668731946403,1.052998204217259,1.0400220600187995,8700.868149157815,8554.181101647722,146.68704751009318,143.26728431540548,3.419763194687704,73.54337521387237,0.010167211976281168,535343.4,1.0151838987834725,0.017312898406379725,0.9222964183505343,1.0287536963078543,0.9876769550541588,0.005567700997141101
2023-05-22,8737.71876549767,8814.330194782142,8722.194280213382,8801.7861328125,182115,MARUTI,0.005567700997141101,-0.005501008288310905,0.06989579559488779,8580.27001953125,8323.181474609375,8418.88572998047,1.0258169163414455,1.0575026099891192,1.0454811260198587,8716.393992796999,8572.522215067334,143.87177772966425,143.38818299825724,0.4835947314070097,69.77916278676034,0.009004719274747377,523241.3,0.34805165417943884,0.010467865633008664,0.8638526352253182,1.0308882541737372,0.9886321945159224,0.004810591422705901
2023-05-23,8813.656272445298,8877.098448689314,8801.88102003637,8844.1279296875,269008,MARUTI,0.004810591422705901,0.014259162156489813,0.08676283194739787,8615.5740234375,8334.125224609375,8421.465197753907,1.0265279951896704,1.0611945094815909,1.0501887405586288,8736.04536770323,8592.64115689105,143.40421081217937,143.39138856104168,0.012822251137691865,70.50416774677285,0.008362041999509117,509504.45,0.5279796869291328,0.008504787498658685,0.5616638378594276,1.0337706467377106,0.989628886293109,0.007613742654769551
2023-05-24,8812.696889410243,8957.076120869588,8804.045681730848,8911.46484375,470365,MARUTI,0.007613742654769551,0.016596474920134607,0.09468163495557103,8654.112719726563,8345.215126953124,8424.130671386718,1.029737551654119,1.0678532198610458,1.0578497878740836,8763.032979402733,8616.25772628801,146.77525311472345,144.06816147177804,2.7070916429454144,72.37853913295777,0.008342985022470318,487702.4,0.9644508618370546,0.017172310256721356,0.7019463750068986,1.0370149346750537,0.9906322031896255,0.0011973252503467702
2023-05-25,8863.403050297466,8933.237900377007,8858.885009414695,8922.134765625,218979,MARUTI,0.0011973252503467702,0.025244910928269526,0.09109656610164607,8691.358544921875,8359.439658203126,8425.751999511718,1.0265523760768058,1.0673125389295324,1.0589125773155972,8787.510177283082,8638.915284757417,148.59489252566527,144.9735076825555,3.62138484310978,68.237556329601,0.008376991804072633,450698.45,0.4858658821657807,0.008333531482709492,0.8506697640360037,1.0397058774618986,0.9921298014334584,0.012723688211354611
2023-05-26,8971.301671104682,9050.123779433256,8950.39458749314,9035.6572265625,346760,MARUTI,0.012723688211354611,0.03228650721706994,0.10031649588843128,8732.5478515625,8374.788837890625,8427.130910644531,1.0347103022110282,1.0789116479787364,1.0722103788786908,8825.686646402992,8668.30357674298,157.38306966001255,147.45542007804693,9.927649581965625,67.90376940980263,0.008580670468279327,441210.4,0.7859288901621538,0.011037292522223822,0.8549416415662704,1.0427185712496108,0.9937888620327717,-0.007069214601481799
2023-05-29,9069.348616019412,9121.063420914452,8951.163328929139,8971.7822265625,236834,MARUTI,-0.007069214601481799,0.01931381780753183,0.08661102821300593,8768.303759765626,8390.459052734375,8428.928674316407,1.023206137968276,1.0692838341948259,1.0644036239030246,8848.162889504454,8690.78347672961,157.37941277484424,149.4402186174064,7.939194157437839,61.86704357065103,0.008980077665088168,433673.75,0.5461109878105374,0.01893716183639578,0.12135895509193628,1.0450326620577588,0.9954360010544102,0.0053409643190101
2023-05-30,9016.48039922777,9038.493290827448,8939.580779618153,9019.7001953125,372004,MARUTI,0.0053409643190101,0.019851845995538797,0.06910210416790386,8797.453466796875,8407.2077734375,8430.931188964843,1.0252626205247262,1.0728532514457612,1.0698343982593868,8874.553244244154,8715.147678106121,159.40556613803346,151.43328812153183,7.972278016501633,61.58980038037377,0.007980182882995991,408995.85,0.9095544612494235,0.010966274828147791,0.8100028471101879,1.0464179908330984,0.9971861452791365,-0.0016677903283102147
2023-05-31,9083.719647588248,9083.719647588248,8908.436014765362,9004.6572265625,1614766,MARUTI,-0.0016677903283102147,0.010457582950333943,0.06483803108698183,8824.8681640625,8424.37080078125,8433.46166748047,1.0203730026508673,1.0688818713591568,1.067729668029982,8894.569241523901,8736.59282984363,157.97641168027076,152.74191283327963,5.23449884699113,56.272719244438186,0.008057477287644263,462883.75,3.4884914408855354,0.019465886197846966,0.5489457871652148,1.0475403294503738,0.9989220480204144,-0.004206048324169043
2023-06-01,8975.626846502772,9014.124528125296,8864.603028481773,8966.783203125,378706,MARUTI,-0.004206048324169043,0.005004232582545232,0.059961814996323914,8850.230615234375,8441.497294921875,8435.414670410157,1.0131694407702774,1.0622266275580186,1.0629925799117836,8905.679081770224,8753.643968605213,152.03511316501135,152.600552899626,-0.5654397346146425,51.92127882748834,0.008205080834410832,468222.75,0.808815889445782,0.016675043463904977,0.6833811517864427,1.0484195286727604,1.0007210818613406,0.01683590020721004
2023-06-02,9025.131467853696,9156.00538145368,8951.788644520406,9117.7470703125,445105,MARUTI,0.01683590020721004,0.009085099367058369,0.05997541861691236,8876.0255859375,8463.961591796875,8438.325559082032,1.02723307656503,1.0772434363536412,1.0805161529350118,8938.304926161343,8780.614568731678,157.6903574296648,153.61851380563377,4.0718436240310325,65.02727199851533,0.008206242736321083,442898.45,1.0049820675597307,0.022397719015282508,0.8126582976708667,1.0486845302488128,1.0030380473632297,0.010199888117406575
2023-06-05,9182.294588450755,9266.4035417603,9120.822771403036,9210.7470703125,434649,MARUTI,0.010199888117406575,0.026635158736076248,0.055733280799293405,8900.337841796874,8490.155517578125,8442.017932128907,1.0348761175174623,1.0848737754264282,1.0910598798017164,8980.2191021846,8812.476235515443,167.74286666915577,156.44338437833818,11.299482290817593,78.82495943489803,0.007958232721117087,430691.9,1.0091877743695667,0.01580553338897898,0.6176935229067938,1.0483126985565225,1.0057021420513708,0.01608218151244656
2023-06-06,9255.83030037807,9391.365877525572,9238.527886274132,9358.8759765625,542318,MARUTI,0.01608218151244656,0.03760388637155243,0.0685557905844556,8930.359912109376,8519.142822265625,8447.001989746093,1.0479841874986546,1.0985701462947832,1.107952382149707,9038.474005935046,8852.950290407818,185.52371552722798,162.25945060811614,23.264264919111838,81.0886679277089,0.008499103176848386,437038.1,1.24089410053723,0.016330806352621033,0.7874226120283051,1.0482697729599033,1.0085404067155548,-0.002947778204785312
2023-06-07,9408.668327082796,9420.20326986222,9276.49710773524,9331.2880859375,453747,MARUTI,-0.002947778204785312,0.03627354724969245,0.058828620214045335,8956.282275390626,8547.116962890625,8450.384606933594,1.041870700254422,1.0917468576189544,1.1042441876883473,9083.522325935424,8888.382719706313,195.13960622911145,168.8354817323152,26.30412449679625,84.26558169828911,0.008583435782795065,441384.1,1.028009391366839,0.015400463559103853,0.38127090301003136,1.0478717343259125,1.0114470950680352,-0.005037341295178521
2023-06-08,9355.800226805652,9386.56007549134,9252.46636012718,9284.283203125,273746,MARUTI,-0.005037341295178521,0.035408461742372443,0.04294386189896593,8975.39658203125,8572.213154296875,8453.817458496094,1.0344148159104347,1.0830672354981277,1.0982355898629308,9114.40861473382,8917.70868144103,196.69993329278986,174.40837204441016,22.291561248379708,79.06077011593729,0.008581456888114502,422843.9,0.6473925720579154,0.014443087573957705,0.23727318548385656,1.047033761349282,1.0140049979056258,-0.0031888778772425352
2023-06-09,9300.52834362204,9337.440536419725,9238.62377451986,9254.6767578125,161389,MARUTI,-0.0031888778772425352,0.01501793002635976,0.0357596975256409,8991.372509765624,8598.837724609375,8457.086169433594,1.0292840995922368,1.076270660548245,1.09431033010656,9135.988329053616,8942.66927969077,193.31904936284627,178.1905075080974,15.128541854748875,75.3047416380204,0.008653182723876105,410761.95,0.39290153335770267,0.010677494685748704,0.1624520272067562,1.0456497491553816,1.0167612759685614,-0.008033944830891593
2023-06-12,9251.985843374328,9324.079239556464,9168.021443440635,9180.3251953125,316879,MARUTI,-0.008033944830891593,-0.0033028672666578496,0.03726948287101539,9007.86513671875,8623.293740234374,8460.794172363281,1.0191454974043461,1.0645961359844605,1.0850429650327067,9142.809385401137,8960.273421588676,182.53596381246098,179.05959876897012,3.4763650434908584,68.13591001424466,0.008559714276907535,413640.1,0.7660741789782954,0.016999157741766305,0.07884099467054295,1.0445968104611874,1.0192061837885016,-0.003450185854110388
2023-06-13,9216.419155092592,9245.30438616567,9137.260986834546,9148.6513671875,561014,MARUTI,-0.003450185854110388,-0.022462591651119967,0.04918241168785187,9029.308154296876,8648.45337890625,8465.069309082031,1.0132173153082422,1.057836698235692,1.0807532736172716,9143.708151829807,8974.227343484885,169.48080834492248,177.14384068416058,-7.6630323392381,63.306848825729304,0.007736988758016495,419241.75,1.3381634820482455,0.01180976244418181,0.1054241205244329,1.0440373276821424,1.0216636229578733,0.0015760733176710673
2023-06-14,9151.054746918437,9226.993121393916,9122.69801214595,9163.0703125,328167,MARUTI,0.0015760733176710673,-0.01802728325267422,0.045298965148917736,9049.162646484376,8672.2384375,8468.971965332032,1.0125876471078656,1.0565980604128193,1.0819578043249263,9146.686945779067,8988.215711560078,158.47123421898868,173.40931939112622,-14.938085172137534,63.4605564090925,0.007709149460768077,421126.0,0.7792608387988393,0.011382113821138164,0.3870967741935394,1.0434633124654993,1.0240013159802683,0.006540776367091716
2023-06-15,9184.698657299665,9321.96429564356,9173.163713930997,9223.00390625,459978,MARUTI,0.006540776367091716,-0.006600326113961441,0.05981786497841335,9075.19072265625,8697.28271484375,8473.253591308594,1.0162876118101554,1.0604466025358696,1.088484347466062,9158.42801662075,9005.607429685257,152.82058693549334,169.29157289999964,-16.470985964506298,61.13329920970132,0.007426815158565882,430500.05,1.0684737434989846,0.01613363533454951,0.3349462196006666,1.0434512732542913,1.0264395631643732,0.0009223498140054076
2023-06-16,9223.19559569659,9269.672364483162,9181.814177457847,9231.5107421875,682099,MARUTI,0.0009223498140054076,-0.002503168531028832,0.05466196220626185,9099.113671875,8718.442587890626,8477.424431152343,1.0145505458099433,1.0588486015850462,1.0889522893609154,9169.671512861787,9022.341008389127,147.33050447266032,164.89935921453178,-17.568854741871462,66.52192387398804,0.00740750596685689,437431.4,1.5593279311910393,0.009517205740097076,0.5656452336688186,1.0436627390897892,1.0284305874615176,-0.007465725145077262
2023-06-19,9264.482829015094,9268.472372766808,9141.443422279886,9162.5908203125,395006,MARUTI,-0.007465725145077262,-0.0019317806965112316,0.04099221249593232,9117.15390625,8739.30068359375,8481.324211425781,1.0049836730332427,1.0484352412216906,1.0803255001110483,9168.582175546511,9032.729883346414,135.8522922000975,159.08994581164492,-23.237653611547415,58.853048590119336,0.007708262358770471,448075.95,0.8815603693971971,0.013863868089068402,0.16647699561046836,1.0432360936345388,1.0304170039650684,-0.004185987668735791
2023-06-20,9160.667901246,9169.223360081987,9054.930916027,9124.236328125,612713,MARUTI,-0.004185987668735791,-0.002668703624456259,0.031671680991547824,9131.159326171875,8758.05361328125,8484.486228027345,0.9992418270452217,1.0418109697671236,1.0754023382092752,9161.759737481663,9039.508138515197,122.25159896646619,151.72227644260917,-29.47067747614298,57.200739074134404,0.007799958206252508,465261.2,1.316922623249048,0.012526247671017258,0.6063866484879463,1.042601441983048,1.0322432470159728,-0.005399317451439067
2023-06-21,9133.752201153771,9167.395784298413,9031.908081005568,9074.9716796875,356331,MARUTI,-0.005399317451439067,-0.00961453200815432,0.0183479190912339,9139.33466796875,8775.4655859375,8486.209738769532,0.992957584920615,1.0341299377015338,1.0693786695169918,9148.407728590253,9042.135067490923,106.27266109933043,142.63235337395344,-36.359692274623,56.42666289213462,0.007813684610900914,459559.5,0.7753751146478313,0.01492982105895793,0.31784138069603374,1.0414643620293311,1.0340853992621102,-0.004003864939747248
2023-06-22,9073.241546825331,9126.398219986731,9010.520295938792,9038.63671875,288487,MARUTI,-0.004003864939747248,-0.01998992837627045,0.013057632078575576,9145.159765625,8789.759296875,8488.02913330078,0.988351975295675,1.028314475228404,1.0648687200293694,9131.519880922522,9041.875930547152,89.64395037536997,132.03467277423675,-42.390722398866785,44.55977338936816,0.00789078558094736,463034.9,0.6230351103124192,0.012820287799327017,0.2426383026984187,1.0404334699900548,1.0355477294947601,-0.008055911017416095
2023-06-23,9054.92988439618,9061.658600870784,8944.386685170537,8965.822265625,309138,MARUTI,-0.008055911017416095,-0.028780606336546666,-0.0077288191867441736,9141.668017578126,8803.336875,8489.988630371094,0.9807643690828632,1.0184572501236924,1.0560464396326414,9106.027940107519,9036.242325738103,69.78561436941527,119.58486109327247,-49.799246723857195,32.67616841215306,0.007583327950082396,461153.8,0.6703576984511458,0.013079884055907246,0.18278528432377183,1.0384321476483456,1.0369079698773649,0.015320767820331538
2023-06-26,8965.823216221825,9151.055375697926,8939.581406931798,9103.185546875,405168,MARUTI,0.015320767820331538,-0.006483458074522441,0.014646289554761882,9148.23818359375,8818.7052734375,8492.488591308595,0.9950752663174482,1.0322587346573848,1.0719102473910187,9105.590648840978,9041.201082859356,64.38956598162258,108.54580207094249,-44.156236089319904,31.635016406137126,0.008170771931634119,469570.5,0.862848070736982,0.023230765502601867,0.773637251420452,1.037367493292788,1.0384123780234173,-0.0009716078527627348
2023-06-27,9122.216931060737,9131.829383042888,9030.946511747015,9094.3408203125,339375,MARUTI,-0.0009716078527627348,-0.0032764942442743417,0.008275288910244427,9151.97021484375,8833.82275390625,8495.238952636719,0.9937030613978857,1.0294909773111591,1.0705220737186956,9103.859905990443,9045.137359707738,58.72254628270457,98.58115091329492,-39.85860463059035,32.510343833345345,0.008106120168303975,467939.05,0.7252547099884056,0.011092928370415573,0.6283951651173713,1.0360146982569711,1.039855712494637,0.00841880440542675
2023-06-28,9108.230922747796,9203.922693662991,9066.993128613023,9170.904296875,482586,MARUTI,0.00841880440542675,0.010571120282636848,0.018462342999808312,9160.282568359375,8849.3564453125,8498.871252441406,1.0011595415792427,1.0363357328354452,1.0790732115444794,9114.17442766499,9054.453429127536,59.72099853745385,90.80912043812671,-31.08812190067286,41.98113598501487,0.00827978503010909,411330.05,1.1732330278325156,0.014930868387387596,0.7588658316708875,1.0351354502407428,1.0412390283910247,0.02603597527251078
2023-06-30,9198.155902436823,9471.63017918918,9171.241035129036,9409.677734375,845006,MARUTI,0.02603597527251078,0.04105055078221054,0.04939280020683978,9182.427294921876,8870.6787890625,8503.669782714844,1.024748406075461,1.0607618602960895,1.1065431719258163,9159.636474851144,9080.766340627348,78.87013422379641,88.42132319526067,-9.551188971464256,58.45966069896227,0.009893339166496144,434645.05,1.9441288932198815,0.031923425279781474,0.7937593749999965,1.0351437035735935,1.0431588967734453,-0.01185510678728996
2023-07-03,9364.498794604566,9406.601147438225,9282.312328410004,9298.125,398066,MARUTI,-0.01185510678728996,0.03706327479288207,0.019783168835074694,9191.44619140625,8889.10296875,8507.163903808594,1.011606313780468,1.0460138703182913,1.0929758853990457,9180.942401797121,9096.86698206236,84.07541973476145,87.55214250316084,-3.4767227683993838,56.17840214956172,0.009778493230355356,432293.1,0.9208243203511692,0.013367084119456455,0.12722521393019065,1.0340127933852439,1.0448961686009617,-0.0026464929085164846
2023-07-04,9324.078701577031,9339.939247821983,9247.226957937835,9273.517578125,247673,MARUTI,-0.0026464929085164846,0.01871125556794495,0.006814920367840482,9194.584716796875,8910.0379296875,8510.623186035156,1.0085847119537579,1.0407943996766182,1.0896402502394484,9195.184736616795,9109.952211400334,85.232525216461,87.08821904582088,-1.855693829359879,56.59792995191767,0.009563667487115136,422944.3,0.5855924763615445,0.00999753212339232,0.2835721156280042,1.031935530393343,1.0469313157123126,0.0357505337464441
2023-07-05,9321.195244971348,9647.970757405496,9300.04784934493,9605.05078125,815044,MARUTI,0.0357505337464441,0.05615689702290605,0.026303885776881364,9206.89345703125,8939.37798828125,8515.745666503906,1.0432455666047356,1.0744652249677091,1.127916586216378,9258.24105117575,9146.626179537345,111.61487163840502,91.99354956433771,19.621322074067308,67.4921619432197,0.011971187280501004,436580.6,1.8668809379069982,0.03622291188087679,0.8766394072906974,1.029925512614042,1.0497469438811062,-0.013300192403654765
2023-07-06,9612.404589450378,9628.120573742544,9434.814530178544,9477.3017578125,652120,MARUTI,-0.013300192403654765,0.033409732674007486,0.01564775093537696,9214.194140625,8966.110205078125,8520.03377685547,1.0285545988256823,1.0570137485533975,1.1123549514037647,9291.942698350635,9171.120666816985,120.82203153364935,97.75924595820004,23.06278557544931,59.5515764809105,0.012384222381629456,446499.25,1.4605175708581817,0.02039673828098282,0.2197925468372069,1.0276690705191611,1.0523561807271722,-0.0009281015485498312
2023-07-07,9472.110528999898,9559.583845230767,9434.621964900954,9468.505859375,457050,MARUTI,-0.0009281015485498312,0.006251874576436611,0.01984242102696654,9223.4052734375,8991.93595703125,8523.112165527344,1.02657376301607,1.052999699355187,1.1109211841270146,9319.106261585153,9193.14919959906,125.95706198609332,103.39880916377871,22.558252822314614,58.89974307388661,0.012315328298505865,455664.45,1.0030407243751405,0.013197634577802453,0.2711538461538475,1.0257418777794178,1.0550061740827623,-0.01156826444576231
2023-07-10,9472.11043021088,9548.384863191812,9343.063258985409,9358.9716796875,272008,MARUTI,-0.01156826444576231,0.00654397307924981,0.011269428917326296,9228.62001953125,9014.87796875,8525.739484863281,1.0141247185256708,1.0381695361967516,1.0977313693789907,9325.239402831668,9205.432346272279,119.80705655938982,106.68045864290094,13.126597916488876,57.15628861165994,0.012606363727586492,461195.4,0.58978905687264,0.021938479058765458,0.0774805007177873,1.0237099217007912,1.057371971634266,0.016828876286091976
2023-07-11,9416.358586724436,9570.974511633538,9358.972056838771,9516.47265625,568772,MARUTI,0.016828876286091976,0.026198804938710518,0.03661607337277517,9245.427392578125,9040.074140625,8528.71598876953,1.0293166829571838,1.0526985186420235,1.115815401612755,9354.659903357566,9228.472369233592,126.18753412397382,110.58187373911552,15.605660384858297,63.151414976339574,0.012928282574933017,473790.05,1.200472656612354,0.02227741963357957,0.7429187532932127,1.022715881391978,1.0599572259797156,-0.006500036737285719
2023-07-12,9511.521137259766,9564.38962261088,9425.009070321576,9454.615234375,552967,MARUTI,-0.006500036737285719,-0.015662129258979585,0.03344360331456819,9260.7255859375,9060.43232421875,8531.287082519531,1.0209367664162217,1.0435059714648043,1.1082284704434988,9370.037646591018,9245.223692577401,124.81395401361624,113.42828979401567,11.38566421960057,62.62259589315528,0.013012154659172374,473387.7,1.1681059731801227,0.014742064995151453,0.21241244612069252,1.022106369161145,1.0620240810772184,-0.019139131579050672
2023-07-13,9471.102273805598,9515.319558574003,9239.490025954818,9273.662109375,519564,MARUTI,-0.019139131579050672,-0.02148709133057114,0.012069294800033825,9266.25517578125,9076.77830078125,8533.207893066407,1.0007993448759223,1.0216909350509094,1.086773254043212,9355.210640865476,9247.330241969816,107.88039889566062,112.31871161434466,-4.438312718684045,57.12870688848262,0.013823833529396486,482957.55,1.0757964131630202,0.02974332355071918,0.12388841432494789,1.0208749039274971,1.0637005935548012,-0.004550437384098771
2023-07-14,9325.953106555204,9350.320297021197,9219.302763292522,9231.462890625,498441,MARUTI,-0.004550437384098771,-0.0250348864193074,0.000917161530124444,9266.678125,9092.216875,8534.177795410156,0.9961997995506076,1.0153148585806253,1.0817050115348965,9336.172525443864,9246.154882610941,90.01764283292323,107.85849785806039,-17.84085502513716,58.2097912904067,0.013799212614290143,484880.7,1.0279662605667745,0.014192499637487498,0.09281297690781015,1.0191879771895564,1.0653887337442123,0.00894444504390024
2023-07-17,9273.132407769768,9323.11715797232,9184.697849719098,9314.033203125,444583,MARUTI,0.00894444504390024,-0.004801646815539962,0.008939215177465654,9270.804248046876,9106.4605859375,8535.84122314453,1.0046629131541884,1.0227939950136105,1.0911675791098876,9332.766475856346,9251.182906352722,81.58356950362395,102.60351218717311,-21.01994268354916,56.74481490089644,0.013939172536489105,473004.9,0.9399120389661925,0.01486137157067254,0.9343736436631983,1.018046930589384,1.066849809863586,-0.00246635149204677
2023-07-18,9333.884816178375,9387.81030500523,9229.589695358494,9291.0615234375,320985,MARUTI,-0.00246635149204677,-0.023686416275725874,0.014021220159716519,9277.227783203125,9117.79177734375,8539.833757324219,1.001491150218325,1.0190034769739202,1.0879674929818146,9326.35032933037,9254.13687798863,72.21345134173862,96.5255000180862,-24.312048676347587,56.236540364355974,0.013832536585893687,469303.85,0.6839598694960632,0.017029336125652716,0.3885197270839474,1.0174862521269183,1.067677900582531,-0.006011111780297118
2023-07-19,9276.978209275723,9291.39688849437,9156.48648875836,9235.2119140625,450254,MARUTI,-0.006011111780297118,-0.023205949144793903,0.012162725947312714,9282.7765625,9127.32732421875,8543.839748535156,0.994876032174506,1.0118199540798198,1.0809205446117924,9312.329034673774,9252.735028808916,59.594005864857536,89.13920118744048,-29.54519532258294,52.06584502601639,0.01387302832303603,461180.9,0.9763066944012642,0.014608262484002151,0.5835385964179796,1.017031189170654,1.0682933660809395,0.017168812005933898
2023-07-20,9247.179625543618,9405.785097291508,9204.356335914908,9393.76953125,466813,MARUTI,0.017168812005933898,0.012951455472329565,0.03512934946960389,9298.716455078125,9138.9458984375,8548.86586669922,1.0102221716976825,1.0278832630857426,1.0988322518712068,9324.858341839346,9263.182028989739,61.67631284960771,83.64662351987393,-21.970310670266215,49.461189075335625,0.014263551810759166,466705.0,1.000231409562786,0.021442804265796762,0.9403483099464491,1.0174823834626203,1.0690243642770025,-0.00025074798164503864
2023-07-21,9343.303924991586,9463.459582463183,9326.962755575449,9391.4140625,328483,MARUTI,-0.00025074798164503864,0.0173267415760765,0.03902992837605579,9316.355322265625,9148.73423828125,8554.369958496094,1.0080566635382604,1.0265260546320496,1.097849883517437,9335.097683479447,9272.680698138647,62.41698534080024,79.40069588405919,-16.98371054325895,53.41209449052894,0.014207427118496463,468704.8,0.7008313121606606,0.01453421454738831,0.47218172315141776,1.0183217786874816,1.0694807779729985,-0.007702035852228728
2023-07-24,9391.414765903091,9434.62293130932,9304.854811520552,9319.0810546875,358506,MARUTI,-0.007702035852228728,0.0005419619462818659,0.03940060137226853,9334.01826171875,9156.4126953125,8558.535275878907,0.9983997023990717,1.0177655119737314,1.088864011690422,9332.633586742224,9276.117761586711,56.515825155513085,74.82372173834997,-18.30789658283689,51.61028911828758,0.014194444170390551,471173.2,0.7608794388135828,0.013924990997207313,0.10962818287037472,1.0193968503076727,1.069857446415934,0.006580710213283547
2023-07-25,9251.023995462336,9396.124149136032,9244.102842136488,9380.4072265625,240998,MARUTI,0.006580710213283547,0.009616307340083452,0.030453260373525692,9347.879345703124,9167.01138671875,8564.358498535155,1.0034797069641606,1.0232786707511807,1.0952842793966322,9339.983377483804,9283.842907140473,56.14047034333089,71.08707145934616,-14.946601116015273,40.18641272398238,0.013895074813330226,462964.7,0.5205537268824167,0.016206258782568157,0.8966136860434996,1.0197303080965316,1.0703675457171338,-0.00023049205890313118
2023-07-26,9383.195905921444,9429.816302524136,9348.350764130771,9378.2451171875,209861,MARUTI,-0.00023049205890313118,0.015487809533336394,0.03121768828378313,9362.074560546875,9180.18046875,8569.481213378906,1.0017272407452051,1.0215752456187246,1.0943772305079484,9345.86979897668,9290.835663440253,55.03413553642713,67.87648427476236,-12.842348738335232,45.139358763760015,0.013888865315099783,456489.0,0.45972849291001533,0.008686650580721366,0.36695704277286884,1.0198137817024464,1.0712644371537514,-0.0002819857251494806
2023-07-27,9391.365382331804,9446.300919701544,9316.052198175856,9375.6005859375,256672,MARUTI,-0.0002819857251494806,-0.0019341485068435915,0.022320185931091974,9372.309375,9192.37287109375,8574.530627441407,1.0003511632838624,1.01993258078335,1.093424350941426,9350.443766201422,9297.114546588196,53.32921961322609,64.96703134245512,-11.637811729229028,45.41351411549064,0.013800983849705255,445193.3,0.5765405723760892,0.013892306986823696,0.45718980627307043,1.0195745436384633,1.0720555177300364,-0.008540390381241214
2023-07-28,9361.567030050432,9372.14072728121,9176.431579477929,9295.529296875,381151,MARUTI,-0.008540390381241214,-0.010209832618057857,-0.01213096141252512,9366.601953125,9204.234609375,8578.813937988281,0.992412119506553,1.0099187701503187,1.083544807483584,9341.99538630505,9296.997120683516,44.9982656215343,60.973278198270954,-15.975012576736653,46.77417913249178,0.01264230656099764,422000.55,0.903200244644231,0.02105411553800124,0.6085444586207245,1.0176405046851609,1.0729029299280244,0.015557924245757526
2023-07-31,9295.52891493799,9456.441730761167,9233.721038680857,9440.1484375,600060,MARUTI,0.015557924245757526,0.012991343470674321,0.015274416885124653,9373.703125,9217.97654296875,8583.419978027343,1.007088480573146,1.0241020242886945,1.0998120168494367,9357.095855719657,9307.600921929181,49.49493379047635,58.67760931671204,-9.182675526235684,46.06767012624753,0.01283495888013479,432100.25,1.3887055145189109,0.023592922670111455,0.9268442769776762,1.0168937923963404,1.073928173917367,-0.010589743441203225
2023-08-01,9381.7535441377,9508.637915841202,9276.064442236911,9340.1796875,1394528,MARUTI,-0.010589743441203225,-0.004288464039022499,0.007188438347520698,9377.03623046875,9228.7444140625,8588.382883300781,0.9960694891154422,1.0120748032926017,1.0875364797325244,9354.493368301248,9310.014163823314,44.47920447793331,55.8379283489563,-11.358723871022988,44.32690929793917,0.013069145591403895,489443.0,2.8492143109616443,0.02490032112717751,0.2756773774303115,1.0160684714792065,1.0745613626526636,-0.0064785415497393695
2023-08-02,9338.497340698606,9413.907216180136,9151.390582570197,9279.6689453125,672815,MARUTI,-0.0064785415497393695,-0.010511153274757046,-0.03387611823694647,9360.767138671876,9237.455234375,8593.031467285156,0.9913363731670733,1.0045698420037168,1.079906314860066,9342.98191861067,9307.766369859552,35.21554875111906,51.71345242938885,-16.497903678269793,50.338169563089984,0.010148889964286012,482331.55,1.394922227252188,0.02828943954326581,0.48864851334679943,1.0133491206363847,1.0749937632072282,-0.0021015785412098476
2023-08-03,9313.67797569376,9372.96332807518,9232.901244832256,9260.1669921875,614897,MARUTI,-0.0021015785412098476,-0.012312127920971694,-0.02291103218761681,9349.910400390625,9244.42927734375,8597.760607910157,0.9904016825445326,1.001702399831466,1.0770440600158038,9330.241160699414,9304.240490031993,26.00067066742122,46.570896076995325,-20.570225409574107,51.6583485008683,0.009775687952603128,480470.4,1.2797812310602277,0.015125222186715501,0.19466901194061567,1.0114102363577369,1.0752136165362225,-0.007680536099943347
2023-08-04,9275.981636864037,9330.31793097119,9146.932938359549,9189.0439453125,540470,MARUTI,-0.007680536099943347,-0.01145554472065391,-0.029514890544826367,9335.9373046875,9249.7674609375,8602.289133300781,0.9842658155704145,0.9934351305715046,1.0682091479278812,9308.51851217835,9295.707412645363,12.81109953298801,39.818936768193865,-27.007837235205855,42.68208592198204,0.009884962597358894,484641.4,1.115195689018726,0.019956917575216282,0.22963169642856607,1.0093158929793535,1.0752681428865523,0.0056386145142912625
2023-08-07,9208.061774926324,9256.382078186783,9142.081985601246,9240.857421875,366329,MARUTI,0.0056386145142912625,-0.021111004444944625,-0.012620431160065615,9330.031591796875,9253.87146484375,8606.564865722656,0.9904422435182022,0.9985936650386606,1.0736986900172611,9298.109113670143,9291.644450366075,6.464663304068381,33.14808207536877,-26.68341877130039,47.15666049058378,0.00970518266487967,489357.45,0.7485918524383351,0.012368992114840549,0.8641763452626652,1.008230082646216,1.0752107965512607,0.0019687955937868207
2023-08-08,9256.528403509545,9337.110886673188,9222.616541393396,9259.05078125,430636,MARUTI,0.0019687955937868207,-0.008686011293613016,-0.027050135517484697,9317.160498046875,9259.6168359375,8610.530002441406,0.9937631516802725,0.9999388684545452,1.0753171731153266,9292.10013945166,9289.230104505625,2.8700349460359575,27.09247264950221,-24.22243770346625,51.41028233377432,0.008830879938840918,482450.65,0.8926011396191507,0.012365667710954641,0.31821868379236473,1.0062144755154492,1.07538291293475,-0.008325996058755059
2023-08-09,9256.575714426946,9256.624039464765,9137.71507239159,9181.9599609375,404602,MARUTI,-0.008325996058755059,-0.010529361009624871,-0.028838325693697486,9303.527734375,9262.86203125,8614.532634277344,0.9869331530029918,0.9912659748099926,1.0658686142069222,9275.155496603329,9281.284167945023,-6.1286713416939165,20.448243851262987,-26.576915192956903,36.132923637191304,0.0088963052381603,475032.4,0.8517355868778634,0.012950281593368506,0.3720904287956922,1.0043901877182027,1.075259961799082,-0.006921584412029058
2023-08-10,9181.960309994129,9217.764426629055,9064.506774888989,9118.40625,523490,MARUTI,-0.006921584412029058,-0.015308659369436706,-0.016741591136693157,9295.76494140625,9265.13701171875,8618.274929199219,0.9809204844868399,0.9841631309355531,1.0580314883093724,9251.040227895124,9269.219136986132,-18.17890909100788,12.722813262808813,-30.901722353816695,33.45230907648779,0.007989093757247863,475228.7,1.1015538413399695,0.016807504243416073,0.35169190248606785,1.0033057179455371,1.0750570256615888,-0.004336181281679563
2023-08-11,9118.406546721926,9187.685704844816,9066.399326863446,9078.8671875,498504,MARUTI,-0.004336181281679563,-0.011990013157865409,-0.016529959003569017,9288.13515625,9267.37869140625,8621.839235839843,0.9774693234724106,0.9796585949292157,1.0530081736806634,9224.552067834336,9255.118992579752,-30.566924745415236,4.064865661164004,-34.63179040657924,34.83724537034183,0.00798396121542617,475231.85,1.0489700974377034,0.013359197295931432,0.1027968750000039,1.0022397341831946,1.0748725924838618,-0.003761848213786334
2023-08-14,9081.924149613897,9085.805313780398,8982.85781328388,9044.7138671875,336864,MARUTI,-0.003761848213786334,-0.021225687805028537,-0.028915436531527394,9274.669189453125,9265.91802734375,8624.934064941406,0.9752060890185579,0.9761271188128929,1.0486704940681706,9196.884652350207,9239.533427735882,-42.648775385674526,-5.277862548203704,-37.370912837470826,28.057688968778407,0.00766674731525935,469845.9,0.7169669885381569,0.011382062717317435,0.6008504684940104,1.0009444463121246,1.0743175492793404,0.010502400886567509
2023-08-16,9056.696866421948,9157.364565146105,8979.219503339498,9139.705078125,336363,MARUTI,0.010502400886567509,-0.012889626155488942,-0.016290543866348317,9267.1013671875,9264.4971875,8627.352521972656,0.9862528439028865,0.9865300720752149,1.0593869967463894,9188.087794777099,9232.138735172113,-44.05094039501455,-13.032478117565873,-31.018462277448677,36.09540951840986,0.008110788944041667,470614.8,0.7147310284334449,0.019491335911153134,0.9008701849940932,1.0002810923933374,1.0738517017711546,-0.004697801851425654
2023-08-17,9135.192644840152,9193.26417918198,9072.220383160664,9096.7685546875,402798,MARUTI,-0.004697801851425654,-0.009278128701543764,-0.014990815658944667,9260.17919921875,9259.2550390625,8629.378708496093,0.982353403642012,0.9824514516892007,1.054162630008489,9174.038680917161,9222.111314395475,-48.072633478313946,-20.040509189715486,-28.03212428859846,34.475979208803636,0.008071513024671042,468242.0,0.8602346649809287,0.013306241144163624,0.20280404559117576,1.0000998093423663,1.0729920834215168,0.008613120365651872
2023-08-18,9072.220945069164,9188.655866289304,9059.26793910335,9175.1201171875,400745,MARUTI,0.008613120365651872,0.006219712703357638,-0.02327600366765703,9249.246728515625,9256.1316796875,8629.630964355469,0.9919856596430073,0.9912477949424835,1.0632111796072352,9174.205055727982,9218.630484972664,-44.425429244682164,-24.91749320070882,-19.507936043973345,43.28333654733461,0.007259129796098924,464938.6,0.8619310162675244,0.014102041775297785,0.8953863053826444,0.9992561740249457,1.0725987841102107,-0.0018242055116146627
2023-08-21,9174.63518730227,9187.685791205702,9133.59206611755,9158.3828125,375347,MARUTI,-0.0018242055116146627,0.00875832010291755,-0.02481322284899523,9237.595166015624,9253.613671875,8629.631076660156,0.9914250027099001,0.9897087923970243,1.0612716501021595,9171.770864462138,9214.167694419133,-42.396829956995134,-28.413360551966086,-13.983469405029048,31.66698012982458,0.007257375522271308,467281.8,0.8032561935859689,0.005906471283808054,0.4582924607623297,0.9982689459029328,1.0723069838874661,0.005625716023486049
2023-08-22,9140.335221104531,9225.574904134852,9130.147165879403,9209.9052734375,435930,MARUTI,0.005625716023486049,0.01826386203871877,-0.011715294738753768,9232.136376953125,9252.7182421875,8630.23966064453,0.9975919870972527,0.9953729306751398,1.067166803656259,9177.637696612193,9213.851959531607,-36.21426291941316,-29.973541025455503,-6.240721893957655,40.953398824628806,0.007243755094264723,471153.0,0.9252408453304978,0.010361424512223119,0.8357958494687773,0.9977755871630747,1.0721276124441348,0.011488882925069
2023-08-23,9236.2012494084,9353.606475921522,9165.369997049242,9315.716796875,546842,MARUTI,0.011488882925069,0.019257921042908466,-0.006896334895175604,9228.90185546875,9255.42607421875,8632.459660644532,1.0094068549829476,1.0065140947777855,1.0791497629980762,9198.880635114163,9221.397503038526,-22.516867924363396,-28.482206405237083,5.965338480873687,52.35508564005784,0.007574160133420288,486445.2,1.1241595147819323,0.020206333337164727,0.798712346971648,0.9971341979788608,1.0721655748261794,-0.002838365187193048
2023-08-24,9374.612675922182,9374.612675922182,9271.130758918092,9289.275390625,385559,MARUTI,-0.002838365187193048,0.021162112103896735,-0.009486820343333258,9224.453369140625,9258.2385546875,8634.500837402344,1.0070271937957027,1.0033523478309798,1.0758323573710653,9212.787520577369,9226.425494711599,-13.637974134229808,-25.51335995103563,11.87538581680582,51.88462720332628,0.007594979788040542,495230.1,0.778545165166657,0.011139934241644611,0.17534108598114245,0.9963507976871293,1.0722378431632424,-0.007102759840028949
2023-08-25,9270.160767023322,9338.808859368612,9203.210684029327,9223.2958984375,346449,MARUTI,-0.007102759840028949,0.005250697607735333,-0.016244792651304074,9216.838134765625,9259.44306640625,8636.258254394532,1.0007006484845944,0.9960961833547103,1.0679736092588774,9214.404194094312,9226.19367276537,-11.789478671058532,-22.76858369504021,10.979105023981678,52.23251681039203,0.007738852310256282,499718.95,0.6932876970144918,0.014701704990539853,0.1481230433810553,0.995398758722844,1.0721591218852924,0.009678384228963388
2023-08-28,9232.270916475503,9382.71435265101,9227.46778631966,9312.5625,325938,MARUTI,0.009678384228963388,0.016834815780965684,0.0018324080943650234,9217.689794921875,9261.23423828125,8637.963112792968,1.0102924601704857,1.005542270111967,1.0780970442219113,9229.505471925957,9232.59136367164,-3.085891745682602,-18.832045305168688,15.746153559486086,54.456120930526126,0.007850030592255497,496958.3,0.6558658945831068,0.01667066033987429,0.548126220703128,0.9952982029998352,1.0721548723176655,0.0024536328615243352
2023-08-29,9314.793426010134,9397.025586724129,9223.586073713785,9335.412109375,317224,MARUTI,0.0024536328615243352,0.01362737533245606,-0.011094775555535286,9212.452978515625,9263.312265625,8640.165759277344,1.0133470565490135,1.0077833761491075,1.080466783794181,9245.79880076427,9240.207715205222,5.591085559048224,-13.947419132325305,19.53850469137353,54.718178812182764,0.0069939300730835026,482816.5,0.657028084168623,0.01857866701312189,0.6447552447552486,0.994509600275691,1.072122054565742,0.018204685577493773
2023-08-30,9373.012263153896,9526.26993578657,9324.497706926391,9505.3603515625,543634,MARUTI,0.018204685577493773,0.02035737655218517,0.017684955706319228,9220.71201171875,9270.16765625,8643.969118652343,1.030870537923968,1.0253709214367803,1.0996522802298552,9285.73134704092,9259.848651231687,25.882695809234065,-5.981396144013431,31.864091953247495,67.92522073501839,0.007739094637786334,440271.8,1.2347690676532088,0.021227204587463175,0.8963703561080293,0.9946650755018539,1.072443402909251,0.021170825795354675
2023-08-31,9479.839489004844,9765.97867695,9479.839489004844,9706.5966796875,1581818,MARUTI,0.021170825795354675,0.044925063744333915,0.04600678503629774,9242.0583984375,9281.81486328125,8648.825275878906,1.050263508541402,1.0457649525080146,1.1223023208433474,9350.479859755778,9292.94109778397,57.53876197180762,6.72263547915078,50.816126492656835,78.28478687804012,0.008753728219780564,485721.95,3.2566327298982474,0.02947883767994044,0.792471637006665,0.9957167358507628,1.07318792636125,0.032732652518145944
2023-09-01,9701.940136966878,10089.037938002291,9655.705389757471,10024.3193359375,1193178,MARUTI,0.032732652518145944,0.08684785203906342,0.08252036322829714,9280.266015625,9300.80181640625,8654.958610839843,1.0801758612371404,1.0777908758635188,1.1582169004693574,9454.147471476044,9347.11726357312,107.0302079029243,26.784149963905485,80.24605793901881,85.86833375445231,0.011009290046780923,514636.0,2.318489184588719,0.043228126890502094,0.8506491092650919,0.9977920397416676,1.0746211778248742,0.0030199018928869226
2023-09-04,10091.996324055011,10156.957493652984,9980.703760891647,10054.591796875,819552,MARUTI,0.0030199018928869226,0.07968046355393588,0.094193460899056,9323.543408203124,9321.12091796875,8661.19596435547,1.0784088577341397,1.078689128202629,1.1608779940153706,9546.523521537423,9399.522784558443,147.00073697898006,50.8274673669204,96.17326961205966,88.42565240170778,0.01066488564475721,528590.1,1.550449015219922,0.01752967562702222,0.41921402075156994,1.0002598925875648,1.076193282813269,-0.009683949983206874
2023-09-05,10042.512597077191,10103.35003681294,9941.408077845916,9957.2236328125,507107,MARUTI,-0.009683949983206874,0.06660782793006548,0.0775216171219908,9359.36171875,9340.9489453125,8667.077443847656,1.0638784921481106,1.065975597458892,1.1488559664227596,9609.708154041282,9440.833958503188,168.87419553809377,74.43681300115509,94.43738253693869,81.05025151349479,0.011124131559507299,535629.0,0.9467504560059294,0.016263766380958875,0.09766187260835084,1.0019711887459506,1.0777507188358162,-0.008112338355172999
2023-09-06,9955.186768058998,9955.186768058998,9829.194846705428,9876.447265625,663758,MARUTI,-0.008112338355172999,0.03903975234368673,0.06668032166161741,9390.23154296875,9356.4141796875,8673.268762207032,1.0517788853694796,1.0555803832483686,1.1387226127086834,9650.744940438777,9473.101610882582,177.64332955619466,95.078116312163,82.56521324403165,78.78563903468954,0.011435436202060225,547285.1,1.2128194244645067,0.012756805961196759,0.3750432441375962,1.003614350821992,1.078764470029709,0.01001089436852709
2023-09-07,9848.4537859364,9994.871078877291,9848.4537859364,9975.3193359375,445805,MARUTI,0.01001089436852709,0.027684539197177394,0.08640414229371096,9429.89951171875,9374.03375,8680.619631347656,1.0578394100107795,1.0641437402481615,1.1491483050258757,9700.679462823196,9510.302923849613,190.3765389735836,114.13780084444713,76.23873812913646,79.1022872567126,0.011187129872700688,549345.25,0.8115206238699616,0.014677955462879422,0.866465616546506,1.0059596288224106,1.0798807168267426,0.004985057358850575
2023-09-08,10090.056373705478,10091.026664730933,9993.997562185445,10025.046875,439721,MARUTI,0.004985057358850575,7.257740282584635e-05,0.09942972490395463,9475.23154296875,9391.1166015625,8688.136711425781,1.0580265853702804,1.0675031841615112,1.1538776619175486,9750.582141619629,9548.432105416308,202.15003620332027,131.74024791622176,70.40978828709851,80.78090597690593,0.010875998412885262,545156.8,0.8065954602418973,0.009678668215253414,0.31999999999999174,1.0089568626367875,1.0809126183767608,0.019536321525928102
2023-09-11,10037.66033875911,10236.56999264462,10036.690047764543,10220.8994140625,598050,MARUTI,0.019536321525928102,0.01654046435173906,0.12579016775736918,9532.333154296875,9407.34103515625,8696.59196044922,1.072234808479731,1.0864812252331337,1.1752764140879093,9822.938645072378,9598.24449864936,224.69414642301854,150.33102761758113,74.36311880543741,82.56806444793429,0.011126891991010074,550134.1,1.087098581963925,0.01955600351619449,0.9216000455097105,1.013286657587252,1.0817273108752727,-0.002871624575144338
2023-09-12,10230.748966081754,10254.424447033833,10095.878508353628,10191.548828125,568773,MARUTI,-0.002871624575144338,0.02353318595158571,0.126796157156281,9589.67490234375,9425.20951171875,8704.608474121094,1.062762703836201,1.08130740387823,1.1708221981981841,9879.647904003552,9642.192967499408,237.45493650414392,167.7558093948937,69.69912710925021,79.67586097360828,0.011087496732035554,561729.55,1.012538863230535,0.015556608848566305,0.6034233394293632,1.0174495209279448,1.082783854063053,-0.002875199331247358
2023-09-13,10188.055455216629,10223.3744264813,10129.837995472531,10162.24609375,301707,MARUTI,-0.002875199331247358,0.02893741245596715,0.11187899465950535,9640.801953125,9442.98408203125,8712.32178955078,1.0540872163083879,1.0761689319255987,1.166422262540647,9923.124548579928,9680.715421295748,242.4091272841797,182.6864729727509,59.72265431142881,79.52166762438821,0.011207284174304433,559996.75,0.5387656267647982,0.009204306818184111,0.3464756772089223,1.020948660865602,1.0838653931902282,0.001408495369080276
2023-09-14,10154.145276071236,10265.68043400169,10121.15537675592,10176.5595703125,501196,MARUTI,0.001408495369080276,0.020173813749501113,0.11870050437510482,9694.79150390625,9454.4142578125,8719.854831542969,1.0496934943069312,1.076381814124896,1.1670560768397298,9962.1145519234,9717.444617519212,244.6699344041881,195.08316525903837,49.58676914514973,83.40426143518874,0.010999665511107485,564916.65,0.8872034485087313,0.014201760059203565,0.38335354859858933,1.025424869223931,1.0842398687203318,0.003537253436565413
2023-09-15,10177.674485249076,10236.57134591518,10166.128589417289,10212.556640625,544616,MARUTI,0.003537253436565413,0.018704128565483646,0.11307062035014659,9746.663330078125,9469.11935546875,8727.731745605468,1.0478002876234713,1.0785117662210992,1.1701272379008625,10000.644104031338,9754.119582193714,246.52452183762398,205.37143657475548,41.1530852628685,82.7606579474973,0.01098700272568303,572110.2,0.9519424754181974,0.006897661278829341,0.6590890748163939,1.029310431539664,1.0849461958127415,-0.00029930219557761095
2023-09-18,10188.105269925742,10308.033823063994,10182.283523100095,10209.5,430213,MARUTI,-0.00029930219557761095,-0.001115304397459993,0.11477104735842247,9799.219189453124,9483.93923828125,8735.954807128906,1.0418687247029295,1.0765041554452475,1.1686759175618238,10032.77578033421,9787.85146499418,244.92431534002935,213.28201232781026,31.642303012219088,82.28283011899403,0.010939219610793267,574853.5,0.7483871977816957,0.01231698907526306,0.2164326996255134,1.0332435650683283,1.0856213714088763,-0.016665027823350775
2023-09-20,10182.28207314479,10182.28207314479,10030.431531732707,10039.3583984375,545106,MARUTI,-0.016665027823350775,-0.014933003045377147,0.09006098329721635,9840.691845703124,9497.54697265625,8743.019802246094,1.020188270890844,1.0570475120935061,1.1482712638782284,10033.78849081164,9806.481608212203,227.306882599436,216.08698638213542,11.219896217300573,69.71942017445542,0.012009309878992043,580312.3,0.9393321492582528,0.015125522507067422,0.0587871904952088,1.036129842161855,1.0863005217277808,-0.0060357170406358795
2023-09-21,10035.768268868122,10037.66052585275,9903.27522060088,9978.763671875,577252,MARUTI,-0.0060357170406358795,-0.01805530196595473,0.07117507857499716,9873.844189453124,9506.79279296875,8749.85872314453,1.0106260014244448,1.049645646979423,1.1404485475268136,10025.323134052156,9819.243242557595,206.0798914945608,214.08556740462052,-8.005675910059722,61.215531333176116,0.012102968299164138,581832.8,0.9921269478104362,0.013467129763843674,0.5617314417870016,1.0386093822046742,1.0865081475912324,0.02439164264266669
2023-09-22,10069.68049222126,10252.822927459916,10002.19693936912,10222.162109375,986206,MARUTI,0.02439164264266669,0.004481135176129136,0.10042620974414174,9920.488525390625,9522.14373046875,8758.598571777344,1.0304091460024642,1.0735147881318308,1.1671001959507161,10055.606053332593,9849.08908454407,206.51696878852272,212.57184768140098,-6.054878892878264,58.68474683224147,0.01285890236456213,611865.15,1.611802862117576,0.02451790388463328,0.8776630535465124,1.0418335204967828,1.0871766359006065,0.00503549369123113
2023-09-25,10222.161992211102,10401.519911288337,10217.164614353189,10273.6357421875,756801,MARUTI,0.00503549369123113,0.005980784607796608,0.11387901410903845,9973.005517578125,9542.143203125,8767.710168457032,1.0301443956969134,1.0766591449626264,1.171758138076716,10089.149082387194,9880.53698511025,208.61209727694404,211.7798976005096,-3.167800323565558,59.43971361980892,0.012546519390201292,632382.75,1.196745167384784,0.01794450392844997,0.30631681743419875,1.045153620657466,1.0883278552539397,-0.0029796953537873927
2023-09-26,10316.037839336816,10318.02674648818,10213.817108235358,10243.0234375,452503,MARUTI,-0.0029796953537873927,0.00328355330819341,0.09991459788860468,10019.528564453125,9562.3744140625,8777.027727050781,1.0223059270313157,1.0711799176610919,1.1670264417567036,10112.822060096856,9907.387833435416,205.43422666144033,210.51076341269578,-5.076536751255446,63.068482727270286,0.012642543975545251,638711.0,0.70846282591031,0.010173718618206725,0.2802651439378822,1.0478075978407968,1.0894775214838712,0.01175552414867731
2023-09-27,10236.569999253916,10387.935394503544,10212.312724374166,10363.435546875,458359,MARUTI,0.01175552414867731,0.03228066332286117,0.11012084152852952,10070.929736328126,9583.3624609375,8787.227067871094,1.0290445686947591,1.0813986833031868,1.1793749571769947,10151.377981139647,9941.169145542051,210.20883559759568,210.45037784967576,-0.2415422520800803,71.48909764716021,0.01272067392935543,645767.75,0.7097892392427463,0.01694637548861251,0.8604972375690733,1.0508764306242184,1.0906014362571022,-0.010804588472957177
2023-09-28,10334.083542272896,10386.964397918537,10219.152392189995,10251.462890625,598144,MARUTI,-0.010804588472957177,0.027327956419952004,0.07849281999496793,10108.23486328125,9602.57048828125,8796.753361816407,1.0141694399943193,1.0675748647860115,1.1653689115717365,10166.775659522009,9964.153867400048,202.62179212196133,208.88466070413287,-6.262868582171535,62.045982201812194,0.012826815370300058,648493.25,0.9223596390556108,0.016369566716376266,0.1925398501420177,1.052659272391398,1.0916039240070785,0.004283020582618757
2023-09-29,10227.83823728373,10387.451119366377,10198.292684494629,10295.3701171875,481725,MARUTI,0.004283020582618757,0.007161695053276462,0.0606570414872698,10137.67353515625,9623.77365234375,8806.832502441406,1.0155555001336725,1.0697851476047746,1.1690207704453839,10186.559422239778,9988.68840442134,197.8710178184374,206.6819321269938,-8.810914308556391,61.8522720947459,0.012166318119015512,593488.6,0.811683661657528,0.018373155381364997,0.5132069989831074,1.053398999329888,1.0927621990852983,-0.02485245614898768
2023-10-03,10391.622937679576,10391.622937679576,9997.199624340154,10039.5048828125,623006,MARUTI,-0.02485245614898768,-0.022789484195314458,0.0015148706227423592,10138.4328125,9636.688359375,8815.409309082032,0.9902422858130965,1.0418003061233811,1.1388586202650115,10163.935646943273,9992.452588005872,171.48305893740144,199.64215748907532,-28.15909855167388,42.444403225491534,0.011563137680620226,564980.0,1.1027045205140005,0.039287127995193294,0.10725851399138878,1.052066066102146,1.0931640292013272,-0.020977383000535088
2023-10-04,9978.376436976749,9978.376436976749,9790.2366247031,9828.90234375,407793,MARUTI,-0.020977383000535088,-0.040429575923246586,-0.022446406346913528,10127.14833984375,9645.438125,8823.120788574219,0.9705498541064768,1.0190208279159947,1.113993855380315,10112.392061836616,9980.33775509803,132.0543067385861,186.1245873389775,-54.07028060039141,36.87632968384448,0.012458846680080318,544392.05,0.7490796384701062,0.019141487593808734,0.20551587981102312,1.049941766107566,1.0932002809584866,0.007927135333890556
2023-10-05,9879.454986135454,9965.81088818758,9808.67206567377,9906.8173828125,377196,MARUTI,0.007927135333890556,-0.04406050117233462,-0.005062279593067931,10124.62802734375,9657.1928515625,8831.121389160156,0.9784870472334386,1.0258485602479825,1.121807406585161,10080.765188140598,9974.891801595397,105.87338654520136,170.07434718022228,-64.20096063502092,41.07056655484919,0.012439637068703149,537896.5,0.7012427111907217,0.015861685588999717,0.6245771450279549,1.0484028001683345,1.0935409475195657,0.00900076602473776
2023-10-06,9977.50247386106,10025.96869940811,9955.18578059073,9995.986328125,335700,MARUTI,0.00900076602473776,-0.02492098593398162,0.0121034476553179,10130.60498046875,9669.50443359375,8839.843947753907,0.98671168675481,1.03376407723616,1.1307876459363124,10067.722286599737,9976.45435911611,91.26792748362823,154.31306324090346,-63.04513575727523,44.00135994305887,0.012453857278808059,521493.6,0.643727938367796,0.0070811340165825515,0.5764179863723349,1.0476860577542162,1.0938546529490092,-0.005557113255417967
2023-10-09,9945.483202939751,10027.376146089266,9881.395668981024,9940.4375,230083,MARUTI,-0.005557113255417967,-0.034474974007487225,-0.003496813962820533,10128.860888671876,9680.74828125,8848.761459960937,0.9813973761963096,1.0268253249857735,1.123370490319883,10048.140011738238,9973.786443626028,74.35356811221027,138.32116421516483,-63.96759610295456,41.07612943887701,0.012325521978258657,510707.5,0.450518153737707,0.014685518329373507,0.4044501853162033,1.0462890465078816,1.094022968644104,0.012708900513684673
2023-10-10,9984.294792921686,10107.521754894578,9964.985622222532,10066.76953125,348342,MARUTI,0.012708900513684673,0.0027157363590883943,0.004161841512586362,10130.947021484375,9694.57166015625,8857.74326171875,0.9936652032531336,1.038392399802814,1.1364937133317468,10051.006091663125,9980.674079746323,70.332011916802,124.72333375549226,-54.39132183869026,45.669441586824504,0.012611028835849287,506138.55,0.688234476508458,0.014159073795180836,0.7140919787802656,1.045012340578345,1.09447422144804,0.003575928381319482
2023-10-11,10042.464554820772,10129.83907882112,10032.858293915722,10102.767578125,193526,MARUTI,0.003575928381319482,0.02786325723839811,-0.011557870902727752,10125.0404296875,9710.71642578125,8867.287143554688,0.9978002209751978,1.0403730409944711,1.1393301485075218,10058.969397272644,9989.718042589187,69.25135468345616,113.62893794108504,-44.377583257628885,52.094368676752254,0.011808002384499281,485912.35,0.39827347462973517,0.009599427498993961,0.7208570674847854,1.042666677281014,1.095116947108183,0.016211909754772158
2023-10-12,10149.244169873453,10308.905369288212,10110.62677640436,10266.552734375,569237,MARUTI,0.016211909754772158,0.03631189893402209,0.00735942176355131,10128.790625,9727.24451171875,8878.485991210937,1.0136010422641153,1.055443062216286,1.1563404779303756,10090.905295288392,10010.224316054804,80.680979233588,107.03934619958564,-26.358366965997632,58.898900833433984,0.012365411652204112,485935.55,1.1714248936921778,0.01931306427910944,0.7863983484186755,1.0412805612933336,1.0955972134604959,0.013859858555400617
2023-10-13,10221.094382439022,10425.825796727093,10216.970645421372,10408.845703125,625954,MARUTI,0.013859858555400617,0.04130251497427184,0.0242662505021074,10141.12060546875,9748.61783203125,8890.473452148437,1.0263999520439462,1.0677252798775663,1.170786433270282,10139.819204186331,10039.751826208152,100.06737797817914,105.64495255530434,-5.577574577125205,56.15757072876591,0.012691234181501506,502147.9,1.2465530573761237,0.020065159698065015,0.9186991869918615,1.0402624023426013,1.096524036037185,-0.0021486757526134603
2023-10-16,10411.17456530184,10489.670542142743,10348.15397255535,10386.48046875,304196,MARUTI,-0.0021486757526134603,0.044871563122850455,0.020627884796143636,10151.616650390624,9770.7540625,8903.275483398438,1.0231356075044795,1.063017286312952,1.1665909347764463,10177.76709104228,10065.4354293594,112.33166168287971,106.98229438081943,5.349367302060287,53.79494121688503,0.012714187897508304,492297.9,0.6179104156243608,0.013625074442991207,0.27082691663877123,1.0389798561558692,1.097433644586098,0.004325221451112693
2023-10-17,10411.222433578025,10477.05629893073,10251.415316313143,10431.404296875,474718,MARUTI,0.004325221451112693,0.03622162646051197,0.021429272213721262,10162.559033203124,9794.17880859375,8915.74845703125,1.026454484819572,1.0650616555746488,1.1699975999938013,10216.788199631928,10092.544234360557,124.24396527137105,110.43462855892976,13.809336712441294,56.27480294265365,0.012723360759534348,488803.0,0.9711847104048053,0.02163093062026007,0.797678588675978,1.0376121604280029,1.0985256993056753,0.00350213888013573
2023-10-18,10435.480098752889,10488.700183091074,10392.83561818386,10467.9365234375,267435,MARUTI,0.00350213888013573,0.036145436632946115,0.025313337914442346,10175.480859375,9819.75666015625,8928.17026611328,1.028741213128326,1.0660077317303844,1.1724615695523164,10255.426403294325,10120.35107058848,135.07533270584463,115.36276938831273,19.712563317531902,53.68685584503554,0.012729155864313035,480664.1,0.556386466141324,0.009157923788759549,0.783406312085482,1.0362253578708427,1.0998621629592988,-0.0015526393049012377
2023-10-19,10382.113540608116,10477.881450347795,10382.113540608116,10451.68359375,286284,MARUTI,-0.0015526393049012377,0.01803242667376903,0.041070871160120426,10196.097119140624,9843.97318359375,8939.955212402343,1.0250670890658324,1.0617342610369032,1.1690979815257292,10285.619817210583,10144.894220452297,140.72559675828597,120.43533486230739,20.29026189597859,57.57556499158295,0.012034449017453937,467723.0,0.6120802269719471,0.009162917044001188,0.7264443103226609,1.0357705094253746,1.1011210850292927,-0.004274972894244389
2023-10-20,10443.339572692985,10478.173401580216,10377.942522252037,10407.0029296875,232512,MARUTI,-0.004274972894244389,-0.0001770391732242027,0.04291506161424441,10217.50908203125,9866.9322265625,8951.445861816406,1.0185459925834075,1.054735422391074,1.162605805848636,10304.29414220703,10164.309680395645,139.9844618113857,124.34516025212305,15.639301559262648,54.221276545460185,0.011978236645033285,450486.0,0.5161359065542548,0.009631099366971043,0.289934675124547,1.0355304817565254,1.1022724573078437,-0.016036377247854894
2023-10-23,10363.678488300757,10406.032070767402,10217.60136328833,10240.1123046875,227925,MARUTI,-0.016036377247854894,-0.014092181129390369,0.0017560076939140412,10218.406591796875,9888.0952734375,8962.300075683594,1.002124177844719,1.035600084901652,1.14257637193725,10294.420013357872,10169.924689602449,124.49532375542367,124.37519295278318,0.12013080264048881,58.13302525639645,0.011429775952921144,412571.95,0.5524490940307503,0.01840123446622909,0.11946535519785463,1.033404949004354,1.1032988395764345,0.0033352486082467436
2023-10-25,10207.461467703257,10331.125246952648,10189.607734024989,10274.265625,401105,MARUTI,0.0033352486082467436,-0.015063999764832747,6.131060398728572e-05,10218.4380859375,9911.2124609375,8973.2832421875,1.0054634121764,1.036630550045555,1.1449839872094965,10291.319338225892,10177.653647780046,113.66569044584685,122.23329245139593,-8.567602005549077,71.07051905186083,0.011397805296859534,394787.15,1.0160031804479959,0.013773978412949537,0.5982149433214435,1.0309977841975289,1.1045246420329593,-0.015553974356439682
2023-10-26,10225.897510476068,10279.26351892812,10083.749869781055,10114.4599609375,506129,MARUTI,-0.015553974356439682,-0.03376754928811165,-0.012551321135498505,10212.009912109375,9931.92431640625,8983.566147460937,0.9904475267835178,1.0183786785638032,1.1258847316214389,10264.110203258448,10172.972633939857,91.13756931859098,116.01414782483495,-24.876578506243973,59.11728384474213,0.011909898831056675,397468.45,1.2733815728015645,0.019330112522284754,0.15707389888336976,1.0282005366513376,1.1055658914709892,0.013099284392018129
2023-10-27,10129.886162606994,10522.805684714953,10129.83783756792,10246.9521484375,1116713,MARUTI,0.013099284392018129,-0.019588369995713117,-0.01123984396010691,10206.1857421875,9955.96908203125,8994.319025878905,1.0039942841801803,1.0292269957860178,1.1392693675812984,10261.470502516764,10178.45259797672,83.01790454004367,109.4148991678767,-26.396994627833024,60.615669067755654,0.011986596658616957,430386.15,2.594676896549761,0.03834972989572845,0.29802517361111297,1.0251323259538687,1.1069174946302702,-0.015434562811598274
2023-10-30,10382.113701713448,10382.113701713448,9940.631296640588,10088.794921875,991168,MARUTI,-0.015434562811598274,-0.03057633498927581,-0.015867781065545317,10198.05234375,9974.95087890625,9004.097041015624,0.9892864423330834,1.0114129928408464,1.1204671468908365,10234.905028571877,10171.811288635852,63.093739936024576,100.15066732150628,-37.0569273854817,55.77418065000676,0.012238225833713116,450037.35,2.202412755296866,0.04375967679902159,0.33560482486263554,1.0223661717789043,1.1078235644804997,-0.0005194113286650648
2023-10-31,10178.352305056093,10178.352305056093,10014.373130646703,10083.5546875,439996,MARUTI,-0.0005194113286650648,-0.015288662128816188,-0.02057385283642077,10187.461572265625,9994.6866015625,9014.223981933594,0.9898005127156992,1.0088915330195152,1.1186270396330922,10211.620360714665,10165.27376262579,46.34659808887591,89.38985347498021,-43.043255386104306,50.721278124307595,0.01218171597524227,447950.9,0.9822415804946479,0.01626204046998075,0.42189233542900056,1.0192877454179492,1.108768388892262,-0.015833717493288546
2023-11-01,10081.4209080804,10112.567820083048,9885.956529279814,9923.89453125,699116,MARUTI,-0.015833717493288546,-0.03410181384618427,-0.011515543138030937,10181.6810546875,10009.66208984375,9023.581696777344,0.9746813397460709,0.9914315230800075,1.0997733344392715,10167.354848489333,10147.393819560917,19.961028928415544,75.50408856566729,-55.543059637251744,43.05202992733623,0.011392394428842222,451756.4,1.5475508482004903,0.02283491527339822,0.1674144383349691,1.0171852919009412,1.1092781587402896,0.007416010205796741
2023-11-02,9984.585553241875,10037.6606618629,9897.93875414823,9997.490234375,569194,MARUTI,0.007416010205796741,-0.011564604241278587,0.017152260214712722,10190.11044921875,10026.44423828125,9033.710390625,0.9810973378744371,0.9971122360810921,1.1066870424305602,10141.22183093328,10136.289850287885,4.931980645395015,61.38966698161284,-56.457686336217826,38.76136834582614,0.010437658087011505,459826.45,1.2378452783653484,0.013975698344195885,0.7124972873263888,1.0163234549604951,1.1098921489321254,-0.0026494930856669763
2023-11-03,10011.463280335109,10061.918416076282,9936.750867795294,9971.001953125,517582,MARUTI,-0.0026494930856669763,-0.026929977940277405,0.006478828450381613,10193.319677734375,10041.666171875,9043.748461914063,0.9781898604539019,0.9929628990308482,1.1025297745858236,10115.034157424314,10124.046302349894,-9.012144925580287,47.309304600174215,-56.3214495257545,29.75267072981282,0.010330405640461898,466845.75,1.1086788302131914,0.012553156530248117,0.2736418968023262,1.0151024245641755,1.1103433730121384,0.000831904548208362
2023-11-06,10031.790185907495,10031.790185907495,9947.423195108551,9979.296875,490459,MARUTI,0.000831904548208362,-0.010853431725287743,-0.001669615441353911,10192.485205078125,10054.9377734375,9053.420678710938,0.9790837734086767,0.9924772385327613,1.1022681071770204,10094.151498589803,10113.324122546197,-19.17262395639409,34.012918888860554,-53.185542845254645,30.922235033584073,0.010130921323779764,474583.7,1.0334510013723606,0.008454201919806524,0.3777979940923487,1.0136795905394849,1.1106230595339088,-0.003067581320703061
2023-11-07,9993.99734974802,10019.224915873596,9931.752802768257,9948.6845703125,264935,MARUTI,-0.003067581320703061,-0.013375255191970248,0.0008296486258778657,10192.89755859375,10068.12595703125,9062.535148925781,0.9760408669980842,0.9881366813219756,1.097781625872288,10071.771971162525,10101.128600158516,-29.35662899599083,21.339009311890276,-50.69563830788111,27.07571014492754,0.01007463551772652,476326.3,0.5562048536895822,0.008792329527298673,0.19356760621357355,1.0123927334734388,1.1109613139789771,0.006729552519162629
2023-11-08,10013.403285798013,10033.24592658652,9955.76762042378,10015.634765625,287006,MARUTI,0.006729552519162629,0.009244378211206605,-0.005079560574647535,10190.3408203125,10083.972734375,9072.336669921875,0.9828557201600896,0.9932231105190275,1.1039752083749828,10063.135478002905,10094.795723526404,-31.660245523498816,10.73915834481246,-42.399403868311275,29.12339883869886,0.00976439213886119,473259.5,0.6064453011508485,0.007735735974384403,0.7726955862389611,1.0105482322036536,1.1115077737146892,0.007561225076808675
2023-11-09,10042.463138387311,10139.152064285505,10010.249288917385,10091.365234375,310536,MARUTI,0.007561225076808675,0.009389856633940319,-0.0011286356596670322,10189.770703125,10099.5487890625,9082.03982421875,0.9903427200064648,0.9991897108615027,1.1111342198109195,10067.478517444766,10094.541613218893,-27.06309577412685,3.178707521024598,-30.24180329515145,34.23462071582273,0.009885614325662444,479110.0,0.6481517814280645,0.012773571501408823,0.629280054102518,1.0089332618661346,1.1120352899279737,-0.0011104597274239625
2023-11-10,10066.769353094072,10106.939780424182,10013.4033468849,10080.1591796875,206395,MARUTI,-0.0011104597274239625,0.010947468175782404,-0.018155417841804633,10180.451025390625,10114.44373046875,9091.61630126953,0.9901485852195555,0.9966103374842087,1.1087312580800326,10069.429388559034,10093.476247772123,-24.046859213089192,-2.2664058257981607,-21.780453387291033,35.26771722862928,0.009118636542415936,460967.9,0.4477426736221763,0.009279261554496815,0.7136880280405961,1.0065260430213314,1.1125022653074783,0.0009241351769793127
2023-11-13,10119.165135825991,10119.165135825991,10055.75699613596,10089.474609375,261891,MARUTI,0.0009241351769793127,0.011040630993854439,-0.030682661926107357,10164.482470703126,10126.126015625,9101.202817382813,0.9926205921900776,0.9963805105532516,1.1085869430472026,10072.513268684568,10093.179830113078,-20.66656142851025,-5.946436946340579,-14.72012448216967,42.08588025361631,0.008452864944120416,442764.75,0.5914901762166026,0.006284582908917086,0.5317552825846525,1.0037878706051002,1.1126140378153795,0.00554404719801016
2023-11-15,10185.144739210207,10185.144739210207,10066.81756094663,10145.4111328125,436538,MARUTI,0.00554404719801016,0.01977412803769507,-0.023209915684413995,10152.42900390625,10134.9023046875,9111.366286621094,0.9993087495523435,1.0010368948618418,1.1134895485114864,10083.72832470425,10097.048815498221,-13.320490793970748,-7.421247715866613,-5.899243078104135,43.381796039319894,0.008596689018254531,449381.85,0.971418850138251,0.011663123033119904,0.6642055782890409,1.0017293407170431,1.1123361728492183,0.0027209807851666934
2023-11-16,10168.6502917998,10230.45802172844,10099.95387437662,10173.0166015625,488715,MARUTI,0.0027209807851666934,0.015713615723853547,-0.02477017359876532,10139.509619140625,10137.87625,9121.776882324219,1.0033045959499485,1.0034662438853996,1.115245059465917,10097.464982682442,10102.676058910389,-5.211076227946251,-6.979213418282541,1.7681371903362901,53.480189813761505,0.008550388525516348,450081.7,1.0858361937399366,0.01282846106156703,0.5598498489776976,1.0001611155137768,1.111392701310721,0.0037198206153705726
2023-11-17,10188.056557570557,10291.68345761758,10187.232189154904,10210.8583984375,403772,MARUTI,0.0037198206153705726,0.011841129647697235,-0.02455862475134496,10126.655712890624,10141.00158203125,9131.022775878906,1.0083149549006283,1.0068885519680846,1.1182600951791684,10114.910123567837,10110.689565542027,4.220558025810533,-4.739259129463926,8.95981715527446,47.58290454304078,0.008556849873771831,456898.55,0.8837235311865184,0.010229430708652322,0.22619360808469843,0.9985853597374401,1.1106096032111943,0.004062292372387422
2023-11-20,10188.056108038563,10278.632399274376,10188.056108038563,10252.337890625,234246,MARUTI,0.004062292372387422,0.017080951587000515,-0.019073070987740803,10116.688427734374,10146.9038671875,9140.066096191405,1.0134084847882385,1.0103907580891198,1.12169187648403,10136.052856961247,10121.182034066693,14.870822894554294,-0.8172427246602822,15.688065619214576,62.980486020251874,0.008636671153369779,454296.65,0.5156234368006015,0.008834696261682758,0.7096976671199826,0.997022201072503,1.1101565087604384,-0.0029433073287209455
2023-11-21,10303.520634698163,10303.520634698163,10188.056000031143,10222.162109375,312242,MARUTI,-0.0029433073287209455,0.013151081214547,-0.017761196144685854,10107.44638671875,10153.8181640625,9149.182507324218,1.0113496246497027,1.0067308616530468,1.1172760081233297,10149.30043425567,10128.662039645085,20.638394610585237,3.4738847423888224,17.164509868196415,60.582454779976445,0.008614605295445046,458283.15,0.6813298721543657,0.011295519815824894,0.29538143382354937,0.995433069945267,1.1098060570913346,-0.0038538355025568016
2023-11-22,10236.570405453202,10237.783269245318,10110.43257107321,10182.767578125,378891,MARUTI,-0.0038538355025568016,0.0036821026593669703,-0.005600009536638528,10104.579150390626,10157.96712890625,9157.719851074218,1.0077379202607712,1.0024414776011803,1.1119326364772495,10154.449225620183,10132.669857310264,21.779368309918937,7.134981455894845,14.644386854024091,74.21062437666451,0.007884836586307316,465831.45,0.8133650057332968,0.012506491697373808,0.567998511904765,0.9947442260997578,1.109224489730891,-0.0005764756135758775
2023-11-23,10176.218067707016,10212.313083507384,10085.253283709028,10176.8974609375,453820,MARUTI,-0.0005764756135758775,0.00038148560323825187,-0.009476897679730811,10099.7107421875,10161.004140625,9165.851516113282,1.007642468256797,1.0015641485912752,1.1103057302474113,10157.902800284386,10135.945976097466,21.95682418692013,10.099350002099904,11.857474184820227,69.21254028909847,0.007839579968309862,468467.2,0.9687337768791496,0.012485121353148824,0.7212680751418722,0.9939677813738467,1.1085717592917876,0.002588679571905006
2023-11-24,10193.830174132978,10252.581111895532,10151.18568993054,10203.2421875,380306,MARUTI,0.002588679571905006,-0.0007458933069393048,0.008777752535022332,10104.149853515624,10160.65099609375,9174.722653808594,1.009807092671918,1.0041917778125264,1.1121036103761075,10164.87809062525,10140.930880645803,23.947209979447507,12.868921997569426,11.07828798187808,74.87802326554524,0.007004684431163663,462176.05,0.8228596007949784,0.009937568872883459,0.5134008672248848,0.9944392202232075,1.107461378342143,0.0020824799102614477
2023-11-28,10226.819311908095,10242.78078914367,10193.87774134742,10224.490234375,268026,MARUTI,0.0020824799102614477,-0.0027162249768869495,-0.0021920580614719354,10103.0267578125,10161.30982421875,9183.213151855469,1.012022483902517,1.0062177427171508,1.1133891879999693,10174.049189663674,10147.120462403522,26.9287272601523,15.680883050086003,11.247844210066297,75.55636532416983,0.006362178210404125,419741.7,0.6385498510155174,0.004782932613289253,0.6259833365626692,0.9942642171713596,1.1065091984896003,0.005855273576253817
2023-11-29,10255.976408634457,10318.608506463874,10212.992704586952,10284.357421875,343341,MARUTI,0.005855273576253817,0.006084359828627539,0.019384128779937004,10112.8048828125,10163.75205078125,9191.656223144531,1.0169638929110625,1.011866225237606,1.1188796852496565,10191.019686926955,10157.286163105113,33.73352382184203,19.29141120443721,14.442112617404817,82.97597187925116,0.005362212628129733,387350.35,0.8863836059525957,0.010269557692761184,0.6757011358131071,0.9949873661110382,1.1057585057618873,0.0008915428486564458
2023-11-30,10266.649116857488,10332.628905152196,10232.785581786313,10293.5263671875,665660,MARUTI,0.0008915428486564458,0.010877081128752852,0.02082318053451826,10123.303466796875,10166.09138671875,9200.309987792969,1.0168149558045882,1.012535297551548,1.118823863635575,10206.789945428578,10167.378030074178,39.41191535439975,23.31551203442972,16.096403319970033,80.79577847376589,0.0053507984852860365,398633.55,1.6698544314697046,0.009699622831311948,0.6083610135712126,0.995791113979383,1.1049727020292996,-0.002168003991434575
2023-12-01,10292.847261428462,10439.361207174665,10220.123759112685,10271.2099609375,591519,MARUTI,-0.002168003991434575,0.009267313575871627,0.03499789609752657,10140.66923828125,10167.264453125,9209.551721191407,1.0128729889111712,1.0102235471784695,1.1152779496642808,10216.700717045336,10175.069284212203,41.63143283313366,26.97869619417051,14.652736638963148,72.60659388142405,0.0036998862908964075,393253.7,1.5041663943657746,0.02134485118070445,0.23301768140620258,0.9973842310322147,1.1039912431057717,0.0012989508466616506
2023-12-04,10377.262879016886,10377.359529102869,10115.284293010847,10284.5517578125,625235,MARUTI,0.0012989508466616506,0.007968993464853025,0.028713358723820415,10155.022314453125,10168.76548828125,9218.512917480468,1.0127552101165769,1.0113864627584033,1.115641085484685,10227.139338701823,10183.179097071485,43.960241630338714,30.375005281404153,13.585236348934561,75.55506173321872,0.0034492788992520067,396055.75,1.5786540152491157,0.02548241695540499,0.6458735564859647,0.9986484914177672,1.103080895943518,0.01155252098466475
2023-12-05,10334.473591475911,10450.0348795079,10249.57312239913,10403.3642578125,580996,MARUTI,0.01155252098466475,0.017494664216717748,0.043361971717595926,10176.6404296875,10176.04560546875,9228.229182128905,1.0222788482792018,1.0223386039289748,1.127341340628961,10254.25086471885,10199.489108978227,54.7617557406229,35.25235537324791,19.509400367374994,80.80954088058755,0.003986926385598107,399226.45,1.4553043767515905,0.019268935715504962,0.767184412785142,1.0000584533758803,1.1027083749908764,-0.008967764615656848
2023-12-06,10403.36319227905,10429.609373664052,10275.38143355322,10310.0693359375,464163,MARUTI,-0.008967764615656848,0.002500099229127306,0.033145868399420575,10193.179052734375,10182.67171875,9237.430192871094,1.0114675002370108,1.0125112171644417,1.1161187820281668,10262.838321829411,10207.680236901137,55.15808492827455,39.23350128425324,15.924583644021311,65.05758335655243,0.004694524112443137,397911.65,1.1664976383576604,0.014958962455591251,0.22491321844376483,1.0010318837997132,1.1023273254728776,0.006672595463078412
2023-12-07,10469.440549346911,10608.046248406134,10319.045434875294,10378.8642578125,704413,MARUTI,0.006672595463078412,0.008290442709413037,0.04323985592866042,10214.688037109376,10185.80576171875,9246.984304199219,1.0160725633623544,1.0189536793269043,1.1224053071117763,10280.68846582681,10220.360534746424,60.327931080386406,43.452387243479876,16.87554383690653,67.50550607744717,0.004685429772825231,419885.55,1.677630963961489,0.027845128942051614,0.2069849638358298,1.0028355415434265,1.1015273116764344,-0.007301403270637996
2023-12-08,10411.22311292839,10428.68835207403,10237.541012535645,10303.083984375,548373,MARUTI,-0.007301403270637996,0.0031032394001018204,0.028700050019452084,10229.060498046874,10186.3947265625,9256.327731933594,1.007236587010338,1.0114554031082477,1.1130854786861295,10284.133930218839,10226.488197681874,57.645732536964715,46.29105630217685,11.354676234787867,57.36755961436143,0.005000219946220817,432953.9,1.26658519532911,0.018552439233560297,0.3428924095812128,1.004188505612601,1.100479047583876,-0.0072326455652026445
2023-12-11,10314.193612785177,10321.955940997996,10188.104104368207,10228.5654296875,579749,MARUTI,-0.0072326455652026445,-0.005443730504100075,0.01359580117516157,10235.9205078125,10186.10556640625,9264.957805175782,0.9992814443879878,1.0041684098995873,1.104005613924481,10275.584930137094,10226.642066719327,48.94286341776751,46.821417725294985,2.121445692472527,48.19612800725609,0.005137474660317254,446414.55,1.2986785488958636,0.013086081088291764,0.30228442386787746,1.0048904795931568,1.0994227691696423,-0.019289957629574306
2023-12-12,10304.490402041389,10308.371566034624,9995.064223660733,10031.2568359375,1088687,MARUTI,-0.019289957629574306,-0.03576798934013703,-0.004851346380376875,10233.475390625,10179.4619921875,9272.794787597657,0.9802395034952881,0.9854407672661144,1.0817943312359597,10237.995992567927,10212.169086661414,25.826905906513275,42.622515361538646,-16.79560945502537,38.444851380858196,0.006808809505105581,490529.15,2.219413464011262,0.031233109419694215,0.11551791924996152,1.00530611524253,1.0977771238723528,0.004028618749967849
2023-12-13,10052.214800194672,10103.543573319836,9955.185699806692,10071.6689453125,603469,MARUTI,0.004028618749967849,-0.023123063760009388,-0.0017647761406679452,10232.585107421875,10175.86611328125,9280.821091308593,0.9842741437847744,0.9897603637067556,1.0852131342930993,10212.407216067091,10201.761668783716,10.645547283374981,36.22712174590591,-25.58157446253093,43.28367549109784,0.0068713896078656765,507608.05,1.1888483644024164,0.01473021743652437,0.7851504119563176,1.0055738738608793,1.0964402840187124,-0.002586540660882708
2023-12-14,10129.839243357445,10183.20525469697,10005.93287842823,10045.6181640625,635475,MARUTI,-0.002586540660882708,-0.03210814646690796,-0.009836266607988642,10227.595458984375,10170.87107421875,9289.265529785156,0.9822072259651199,0.9876851344155032,1.081422221364237,10186.747361912538,10190.195483248812,-3.4481213362741983,28.29207312946989,-31.74019446574409,42.25271267436152,0.006761666975784199,517554.9,1.227840756603792,0.01764673645499684,0.22386615709437122,1.0055771412646661,1.0949058396066738,-0.006452206841971786
2023-12-15,10148.273606003224,10165.496271316022,9540.48294236714,9980.8017578125,1244681,MARUTI,-0.006452206841971786,-0.03128017077714329,-0.018894576827927057,10217.984716796875,10169.69701171875,9297.500280761718,0.976787696834731,0.9814256753481857,1.0734930310746709,10155.063422820223,10174.684836920196,-19.621414099972753,18.709375683581364,-38.33078978355412,37.4431222429379,0.006844272968737908,555353.2,2.241242150040731,0.06262155527331772,0.7044950804263125,1.0047481950565962,1.0938098095852464,0.0032274852668809917
2023-12-18,9989.145868800551,10043.385514849706,9922.390037351455,10013.0146484375,652498,MARUTI,0.0032274852668809917,-0.021073412760736043,-0.01937581957167034,10208.092529296875,10173.3792578125,9305.948479003906,0.9808898792502607,0.9842368395681454,1.0759800219213418,10133.209765222882,10162.709267402959,-29.499502180076888,9.067600110849714,-38.5671022909266,38.20807064125365,0.0068275300140609,567789.5,1.1491899726923447,0.01208382108150932,0.7489917223340432,1.0034121672459737,1.0932125060401625,-0.008333685251626144
2023-12-19,10013.014359730334,10068.70944067709,9902.98393177058,9929.5693359375,585734,MARUTI,-0.008333685251626144,-0.010137064743043878,-0.03148243436091269,10191.9541015625,10173.834296875,9313.800183105468,0.9742556959136252,0.9759908650161003,1.066113631463663,10101.880468409745,10145.439642849962,-43.55917444021725,-1.4577547993636788,-42.10141964085357,30.723788442008953,0.006910184744765935,585363.9,1.000632256276822,0.01669010037592573,0.16041829856089435,1.00178102022883,1.0923397643133432,-0.014887175584996637
2023-12-20,9935.779789212647,10002.77819291022,9693.207040452571,9781.74609375,964051,MARUTI,-0.014887175584996637,-0.028785979080203417,-0.043084428804067154,10169.93330078125,10169.5494921875,9321.084597167968,0.9618299161311679,0.9618662165186944,1.0494214478776425,10052.629026154398,10118.49937995367,-65.87035379927147,-14.34027459934524,-51.530079199926234,25.83499870428453,0.00752351469370869,617954.35,1.560068312489426,0.03164784175449495,0.28600550340213443,1.0000377409632595,1.091026412878746,-0.006784899487925378
2023-12-21,9702.910069268415,9799.211451705904,9605.88096857573,9715.3779296875,739806,MARUTI,-0.006784899487925378,-0.03287405802028309,-0.04590006055343576,10146.563818359375,10165.04830078125,9328.17317626953,0.9575042451424117,0.9557630856452309,1.041509172921768,10000.744242082566,10088.638531785804,-87.89428970323752,-29.0510776201237,-58.84321208311382,24.803178886752164,0.007586274042866401,636000.1,1.1632167982363526,0.01989943000975902,0.5663719416562132,0.9981815647230662,1.089714792885781,0.020403884104884806
2023-12-22,9751.424850334944,10011.753744142874,9732.019029737265,9913.609375,652545,MARUTI,0.020403884104884806,-0.006732162850535017,-0.025871154440544553,10133.3994140625,10161.98509765625,9336.290646972657,0.9783103349545771,0.9755583461037022,1.061835984959888,9987.338877916018,10075.673409060928,-88.33453114491022,-40.90776832508101,-47.42676281982921,35.59861053292478,0.009132847880959012,645936.35,1.0102311164250162,0.028217241957408608,0.6491519854751858,0.9971869980797017,1.0884392401549035,0.005236350439972837
2023-12-26,9964.889439587509,9975.756889245818,9814.203423647832,9965.5205078125,395273,MARUTI,0.005236350439972837,-0.004743240901221579,-0.023298641286662147,10121.513330078125,10159.24015625,9343.995759277344,0.9845879941883728,0.9809316793915613,1.0665159493376337,9983.9822055924,10067.513934894378,-83.53172930197798,-49.4325605204604,-34.09916878151758,32.069821606818365,0.009210584797764019,646684.7,0.6112298620950829,0.01621124209932999,0.936637809684684,0.9962864519795149,1.0872479416702674,0.0017378278797803848
2023-12-27,9980.413139708471,9999.187891376225,9926.07684417827,9982.8388671875,397675,MARUTI,0.0017378278797803848,0.005364737326240876,-0.02363456384114504,10109.43076171875,10153.56587890625,9352.822727050781,0.9874778414813806,0.98318551199107,1.0673610693287865,9983.80630737626,10061.24170765683,-77.43540028057032,-55.03312847248239,-22.40227180808793,35.710362379655976,0.009204563275287993,653167.15,0.6088410906764065,0.00732367297225076,0.7763809326317243,0.9956532396880202,1.0856151319472263,-0.0016426627453539622
2023-12-28,10004.621948198155,10004.621948198155,9884.35419197617,9966.4404296875,584234,MARUTI,-0.0016426627453539622,0.018881530369665667,-0.030912674379760974,10093.534912109375,10144.7177734375,9361.315373535157,0.9874083278525745,0.9824265841858317,1.0646410287450692,9981.134633885682,10054.219390770213,-73.08475688453109,-58.643454154892126,-14.441302729638963,31.12642091922011,0.009055499111064472,665211.8,0.8782676434783627,0.01206727287143943,0.6825290525901107,0.9949547279213484,1.0836850772186413,0.0029937382632241327
2023-12-29,9975.02853887202,10087.776545276756,9967.79968123928,9996.27734375,705227,MARUTI,0.0029937382632241327,0.02891286536616855,-0.02887727809053231,10078.6724609375,10136.9137109375,9369.812058105468,0.991824804555675,0.9861263130773466,1.066859962799638,9983.464281557115,10049.927387287235,-66.46310573011942,-60.20738446993759,-6.255721260181836,35.34343125216931,0.009097188694052592,667190.15,1.0570105089231308,0.012002154393254236,0.23735961711605608,0.9942545382489386,1.0818694812740073,-0.0018490281733786196
2024-01-01,10037.661093689623,10037.661093689623,9911.18403205588,9977.7939453125,411724,MARUTI,-0.0018490281733786196,0.0064743896884176255,-0.028566840395716997,10064.00166015625,10127.84150390625,9377.91617919922,0.9914340520048751,0.9851846458560912,1.0639670641804035,9982.591922134867,10044.58416936318,-61.99224722831241,-60.56435702161255,-1.427890206699857,37.34266437432472,0.009096096612000639,658200.4,0.6255298538256737,0.012675854234608729,0.5266560781551932,0.9936965992481837,1.0799671601213934,-0.008319352906811295
2024-01-02,9977.793362721228,9988.85505926524,9849.47237653172,9894.78515625,776837,MARUTI,-0.008319352906811295,-0.007098008729904959,-0.03789825854747819,10044.513330078125,10116.3784765625,9386.335563964843,0.9850935362513018,0.978095588176551,1.0541691258340635,9969.08318892181,10033.487946169611,-64.40475724780117,-61.33243706685028,-3.0723201809508893,42.21334174329052,0.009199081013845853,665780.5,1.1668064775102305,0.014086478941433023,0.3250961943738184,0.9928961587735303,1.07777720150986,-0.011777036909830563
2024-01-03,9896.968636313686,9906.671546741443,9765.979345538946,9778.25390625,521046,MARUTI,-0.011777036909830563,-0.020493665545373907,-0.0600873271444925,10013.2578125,10102.9098828125,9393.885842285155,0.9765307245004085,0.9678651022004245,1.0409168336105032,9939.72483774153,10014.58172099038,-74.85688324884904,-64.03732630325004,-10.819556945599004,34.596609231053165,0.008878391116402661,662783.0,0.7861487093060625,0.014388274486569663,0.08724407327586726,0.9911261140253245,1.0754771829710534,-0.006186998972928182
2024-01-04,9799.939701630328,9819.345522821675,9688.889700352873,9717.755859375,711733,MARUTI,-0.006186998972928182,-0.0249521955272749,-0.05744999934170092,9983.642138671876,10089.12494140625,9401.533264160156,0.9733678074991331,0.9631911504527877,1.033635215270718,9905.57576414668,9992.594620129981,-87.01885598330045,-68.63363223926012,-18.38522374404033,33.38901153706476,0.008802390170468157,675161.5,1.0541670400341252,0.013424480338528784,0.22127152683453702,0.9895449007374795,1.073136121303456,0.00016973199227976465
2024-01-05,9713.2443044005,9775.682153327623,9673.801594905848,9719.4052734375,673131,MARUTI,0.00016973199227976465,-0.027697517865048926,-0.0635386462327614,9950.669189453125,10078.71080078125,9409.218969726562,0.9767589584567091,0.9643500508700084,1.0329662116174507,9876.934150191422,9972.358372226834,-95.42422203541173,-73.99175019849045,-21.43247183692128,35.85083191843415,0.008545884147086418,673597.4,0.9993075982775468,0.0104821802935009,0.44761904761904864,0.98729583437217,1.0711527527639357,-0.007018116041412448
2024-01-08,9707.761133290416,9828.028888264773,9617.427423203944,9651.193359375,600153,MARUTI,-0.007018116041412448,-0.032732745106540784,-0.0632714074726185,9918.074658203124,10066.24935546875,9416.742407226562,0.9730914206612279,0.9587675626306376,1.0248972459911951,9842.204797758126,9948.568371274845,-106.36357351671904,-80.46611486213618,-25.897458654582863,31.149561078159323,0.008539034318869182,676186.4,0.8875555616025403,0.0218212875049544,0.16033096522525628,0.9852800490000652,1.0689736344219998,0.007781481847998428
2024-01-09,9678.653034707955,9744.293601978316,9596.178297068842,9726.2939453125,666469,MARUTI,0.007781481847998428,-0.01702828391691491,-0.04910478285813202,9892.961083984375,10058.48603515625,9424.821584472656,0.9831529572130137,0.9669739473035328,1.0319870628995798,9824.372358920336,9932.103598981337,-107.73124006100079,-85.91913990190912,-21.81210015909167,39.31671395313508,0.008823686266079165,680522.4,0.9793491000443189,0.015228339359500496,0.8784753764857943,0.983543750958809,1.0672335751933546,-0.0013865844689486817
2024-01-10,9751.37668626206,9752.152729588814,9654.395906714291,9712.8076171875,481699,MARUTI,-0.0013865844689486817,-0.006693044554781702,-0.031745694877349684,9877.038623046876,10047.80314453125,9433.412961425782,0.9833724447046139,0.9666598237918227,1.0296175580253077,9807.2085524999,9915.859452181794,-108.65089968189386,-90.46549185790607,-18.185407823987788,45.781175483449935,0.007886676188082819,650173.0,0.7408781970337126,0.010064733774973014,0.5975205490074504,0.9830047902981343,1.06512915162495,8.988614923821636e-05
2024-01-11,9727.264739199414,9823.323556239016,9702.910812081043,9713.6806640625,1024815,MARUTI,8.988614923821636e-05,-0.0004193555972666907,-0.03554408739939896,9859.139208984376,10040.300859375,9442.476110839843,0.9852463240615039,0.9674690828604481,1.0287217621775413,9792.819646586455,9900.883245654439,-108.06359906798389,-93.98511329992165,-14.078485768062237,49.88708067819163,0.00778775019300067,671240.3,1.526748319491544,0.012396201637908642,0.08944113064417317,0.9819565516085639,1.063312286048451,-0.004539847904991401
2024-01-12,9727.168429917374,9746.525927175671,9640.764195618463,9669.58203125,850190,MARUTI,-0.004539847904991401,-0.00512616161028534,-0.037432851485212026,9840.33740234375,10032.02140625,9451.276467285155,0.9826474068812844,0.9638717502362786,1.0230979978969499,9773.860013457768,9883.74982236522,-109.88980890745188,-97.16605242142771,-12.723756486024172,29.576097190981855,0.00781062243923959,681976.05,1.24665668244508,0.010937570126134596,0.2724788560780006,0.9808927836032297,1.0614461909960042,0.012166757627918967
2024-01-15,9688.453102018746,9798.775387531176,9652.455681903337,9787.2294921875,463380,MARUTI,0.012166757627918967,0.014095265502100496,-0.019394460517511147,9830.6587890625,10029.28810546875,9460.549709472656,0.9955822597643895,0.9758648260239667,1.0345307400465056,9775.916856339267,9876.60016827798,-100.68331193871381,-97.86950432488493,-2.8138076138288852,36.55711294175166,0.008328981607483394,642911.0,0.7207529502528344,0.014950063830079392,0.9210913164830835,0.9801950732377563,1.060116844524016,0.009581602620522656
2024-01-16,9787.179505660242,9935.77995302051,9761.12757103382,9881.0068359375,536823,MARUTI,0.009581602620522656,0.015906664089621048,-0.013183623227855712,9824.0583984375,10026.9584375,9469.80737548828,1.0057968341789434,0.9854440803288211,1.0434221567709572,9792.084545508225,9876.92658810461,-84.842042596385,-95.26401197918496,10.421969382799958,43.115750668117336,0.008612901399422588,637127.25,0.8425679485534483,0.017675565343348923,0.686387803819451,0.9797645477113309,1.0588344662061293,-0.012947326048010188
2024-01-17,9823.22606842884,9859.90287866074,9699.465641084977,9753.07421875,610250,MARUTI,-0.012947326048010188,0.004145722138184427,-0.017774700111989894,9815.233642578125,10022.5998828125,9478.955505371094,0.9936670459316954,0.9731082087268891,1.0289186623171278,9786.08295677619,9867.752338522787,-81.66938174659663,-92.54508593266729,10.875704186070664,37.46579421108974,0.008887547055251613,638353.05,0.9559756940144641,0.016449914557948007,0.33414049303677346,0.9793101348293888,1.0573527723738505,-0.012654663773882247
2024-01-18,9650.56192380102,9751.423855578369,9448.35386233061,9629.65234375,614860,MARUTI,-0.012654663773882247,-0.008650512943397248,-0.01554873215296193,9807.628955078126,10015.6069921875,9487.316145019531,0.9818532479008625,0.9614646772044313,1.0150027886237554,9762.016708618316,9850.115301872951,-88.09859325463549,-91.65578739706093,3.5571941424254447,30.59611699059535,0.008714415251920217,620893.5,0.9902825524828333,0.031472578908257456,0.5982066369440244,0.9792346048250891,1.0556839088202306,0.011406316995316024
2024-01-19,9664.099402594027,9753.026961357742,9653.474525487823,9739.4912109375,377018,MARUTI,0.011406316995316024,0.007229803673164836,0.0024819704827248046,9808.834619140625,10011.423125,9496.56025390625,0.9929305151023944,0.9728378362729025,1.0255809419975328,9758.551247436651,9841.92092476662,-83.36967732996891,-89.99856538364253,6.62888805367362,38.499748336855355,0.008995876419686908,602754.1,0.6254922197957675,0.010221523251452872,0.8640339605760256,0.9797642649471602,1.0542157220433546,-0.017658455793549077
2024-01-23,9569.01059759628,9676.71290710076,9539.99851538548,9567.5068359375,956269,MARUTI,-0.017658455793549077,-0.022449934010987493,-0.034911859643703136,9791.5294921875,10002.46056640625,9504.528701171876,0.9771207699033391,0.9565153266457693,1.0066261186373038,9729.159799513705,9821.593955223723,-92.43415571001788,-90.48568344891761,-1.9484722611002638,35.45496604756899,0.00850080624757074,617940.3,1.54751033392708,0.01428944803067751,0.20121013016178174,0.9789120814005333,1.0523889064770755,0.01295573692165064
2024-01-24,9567.069439456734,9702.910182004802,9465.188882545684,9691.4609375,459092,MARUTI,0.01295573692165064,-0.019182852677332107,-0.027500778318367836,9777.826513671875,9994.46248046875,9513.132055664062,0.9911672010082083,0.9696830576370787,1.0187455488678685,9723.35997458852,9811.954472429374,-88.59449784085336,-90.10744632730476,1.5129484864513927,46.16799493642069,0.008995141514459482,621131.25,0.7391223674545436,0.024528943674454892,0.9518375318877526,0.9783244004147069,1.0505964199790654,-0.010732708481290265
2024-01-25,9691.460696575286,9702.71569308669,9524.909868421611,9587.4453125,718817,MARUTI,-0.010732708481290265,-0.016982225556284924,-0.039607326127151565,9758.0568359375,9984.608203125,9520.201696777343,0.9825158301180249,0.960222486196234,1.0070632553662617,9702.450026574901,9795.324164286458,-92.87413771155661,-90.66078460415514,-2.213353107401474,44.459548785267756,0.009199378451508495,637188.35,1.1281075681939257,0.01854569375569286,0.35170638642565694,0.9773099392005592,1.0487811625361743,0.01117305916836231
2024-01-29,9636.106370305026,9736.870717142105,9581.672473700206,9694.56640625,446516,MARUTI,0.01117305916836231,0.00674105982051687,-0.0272789493255442,9744.463134765625,9976.7100390625,9528.076098632813,0.994879478958917,0.9717197721786236,1.0174736542711993,9701.237161909532,9787.860626654128,-86.62346474459628,-89.85332063224337,3.2298558876470906,49.030840126533754,0.009658860491087636,630302.45,0.7084154599113489,0.016008786462264453,0.7274175921459957,0.9767210930870455,1.0470854699086694,-0.0039784487847372985
2024-01-30,9713.437541026113,9735.415011790405,9636.445327113808,9655.9970703125,399869,MARUTI,-0.0039784487847372985,-0.008572741513564464,-0.0340406995260345,9727.44912109375,9966.9217578125,9535.423134765624,0.9926545952703769,0.9688043414952782,1.0126448437413615,9694.277147817682,9778.092955814007,-83.81580799632502,-88.6458181050597,4.830010108734683,50.19186887854806,0.00962004838926742,615034.55,0.6501569708563526,0.010249556203872528,0.19755284926471306,0.9759732600959728,1.0452521736003153,0.023639272104720277
2024-01-31,9663.419011351743,9931.510226378055,9618.494727354544,9884.2578125,997024,MARUTI,0.023639272104720277,0.03310695063971303,-0.009374430192201189,9722.772314453125,9961.14658203125,9543.82255859375,1.0166089971897032,0.9922811326087754,1.0356707442763282,9723.504942384194,9785.95701927223,-62.45207688803566,-83.4070698616549,20.95499297361924,55.621564174905,0.011162040060845875,644299.55,1.5474541306136251,0.03166808322499039,0.8490412965956482,0.9760695954411388,1.04372713562887,0.0442775167268028
2024-02-01,9906.671945159487,10381.920327514264,9900.8501986687,10321.908203125,1869594,MARUTI,0.0442775167268028,0.0650518296148268,0.04316648013375102,9744.128466796876,9963.367578125,9553.81234375,1.0592951681925078,1.0359858875213228,1.080396791536049,9815.566982498163,9825.657106965027,-10.090124466863927,-68.74368078269671,58.65355631583279,66.64986692791683,0.014803118668302417,698937.4,2.6749090834171985,0.04660670482420275,0.8752528565153752,0.9779954809848155,1.0428682519227968,0.001645090075966582
2024-02-02,10283.145257694836,10393.369949563164,10227.25686837708,10338.888671875,814940,MARUTI,0.001645090075966582,0.07837785091668548,0.05733485456607523,9772.160205078126,9965.09859375,9564.0720703125,1.057994185001426,1.0375099227176172,1.0810132541731445,9896.078011633062,9863.674259921323,32.40375171173946,-48.51419428380949,80.91794599554895,66.94098401779482,0.014434921179692462,713632.1,1.1419609627986185,0.0160668217308465,0.6720229538868573,0.9806385870790195,1.0419305208586114,-0.02129437343192453
2024-02-05,10287.0256873526,10440.28334784138,10091.026895724111,10118.728515625,365105,MARUTI,-0.02129437343192453,0.04375256113584891,0.04126185737246835,9792.208837890625,9963.029921875,9572.991884765624,1.0333448441653856,1.01562763486318,1.057007948761333,9930.331935324131,9882.567167751225,47.76476757290584,-29.258401912466425,77.02316948537226,61.11025757720697,0.015303985004343112,696300.7,0.5243496092995454,0.034515843722653296,0.07931598609833931,0.9828545045710123,1.040743587982152,0.03991930572737079
2024-02-06,10188.00829853549,10534.207976005857,10147.304397086536,10522.6611328125,829040,MARUTI,0.03991930572737079,0.08975396908151212,0.08264454838304203,9832.371630859376,9969.82779296875,9583.912856445313,1.0702057985467734,1.0554506408058157,1.0979504186263407,10021.459504168495,9929.981535533543,91.47796863495205,-5.111127802982729,96.58909643793478,65.93499231056353,0.017464117981788145,704096.15,1.1774528237372126,0.03676860577718791,0.9701557601880838,0.9862127847176743,1.0402669496586567,0.008377288413538242
2024-02-07,10537.361274716905,10647.489313821909,10466.335777167396,10610.8125,560808,MARUTI,0.008377288413538242,0.07350624612210854,0.09943010204979918,9880.352587890626,9978.50609375,9594.9958203125,1.0739305511227026,1.0633668407183758,1.105869423886254,10112.129195834881,9980.413458827355,131.7157370075256,22.254245159118938,109.46149184840667,65.85173812722692,0.017285664295101588,702128.9,0.7987251343734747,0.017072541490532625,0.7975374121905391,0.990163506948114,1.0399698218341704,-0.017538952748670233
2024-02-08,10625.656850080451,10625.656850080451,10372.362571440151,10424.7099609375,557082,MARUTI,-0.017538952748670233,0.009959569082524489,0.07180700270338791,9915.273388671874,9982.93544921875,9605.401567382813,1.0513789738614423,1.0442529668719156,1.0852966310473497,10160.218544312207,10013.324310835515,146.89423347669253,47.18224282263366,99.71199065405887,64.22870530170843,0.017976276149961033,696659.55,0.7996474030966775,0.024297489291253253,0.2066662925761794,0.9932222279818336,1.039304330921253,-0.001028580774925958
2024-02-09,10393.02939825965,10450.033994095596,10295.854376295563,10413.9873046875,645489,MARUTI,-0.001028580774925958,0.0072637045620571605,0.072191246355916,9950.332373046875,9986.725390625,9615.586923828125,1.046596929052999,1.0427829841464942,1.0830318926118676,10199.259892062251,10043.003051120846,156.25684094140524,68.99716244638799,87.25967849501725,67.44948580918518,0.017971200630768305,704849.05,0.9157833155907636,0.014805051445629713,0.7662032769153182,0.9963558607897349,1.0385975884505987,-0.0021568047706270743
2024-02-12,10382.1143543843,10429.610291337927,10333.648126369517,10391.5263671875,190655,MARUTI,-0.0021568047706270743,0.026959696679405454,0.0697825805240655,9984.224658203126,9988.86876953125,9626.410708007812,1.0407945256570055,1.0403106304574212,1.0794808867383168,10228.839349773829,10068.81959305171,160.01975672211847,87.2016813015341,72.81807542058438,65.09294238277542,0.018001575053580264,663141.05,0.28750293772343,0.009234655389166173,0.6031360467642218,0.9995350713443859,1.0376524618071743,0.007917922157692603
2024-02-13,10411.22189776188,10508.2509928016,10324.041634888596,10473.8056640625,397979,MARUTI,0.007917922157692603,-0.004642881504342555,0.08317046488808133,10024.43583984375,9992.47435546875,9638.089497070312,1.0448274428005868,1.0481693814235633,1.0867097330073787,10266.526475049008,10098.818561274733,167.70791377427486,103.30292779608224,64.40498597819261,71.88745548454045,0.017922984827803447,640530.5,0.6213271655291981,0.017587624195192043,0.8130098865261348,1.0031985555567133,1.0367692018741017,0.021626869188266173
2024-02-14,10386.965607452868,10721.716017034489,10385.41352080518,10700.3212890625,354676,MARUTI,0.021626869188266173,0.00843562065228265,0.09329420522977028,10070.0904296875,10001.05658203125,9650.887648925782,1.0625844289855655,1.0699190831784322,1.1087395976735392,10333.26413874339,10143.374318888642,189.88981985474857,120.62030620781552,69.26951364693305,73.21436195576504,0.018267120861842675,635095.3,0.5584610687561378,0.031429196109565995,0.9363824883494156,1.0069026554434541,1.0362835985500716,0.005649290064943191
2024-02-15,10712.013381686616,10802.25045093452,10653.79591765571,10760.7705078125,447248,MARUTI,0.005649290064943191,0.03223692056030858,0.08903583273268012,10114.07861328125,10010.58095703125,9663.80541015625,1.0639397733849971,1.0749396617440399,1.1135127469043806,10399.034349369407,10189.107369920039,209.92697944936845,138.48164085612612,71.44533859324233,77.55116922522348,0.018232108979459285,630616.55,0.7092233782954157,0.013795901805640111,0.72058823529412,1.0103388261574673,1.035883953800493,0.026162650084685213
2024-02-16,10789.636609679645,11138.9413920074,10768.290206315169,11042.30078125,716486,MARUTI,0.026162650084685213,0.06033361268643822,0.13218668632927044,10178.53994140625,10023.3596875,9677.95755859375,1.0848609766052963,1.1016566426345757,1.1409742928087914,10497.998415812574,10252.306881870407,245.69153394216664,159.92361947333424,85.7679144688324,79.25068332417712,0.01836709531954138,635928.35,1.1266772428057343,0.033566481572536326,0.7392680382853399,1.0154818602488918,1.0356895684668037,0.009046178597998056
2024-02-19,11042.300700188074,11268.03834558032,10996.356850208713,11142.19140625,581383,MARUTI,0.009046178597998056,0.07223818836016394,0.15707099368771016,10254.16689453125,10040.00212890625,9692.3851953125,1.086601332009951,1.1097797852223983,1.1495819843848825,10597.105029726023,10318.224254046674,278.8807756793485,183.7150507145371,95.1657249648114,81.41944439971277,0.017815818608741638,634254.5,0.916639929239761,0.024383129446081224,0.5367850167410698,1.0213311474315725,1.0358649523918908,-0.0032133455289070634
2024-02-20,11100.12912880247,11138.892444072542,10979.667121168835,11106.3876953125,355044,MARUTI,-0.0032133455289070634,0.06039657900284534,0.14034577934009196,10322.51171875,10054.55259765625,9705.733603515626,1.0759384922894932,1.1046128196595677,1.1443120272010687,10675.456209047019,10376.606731177477,298.84947786954217,206.74193614553812,92.10754172400405,78.1255885431907,0.01794528080648773,633155.8,0.5607529773872402,0.014336373560136808,0.7958569141687353,1.0266505265640773,1.035939477466626,0.0016949002021553472
2024-02-21,11115.654925675177,11178.723847652209,11032.209890444024,11125.2119140625,348461,MARUTI,0.0016949002021553472,0.03970821188652618,0.16281201621659092,10400.39697265625,10070.99515625,9719.077846679687,1.069691084226099,1.1046785090705025,1.1446777245295126,10744.649394434016,10432.058966946737,312.59042748727916,227.91163441388636,84.6787930733928,72.90175650580909,0.017060406559907197,602765.4,0.578103852676348,0.013169543046904812,0.6347656249999939,1.0327079708902278,1.0362089197269406,0.016740903021773557
2024-02-22,11158.346280533917,11347.553021812531,11052.8271363593,11311.4580078125,584406,MARUTI,0.016740903021773557,0.051175471087334445,0.16715715832316946,10481.396826171875,10092.6530078125,9733.337465820312,1.0791937558902431,1.120761607384753,1.1621356032844778,10831.850719569167,10497.199636640498,334.651082928669,249.2595241168429,85.39155881182609,75.28690249910753,0.017142494218063433,609031.1,0.9595667610406102,0.02605551691476671,0.877530221193418,1.038517505561566,1.0369159646682307,-0.01048214644770884
2024-02-23,11357.209014962338,11371.81170652601,11134.284634452582,11192.8896484375,472884,MARUTI,-0.01048214644770884,0.013637453839620228,0.167452776376658,10561.66904296875,10115.8856640625,9746.29267578125,1.0597652324552789,1.106466603136999,1.1484253572900522,10887.395170164296,10548.732230106942,338.6629400573547,267.1402073049453,71.52273275240941,79.48598348803583,0.01712824878787246,596734.45,0.7924529914436815,0.021221246660515957,0.24672982946045302,1.0440676569220164,1.03792139232589,-0.0059468557352651
2024-02-26,11163.198207270729,11191.28832186548,11077.279126789052,11126.3271484375,277700,MARUTI,-0.0059468557352651,-0.0014238005105172702,0.1476869291714229,10633.257080078125,10136.978828125,9758.301801757812,1.046370558394865,1.0975979467933343,1.1401909240430808,10924.153936052482,10591.517038872169,332.6368971803131,280.2395452800189,52.39735190029421,70.3376792921882,0.01738243696976458,588293.65,0.47204317095722514,0.010246795151303783,0.4302111037234128,1.048957215001397,1.038805627665561,0.0029345165021132935
2024-02-27,11075.871736109357,11219.378153654949,11046.03528793718,11158.9775390625,307585,MARUTI,0.0029345165021132935,0.004735098863170029,0.15565253984706917,10708.406103515625,10159.246015625,9770.304516601562,1.0420764239973073,1.0984060748110545,1.142132010327961,10960.280644207869,10633.55114999738,326.72949421048907,289.5375350661129,37.19195914437614,69.18530610236019,0.017219502987845123,583679.45,0.5269758940459528,0.015533938043245793,0.6515540784309456,1.054055201246826,1.0398085339471819,-0.030246106672274564
2024-02-28,11130.20871799726,11157.328542558056,10799.33946746661,10821.4619140625,358812,MARUTI,-0.030246106672274564,-0.0273028507093922,0.09481785272509557,10755.26630859375,10176.05921875,9780.347622070312,1.0061547156127468,1.063423637917054,1.1064496204248213,10938.923916493197,10647.470465854056,291.453450639141,289.92071818071855,1.5327324584224584,62.55528635178066,0.01869687544628279,551768.85,0.6502940497637734,0.033081396758994124,0.06179642937494225,1.0569186044806544,1.0404598703410834,0.012153853331645204
2024-02-29,10823.596445104233,11011.83290501909,10798.854023826763,10952.984375,943841,MARUTI,0.012153853331645204,-0.031691196003637456,0.06113948694912241,10786.8201171875,10194.85861328125,9790.60255859375,1.0154043783067948,1.0743635385714039,1.118724236782134,10941.087063955782,10670.101125790792,270.9859381649894,286.13376217757275,-15.147824012583328,65.84521821112182,0.016350997701181393,505481.2,1.8672128656812557,0.0194448265331636,0.7236884253986309,1.058064709512997,1.0412902119423348,0.02946417999660489
2024-03-01,10959.438489702352,11328.14912503541,10959.438489702352,11275.705078125,487355,MARUTI,0.02946417999660489,0.007398932026374538,0.0906109385623266,10833.6609375,10221.781328125,9802.30529296875,1.0408028406256369,1.103105683458533,1.150311558467081,10992.566758443354,10714.960677815547,277.6060806278074,284.4282258676197,-6.822145239812301,72.09254772205426,0.017372259114777657,489101.95,0.9964282497749191,0.032699563599651184,0.8577636718749998,1.0598603697079125,1.042793610545587,-0.002306275539518121
2024-03-04,11255.376018853796,11330.379326434982,11201.185643507097,11249.7001953125,369936,MARUTI,-0.002306275539518121,0.011088389297660095,0.11177013771454503,10890.209521484376,10251.14041015625,9814.301430664062,1.0330104460450384,1.0974096290952111,1.1462558262337084,11032.125748730916,10754.57101244495,277.5547362859652,283.0535279512888,-5.498791665323608,69.94787796011008,0.016379507522481258,489343.5,0.7559842932418639,0.011484188972584158,0.37551798745828363,1.0623412699230004,1.044510450649836,0.006593838915672556
2024-03-05,11251.543894423556,11381.514576475643,11218.311424326004,11323.87890625,320702,MARUTI,0.006593838915672556,0.014777462057814494,0.07614212444218005,10930.27041015625,10283.3104296875,9827.321870117188,1.0360108653604776,1.1011900286077545,1.152285338356885,11077.010849887698,10796.74196754162,280.2688823460776,282.49659883024657,-2.2277164841689796,67.39383062914638,0.01424291613198811,463926.6,0.6912774563907308,0.0144123010764061,0.6468470769927412,1.0629135904135503,1.0464000839289571,-0.008872808532025656
2024-03-06,11323.87774018976,11332.028563591404,11176.200208360724,11223.404296875,639542,MARUTI,-0.008872808532025656,0.037143076046885604,0.05773278878266863,10960.9,10309.506328125,9839.608989257813,1.0239491553499256,1.0886461426631873,1.1406351928341782,11099.532918654975,10828.346584529278,271.1863341256976,280.2345458893368,-9.048211763639188,62.62306998288811,0.014469864290367795,467863.3,1.3669420106257533,0.0138842325473447,0.30292361389810935,1.0631837889364262,1.0477556922617746,-0.004927708438508205
2024-03-07,11227.28638857044,11287.881255901451,11081.840324508315,11168.0986328125,255325,MARUTI,-0.004927708438508205,0.019639784961575923,0.0713102498448932,10998.06943359375,10333.557890625,9851.937270507813,1.015459913237081,1.0807602522790942,1.1335941679454935,11110.081490063825,10853.513402920627,256.5680871431978,275.50125414010904,-18.933166996911268,53.91584119590058,0.013790707881665603,452775.45,0.5639108745847418,0.018449060862318685,0.41864646854852144,1.0643061712144295,1.048885879689768,-0.009947768183528494
2024-03-11,11173.048365075902,11212.58772890805,11012.85272982967,11057.0009765625,525344,MARUTI,-0.009947768183528494,-0.019396046637188857,0.06174519452175331,11030.2201171875,10355.0411328125,9863.457016601562,1.0024279533037848,1.0677891893182025,1.1210066569917665,11101.915257217468,10868.586556523729,233.32870069373894,267.066743450835,-33.73804275709608,47.36656211604817,0.01408725292649642,446768.2,1.1758759911739465,0.01806412059669329,0.22103410487164987,1.0652029263539602,1.0498389272020483,0.010034560788471092
2024-03-12,11061.317761594171,11231.99233309344,11042.882231991514,11167.953125,283816,MARUTI,0.010034560788471092,-0.007266599899841131,0.0747172966104539,11069.041455078124,10379.07138671875,9875.2878515625,1.0089358839537546,1.0760069671830872,1.1308989968563772,11112.074929184011,10890.761857892341,221.31307129166998,257.916009019002,-36.602937727332005,51.81863865911783,0.014111819848239891,451426.25,0.62870956219316,0.016933282131941743,0.6613654811652587,1.0664770520070104,1.0510145671426214,-0.010404089407610173
2024-03-13,11168.049742984833,11211.566916612412,10932.850818552257,11051.7607421875,385204,MARUTI,-0.010404089407610173,-0.02403047280135695,0.055181000742458686,11097.939208984375,10400.1810546875,9886.326015625,0.9958390052488763,1.062650802334477,1.117883501385709,11102.795823492239,10902.687701173465,200.1081223187739,246.3544316789564,-46.246309360182494,47.94828233363449,0.014415298577689155,450787.5,0.8545134902808973,0.0252191577941261,0.4266345735422107,1.0670909622272764,1.0519763396685857,0.0012685337275248898
2024-03-14,11063.015323128946,11119.534773438963,10966.277121672052,11065.7802734375,523058,MARUTI,0.0012685337275248898,-0.014044225732952387,0.034154019725422646,11116.212158203125,10421.94078125,9897.097592773438,0.9954632131837814,1.0617773124700367,1.1180833744144747,11097.101123483817,10914.768632452282,182.33249103153503,233.55004354947215,-51.21755251793712,42.40688111496373,0.01371685018917456,459206.6,1.139047217526926,0.013849692292805934,0.6492540543214227,1.0666163233437462,1.0530300104204071,0.00631768881384831
2024-03-15,11041.91142681855,11178.770780959976,10977.920546746316,11135.6904296875,972333,MARUTI,0.00631768881384831,-0.0029018550238966156,0.03484136397136273,11134.958154296875,10446.75888671875,9908.16537109375,1.0000657636410013,1.0659469171672573,1.1238902473484096,11103.037939822845,10931.13321002526,171.90472979758488,221.22098079909472,-49.31625100150984,48.17733260474767,0.013727609702397281,485460.85,2.002907134530004,0.01803662157114189,0.78551007699275,1.0658768212266345,1.0543585513011624,0.01391087760032561
2024-03-18,11096.8796149206,11318.83369458661,11028.619070414708,11290.59765625,311049,MARUTI,0.01391087760032561,0.021126585787832886,0.022485972798496068,11147.372998046874,10477.00576171875,9919.440073242187,1.0128482879534237,1.0776550011553854,1.1382293327933426,11131.893280811637,10957.760206041909,174.1330747697284,211.80339959322149,-37.670324823493075,54.95551283237226,0.01282720526580006,465189.0,0.6686508064464121,0.025704097604722576,0.9027063559695552,1.063984620374796,1.0562093912922166,-0.003373070720832816
2024-03-19,11199.19598897808,11332.951179225753,11115.800230974142,11252.513671875,409259,MARUTI,-0.003373070720832816,0.007571713986308515,0.009901307705333151,11152.889111328124,10507.70091796875,9930.84373046875,1.0089326236056346,1.0708825612492052,1.1330873767906793,11150.450264052153,10979.59379610362,170.85646794853346,203.6140132642839,-32.757545315750434,52.812464213249385,0.012727121770425212,456582.8,0.8963522059963713,0.01929799461558233,0.629577913435816,1.0614014614991627,1.0580874297447806,0.02967132170294584
2024-03-20,11305.006238124848,11667.749145426573,11305.006238124848,11586.390625,1031037,MARUTI,0.02967132170294584,0.048375086584319105,0.04321863623490185,11176.8892578125,10545.040625,9943.677182617188,1.0366382235469733,1.0987525830418505,1.1652018073610118,11217.518011890283,11024.541709355202,192.97630253508032,201.4864711184432,-8.510168583362884,73.05047646681801,0.014246212585951244,490382.45,2.10251610758093,0.03130767113263322,0.7757129945509869,1.059919032584334,1.0604769675582462,-0.002763546671809225
2024-03-21,11642.521651645826,11643.491942641043,11474.030241305936,11554.37109375,544311,MARUTI,-0.002763546671809225,0.04415330941328399,0.03857537123810051,11198.347216796876,10583.1041796875,9956.425751953126,1.0317925377790669,1.091775238868638,1.1604938741679873,11269.341562945623,11063.788330421483,205.55323252414018,202.29982339958264,3.2534091245575496,69.27837723785326,0.014289578036522909,500174.95,1.088241224395584,0.014666458257236736,0.4740944520862053,1.0581344591022956,1.0629421082773043,0.03607198168712533
2024-03-22,11536.808985825566,12058.097855884904,11536.808985825566,11971.16015625,1062263,MARUTI,0.03607198168712533,0.07502630679595379,0.05832158400639975,11231.33232421875,10628.00150390625,9971.44763671875,1.0658717782249143,1.1263792305496083,1.2005438520448655,11377.313654223219,11131.001058260632,246.31259596258678,211.1023779121835,35.210218050403284,71.02581393371376,0.015902528943768677,524067.8,2.026957199049436,0.04354539269839932,0.8332254827826887,1.0567680405474869,1.0658433851439797,-0.007063770122008761
2024-03-26,11920.558818990368,11955.829466593572,11780.497687302435,11886.5986328125,507568,MARUTI,-0.007063770122008761,0.052787371821063855,0.06197764886137702,11266.0177734375,10671.47732421875,9985.29189453125,1.0550843138946735,1.113866269090602,1.1904107319409019,11455.6651893908,11186.971248968179,268.6939404226214,222.6206904142711,46.07325000835027,68.59699589270622,0.015768281401607874,525802.0,0.965321546894078,0.014750374325514784,0.6051438360976491,1.0557130405805624,1.0687196165054833,0.021207164679695634
2024-03-27,11924.876443707,12344.72155080785,11920.70438189817,12138.6796875,878986,MARUTI,0.021207164679695634,0.07875271618997637,0.09098712679904142,11316.635400390625,10719.9773046875,9999.931557617187,1.072640343885339,1.132341920368819,1.2138762768084825,11560.744342946062,11257.468170340908,303.276172605154,238.75178685244768,64.52438575270631,71.55248037081314,0.016111039071392313,555866.3,1.5812903210718117,0.03493107815888074,0.5140718857265458,1.0556585222845785,1.0720050675268709,0.007194042031187786
2024-03-28,12196.509581416714,12348.699346201704,12017.53921642179,12226.005859375,860324,MARUTI,0.007194042031187786,0.05520401090179883,0.09562061726330384,11369.98681640625,10771.10578125,10014.26720703125,1.0752876020694733,1.1350743468379676,1.2208587614669237,11663.092268550514,11329.21170286195,333.88056568856337,257.77754261967084,76.10302306889253,76.70580290858163,0.0161176003748395,583503.25,1.4744116678013361,0.02708653452230903,0.6295040501758328,1.0556007012946398,1.075576031533027,-0.0024403666940108204
2024-04-01,12238.620155029925,12312.023051493752,12134.60571320219,12196.169921875,314676,MARUTI,-0.0024403666940108204,0.05554597674919437,0.12703533207708895,11438.722216796876,10819.28458984375,10028.591616210937,1.066217859890493,1.1272621420203472,1.2161398517973585,11745.104215215819,11393.430830196252,351.6733850195669,276.5567110996501,75.11667391991682,77.76090096846515,0.014005464820332367,581296.45,0.54133480429822,0.014546971666354571,0.3470022110896339,1.0572531041039999,1.0788438699961298,-0.0013644140010015127
2024-04-02,12249.875393476375,12272.24041123072,12092.008860283053,12179.529296875,333508,MARUTI,-0.0013644140010015127,0.01740592707016897,0.11198271447136987,11500.049462890625,10865.2550390625,10043.067846679687,1.0590849488236533,1.1209611972371982,1.2127299628769952,11811.938843163385,11451.66034624653,360.27849691685515,293.3010682630911,66.97742865376404,81.94089150140965,0.014023576552164598,550779.8,0.6055196650276571,0.014797907747872496,0.48559997476446415,1.0584242543360398,1.0818661394042692,-0.009926363700362373
2024-04-03,12080.123184462063,12153.380156383902,12043.78559629683,12058.630859375,271935,MARUTI,-0.009926363700362373,0.014472788379310764,0.06943475160315127,11539.195751953124,10911.366171875,10057.0876171875,1.0450148449326684,1.1051440002496822,1.1990181768693031,11849.891461042094,11496.621124996787,353.270336045307,305.2949218195343,47.97541422577268,75.20107164527833,0.013210542469168281,540008.8,0.5035751269238575,0.00908847458431554,0.13545620390625024,1.0575390441662942,1.084942936484668,0.011216761723603419
2024-04-04,12118.934668203814,12273.210938199363,11952.092940167218,12193.8896484375,491166,MARUTI,0.011216761723603419,0.0045482673864731815,0.08393018807011621,11586.405224609374,10962.65091796875,10072.155439453125,1.0524307938529405,1.1123121350558232,1.2106534417323862,11902.814259102926,11548.270645251654,354.5436138512723,315.1446602258819,39.39895362539039,81.97075247747773,0.013246761225093509,546070.3,0.8994556195420259,0.02633433689251832,0.7529839801943368,1.0568981272237938,1.0884116099943721,-0.011589676982652453
2024-04-05,12120.875272234807,12184.81782868351,12016.568988872235,12052.56640625,231600,MARUTI,-0.011589676982652453,-0.014186109111996359,0.06434963726058696,11622.839599609375,11008.912421875,10086.675014648437,1.0369726178321403,1.0948008254022652,1.1948998444726915,11925.853050971707,11585.625886807087,340.22716416462026,320.1611610136296,20.06600315099064,75.78467692505552,0.013684805722279508,541615.2,0.4276098602845711,0.013959586210952314,0.21395343598293473,1.0557663785674674,1.0914312601414478,0.035703949204283214
2024-04-08,12080.12320153346,12543.583086353588,12080.12320153346,12482.890625,570422,MARUTI,0.035703949204283214,0.023509077436740133,0.11221963450748063,11685.813916015624,11067.22009765625,10103.274116210938,1.0682089167868716,1.1279156386926426,1.235529243433167,12011.551139283752,11652.089941488044,359.46119779570836,328.02116837004536,31.440029425663,79.62277018562585,0.015163366691369043,538159.2,1.0599502898027202,0.037127609200703675,0.8690448443512135,1.055894236574402,1.0954092673679554,0.001780092751954232
2024-04-09,12482.891283570129,12599.908955310162,12400.319892414454,12505.111328125,314466,MARUTI,0.001780092751954232,0.02673190591474972,0.11971712815861801,11752.66455078125,11123.49310546875,10119.684653320313,1.0640235049756213,1.124207226053567,1.235721443555261,12087.48347602856,11715.27671086856,372.2067651599991,336.85828772803615,35.348477431962976,78.36005162749757,0.014995235248855276,541116.25,0.5811431462278207,0.0159605986431177,0.5250359623428001,1.0565623981016516,1.0991936494601224,-0.015925753484864025
2024-04-10,12548.773327160045,12573.03060182014,12226.540069595269,12305.9580078125,464239,MARUTI,-0.015925753484864025,0.020510383916861885,0.11295621967452218,11815.11240234375,11177.863359375,10135.056889648438,1.0415438794616445,1.1009222077751877,1.2141972306422215,12121.094942456857,11759.030881012555,362.06406144430184,341.8994424712893,20.164618973012523,72.87799063864622,0.015379783905433647,538061.0,0.8627999427574197,0.02815632330330569,0.22920666174419232,1.0570099152656292,1.1028910326879018,-0.03281621477020502
2024-04-12,12283.884235798463,12283.884235798463,11861.807644757995,11902.123046875,973366,MARUTI,-0.03281621477020502,-0.0239272791516435,0.06573898669323075,11851.8208984375,11222.0144921875,10148.75455078125,1.0042442548591104,1.0606048544279618,1.1727668638866406,12087.406958521187,11769.63030070607,317.7766578151168,337.0748855400548,-19.298227724938045,56.65465449147497,0.017543849535590992,572538.5,1.7000882910057578,0.035462294363633524,0.09551679238505667,1.0561224017923392,1.1057528720431642,0.012741949432275357
2024-04-15,11837.06517876978,12138.340537432676,11675.463400533186,12053.779296875,831257,MARUTI,0.012741949432275357,0.00010063339077492905,0.09066596518530567,11901.921826171874,11269.97013671875,10163.402265625,1.012759071427372,1.0695484682432757,1.1859984463710245,12082.233472114081,11790.678374496361,291.5550976177201,327.9709279555879,-36.41583033786782,60.02061362772415,0.017352301776928654,594841.15,1.3974436704656361,0.038400996525587004,0.8173138532525152,1.0560739453420696,1.1088777008105268,0.0064277363735278925
2024-04-16,11942.341960037538,12177.055738483295,11910.661578986796,12131.2578125,579183,MARUTI,0.0064277363735278925,-0.02816918156727022,0.0962858029650282,11955.195703125,11314.91013671875,10178.683696289063,1.0147268278786084,1.0721479592782683,1.1918297271505554,12089.7756783273,11815.90648101515,273.8691973121495,317.15058182690024,-43.281384514750755,53.71871506757836,0.017340218447771647,597647.4,0.9691048601566743,0.021959318943993462,0.8280820943302354,1.0565877730065587,1.1116280330868256,-0.007814346461652244
2024-04-18,12196.557977346583,12227.60728961986,11954.033550252072,12036.4599609375,679117,MARUTI,-0.007814346461652244,-0.03747678488343131,0.0808903172136115,12000.2341796875,11349.201171875,10193.6728125,1.003018756193218,1.0605556971503536,1.1807775452806155,12081.57326026733,11832.243775824214,249.3294844431166,303.58636235014353,-54.25687790702693,53.464472998612024,0.017559480957906066,582986.6,1.164892983818153,0.022728754156590075,0.3012950397794403,1.0573637737099821,1.1133574110754303,0.02466342699813029
2024-04-19,12031.511492907091,12380.331099955734,11861.807221612333,12333.3203125,635535,MARUTI,0.02466342699813029,0.0022235005734725366,0.09235318518969571,12052.3703125,11389.0898046875,10210.510302734376,1.0233107673192399,1.0829065820013004,1.2079043991755374,12120.303575995435,11869.360556318716,250.9430196767189,293.0576938154586,-42.1146741387397,54.40840275467665,0.01803568205545847,599210.9,1.060619891927867,0.04204252100854544,0.9093372756411411,1.0582382366973264,1.1154280703911048,0.005865003024707605
2024-04-22,12403.375468663851,12496.52340235827,12282.913464975583,12405.6552734375,342212,MARUTI,0.005865003024707605,0.042306084769868635,0.102478578137142,12110.027392578126,11434.82833984375,10227.022651367188,1.0244118259419095,1.084900875180695,1.2130270652895312,12164.203837140367,11909.086090920107,255.1177462202595,285.4697042964188,-30.351958076159292,54.09668717077589,0.017939316834506582,595858.55,0.5743175121008165,0.017218754888350035,0.5746072021079326,1.0590475897553877,1.1180994439584133,0.01648355151785852
2024-04-23,12463.388016074348,12637.555252266278,12396.728834216834,12610.14453125,397281,MARUTI,0.01648355151785852,0.04615691234028496,0.08835831100334568,12161.215087890625,11476.5780078125,10244.601669921874,1.036914851033791,1.0987721708218112,1.230906279965316,12232.810097772619,11961.016345759359,271.79375201326,282.73451383978704,-10.940761826527023,58.743707937754685,0.017214087072841937,564170.75,0.7041857451844145,0.019097831706261344,0.8861805891633924,1.0596551584986456,1.1202561483193345,-0.004016560947178838
2024-04-24,12613.783088528477,12685.536297992028,12516.753987847487,12559.4951171875,296364,MARUTI,-0.004016560947178838,0.03530032180556297,0.08699080333166664,12211.4712890625,11515.55166015625,10261.544624023438,1.0284997458444436,1.0906550973709135,1.223938069497286,12283.069331528754,12005.348106605888,277.7212249228651,281.73185605640265,-4.010631133537572,57.9117340969234,0.01724371887471979,551773.4,0.5371117926308154,0.013438622219261403,0.25323228070175313,1.0604330256547003,1.122204510342141,-0.0016648105272071279
2024-04-25,12578.853015573612,12595.057065416817,12361.847045923234,12538.5859375,640725,MARUTI,-0.0016648105272071279,0.04171708111787642,0.04739939770614088,12239.842578125,11557.8291796875,10277.189165039063,1.0244074511145194,1.0848564849475495,1.220040395885069,12322.379578601252,12044.847205190637,277.53237341061504,280.89195952724515,-3.359586116630112,60.42795272015283,0.015569860378313422,530696.5,1.2073284824753885,0.018599387574966156,0.7578529085523672,1.0590087799217622,1.124609948701238,-0.016958744226416078
2024-04-26,12538.101797093072,12657.44760432434,12283.885524779313,12325.947265625,704626,MARUTI,-0.016958744226416078,-0.0005978152426259209,0.036961678137233944,12261.810009765624,11596.06837890625,10292.328276367187,1.0052306515765859,1.0629419267694584,1.1975859042435835,12322.928453527984,12065.669431889479,257.25902163850515,276.16537194949717,-18.906350310992025,52.77586986233039,0.01603769811037567,540549.4,1.3035367350329128,0.030306967204608185,0.11259638798701335,1.057410978368357,1.1266710570758471,-0.001062766949484928
2024-04-29,12419.773920811038,12608.738105168522,12228.578256520535,12312.84765625,613937,MARUTI,-0.001062766949484928,-0.007481073360648405,0.014348180628684926,12270.518408203125,11634.4948046875,10307.524926757813,1.0034496707179525,1.0583053121730042,1.1945493941311236,12321.377561639063,12083.978929990259,237.39863164880444,268.41202388935864,-31.013392240554197,55.78287822993519,0.015389449847444265,527296.95,1.1643097878719004,0.030875055004438223,0.22166833249003814,1.0546670581054687,1.128737974184757,0.010059202008572798
2024-04-30,12406.140911168812,12609.902024210063,12361.701772215492,12436.705078125,528776,MARUTI,0.010059202008572798,-0.013753962351120474,0.017233691949234187,12281.053369140625,11673.75279296875,10321.683198242188,1.0126741334237248,1.0653562139516768,1.2049105595725904,12339.120256483053,12110.106792815055,229.0134636679977,260.5323118450865,-31.518848177088785,48.81208819693806,0.01546501059816182,510719.55,1.0353549222856262,0.019957074678174355,0.302188677516525,1.0520227374129132,1.1309931305542125,-0.0009479249066326467
2024-05-02,12371.210785470366,12462.564066094386,12142.998142882543,12424.916015625,814923,MARUTI,-0.0009479249066326467,-0.010715327352476933,0.018755567954142904,12292.490673828124,11708.2446875,10336.42126953125,1.0107728649393097,1.0612108259823212,1.2020520150673446,12352.319604043352,12133.42599450468,218.89360953867254,252.2045713838037,-33.310961845131175,47.92621444740635,0.015451293067901321,535731.9,1.5211395849304474,0.025719765253139088,0.8821900342470836,1.0499003908717315,1.1327174446742496,-0.024458477696576497
2024-05-03,12437.14211282869,12448.833930244631,12042.670483605923,12121.021484375,834990,MARUTI,-0.024458477696576497,-0.0333023560397,-0.0048037827303401,12289.565283203125,11735.44970703125,10349.68384765625,0.9862856175182629,1.032855304821658,1.1711489609530326,12316.73527794053,12132.50714190248,184.22813603804934,238.60928431465285,-54.38114827660351,45.46343945431435,0.01646999822806137,560806.0,1.4889106036668651,0.03350901136197852,0.19290510117906226,1.0472172426285358,1.13389451115348,-0.004230769664595124
2024-05-06,12177.151633914784,12270.688062138628,12004.924987299655,12069.740234375,342231,MARUTI,-0.004230769664595124,-0.02078599118824065,0.0009212799636670876,12290.120751953125,11755.99849609375,10363.237690429687,0.9820684823179542,1.0266878001375637,1.1646688607288478,12278.73604046891,12127.85774134489,150.8782991240205,221.0630872765264,-70.18478815250592,54.97163123032521,0.016340096810425128,564320.8,0.6064476092321955,0.02201895564264683,0.24388356853041634,1.0454340187298299,1.1343943704919806,-0.006049396840335675
2024-05-07,12101.85717850638,12136.88430265038,11875.39089260407,11996.7255859375,604375,MARUTI,-0.006049396840335675,-0.02567416402265288,-0.01616908699229247,12280.262548828125,11773.0891796875,10375.638955078124,0.9769111644182492,1.0189955586708581,1.156239691635181,12235.349816694847,12118.14424835175,117.20556834309718,200.29158348984058,-83.08601514674339,48.224942500448144,0.016181237507264228,569981.25,1.060341897211531,0.021797065221932876,0.464006696428572,1.0430790391034892,1.134685702794759,0.014517958879892934
2024-05-08,12023.846142287866,12186.806706200448,11958.836644907838,12170.8935546875,399669,MARUTI,0.014517958879892934,-0.021373146807592724,0.009817589420302975,12286.17890625,11794.379296875,10389.220346679687,0.9906166634523079,1.0319231939498723,1.171492484378505,12225.433468693716,12122.05160437662,103.38186431709619,180.9096396552917,-77.52777533819551,51.163167925258286,0.01630828432916636,578384.7,0.6910089426639399,0.018730757956946346,0.9301963098894678,1.0416977949407906,1.1352516265231,-0.0031011807354491827
2024-05-09,12167.448820993315,12361.312768200622,12067.266277869903,12133.1494140625,504590,MARUTI,-0.0031011807354491827,-0.023482380178311724,-0.02801764602800083,12268.691845703124,11814.538046875,10403.517783203126,0.9889521692006557,1.0269677380464126,1.1662544984209025,12211.235921827374,12122.873664353352,88.36225747402204,162.40016321903778,-74.03790574501573,52.93580081743416,0.014068470002298767,575093.1,0.8774057626495606,0.024234968209483527,0.22405686977762282,1.0384402502261398,1.135629149012464,0.013662933538951094
2024-05-10,12133.489209159648,12319.736760020927,12129.60804507835,12298.923828125,328670,MARUTI,0.013662933538951094,0.014677174195205422,-0.016488257848314203,12258.382470703125,11834.28736328125,10418.855087890624,1.0033072354789685,1.0392618879853635,1.1804486888794046,12224.726368950085,12135.914417225325,88.81195172475964,147.68252092018216,-58.87056919542252,48.86528524116957,0.014452210009201386,575803.3,0.5708025640005884,0.015458971662853418,0.8905324116758839,1.0358361339726914,1.1358529573019707,-0.00013021972673232796
2024-05-13,12283.88411423559,12330.84657786286,12106.85433099401,12297.322265625,281421,MARUTI,-0.00013021972673232796,0.01885558651890773,-0.0007017529380498599,12257.95068359375,11856.376015625,10433.771533203126,1.003211922045334,1.0371906431964453,1.178607584658294,12235.894968438533,12147.87055414382,88.024414294714,135.75089959508853,-47.72648530037452,46.251222467861005,0.014002771828352066,566662.4,0.4966290334421341,0.018214717157976748,0.8503327114822474,1.0338699335648205,1.1363461407885687,0.01107408895070372
2024-05-14,12297.322987277255,12458.537226119612,12275.540710992662,12433.50390625,331037,MARUTI,0.01107408895070372,0.03640812796655868,0.04464588857653573,12284.5197265625,11882.51955078125,10449.483745117188,1.0121277984816415,1.0463693203376656,1.1898677685450154,12266.29634348645,12169.028580225759,97.26776326069194,128.0542723282092,-30.786509067517272,43.584186623270305,0.011853828208065676,534545.95,0.61928633076352,0.01471801645833418,0.8632032973292123,1.03383122359389,1.1371393879945206,-0.0036600170218006323
2024-05-15,12439.131599549171,12489.975230972896,12322.696670380225,12387.9970703125,232030,MARUTI,-0.0036600170218006323,0.017837927400275788,0.02772721859310523,12301.230615234375,11907.09994140625,10465.247670898438,1.0070534776391127,1.0403874269362565,1.183727080321358,12285.01953222892,12185.248468380332,99.7710638485878,122.39763063228493,-22.62656678369713,43.747614598939315,0.011655690218554582,504584.6,0.45984360204413693,0.013503277377547142,0.39036921229424104,1.0331004758310258,1.1377752649387638,-0.02112033691887205
2024-05-16,12466.299490982448,12466.299490982448,11934.579992145398,12126.3583984375,914201,MARUTI,-0.02112033691887205,-0.000559707574121604,-0.0004038669475354695,12300.98564453125,11933.19787109375,10478.910615234376,0.9858038005132226,1.0161868201156414,1.157215558343254,12260.61012703024,12180.88624097716,79.72388605308151,113.86288171644426,-34.13899566336275,37.21529629901089,0.012622044941553195,521335.5,1.7535751929419732,0.043848242099257355,0.36067589530109356,1.0308205543401243,1.1387822941962222,0.01151006680872002
2024-05-17,12143.337705746995,12289.6090730102,11956.216519129492,12265.93359375,809226,MARUTI,0.01151006680872002,-0.0026823675661409307,0.01906487734410467,12312.459326171875,11959.45685546875,10493.283212890625,0.9962212478279642,1.025626309119641,1.1689319105274636,12261.429121910203,12187.186044886259,74.24307702394435,105.93892077794429,-31.695843753999938,48.050398904614404,0.012727103566038147,527840.95,1.5330868133667919,0.027180365141597225,0.9289861786515129,1.0295165971974476,1.1397249662314444,-0.01330531811460789
2024-05-21,12225.813436391169,12302.223858351856,12072.167276528224,12102.7314453125,443136,MARUTI,-0.01330531811460789,-0.015823836775949562,-0.018696414375437453,12300.9298828125,11975.9973828125,10507.20146484375,0.9838875240011787,1.0105823388607185,1.151851088589789,12237.014094741326,12180.930148621537,56.08394611978838,95.96792584631311,-39.88397972652473,43.78070854465707,0.01181403925022061,518221.0,0.8551100785186243,0.019008649647657423,0.1328550069813158,1.027131978207204,1.1397894503958284,0.004653843556267301
2024-05-22,12058.5822211816,12189.765753030952,11995.804204383485,12159.0556640625,280015,MARUTI,0.004653843556267301,-0.02207328233914352,-0.019877999504226862,12288.59990234375,11994.1844921875,10521.09470703125,0.9894581775539341,1.01374592595123,1.1556835103800178,12225.020490021507,12179.309816431978,45.7106735895286,85.91647539495621,-40.20580180542761,41.439537232245605,0.011780720167576706,515111.15,0.5436011237574647,0.015952024072127792,0.8416691907102244,1.02454651338305,1.1400129764226705,0.03220336437453031
2024-05-23,12192.725739390446,12589.623106488694,12102.48867114802,12550.6181640625,768732,MARUTI,0.03220336437453031,0.013127311285834553,-0.004720514268491072,12285.623583984376,12018.71927734375,10536.956572265624,1.0215694855264468,1.044255870733367,1.1911046684103306,12275.112439873967,12206.814138478683,68.29830139528349,82.39284059502167,-14.094539199738179,53.14024605941435,0.01341519595020632,533683.7,1.4404262299935338,0.0388135810501779,0.9199298189648277,1.0222073833726828,1.1406253024690525,0.005067681785158484
2024-05-24,12482.794588468654,12646.7737789429,12430.398870802326,12614.220703125,624801,MARUTI,0.005067681785158484,0.04023155910931697,0.004357307791983622,12288.35986328125,12046.53560546875,10553.149672851563,1.0265178464391698,1.0471243448115106,1.1953038755411223,12327.282941912588,12236.992402526559,90.2905393860292,83.97238035322317,6.318159032806022,64.00197178069095,0.013431213983468596,550105.55,1.1357838509355158,0.017153252129714934,0.8495524453475427,1.0200741744956714,1.1415109212805905,-0.007257588897451317
2024-05-27,12636.53608855115,12670.54459744764,12397.407690131982,12522.671875,464953,MARUTI,-0.007257588897451317,0.0209310020544069,-0.0012692071162829777,12287.56416015625,12073.6270703125,10569.285385742187,1.019133793466252,1.0371922043038453,1.1848172717422223,12357.34277777219,12258.153844932,99.18893284019032,87.01569085061661,12.173241989573711,62.571340286662185,0.013532180902362852,541316.95,0.8589293204286325,0.021811392172699437,0.4586131771758427,1.0177193720327666,1.1423314471761399,-0.006779734506538793
2024-05-28,12507.050638849829,12600.150247195908,12419.967024044803,12437.771484375,333806,MARUTI,-0.006779734506538793,0.027683010283787057,0.009072261655853397,12293.15537109375,12101.24248046875,10584.273500976562,1.0117639539170962,1.0278094587766011,1.175118111151174,12369.716424941853,12271.458855261111,98.25756968074165,89.26406661664163,8.993503064100025,62.16120733435262,0.013042418476535594,522775.95,0.6385259306592049,0.014486777102912782,0.09881308602891242,1.0158589410083092,1.1433229195515615,-0.0023363968657090783
2024-05-29,12437.189574832057,12468.287210714,12371.209789289178,12408.7119140625,353706,MARUTI,-0.0023363968657090783,0.020532536152284342,0.0077857097309117496,12297.948583984375,12126.05765625,10599.616162109374,1.0090066509322029,1.0233096580789236,1.1706755909162192,12375.715730960414,12281.62574850566,94.08998245475414,90.22924978426414,3.8607326704899947,57.127896221886594,0.013053720815984498,509764.4,0.6938617133719027,0.007823327843948553,0.38631150501215633,1.0141753348538451,1.1440091292736827,-0.014907699755109971
2024-05-30,12343.0723608162,12429.428263662883,12177.152592425386,12223.7265625,524559,MARUTI,-0.014907699755109971,-0.026045856649397847,-0.0171249952690129,12287.299658203125,12149.49697265625,10614.336450195313,0.9948261133469889,1.006109684212508,1.151624184880165,12352.332781966503,12277.336919912648,74.99586205385458,87.18257223818225,-12.186710184327666,52.49460069337049,0.013280131577371023,509553.55,1.0294482297297312,0.02063819653913316,0.18461538461538252,1.011342254404196,1.1446308518355557,-0.015772348474438425
2024-05-31,12223.726709618417,12258.026119389157,11963.688706905466,12030.9296875,908304,MARUTI,-0.015772348474438425,-0.04624074917925747,-0.03170937555067099,12267.600341796875,12168.7999609375,10628.190263671875,0.9807076650931873,0.9886701832653942,1.131982904805799,12302.886152048579,12259.084532326526,43.80161972205315,78.50638173495643,-34.70476201290329,42.72737776844935,0.01369717098255707,514222.6,1.7663634387131177,0.02446505965282993,0.22844863664166212,1.008119155642013,1.1449550355276918,0.006197973452539918
2024-06-03,12443.982724304138,12443.982724304138,12034.083080456368,12105.4970703125,485936,MARUTI,0.006197973452539918,-0.03331356190210011,-0.0012807843037414557,12266.82412109375,12188.19609375,10642.772529296875,0.9868485070635491,0.9932148266403502,1.137438297867319,12272.518601012258,12247.707683288449,24.810917723809325,67.76728893272701,-42.95637120891769,44.99269153058774,0.012672182020526692,496769.9,0.9781913115106209,0.033860620631019515,0.17422310784601125,1.0064511619881198,1.145208737685501,-0.024053912748994044
2024-06-04,12222.368223661651,12222.950966838838,11217.971982015357,11814.3125,825928,MARUTI,-0.024053912748994044,-0.050126261377146486,-0.02116265382808602,12254.052734375,12198.670390625,10655.6398046875,0.964114710136554,0.968491820967604,1.1087379750583153,12202.02535470268,12215.604336378194,-13.578981675513205,51.49803481107897,-65.07701648659219,35.04697318014891,0.013750813986245626,520954.75,1.5854121687152292,0.08506453378675072,0.59338605780835,1.0045400311654098,1.1448088161969128,0.02681904959027448
2024-06-05,11818.14560284416,12239.348590506845,11764.876242412363,12131.1611328125,447581,MARUTI,0.02681904959027448,-0.022367412763887096,0.011206020002039851,12260.77451171875,12216.24333984375,10670.000356445313,0.9894286140910293,0.9930353215252555,1.136941024138257,12191.123166719575,12209.349284262216,-18.226117542641077,37.553204340334965,-55.77932188297604,44.5162635529608,0.015018653710504468,513115.05,0.8722819570386797,0.03911186595412727,0.7719836400818002,1.0036452427015563,1.1449149889169792,0.01366919789227583
2024-06-06,12139.845540322443,12312.994178305124,12097.589552017993,12296.984375,447536,MARUTI,0.01366919789227583,0.005993083379723263,0.010360029832315654,12267.079052734374,12230.45521484375,10685.575478515624,1.002437851923597,1.005439630740441,1.15080225671741,12207.409506455026,12215.840772465015,-8.431266009989486,28.356310270270075,-36.78757628025956,53.798472532322265,0.014978592424544511,515508.4,0.8681449225657623,0.017516865901289775,0.9256756756756803,1.0029944787211333,1.1445761849171583,0.010841469643853241
2024-06-07,12208.540984463556,12446.893355435686,12208.540984463556,12430.3017578125,532480,MARUTI,0.010841469643853241,0.033195445463158446,0.02449094901984772,12281.936669921875,12247.973828125,10702.134956054688,1.0120799424291094,1.014886374860536,1.1614786964333794,12241.700622048484,12231.726771379643,9.973850668840896,24.679818349984238,-14.705967681143342,53.66938495568083,0.015119995713556853,516902.9,1.0301354471023474,0.01917510738002195,0.9303904653621997,1.002772935529866,1.1444421022924738,-0.007286802058572017
2024-06-10,12385.911031345777,12536.160219664464,12252.738586287804,12339.724609375,293471,MARUTI,-0.007286802058572017,0.019348857605931746,0.0033174269407780788,12283.976708984375,12255.3451171875,10718.439243164063,1.0045382616485956,1.0068851175858902,1.1512613291384703,12256.781235483333,12239.72661123115,17.054624252183203,23.154779530424033,-6.10015527824083,55.46798287060256,0.01494446829953669,515142.95,0.5696884719086226,0.022968230033377952,0.3069138444050749,1.0023362534080513,1.1433889616908204,0.011488160933494251
2024-06-11,12364.904498147564,12555.12987672028,12279.227984460898,12481.4853515625,358807,MARUTI,0.011488160933494251,0.05647157645123224,0.014975868889139932,12293.18486328125,12267.2428515625,10735.623100585937,1.0153174698318974,1.017464600855498,1.1626232808863488,12291.351099495512,12257.63466607051,33.71643342500283,25.26711030933979,8.449323115663042,57.1570400711698,0.01515240560305425,519012.25,0.6913266498045084,0.022104892525859784,0.7330771291392754,1.002114738579211,1.1426670568281192,-0.0011117247804776076
2024-06-12,12481.485295556497,12566.82163844901,12421.66647114161,12467.609375,302719,MARUTI,-0.0011117247804776076,0.0277342159175078,0.002743029560062782,12294.89013671875,12273.8214453125,10752.262622070313,1.014048050560893,1.0157887199639448,1.1595335617462255,12318.467757265433,12273.188348213434,45.2794090519983,29.269570057871498,16.009838994126802,47.786253577762785,0.014963567516101308,517596.35,0.5848553607458785,0.011642582225784492,0.31650891050330193,1.0017165551495208,1.1415105710047488,-0.0001945666708859095
2024-06-13,12555.566586956586,12555.566586956586,12361.11987532256,12465.18359375,297240,MARUTI,-0.0001945666708859095,0.013678086726039318,0.0062307508630652375,12298.749462890624,12278.605,10769.104697265626,1.013532606006941,1.0151954227495714,1.157494884130435,12341.039424416904,12287.41021825318,53.62920616372321,34.14149727904184,19.487708884681368,45.89128796037045,0.014936032958683327,520856.85,0.5706750328809154,0.0155991855371886,0.535178597534227,1.0016406149469443,1.140169526174042,-0.00012848286492972427
2024-06-14,12450.28885515892,12511.902333107915,12399.154330406243,12463.58203125,216967,MARUTI,-0.00012848286492972427,0.002677350404352241,0.027809142838459477,12315.61064453125,12283.9532421875,10785.547006835937,1.0120149451772784,1.0146230440250774,1.1555818192021707,12359.892133160456,12300.45998217887,59.43215098158544,39.199628019550566,20.23252296203487,48.28598363599899,0.014054512473413888,485995.15,0.44643861157873693,0.009046195742040946,0.5714309726109348,1.0025771347154782,1.1389272360875033,-0.0221288460097967
2024-06-18,12495.79642176868,12497.34850840196,12169.438464201432,12187.77734375,823306,MARUTI,-0.0221288460097967,-0.012313667479220691,-0.006371814212317584,12311.70283203125,12284.118203125,10800.693979492187,0.9899343340257667,0.9921572832675535,1.1284253925619536,12333.412934789616,12292.113120073029,41.29981471658721,39.619665358957896,1.6801493576293112,43.4714727274582,0.01478316802400583,486699.15,1.6916117482432422,0.026904827266858677,0.05592655630076764,1.0022455522203648,1.1373452693363466,-0.025384278114183978
2024-06-19,12235.3698622597,12249.924227678724,11837.550540806373,11878.3994140625,694871,MARUTI,-0.025384278114183978,-0.048318442918694915,-0.018535653068372904,12300.48623046875,12280.51357421875,10814.036450195312,0.9656853551560648,0.9672559166417573,1.0984242071653054,12263.410854677753,12261.467660368546,1.9431943092076835,32.08437114900786,-30.141176839800174,37.919698383983814,0.015571757080147585,499285.9,1.3917296683122835,0.034716267107852444,0.09905790441176192,1.0016263697873296,1.1356086721898326,-0.007563953115066302
2024-06-20,11882.184849267202,11939.917169905077,11774.482536816717,11788.5517578125,907751,MARUTI,-0.007563953115066302,-0.05446574373344926,-0.03047143762529747,12281.96103515625,12272.40681640625,10826.400625,0.9598265068638957,0.960573743534405,1.0888708229206603,12190.355609006176,12226.436852771802,-36.08124376562591,18.451248166081104,-54.532491931707014,39.63775546982729,0.015585359123079248,530672.7,1.710566607251513,0.0140334993209597,0.08504398826978896,1.00077851222608,1.1335629671847887,0.004279923658057738
2024-06-21,11856.956243212924,11998.861304634356,11724.511519219588,11839.005859375,947800,MARUTI,0.004279923658057738,-0.050234136518371275,-0.05669938288180376,12246.380419921876,12268.13560546875,10839.14927734375,0.9667351048572542,0.965020785562359,1.0922449314468963,12136.301801370611,12197.738260668335,-61.43645929772356,2.473706673320171,-63.91016597104373,45.0976479286546,0.013528770099209242,539626.1,1.7564013304767876,0.023173380322091628,0.4173297966401425,0.9982266917935618,1.1318356534780734,-0.001483361326626409
2024-06-24,11819.115258401824,11923.906691609887,11683.274511650634,11821.4443359375,550862,MARUTI,-0.001483361326626409,-0.05152111918567748,-0.06284782753096274,12206.7416015625,12254.9066796875,10852.14001953125,0.9684356990422669,0.9646294863698585,1.0893191863228575,12087.862191303979,12169.864636614198,-82.00244531021963,-14.421523723387791,-67.58092158683183,42.52674104555227,0.013406315201430447,535929.15,1.0278634778496374,0.02035556511717652,0.5741951234879,0.9960697311383993,1.1292617546061519,-0.005482868915641648
2024-06-25,11838.91035057081,11874.228378510485,11713.402626729168,11756.62890625,594272,MARUTI,-0.005482868915641648,-0.03537547703241373,-0.061172485903692175,12168.439453125,12239.93703125,10864.3603515625,0.9661574889318085,0.960513838938382,1.0821280338477703,12036.903224372596,12139.254582513147,-102.35135814055138,-32.00749060682051,-70.34386753373087,48.27716754070246,0.013383583101281394,542395.1,1.095644116254,0.013679580521234186,0.26877710218702316,0.9941586645468471,1.126613683196698,0.006738635151644745
2024-06-26,11757.016392992464,11957.720713228988,11709.181234794703,11835.8525390625,447931,MARUTI,0.006738635151644745,-0.0035818693678232316,-0.04839443674203725,12138.343505859375,12230.534921875,10876.862553710938,0.9750797160542658,0.9677297530047857,1.0881678867059303,12005.972349709504,12116.780357072359,-110.80800736285528,-47.76759395802747,-63.04041340482781,39.721008714143736,0.013526749884739715,548101.35,0.8172411908855908,0.020998865744061623,0.5096627105914259,0.9924621926510561,1.1244543048585476,-0.001598608834898374
2024-06-27,11837.550324592015,11864.039079660852,11653.195032651647,11816.931640625,1230852,MARUTI,-0.001598608834898374,0.002407410460211201,-0.04769070936096509,12108.7544921875,12228.83109375,10888.42041015625,0.9758998457066098,0.9663173487337219,1.0852751083713368,11976.889163696502,12094.569341039221,-117.68017734271962,-61.75011063496591,-55.93006670775371,31.387020508680706,0.013527909858980202,591958.65,2.0792871258828636,0.017842537591091032,0.7765768599869685,0.9901808602439632,1.123104236712193,-0.011897818097013513
2024-06-28,11822.947475705105,11839.005602198617,11647.519052923337,11676.3359375,1160395,MARUTI,-0.011897818097013513,-0.013740167359253874,-0.0447809939302215,12081.3849609375,12221.2822265625,10898.269106445312,0.966473295508161,0.9554100560841251,1.071393615211294,11930.650205820117,12063.589088925204,-132.93888310508737,-75.9878651289902,-56.95101797609718,20.930715898813745,0.013397001964495224,623750.45,1.8603513632735658,0.016399540943344813,0.15049038528150716,0.9885529797093681,1.1213966279594572,0.006215914131881384
2024-07-01,11687.155635038804,11895.768209678354,11648.877463810091,11748.9150390625,1134926,MARUTI,0.006215914131881384,-0.0061354006172079645,-0.023440802644745684,12067.284228515626,12213.63537109375,10906.892084960937,0.9736171632801354,0.9619506954390409,1.0772009980058934,11902.690949395868,12040.279900046486,-137.58895065061733,-88.30808223331563,-49.280868417301704,26.90065267342581,0.01312425486076739,635081.55,1.7870555364110325,0.0210139187361051,0.405189651400654,0.9880173971032002,1.119808949786404,-0.005454875362909561
2024-07-02,11788.987480630303,11788.987480630303,11638.640698685056,11684.826171875,687181,MARUTI,-0.005454875362909561,-0.006107425431862379,-0.03475040272977736,12046.25068359375,12206.6026953125,10915.043256835937,0.9699969292345055,0.957254566527518,1.0705249532160084,11869.173291315734,12013.949994256005,-144.7767029402712,-99.60180637470675,-45.17489656556445,16.838278993269114,0.013041461615037723,645143.8,1.0651594264720516,0.012866839414960831,0.30719296144804464,0.9868635020143378,1.1183283847883678,0.0067304000530870045
2024-07-03,11755.076329775107,11789.036517273427,11604.681213711126,11763.4697265625,467532,MARUTI,0.0067304000530870045,-0.006115555449944243,-0.004303489808442085,12043.708544921876,12195.20568359375,10924.074487304688,0.9767315177618163,0.9645978945962294,1.0768390256065452,11852.911204430622,11995.395900352782,-142.48469592215952,-108.17838428419732,-34.306311637962196,22.189068619472152,0.012040799808427786,627224.0,0.745398773006135,0.015671847494622897,0.8613178453947364,0.9875773199237071,1.1163605390796534,-0.0028086154228285087
2024-07-04,11774.482258123146,11847.254089137505,11713.15967234507,11730.4306640625,299684,MARUTI,-0.0028086154228285087,-0.0073200877514701945,-0.03303315027826148,12023.672021484375,12181.70119140625,10933.344404296875,0.9756113309729424,0.9629550487035338,1.0729041572542402,11834.068044373988,11975.76884581276,-141.70080143877203,-114.88286771511227,-26.817933723659763,21.665156503380743,0.010235856044291954,619829.15,0.4834945242572086,0.011431329388719613,0.12879724697385733,0.9870273316149506,1.1141788588145785,0.0011952253258231682
2024-07-05,11710.588582824405,11776.85927190322,11664.74233079922,11744.451171875,406926,MARUTI,0.0011952253258231682,0.0058336137928542975,-0.04493241483239663,11996.045361328124,12164.38732421875,10942.190063476562,0.9790269057947886,0.9654782323884348,1.073318147806285,11820.280833220299,11958.63420329885,-138.35337007855196,-119.5769681878002,-18.776401890751757,22.530714987003762,0.009615960406537302,617798.65,0.6586709116311601,0.00954637551497449,0.7109437725547806,0.986161081655509,1.11169585372326,-0.00664650643696596
2024-07-08,11744.403384424804,11752.165713165336,11610.503213650629,11666.3916015625,496933,MARUTI,-0.00664650643696596,-0.007023919844992288,-0.061455479612140484,11957.849853515625,12146.52525390625,10950.396787109376,0.9756261990639199,0.9604715223236916,1.0653852849693979,11796.605566811406,11936.986603170231,-140.38103635882544,-123.73778182200526,-16.64325453682018,26.540099850865232,0.009146345509184117,616021.3,0.8066815222135987,0.012142786248983243,0.3945178724315048,0.9844667181398279,1.109231518277487,0.06687679996919571
2024-07-09,11958.83704469507,12574.923528852434,11899.69761641235,12446.6025390625,2114130,MARUTI,0.06687679996919571,0.06519364139289219,0.008661289702227348,11963.19375,12144.6855859375,10961.525302734375,1.0404080046820692,1.0248600057192583,1.1354808929700384,11896.605101003883,11974.735931754845,-78.13083075096256,-114.61639160779673,36.48556085683417,67.95769214150354,0.01806063971945432,707054.25,2.9900534506369207,0.054249817194768686,0.8099584340206721,0.985055863764176,1.1079375589187375,-0.004279766668881857
2024-07-10,12565.31808201382,12904.871642292232,12354.377365202834,12393.333984375,2070520,MARUTI,-0.004279766668881857,0.05354408796498489,-0.007062570255427558,11958.786181640626,12146.0333203125,10972.534228515626,1.0363371161699924,1.0203606113651051,1.1294869285681493,11973.024929214824,12005.743194911895,-32.71826569707082,-98.23676642565155,65.51850072858073,69.56614323636256,0.017902968525723702,792639.9,2.6121824046455395,0.04441857838927265,0.07076661973334131,0.9845836798126736,1.106948774764098,-0.004509654021102261
2024-07-11,12419.724823382448,12539.846659898638,12317.892593230768,12337.4443359375,608983,MARUTI,-0.004509654021102261,0.05174692125623781,-0.010440256439498863,11952.2779296875,12146.52525390625,10983.410219726562,1.0322253555778944,1.0157179998427823,1.1232799366611155,12029.089453326005,12030.31364980268,-1.2241964766744786,-78.83425243585614,77.61005595918166,66.06915389647884,0.017928117665132002,807953.1,0.7537355819291987,0.017990279074357712,0.08808913934426213,0.9840079923963209,1.1058974408595514,-0.01200922021637163
2024-07-12,12245.072985074628,12293.490887228894,12104.38078358209,12189.28125,674746,MARUTI,-0.01200922021637163,0.037875765467036526,-0.022133837153296088,11938.4828125,12141.57677734375,10993.473828125,1.0210075636443021,1.0039290179134943,1.1087743001503059,12053.734345122004,12042.089027595075,11.64531752692892,-60.738338443299135,72.38365597022806,60.93764065335753,0.018115483322175878,826828.4,0.8160653407647827,0.01551445895522383,0.4489472787581796,0.9832728509181177,1.1044349554261472,0.006483587655137679
2024-07-15,12225.667042932542,12389.161082355886,12215.964132581008,12268.3115234375,697186,MARUTI,0.006483587655137679,0.051594352601226134,-0.015667286284384185,11928.719287109376,12138.4446875,11003.752602539062,1.0284684573552754,1.0106988036178337,1.1149206971998487,12086.746218709004,12058.846249509328,27.89996919967598,-43.01067691470411,70.91064611438009,65.0873544644158,0.018191765238213788,850839.35,0.8194096805701335,0.01411742353004329,0.30224199054621553,0.9827222180608859,1.10311864742389,-0.0003480129471642446
2024-07-16,12267.389685803775,12417.784797826203,12207.959359278782,12264.0419921875,347810,MARUTI,-0.0003480129471642446,-0.01466750033208264,0.006257469781937752,11932.53251953125,12141.30509765625,11014.0253125,1.0277819877811882,1.0101090363469198,1.1134931729518394,12114.02249155185,12074.045934152156,39.976557399693775,-26.413230051824534,66.38978745151832,63.2093695283061,0.01747525103701369,827064.55,0.420535495083183,0.017108995442211068,0.2672823338150337,0.9828047663372449,1.1023494819715804,0.0003560172853518395
2024-07-18,12257.686676670652,12303.290355432904,12092.737200296551,12268.408203125,391216,MARUTI,0.0003560172853518395,-0.01008007864610938,0.03283344628071516,11952.032958984375,12145.27845703125,11025.170561523437,1.0264704126257287,1.0101380751811802,1.1127635744648086,12137.77413948618,12088.443139261255,49.33100022492545,-11.264383996474537,60.59538422139998,64.05396729277092,0.01638619132759718,811881.8,0.48186324659574825,0.017162222812468934,0.8343308971774152,0.9840888375898043,1.1015955163012952,-0.009470860513338897
2024-07-19,12274.181592923693,12332.399055024518,12125.193594007304,12152.2158203125,351955,MARUTI,-0.009470860513338897,-0.015013523918033123,0.03084891765937181,11970.216162109375,12148.38826171875,11036.037822265625,1.0152043752375357,1.0003150671933834,1.1011393777388967,12139.995936536383,12093.167041561348,46.82889497503493,0.3542717978273551,46.474623177207576,65.04215065579692,0.016448603851558972,784092.0,0.4488695204134209,0.017050837812711436,0.13041271293014556,0.9853336841257518,1.1007925541183734,0.009337851435112343
2024-07-22,12128.637799119944,12282.86574688352,12031.657021768217,12265.69140625,249631,MARUTI,0.009337851435112343,0.00626863509692166,0.03604065678682966,11991.550439453125,12150.28421875,11046.25546875,1.0228611778085783,1.009498311761457,1.110393602696389,12159.33370110771,12105.946624130876,53.38707697683276,10.960832833628436,42.42624414320432,65.92317455464797,0.016529940499498245,749183.55,0.3332040592722571,0.02048060046474841,0.9316331842150871,0.986935797020129,1.0999459729247898,-0.0009651221633513174
2024-07-23,12342.101672676625,12356.607712816032,11992.796908355587,12253.853515625,332258,MARUTI,-0.0009651221633513174,-0.001178483916460693,0.03657837125476826,12013.1708984375,12152.69830078125,11056.156557617187,1.0200348949683888,1.0083236835425469,1.1083285092578266,12173.875211033446,12116.902690167479,56.972520865967454,20.163170440096238,36.809350425871216,68.1165034778921,0.016524767657453848,738253.35,0.45005958997680134,0.029689501673620187,0.7175614469630076,0.9885188129508011,1.099179288702148,-0.011227973088185128
2024-07-24,12258.657797515963,12286.990487238663,12088.08081108774,12116.267578125,285860,MARUTI,-0.011227973088185128,-0.012049405420874737,0.03059028865696445,12031.15283203125,12149.04517578125,11065.522778320312,1.0070745295386112,0.9973020433143511,1.0949566343004886,12165.0124982783,12116.855644831,48.15685344730082,25.761907041537157,22.394946405763662,60.82594402807287,0.01670918956313829,722832.75,0.3954718432445126,0.016416745079981476,0.14170636432926828,0.9902961638512124,1.097918771590601,0.0017577897999669911
2024-07-25,12020.014285722744,12152.89583932014,12020.014285722744,12137.5654296875,396789,MARUTI,0.0017577897999669911,-0.010665016298053387,0.02549143710850066,12046.2384765625,12145.8500390625,11074.393427734374,1.0075813668559435,0.9993179061697325,1.0960027299816304,12160.789872341253,12118.389702968518,42.400169372735036,29.089559507776734,13.310609864958302,62.584002820418085,0.01666619571266976,720275.65,0.5508849285686667,0.010947957757029092,0.8846310174918086,0.991798716254553,1.096750816947211,0.012350844208084188
2024-07-26,12099.52904883383,12364.515148020517,12021.129723737078,12287.474609375,537693,MARUTI,0.012350844208084188,0.011130380752159885,0.03981938654297856,12069.765625,12142.929453125,11084.573486328125,1.0180375486267985,1.0119036478642147,1.1085202894392419,12180.279831884905,12130.91451085048,49.365321034425506,33.14471181310649,16.220609221319016,65.48348724300277,0.016825805648587402,685617.7,0.7842460893293741,0.027945972235942213,0.7756441211612825,0.9939747794461433,1.095480080320841,0.006937085163737811
2024-07-29,12331.428175129142,12394.20619160667,12228.577330329104,12372.7138671875,388263,MARUTI,0.006937085163737811,0.00872535085001136,0.05964010742882064,12104.584521484376,12142.6237890625,11094.960205078125,1.0221510573309824,1.0189489588182954,1.1151652316449545,12209.885068085305,12148.825574282851,61.05949380245329,38.72766821097585,22.33182559147744,70.05758199971825,0.01652646870263445,647011.1,0.60008707733144,0.013386623424373748,0.8702380475637458,0.9968672942323727,1.0944269798736965,0.00957539583346323
2024-07-30,12380.91354539743,12583.510122993968,12332.302343804167,12491.1875,526539,MARUTI,0.00957539583346323,0.01936811012734685,0.06317795800459969,12141.69814453125,12149.92037109375,11107.218618164063,1.0287842236982447,1.0280880136233788,1.124600850078946,12253.162365302951,12174.185716928567,78.97664837438424,46.777464243657526,32.199184130726714,52.0284349661224,0.016577590470667085,616591.75,0.8539507705057682,0.020110800449500973,0.6324850158234409,0.9993232690987784,1.0938760448294875,0.018809667065281088
2024-07-31,12594.377249111896,12977.642196215069,12512.048436330037,12726.142578125,836405,MARUTI,0.018809667065281088,0.05033522048498518,0.08911697880079861,12193.76396484375,12159.12455078125,11121.704819335937,1.0436599080330051,1.046633129299372,1.1442618541718195,12325.92855189096,12215.071410350525,110.8571415404349,59.593399703013006,51.26374183742189,62.993376655264285,0.01679774464230388,624052.95,1.340278897808271,0.036585615556857166,0.4598303504923027,1.002848841124855,1.0932788406361655,0.01854634552858947
2024-08-01,12995.10758514809,13273.581106908525,12722.455809487175,12962.166015625,2040384,MARUTI,0.01854634552858947,0.06793789007477513,0.10189989152229328,12253.698779296876,12176.3132421875,11136.9815625,1.0578166028958627,1.064539467555314,1.1638850206298885,12423.811238619273,12270.411751481968,153.3994871373052,78.35461718987145,75.04486994743374,71.38257840373453,0.017089018517736577,702695.55,2.9036529404519493,0.04251799404181413,0.4349468392385552,1.0063554160910757,1.093322564453828,-0.038359308618878596
2024-08-02,12856.33643200182,12904.232201736037,12412.691749853531,12464.9462890625,1333355,MARUTI,-0.038359308618878596,0.014443299809717924,0.06261625391557635,12290.424560546875,12182.4310546875,11149.326362304688,1.0141998128425809,1.0231903823716937,1.1179999476206792,12430.139707918232,12284.821717228675,145.3179906895566,91.74729188980848,53.57069879974813,57.615578156522936,0.019607168428218323,754379.1,1.7674866655240051,0.03943382028960788,0.10630770877319229,1.00886469255394,1.0926607275463465,-0.04129611907767916
2024-08-05,12233.40239737403,12233.40239737403,11780.55141100469,11950.1923828125,1131415,MARUTI,-0.04129611907767916,-0.03414945895544619,0.017518163082000715,12300.71162109375,12170.4225390625,11159.37513671875,0.9715041495908119,0.9819044773882629,1.070865728269287,12356.301657901966,12260.034359123772,96.26729877819344,92.65129326748547,3.6160055107079643,42.9168330076095,0.02199489501200041,790603.55,1.4310775609343014,0.03789486996214872,0.37460660772295007,1.010705386901159,1.0906007182263282,-0.00571684376485504
2024-08-06,12135.45647059316,12296.969102749214,11861.208866737948,11881.875,623565,MARUTI,-0.00571684376485504,-0.04877938946957605,0.01847044105811091,12311.485791015624,12155.775625,11168.4506640625,0.9651048786224377,0.9774674497580651,1.063878541204747,12283.312941301663,12232.022554744233,51.29038655742988,84.37911192547436,-33.08872536804448,41.72672456184338,0.021978647596936563,796935.15,0.7824538797165617,0.03667436629414676,0.047425468306193194,1.0128095623692974,1.0884030373267872,0.01981698095839257
2024-08-07,12144.272926149568,12194.225173849676,12013.907736810595,12117.337890625,433514,MARUTI,0.01981698095839257,-0.047838901989553095,-0.026454178753128277,12295.02255859375,12147.6689453125,11178.523515625,0.9855482438424193,0.9975031378592842,1.0839837545350022,12257.778318120638,12223.527394439105,34.250923681533095,74.35347427668611,-40.10255059515302,47.02704593342409,0.016375780779265197,712904.35,0.6080956021659848,0.014880944863193883,0.5736003989008996,1.0121301966611553,1.0866970873508346,-0.012338902305693455
2024-08-08,12116.8478262885,12138.102208666827,11902.494304856154,11967.8232421875,358577,MARUTI,-0.012338902305693455,-0.07671115863188982,-0.034333839685428136,12273.747021484374,12138.26998046875,11187.029868164063,0.975074948280963,0.9859579051581889,1.069794519477007,12213.169844900156,12204.586346124172,8.58349877598448,61.19947917654579,-52.61598040056131,46.41826299280231,0.01655347017588129,627307.2,0.5716130788870271,0.019686780047029496,0.2772782078815227,1.0111611490956796,1.0850306223827753,0.0004378602749184335
2024-08-09,12135.457052764428,12135.457052764428,11944.560739608924,11973.0634765625,320211,MARUTI,0.0004378602749184335,-0.03946128616146605,-0.029534549413414712,12255.527978515625,12129.55701171875,11194.85095703125,0.9769520739989093,0.9870981656621872,1.069515219319867,12176.23040361744,12187.43650393442,-11.206100316980155,46.71836327784061,-57.924463594820764,44.06634268127941,0.016544878078332197,612868.6,0.522479043631865,0.015943815342596975,0.1493100441932477,1.0103854548583406,1.083494283065951,0.004012506263041393
2024-08-12,11949.360333957997,12115.867814021349,11851.414757450146,12021.10546875,291212,MARUTI,0.004012506263041393,0.005934053918620785,-0.013797021973711576,12247.119189453126,12125.50458984375,11203.02408203125,0.9815455604532891,0.9913901215145147,1.0730232641408748,12152.365029022449,12175.115686513353,-22.750657490903905,32.82455912409171,-55.57521661499561,45.34882540931523,0.0163895777784335,593691.9,0.49051031351446767,0.021999063002872216,0.6416666666666628,1.0100296526802885,1.0823420980851128,-0.0079033360271632
2024-08-13,12083.546151976823,12086.533300853856,11872.963155893902,11926.0986328125,464483,MARUTI,-0.0079033360271632,0.0037219405870285716,-0.027894049639286767,12230.008544921875,12123.40796875,11210.497553710937,0.9751504742622961,0.9837249281352162,1.0638331238799195,12117.554814220919,12156.669978831807,-39.115164610888314,18.436614377095704,-57.55177898798402,46.133922682821364,0.016379648158528316,582056.75,0.7980029438710229,0.017907796299148078,0.24879637052529677,1.0087929546251893,1.0814335323356694,0.0024145279461527114
2024-08-14,11987.558998113867,11987.558998113867,11880.79832070604,11954.89453125,449827,MARUTI,0.0024145279461527114,-0.013405861983982414,-0.02520763229075984,12214.551171875,12120.39591796875,11217.93234375,0.9787420235937215,0.9863452161266951,1.0656950108912533,12092.530155302316,12141.723649381302,-49.19349407898517,4.91059268587953,-54.1040867648647,46.29764294516462,0.016399596119840616,587157.6,0.7661094738448417,0.008930290194426656,0.6940402809632914,1.007768331541601,1.0804482988989992,0.0006267046087622408
2024-08-16,12061.948778325544,12090.35299507216,11862.188586836888,11962.38671875,552732,MARUTI,0.0006267046087622408,-0.00045426167545126184,-0.024943862260553895,12199.25009765625,12123.35740234375,11225.485859375,0.98058377547717,0.9867222685720186,1.0656453420908794,12072.508088140421,12128.4394322975,-55.931344157079366,-7.257794682712248,-48.67354947436712,43.00747040531423,0.016401012835419018,595233.4,0.9285970847738046,0.019073485383785865,0.4391488255687641,1.006260039425863,1.0799850941167852,-0.005199239412860157
2024-08-19,11944.462997919443,11992.505111666474,11877.6639237611,11900.19140625,277319,MARUTI,-0.005199239412860157,-0.006086334583888964,-0.020738967920668427,12186.648876953124,12118.7380078125,11232.951801757812,0.9764941557276783,0.9819662244186143,1.0594002018585866,12045.997829388049,12111.532171108796,-65.53434172074776,-18.91310409031935,-46.62123763042841,39.73443700994047,0.016314299653410358,591501.6,0.4688389684829255,0.009650364770188479,0.19616204690831046,1.0056037905181912,1.0788560497442956,0.005362308707613339
2024-08-20,11910.672346235551,12057.100989446128,11900.485623238368,11964.00390625,471927,MARUTI,0.005362308707613339,-0.004750109101732902,-0.024596045180647064,12171.564501953126,12112.0783984375,11241.571259765626,0.9829470898609772,0.9877746421946376,1.0642643834914796,12033.383379674504,12100.604151489628,-67.22077181512395,-28.574637635280276,-38.64613417984368,38.26829094436784,0.016206612320202367,602616.4,0.7831300309782475,0.013090547899766531,0.40556865235925266,1.0049113043656734,1.0774364293528504,0.0004911379675687222
2024-08-21,11964.003148340214,11997.304643683165,11926.88139299038,11969.8798828125,295984,MARUTI,0.0004911379675687222,0.0036710454397503867,-0.023174231065387074,12157.3658203125,12102.8699609375,11250.049331054688,0.984578407833484,0.9890116907349884,1.063984657362416,12023.613610926504,12090.92087232836,-67.3072614018547,-36.32116238859516,-30.98609901325954,31.259779525394464,0.016210605889968303,600802.7,0.49264758630412286,0.0058833715444299665,0.610572352158194,1.004502722044514,1.0758059458040492,0.004533188242591635
2024-08-22,12027.716997765172,12071.792507936134,11930.75087538905,12024.1416015625,501316,MARUTI,0.004533188242591635,0.005792361457601203,-0.007603494720505033,12152.759521484375,12096.55830078125,11259.597739257813,0.989416566690512,0.9940134460217439,1.067901525437185,12023.694840255119,12085.974259679035,-62.2794194239159,-41.51281379565931,-20.766605628256585,24.454550531766344,0.01607203799890473,611575.5,0.8197123658485338,0.011729871222470913,0.6621500651041682,1.0046460504968173,1.0743330784016627,0.0021138300786642805
2024-08-23,12047.30603676666,12120.814001406485,12002.643236010752,12049.55859375,440809,MARUTI,0.0021138300786642805,0.00728716409605501,-0.007250781587734401,12148.3591796875,12087.919765625,11268.610771484375,0.9918671662175828,0.9968264868878358,1.069302936990409,12027.673879254333,12083.276802943552,-55.6029236892191,-44.33083577437127,-11.272087914847823,34.77528206515865,0.016074584176496844,613776.5,0.7181913937728147,0.009807061767144479,0.39701323404428246,1.0049999847148536,1.0727071873148655,-0.004755182616583142
2024-08-26,12071.792744510116,12081.097574617446,11970.90879703064,11992.2607421875,232805,MARUTI,-0.004755182616583142,0.007736794543417691,-0.02402559326244791,12133.598486328125,12078.41279296875,11278.128100585938,0.9883515393805159,0.9928672705381123,1.0633201392316567,12022.225704320974,12076.534872517177,-54.309168196203245,-46.32650225873767,-7.982665937465576,52.319778049185025,0.015822543233833853,598532.1,0.38895992378687794,0.009188324032946914,0.1937760416666728,1.0045689524199322,1.0709590000437426,0.020671697852008286
2024-08-27,11993.435842997318,12272.58073603564,11973.94429067298,12240.1611328125,477609,MARUTI,0.020671697852008286,0.023082341724933286,-0.010713311226450584,12126.970849609375,12073.91234375,11288.9111328125,1.0093337639388134,1.0137692559237899,1.084264105617333,12055.75423178121,12088.655336242757,-32.90110446154722,-43.64142269929958,10.740318237752362,66.49088851272084,0.01647411934589875,602999.4,0.792055514483099,0.024398081211700492,0.8914412365718809,1.0043944749927591,1.0695373718246222,-0.01115476596517051
2024-08-28,12243.197450940725,12262.737785372385,12076.68996560793,12103.625,313227,MARUTI,-0.01115476596517051,0.011173471956017256,-0.031026873946132016,12107.592724609374,12066.713203125,11299.80978515625,0.9996722945097658,1.0030589768940097,1.0711352872417077,12063.118965353331,12089.764200224774,-26.64523487144288,-40.24218513372824,13.596950262285361,49.3055981390307,0.01646508272910723,592333.8,0.5288014967236379,0.015371247850495632,0.14477479191194753,1.0033877925824728,1.0678687015578063,0.007792813232605944
2024-08-29,12089.422779160885,12223.608221982326,11998.333390968228,12197.9462890625,608598,MARUTI,0.007792813232605944,0.014454644103443881,-0.04150482251946619,12081.18291015625,12066.91658203125,11310.812065429687,1.009664896208805,1.0108585906051895,1.0784324077264307,12083.861630539357,12097.777688286827,-13.916057747470404,-34.97695965647668,21.060901909006276,62.343070373195,0.015927320988774318,580943.45,1.047602826058199,0.018468258973733505,0.8860861073369546,1.0011822678998414,1.066847942678892,-0.004079035781590079
2024-08-30,12204.019410941404,12311.759550203327,12063.173856551692,12148.1904296875,2271179,MARUTI,-0.004079035781590079,0.008185514446036102,-0.06279626298230623,12040.484130859375,12072.31240234375,11321.6980078125,1.0089453461885372,1.006285293555609,1.0730007478829309,12093.75836886984,12101.511965427619,-7.753596557779019,-29.53228703673715,21.77869047895813,58.96513729913054,0.015177379064126926,592483.2,3.8333221937769717,0.020462775512980685,0.34200106967921223,0.9973635314906035,1.0662987472385583,0.0019672425813803684
2024-09-02,12118.80609136282,12267.68336654969,12096.670773836257,12172.0888671875,331514,MARUTI,0.0019672425813803684,0.014995348155447008,-0.023494479244725697,12025.841259765624,12079.98314453125,11332.661967773438,1.012161112413081,1.0076246565540903,1.0740714672158342,12105.809214764864,12106.739884076498,-0.9306693116341194,-23.811963491716543,22.881294180082424,57.92507706865389,0.012732024328409494,542391.15,0.6112083502837389,0.014049568203074455,0.44100900497790596,0.9955180496431292,1.0659440102319262,-0.002438179239308891
2024-09-03,12217.731666539315,12218.025311979773,12105.976142200636,12142.4111328125,445514,MARUTI,-0.002438179239308891,-0.00798600597977095,0.016084992094057116,12035.452197265626,12086.05125,11343.630600585937,1.0088869893539334,1.0046632172615104,1.0704166558619517,12111.440279079885,12109.382198797684,2.0580802822005353,-18.63795473693313,20.696035019133664,62.19021454390159,0.008557353103576838,508096.1,0.8768301901943353,0.009227917631313412,0.3251696615305777,0.9958134338761492,1.0654482392414748,-0.004908463836843846
2024-09-04,12071.840451582755,12143.291937189684,11982.758763131062,12082.810546875,735076,MARUTI,-0.004908463836843846,-0.0017196875419553947,0.016911097522486873,12045.498974609374,12091.27857421875,11353.966479492188,1.0030975530647817,0.9992996582378141,1.0641929028678452,12107.035704894517,12107.413928284894,-0.378223390376661,-14.986008467621835,14.607785077245174,56.96677715418753,0.008526643102115221,513671.65,1.4310231059082197,0.013286078883372174,0.6232467795559942,0.996213833026146,1.0649387239303827,-0.003051936999213911
2024-09-05,12083.546055167297,12115.86809616758,11978.74428586334,12045.9345703125,595865,MARUTI,-0.003051936999213911,-0.012462074774530207,-0.0058926573606356,12041.92880859375,12097.0646875,11363.739326171875,1.0003326511709563,0.9957733451454275,1.0600326375464684,12097.635530343437,12102.85990176842,-5.224371424981655,-13.0336810590938,7.809309634112145,54.4091984353177,0.007297292220926873,521789.2,1.1419649927595281,0.01138340985532037,0.489997209821424,0.9954422101286089,1.0645320470911543,-0.009143223486074659
2024-09-06,11998.333769813293,12052.056538827588,11846.224472586562,11935.7958984375,733354,MARUTI,-0.009143223486074659,-0.017483635318306767,-0.0026761210540862113,12040.32744140625,12099.0635546875,11373.017509765625,0.9913182142697158,0.9865057609200882,1.0494836474303004,12072.737125434833,12090.484790410574,-17.747664975740918,-13.976477842423224,-3.771187133317694,51.78850517876222,0.007049918793737951,540528.05,1.3567362507829148,0.01724493850200398,0.4351675008016058,0.9951454000538337,1.0638393499612961,-0.00331534565430025
2024-09-09,11946.911444155492,11968.801897446296,11853.373420550914,11896.224609375,415790,MARUTI,-0.00331534565430025,-0.0226636743144516,-0.00641764468533168,12036.485498046875,12100.6494140625,11382.051259765625,0.9883470229998088,0.9831062947373773,1.0451740497274797,12045.581353733322,12076.095147370901,-30.51379363757951,-17.283941001454483,-13.229852636125027,46.51028321581278,0.0070844229585212085,545307.0,0.7624879196489317,0.009702950363295677,0.3712358507764451,0.994697481612759,1.0631343277144643,0.009686552013038474
2024-09-10,11900.484906316353,12035.601018111278,11849.455644423406,12011.4580078125,285122,MARUTI,0.009686552013038474,-0.01078477112722076,-0.0008025435732661457,12036.003125,12107.35185546875,11391.381494140625,0.9979606920227101,0.992079700928743,1.0544338291181647,12040.331608207041,12071.307211107316,-30.97560290027468,-20.022273381218525,-10.953329519056155,51.924046788826644,0.007373831970248012,545002.5,0.5231572332237008,0.015497317108947079,0.8703002399658839,0.9941069912462712,1.062851934306335,-0.0016961343795023343
2024-09-11,12008.127874125488,12080.607601913847,11915.079574937728,11991.0849609375,349799,MARUTI,-0.0016961343795023343,-0.007591411417207317,0.0054490852478950025,12039.25244140625,12112.19525390625,11400.4718359375,0.9959991302862718,0.9900009626306436,1.0518060246540166,12032.755200934804,12065.36482220585,-32.6096212710454,-22.5397429591839,-10.069878311861498,48.420756991591055,0.007151596987455483,539268.3,0.6486548532520824,0.013804257706066431,0.45916928624260744,0.9939777380589637,1.0624292948757785,0.012926188409341455
2024-09-12,12010.18449313708,12171.697135954177,11901.70976409492,12146.083984375,547830,MARUTI,0.012926188409341455,0.00831395965816717,0.015992567113430667,12048.8119140625,12121.42041015625,11410.147963867188,1.0080731669650325,1.0020347099089217,1.0644983766063612,12050.190398387142,12071.344019403563,-21.15362101642131,-22.262518570631386,1.108897554210074,54.10334371741138,0.007682076814051764,544168.45,1.0067287068921398,0.02222834719458346,0.9051320385735349,0.9940099020051385,1.0623368293331048,-0.006838221874173378
2024-09-13,12110.970919710251,12140.354593595515,12038.539972283112,12063.0263671875,361093,MARUTI,-0.006838221874173378,0.010659571412967583,0.008413007437701125,12053.843896484375,12127.41154296875,11419.20140625,1.0007617877568336,0.994690938329822,1.0563809094903185,12052.165162817966,12070.727897017186,-18.56273419922036,-21.522561696349182,2.959827497128824,52.94380989059024,0.007871063038054817,534586.5,0.675462249794935,0.008440222064783716,0.24049978862324048,0.9939337717513984,1.062019235104403,-0.0021963096008035254
2024-09-16,12068.805486205303,12109.99141095441,12004.210185430058,12036.5322265625,170114,MARUTI,-0.0021963096008035254,0.011794297921790209,0.01145702750973343,12060.6609375,12133.53357421875,11428.273256835937,0.9979993873418266,0.9920055153708596,1.053224048467928,12049.76009570174,12068.194884390914,-18.43478868917373,-20.905007094914094,2.470218405740365,39.6164196377529,0.007785842901512278,529226.25,0.32143908205611493,0.008788347302465667,0.30555555555556607,0.9939941125746263,1.0617118878358072,-0.0035193963948783047
2024-09-17,12032.614538701564,12032.614538701564,11902.004489983958,11994.1708984375,568161,MARUTI,-0.0035193963948783047,-0.0014392182334364012,0.00252147963373206,12062.169287109375,12138.52796875,11437.3302734375,0.9943626733257224,0.9881075307743954,1.0486862416042342,12041.207911507241,12062.711626172144,-21.503714664902873,-21.024748608911853,-0.4789660559910196,43.82562957854018,0.007753046846070467,534037.95,1.063896301751589,0.01088946037400727,0.7056609300622534,0.9937093952547452,1.0613078120985096,-0.003401228998689221
2024-09-18,11988.58760337281,12084.476707432072,11919.976916856353,11953.3759765625,182282,MARUTI,-0.003401228998689221,-0.0031447516632433503,-0.0013787862878805734,12061.344091796875,12144.26765625,11446.212666015625,0.9910484176213988,0.9842813346106335,1.0443083948678211,12027.695306131127,12054.612689164022,-26.917383032894577,-22.2032754937084,-4.714107539186177,35.316948476818084,0.007792898082941257,528352.85,0.34500050487094,0.013761785030292774,0.2030340560875906,0.9931717937383858,1.0609856736549144,0.012077932677393877
2024-09-19,12008.079061662678,12155.046209911246,11955.629396029455,12097.748046875,465608,MARUTI,0.012077932677393877,-0.003979549092710033,0.006121555097366338,12065.0244140625,12137.29056640625,11455.6851953125,1.0027122724073694,0.9967420636990685,1.0560475292935967,12038.472650860955,12057.807900846317,-19.33524998536268,-21.62967039203926,2.294420406676579,47.28058232697031,0.008198024454263462,526567.45,0.8842323998568465,0.01648379624944356,0.7126713544314712,0.9940459403234715,1.0594993105582764,0.02129294466122067
2024-09-20,12106.465399699524,12444.132774108532,12106.122016282496,12355.3447265625,875654,MARUTI,0.02129294466122067,0.024232588943859934,0.025377372161259792,12080.313720703125,12136.53078125,11466.339467773438,1.022766876110844,1.018029365166737,1.0775317407344902,12087.222200968885,12079.847665714184,7.374535254701186,-15.82882926269117,23.20336451739236,57.891160238651516,0.009443876612292474,548309.7,1.5970062174716224,0.0273574526091007,0.7373218292900366,0.9953679464453116,1.0584485846908822,0.0054381671393635145
2024-09-23,12365.629158327234,12487.081674416942,12365.629158327234,12422.53515625,235586,MARUTI,0.0054381671393635145,0.03206928062184389,0.035879341127802666,12101.82744140625,12138.23259765625,11477.030356445313,1.0265007674581816,1.0234220720608571,1.0823823559265666,12138.80880947367,12105.231924272393,33.57688520127704,-5.947686369897529,39.52457157117456,61.68489042525543,0.009374929938228893,548448.75,0.42954970724247254,0.009776789887256094,0.46854523689516236,0.997000786073499,1.0576109168204488,0.004375946687110055
2024-09-24,12324.590128025153,12516.41712399162,12324.590128025153,12476.8955078125,425916,MARUTI,0.004375946687110055,0.040246600908270036,0.01934078909838699,12113.66416015625,12143.9848828125,11487.947202148438,1.0299852582054385,1.0274136231403888,1.0860857286564751,12190.822147679644,12132.762560090177,58.0595875894669,6.853768421975358,51.20581916749154,66.5107551914348,0.008294878659609338,545864.1,0.7802601416726251,0.015374577421631272,0.7939726054719207,0.9975032311923278,1.0571066065259571,0.003665994825905239
2024-09-25,12465.778525687956,12552.90130826725,12351.91679172255,12522.6357421875,341172,MARUTI,0.003665994825905239,0.04762334647058464,0.034618615678154274,12134.614697265624,12149.0713671875,11499.204331054687,1.031976379522731,1.0307483892150746,1.0890001935498215,12241.870392988545,12161.64205506035,80.22833792819438,21.528682323219165,58.69965560497521,69.82482873569008,0.007799983295723723,547261.35,0.6234169469486562,0.016049697578250546,0.849413444378345,0.9988100596757609,1.0565140871858225,0.046811636958354885
2024-09-26,12571.315649071716,13135.482210338978,12566.418369894049,13108.8408203125,1471069,MARUTI,0.046811636958354885,0.08357694089179502,0.07467605690859358,12180.159423828125,12165.96734375,11513.325776367188,1.07624542209748,1.077500904771611,1.138579857370174,12375.250458730692,12231.804926560511,143.44553217018074,45.91205229261148,97.53347987756926,84.946381711014,0.012722309959675469,590384.9,2.491711762953287,0.04341069116982102,0.9531838290662643,1.0011665393862343,1.056685755276938,0.008353290319562445
2024-09-27,13108.05643744988,13263.447476390029,13001.736705990725,13218.3427734375,865698,MARUTI,0.008353290319562445,0.06984815607934092,0.08809150218248019,12233.667041015626,12184.96603515625,11527.400668945313,1.0804890086611454,1.0848075189786934,1.1466889330087715,12504.956968685585,12304.881804106955,200.07516457862948,76.74467474981509,123.3304898288144,87.81196253684564,0.012626468802474365,520110.85,1.6644490304326474,0.01979906066025287,0.8276543877666533,1.0039968109651567,1.0570436809733188,-0.019087689093258864
2024-09-30,13069.416518866214,13222.652561517978,12937.33729421273,12966.03515625,415743,MARUTI,-0.019087689093258864,0.043751133980615586,0.06522679038293533,12273.36435546875,12201.242421875,11540.680498046875,1.0564369133612994,1.0626815456927436,1.1235069854368076,12575.892074464726,12353.856126487923,222.03594797680307,105.80292939521269,116.23301858159039,75.31558792770963,0.013666492731731629,524322.3,0.7929149685222238,0.02200481981322703,0.10058298775356944,1.0059110319342928,1.057237692694111,-0.005438864461084436
2024-10-01,12966.035463771505,13027.202667816024,12732.973772350351,12895.5146484375,388888,MARUTI,-0.005438864461084436,0.03355154656564041,0.06202256762578928,12311.01953125,12213.83888671875,11553.26375,1.0474773933794705,1.0558117532121698,1.1161793695255593,12625.064778152844,12393.978979965668,231.0857981871759,130.85950315360535,100.22629503357055,73.36421531478531,0.013748469741807394,521491.0,0.7457233202490551,0.022816374800622864,0.5524300250316928,1.0079566011499401,1.0571764958381349,-0.039393163517444596
2024-10-03,12675.185881760992,12877.884444353846,12333.600682493545,12387.51953125,863520,MARUTI,-0.039393163517444596,-0.010789758140317574,0.02521838633427942,12326.25498046875,12216.51220703125,11563.685927734376,1.0049702485368286,1.0139980479960824,1.071243166639431,12588.519355552407,12393.500502283026,195.018853269381,143.69137317676046,51.32748009262053,55.27497821561801,0.016660023863019374,527913.2,1.6357234484759997,0.04393807497031475,0.09906385700754075,1.0089831509663074,1.056454860792365,-0.003289207099509528
2024-10-04,12429.195998649067,12613.283943055829,12255.44016468334,12346.7744140625,679362,MARUTI,-0.003289207099509528,-0.058133775266319354,0.024974387997376946,12341.29697265625,12221.12234375,11574.27697265625,1.0004438302893437,1.0102815491718533,1.066742608910366,12551.327826092422,12390.039310562986,161.28851552943524,147.21080164729543,14.077713882139818,56.31622011969946,0.016663428072627908,532088.05,1.2767849230968444,0.02898277447791701,0.2552349793380739,1.009833354541918,1.0558864603483997,-0.006207498052099081
2024-10-07,12366.657008232172,12388.15625311814,12123.703202173969,12270.1318359375,465500,MARUTI,-0.006207498052099081,-0.07173447940882927,0.02801119760633375,12358.01376953125,12223.773671875,11585.47134765625,0.9928886684193197,1.0037924592934147,1.0590964724469114,12508.066904530126,12381.157275405543,126.90962912458235,143.1505671427528,-16.240938018170453,55.086359627225114,0.01657870068542251,518695.35,0.8974439427691033,0.021552584314508013,0.5537037037036998,1.0109818867118847,1.0550950673532915,0.0003552834686937345
2024-10-08,12245.401182598354,12370.624223077895,12206.026868437271,12274.4912109375,387060,MARUTI,0.0003552834686937345,-0.05333503549688867,0.031797197344811456,12376.927099609375,12223.51400390625,11596.485458984374,0.9917236412683478,1.004170421616481,1.0584664857599455,12472.132182438952,12373.256085444948,98.87609699400491,134.29567311300323,-35.41957611899832,56.20635736067652,0.016542723013811367,517258.85,0.7482907252336041,0.013409708949398674,0.41595044251902646,1.0125506540634794,1.0540705670816917,0.018253366058085918
2024-10-09,12297.018958534754,12586.00720504399,12282.86563072795,12498.5419921875,465231,MARUTI,0.018253366058085918,-0.03078377769886831,0.04055161197401591,12401.281298828126,12226.03056640625,11608.750078125,1.0078427939029626,1.0222894441741406,1.0766483823042399,12476.195230092577,12382.536522981434,93.65870711114258,126.1682799126311,-32.50957280148853,61.16416938579769,0.016868224844647478,526264.3,0.8840253842033365,0.024254154965077143,0.7114707441437786,1.0143342298606235,1.0531737253474365,0.014372145125990166
2024-10-10,12535.95664118267,12698.643859435231,12450.351825623677,12678.1728515625,492698,MARUTI,0.014372145125990166,0.02346339955947352,0.05729989345111619,12435.635693359374,12229.7702734375,11622.23693359375,1.0195033984738424,1.036664840638823,1.0908547918960934,12507.268710318718,12404.435510283734,102.83320003498375,121.50126393710164,-18.668063902117893,61.71701117892229,0.017058278511440157,533409.25,0.9236772703135538,0.019584212703091065,0.9175526997041394,1.0168331387523284,1.0522733569548641,-0.012936311169025161
2024-10-11,12678.17316750866,12713.336012577876,12463.57478891013,12514.1640625,274243,MARUTI,-0.012936311169025161,0.013557358612371617,0.03030442392778676,12454.039697265625,12225.530703125,11634.742680664063,1.0048276998223777,1.023609065846215,1.075585804170595,12508.329533731223,12412.563551188643,95.76598254257988,116.3542076581973,-20.58822511561742,53.331978395849625,0.017239732485240102,519729.9,0.5276644657157497,0.01995828266437568,0.20255055147058626,1.0186911308547297,1.0507779190890723,-0.018690383958676837
2024-10-14,12512.547857043492,12536.05479626612,12206.271836788736,12280.26953125,488067,MARUTI,-0.018690383958676837,0.000826209159612068,0.018009010131439407,12464.90185546875,12211.8927734375,11646.496181640625,0.9851878236700479,1.0055991940873596,1.0544175123337478,12473.243379503343,12402.76399415615,70.47938534719287,107.17924319599642,-36.699857848803546,47.21043734551896,0.01774267521280594,526078.6,0.927745397740946,0.02685470043130368,0.22438301414521372,1.0207182528315004,1.0485464969874938,-0.007266006287397597
2024-10-15,12447.903289419177,12447.903289419177,12101.175949388144,12191.041015625,532135,MARUTI,-0.007266006287397597,-0.006798668382941964,0.01283665312850868,12472.627294921875,12206.41466796875,11658.54265625,0.9774236596156833,0.9987405267835041,1.0456745216855672,12429.827631214366,12387.08081056125,42.74682065311572,94.29275868742029,-51.54593803430457,44.47053818722285,0.017827385029912036,544179.65,0.9778664086391323,0.0284411593387833,0.25918079096045077,1.0218092399934358,1.0469931815555902,-0.005049494433748691
2024-10-16,12159.012438781288,12199.072561479732,11979.723255385925,12129.482421875,418138,MARUTI,-0.005049494433748691,-0.02952820981384785,0.011281440341585292,12479.39287109375,12210.00046875,11670.613178710937,0.9719609397000991,0.9934055656196675,1.0393183490993527,12383.620675931386,12367.999448436343,15.621227495043058,78.55845244894485,-62.93722495390179,42.44124720951235,0.01785011302548508,536678.5,0.7791219510377255,0.018083979057360283,0.6827428322250035,1.0220632589681897,1.046217562160572,-0.019392154478974022
2024-10-17,12145.251158003088,12164.937835748018,11822.030764282035,11894.265625,875937,MARUTI,-0.019392154478974022,-0.06183124616934754,-0.004945075908128427,12476.437353515625,12210.24828125,11680.516459960938,0.9533383038747372,0.9741215207937072,1.018299633048912,12308.335283480405,12332.908054107726,-24.572770627321006,57.932207833691685,-82.50497846101268,23.005374507358525,0.01839389491862659,571361.25,1.5330703648523591,0.028829612712300837,0.21065433386704172,1.0218004635232834,1.0453517464835484,-0.0031826654913804653
2024-10-18,11822.031639880595,11891.817866420904,11601.115572988756,11856.41015625,506871,MARUTI,-0.0031826654913804653,-0.05256075459494958,-0.019948992960499012,12464.370458984375,12205.0297265625,11689.970908203126,0.9512241468805066,0.9714364013752642,1.0142377812018404,12238.808340829573,12297.61191352567,-58.803572696097035,34.58505172773394,-93.38862442383098,18.734539545807323,0.018177927385722853,573424.4,0.8839369235072662,0.02451857599400839,0.8781994123511488,1.0212486768350475,1.0440598888058776,0.005848794214363906
2024-10-21,11896.028802938312,11998.333149130238,11699.158193715848,11925.755859375,375275,MARUTI,0.005848794214363906,-0.028868557890594948,-0.034769476424557855,12442.891015625,12204.18837890625,11699.685493164063,0.9584393083889737,0.9771854947755072,1.0193227729363346,12190.646420605794,12270.06702062562,-79.42060001982645,11.783921378221864,-91.20452139804831,23.928526325373213,0.01750326127180242,548405.45,0.684302098018902,0.025086456484785767,0.7574085382424126,1.0195590750738759,1.0431210638984236,-0.020745949835792366
2024-10-22,11964.982838667867,12037.315264282475,11596.75625267262,11678.3447265625,904901,MARUTI,-0.020745949835792366,-0.042055168906854457,-0.05990648610183924,12405.681494140625,12198.29400390625,11708.245014648437,0.9413706721455282,0.9573752463108983,0.9974462194762299,12111.830775368364,12226.235739583908,-114.40496421554417,-13.453855740531344,-100.95110847501283,21.97970387622692,0.017921567109002456,581871.2,1.555156880079303,0.03772443971514218,0.18519306549137707,1.0170013520061054,1.0418550336659937,0.0027593473329918794
2024-10-23,11678.344858319224,11870.906437708774,11511.984677427668,11710.5693359375,412638,MARUTI,0.0027593473329918794,-0.03453676516171933,-0.06141961927910344,12367.365185546874,12192.08328125,11716.816474609375,0.9468928231878413,0.9605060157312892,0.9994668228622158,12050.098246225152,12188.038228202691,-137.939981977539,-38.351080987932875,-99.58890098960612,30.044775663963165,0.01789048996345528,581207.3,0.7099669945645899,0.030649386036223157,0.5532811896227773,1.0143766984077642,1.0405627934576374,-0.016100406091819286
2024-10-24,11752.441391578492,11752.441391578492,11397.82960961739,11522.0244140625,552495,MARUTI,-0.016100406091819286,-0.031295854882801954,-0.07990421096048028,12317.334619140625,12184.001796875,11724.537626953124,0.9354316311385868,0.945668312115459,0.9827274030470017,11968.856118200129,12138.703871599713,-169.8477533995847,-64.65041547026324,-105.19733792932145,27.63659897003963,0.018047393188994464,591773.45,0.9336258664527786,0.030776864309391777,0.35022751855078726,1.0109432700756678,1.039188254969273,-0.022174244587450653
2024-10-25,11521.92531417462,11551.99479709372,11204.973815082169,11266.5322265625,624582,MARUTI,-0.022174244587450653,-0.04975181542421181,-0.1405393977242666,12225.219189453124,12170.23455078125,11731.396362304688,0.9215812045547864,0.9257448720114653,0.9603743560113706,11860.806288717416,12074.098564559921,-213.29227584250475,-94.37878754471154,-118.91348829779321,25.193084769983145,0.01395256787715027,549449.1,1.1367422387260258,0.030801046411902837,0.1773910359065333,1.0045179604749972,1.0374071572491266,-0.0017038329697617316
2024-10-28,11268.44301891927,11393.66701820913,11204.97447368994,11247.3359375,613830,MARUTI,-0.0017038329697617316,-0.05688695373901054,-0.14911149375686295,12126.66884765625,12155.93353515625,11738.741772460937,0.9274876785040435,0.925254807043121,0.9581381169731689,11766.426234683968,12012.856888481409,-246.43065379744075,-124.7891607952574,-121.64149300218335,24.795704706735435,0.013527776768410897,536855.7,1.1433798691156676,0.016776643426294927,0.22449993410180855,0.9975925594348338,1.035539734222116,-0.038077159243959824
2024-10-29,11214.76949995332,11247.091543053622,10521.755703507268,10819.0693359375,2268683,MARUTI,-0.038077159243959824,-0.07357852595929715,-0.16558383456777848,12019.320556640625,12134.31109375,11744.24833984375,0.9001398444240685,0.8916096886217183,0.9212227996944281,11620.679019492203,11924.428180885563,-303.7491613933598,-160.5811609148779,-143.16800047848193,12.54312447727905,0.014942787107095812,629502.7,3.6039289426399606,0.0670423505963697,0.40989789311414765,0.9905235215892393,1.0332130880256436,0.01905209867523583
2024-10-30,10753.445112416017,11283.330694510656,10720.143615574578,11025.1953125,1672966,MARUTI,0.01905209867523583,-0.05852610609923281,-0.14503642444112297,11925.80458984375,12115.534921875,11750.777290039063,0.9244823046898885,0.910004831284308,0.9382524270837703,11529.066141493402,11857.818338782929,-328.7521972895265,-194.21536818980763,-134.5368290997189,13.564642151255526,0.016192824730070377,693706.6,2.411633390831225,0.0510818233122415,0.5416525135869561,0.9843399129089476,1.031041149264665,-0.015990805860156998
2024-10-31,10994.391524723636,11016.47806205463,10822.986757077608,10848.8935546875,838211,MARUTI,-0.015990805860156998,-0.058421231823936326,-0.12420775383489868,11848.873291015625,12093.1151953125,11756.765791015625,0.9156055000532113,0.8971132234722049,0.9227787426860277,11424.424205061725,11783.083169590675,-358.6589645289496,-227.10408745763604,-131.55487707131354,13.491527571948097,0.014541825205801159,692441.15,1.2105158683882378,0.017835118761343177,0.1338912754398384,0.9798032268483188,1.028609007806714,0.0030289127086422507
2024-11-01,10920.932138135688,10979.258539555549,10852.370232335734,10881.75390625,65670,MARUTI,0.0030289127086422507,-0.03415232944573032,-0.11865613306613088,11775.622265625,12070.26744140625,11762.543090820312,0.924091624271581,0.9015337861463506,0.9251191534203437,11340.936466782998,11716.318038972846,-375.38157218984816,-256.75958440407845,-118.6219877857697,16.37583703522826,0.014683374563646408,661756.55,0.09923588969387609,0.011660648486723815,0.23157117119833082,0.9755891758644477,1.0261613792366118,-0.005179972639118846
2024-11-04,11062.953537681522,11062.953537681522,10636.890254025791,10825.38671875,444462,MARUTI,-0.005179972639118846,-0.03751548109656522,-0.11774487320144711,11703.385009765625,12045.78400390625,11768.105986328124,0.9249791158469964,0.8986867700134341,0.9198920141717494,11261.621120931768,11650.323126363746,-388.70200543197825,-283.1480686096584,-105.55393682231983,16.63875489648788,0.014685116287866359,660704.65,0.6727090538866345,0.039357788753890156,0.4424142420977028,0.971575200582246,1.0235958120959079,0.010644556938821825
2024-11-05,10815.150266537112,11043.36345365024,10785.669031402653,10940.6181640625,321159,MARUTI,0.010644556938821825,0.011234684273743634,-0.10867033296552597,11636.691357421874,12024.75115234375,11774.240673828124,0.9401828946064279,0.9098415447815782,0.9291994674766071,11212.23605064419,11597.752388415505,-385.5163377713161,-303.62172244198996,-81.89461532932614,21.699643536442082,0.015099075182618703,657409.6,0.4885219199719627,0.0235539179215719,0.6012902076358321,0.9677282473453732,1.0212761472654845,0.016486014299673224
2024-11-06,10988.513962540872,11195.179123972026,10943.066833540946,11120.9853515625,416027,MARUTI,0.016486014299673224,0.008688285000620022,-0.11021738707491424,11567.813525390626,12002.36763671875,11781.497690429687,0.9613731520786217,0.9265659649967858,0.9439364708780843,11198.1974815547,11562.43631161158,-364.23883005688003,-315.745143964968,-48.493686091912025,31.098852572105116,0.014956460381614843,654949.4,0.6352047959735515,0.022669959761763177,0.7057114023173398,0.9637943008845441,1.018747187504733,-0.0047646231887227275
2024-11-07,11072.895325966108,11151.10449045116,10956.780073516096,11067.998046875,530194,MARUTI,-0.0047646231887227275,0.020196021933760244,-0.12700369552770818,11487.30478515625,11981.65509765625,11787.901533203125,0.963498249056378,0.9237453387420598,0.9389286138588481,11178.166799296285,11525.811254964425,-347.6444556681399,-322.1250063056024,-25.5194493625375,30.870494460188226,0.01419659374954931,656824.2,0.8072083823951676,0.017557323023736016,0.5723314399346365,0.958741066365973,1.0164366459888876,0.0002521698696711372
2024-11-08,11029.162190416817,11110.946750862604,10897.033218545786,11070.7890625,269993,MARUTI,0.0002521698696711372,0.01737175439534866,-0.11533930614872023,11415.13603515625,11959.111953125,11793.850444335938,0.9698341770439062,0.9257199954221621,0.9386916609424031,11161.647147481472,11492.105907374467,-330.45875989299566,-323.79175702308106,-6.667002869914597,28.563320385420766,0.014196590406540933,656611.7,0.4111912717973195,0.019322338372556043,0.8122713980379314,0.9545136862920156,1.0140125152145227,0.008555206868299914
2024-11-11,11098.702879384591,11281.518678516915,11077.644580668026,11165.501953125,450681,MARUTI,0.008555206868299914,0.03141829878335023,-0.09077712629093482,11359.39765625,11939.45818359375,11800.912583007812,0.9829308112108993,0.9351766036140351,0.9461558057130478,11162.240194503553,11467.913021874507,-305.6728273709541,-320.1679710926557,14.495143721701595,36.075177722448046,0.014223187527777037,654742.4,0.6883333048233932,0.0182592863898814,0.4309393561220987,0.9514165116687772,1.0117402446303543,-0.022509344054134406
2024-11-12,11158.009547218846,11280.2951809503,10879.060719375622,10914.173828125,549747,MARUTI,-0.022509344054134406,-0.0024170787738816424,-0.10473815860872471,11295.554296875,11914.2998828125,11807.335190429687,0.9662362325277378,0.9160566659791503,0.9243553818114159,11124.076138137621,11426.895303818988,-302.81916568136694,-316.698210010398,13.879044329031046,30.675389461841007,0.014768701957852147,655623.0,0.8385108515107005,0.036762696645047575,0.08751269422764309,0.9480669790064543,1.0090591730189478,-0.008390841396213378
2024-11-13,10911.13791594895,10913.928982456777,10641.101753066656,10822.5947265625,507710,MARUTI,-0.008390841396213378,-0.02683131175584874,-0.10774472066141783,11230.209912109374,11887.9035546875,11812.750708007812,0.9637036895359055,0.9103871575653102,0.9161790504243783,11077.694382510681,11382.132298096287,-304.4379155856059,-314.2461511254396,9.808235539833731,32.19018527562572,0.014783275154970837,660101.6,0.7691391749391306,0.02520904055665189,0.6652304240363187,0.9446753887636654,1.0063620107236109,-0.003941406943318904
2024-11-14,10827.883025537712,10889.295090713842,10668.329305546586,10779.9384765625,431348,MARUTI,-0.003941406943318904,-0.026026348133828314,-0.09368608231645237,11174.4935546875,11861.84611328125,11818.812866210938,0.9646914577207402,0.9087909566195282,0.912099937497234,11031.885781595576,11337.525348353043,-305.63956675746704,-312.5248342518451,6.88526749437807,36.103447698838124,0.01442276896081783,637872.15,0.676229554778336,0.020497870711198886,0.5050970716187291,0.9420534921773983,1.0036410803316247,0.007986569380677322
2024-11-18,10725.040357986498,10953.20476402553,10690.759407070558,10866.033203125,333440,MARUTI,0.007986569380677322,-0.0184951459393774,-0.08353092884551838,11124.97470703125,11838.2480859375,11824.685727539063,0.9767243062815602,0.917875104850406,0.9189278644267549,11006.37000029241,11302.600004262076,-296.23000396966563,-309.2658681954092,13.03586422574358,39.51122176292407,0.014702491477943747,629200.6,0.529942279139594,0.024152821185885374,0.6678487213035897,0.9397484007998161,1.00114695296864,-0.012137252537068544
2024-11-19,10862.164474324967,10965.252193975348,10672.5422201143,10734.1494140625,864067,MARUTI,-0.012137252537068544,-0.03863261507394866,-0.09991873549681651,11065.394384765625,11814.21515625,11830.419248046876,0.9700647840298247,0.9085791372593955,0.9073346589838427,10964.489910103193,11260.492553136182,-296.002643032989,-306.6132231629252,10.610580129936181,47.20894493381042,0.01460211443402123,653640.2,1.321930627889778,0.027269042247313767,0.21047179614537545,0.9366169684925509,0.998630302827218,-0.008928408157049206
2024-11-21,10696.784250296074,10733.072896920516,10548.739121345963,10638.310546875,540201,MARUTI,-0.008928408157049206,-0.025275690638087656,-0.08905664321776119,11013.39267578125,11789.056875,11835.13796875,0.9659430894776806,0.9023886015373049,0.8988750764853648,10914.308469606549,11214.404997116835,-300.09652751028625,-305.3098840323974,5.213356522111155,36.29040518692416,0.014170419943149772,635405.2,0.8501677354859546,0.017327354260089765,0.48591976836502376,0.934204728381315,0.9961064168519477,0.0186116106385108
2024-11-22,10680.965335719631,10878.472977370246,10604.81264843378,10836.306640625,493678,MARUTI,0.0186116106385108,0.0012669710368851117,-0.07465586601580121,10969.679541015625,11765.55384765625,11841.039516601562,0.9878416776085442,0.921019680070874,0.9151482541234753,10902.308188224772,11186.397711450772,-284.0895232260009,-301.0658118711181,16.976288645117222,49.560725768687306,0.015019103038787293,639457.2,0.7720266501026184,0.025254022243198632,0.8459172474537392,0.9323555595473164,0.9936250809027807,-0.003475278149320471
2024-11-25,10971.863836005636,11016.870021169592,10764.267988569149,10798.6474609375,635726,MARUTI,-0.003475278149320471,0.001735537212543159,-0.06278210556836927,10933.510693359374,11741.70509765625,11845.61146484375,0.987665148349488,0.9196830759352836,0.9116158750425417,10886.36038402673,11157.675470672011,-271.31508664528155,-295.1156668259508,23.80058018066927,47.10932728620313,0.014735963669889985,643618.75,0.9877369172355529,0.023392006592880626,0.13610132909235728,0.931168906255515,0.9912282816724252,-0.0073650174107633415
2024-11-26,10798.647234710788,10850.362308399648,10667.693806119074,10719.115234375,406586,MARUTI,-0.0073650174107633415,-0.01352084666074349,-0.04858788677645498,10906.13984375,11713.16572265625,11847.5975,0.9828514385424667,0.9151339175233812,0.9047501178508977,10860.630361003386,11125.189527242603,-264.5591662392162,-289.0043667086039,24.445200469387714,46.36220560882629,0.014086561937242646,632718.95,0.6426012686991595,0.01704137872263717,0.28150134048257547,0.9311009595514169,0.9886532457450761,0.010453269904979523
2024-11-27,10711.329000375315,10888.51294334174,10646.684915332818,10831.1650390625,343332,MARUTI,0.010453269904979523,0.009038035642852327,-0.03700173096545778,10885.331298828125,11688.52849609375,11850.058881835937,0.9950239218009418,0.9266491537135939,0.9140178244738325,10856.097234550944,11103.409935525558,-247.31270097461493,-280.66603356180616,33.35333258719123,46.245115433888834,0.014377136848523786,619194.05,0.5544820723002748,0.022327055966442338,0.7628566682224083,0.9312832922010629,0.9863688115516637,-0.009811639282730211
2024-11-28,10833.173157019086,10852.957398694523,10664.314596929218,10724.8935546875,607669,MARUTI,-0.009811639282730211,0.008138793037766101,-0.008704610195738205,10880.622509765624,11662.29572265625,11853.08970703125,0.9856874958267917,0.9196211286129826,0.9048183907969157,10835.91205303349,11075.37168509311,-239.45963205962107,-272.4247532613692,32.965121201748104,35.6839208743299,0.011775686899763087,536143.35,1.133407697773366,0.017589246998433433,0.32113050268225707,0.9329743275698218,0.9839034387580969,0.011356373638250927
2024-11-29,10724.992071753726,10901.440457644878,10695.657179672524,10846.689453125,338207,MARUTI,0.011356373638250927,0.000958150488384657,-0.01619072082764972,10871.697216796874,11639.34609375,11854.709848632812,0.9976997369248624,0.9318985246902629,0.9149687838522622,10837.57011458603,11058.43226050288,-220.86214591684984,-262.1122317924653,41.25008587561547,42.38017487064925,0.011220233934385941,469405.4,0.7205008719541786,0.01897198945924155,0.7339385150272834,0.9340470786958271,0.9818330640198968,0.014908422698818091
2024-12-02,10921.910735584184,11097.23330949411,10921.910735584184,11008.396484375,446880,MARUTI,0.014908422698818091,0.019423638395107856,0.01470223012913463,10879.67236328125,11620.44650390625,11856.697768554688,1.011831617423351,0.947329905152482,0.9284538325308856,10863.851094553564,11054.725906715628,-190.8748121620647,-247.8647478663852,56.98993570432049,48.06367182859207,0.011139110239252225,449838.85,0.99342242227411,0.015926259029530147,0.49329499825418444,0.9362525234829843,0.9800744465904324,0.003554637537859451
2024-12-03,11018.87826027329,11076.666155149387,10972.843835541482,11047.52734375,258644,MARUTI,0.003554637537859451,0.030637986642947812,0.01523407337899707,10887.96103515625,11599.44208984375,11859.81185546875,1.014655297541801,0.9524188541294589,0.931509494280536,10892.108979045322,11054.192679829284,-162.08370078396183,-230.70853844990054,68.62483766593871,46.207880687268656,0.011145292893184316,459487.55,0.5628966443160429,0.009397787973490866,0.7193396226415226,0.9386624762487104,0.978046045856542,-0.013245681743687676
2024-12-04,11049.240433287245,11067.850092735209,10877.835675213912,10901.1953125,554674,MARUTI,-0.013245681743687676,0.00646562702949649,0.007002853174630452,10891.75146484375,11570.3591015625,11862.247895507813,1.0008670641895137,0.9421656853353727,0.9189822543354738,10893.506876499887,11042.859541508597,-149.35266500870966,-214.43736376166237,65.0846987529527,49.5526276812043,0.011513488388091664,464998.15,1.192852057583455,0.0174306038993187,0.12293613079897057,0.9413494749158555,0.9753934670294785,0.004708127620752567
2024-12-05,10906.19146358346,11038.466777007086,10804.376842694335,10952.51953125,545501,MARUTI,0.004708127620752567,0.021224077926909724,0.001087814875634141,10892.346533203125,11540.9587890625,11865.052861328126,1.0055243374660776,0.9490129660310224,0.9230906645976813,10902.585746461442,11036.167688896849,-133.58194243540675,-198.26627949641127,64.68433706100453,54.606372466534964,0.01131053752112083,476215.25,1.1454925057523881,0.021373158353640915,0.6328451882845235,0.9437991012952863,0.9726849870747776,0.012135299918504705
2024-12-06,10969.904641073736,11142.240075373416,10892.527635123306,11085.431640625,417214,MARUTI,0.012135299918504705,0.022010604113978482,-0.0031969928755013477,10890.56884765625,11513.12951171875,11868.110991210937,1.0178928020835831,0.9628512933292018,0.9340519016745328,10930.715884025067,11039.816870506342,-109.10098648127496,-180.43322089338403,71.33223441210907,60.17952010392173,0.011017137970949458,476274.6,0.8759946467856988,0.022526181058659393,0.7725045869099776,0.9459260261574561,0.9700894708724014,-0.0033707492995187494
2024-12-09,11089.39865607724,11135.335516063671,11021.375258924552,11048.0654296875,254485,MARUTI,-0.0033707492995187494,0.0036035171306560976,-0.001800923446415692,10889.572216796874,11483.63810546875,11869.849711914063,1.014554585775753,0.9620701495657703,0.9307670861745017,10948.769660280825,11040.42787489013,-91.65821460930601,-162.67821963656843,71.02000502726241,56.26919172928538,0.010990469227564416,462489.15,0.550250746422916,0.01031495132468112,0.23420595418949633,0.9482684944252145,0.9674628056952008,-0.007234192142837492
2024-12-10,11043.363612072497,11081.904813342664,10940.520758035458,10968.1416015625,410569,MARUTI,-0.007234192142837492,-0.007185838035731251,-0.009271919134038686,10884.43984375,11440.82412109375,11870.886567382813,1.007690038165865,0.9586845742467317,0.923953029060125,10951.749958939545,11035.073336125122,-83.32337718557756,-146.80725114637025,63.48387396079269,58.35781995150115,0.011107124248031558,469517.95,0.8744479311174365,0.012890429431278005,0.19536038534915412,0.9513685140637789,0.9637716657599333,0.00710384844173606
2024-12-11,10999.191039890064,11088.271779448103,10990.081335776002,11046.0576171875,226584,MARUTI,0.00710384844173606,0.013288662438823762,-0.01069762348696468,10878.467626953125,11397.37841796875,11870.9053515625,1.015405661530779,0.9691752973449255,0.9305151789230272,10966.258829439232,11035.886986574187,-69.62815713495547,-131.3714323440873,61.74327520913184,64.75295088697976,0.011050082876449561,458313.1,0.4943869158442122,0.008889184456119319,0.570078709476314,0.954471039568404,0.960110293227852,-0.009784758649486358
2024-12-12,11067.213031382864,11067.213031382864,10850.65574599022,10937.974609375,396561,MARUTI,-0.009784758649486358,-0.001327997803016956,0.002180722208094954,10879.657666015624,11356.81720703125,11869.884267578125,1.005360181831965,0.9631197200746583,0.921489575029086,10961.907410967811,11028.634217892764,-66.72680692495305,-118.44250726026047,51.71570033530742,53.93450701883278,0.010034578261946151,450653.8,0.8799681706888969,0.019798664115295322,0.40321369575011445,0.9579847476350851,0.956775731845315,0.009415752137898359
2024-12-13,10908.5909947505,11058.055561547597,10806.922721376315,11040.9638671875,263579,MARUTI,0.009415752137898359,-0.004011370497702393,0.02017715216564886,10890.576123046874,11319.72619140625,11869.5571484375,1.0138089796574097,0.975373757323708,0.9301917273839424,10974.069942693917,11029.54752524793,-55.47758255401277,-105.84952231901093,50.37193976499816,58.92618946550496,0.010026229282754269,438447.25,0.6011646783050869,0.022745554028812665,0.9319416196287204,0.9620882995663642,0.9536772138879983,0.00039483645200166784
2024-12-16,11024.31372362453,11096.695891060644,10974.802423402583,11045.3232421875,223389,MARUTI,0.00039483645200166784,-0.0002482052190451167,0.024618393342595857,10903.845361328125,11292.882265625,11869.157705078125,1.012975044690302,0.9780783136125436,0.9305903179179973,10985.031988769852,11030.716096873084,-45.684108103232575,-93.81643947585526,48.13233137262269,62.7210223217788,0.0099593419961837,428049.3,0.5218768025084961,0.011035753774275276,0.578544692671666,0.9655502558916174,0.9514476550255482,-0.014937476631043722
2024-12-17,11031.611130221962,11040.86717921354,10832.48794917228,10880.333984375,295445,MARUTI,-0.014937476631043722,-0.008005696897183667,0.001316099535374704,10904.560400390625,11263.55345703125,11867.002084960937,0.9977783225434051,0.9659770360998263,0.916856161857733,10968.924603478335,11019.576681132485,-50.65207765414925,-85.18356711151407,34.53148945736481,51.84139479191277,0.01045187211643559,426149.55,0.6932894801836585,0.019151914853028175,0.22961038484135934,0.9681279040393309,0.9491490248666562,-0.009551259969293069
2024-12-18,10857.26696663536,10870.048672846877,10744.727118589686,10776.4130859375,497103,MARUTI,-0.009551259969293069,-0.02441092927402777,0.003937309817919177,10906.673583984375,11233.67908203125,11864.919702148438,0.9880568078760372,0.9592950810901152,0.9082584085239248,10939.307446933592,11001.564562969892,-62.25711603630043,-80.59827689647135,18.341160860170916,51.93282803413993,0.010307284418693748,407801.35,1.218983213272835,0.011629245580862793,0.25283733142015186,0.9708906142271827,0.9467977334896851,-0.004280815478176048
2024-12-19,10664.31528118665,10808.687455892295,10629.49581706357,10730.28125,435360,MARUTI,-0.004280815478176048,-0.018988283186997412,0.008645235793762085,10911.272119140625,11202.7948828125,11862.93947265625,0.9834124869067165,0.9578218080617151,0.9045212845208394,10907.14957048227,10981.4695027499,-74.31993226763007,-79.34260797070309,5.02267570307302,45.36991864866041,0.010140580754488497,402559.3,1.0814804179160686,0.016699621813615218,0.5624449533204107,0.9739776755067493,0.9443523596014829,-0.004956584607230141
2024-12-20,10715.245695140278,10849.431130262235,10642.717189573212,10677.095703125,404608,MARUTI,-0.004956584607230141,-0.032956195531431365,-0.014692361777870255,10903.311572265626,11166.36595703125,11860.530063476563,0.9792525539015098,0.956183573439292,0.9002207865906565,10871.75666781192,10958.923295370278,-87.1666275583575,-80.90741188823397,-6.259215670123538,35.577614719461295,0.009253135224243928,398105.8,1.0163328441836317,0.019360502746877332,0.16630960368322045,0.976442256524829,0.9414727585756957,-0.007251576964636408
2024-12-23,10703.492229370726,10764.022402252249,10534.438552784184,10599.669921875,237165,MARUTI,-0.007251576964636408,-0.0403476938194377,-0.018426153810676027,10893.3626953125,11124.7958984375,11859.421103515626,0.9730392917547969,0.952796799028353,0.8937763343889371,10829.897168437008,10932.311934370628,-102.41476593361949,-85.20888269731108,-17.20588323630841,31.13266696507327,0.009350778609561057,378177.75,0.6271257365088242,0.02165952818910545,0.28412873658993854,0.9791966337865574,0.9380555594859219,-0.007891331374373922
2024-12-24,10599.670319233332,10663.775890536412,10504.66310975582,10516.0244140625,151149,MARUTI,-0.007891331374373922,-0.03348330766644447,-0.018946602949207136,10883.208154296875,11084.83310546875,11857.236303710937,0.9662614428550276,0.9486858587771047,0.8868866356969979,10781.609052379392,10901.47582175521,-119.86676937581797,-92.14046003301246,-27.726309342805507,32.86869773175242,0.009370685645678148,365405.9,0.4136468513507855,0.015130506978266305,0.0714040962073718,0.9818107364131263,0.9348580749798796,0.014846482892691082
2024-12-26,10549.228687796123,10749.331316320382,10548.738959896407,10672.150390625,349811,MARUTI,0.014846482892691082,-0.00967508339565748,-0.014681213688833572,10875.257421875,11052.67072265625,11854.218530273438,0.9813239334600521,0.9655720918880499,0.9002829130718606,10764.769258263332,10884.488752782603,-119.7194945192714,-97.65626693026425,-22.06322758900714,38.59337131596304,0.009696989861562987,365729.85,0.9564737469473712,0.018795870474256623,0.6152349617337792,0.9839483772535103,0.9323829060878045,0.0041345016535994095
2024-12-27,10704.961891163002,10904.28114134386,10688.40870596822,10716.2744140625,257973,MARUTI,0.0041345016535994095,-0.0013053558999210901,-0.0008036574518012207,10874.82646484375,11023.175390625,11851.551401367187,0.9854202684250807,0.9721585690432257,0.9042085758347449,10757.308513001664,10872.02843139593,-114.71991839426482,-101.06899722306437,-13.650921171200451,33.81154227952355,0.009506441327274602,348245.05,0.7407800914901734,0.02014435493480447,0.1290841419646301,0.9865420878717563,0.9301040021944615,-0.012987784624090892
2024-12-30,10716.274027991296,10725.04034816029,10529.246763222744,10577.09375,335481,MARUTI,-0.012987784624090892,-0.00936602573448242,-0.024855114022585778,10861.3466796875,10992.1276171875,11847.817475585938,0.9738289423889673,0.9622426265740815,0.8927461763987806,10729.583164847561,10850.181417959193,-120.5982531116315,-104.9748484007778,-15.623404710853691,31.03980236026007,0.009534675334201978,348108.75,0.963724698100809,0.018511094783247643,0.24437463971313755,0.9881023090292813,0.9277765833106641,0.0055052449721832986
2024-12-31,10543.841687860117,10669.89784063036,10529.737141739044,10635.3232421875,198997,MARUTI,0.0055052449721832986,0.0033636255256326297,-0.03388988057588849,10842.693017578125,10966.94876953125,11844.8770703125,0.9808746982825726,0.9697613680602682,0.897883800655342,10715.081638284475,10834.26599753166,-119.18435924718506,-107.81675057005927,-11.367608677125787,36.36333080984704,0.00890911923497387,335714.6,0.5927564663556486,0.013178790686430214,0.7533217320094157,0.988669979721403,0.9258811809046417,0.03222383840112708
2025-01-01,10634.931006502487,11042.335835134803,10578.318652934531,10978.0341796875,383202,MARUTI,0.03222383840112708,0.04393388104036533,-0.006290381720739924,10839.218359375,10949.38125,11843.926748046875,1.0128068109443,1.0026168537776963,0.9268914282586082,10755.535875423402,10844.915492506167,-89.37961708276453,-104.12932387260032,14.749706789835798,47.70980520061234,0.01167389435510033,341942.5,1.1206620996220125,0.04226778443255683,0.8614239775725581,0.9899388935219512,0.9244722196382724,0.056475968924806885
2025-01-02,11053.158249014412,11615.51315608677,10995.37035918793,11598.029296875,1417042,MARUTI,0.056475968924806885,0.08675654599689131,0.06392271346390488,10874.06005859375,10942.82671875,11846.631889648437,1.066577638377958,1.059875075697063,0.9790149136827097,10885.150247954416,10900.701700237192,-15.551452282776154,-86.4137495546355,70.86229727185935,66.52604328142314,0.01685132828420324,385060.9,3.6800464549893275,0.05346966980553616,0.9718067204856653,0.9937158229839808,0.9237078370192139,0.007849696986843346
2025-01-03,11606.502380344884,11802.246238225356,11545.77612110153,11689.0703125,701315,MARUTI,0.007849696986843346,0.09077743447489017,0.06724943782555748,10910.88759765625,10943.04123046875,11849.237475585938,1.0713216691015046,1.0681738345236311,0.9864829139076717,11008.830257884505,10959.099375219621,49.73088266488412,-59.184823110731585,108.9157057756157,66.32456128699314,0.016880400827733053,392851.6,1.785190641962512,0.021941019282736618,0.5587169102016141,0.9970617278930674,0.9235228218706641,-0.014965318830825525
2025-01-06,11683.927924204669,11733.782605684788,11450.52380463716,11514.1396484375,383268,MARUTI,-0.014965318830825525,0.08859200084498631,0.0386731001291285,10932.322998046875,10939.11263671875,11851.549370117187,1.0532198555142005,1.0525661478051325,0.9715303281332616,11086.570164123426,11000.213469532056,86.35669459136989,-30.076519570311294,116.43321416168118,60.87419791498669,0.017225793885166117,391154.3,0.9798383911412964,0.024600952367819107,0.22458558592021904,0.9993793245487679,0.9230111857189677,-0.0029220186898258893
2025-01-07,11514.139997934451,11582.99554961408,11433.873403545198,11480.4951171875,308104,MARUTI,-0.0029220186898258893,0.07946837681880958,0.039140760909870176,10953.944482421875,10938.28205078125,11853.622944335937,1.0480695000427103,1.049570221712058,0.9685220435219993,11147.17400305636,11035.789887876905,111.38411517945497,-1.784392620358041,113.168507799813,64.8239763613339,0.01721867047516769,393835.25,0.782316971373182,0.012989173772273094,0.31264111247947635,1.0014318913672102,0.9227796516007735,0.008591167747403095
2025-01-08,11485.098223749948,11616.296513896164,11484.41241341907,11579.1259765625,303100,MARUTI,0.008591167747403095,0.05475404676614981,0.055705368985476955,10984.493701171876,10944.53392578125,11855.840122070313,1.054133790010475,1.0579825559575806,0.9766600980901645,11213.628152826535,11076.037005557318,137.5911472692169,26.090715357556945,111.50043191165994,69.87895280097588,0.017132520905145623,388461.8,0.7802569004210967,0.011389814805024451,0.7181575550108094,1.0036511171386198,0.9231344057522659,-0.006889670891307098
2025-01-09,11579.126475640356,11606.5512380594,11420.112208999864,11499.349609375,266413,MARUTI,-0.006889670891307098,-0.008508315074405637,0.0410365406280504,11007.15830078125,10949.57419921875,11856.883881835938,1.0447155655568992,1.050209752466491,0.9698458485362532,11257.585299987837,11107.393494728998,150.19180525883894,50.91093333781335,99.2808719210256,68.73358041019834,0.01723511498433664,390453.25,0.6823172812622254,0.01621300642147081,0.4250043608081283,1.0052590265625678,0.9234782349511633,-0.009322453189013591
2025-01-10,11449.83778756543,11518.399690484985,11332.303096846195,11392.1474609375,218246,MARUTI,-0.009322453189013591,-0.025401750834279646,0.04152257321691222,11029.866943359375,10961.03576171875,11857.58205078125,1.0328454114123506,1.0393312920959898,0.9607479342879113,11278.28717090317,11128.486381114813,149.80078978835627,70.68890462792194,79.11188516043433,66.97119398411755,0.017218566693090322,381537.5,0.5720171673819743,0.01633551481640273,0.3215768914473614,1.0062796238546194,0.9243904629777847,-0.011469231778777123
2025-01-13,11232.887982778486,11415.017966152169,11232.398254915955,11261.48828125,253524,MARUTI,-0.011469231778777123,-0.021942704787481504,0.019973293701093686,11040.8931640625,10965.76162109375,11855.9575390625,1.0199798253555723,1.0269681824550507,0.9498590260758047,11275.702726341144,11138.338373717419,137.3643526237247,84.0239942270825,53.3403583966422,65.32060365306135,0.01738872882970329,381034.75,0.665356637419553,0.01621630344723344,0.15929291606653245,1.0068514660052637,0.9249157299158866,0.02117386377314001
2025-01-14,11296.994073094904,11543.424762301236,11294.104487272578,11499.9375,627463,MARUTI,0.02117386377314001,0.001693514313976907,0.04115898175583532,11063.623876953125,10978.7825,11855.68537109375,1.0394367729687348,1.0474692890582358,0.9699934790812578,11310.200383827121,11165.123494182795,145.076889644326,96.2345733105312,48.8423163337948,71.2535750403016,0.01795407209564529,401238.45,1.5638157310197962,0.021680141742392793,0.8255767113355003,1.007727758242148,0.926035244387322,0.01756650172011809
2025-01-15,11646.268533059689,11941.917854447976,11617.325804073816,11701.951171875,692822,MARUTI,0.01756650172011809,0.01060746688144798,0.07551396755650197,11104.704736328125,10995.1864453125,11854.339326171876,1.0537831891732368,1.0642794672084719,0.9871449475079194,11370.469735834486,11204.88850734518,165.58122848930543,110.10390434628606,55.47732414301937,71.81237956315503,0.017794539289372295,421107.3,1.6452386363285558,0.027738284462705605,0.2607130017621663,1.0099605669772262,0.9275241869479349,0.012128052229537722
2025-01-16,11735.300755256472,11884.71654457919,11710.569496582448,11843.873046875,551211,MARUTI,0.012128052229537722,0.02996025420595294,0.09905521924827321,11158.077734375,11015.556171875,11854.125698242187,1.0614617794234622,1.0751951932408883,0.9991350984772578,11443.301014456103,11252.2206954585,191.08031899760317,126.29918727654947,64.7811317210537,72.9337205602476,0.01759804035960819,423812.7,1.300600477522264,0.01470355578006567,0.7654654605172833,1.0129382085004375,0.9292592682316895,0.003642772180961762
2025-01-17,11853.276092256992,11939.46819948394,11757.680635796332,11887.017578125,285370,MARUTI,0.003642772180961762,0.043439581420830375,0.1078011192041215,11215.91455078125,11034.48416015625,11852.867387695313,1.0598348912436217,1.0772608311901986,1.0028811754415763,11511.565101174396,11299.24268676713,212.32241440726648,143.50383270269288,68.8185817045736,77.72502052462004,0.017469723211575913,416313.2,0.6854694974841057,0.015292949849938831,0.7114729946594524,1.0164421270620076,0.9309548313694421,-0.009582736418226712
2025-01-20,11897.498307676076,11897.498307676076,11737.847013301469,11773.107421875,251731,MARUTI,-0.009582736418226712,0.045430863829679424,0.10265073473390496,11270.71513671875,11047.5266015625,11850.602895507813,1.0445750140130425,1.0656781238444701,0.9934606302889292,11551.802381282181,11334.343778256602,217.45860302557958,158.29478676727024,59.16381625830934,73.52708715408292,0.01764208787209679,408669.35,0.6159771952557734,0.01356067592468983,0.22085889570550993,1.0202025795642513,0.932233296396276,-0.011343549611792403
2025-01-21,11770.16863660401,11890.396831013222,11618.352993969162,11639.55859375,300038,MARUTI,-0.011343549611792403,0.012141030657775387,0.09810575985285519,11322.7095703125,11058.9578125,11847.819838867188,1.0279834982492406,1.052500496981166,0.982421977380684,11565.303337046462,11356.952283107965,208.351053938497,168.3060402015156,40.04501373698139,64.97428467722219,0.01781505210576869,411813.0,0.7285782624637882,0.02337234997812871,0.07794920117011837,1.02384960339702,0.9334171149548293,0.011498956112422354
2025-01-22,11655.57302350309,11830.699532578905,11655.57302350309,11773.4013671875,396590,MARUTI,0.011498956112422354,0.006105836049310032,0.11956770958458218,11385.57841796875,11073.01005859375,11845.78919921875,1.0340626479377355,1.063252115268348,0.9938891507510513,11597.318418606621,11387.800363410153,209.51805519646769,176.54844320050603,32.96961199596166,55.0899883847554,0.017612302962542178,424085.05,0.9351661889519567,0.01487475909586275,0.672818434548938,1.0282279486536199,0.9347633891141701,0.0021130622248923814
2025-01-23,11758.366474398386,11857.585152224345,11715.564066111245,11798.279296875,480876,MARUTI,0.0021130622248923814,-0.003849564227812241,0.10552033704840347,11441.88486328125,11085.66560546875,11844.48744140625,1.031148227573717,1.064282445165467,0.9960987636856522,11628.235476801758,11418.206210333476,210.029266468282,183.24460785406123,26.784658614220774,53.29627249736192,0.017498143074903504,430638.3,1.1166586901350855,0.012037440591079833,0.582415140086199,1.032133321578523,0.9359345991380942,-0.00646280682812761
2025-01-24,11684.907539944496,11844.558833239633,11669.3338103299,11722.029296875,310343,MARUTI,-0.00646280682812761,-0.01387970364859381,0.09385303548150015,11492.172607421875,11101.82271484375,11842.128139648437,1.020001151853974,1.0558652932911636,0.9898583395351603,11642.665295274564,11440.711624151365,201.95367112319946,186.98642050788888,14.967250615310576,56.672231064383816,0.017690574519693646,433256.8,0.7163026639166425,0.014948352241061804,0.3007303732655044,1.0351608832715555,0.9374854404483193,0.002168226591258815
2025-01-27,11657.3851188197,11799.4062067764,11568.400987396612,11747.4453125,251783,MARUTI,0.002168226591258815,-0.002179722689637398,0.11064963497179936,11550.690185546875,11120.3197265625,11840.602534179687,1.0170340580339796,1.056394564307312,0.9921323917924976,11658.78529792463,11463.432638103115,195.35265982151577,188.65966837061427,6.692991450901502,58.61327737288376,0.017213859241963135,429071.9,0.586808411364156,0.019664294085624347,0.7750661460554565,1.0387012666512072,0.9391683991133069,0.01083056289499118
2025-01-28,11771.441738217156,11914.785662442277,11640.782913870418,11874.6767578125,533451,MARUTI,0.01083056289499118,0.020199920999474097,0.11653181453938455,11612.657861328125,11142.2144921875,11837.56146484375,1.0225632150376993,1.0657375844037622,1.0031353833370986,11691.99936867661,11493.895165488995,198.10420318761498,190.54857533401443,7.555627853600555,59.36327826735853,0.017256722440372397,445794.6,1.196629568864226,0.023074543767398842,0.853618604781047,1.0422217118033836,0.9412592724674459,-0.012030097200836587
2025-01-29,11871.00351966553,12067.58047716984,11640.880203205068,11731.8232421875,817549,MARUTI,-0.012030097200836587,-0.003531530413621864,0.06866339183883441,11650.347314453125,11159.53029296875,11833.695024414063,1.0069934333745825,1.051282888633703,0.9913913801212224,11698.126118447515,11511.519467466662,186.60665098085337,189.76019046338223,-3.1535394825288563,57.08190512002941,0.01649232765296561,467511.95,1.748723214454732,0.03637118162762316,0.21313095990639105,1.0439818709747688,0.9430300738649724,0.0018451082946049358
2025-01-30,11774.038298583984,11862.042020561696,11678.14919213152,11753.4697265625,418442,MARUTI,0.0018451082946049358,-0.0037979750423748904,0.013402313937022292,11658.1193359375,11179.91669921875,11830.932583007812,1.0081788827063274,1.0513020841545118,0.9934525147614679,11706.640519695973,11529.441708881168,177.19881081480526,187.24791453366683,-10.049103718861573,61.612361779268646,0.010784527513689647,417581.95,1.0020595957272578,0.01564583333333339,0.4095892976031951,1.0427733631282035,0.9449734093892069,0.025887468569163463
2025-01-31,11753.468993517905,12135.456735807236,11753.468993517905,12057.7373046875,709009,MARUTI,0.025887468569163463,0.02863906916714476,0.03153946227812976,11676.552685546874,11208.305234375,11831.710654296876,1.0326453046036825,1.0757859509131993,1.0191034633109912,11760.65540969467,11568.574715977933,192.08069371673628,188.21447037028074,3.8662233464555413,73.02130749757606,0.01208757352779141,417966.65,1.6963291209956584,0.031679885921949216,0.796539463141022,1.0417768290013905,0.9473106266594277,0.04921348884270449
2025-02-01,12066.895250261294,12879.84355040065,11977.422347056716,12651.140625,1101170,MARUTI,0.04921348884270449,0.07692696483876471,0.09874823575869995,11733.402734375,11244.6019140625,11834.6974609375,1.0782158348606181,1.1250856830403648,1.0689872442246466,11897.65313512626,11648.764783312901,248.8883518133589,200.3492466588964,48.539105154462504,77.61568850873708,0.015491643455791891,453861.75,2.426223403933026,0.07133121274145464,0.7465674293188277,1.043469819923212,0.9501385186378685,0.017299576495696467
2025-02-03,12723.130416402922,13184.650165224746,12656.184997312212,12870.0,926127,MARUTI,0.017299576495696467,0.08381897566455132,0.1210317907572005,11802.877978515626,11286.02896484375,11838.391171875,1.0904120184438761,1.1403479505581953,1.0871409647770247,12047.244960491451,11739.22665121565,308.0183092758016,221.88305918227744,86.13525009352415,77.79514984648648,0.015618319330075988,484762.9,1.910474172012751,0.041061784608588545,0.4045962074139512,1.0457954711335469,0.9533414465688951,-0.0022830468142968074
2025-02-04,12977.78978559418,12987.535562431256,12705.011336138485,12840.6171875,530749,MARUTI,-0.0022830468142968074,0.09451164771433729,0.10894528770918499,11865.9525390625,11328.45900390625,11842.411958007813,1.0821396044884657,1.1334831315602882,1.0842907030283813,12169.302226185075,11820.811135384862,348.491090800213,247.20466550586457,101.28642529434842,75.06101567403046,0.01570663950920639,496145.35,1.0697449850129606,0.022002386814225814,0.4799795512792275,1.0474463062426156,0.9566006523059662,-0.0017658656399767159
2025-02-05,12840.665949400498,12879.844182655725,12736.353903358458,12817.9423828125,271633,MARUTI,-0.0017658656399767159,0.09056667358782766,0.11466672622619445,11931.882177734375,11368.19455078125,11844.835068359374,1.0742598855637016,1.1275266556668506,1.0821545685386997,12269.093019512371,11894.67270926839,374.42031024398057,272.6477944534878,101.77251579049278,73.64956155127442,0.015538247978300052,496406.35,0.5471988825283963,0.011194486214079992,0.5685993494027302,1.0495846217651497,0.9597596323775454,-0.0009780906326908312
2025-02-06,12791.692892083049,12860.254798855314,12739.58565163616,12805.4052734375,414134,MARUTI,-0.0009780906326908312,0.0620073194378965,0.12405543532033048,12002.545068359375,11409.80478515625,11846.833818359375,1.0668908302785376,1.1223158953689443,1.0809137251163765,12351.602597039313,11962.134380688325,389.46821635098786,296.0118788329878,93.45633751800005,77.64897899398146,0.01522663964483608,506200.75,0.8181220592818166,0.00942329779046201,0.5454552660573723,1.0519500810368168,0.9631100562476154,-0.001873979760896538
2025-02-07,12791.69248881662,12839.196094154113,12744.678611369209,12781.408203125,355223,MARUTI,-0.001873979760896538,0.010296903811785718,0.13496616822890228,12078.541064453126,11448.49916015625,11847.69013671875,1.0581913937222431,1.1164265310520018,1.0788101356155864,12417.72653643711,12022.82133049845,394.9052059386613,315.79054425412255,79.11466168453876,82.48985503058218,0.014793149572794463,511285.7,0.6947641993507739,0.007394919345569059,0.38860103626942477,1.0550327073866228,0.9663064300335377,-0.011398926755338157
2025-02-10,12781.897639036248,12791.692196614053,12621.9039236027,12635.7138671875,294142,MARUTI,-0.011398926755338157,-0.018204050723582,0.09876369912336469,12135.3298828125,11481.0455078125,11848.07123046875,1.04123365324281,1.1005717082637887,1.0664785534622068,12451.263048860248,12068.220777660601,383.0422711996471,329.24088964322743,53.80138155641964,74.3716154674174,0.014879879584408989,494619.65,0.5946832075919345,0.013437172984128713,0.08133626274575792,1.0569882224188365,0.9690223230839127,-0.013673653028513644
2025-02-11,12634.9305051191,12749.820474308992,12438.549625509431,12462.9375,354195,MARUTI,-0.013673653028513644,-0.029412892074039965,0.06503072153932665,12173.37919921875,11509.3537109375,11847.69298828125,1.0237861891955056,1.0828529397055802,1.051929477943706,12453.059118266363,12097.459053389444,355.6000648769186,334.5127246899657,21.08734018695293,67.33598302188796,0.015109744739578644,477688.3,0.7414772352598965,0.024975720916482213,0.07834936867561608,1.0576944201176317,0.9714426025658829,-0.005406969163569975
2025-02-12,12439.087779779176,12503.094829179954,12349.026634042164,12395.55078125,425735,MARUTI,-0.005406969163569975,-0.03295315183573322,0.04657916647633775,12200.9630859375,11539.2408203125,11848.041005859375,1.0159485520890377,1.0742085180708023,1.04621099598827,12444.211681802308,12119.539922119855,324.67175968245283,332.54453168846317,-7.8727720060103366,67.64875977649056,0.015076897672541651,471414.5,0.9031011986266863,0.012429314183508467,0.3019711314605027,1.0573453900416196,0.9739366039167014,0.0012445399228113718
2025-02-13,12414.601716662384,12483.114838146206,12355.589507318882,12410.9775390625,186742,MARUTI,0.0012445399228113718,-0.03080165960800707,0.04407833651240778,12227.161083984374,11568.40998046875,11848.531655273437,1.0150334532943135,1.0728334801425847,1.0474696696732657,12439.098736765414,12141.127893745235,297.970843020179,325.62979395480636,-27.65895093462734,67.4785061221088,0.01507590442035291,466483.1,0.4003188968689327,0.010275204384662602,0.4343296456028497,1.05694396244841,0.9763581106119582,0.000706358667954099
2025-02-14,12439.08839225863,12517.44485457207,12325.56908488212,12419.744140625,233454,MARUTI,0.000706358667954099,-0.02829610452560105,0.05492489752947627,12259.492919921875,11595.09623046875,11848.446850585937,1.0130716026959576,1.0711204024326508,1.0482170614632762,12436.121106589966,12161.766134254849,274.35497233511705,315.37482963086853,-41.01985729575148,65.31369606312606,0.014823773426968787,465569.25,0.5014377560373672,0.015449253021430954,0.4908126539117305,1.0572997995227735,0.9786173982706722,0.00651802062272
2025-02-17,12342.70930993698,12511.567865387426,12319.692099600625,12500.6962890625,192210,MARUTI,0.00651802062272,-0.010685393761219464,0.07398370723223979,12302.5498046875,11624.14884765625,11848.825751953125,1.0161061314541073,1.0754074515815397,1.0550156235525636,12446.055750047279,12186.872071648007,259.18367839927123,304.1365993845491,-44.95292098527784,72.37995722564779,0.014461754436985842,460177.85,0.417686335837329,0.015349206264188888,0.9433405449596727,1.0583613446388407,0.9810380446973963,0.001825601433295132
2025-02-18,12502.704142978511,12620.238835570446,12473.516552284804,12523.517578125,267936,MARUTI,0.001825601433295132,0.004860818577081094,0.06371278677613734,12340.055615234374,11655.2563671875,11850.838232421875,1.0148671909277405,1.0744952477735175,1.0567621743298115,12457.972954366927,12211.808775831489,246.16417853543862,292.542115214727,-46.37793667928838,72.39883399679923,0.014347538366301553,453745.15,0.5904988736518726,0.011715740595272063,0.3407868574594977,1.0587545418541593,0.9834963686619824,-0.007824809604305427
2025-02-19,12465.533823871969,12506.818267969187,12391.095183924275,12425.5234375,288694,MARUTI,-0.007824809604305427,0.0024180173014447526,0.05316403560569527,12371.417822265625,11682.84568359375,11852.6171484375,1.0043734369020338,1.0635699361285917,1.0483358470021977,12452.980721002785,12227.639491510638,225.34122949214725,279.1019380702111,-53.76070857806383,62.1568299593861,0.014557313533468891,444136.05,0.6500125355732776,0.009313336748105262,0.29750549650373287,1.058938734390615,0.9856764575521507,-0.01935186332064731
2025-02-20,12390.115082344875,12390.115082344875,12125.662033156488,12185.06640625,423739,MARUTI,-0.01935186332064731,-0.01820252531289046,0.03950144617864426,12394.569677734375,11707.78751953125,11853.558852539063,0.9830971726383751,1.0407659334372563,1.027966921819427,12411.763134117742,12224.48592963948,187.2772044782614,260.73699135182113,-73.45978687355972,29.90585738825827,0.01525262378331963,449805.85,0.9420486638846516,0.02170304538124987,0.2246310763888914,1.0586602854772873,0.9877023149906926,-0.009420711250996638
2025-02-21,12164.840677465383,12183.05817220854,11993.4359175172,12070.2744140625,477013,MARUTI,-0.009420711250996638,-0.028138238807946414,0.02748079203390641,12410.7111328125,11728.37373046875,11853.055756835938,0.9725691207291157,1.029151584989617,1.0183259626616779,12359.226407955397,12213.062854411555,146.16355354384177,237.82230379022528,-91.6587502463835,12.121980212674444,0.0154664324914874,461067.35,1.0345842098773639,0.015709854489341313,0.40521876860063105,1.0581783474865853,0.9894810225375611,0.0017648923002264727
2025-02-24,11996.716286466277,12177.083442926209,11969.046661912673,12091.5771484375,399571,MARUTI,0.0017648923002264727,-0.032727708214378426,0.018265793254734097,12421.55615234375,11749.29880859375,11852.847895507812,0.9734349706382007,1.0291318099420026,1.0201410880350676,12318.049598798798,12204.063913228292,113.98568557050567,213.05498014628137,-99.0692945757757,14.248998574652688,0.015309652695187439,454373.35,0.8793891631188318,0.01720509892627355,0.5889847262963314,1.0572168054197661,0.9912637799938945,0.010623597989787514
2025-02-25,12134.233256132578,12250.446071450911,12096.27934321359,12220.033203125,363355,MARUTI,0.010623597989787514,-0.024233157585860754,0.04161415927082013,12445.966650390625,11776.09279296875,11852.453442382812,0.9818468541968547,1.037698447011331,1.0310129681191382,12302.970153310522,12205.246823591011,97.72332971951073,189.98865006092726,-92.26532034141653,24.079689020110223,0.015130696660785538,431663.65,0.8417549172833987,0.01261590092880412,0.8027274193748583,1.0568842203605802,0.9935573972270579,-0.007674545687896939
2025-02-27,12274.246344121906,12292.170193821705,12059.059715245645,12126.25,236805,MARUTI,-0.007674545687896939,-0.02408537869694871,0.031716614932442155,12464.6056640625,11803.08953125,11851.598081054688,0.972854683639288,1.0273793118229255,1.0231742518660294,12275.782437416596,12199.395207028714,76.38723038788157,167.2683661263181,-90.88113573843654,22.49507014903061,0.015289611711165395,422581.8,0.5603767128636397,0.019223624663524164,0.2882336528361257,1.0560460149913344,0.995907003471352,-0.03511550033501698
2025-02-28,12085.01433294775,12085.01433294775,11569.037253866622,11700.4306640625,605149,MARUTI,-0.03511550033501698,-0.039772925811788706,-0.02963297603822368,12446.74033203125,11822.49251953125,11847.93271484375,0.9400397495199487,0.9896754550474784,0.9875503976658772,12187.266779977504,12162.4348705127,24.831909464804994,138.7810747940155,-113.9491653292105,16.971444223707906,0.016258570300625115,417388.8,1.4498448449024028,0.044098981814911835,0.25464970349045096,1.0528017092392925,0.9978527734816871,-0.014251779093668149
2025-03-03,11641.811007998363,11811.697798603154,11516.19580845472,11533.6787109375,186884,MARUTI,-0.014251779093668149,-0.04445596551639608,-0.08832894575958439,12390.867236328126,11839.6241796875,11843.661123046875,0.9308209418241945,0.9741591908571818,0.9738271461088858,12086.714769355965,12115.860340173795,-29.14557081782914,105.19574567164656,-134.3413164894757,16.755829669598057,0.011302652358191551,371674.5,0.5028163083558329,0.025620792598306595,0.05916340013140922,1.0465591684562385,0.9996591473432552,-0.013532210822466473
2025-03-04,11449.837398613205,11483.383757116411,11352.871282063785,11377.6025390625,255726,MARUTI,-0.013532210822466473,-0.05904726907087232,-0.11595939867424243,12316.24736328125,11855.18283203125,11839.91734375,0.923788082803764,0.9597154848022768,0.9609528689039756,11977.620580080047,12061.174577128513,-83.55399704846604,67.44579712762405,-150.9997941760901,16.926373302622054,0.01021577899152232,338154.45,0.7562402328285196,0.011470999677176331,0.18949343339587169,1.038891389342749,1.001289323889521,9.46727075235021e-05
2025-03-05,11366.583791786365,11586.961331911474,11330.68635653942,11378.6796875,349730,MARUTI,9.46727075235021e-05,-0.06885034611934138,-0.11385258813128996,12243.15048828125,11872.4359375,11835.48107421875,0.9293914747181542,0.9584115464931309,0.961404071042469,11885.475827375423,12010.619400118992,-125.14357274356917,28.927923153385407,-154.07149589695456,17.707645894220803,0.01027611350435569,329103.5,1.0626748120272194,0.02252238242136162,0.1872727951330584,1.031224809527952,1.0031223794833106,0.004222277683524123
2025-03-06,11460.612421204256,11488.526911760988,11244.152687413458,11426.7236328125,315309,MARUTI,0.004222277683524123,-0.057686949154726275,-0.10853682349715321,12173.58955078125,11887.52740234375,11832.10103515625,0.9386486693301715,0.961236365315095,0.9657391868832704,11814.898566673435,11967.367861799992,-152.46929512655697,-7.351520502603066,-145.1177746239539,19.377831683745896,0.01049019887595358,331287.3,0.9517690536280745,0.021386202397141656,0.7470957540080169,1.0240640579622218,1.004684406177974,-0.00019289007359646337
2025-03-07,11410.659849348089,11501.06342663996,11362.666516076151,11424.51953125,259055,MARUTI,-0.00019289007359646337,-0.023581280102787372,-0.10783616080093128,12104.545263671875,11901.6923046875,11828.428354492187,0.9438206295561746,0.9599071492337636,0.9658527057748301,11754.840253531369,11927.156874351844,-172.31662082047478,-40.34454056617741,-131.97208025429737,18.90955395669407,0.01051015339420197,323533.35,0.8007057077732481,0.012114024592915676,0.4469248260085352,1.0170440433000003,1.0061938871335758,-0.006695782132522643
2025-03-10,11361.687036917629,11457.576140286012,11296.700528577932,11348.0234375,153894,MARUTI,-0.006695782132522643,-0.01609679600849656,-0.11214607520903241,12032.876025390626,11917.1108984375,11822.415380859375,0.9430848795877631,0.9522461890480421,0.9598735175446956,11692.253051065005,11884.258101251708,-192.00505018670265,-70.67664249028246,-121.32840769642019,13.890396425313313,0.01047456076054627,313466.9,0.49094178683618583,0.014176531498556777,0.31902230783866026,1.0097141939803802,1.0080098283242052,0.005256370361854001
2025-03-11,11341.608366955305,11451.797143783531,11273.53618927031,11407.6728515625,245822,MARUTI,0.005256370361854001,0.002642939265698585,-0.09718809942459872,11971.473974609375,11932.557890625,11816.382641601562,0.9529046194108882,0.9560123618193478,0.9654115982500321,11648.471481910772,11848.955490163618,-200.48400825284625,-96.63811564279523,-103.84589261005102,15.832492570688359,0.01067264536031164,311050.9,0.7902950931824984,0.015626408368539912,0.7524736006181402,1.0032613362818839,1.0098317101389747,-0.0005881971743764147
2025-03-12,11382.05958529063,11483.090832026865,11285.289545115374,11400.962890625,249361,MARUTI,-0.0005881971743764147,0.0019583294140426144,-0.08521061823306098,11918.375244140625,11941.01646484375,11810.774096679688,0.956587005953685,0.9547732325963411,0.9653019181723325,11610.393237097576,11815.770853160757,-205.37761606318054,-118.3860157268723,-86.99160033630824,16.769984885513793,0.010515725981795,305809.2,0.8154136631599049,0.01734952466814376,0.5847957175394201,0.9981039117758707,1.0110274201418072,-0.01085040617286126
2025-03-13,11395.77196234278,11444.940833990731,11253.702092198975,11277.2578125,260736,MARUTI,-0.01085040617286126,-0.013080374140081563,-0.09021728751590241,11862.460595703125,11934.60103515625,11804.971528320313,0.9506676731625899,0.9449212235314873,0.9552973326064939,11559.141633313333,11775.880998296996,-216.7393649836631,-138.05668557823049,-78.68267940543262,18.144097859997913,0.010613425016340642,297559.25,0.8762490159522851,0.016957911663576786,0.12317441581306343,0.993955353912492,1.0109809249878285,0.0034653883749720116
2025-03-17,11277.257224288893,11511.494445372877,11220.987301143196,11316.337890625,275569,MARUTI,0.0034653883749720116,-0.009469250792480621,-0.08819930944135657,11807.72861328125,11927.14638671875,11799.509658203126,0.9583839755511033,0.9487883793583766,0.9590515384474286,11521.787211361281,11741.84076809907,-220.0535567377883,-154.45605981014205,-65.59749692764626,22.05894168443072,0.010689818484800209,302000.6,0.9124783195794975,0.02567148021184056,0.32822115178833006,0.9899877330615748,1.0108171214069808,0.0
2025-03-19,11459.63320484907,11473.78653288494,11309.776462939504,11376.91796875,476555,MARUTI,0.005353328851658512,-0.002695982187838397,-0.08989725806679671,11696.369384765625,11921.11880859375,11791.70265625,0.972687985005697,0.9543498518401273,0.9648240207888765,11472.754753585592,11685.625438828078,-212.8706852424857,-176.6488013875679,-36.22188385491782,16.542423904214488,0.010611912704631604,304545.15,1.5648090274955946,0.014416036961498466,0.409374289230124,0.9811469521077076,1.0109751879025848,0.00987033092977807
2025-03-20,11459.534596436795,11523.296782518748,11349.933116517404,11489.2119140625,379421,MARUTI,0.00987033092977807,0.007740488613471985,-0.08258906953339817,11644.6541015625,11919.32052734375,11788.62123046875,0.9866511975242662,0.9639150057006562,0.9746018376065557,11475.286624428194,11671.076288845443,-195.7896644172488,-180.4769739935041,-15.312690423744698,25.086256875534218,0.011014883277549833,310119.4,1.2234674773651695,0.01508925653892334,0.8033909339689218,0.9769562010559959,1.0110869027276232,0.00022167534370942654
2025-03-21,11537.989294002266,11676.778371801389,11465.313482531255,11491.7587890625,560565,MARUTI,0.00022167534370942654,0.01902066797876545,-0.0751489185251879,11597.965869140626,11919.1687109375,11787.008461914062,0.9908426114306201,0.9641409621559605,0.9749512631805122,11477.820803602703,11657.793511083742,-179.97270748103983,-180.37612069101124,0.4034132099714043,37.80003197296001,0.011024093950735713,323712.95,1.7316730764092076,0.018401438209040652,0.1250576709094355,0.9730515735126624,1.0112123656694123,0.016147101340711068
2025-03-24,11537.941008147636,11743.675515940522,11500.81924922959,11677.3173828125,359033,MARUTI,0.016147101340711068,0.031898967287513846,-0.04166977893342161,11572.57841796875,11924.872109375,11784.739243164062,1.0090506161255404,0.9792404711520656,0.9908846637897505,11508.512585019595,11659.23972380439,-150.7271387847959,-174.4463243097682,23.71918552497229,58.21711333433147,0.01125060136577965,320477.65,1.1203058934062953,0.020797265223636525,0.7267596425378354,0.9704572352495684,1.0118910451321377,-0.004474821102911086
2025-03-25,11705.86858110057,11827.17380088901,11557.578588475626,11625.0634765625,514283,MARUTI,-0.004474821102911086,0.027281404012623467,-0.0368849060284252,11550.31787109375,11932.14361328125,11781.379638671875,1.006471302894253,0.9742644618878916,0.9867319306478951,11526.443491410811,11656.708149934622,-130.2646585238108,-165.60999115257673,35.34533262876593,66.06473568628246,0.011134166075001787,322341.15,1.5954618267013068,0.023190859383857943,0.25031931198910184,0.9680002391387157,1.012796801328301,-0.011340663882463686
2025-03-26,11564.434164150352,11625.062858324824,11469.426955382454,11493.2275390625,478517,MARUTI,-0.011340663882463686,0.01022329339386796,-0.0494848274984806,11520.400390625,11932.0094140625,11776.694267578125,0.997641327502418,0.9632264893721193,0.9759298558598041,11521.333344895686,11644.598475055207,-123.2651301595215,-157.14101895396567,33.875888794444165,56.35700279975416,0.011296679183266994,326288.45,1.4665459350461225,0.013541531516138806,0.15292476369580937,0.9655037966235261,1.0131883483561228,-0.0010524200520601878
2025-03-27,11531.280163017378,11653.564834169869,11398.906332162458,11481.1318359375,645787,MARUTI,-0.0010524200520601878,-0.000703275227703859,-0.06046639603225812,11483.455322265625,11927.59302734375,11772.401303710938,0.9997976666201139,0.9625690455414813,0.9752582790665127,11515.148497363656,11632.489835120563,-117.3413377569068,-149.1810827145539,31.8397449576471,53.14494733395803,0.010878183266658473,340410.05,1.8970855883955249,0.022180609511885854,0.32288536658653993,0.9627638448042326,1.0131826735794245,-0.01704494951337876
2025-03-28,11458.701672802326,11504.638530366128,11165.893183198375,11285.4365234375,541795,MARUTI,-0.01704494951337876,-0.017953932849806398,-0.06933829308834139,11441.4146484375,11916.424296875,11766.421059570312,0.9863672343156185,0.9470489000964012,0.9591222739949801,11479.80819368271,11606.7821824033,-126.97398872059057,-144.73966391576124,17.765675195170672,43.43018991516784,0.011281832484841124,355659.55,1.5233528805848178,0.030016149261417508,0.3529003165316527,0.960138239743438,1.0127484165784364,-0.003562822557106826
2025-04-01,11244.151496949044,11308.599491058443,11058.054912940306,11245.228515625,498244,MARUTI,-0.003562822557106826,-0.0370024084318783,-0.03890473449286258,11418.654541015625,11903.588515625,11760.309155273437,0.9848120437685822,0.9446923086146822,0.9562017772791739,11443.719012443062,11580.000429308611,-136.28141686554955,-143.04801450571892,6.76659764016938,44.971941617164056,0.008493356616320079,350314.3,1.4222770808956415,0.02228007885922556,0.747067065232749,0.9592615307583224,1.0121832987942596,0.020468490368397596
2025-04-02,11245.229261179526,11490.975096534334,11175.639120003452,11475.4013671875,452994,MARUTI,0.020468490368397596,-0.01287408964920811,-0.005052797568804723,11415.740673828124,11897.63439453125,11755.360244140626,1.0052261780522183,0.9645111781601031,0.9761845769811547,11448.593220865281,11572.252350632973,-123.65912976769141,-139.17023755811343,15.511107790422017,52.83920737668275,0.009351137385131885,363619.8,1.2457902457456937,0.02747929823461739,0.9506122659451496,0.959496677682025,1.0121029170893796,-0.0023898776007885703
2025-04-03,11391.5602929462,11560.467631188983,11372.509686986705,11447.9765625,326624,MARUTI,-0.0023898776007885703,-0.003937186174092888,0.006185312168876189,11419.259375,11893.80275390625,11750.282216796875,1.002514802979506,0.9625160934117705,0.9742724771440184,11448.498350347547,11563.046736697197,-114.54838634965017,-134.24586731642077,19.6974809667706,51.93718844913863,0.008833352493279698,367164.7,0.8895844290042043,0.016418442436191758,0.401509368670677,0.9601016269796137,1.01221422042989,-0.017633267614841852
2025-04-04,11361.687110803869,11391.070784366291,11097.234048742052,11246.111328125,355785,MARUTI,-0.017633267614841852,-0.02047015147730069,-0.011650592425115236,11412.63095703125,11883.256953125,11745.57388671875,0.9854091813243415,0.9463829127390495,0.9574765300179572,11417.361885390234,11539.570039765924,-122.20815437569036,-131.8383247282747,9.630170352584344,48.79427798065946,0.009706177423949044,367467.45,0.9682082045634246,0.02612785229054188,0.5066666666666678,0.9603958748051824,1.011722123391683,-0.013259965380394534
2025-04-07,10877.442902225464,11125.147632787848,10832.241595308886,11096.98828125,602353,MARUTI,-0.013259965380394534,-0.01669835648768503,-0.028856508843501327,11396.144189453125,11869.2311328125,11741.666831054688,0.9737493749438527,0.9349374156656505,0.9450948013531073,11368.073638599428,11506.786205801782,-138.71256720235397,-133.21317322309056,-5.499393979263402,42.17533132584683,0.010036217480164722,381819.65,1.577585124285772,0.026395092979765545,0.9038621676076901,0.960141736388339,1.010864241303494,0.011399225366961474
2025-04-08,11293.124269531889,11313.05581051266,11058.103682006951,11223.4853515625,629968,MARUTI,0.011399225366961474,-0.0019335457729727779,-0.017596729484999574,11386.09248046875,11859.26025390625,11738.841499023438,0.985718794293549,0.9463900033617749,0.9560982105854474,11345.829286747594,11485.800957339612,-139.9716705920182,-134.56487269687608,-5.40679789514212,46.96193253311708,0.010437239608830536,400365.3,1.5734830166350582,0.022715949682262943,0.6486773439581052,0.9601014090839564,1.010258146418693,-0.00013077697270713617
2025-04-09,11224.6613436588,11301.647145583232,11190.28282672106,11222.017578125,255114,MARUTI,-0.00013077697270713617,-0.02208060362812403,-0.01110377151307329,11379.7921875,11848.75169921875,11735.756557617187,0.986135545643065,0.9471054726267009,0.9562244686169175,11326.781331574886,11466.26144776816,-139.48011619327372,-135.5479213961556,-3.9321947971181146,44.727832820136456,0.01034607231422076,405426.3,0.6292487685184706,0.0099237341313075,0.2849633682330091,0.9604211883560974,1.009628279271712,0.012363129610752255
2025-04-11,11244.495238821277,11438.819656079551,11244.152811884258,11360.7568359375,231420,MARUTI,0.012363129610752255,-0.007618789756104527,-0.00411267190385578,11377.44638671875,11838.47330078125,11733.453120117187,0.9985331022257568,0.9596471223352572,0.9682364364212022,11332.008332246058,11458.446291336259,-126.43795909020082,-133.72592893496466,7.287969844763836,45.705235030456265,0.010671373358983091,404706.2,0.5718222256046485,0.017135024277564276,0.5989927279874261,0.9610568945548007,1.0089504922028456,0.02206643535023889
2025-04-15,11547.783616650411,11694.701983274465,11440.043481126108,11611.4482421875,458593,MARUTI,0.02206643535023889,0.03248562133195687,0.01846206794827676,11387.970654296874,11836.06580078125,11732.727216796875,1.019624004546087,0.9810226166046724,0.9896631897794617,11374.999087621663,11469.779769177092,-94.7806815554286,-125.93687945905745,31.15619790362885,53.43219399196629,0.011768584011399685,415167.8,1.104596743774445,0.02193167439898793,0.6730769230769166,0.9621415465217505,1.0088077206667205,-0.01611135561844057
2025-04-16,11526.235470116384,11526.235470116384,11376.378737712594,11424.3720703125,470494,MARUTI,-0.01611135561844057,0.02950203972150378,0.013045215446740421,11395.3263671875,11829.48384765625,11730.669814453126,1.0025489136676802,0.9657540614146056,0.9738891513455402,11382.59493111256,11466.416235927863,-83.82130481530294,-117.51376453030656,33.69245971500362,42.75289166941798,0.012101047872252572,425655.7,1.105339362306202,0.013117283950617273,0.32026143790849426,0.9632986962017983,1.0084235627433122,0.0026577636882907374
2025-04-17,11424.372222370672,11487.057392315091,11288.227868897631,11454.7353515625,302146,MARUTI,0.0026577636882907374,0.020604116524979954,0.012229880574011087,11402.246240234375,11817.42380859375,11728.858833007813,1.0046034009634794,0.9693090082148447,0.9766282904971229,11393.693457335627,11465.550985234133,-71.8575278985063,-108.38251720394652,36.524989305440215,45.05795601757665,0.012092740950695588,426984.55,0.7076274773876479,0.017357845233005632,0.8374384236453234,0.9648673369861328,1.0075510309099036,0.004275319747419459
2025-04-21,11454.735219358638,11527.214946270356,11349.93345206737,11503.7080078125,318493,MARUTI,0.004275319747419459,0.02510158514067884,0.01655748697135717,11411.61474609375,11794.47515625,11727.995693359375,1.0080701341368252,0.97534717360582,0.980875872449896,11410.618772793607,11468.37743135105,-57.758658557442686,-98.25774547464576,40.49908691720307,50.31945001732389,0.012117899208939463,442909.2,0.7190932136880426,0.015410813111962704,0.867403314917117,0.9675390040604419,1.0056684419596322,-0.0009366035764453162
2025-04-22,11528.19400020773,11545.824203436594,11376.378361292504,11492.93359375,516753,MARUTI,-0.0009366035764453162,0.011634502852343909,0.010197456404157146,11417.41552734375,11766.933828125,11726.715786132812,1.0066142872899204,0.9767143897996526,0.980064137594324,11423.282591402283,11470.196406343564,-46.91381494128109,-87.98895936797283,41.075144426691736,50.360013560461134,0.012077549681286338,444919.1,1.1614538463284674,0.014743480484063458,0.687861271676305,0.9702965695323414,1.0034296083170828,0.014743519370428393
2025-04-23,11556.598659385629,11725.065052250646,11488.036755312658,11662.3798828125,493839,MARUTI,0.014743519370428393,0.004386329729305638,0.015072223407947227,11426.07392578125,11743.36908203125,11726.6035546875,1.0206812907536036,0.9931034102178844,0.9945232503533108,11460.066790080777,11484.432219415336,-24.36542933455894,-75.26425336129006,50.89882402673112,61.68583071454954,0.012321606433097165,450640.0,1.0958614415054144,0.02032417905433775,0.7355371900826436,0.9729809091382898,1.0014297001911563,-0.0010918353342499465
2025-04-24,11694.701448077813,11792.647021344796,11614.386077998886,11649.646484375,387863,MARUTI,-0.0010918353342499465,0.01971875676632595,0.01373921069965145,11433.968310546876,11720.0031640625,11726.034438476563,1.0188629326206178,0.9939968719545027,0.9934856106297187,11489.232896895272,11496.670313116052,-7.437416220780506,-61.69888593318815,54.261469712407646,62.75486695790799,0.012328463531380715,442004.9,0.8775083715135285,0.015301832856902602,0.19780219780219646,0.975594302363953,0.9994856509721417,-0.016478839637535936
2025-04-25,11657.482809227538,11798.52444294698,11359.728249153168,11457.673828125,906266,MARUTI,-0.016478839637535936,0.0002565294153302755,-0.018809418934762068,11422.9861328125,11693.04853515625,11724.670654296875,1.0030366573949399,0.9798705439113184,0.9772277760250754,11484.377655545999,11493.781684598196,-9.404029052197075,-51.23991455698994,41.83588550479286,49.427089546727565,0.012343052103649945,469366.55,1.930827835941867,0.03829714481107896,0.22321428571428356,0.9769040210915245,0.9973029417991339,0.012651694100347832
2025-04-28,11193.220309070572,11651.60559999156,11057.07595984404,11602.6328125,457303,MARUTI,0.012651694100347832,0.008599384182936154,-0.0019295089534541177,11421.864599609375,11669.47302734375,11723.9615625,1.01582650637417,0.9942722165185067,0.9896512156447118,11502.570756615845,11501.84473110944,0.7260255064047669,-40.846726544311004,41.57275205071577,54.64522002963685,0.012670050481386221,466517.55,0.9802482243165344,0.05124092520682109,0.9176276771004906,0.9787815244823667,0.9953523785568749,-0.00042201493868920803
2025-04-29,11569.33210943438,11694.702453999877,11499.79074643321,11597.736328125,455596,MARUTI,-0.00042201493868920803,0.009118884531969629,0.009093075788093596,11427.0900390625,11648.7134765625,11723.618286132812,1.0149334859950487,0.9956237958346158,0.989262533551036,11517.2116137711,11508.947812369852,8.263801401248202,-31.024620955199165,39.28842235644737,61.97867110952015,0.012388715710266686,465371.5,0.978994201406833,0.016806013005658538,0.5025125628140608,0.9809744279532746,0.9936107771728705,0.03513212522446385
2025-04-30,11582.064557657104,12071.792445930132,11557.578163243452,12005.189453125,967250,MARUTI,0.03513212522446385,0.02939447812171836,0.04564511797932047,11453.292919921874,11639.558515625,11721.411220703125,1.048186712508082,1.0314127839994254,1.0242102445753842,11592.285127517855,11545.70645242579,46.57867509206517,-15.503961745746297,62.082636837811464,76.30876485458293,0.014592328198085343,481444.65,2.0090575313278483,0.04283266704740159,0.8704761904761902,0.9839971940986351,0.9930168216491243,0.01207469360987612
2025-05-02,12005.188988185208,12465.533185333536,11998.332798014912,12150.1484375,707908,MARUTI,0.01207469360987612,0.04296284473492773,0.07662192882540908,11496.528515625,11634.65046875,11720.19529296875,1.0568536772632418,1.0443071298217852,1.0366848106011672,11678.110252130491,11590.479932801656,87.63031932883496,5.122894469169955,82.50742485966501,76.55948673653262,0.013997518055431904,489750.3,1.4454467919672536,0.0384522370012094,0.3249475890985346,0.9881283968524892,0.9927010751885619,0.004272549396580061
2025-05-05,12233.40313296426,12233.40313296426,12108.03278860722,12202.060546875,270014,MARUTI,0.004272549396580061,0.06496839846520719,0.08508782457559683,11544.3701171875,11630.47212890625,11719.518374023437,1.0569706638830227,1.0491457622385019,1.0411742323746962,11758.717989783492,11635.782200510792,122.93578927270028,28.68547342987602,94.25031584282425,77.30001936858416,0.013890108449430201,478338.8,0.5644827473748733,0.010274522395248158,0.75,0.9925968601476844,0.9924018852758865,0.009873140342747666
2025-05-06,12182.471026187804,12340.163407214995,12116.847488741703,12322.533203125,414921,MARUTI,0.009873140342747666,0.0620462960656154,0.07382154304073141,11586.726708984375,11628.52791015625,11720.184633789062,1.0635042590216681,1.0596812681992716,1.0513941194748229,11845.458791836032,11686.65264514888,158.80614668715134,54.70960808133108,104.09653860582026,77.06663412709014,0.013430727551409012,476435.15,0.870886625388576,0.018122565773785796,0.9210526315789531,0.9964052886577873,0.9921795836416631,0.00413321187984983
2025-05-07,12101.176137459926,12408.725251758788,12101.176137459926,12373.46484375,303619,MARUTI,0.00413321187984983,0.0668862003478925,0.08084295737306202,11633.001123046875,11625.98328125,11720.710400390624,1.0636519942593443,1.064294051042161,1.055692395858328,11926.690492130489,11737.527622823038,189.16286930745082,81.60026032655503,107.56260898089579,74.16150545372125,0.01335525587559026,475284.9,0.6388147403799279,0.024855537085411314,0.8853503184713344,1.0006036342584625,0.9919179711890616,-0.019077019339836077
2025-05-08,12301.9645865276,12338.204450357338,12076.689757315708,12137.416015625,485326,MARUTI,-0.019077019339836077,0.01101411710463096,0.07925447841432698,11677.566357421874,11618.26125,11720.077270507812,1.0393788948937002,1.0446843769867027,1.0356088731741873,11959.109803437335,11767.148985252812,191.9608181845233,103.6723718981487,88.28844628637461,71.92772973067126,0.013481526851378553,481761.95,1.0073979483020608,0.02154615881213692,0.2322097378277154,1.0051044735649988,0.9913126835124184,-0.011458949011136643
2025-05-09,11885.696563297191,12106.074126275513,11866.10744658801,11998.333984375,278112,MARUTI,-0.011458949011136643,-0.012494864067375766,0.08122435387698457,11722.633642578125,11609.7174609375,11718.726899414063,1.0235186349930356,1.0334733833743202,1.0238598516170658,11965.144292812362,11784.273800002604,180.8704928097577,119.1119960804705,61.7584967292872,65.66915037058513,0.013366348699186785,465549.9,0.5973838679806397,0.02000000000000022,0.5510204081632596,1.0097260059963171,0.9906978429131228,0.029877520430489524
2025-05-12,12170.717849915283,12370.526834414137,12170.717849915283,12356.814453125,185165,MARUTI,0.029877520430489524,0.012682604356494043,0.10097835619349049,11779.30009765625,11613.152421875,11719.749892578126,1.049027900697059,1.064036189678283,1.0543582044315054,12025.401240552766,11826.68421875241,198.71702180035572,135.03300122444756,63.684020575908164,70.86730674509275,0.014495862888713533,443309.75,0.4176876326315855,0.01616994292961342,0.9313725490196088,1.014306853965706,0.9909044585694929,-0.01062151150467483
2025-05-13,12341.142182242427,12439.087755117367,12174.634708355032,12225.56640625,378269,MARUTI,-0.01062151150467483,-0.007869063550212996,0.08942677385225362,11829.4775390625,11616.25826171875,11719.549267578124,1.0334832088635835,1.0524530473413471,1.0431771843027924,12056.195881429265,11856.231047455936,199.9648339733285,148.01936777422375,51.94546619910474,66.92308664020507,0.01487316660826563,449467.5,0.8415936636130532,0.02163114885435007,0.1925925925925924,1.0183552459440757,0.9911864352885034,0.015061690329403854
2025-05-14,12228.504791476544,12456.717976611828,12156.02506744216,12409.7041015625,306050,MARUTI,0.015061690329403854,0.002928788198788501,0.09233075584426409,11881.92490234375,11622.62080078125,11720.328520507812,1.044418661416943,1.0677199501104213,1.05881879333403,12110.581761449763,11897.22905146383,213.35270998593296,161.08603621656562,52.266673769367344,67.14607073880059,0.014961226195459755,453199.0,0.6753104044801511,0.02423046566692975,0.8436482084690594,1.0223102952429688,0.99166339752716,0.022257342237130606
2025-05-15,12341.142701778685,12755.452492481252,12290.211001739595,12685.9111328125,561496,MARUTI,0.022257342237130606,0.04519043563155445,0.0925347870665425,11935.648046875,11631.938359375,11723.17673828125,1.0628590155298634,1.0906102440431202,1.0821223134329712,12199.093972428645,11955.649946378548,243.44402605009782,177.55763418327206,65.88639186682576,71.2109321748294,0.014973058894985134,458344.15,1.2250532705609964,0.03667387276096357,0.8505263157894752,1.0261099808232064,0.9922172649152071,0.003319920066960247
2025-05-16,12683.951835441516,12817.157816107156,12646.732517314353,12728.02734375,425275,MARUTI,0.003319920066960247,0.06081622334611225,0.1141117660921771,12000.830810546875,11643.97390625,11726.129047851562,1.0605955158174576,1.0930999542104887,1.0854415205401482,12280.468337247316,12012.86308692458,267.6052503227347,195.5671574111646,72.03809291157012,77.7018434078641,0.014171440085770703,456083.2,0.9324504827189425,0.013389765294343828,0.47701149425287315,1.0306473466163755,0.992993839547023,-0.0004617332259178042
2025-05-19,12723.129846348353,12777.97936685609,12664.362502947206,12722.150390625,244277,MARUTI,-0.0004617332259178042,0.029565543683275797,0.11064551036437664,12064.2015625,11664.40830078125,11728.302426757813,1.0545372874215022,1.0906811612358345,1.084739285167114,12348.419422382343,12065.402887198685,283.01653518365856,213.0570329656634,69.95950221799515,75.98908916470265,0.01422158846004544,453189.75,0.539017045288425,0.008930633613057216,0.5086206896551662,1.034274628546051,0.9945521420192243,-0.02702279688430964
2025-05-20,12737.822580508066,12742.7198594702,12350.937542499554,12378.3623046875,361111,MARUTI,-0.02702279688430964,0.012498062941230126,0.07603237984491584,12107.93427734375,11681.30197265625,11728.330668945313,1.0223347782659982,1.059673171163877,1.0554240542913207,12353.02601966006,12088.58506627193,264.44095338812986,223.3338170501567,41.107136337973145,65.65815448853084,0.015962243624734244,455320.65,0.7930916377282691,0.03165057762304179,0.07000000000000149,1.0365226672237535,0.9959901628273846,-0.0018199758383198317
2025-05-21,12414.60132793921,12544.86893950654,12335.265414127529,12355.833984375,209104,MARUTI,-0.0018199758383198317,-0.004340967096928328,0.07508095157656314,12151.079296875,11700.8666015625,11727.653901367188,1.0168507407858542,1.0559759721322723,1.053564002509878,12353.45801423159,12108.381282427712,245.07673180387792,227.68240000090097,17.39433180297695,58.31782784834523,0.01597722976003818,439938.2,0.47530312212033415,0.016963931827189648,0.09813084112148648,1.0384768676238372,0.997715885885619,-0.013475969015775191
2025-05-22,12351.916807468488,12351.916807468488,12140.354359572746,12189.3271484375,434848,MARUTI,-0.013475969015775191,-0.03914452648896227,0.0451835106487648,12177.42666015625,11717.07955078125,11724.96982421875,1.0009772580540508,1.0403042068298292,1.0396041381069987,12328.20711180173,12114.377272502512,213.8298392992183,224.91188786056446,-11.08204856134617,50.919974445536475,0.016199518348956717,436988.65,0.9951013601840688,0.01735636801928488,0.23148148148147663,1.0392885537202234,0.9993270538384499,0.0006428523416079912
2025-05-23,12194.224718535444,12238.300229566295,12167.779411916934,12197.1630859375,169465,MARUTI,0.0006428523416079912,-0.04170829017531741,0.046998559337989576,12204.802490234375,11732.48833984375,11721.144809570313,0.9993740657169186,1.0396058135865096,1.040611926915067,12308.046492438003,12120.509554979177,187.5369374588263,217.43689778021684,-29.89996032139055,49.88256957898794,0.01618483561585641,426068.75,0.397740974901351,0.005781739339918089,0.4166666666666495,1.04025694607227,1.0009677834765915,-0.0025696773271512985
2025-05-26,12199.121809209202,12281.396095196642,12136.436638933055,12165.8203125,214703,MARUTI,-0.0025696773271512985,-0.04372924867599126,0.06180543232403091,12240.209814453125,11747.31435546875,11719.6491796875,0.9939225304892008,1.0356256710570124,1.038070348862132,12286.16554167831,12123.865907388126,162.29963429018426,206.40944508221034,-44.10981079202608,46.07458374061538,0.015618824839795136,391490.6,0.5484244066141052,0.011915304725867545,0.20270270270271287,1.0419581398836846,1.0023605805393219,-0.0005635826550434153
2025-05-27,12165.820057542767,12222.628491915,12037.51135232273,12158.9638671875,344679,MARUTI,-0.0005635826550434153,-0.01772435093590019,0.047948690928850235,12268.0263671875,11763.5331640625,11720.693037109375,0.9911100207371821,1.0336149605403449,1.0373929108705857,12266.596053295109,12126.465756262154,140.13029703295433,193.15361547235915,-53.02331843940482,44.50576690738179,0.015473144854770462,385859.4,0.8932761518833026,0.015224746254229126,0.6560846560846564,1.042886197206994,1.0036550847989525,-0.006686007357451285
2025-05-28,12158.963773182171,12159.94322893964,12052.203095618386,12077.6689453125,178181,MARUTI,-0.006686007357451285,-0.022512850157606734,0.04138157685337629,12292.022998046876,11776.9330859375,11721.672006835937,0.9825615317536881,1.0255360081593823,1.030370832614063,12237.530344374707,12122.851177673292,114.67916670141494,177.4587257181703,-62.77955901675537,48.337867582536106,0.015597397556736826,371988.65,0.47899579731800956,0.008920606601248996,0.23636363636362745,1.0437371859337836,1.0047144365641127,0.00494690412388632
2025-05-29,12086.48431510753,12172.676423675555,12014.004587448051,12137.416015625,191097,MARUTI,0.00494690412388632,-0.00425873653076525,0.01101411710463096,12298.634326171876,11791.6621484375,11721.772397460938,0.9868913648238327,1.0293218939649926,1.0354591101132535,12222.128139951676,12123.930054558603,98.19808539307269,161.6065976531508,-63.40851226007811,54.04786726678861,0.013565442750613462,333181.0,0.5735531137729942,0.013072950290509885,0.7777777777777855,1.042994123419789,1.0059623876498147,-0.005890874952951708
2025-05-30,12137.416289116403,12233.402957639117,11999.313021139857,12065.916015625,351353,MARUTI,-0.005890874952951708,-0.010760458754857427,-0.006932624922920794,12294.422705078125,11807.4353125,11722.262861328125,0.9814137926656172,1.0218913503469595,1.029316281196064,12198.095505439878,12119.6327183413,78.4627870985787,144.9778355422364,-66.51504844365769,39.8357366600015,0.013361355411910915,315353.25,1.11415690182359,0.019400925399789017,0.2845188284518755,1.0412441296258954,1.0072658711188656,-0.002354174635453843
2025-06-02,11911.160954901725,12065.914957933914,11882.75673915531,12037.5107421875,264972,MARUTI,-0.002354174635453843,-0.010546725746118923,-0.013485411259464897,12286.19521484375,11821.85876953125,11722.58509765625,0.9797590329383828,1.018241799099483,1.0268648631601074,12173.390157247206,12113.549608996573,59.84054825063322,127.95037808391577,-68.10982983328255,42.92035625972873,0.013325074729561357,315101.15,0.8409109265389859,0.015215622457282241,0.8449197860962616,1.0392777865448066,1.0084685818911094,-0.013181371284796572
2025-06-03,12020.86093357056,12096.279029544236,11812.236849903118,11878.83984375,369114,MARUTI,-0.013181371284796572,-0.02303847815466009,-0.036006667789905356,12264.010546875,11833.10880859375,11721.87376953125,0.9685934139038109,1.0038646678481515,1.013390868841017,12128.074724401482,12096.163700459789,31.911023941693202,108.74250725547125,-76.83148331377805,29.624098816964164,0.013369009210610534,312810.8,1.1799912279243556,0.02391160949868054,0.23448275862068674,1.0364149223379329,1.009489527122501,0.0028858267211622213
2025-06-04,11878.83916642687,11993.43548754098,11878.83916642687,11913.1201171875,205846,MARUTI,0.0028858267211622213,-0.013624220772242901,-0.03720418915604118,12240.993310546875,11843.8328515625,11721.808876953124,0.9732151480650775,1.0058500712137168,1.016320965666871,12095.0047848301,12082.604916513694,12.399868316406355,89.47397946765828,-77.07411115125193,13.573367163563518,0.013343016322918656,307922.15,0.6685001387526035,0.009619337334539187,0.29914529914529103,1.0335331023294525,1.0104099952396677,-0.0030419619256769614
2025-06-05,11949.360587528863,12005.189567323056,11769.140722930068,11876.880859375,319783,MARUTI,-0.0030419619256769614,-0.021465454913517146,-0.021465454913517146,12227.966552734375,11851.58623046875,11721.41880859375,0.9712883011377826,1.0021342821470784,1.013263074489521,12061.447257837008,12067.366097466382,-5.918839629373906,70.39541564825186,-76.31425527762576,9.656449328358903,0.012717960231658703,299645.0,1.067206193996229,0.019874649513442175,0.45643153526971014,1.0317578014407898,1.0111050909450967,0.027709015825289507
2025-06-06,11889.613332264458,12277.477808710357,11851.41455806903,12205.9775390625,456129,MARUTI,0.027709015825289507,0.01160803069208538,0.017306032233967317,12238.34873046875,11865.87060546875,11722.636762695312,0.9973549379806723,1.028662619448842,1.041231404346274,12083.682685717853,12077.633611658686,6.049074059166742,57.52614733043483,-51.47707327126809,31.27220236867784,0.013977252821098145,308545.85,1.4783183763450394,0.03490611458834882,0.8321839080459726,1.0313907118478378,1.012218568712224,0.014042732168640715
2025-06-09,12248.094648279854,12399.910295659573,12209.895872487536,12377.3828125,323443,MARUTI,0.014042732168640715,0.0282344147051401,0.0016645357468969557,12239.3771484375,11879.8719140625,11725.022719726563,1.0112755463279535,1.0418784732728124,1.0556382796321482,12128.867320607415,12099.83725616545,29.030064441963987,51.826930752740665,-22.79686631077668,49.95938110245276,0.012636637650964313,315459.75,1.0253067150405084,0.01535174487615751,0.8814432989690663,1.0302617096358964,1.0132067287234687,-0.009258476114132108
2025-06-10,12399.910926891973,12482.185217402155,12204.99921484999,12262.787109375,325292,MARUTI,-0.009258476114132108,0.032321949843192144,0.0030444972353977917,12241.23818359375,11892.62638671875,11726.516635742188,1.0017603550766727,1.0311252292487412,1.0457314384391245,12149.470365033198,12111.907615662454,37.562749370743404,48.974094476341214,-11.41134510559781,46.41514488413182,0.01257898122202114,312810.9,1.0398998244626385,0.022603833865814615,0.20848056537102705,1.0293132724041778,1.0141653106490518,-0.005431352190244043
2025-06-11,12213.813798109742,12301.96481990845,12171.697198805916,12196.18359375,306061,MARUTI,-0.005431352190244043,0.023760649920260057,-0.01720593062211817,12230.562158203125,11906.6855078125,11727.648154296876,0.9971891263861434,1.0243139105125054,1.0399513554029551,12156.657015605013,12118.150280705977,38.50673489903602,46.88062256088018,-8.373887661844158,50.28619225303943,0.012133760265417933,312811.45,0.9784200674240026,0.010681015097976223,0.18796992481202157,1.0272012433836533,1.0152662623537207,-0.004979144667117019
2025-06-12,12203.03947960805,12233.402608580507,12054.162202065678,12135.45703125,347339,MARUTI,-0.004979144667117019,0.021771387196402925,-0.04339097884256282,12203.039453125,11919.77201171875,11728.204731445312,0.9944618369763859,1.0180947269225622,1.0347241806508352,12153.395479550396,12119.432262227756,33.96321732264005,44.297141513232155,-10.333924190592107,47.53326675947447,0.010872937347629877,302103.6,1.1497347267626075,0.014769975786924846,0.45355191256830996,1.0237645016303802,1.0163338963345185,0.0014528385152365875
2025-06-13,11949.361078789892,12169.738639669216,11925.854138962766,12153.087890625,385493,MARUTI,0.0014528385152365875,-0.0043330940326768985,-0.045171135918978034,12174.29248046875,11937.1250390625,11728.722377929687,0.9982582486926638,1.0180916971930674,1.0361817339537216,12153.34815817726,12121.925271738663,31.422886438596834,41.72229049830509,-10.299404059708259,49.48537271204397,0.01083135127630924,300114.5,1.284486421015979,0.020067698259187677,0.9317269076305185,1.0198680537089253,1.0177685731162815,0.00983232945716428
2025-06-16,12149.16962508729,12308.82091893518,12082.566631334796,12272.5810546875,184242,MARUTI,0.00983232945716428,-0.00846719855078415,-0.03533752723665251,12151.814013671876,11957.67208984375,11730.123979492188,1.0099381903705693,1.0263353069458407,1.046244786171373,12171.691680717297,12133.084959364502,38.60672135279492,41.09917666920306,-2.49245531640814,54.20901220043383,0.011160527817420721,297112.75,0.620108022964346,0.018435754189944167,0.8398268398268423,1.016235762476964,1.0193986108543598,0.005187583506583104
2025-06-17,12271.60200941594,12355.835210214867,12213.81411584458,12336.24609375,226597,MARUTI,0.005187583506583104,0.005990398733974667,-0.0034024057384030026,12149.708203125,11974.888984375,11730.604404296875,1.015353281536179,1.0301762387815456,1.051629197318365,12197.00774426079,12148.133932281948,48.87381197884315,42.65410373113108,6.21970824771207,59.705915343442115,0.009523839329196301,290387.05,0.7803274973866776,0.011512504962286778,0.8620689655172405,1.0145988174903422,1.0208245518865715,0.012147653684407622
2025-06-18,12360.732196655848,12615.39070466936,12292.170290652211,12486.1025390625,467738,MARUTI,0.012147653684407622,0.023771284113915048,0.010543080689837447,12156.221630859374,11995.65150390625,11732.516791992188,1.0271367961378477,1.0408857355514654,1.0642305278936108,12241.483866537976,12173.168643895322,68.31522264265368,47.78632751343561,20.52889512921807,62.25896981461936,0.009897980806758438,303318.75,1.542067544456121,0.025886413555067392,0.5999999999999978,1.0133856945494653,1.0224278146436288,0.004549745893266177
2025-06-19,12488.06160732152,12561.520793246938,12452.801198077315,12542.9111328125,339117,MARUTI,0.004549745893266177,0.033575505274606954,0.02900767040454122,12173.900830078124,12021.5875,11734.241616210937,1.0303115909916614,1.043365623118619,1.068915362666845,12287.857292118673,12200.556976407706,87.30031571096697,55.689125152941884,31.611190558025086,66.94503478560728,0.009357535579515323,298532.2,1.1359478140046535,0.008667811963142312,0.8288288288288433,1.0126699847318938,1.0244878103917763,-0.0011713694418247211
2025-06-20,12545.848953854273,12625.1848711985,12466.513036510043,12528.21875,652128,MARUTI,-0.0011713694418247211,0.03086712305144923,0.027142021610269795,12190.45361328125,12050.212109375,11736.1417578125,1.027707347686452,1.0396679026299558,1.0674904077108842,12324.83597794657,12224.828218896026,100.00775905054434,64.55285193246237,35.45490711808196,67.60368970337336,0.009374774305531231,322665.35,2.021066098358563,0.012665155187241381,0.38888888888889717,1.0116380942205279,1.0267609541571385,-0.007192512902123416
2025-06-23,12508.630193568391,12523.32203077014,12405.787333156157,12438.109375,192037,MARUTI,-0.007192512902123416,0.013487653458950088,0.02238147987606154,12204.06806640625,12074.50458984375,11737.471860351563,1.0191773191791669,1.0301134330150563,1.0596923701274332,12342.262654416329,12240.626823051874,101.63583136445413,71.96944781886073,29.666383545593405,71.10127574782169,0.009532971266941113,321532.05,0.5972561677754986,0.009449562957712989,0.2749999999999826,1.010730334780897,1.0287142523962645,-0.006929701308604264
2025-06-24,12566.41781062292,12590.904205421482,12295.108556254832,12351.9169921875,332717,MARUTI,-0.006929701308604264,0.0012703133772145048,0.015869207862415635,12213.71572265625,12097.102578125,11738.519389648438,1.0113152518586042,1.0210640864138225,1.0522551083469678,12343.747937150354,12248.870539284144,94.87739786621023,76.55103782833064,18.326360037879596,65.9317413694558,0.00969805877750352,320933.95,1.036714875443997,0.023947347553722933,0.19205298013244948,1.0096397582626206,1.0305475653763265,0.01237013833331635
2025-06-25,12423.417084512315,12543.890145171024,12357.793547405545,12504.7119140625,316536,MARUTI,0.01237013833331635,0.001490407029878238,0.035358062113115096,12235.06787109375,12119.9816796875,11740.628896484375,1.0220386225732188,1.0317434666604974,1.0650802460681577,12368.51162590607,12267.82175223069,100.68987367538102,81.37880499774072,19.311068677640307,71.01637835162558,0.009855402790824211,327851.7,0.9654853093639594,0.014882117960366589,0.7894736842105134,1.009495574700342,1.0323111126795532,-0.004072995921459266
2025-06-26,12517.444899294633,12584.047892499017,12428.314423094647,12453.7802734375,354735,MARUTI,-0.004072995921459266,-0.007106074373901317,0.026065206746249014,12250.886083984375,12136.8283203125,11742.668125,1.0165615930196568,1.026114891367009,1.060557970375025,12381.629879372444,12281.596457505268,100.033421867176,85.10972837162778,14.923693495548221,60.193399417359345,0.009909313273643217,336033.6,1.055653363235105,0.012504915454187925,0.16352201257861554,1.0093976581576083,1.033566493672195,-0.00574130705638054
2025-06-27,12488.060515358033,12536.053845966077,12361.71072661441,12382.279296875,346403,MARUTI,-0.00574130705638054,-0.011648858950918273,0.0262195825696383,12266.704248046875,12155.98646484375,11744.900541992187,1.0094218501148364,1.0186157522209909,1.0542685527735172,12381.729789757454,12289.05444560673,92.67534415072441,86.62285152744711,6.052492623277303,50.2194548905089,0.009903628855609537,335786.1,1.0316180449399186,0.014080050624901218,0.11797752808988682,1.0091080870749018,1.035001226394535,-0.019142543519618416
2025-06-30,12406.76565484816,12414.601300639491,12078.64798733619,12145.2509765625,448956,MARUTI,-0.019142543519618416,-0.023545250295525677,0.008950374930707827,12272.091259765624,12169.79677734375,11746.145673828125,0.989664330184785,0.997983055820049,1.0339775543243628,12345.348433881307,12278.402336788638,66.94609709266842,82.68750064049138,-15.741403547822955,45.25311438323262,0.010895170511563515,344985.3,1.3013771891150145,0.027661290322580686,0.19825072886297337,1.008405603174271,1.0360672441224335,0.0033871424634934755
2025-07-01,12194.224318023127,12203.03941993977,12066.89506811606,12186.388671875,283481,MARUTI,0.0033871424634934755,-0.013401022725233247,0.025890476862251433,12287.468701171874,12183.450390625,11747.020327148437,0.9917737304765436,1.0002411698784657,1.0374025354932894,12320.893085880338,12271.586509757997,49.30657612234063,76.01131573686123,-26.704739614520605,49.596108466822905,0.010419520537828504,340703.65,0.8320456795810669,0.011171837325188724,0.8776978417266166,1.0085376725978148,1.037152405573687,0.014467104452313029
2025-07-02,12125.66213908503,12383.259000359616,12105.093568412914,12362.6904296875,609735,MARUTI,0.014467104452313029,-0.011357437528431658,0.03773741119686935,12309.947216796874,12200.84552734375,11748.878354492188,1.0042846010597557,1.013265056260325,1.052244312748427,12327.323446466056,12278.334948271293,48.98849819476345,70.60675222844168,-21.618254033678227,58.554549605556986,0.01082447070807554,360898.1,1.689493516313885,0.02250039613373486,0.9260563380281662,1.0089421416908044,1.038468963522697,0.010299465337798575
2025-07-03,12370.525931594064,12556.622521222162,12331.347702198676,12490.01953125,606221,MARUTI,0.010299465337798575,0.002909900208356353,0.051624553545219776,12340.604150390625,12217.3983203125,11750.598032226562,1.0121076228552914,1.0223141788284207,1.0629262865596747,12352.353613355894,12294.015287751197,58.338325604696365,68.15306690369262,-9.814741298996253,61.71657554250009,0.01091400788371171,375220.0,1.6156414903256755,0.018036386449184334,0.7043478260869531,1.0100844571690262,1.0397256622008273,-0.00831234000897596
2025-07-04,12453.780693453587,12486.102735363454,12348.97892120038,12386.1982421875,225607,MARUTI,-0.00831234000897596,0.0003164962781521119,0.014764954510873451,12349.615185546874,12232.12935546875,11752.213891601563,1.0029622831230758,1.012595426539523,1.0539459506467117,12357.560479329988,12300.843654746479,56.71682458350915,65.86581843965592,-9.148993856146774,53.99450114056013,0.009417869952801418,363693.9,0.6203210996940008,0.011070694290684755,0.2714285714285711,1.0096046916006163,1.0408361750640147,-0.009963600646416326
2025-07-07,12387.178000979682,12409.705485286042,12214.79377324406,12262.787109375,220116,MARUTI,-0.009963600646416326,0.009677538408989328,-0.009258476114132108,12343.885400390625,12248.23162109375,11753.345166015624,0.9934300839334543,1.0011883746757517,1.0433444211978398,12342.979960875375,12298.02465138563,44.95530948974556,61.683716649673855,-16.728407159928295,47.521486251566735,0.009164321037501515,358527.55,0.6139444514096616,0.015894568690095735,0.2462311557788911,1.0078095991532476,1.0421060088075242,-0.00846652895964628
2025-07-08,12267.68345710677,12297.067130057923,12105.093800110384,12158.9638671875,241050,MARUTI,-0.00846652895964628,-0.0022504455935165035,-0.00846652895964628,12338.69423828125,12259.3582421875,11754.169130859374,0.9854335987566553,0.9918107968609223,1.0344383964380246,12314.669792615701,12287.723852556137,26.945940059564236,54.736161331651935,-27.7902212720877,38.60844809105897,0.009125774535302809,354315.45,0.6803259637704198,0.015788625745126485,0.28061224489796066,1.0064714640461958,1.0429795679902039,0.004511043043973428
2025-07-09,12179.53252454328,12282.375380600944,12174.63524568339,12213.8134765625,174203,MARUTI,0.004511043043973428,-0.012042439626854251,0.0014455245509370496,12339.575732421876,12271.67978515625,11755.471318359376,0.9898082188086144,0.995284564981581,1.0389896879325713,12299.153436299823,12282.249009889943,16.904426409879306,47.16981434729742,-30.26538793741811,38.524576766384854,0.009107220395420525,347722.55,0.5009827519095325,0.008821170809944044,0.363636363636356,1.005532734593332,1.0439121880201157,0.014434620125058473
2025-07-10,12243.196871912056,12409.70434937006,12146.230752686512,12390.115234375,277325,MARUTI,0.014434620125058473,-0.007998730236172924,0.02098464050173221,12352.308642578126,12279.37830078125,11756.933154296876,1.0030606903446824,1.009018122162317,1.0538560585288954,12313.147559080619,12290.23910059254,22.908458488078395,42.317543175453615,-19.40908468737522,45.67218296195556,0.009559438357425612,344221.85,0.8056577465956912,0.02126482213438746,0.9256505576208144,1.005939253601482,1.0444371963017782,-0.006007892191024933
2025-07-11,12380.32083813822,12424.396347451211,12263.76560239942,12315.6767578125,194420,MARUTI,-0.006007892191024933,-0.005693553663205786,0.013378399683336761,12360.4380859375,12282.6888671875,11756.734814453124,0.9963786616773782,1.0026857222373453,1.047542277016595,12313.536666577831,12292.123371497722,21.413295080108583,38.136693556384614,-16.72339847627603,46.12521240540271,0.009688912123608628,334668.2,0.5809335933321421,0.013042786702719677,0.3231707317073224,1.0063299835720583,1.0447364052209287,-0.004771690806615325
2025-07-14,12331.348798720432,12356.814650091896,12175.615323025711,12256.91015625,246737,MARUTI,-0.004771690806615325,-0.000479251011420323,-0.0012769032339382536,12359.654541015625,12283.785859375,11755.906689453124,0.9916871151677689,0.9978120993452121,1.0426171693967556,12304.824895758165,12289.514985183077,15.309910575087997,33.571336960125294,-18.261426385037296,46.94007341030827,0.009513904279488079,337792.95,0.7304385719121728,0.01478344254435019,0.44864864864865167,1.0061763272747646,1.0449033140417374,0.00175801660351671
2025-07-15,12224.587938378096,12339.184267902192,12224.587938378096,12278.4580078125,147377,MARUTI,0.00175801660351671,0.00982765817303477,-0.004684414164433548,12356.76513671875,12282.90435546875,11754.914501953124,0.9936628132007174,0.999638005187733,1.0445382657417361,12300.76845145883,12288.695949822295,12.07250163653589,29.271569895407413,-17.199068258871524,42.039980814925876,0.009445748891657528,333831.95,0.4414706261638528,0.009333120612635665,0.47008547008547047,1.0060132993885207,1.0449165201012647,0.002233570752129488
2025-07-16,12278.4580497851,12312.739003178724,12183.450836094198,12305.8828125,204480,MARUTI,0.002233570752129488,0.007538131813964233,-0.01443362538459747,12347.754150390625,12281.55271484375,11753.830737304688,0.9966089916125112,1.0019810278245065,1.046967842870426,12301.555276234396,12289.969050761385,11.586225473010927,25.734501010928117,-14.14827553791719,44.70919008654811,0.009014361847483401,320669.05,0.6376667782562739,0.010506208213944457,0.9469696969697067,1.0053903148147434,1.0448978711139816,-0.007004160865642928
2025-07-17,12310.779818110146,12367.588253900614,12206.95750442412,12219.6904296875,189207,MARUTI,-0.007004160865642928,-0.013754900698152883,-0.025769193427469084,12331.593115234375,12283.198203125,11749.384985351562,0.9909255288833175,0.99482970376385,1.0400280903998198,12288.96068445795,12284.763226978133,4.197457479816876,21.42709230470587,-17.229634824888993,44.24412852086504,0.009031229585980672,313173.55,0.6041602172341821,0.013145238858608549,0.07926829268292752,1.0039399276401044,1.0454332902053143,-0.004568781990324733
2025-07-18,12267.68364077346,12269.642552332867,12115.86799491958,12163.861328125,124068,MARUTI,-0.004568781990324733,-0.012327006682048114,-0.029082939015173226,12313.375244140625,12286.50875,11744.112578125,0.9878576009379092,0.9900177158238705,1.0357412062603895,12269.714629637496,12275.80753076679,-6.09290112929375,15.923093617905947,-22.0159947471997,50.755796475514444,0.009061261840157386,286770.55,0.4326385676632416,0.012641919639262393,0.31210191082802297,1.0021866662603096,1.0461845174138817,-0.0011273468395511799
2025-07-21,12175.61428670395,12221.648706418784,12088.442725967352,12150.1484375,232066,MARUTI,-0.0011273468395511799,-0.008710328899291131,-0.023151503883603652,12298.977197265625,12282.3754296875,11740.03314453125,0.9878990945849778,0.9892344121099005,1.034933060913869,12251.319830847111,12266.499449784065,-15.179618936954284,9.702551106933901,-24.882170043888188,48.49469431464175,0.008959373502899931,288772.0,0.8036305458978017,0.010963321241434995,0.46323529411764164,1.0013516740041994,1.0461959756398886,0.007013401328044511
2025-07-22,12193.245703734765,12272.581626459683,12065.916445040451,12235.3623046875,169006,MARUTI,0.007013401328044511,-0.0035098628099374807,-0.009436161817936495,12293.149462890626,12282.57134765625,11736.7323828125,0.9952992389478735,0.9961564202126325,1.0424845609162225,12248.864826822555,12264.192994591727,-15.328167769172069,4.696407331712708,-20.024575100884775,44.27822139681191,0.009026748772939432,280586.45,0.6023312957557287,0.016890810118475708,0.8199052132701452,1.0008612296997887,1.046506893660035,0.010806838624373372
2025-07-23,12282.375239442266,12457.697820611338,12282.375239442266,12367.587890625,342005,MARUTI,0.010806838624373372,0.005014274803780916,-0.010965788286837141,12286.29326171875,12281.7290234375,11736.632724609375,1.0066166928604532,1.0069907801274278,1.0537594709505256,12267.129913561394,12271.851875779377,-4.721962217983673,2.812733421773432,-7.534695639757105,44.522361453363395,0.008916118210085453,281859.9,1.213386508687472,0.014175972123227968,0.4860335195530753,1.0003716283165458,1.0464440109542805,-0.005543645538955255
2025-07-24,12388.156844165604,12400.889769448191,12261.80704713071,12299.0263671875,157163,MARUTI,-0.005543645538955255,0.006492467051968376,-0.012426259565545106,12278.55556640625,12273.991328125,11736.393984375,1.00166719942509,1.0020396819904163,1.047939118570964,12272.037060273102,12273.864801068867,-1.8277407957648393,1.8846385782657775,-3.7123793740306166,45.97283704210331,0.008953007796205037,271981.3,0.5778448738939037,0.011308433543043695,0.267605633802816,1.0003718625962195,1.0458060068932347,-0.012184415321874642
2025-07-25,12287.273191706054,12299.026661478909,12103.135498597983,12149.169921875,260700,MARUTI,-0.012184415321874642,-0.0012077913298823573,-0.018826047241466415,12266.90009765625,12262.4141796875,11735.789174804688,0.9904026139575602,0.9907649296335067,1.0352239411353596,12253.13442359647,12264.628143350803,-11.493719754333142,-0.7910330882540064,-10.702686666079135,44.87631170542403,0.009258933043930957,267696.15,0.9738653320191567,0.01612383102225089,0.23499999999999582,1.0003658266555848,1.044873420699599,-0.005159656773104482
2025-07-28,12116.847504305106,12277.478252886953,12049.265055206644,12086.484375,292879,MARUTI,-0.005159656773104482,-0.0052397765202200075,-0.0048386485940805635,12263.961767578125,12249.700859375,11734.849140625,0.9855285432275795,0.9866758799868908,1.0299650408932546,12227.49595458163,12251.43230865815,-23.93635407652073,-5.420097285907351,-18.516256790613376,46.60551448964489,0.008286518338517679,259892.3,1.1269244991098237,0.01888168557536471,0.16309012875536769,1.001164184200646,1.043873739881975,0.010453793299592062
2025-07-29,12086.484190166611,12250.053303599176,12015.963374794492,12212.833984375,285115,MARUTI,0.010453793299592062,-0.001841246687388165,0.002170069674622521,12265.284033203125,12246.39029296875,11733.420600585938,0.9957236988001144,0.9972599020780012,1.0408587913199943,12225.24026685753,12248.573173526065,-23.332906668534633,-9.002659162432808,-14.330247506101825,49.95700611687649,0.008592961335272322,259974.0,1.0967058244285968,0.01916753548801013,0.8410041841004183,1.001542800758622,1.0437186827136493,0.01194967960030513
2025-07-30,12175.615200631042,12383.259832803336,12164.841186697577,12358.7734375,203847,MARUTI,0.01194967960030513,-0.0007127059215549236,-0.00031683978578755934,12265.08818359375,12246.44908203125,11731.823603515624,1.0076383677397092,1.0091719938339971,1.053440100633332,12245.783831571756,12256.736156042654,-10.95232447089802,-9.39259222412585,-1.5597322467721693,48.586608229679904,0.008388097805493183,239679.6,0.850497914716146,0.017673165319384856,0.8878923766816139,1.0015220004948087,1.043865770225305,-0.0007925480570166732
2025-07-31,12249.074025730191,12497.855794683932,12207.93688283233,12348.978515625,709783,MARUTI,-0.0007925480570166732,0.004061471773958214,-0.011292297443740273,12258.0361328125,12249.642109375,11730.99767578125,1.0074190010395763,1.0081093313064204,1.0526793080114216,12261.659936810716,12263.568923419123,-1.908986608406849,-7.895871100982051,5.986884492575202,51.59475812297328,0.00803161401072578,244857.7,2.898757114846705,0.02347715736040611,0.48648648648648324,1.0006852464229201,1.0442114513980765,-0.013709620149819468
2025-08-01,12396.501149378022,12651.935802883296,12150.96706383807,12179.6787109375,346024,MARUTI,-0.013709620149819468,0.002511183007455342,-0.016673359105992103,12247.71015625,12249.292421875,11730.494721679688,0.9944453743234785,0.9943169198236151,1.0382919902284815,12249.047440522529,12257.354833605668,-8.307393083139686,-7.978175497413579,-0.3292175857261075,46.65558699026088,0.00838932353709199,250878.55,1.3792490430130435,0.041131523329539836,0.05731225296442641,0.9998708279980177,1.0442264126538923,0.005121155074598649
2025-08-04,12203.440517905883,12301.456144327489,12103.444777819195,12242.052734375,255693,MARUTI,0.005121155074598649,0.012871266329254727,-0.0016908370678757612,12246.6734375,12250.8170703125,11730.749780273438,0.999622697286036,0.9992845917225605,1.043586553603025,12247.971331884448,12256.221344773767,-8.250012889318896,-8.032542975794643,-0.21746991352425304,48.4773528755848,0.008198699547886462,252657.4,1.0120146886653627,0.016174686615447156,0.6999999999999963,0.9996617668202278,1.0443336785610766,0.013910172272157961
2025-08-05,12276.704018604927,12451.944067902758,12247.002315334112,12412.341796875,233560,MARUTI,0.013910172272157961,0.016335914559654885,0.020838776433185435,12259.342333984376,12255.88462890625,11732.164077148438,1.0124802341530583,1.0127658812648854,1.0579754694235304,12273.259095729147,12267.785822707192,5.47327302195481,-5.331379776244752,10.804652798199562,53.97732413728689,0.00851094847809666,252282.9,0.9257860917248057,0.016511127063890803,0.8067632850241552,1.0002821261118902,1.0446397227582163,-0.0010368806626595006
2025-08-06,12445.01429364994,12493.527078088197,12358.87934985141,12399.4716796875,151608,MARUTI,-0.0010368806626595006,0.0032930648331177537,0.015200674505244871,12268.625244140625,12262.32068359375,11734.690107421875,1.0106651261199266,1.0111847503937204,1.0566509695765351,12292.676416338123,12277.540330631658,15.136085706464655,-1.2378866797028705,16.373972386167527,57.105967289452686,0.008483125210529558,251153.15,0.6036476150110003,0.01085915043117227,0.3014705882352956,1.0005141408962912,1.044963315719617,0.008623414288301046
2025-08-07,12400.461383648051,12528.178710473649,12305.415931126678,12506.3974609375,173393,MARUTI,0.008623414288301046,0.012747527669055403,0.009385080313045746,12274.43935546875,12269.7003125,11737.940043945313,1.0188976537951122,1.0192911923200243,1.0654678260508388,12325.55657704572,12294.492710654313,31.06386639140692,5.222463934519087,25.84140245688783,63.01331542608251,0.008081129133165412,245956.55,0.7049741102645976,0.017811906269791008,0.9022222222222207,1.0003862395044745,1.0453026908097882,-0.003324860846608879
2025-08-08,12504.417702696832,12598.473101093998,12439.073952231432,12464.8154296875,247048,MARUTI,-0.003324860846608879,0.023410857175891087,0.01210966110980416,12281.8962890625,12277.67830078125,11740.635341796875,1.0148933956385786,1.015242061595175,1.0616815075852437,12346.981015913685,12307.109208360476,39.87180755320878,12.152332658257027,27.719474894951755,61.70664201949829,0.007989187098236155,248587.95,0.993805210590457,0.012787926926131904,0.16149068322982046,1.000343549340349,1.045742239951231,0.0005560181858765834
2025-08-11,12459.865411593531,12607.383881702985,12357.889556417202,12471.74609375,187230,MARUTI,0.0005560181858765834,0.018762650705631545,0.0175277402511147,12292.6380859375,12286.3630078125,11744.602348632812,1.0145703474356245,1.0150885242296375,1.06191301531821,12366.175643273118,12319.304533204146,46.871110068972484,19.09608814040012,27.775021928572365,59.338179298659554,0.007887693099566042,245612.6,0.7622980254270343,0.02000476303881881,0.4563492063492086,1.0005107352046338,1.0461284803944644,0.019290242601480267
2025-08-12,12494.516609168128,12830.145858812184,12480.655814197577,12712.3291015625,504476,MARUTI,0.019290242601480267,0.02416846954400076,0.0353359594074385,12314.331640625,12303.03279296875,11749.611147460937,1.0323198588890123,1.0332679198276757,1.081936154483683,12419.430021471486,12348.417464193653,71.01255727783246,29.47938196788659,41.53317530994587,62.54478439878921,0.008897780806586358,263467.55,1.9147557260846735,0.02749221183800622,0.6628895184135962,1.0009183790571303,1.0471012732729803,-0.0004672967195893385
2025-08-13,12712.329012535063,12796.483838552624,12625.20401618747,12706.388671875,252065,MARUTI,-0.0004672967195893385,0.02475242495132135,0.03254588601869157,12334.35693359375,12318.8981640625,11755.53296875,1.0301622322334445,1.0314549647746023,1.080885801235272,12463.57750614895,12374.933849947825,88.64365620112403,41.312236814534074,47.33141938658996,65.53133342517472,0.008910945828838822,265846.8,0.948158864428686,0.013479819230169889,0.4739884393063609,1.0012548824842424,1.0479234073699684,0.007947681338327683
2025-08-14,12736.09090909091,12827.176136363638,12697.478693181818,12807.375,318580,MARUTI,0.007947681338327683,0.02406588627960793,0.04809324538081028,12363.741162109374,12337.508046875,11763.237182617188,1.0358818445059503,1.0380844293142337,1.088762795578564,12516.469428279881,12406.966527729466,109.50290055041478,54.95036956171022,54.55253098870456,76.06647938047047,0.008773684869166364,272315.45,1.1698932249345382,0.01012677798392097,0.8473282442747996,1.0021262896149452,1.048819118015101,0.08750771650123457
2025-08-18,13566.74840659542,13984.552378541948,13528.13619117856,13928.119140625,2154781,MARUTI,0.08750771650123457,0.11739473554115731,0.14504093436355814,12451.954052734374,12371.95087890625,11776.641098632812,1.1185488704535067,1.125781962517485,1.1826902954732958,12733.646307102208,12519.644499055063,214.00180804714546,86.76065725879727,127.2411507883482,89.67998202250217,0.020819604979450915,373851.1,5.763741232806323,0.032769405743531474,0.8763557483731018,1.0064664962390473,1.0505500486333534,0.0129371688932447
2025-08-19,13930.099344161184,14128.110706551535,13840.004174273576,14108.3095703125,906623,MARUTI,0.0129371688932447,0.13122168012886637,0.16116355638659252,12549.862109375,12406.5694140625,11793.087299804687,1.1241804449606907,1.1371644408260937,1.1963202859141182,12945.132962980713,12637.32339322228,307.809569758434,130.97043975872464,176.83912999970937,89.91398913482027,0.0207684001475367,407578.95,2.224410755265943,0.020421052631578878,0.9312714776632294,1.0115497435697318,1.0520204844297196,-0.0020351066100021686
2025-08-20,14219.195664092716,14219.195664092716,14058.806463592577,14079.59765625,391425,MARUTI,-0.0020351066100021686,0.10755452787321618,0.15072993391098466,12642.073876953125,12442.905625,11808.359311523438,1.1137094904909173,1.1315361604898455,1.1923415679357017,13119.66599271445,12744.158523816926,375.5074688975237,179.87784558648445,195.62962331103927,88.11817620174128,0.020882273502904208,418699.9,0.9348581167561778,0.01139160396596577,0.1296296296296162,1.0160065709694817,1.053737043118033,0.0041488445853472555
2025-08-21,14077.618251323967,14257.808596759016,14015.244670211834,14138.01171875,513460,MARUTI,0.0041488445853472555,0.11266954630813641,0.14315029282848557,12730.595068359375,12481.7421875,11824.80490234375,1.1105538777121753,1.132695380690421,1.1956232542955323,13276.334565950689,12847.406908626785,428.927657323904,229.68780793396837,199.2398493899356,88.79349410591814,0.020875529916054993,427272.65,1.2017151109484774,0.017156862745098072,0.5061224489795936,1.0199373514627301,1.0555558667209841,0.0048319012546793605
2025-08-22,14206.3251953125,14227.11638836439,14088.508434685124,14206.3251953125,458935,MARUTI,0.0048319012546793605,0.10923004872680786,0.15507722084517783,12825.960009765626,12523.15955078125,11841.427758789063,1.1076227576334146,1.134404232231174,1.199713876121749,13419.410047390968,12948.067522455356,471.34252493561144,278.018751334297,193.32377360131443,95.95871505182986,0.02067775093994559,442361.25,1.037466550245981,0.00975677747578246,0.8500000000000033,1.0241792382949784,1.0575717562002762,0.007178181868675582
2025-08-25,14257.807884775895,14334.042257883855,14138.0110127491,14308.30078125,357110,MARUTI,0.007178181868675582,0.027295978501225004,0.17771838514559013,12933.916552734376,12566.26380859375,11858.842329101562,1.1062620299823307,1.138628075869688,1.2065512285408733,13556.162467984665,13048.82554162533,507.33692635933403,323.88238633930445,183.45454002002958,96.03002013641245,0.020157895184271652,447181.75,0.7985791012267384,0.013700525878770969,0.8686868686868761,1.0292571244516764,1.0596535024128095,0.018129022570759767
2025-08-26,14308.301397956451,14677.59259788987,14247.907930943213,14567.6962890625,962974,MARUTI,0.018129022570759767,0.03256142888419933,0.20528814145449137,13057.9771484375,12612.16611328125,11876.977719726563,1.1156166168360657,1.1550510957607811,1.2265490963131893,13711.783055842794,13161.334485879936,550.4485699628585,369.1956230640153,181.25294689884322,96.18161266738898,0.020005668284821438,480686.5,2.003330653138792,0.02949571836346335,0.7442396313364069,1.0353476977033143,1.061900292389503,0.002582568277507802
2025-08-28,14746.896486096164,14746.896486096164,14479.581141937322,14605.318359375,666635,MARUTI,0.002582568277507802,0.037339185107440276,0.19589919735754413,13177.6013671875,12657.54755859375,11894.399384765626,1.1083442238389867,1.1538821633309864,1.2279155833695585,13849.25002561698,13268.296254286977,580.9537713300033,411.5472527172129,169.40651861279036,96.76742245586284,0.02006451579494288,499762.5,1.3339036042120007,0.018302603036876294,0.4703703703703715,1.0410864589831752,1.0641602950381477,0.002643715373908062
2025-08-29,14603.338333778776,14702.344017397614,14545.915037279849,14643.9306640625,621560,MARUTI,0.002643715373908062,0.035784306547259614,0.18490161973749664,13291.859228515625,12700.70412109375,11912.279047851562,1.1017217691146033,1.1530014812124767,1.229313937764378,13971.50858537783,13370.195099455535,601.3134859222937,449.50049935822915,151.81298656406454,96.67099083055504,0.020104461291470734,520648.15,1.1938196649695192,0.010682171590832245,0.6265822784810181,1.0465450656739625,1.0661859137176932,0.006490396878773064
2025-09-01,14642.940076309238,14789.46848275236,14508.292351469612,14738.9755859375,572927,MARUTI,0.006490396878773064,0.03749388974995105,0.19353803776470002,13411.35908203125,12744.62541015625,11930.61998046875,1.0989919437534867,1.1564855860096086,1.2353905840657253,14089.580431617778,13471.586246602348,617.99418501543,483.1992364896694,134.79494852576067,98.52132009394477,0.019989062151992774,513805.35,1.115066240551991,0.019077047088063466,0.8204225352112672,1.052314889643102,1.0682282589689458,-0.003022783647020022
2025-09-02,14711.25381696316,14785.508076083708,14636.009501054335,14694.4228515625,379167,MARUTI,-0.003022783647020022,0.02698587877174652,0.20647048253963618,13537.0962890625,12787.9494921875,11948.264584960938,1.0854929696729039,1.1490835853347494,1.2298374167289616,14182.633111609275,13562.166735858655,620.4663757506205,510.65266434185963,109.81371140876087,96.67357467477473,0.019484655450076258,515462.5,0.7355860028615079,0.01017383102007821,0.3907284768211856,1.0585822455220577,1.0702767252311651,0.005727021352768036
2025-09-03,14727.095170454546,14841.941761363638,14603.33806818182,14778.578125,561656,MARUTI,0.005727021352768036,0.014475990695648422,0.20719771803486675,13663.92255859375,12834.7588671875,11967.586606445313,1.081576543018769,1.151449612565916,1.234883741475561,14274.316959823233,13652.271283202459,622.0456766207735,532.9312667976424,89.11440982313115,96.43967584571197,0.019477794424601097,530760.65,1.0582095714895217,0.016145240168821587,0.7344398340248899,1.0646029816365334,1.0724600781476825,-0.017753076930396516
2025-09-04,15088.465724534512,15088.465724534512,14484.531072830703,14516.212890625,784369,MARUTI,-0.017753076930396516,-0.006100891918785489,0.16949832095984352,13769.11611328125,12878.04478515625,11986.054697265625,1.0542588769821706,1.1272062749274616,1.2110918277334892,14311.53171840812,13716.266957826352,595.2647605817674,545.3979655544674,49.866795027299986,86.47244974671636,0.020377676460948114,558301.1,1.4049211079827713,0.041604146773973484,0.05245901639344052,1.0691930602036799,1.074418990269927,0.015891444654892117
2025-09-05,14593.43767570913,14808.280007841347,14554.825459335138,14746.896484375,473806,MARUTI,0.015891444654892117,0.007031296628929429,0.18931651810076655,13886.487353515626,12922.8884765625,12005.889487304688,1.061960170988925,1.1411455350033082,1.2283051997079197,14378.510913172257,13792.609885718844,585.9010274534121,553.4985779342563,32.402449519155766,87.14446555748398,0.02033199548047728,574411.0,0.8248553735913832,0.017186975495132577,0.757812500000001,1.074565286135584,1.0763790962949866,0.024370593865684853
2025-09-08,14772.63795772607,15166.680575993949,14702.343922808936,15106.287109375,691077,MARUTI,0.024370593865684853,0.02492110264352121,0.2078847770957224,14016.4818359375,12975.93861328125,12027.090756835938,1.0777516987639009,1.1641768321802382,1.2560217108853955,14490.476481818834,13889.919309693374,600.55717212546,562.9102967724971,37.64687535296298,81.85223047247513,0.020623773119164204,600295.2,1.1512285955309989,0.030737973522087028,0.869936034115133,1.0801902084825852,1.078892549796883,0.0070126792975657715
2025-09-09,15097.376068021886,15231.03373535633,15049.853341858528,15212.22265625,605860,MARUTI,0.0070126792975657715,0.03523784567234234,0.22041298902982476,14153.852197265625,13032.53748046875,12049.481123046875,1.0747761418046207,1.167249484534216,1.2624794794818006,14601.514354808245,13987.867705734605,613.6466490736402,573.0575672327258,40.589081840914446,81.09311538213983,0.020409072940376208,618235.8,0.979982071565574,0.011910185486495157,0.8961748633879734,1.0860396310754783,1.0815849535248117,-0.016726308948216806
2025-09-10,15213.212977887337,15231.034000508836,14922.1362750695,14957.7783203125,489062,MARUTI,-0.016726308948216806,0.012125672293828993,0.1993331332978574,14278.15380859375,13088.78802734375,12071.078461914063,1.0475989067514946,1.142793227995155,1.2391418353800265,14656.324195655056,14059.712936444079,596.6112592109766,577.768305628376,18.84295358260067,71.9445836772125,0.021189748697954053,633327.4,0.772210392286833,0.020651310563939568,0.11538461538461221,1.0908690536331782,1.0843097465268494,-0.0008604950196728911
2025-09-11,14960.748135182905,15039.952678284924,14888.473989602311,14944.9072265625,657161,MARUTI,-0.0008604950196728911,0.029532105871384884,0.17562305909194786,14389.78271484375,13143.9583984375,12091.62146484375,1.0385776854813875,1.1370172343469291,1.2359721374023034,14700.72158502543,14125.282883860258,575.4387011651725,577.3023847357354,-1.8636835705628982,70.63289002447696,0.021170499808578182,640961.65,1.0252735089533047,0.010135806558462995,0.37254901960784076,1.0947830386129607,1.08703025782385,0.015236887304510782
2025-09-12,15009.26171492659,15220.143822134993,15002.331317037111,15172.62109375,420101,MARUTI,0.015236887304510782,0.028868759594676385,0.19409389131420873,14513.0943359375,13200.15701171875,12113.491333007812,1.0454435658272663,1.149427319711436,1.252539063812794,14773.321509444595,14202.863492000239,570.4580174443563,575.9335112774595,-5.475493833103201,72.84643805613163,0.021118334049151876,649363.45,0.6469427868168435,0.014355628058727716,0.7818181818181803,1.0994637657001474,1.0897070587527398,-0.003915229709352652
2025-09-15,15197.37162345439,15225.093213386424,15097.375888342409,15113.216796875,170587,MARUTI,-0.003915229709352652,0.00045872870347474226,0.18004015630642511,14628.38642578125,13252.62095703125,12135.461840820313,1.0331431202992614,1.1403945563580464,1.2453763190155935,14825.613092126194,14270.29707013911,555.3160219870842,571.8100134193845,-16.493991432300277,69.42185488264424,0.021318401935239487,641963.8,0.2657268213565936,0.008450704225352207,0.12403100775193843,1.103810821513014,1.092057404231055,0.020176875915857595
2025-09-16,15147.86879484926,15438.94548933852,15132.027886305626,15418.154296875,381944,MARUTI,0.020176875915857595,0.013537248650537848,0.10698035687416851,14702.88818359375,13313.260078125,12158.396787109376,1.0486480006070766,1.158105092696908,1.2681075117750473,14916.773277472164,14355.323531378806,561.449746093358,569.7379599541792,-8.288213860821202,70.07943984922707,0.011014332484415534,553321.95,0.6902744414892632,0.019906247993321722,0.9322580645161271,1.1043792502598253,1.0949848332174879,0.014640753626603109
2025-09-17,15436.965821486774,15660.718661126077,15415.184571610382,15643.8876953125,624986,MARUTI,0.014640753626603109,0.04586973815946127,0.10884210594806132,14779.66708984375,13380.88208984375,12182.9917578125,1.05847361785724,1.169122303766984,1.2840760304447103,15028.637034062986,14450.772728707227,577.8643053557589,571.3632290344952,6.5010763212636675,72.52036583325746,0.011084072568471541,539240.1,1.1590124695845134,0.015695209163976955,0.9314516129032222,1.1045360829434179,1.0983248085399948,0.0010125884703995336
2025-09-18,15757.744139513658,15780.515446073648,15546.862039632002,15659.728515625,642175,MARUTI,0.0010125884703995336,0.04783042666146531,0.11222841006920192,14858.6736328125,13450.8973828125,12207.056953125,1.0539116009011413,1.1642144066636726,1.2828422588473398,15125.728031226372,14540.325009219654,585.403022006718,574.1711876289398,11.231834377778114,72.24628261573477,0.010999454345121246,551777.6,1.1638294124299355,0.014920654991464968,0.4830508474576239,1.104660396249759,1.1018951934494807,0.0029715204244167293
2025-09-19,15840.90944906707,15900.312859501071,15653.788706199965,15706.26171875,652443,MARUTI,0.0029715204244167293,0.03517128792070223,0.11092436696173968,14937.0861328125,13520.74634765625,12230.546279296876,1.0514943529881535,1.1616416220597614,1.2841831722052026,15215.040906230008,14626.690691407088,588.35021482292,577.0069930677358,11.343221755184118,71.64375701154319,0.011009590732267245,558726.75,1.1677318116592772,0.015695915279879,0.2128514056224929,1.104753077140728,1.105489978852649,-0.0030257637591296627
2025-09-22,15721.111859380928,15840.908731664138,15622.106179808026,15658.73828125,302234,MARUTI,-0.0030257637591296627,0.036095656649866914,0.10223707158391226,15009.706787109375,13586.11880859375,12253.602333984374,1.0432407843368416,1.1525541990215216,1.2778885632530899,15283.302040848468,14703.138661025081,580.163379823387,577.6382704188661,2.52510940452089,71.54863778585592,0.01116740689888464,550891.7,0.5486268898224461,0.013973191704602983,0.1674208144796389,1.1047825356580239,1.1087448766730212,0.01776682448423239
2025-09-23,15959.715642375131,16162.677286710548,15871.600587029514,15936.9443359375,873114,MARUTI,0.01776682448423239,0.03364799891564507,0.11382508514370349,15091.13896484375,13658.54416015625,12278.781079101562,1.0560464901333249,1.1668113489304108,1.2979256029787938,15383.862393939087,14794.531673981557,589.3307199575302,579.976760326599,9.353959630931172,73.81917884801285,0.011524487175648227,576691.9,1.514004271604994,0.018264272845871843,0.22448979591836313,1.1048863471750208,1.1123697109807618,0.00944279246010482
2025-09-24,16027.040126507783,16212.180755594574,15903.283021503246,16087.43359375,663647,MARUTI,0.00944279246010482,0.028352664444810882,0.10432241821436983,15167.125830078125,13735.15462890625,12304.455649414063,1.060677795779,1.1712597366682187,1.3074478101366542,15492.104116986919,14890.302186556997,601.8019304299214,584.3417943472635,17.46013608265787,83.86679183962144,0.011180758589940271,561725.55,1.181443500300102,0.019201181611176024,0.5961538461538476,1.1042559213828016,1.1162748698728753,0.0012308228739288385
2025-09-25,16087.433238636364,16207.230113636364,15907.242897727274,16107.234375,490262,MARUTI,0.0012308228739288385,0.028576859357969386,0.10283350069263886,15242.221630859374,13811.73015625,12329.564663085937,1.0567510934488265,1.166199613863094,1.3063911675019804,15586.739541296622,14980.44531162685,606.2942296697711,588.7322814117651,17.56194825800594,82.25346803517215,0.01120042027145776,552906.9,0.8866990084587477,0.018624377650746766,0.6666666666666646,1.103570766183993,1.120212313545959,0.0010449375911250058
2025-09-26,16073.572531682215,16271.583896408822,16040.900656502326,16124.0654296875,490957,MARUTI,0.0010449375911250058,0.026601091871449656,0.10107496406394367,15316.228369140625,13888.09380859375,12354.944663085938,1.0527438636377686,1.160999173242203,1.305069821790698,15669.405062587526,15065.157912964676,604.24714962285,591.8352550539821,12.411894568867865,78.81160309732923,0.011223545254230995,546376.75,0.8985686158863825,0.01430676654795527,0.36051502145922454,1.102831575033225,1.1240919475818092,-0.01854352871590248
2025-09-29,16137.926317430713,16177.528590602322,15791.406427179132,15825.068359375,627326,MARUTI,-0.01854352871590248,0.010622189038318908,0.07368848446114162,15370.5330078125,13960.2013671875,12379.229296875,1.0295718665924902,1.1335845338571364,1.2783565099137362,15693.353262093293,15121.447575661738,571.9056864315553,587.8493413294968,-15.943654897941542,65.63919555411569,0.012372308693700264,549096.7,1.1424690769403643,0.024399399399399457,0.08717948717948726,1.10102516457534,1.1277116718979912,0.0028153265036992003
2025-09-30,15826.058592775204,15894.372514758406,15762.694954993683,15869.62109375,390006,MARUTI,0.0028153265036992003,-0.004224350714188474,0.0799758012995071,15429.292919921874,14034.3165625,12403.347114257813,1.0285384544912999,1.130772633143674,1.2794627891617787,15720.471390040479,15176.867836260868,543.6035537796106,579.0001838195196,-35.39663003990904,76.0610710715125,0.012275479517607437,549638.65,0.7095680043606831,0.008297460852205351,0.8120300751879712,1.0993975268556562,1.1314943001447864,-0.003992802187158362
2025-10-01,15866.650300828962,15948.825015353408,15692.400303765073,15806.2568359375,426075,MARUTI,-0.003992802187158362,-0.01747803688972105,0.06953840229047747,15480.67685546875,14107.43873046875,12427.688525390626,1.0210313788930834,1.1204200236432502,1.271858141893742,15733.669150947713,15223.489243644322,510.1799073033908,565.2361285162939,-55.0562212129031,73.92733866268503,0.012392266924858281,542859.6,0.7848714474239749,0.016222987785781247,0.4440154440154453,1.0973414204545953,1.135161917008644,-0.009959280489140743
2025-10-03,15790.416014018609,15865.66033134668,15579.533914138618,15648.837890625,470216,MARUTI,-0.009959280489140743,-0.02845904353924822,0.07802482703539582,15537.30810546875,14175.7082421875,12450.727895507813,1.0071781922839642,1.1039192979475554,1.2568612873044198,15720.618187821141,15254.996550828077,465.6216369930644,545.313230211648,-79.69159321858365,63.76641312055937,0.01179910080656221,527151.95,0.8919932858068723,0.018284195874984244,0.24221453287197395,1.0960516286042818,1.1385445382114612,0.012147280305483843
2025-10-06,15682.499736295162,15897.342062227994,15551.812238492705,15838.9287109375,268497,MARUTI,0.012147280305483843,-0.017683922208911906,0.07405166420741871,15591.909716796876,14245.13505859375,12474.695922851562,1.0158427670905839,1.111883365499034,1.2696845525447418,15738.81980676212,15298.250784910257,440.569021851863,524.364388539691,-83.79536668782805,69.50503604524383,0.011626084733008437,516886.5,0.5194505950532661,0.021815226903362787,0.830945558739253,1.0945427791778393,1.141922428145045,0.006875859598054479
2025-10-07,15854.769621582638,15998.32785782152,15818.137519921682,15947.8349609375,330326,MARUTI,0.006875859598054479,0.007757729620786913,0.05570845075758113,15633.987109375,14318.11123046875,12500.033427734375,1.0200747160252102,1.1138225359641514,1.275823385044182,15770.975984327564,15346.368131282645,424.60785304491947,504.41308144073673,-79.80522839581727,65.91313032094828,0.01059702630251213,498848.95,0.6621763962818805,0.011298733548547152,0.719780219780225,1.0919028954116576,1.1454458352647703,-0.0059597382408209665
2025-10-08,15947.835495204768,16074.562770061128,15820.118163513596,15852.7900390625,306518,MARUTI,-0.0059597382408209665,-0.0010605832734171816,0.04210873041286445,15666.015478515625,14392.1836328125,12525.4153125,1.0119222760122393,1.1014860874148373,1.265649852204252,15783.562761979092,15383.880865192263,399.6818967868294,483.46684450995525,-83.78494772312587,56.81085018778583,0.010719813379922163,483881.85,0.633456286901441,0.016050462153384994,0.12840466926069607,1.0885085875918743,1.1490384369490343,-0.001686229695002095
2025-10-09,15910.213425183763,15915.163709385752,15695.371090817564,15826.05859375,300499,MARUTI,-0.001686229695002095,0.0012527797073040858,0.05804874593296949,15709.4294921875,14466.9751171875,12550.89419921875,1.007424146218709,1.0939438594145254,1.260950681484919,15790.10058225154,15416.634771011355,373.46581124018485,461.46663785600117,-88.00082661581632,55.38462705762293,0.009817810085354074,474453.7,0.6333579019406952,0.013888020018767544,0.594594594594596,1.085882111839945,1.1526648928399077,0.017516415642614636
2025-10-10,15821.10821621388,16152.777255790328,15752.794294629475,16103.2744140625,423031,MARUTI,0.017516415642614636,0.02903963390851838,0.07750915880167941,15767.3478515625,14544.78392578125,12578.025092773438,1.0213052039989536,1.107151161284614,1.2802704951920039,15838.281171760918,15467.496966792922,370.78420496799663,443.3301512784003,-72.54594631040368,61.18236725406912,0.010298385678222848,462747.2,0.9141730085022665,0.02483861051337236,0.8762376237623768,1.0840551452685525,1.1563646771652405,0.003565911508801811
2025-10-13,16102.283913994055,16268.613457621148,16056.741300858068,16160.697265625,337617,MARUTI,0.003565911508801811,0.020315045326601222,0.06512231247124567,15816.75166015625,14620.82240234375,12605.830229492187,1.0217456537763805,1.105320673550785,1.2820018175253514,15887.883647740007,15518.84513707678,369.0385106632275,428.47182315536577,-59.43331249213827,64.05990653827259,0.009940036807820882,458623.0,0.7361536599778031,0.013110335109967553,0.49065420560747797,1.081796305631945,1.1598460502932488,-0.0037983379091611758
2025-10-14,16187.428530951163,16187.428530951163,15960.70552583876,16099.3134765625,307925,MARUTI,-0.0037983379091611758,0.009498374920233976,0.06524730591381434,15866.056494140625,14695.8291015625,12633.746674804688,1.014701635690508,1.0955022248353976,1.2743102969342535,15920.411313712699,15561.8427918535,358.5685218591989,414.49116289613244,-55.922641036933555,55.176762015781925,0.009935662493428095,465489.9,0.6615073710514449,0.014082774737100902,0.6113537117903913,1.079629899374218,1.1632201816164476,-0.0030133393814043563
2025-10-15,16137.925779322415,16217.130323024612,16038.920099694673,16050.80078125,266435,MARUTI,-0.0030133393814043563,0.012490592614901708,0.0410325692812159,15897.688818359375,14773.25154296875,12660.639926757813,1.0096310831492565,1.0864771871355086,1.2677716824824314,15940.47123179536,15598.061902179166,342.40932961619365,400.0747962401447,-57.66546662395103,48.750819200460356,0.009175752065858363,459714.45,0.5795662938156502,0.01110288675055505,0.06666666666665441,1.0761130528455527,1.1668645209430535,0.0053047513935855495
2025-10-16,16084.463333667283,16169.608221436296,16038.920719279206,16135.9462890625,265727,MARUTI,0.0053047513935855495,0.019580851004487032,0.03145372834001092,15922.291748046875,14851.1294140625,12687.738286132813,1.0134185797117952,1.0865130751458816,1.2717748368673745,15970.544317528766,15637.90519009645,332.63912743231595,386.587662478579,-53.94853504626303,50.93730652770348,0.008728208762470888,441751.5,0.6015304984816124,0.008099153270339957,0.7424242424242431,1.0721266581227213,1.1705103840527815,0.006319777229713663
2025-10-17,16135.946022727274,16384.45028409091,16135.946022727274,16237.921875,411608,MARUTI,0.006319777229713663,0.008361495772556404,0.03692231054951489,15951.201416015625,14927.641015625,12716.042426757813,1.0179748503894193,1.0877754802653352,1.2769634867552226,16011.679326370493,15682.350870459675,329.32845591081787,375.13582116502675,-45.80736525420889,53.521124208351836,0.008790319395365034,430223.15,0.9567314078751922,0.015303944881409761,0.41035856573704466,1.0685681280330392,1.173921925914105,0.0014023644497305199
2025-10-20,16335.93767837844,16353.758701300309,16217.130858899323,16260.693359375,374246,MARUTI,0.0014023644497305199,0.006187610107807551,0.03530003832567763,15978.922998046875,15004.86544921875,12744.16927734375,1.0176338769116395,1.0836947131852912,1.275931997253272,16049.989177601956,15725.191054823774,324.798122778182,365.0682814876578,-40.27015870947582,66.24815146680655,0.00878679536746081,416313.3,0.8989527838769504,0.008402338041890032,0.31884057971014645,1.0649161135182883,1.1773906264642928,-0.0017048276524762596
2025-10-21,16289.404918632496,16312.176225575216,16167.627929330134,16232.9716796875,28990,MARUTI,-0.0017048276524762596,0.008302105758707157,0.03667175401514289,16007.63466796875,15079.39693359375,12770.44396484375,1.0140768462294838,1.0765000584024567,1.271136048548968,16078.140331768962,15762.80443444331,315.3358973256527,355.1218046552568,-39.78590732960413,63.7247459377709,0.008753731169926454,402651.1,0.07199781647187851,0.008904610880702594,0.4520547945205474,1.061556688139635,1.1808044399322692,-0.0001830042695581957
2025-10-23,16494.34613978718,16494.34613978718,16177.527966634005,16230.0009765625,481753,MARUTI,-0.0001830042695581957,0.01116456417064482,0.018388508766022493,16022.2875,15154.70064453125,12793.603823242187,1.0129640337912111,1.0709549041748498,1.2686027487483549,16101.503507891044,15797.411585711397,304.09192217964664,344.91582816013477,-40.82390598048812,66.77115284717756,0.007914684746641625,383083.05,1.2575680390975272,0.019520527054230453,0.165625000000002,1.0572486963496588,1.1845529104941994,-0.007259174316756822
2025-10-24,16229.011274214236,16259.703035408762,16038.920366170732,16112.1845703125,208520,MARUTI,-0.007259174316756822,-0.00147259530518562,0.0015385285924112146,16023.525048828125,15227.5094140625,12815.71939453125,1.0055330847122719,1.0580971669229775,1.25722045515353,16103.146748263576,15820.728103089257,282.41864517431895,332.4163915629716,-49.99774638865267,68.93204658285711,0.007851334651629276,360326.7,0.5786970546451318,0.01370283888410964,0.33183856502242115,1.0522748410866527,1.1881899833543808,0.007005022220603285
2025-10-27,16187.428622982516,16246.83203077328,16113.174363244065,16225.05078125,209829,MARUTI,0.007005022220603285,-0.0007926564648531587,0.007314502509062848,16029.415869140625,15297.76384765625,12839.273950195313,1.0122047436853894,1.0606158483571975,1.2637046957786255,16121.901214876872,15850.677931101163,271.2232837757092,320.17777000551916,-48.95448622980996,66.83938088638766,0.007999631682245864,346305.05,0.6059079993202525,0.008237734927996156,0.837037037037038,1.0478273837124548,1.1914820033436189,-0.004698560024730236
2025-10-28,16235.941404334117,16330.986856789514,16099.31356642948,16148.81640625,383383,MARUTI,-0.004698560024730236,-0.00688020803617817,0.001535033250170903,16030.65341796875,15366.61240234375,12862.615556640625,1.0073710649965648,1.050902826428221,1.255484651246752,16126.04201354966,15872.762262593671,253.27975095598958,306.79816619561325,-53.518415239623664,59.02222183254497,0.008077776784596346,340926.35,1.124533201965762,0.014346146772116982,0.21367521367521192,1.043213233876044,1.1946724470366665,-0.01060630652836636
2025-10-29,16197.329725453896,16264.653589838425,15886.451881090052,15977.537109375,232815,MARUTI,-0.01060630652836636,-0.01573553969986452,0.009634634526534347,16038.27685546875,15430.01564453125,12884.607612304688,0.9962128259387767,1.0354841807978208,1.2400484042770996,16103.195105215098,15880.52336235525,222.67174285984765,289.9728815284601,-67.30113866861245,55.24126278404312,0.007267558762045028,321200.8,0.7248269618257489,0.02367083901350845,0.2408376963350781,1.0394206477135415,1.1975541754019516,0.0042136182646070885
2025-10-30,16029.01944290984,16113.174270127094,15917.143025550433,16044.8603515625,230383,MARUTI,0.0042136182646070885,-0.011407308309306918,0.011042434899817266,16047.038818359375,15472.35046875,12907.335166015626,0.9998642449350604,1.0370021273735246,1.2430807866373395,16094.220527730084,15892.6964726669,201.52405506318428,272.2831162354049,-70.75906117222064,58.889757374967765,0.007297622251770575,313219.65,0.7355317586237006,0.012217697149203989,0.6515151515151513,1.0371429247786295,1.1987253968183869,-0.0012340887247467291
2025-10-31,16042.880592941045,16351.778318502487,15790.416105703329,16025.0595703125,719402,MARUTI,-0.0012340887247467291,-0.005407398333838076,0.013842792550196048,16057.978955078124,15510.68546875,12930.4997265625,0.9979499671248969,1.0331625641303106,1.2393225249750397,16083.580380435073,15902.501146566574,181.0792338684987,254.0423397620237,-72.96310589352498,45.98166533210513,0.007232532149271014,327886.0,2.194061350591364,0.03503027307549731,0.41798941798941636,1.0352849322765767,1.199542616043458,-0.033053272703196024
2025-11-03,15856.74963660469,15939.914407426044,15375.582033995432,15495.37890625,942850,MARUTI,-0.033053272703196024,-0.044971931665275466,-0.009806414089504667,16050.306005859375,15539.00109375,12951.6691796875,0.9654257620130862,0.9971927289767973,1.1964001466739034,15993.087845945061,15872.343943580161,120.74390236490035,227.38265228259903,-106.63874991769868,26.986286747368894,0.010242970455196423,351517.7,2.682226243514907,0.03641939812152584,0.2122807017543856,1.0329046190951765,1.1997682212359386,-0.01769850991361588
2025-11-04,15451.817031735296,15477.55850945844,15202.322709187894,15221.1337890625,748848,MARUTI,-0.01769850991361588,-0.057445858188620136,-0.039004842634867365,16019.416259765625,15560.66353515625,12970.275161132813,0.9501678177432662,0.9781802527040926,1.173539774597434,15874.325683347744,15824.10615435663,50.2195289911142,191.9500276243021,-141.7304986331879,23.522386794052792,0.010483549723837634,375535.25,1.9940817806051496,0.01808247690906725,0.06834532374100712,1.029481565716842,1.1997173029748736,0.0050734481335412696
2025-11-06,15379.542078139157,15379.542078139157,15156.77930180458,15298.357421875,429800,MARUTI,0.0050734481335412696,-0.042508409328086194,-0.040725122918146894,15986.9423828125,15582.5041796875,12988.257192382813,0.9569282890718493,0.9817650132138005,1.1778606779396843,15785.715181582706,15785.161803802435,0.5533777802702389,153.67069765549573,-153.1173198752255,27.699497089509734,0.01041132391359089,380508.95,1.1295397913767862,0.014561221848304478,0.6355555555555569,1.0259546346634199,1.199737882371634,0.001747404713971168
2025-11-07,15305.288706927531,15344.890980572469,15108.267395543962,15325.08984375,227247,MARUTI,0.001747404713971168,-0.04485987986442064,-0.033287528189814286,15960.557373046875,15602.8399609375,13005.663276367188,0.9601851292254987,0.9821987460050311,1.1783397369357917,15714.849744993058,15751.082399354107,-36.232654361048844,115.69002725218681,-151.92268161323565,25.10635720791568,0.01040063751711496,376545.4,0.6035049160074721,0.015440273919503858,0.9163179916318006,1.0229264296118488,1.1996958270701723,0.006718774334265376
2025-11-10,15227.074126502035,15491.419301519983,15227.074126502035,15428.0556640625,274191,MARUTI,0.006718774334265376,-0.03725439544424469,-0.02514858183607882,15940.6572265625,15620.0471484375,13023.368466796876,0.9678431349966027,0.9877086488567863,1.1846440268810932,15670.727578696049,15727.15449303621,-56.4269143401616,81.26663893371713,-137.69355327387873,25.151865805579405,0.010567118170236998,375230.0,0.7307278202702343,0.017134056343451203,0.7602996254681733,1.0205255512405462,1.1993861026247445,0.0039786486279655975
2025-11-11,15484.488192613457,15524.090464205818,15357.760923517895,15489.4384765625,181524,MARUTI,0.0039786486279655975,-0.0003833678236228044,-0.03811870317281285,15909.9654296875,15637.72955078125,13041.950122070313,0.9735683301774931,0.9905170968881898,1.1876627599081528,15642.83694759858,15709.545899223343,-66.70895162476336,51.67152082202104,-118.3804724467844,26.884218697041064,0.00970200554321541,363154.65,0.49985316173151023,0.010738255033557237,0.791666666666664,1.017408913360613,1.1990330743803579,0.0032598447089546845
2025-11-12,15518.15039087387,15574.583628865435,15400.333630856388,15539.931640625,244015,MARUTI,0.0032598447089546845,0.020944422142296526,-0.03841205702927275,15878.9271484375,15655.6495703125,13061.451987304688,0.9786512335094466,0.9926085513623827,1.1897552933417597,15627.005361910338,15696.981880067911,-69.97651815757308,27.34191302610222,-97.3184311836753,29.508159799122083,0.009693174218856276,358474.55,0.6807038323920066,0.011213047910295622,0.8011363636363638,1.0142617894659827,1.1986147930206603,0.0033766336598819446
2025-11-13,15505.27929985138,15642.897192877326,15504.28924306702,15592.404296875,250711,MARUTI,0.0033766336598819446,0.019220813509007506,-0.03148638483407773,15853.581689453125,15672.71814453125,13080.547001953126,0.983525653843139,0.994875563580254,1.1920299888488468,15621.682121135673,15689.235392423992,-67.55327128831959,8.362876163217859,-75.91614745153746,31.683694395241176,0.009752252249573613,355613.85,0.7050090990550565,0.008889453298622191,0.6357142857142831,1.0115400240886092,1.1981699344982342,-0.004127234927964074
2025-11-14,15568.643109867142,15578.54367782254,15417.164420149516,15528.05078125,253698,MARUTI,-0.004127234927964074,0.013243702945257008,-0.03256846852218476,15827.444189453125,15689.390703125,13099.195859375,0.9810839068759674,0.9897166228486576,1.1854201546377128,15607.277299614801,15677.295791596289,-70.01849198148739,-7.313397465723191,-62.705094515764195,32.687753647810794,0.009764207290680487,354977.0,0.7146885572868101,0.010392756949757477,0.6871165644171874,1.0087991617354921,1.1977369352711995,0.012369310982317527
2025-11-17,15533.001332732889,15733.982865688766,15499.33940110481,15720.1220703125,301069,MARUTI,0.012369310982317527,0.018930862877966304,-0.025770054715158586,15806.652978515625,15708.22158203125,13119.186323242187,0.9945256653435273,1.0007575961555613,1.198254349239819,15624.638033568293,15680.468108538229,-55.830074969935595,-17.016732966565673,-38.813342003369925,35.70626473129943,0.010147704279823333,356744.1,0.8439354708318932,0.014926313137674752,0.9409282700422014,1.0062662342754938,1.1973472435712176,0.003274999914582466
2025-11-18,15720.122513045357,15839.919390742702,15593.395237464689,15771.60546875,392903,MARUTI,0.003274999914582466,0.018216734752163788,-0.028717739242725582,15783.337158203125,15733.32943359375,13139.307124023437,0.9992567041218512,1.0024327994476823,1.2003376829447698,15647.248408211633,15687.21902410947,-39.97061589783698,-21.607509552819934,-18.363106345017044,39.169990085818235,0.010050457482268649,355808.85,1.1042530279952285,0.015630885122410523,0.7228915662650633,1.0031784578604577,1.1974245890658493,-0.010169519441460606
2025-11-19,15791.40616019688,15791.40616019688,15558.74280924727,15611.2158203125,286434,MARUTI,-0.010169519441460606,0.00458716172863638,-0.03994156489569667,15750.86328125,15750.6158203125,13157.989819335937,0.9911339805035488,0.9911495523990735,1.1864438287808596,15641.704933150228,15681.589157161547,-39.88422401131902,-25.262852444519755,-14.621371566799265,39.416461219770525,0.010211990705639044,351418.25,0.8150800363953778,0.014903602232369499,0.22553191489361407,1.0000157111912527,1.1970381522234228,0.0020928462828302408
2025-11-20,15652.79820662557,15665.668945188892,15462.70729861342,15643.8876953125,249492,MARUTI,0.0020928462828302408,0.003301825520764412,-0.03628934960270569,15721.40908203125,15761.36783203125,13177.550141601563,0.9950690560677953,0.9925463235189524,1.187162069368623,15642.040742713654,15678.796456283839,-36.755713570184525,-27.56142466965271,-9.194288900531816,38.17864073197556,0.010252717031615309,362443.35,0.688361367369549,0.012973862413771136,0.8926829268292668,0.9974647663562046,1.1960772421781622,0.011138535598936405
2025-11-21,15632.997071351592,15989.417523896656,15580.524060282458,15818.1376953125,586351,MARUTI,0.011138535598936405,0.018681476390634888,-0.025376663984479464,15700.81591796875,15773.4861328125,13197.873481445313,1.007472336339507,1.0028307986024163,1.1985368489515358,15669.132581575013,15689.118029545221,-19.985447970208043,-26.046229329763776,6.060781359555733,44.40877420934693,0.01065125769529805,367673.25,1.5947611092185792,0.025849658884646628,0.5811138014527831,0.9953928881521897,1.1951536097832884,-0.001189237557533418
2025-11-24,15845.858840760708,15925.063383544892,15752.793502989292,15799.326171875,525788,MARUTI,-0.001189237557533418,0.005038389728033721,-0.019417503385230406,15685.172998046875,15790.31708984375,13216.58142578125,1.007277775886969,1.0005705447192725,1.1954170040564085,15689.162364698088,15697.281595643723,-8.119230945634627,-22.46082965293795,14.341598707303323,61.345152278639,0.010556473598586458,383536.65,1.3708937594360278,0.010903622007770408,0.2701149425287343,0.9933412298689998,1.1947353541091932,-0.004323822156675705
2025-11-25,15799.326615381511,15890.411842140198,15684.480025120563,15731.0126953125,214525,MARUTI,-0.004323822156675705,-0.002573788287941303,-0.030449093355591872,15660.47109375,15806.03919921875,13231.980786132812,1.0045044367529055,0.9952533014146923,1.1888630243325842,15695.600877100305,15699.780195619187,-4.179318518881701,-18.8045274261267,14.625208907245,72.48906378411161,0.010411435641390358,383771.45,0.558991556042014,0.01309081754673035,0.22596153846153813,0.9907903489524469,1.1945331129700223,0.01680405017035347
2025-11-26,15791.405724121458,16048.820488276417,15791.405724121458,15995.357421875,314946,MARUTI,0.01680405017035347,0.024606770285160895,-0.00950280073254206,15652.79814453125,15822.49392578125,13247.607573242187,1.0218848588080356,1.0109251738003253,1.2074147979883387,15741.717268604105,15721.67480497147,20.04246363263519,-11.035129214374322,31.077592847009512,76.38679595455305,0.011147203126663806,380349.6,0.8280434631717768,0.016093092349591546,0.792307692307684,0.9892750294583147,1.1943661403240744,-0.015659817307829726
2025-11-27,16005.257981247642,16010.208265171075,15717.151456903768,15744.873046875,339986,MARUTI,-0.015659817307829726,0.0064552593018651905,-0.014561947871395087,15641.16494140625,15835.12705078125,13262.128852539063,1.0066304591670283,0.9943003928154908,1.187205555151925,15742.202772953475,15723.393193260621,18.80957969285373,-5.066187432928711,23.875767125782442,63.58971797394465,0.011443638118256575,385708.15,0.8814592069159025,0.018612840344589012,0.09459459459459502,0.9877511491538409,1.1940109485325638,-0.00018861546572390697
2025-11-28,15747.843661188088,15889.42178538964,15692.400479682585,15741.9033203125,352340,MARUTI,-0.00018861546572390697,-0.0048194279546948104,-0.018881873984057274,15626.01708984375,15841.60203125,13276.748657226562,1.007416235999388,0.9937065259725103,1.185674574907626,15742.156703316403,15724.764313782982,17.39238953342101,-0.574472039658767,17.966861573079775,60.86359825847102,0.011386950016287584,391806.0,0.8992715782810881,0.01251572327044026,0.25125628140704365,0.9863912159274689,1.1931838464553128,0.012389925897545728
2025-12-01,15816.157406137889,16016.148880068396,15693.390362735,15936.9443359375,434052,MARUTI,0.012389925897545728,0.00871038185840356,-0.00549859012931464,15621.611328125,15847.4631640625,13292.406352539063,1.0201856902715776,1.0056464035251975,1.1989510336398412,15772.124031411955,15740.481352461095,31.6426789508605,5.868958158445087,25.77372079241541,64.17817535113915,0.011766501149290834,377538.5,1.1496893694285484,0.020252220910728987,0.7546012269938607,0.9857483918025652,1.1922192824804352,0.008821508544017309
2025-12-02,15966.645865987648,16099.313475961131,15934.96404868055,16077.5322265625,383165,MARUTI,0.008821508544017309,0.022027795537489903,0.03756947950964218,15650.718994140625,15855.81923828125,13308.88697265625,1.0272711581226184,1.0139830673489238,1.208029811929019,15819.109907588962,15765.448083876014,53.66182371294781,15.427531269345632,38.23429244360217,66.11275766368921,0.009019606956798652,349554.25,1.0961531722186184,0.010222304329084286,0.8674698795180732,0.9870646706386861,1.191370793880645,-0.009668055667504283
2025-12-03,16057.73153409091,16086.443181818182,15850.80965909091,15922.09375,264397,MARUTI,-0.009668055667504283,-0.004580308519696152,0.04605175742172318,15685.7669921875,15860.13587890625,13325.318872070313,1.0150663182699453,1.0039065157806215,1.1948752523568116,15834.953575652198,15777.051466551866,57.90210910033238,23.922446835542985,33.9796622647894,59.30689411816598,0.008247667617753794,325331.7,0.8126997768738797,0.014799154334038013,0.30252100840335866,0.9890058390388282,1.190225617200717,-0.005471956224350261
2025-12-04,15898.332386363638,15974.566761363638,15729.032670454546,15834.96875,248812,MARUTI,-0.005471956224350261,0.005722224806562259,0.035076401559144044,15712.59755859375,15863.66048828125,13342.179028320312,1.0077880942950341,0.9981913544920831,1.1868352775351354,15834.955910167246,15781.341635696172,53.61427447107417,29.860812362649224,23.753462108424944,58.5540963224495,0.008395837785745612,316282.3,0.7866769654830511,0.015505814680505253,0.43145161290322204,0.990477422925239,1.1889857312369143,0.01800677495811298
2025-12-05,15840.909439872252,16175.548651789552,15820.11824623242,16120.10546875,332032,MARUTI,0.01800677495811298,0.024025185566315166,0.0518767350211804,15752.34833984375,15867.3237109375,13360.801801757812,1.0233461780410258,1.015930963684711,1.2065223111556942,15878.825073026132,15806.435252959418,72.38982006671358,38.366613903462095,34.02320616325149,60.59812548225284,0.009148174512363426,321521.55,1.0326897217309385,0.022048888342955306,0.8440111420612845,0.9927539531436863,1.1876026563652728,-0.00583468043958113
2025-12-08,16038.920543395165,16094.36372552048,15933.974520086527,16026.0498046875,220513,MARUTI,-0.00583468043958113,0.005591126308263972,0.038760175205871494,15782.248046875,15866.09603515625,13378.877163085937,1.015447847295796,1.010081482500599,1.197862093308208,15901.475031743266,15822.70299753187,78.77203421139711,46.4476979650491,32.32433624634801,56.59311990145405,0.009278389940823936,318837.65,0.6916153095470374,0.010008031136096902,0.5740740740740753,0.9947152728626211,1.185906398702342,-0.010316943087350205
2025-12-09,15891.401721785756,16064.66166205817,15826.057972883018,15860.7099609375,276388,MARUTI,-0.010316943087350205,-0.01348604142536114,0.023969331421328288,15800.81162109375,15861.165546875,13396.0819921875,1.0037908394378796,0.9999712766419244,1.1839812543837334,15895.203482388533,15825.518328154509,69.6851542340246,51.0951892188442,18.589965015180397,56.448308934881375,0.009656344550756656,323580.85,0.8541543790369548,0.015043695380774016,0.14522821576763215,0.9961948618717279,1.1840152632781076,-6.24331683410917e-05
2025-12-10,15930.013758685973,15964.665746352475,15766.65438825818,15859.7197265625,293374,MARUTI,-6.24331683410917e-05,-0.0039174510850684685,0.020578474431734328,15816.801025390625,15855.8786328125,13412.877109375,1.0027134880879502,1.0002422504510127,1.1824248889507283,15889.744443030682,15828.051765073618,61.69267795706401,53.21468696648816,8.477990990575847,55.67116811508818,0.009648146578423096,326048.8,0.8997855535735755,0.012485173856046064,0.47000000000000863,0.9975354498904269,1.1821385153622224,0.014295563649386223
2025-12-11,15889.422050382162,16133.966087172268,15824.07829966092,16086.443359375,268701,MARUTI,0.014295563649386223,0.01588096657121607,0.03168459803206969,15841.502978515626,15861.1061328125,13430.69173828125,1.015461940776173,1.01420690490787,1.1977375158960808,15920.005814775961,15847.191883170017,72.81393160594416,57.13453589437936,15.679395711564801,56.86076599255553,0.010084986561011634,326948.3,0.8218455333763779,0.019263909404234426,0.8466453674121387,0.9987640739471303,1.1809597332655537,0.016863602759456642
2025-12-12,16086.443181818182,16371.579545454546,16085.453125,16357.71875,404711,MARUTI,0.016863602759456642,0.014740181552200804,0.05343027147694657,15882.986376953126,15870.8680859375,13450.35271484375,1.0298893647441347,1.0306757425886413,1.2161553750146414,15987.34626634889,15885.008688120386,102.33757822850384,66.17514436120426,36.16243386729958,62.64575502451772,0.010538644064324795,334498.95,1.209902153653995,0.017491829076383036,0.9515570934256039,1.000763555651147,1.179959248832373,-0.006476240670020061
2025-12-15,16335.937053809395,16335.937053809395,16197.329103049802,16251.7822265625,225221,MARUTI,-0.006476240670020061,0.014085343838690312,0.033820358001802164,15909.569384765626,15879.77859375,13470.686293945313,1.021509874561694,1.0234262480812493,1.2064554004102381,16028.028721766368,15912.177098375358,115.85162339101043,76.1104401671655,39.74118322384493,61.59611018814095,0.0104669582699539,330706.55,0.6810297528125766,0.00852878464818753,0.3928571428571466,1.0018760205527897,1.1788396112295707,-0.003716118875183416
2025-12-16,16236.931284013086,16287.424180079224,16157.72674116424,16191.388671875,156134,MARUTI,-0.003716118875183416,0.02084892238442726,0.026616390066107165,15930.558544921874,15890.629609375,13491.291865234374,1.016372942996168,1.0189268185020537,1.2001362681655778,16053.16102178308,15932.859437153109,120.30158462997133,84.94866905972668,35.35291557024465,54.80116183064864,0.010528720808914501,318868.1,0.48965073646438767,0.008010272716155136,0.2595419847328267,1.002512734644782,1.1778434391685992,0.002690473367220836
2025-12-17,16226.04066080372,16326.036396159212,16194.358843661385,16234.951171875,257406,MARUTI,0.002690473367220836,0.023659399521672952,0.039954309692581846,15961.7453125,15898.55005859375,13512.008735351563,1.0171162898559123,1.021159232259637,1.2015201802970557,16081.128737181836,15955.236602688063,125.89213449377348,93.13736214653605,32.754772347237434,63.35671237076854,0.0101738120029472,317416.7,0.810940319145149,0.008110745212830834,0.30827067669172536,1.003974906747681,1.1766237256047847,-0.004207803019503076
2025-12-18,16276.53400152719,16322.07661491346,16059.711559536045,16166.6376953125,213981,MARUTI,-0.004207803019503076,0.004985212339728484,0.033415606796808994,15987.8828125,15902.92611328125,13531.7417578125,1.0111806475509528,1.0165825823595454,1.1947196439792203,16094.28396150963,15970.895942882466,123.38801862716537,99.18749344266192,24.200525184503448,61.17769149398772,0.010268216012320449,315641.15,0.6779249156835222,0.016228795394696544,0.40754716981131844,1.0053422054918433,1.1752312745770332,0.005205490159645221
2025-12-19,16166.638137365588,16311.186435978814,16166.638137365588,16250.79296875,360190,MARUTI,0.005205490159645221,-0.006536717184356777,0.02735184645444777,16009.515576171874,15910.886171875,13552.36447265625,1.0150708740330179,1.0213631593616601,1.1991112695897603,16118.36227031584,15991.62905590969,126.73321440614927,104.6966376353594,22.03657677078988,58.77145435162456,0.010064708871713556,304333.1,1.183538694936568,0.008894845863287437,0.5821917808219153,1.0061988630445498,1.1740302737560955,0.014316969628645593
2025-12-22,16300.294576626224,16527.017575778762,16250.791738383312,16483.455078125,271590,MARUTI,0.014316969628645593,0.014255227416464233,0.04330114454297718,16043.722021484375,15924.0341015625,13576.279594726562,1.027408419072069,1.0351306065406887,1.2141363886265035,16174.530394594172,16028.060613110825,146.4697814833471,113.05126640495695,33.41851507839016,60.78945933949555,0.010444969075235285,291623.2,0.931304505265699,0.016757763229022667,0.8422939068100386,1.0075161808344866,1.1729306243625004,-0.0038440533825998546
2025-12-23,16542.85883834696,16553.74946299367,16393.360263651266,16420.091796875,215650,MARUTI,-0.0038440533825998546,0.014124985177909055,0.04380386151285931,16078.1759765625,15930.37044921875,13600.71166015625,1.0212658339360707,1.0307413659473479,1.20729651559177,16212.309071868145,16057.09996005632,155.209111811826,121.48283548633077,33.726276325495235,63.91807726109052,0.010429801802918547,291679.45,0.7393390243981878,0.009767862526379335,0.16666666666666666,1.0092782228646162,1.1712894771445905,0.0071148306185007115
2025-12-24,16474.544393222775,16553.748933574807,16377.518831291534,16536.91796875,258486,MARUTI,0.0071148306185007115,0.018599797047626376,0.033857358269116844,16105.25400390625,15937.89486328125,13626.508237304688,1.0268026797180008,1.0375848322885364,1.2135844106766553,16262.248902157662,16092.64203477437,169.6068673832924,131.1076418657231,38.4992255175693,69.29773881218911,0.009928605791203596,288856.45,0.8948597131897176,0.010656768245225415,0.9044943820224722,1.010500705523574,1.16962427833484,-0.006406003045742126
2025-12-26,16536.91849798615,16536.91849798615,16351.77787898816,16430.982421875,212925,MARUTI,-0.006406003045742126,0.01635124950187672,0.04357668511885371,16139.55947265625,15944.5282421875,13651.769750976562,1.0180564376439445,1.030509161029951,1.203578929442436,16288.207905191099,16117.704285670712,170.50361952038656,138.9868373966558,31.516782123730763,59.4806543878605,0.0092701850362184,282503.4,0.753707742986456,0.011267775367558498,0.42780748663101575,1.0122318595762978,1.1679458804999936,-0.0032537853947079975
2025-12-29,16434.94282545944,16516.12748279002,16334.94708899128,16377.51953125,251796,MARUTI,-0.0032537853947079975,0.0077981771562589675,0.04037734179940844,16171.340283203124,15951.0626171875,13676.52373046875,1.0127496697513088,1.0267353294446344,1.197491398692486,16301.948155354006,16136.949859417326,164.99829593668073,144.1891291046608,20.80916683201994,60.99070734708959,0.00933642922183553,277476.2,0.9074508011858314,0.011062749365252039,0.23497267759562315,1.0138095919564802,1.1663097239872073,0.00634754433060758
2025-12-30,16410.1924685191,16650.776285704633,16318.117180460444,16481.4765625,1055843,MARUTI,0.00634754433060758,-0.00012003039506114366,0.03416791921237938,16198.56689453125,15957.97322265625,13701.808515625,1.0174651047719698,1.03280512710101,1.202868697493851,16329.567910299544,16162.470355941969,167.09755435757506,148.77081415524367,18.326740202331393,70.18677526693295,0.00907745761756634,308565.75,3.421776396116549,0.020183816903946713,0.4910714285714261,1.0150767060777754,1.1646618185080027,0.003003490187137192
2025-12-31,16416.13192594946,16609.19300342127,16416.13192594946,16530.978515625,314427,MARUTI,0.003003490187137192,0.006753111987541027,0.028203724469190616,16221.239208984374,15963.83435546875,13727.723291015625,1.0190946759769792,1.0355268131407265,1.20420394301246,16360.55415727269,16189.76725665923,170.7869006134606,153.17403144688706,17.612869166573546,71.1610795900587,0.008929933934807524,305128.85,1.0304728641686947,0.01167874468467376,0.5948717948718021,1.0161242498377243,1.162890161540231,0.0006588009892884994
2026-01-01,16533.948686164564,16630.97425330493,16436.923119024195,16541.869140625,171293,MARUTI,0.0006588009892884994,0.00029940112688198184,0.03892549562616421,16252.227978515624,15969.45787109375,13753.394272460937,1.0178216280556895,1.035844126591634,1.202748122603273,16388.44877009612,16215.84887769373,172.59989240239156,157.05920363798796,15.540688764403598,66.61851214648476,0.008544743415012527,300473.65,0.5700766107111223,0.011730907349772522,0.5408163265306124,1.0177069321766843,1.1611284861563331,0.015082584592104542
2026-01-02,16583.451353828863,16829.975496342497,16556.719820303286,16791.36328125,388562,MARUTI,0.015082584592104542,0.02193300741988602,0.060397626692506146,16300.047705078125,15980.625703125,13780.346274414063,1.0301419716715805,1.0507325303267983,1.2185008233375445,16450.435617965948,16258.479574253453,191.95604371249465,164.0385716528893,27.91747205960536,66.0793095107393,0.008836743850792698,307461.15,1.2637759274627054,0.016273584905660433,0.8586956521739151,1.0199880785575661,1.159667934672744,0.011497610029709726
2026-01-05,16855.71644848896,17197.28603290768,16811.16389399956,16984.423828125,305668,MARUTI,0.011497610029709726,0.03705715604350002,0.053617413425150584,16343.263623046874,15995.71416015625,13808.882104492188,1.039230854978927,1.061810911227179,1.2299637073879985,16532.587650298112,16312.253222688383,220.33442760972866,175.2977428442572,45.03668476547148,75.51728430586252,0.00836098133928937,306142.95,0.9984486005638868,0.02273389682308372,0.4487179487179521,1.0217276615105022,1.1583641629435493,0.007986062597566068
2026-01-06,16999.27556818182,17133.923295454548,16971.553977272728,17120.0625,192182,MARUTI,0.007986062597566068,0.03874567518743821,0.06826465090558442,16397.9642578125,16015.87171875,13837.900727539063,1.0440358468182092,1.0689435330552322,1.2371863938819163,16622.968396406097,16372.090946933688,250.87744947240935,190.41368416988763,60.46376530252172,80.73401314990008,0.008192435822665156,304726.4,0.6306706606319635,0.009484154522322558,0.91463414634145,1.0238571178498626,1.1573917196035752,-0.02793198130117802
2026-01-07,17058.679159276653,17077.49023902281,16359.69903818267,16641.865234375,427979,MARUTI,-0.02793198130117802,0.006707813372643923,0.049250965143512904,16437.022021484376,16024.2080078125,13864.528364257812,1.0124623068961567,1.038545257666486,1.2003196067799211,16625.875602247466,16392.074227484896,233.80137476257005,199.09122228842412,34.71015247414593,60.45804783776322,0.010389971051783497,312305.95,1.3703837534955705,0.043131655660658005,0.3931034482758607,1.0257618980901029,1.1557701485989422,-0.008626352378666602
2026-01-08,16640.874820908844,16640.874820908844,16376.529653299214,16498.306640625,238421,MARUTI,-0.008626352378666602,-0.002633469025154822,0.0402647036058883,16468.9513671875,16031.1978125,13890.135307617187,1.0017824616020172,1.0291374876405543,1.1877714849600869,16606.249608151702,16399.943295124904,206.3063130267983,200.53424043609897,5.772072590699338,58.20676676649586,0.010671964408132135,309558.3,0.7701974070797004,0.016022563610177634,0.4606741573033748,1.027306353511911,1.154142667257437,-0.009781543631430911
2026-01-09,16497.316940663633,16537.909270650263,16253.762960743856,16336.927734375,286302,MARUTI,-0.009781543631430911,-0.027063648094758586,0.015571147046250067,16481.4755859375,16038.385625,13914.37388671875,0.9912296777792255,1.018614224421044,1.1741044093955657,16564.815473724517,16395.275475810096,169.53999791442038,194.33539193176327,-24.795394017342886,52.05285349475254,0.010573080185846422,310438.35,0.9222507464042378,0.017392885279680047,0.29268292682927033,1.0276268429564899,1.1526487469413638,0.004908717274072494
2026-01-12,16292.373942754191,16449.792966629855,16109.213443276218,16417.12109375,288686,MARUTI,0.004908717274072494,-0.03340135291699364,0.0036314564798345383,16484.445703125,16045.83083984375,13939.000698242187,0.9959158705978063,1.023139359850678,1.177783217689366,16542.093261420745,16396.89366973157,145.19959168917558,184.50823188324574,-39.308640194070165,48.29515849710112,0.009937522349170237,304637.1,0.9476390104816519,0.020745386563743872,0.9040697674418595,1.0273351294588071,1.1511464262906055,-0.009407754338018437
2026-01-13,16496.326254275806,16559.68988890992,16130.995298338476,16262.6728515625,312205,MARUTI,-0.009407754338018437,-0.05008098822288176,0.0006701188120894486,16484.990234375,16050.58310546875,13961.927475585937,0.9865139511973191,1.0132138343323793,1.1647870883156846,16499.10550605794,16386.95138690423,112.15411915370714,170.03740933733803,-57.88329018363089,46.13514489400462,0.010062453495258373,308986.3,1.0104169667069383,0.026360647753561436,0.3071593533487315,1.0270648814470946,1.1495965104771582,-0.016680861325875873
2026-01-14,16227.03097974032,16248.812229377554,15930.013939232564,15991.3974609375,240043,MARUTI,-0.016680861325875873,-0.03908623007557532,-0.012351702191232827,16474.990673828124,16060.5034765625,13983.759145507813,0.9706468293387959,0.9956971451283674,1.143569285950883,16420.99657603941,16357.651096091882,63.345479947529384,148.69902345937632,-85.35354351184694,37.550839574483064,0.010716358287360067,313181.75,0.7664654789112073,0.019935611688954972,0.19254658385093262,1.025807858257401,1.148511162802874,0.0
2026-01-16,15840.908553502744,16035.949740067745,15613.195493046142,15701.310546875,703056,MARUTI,-0.01814018535722728,-0.038906775976157326,-0.028783174164434988,16439.546630859375,16083.9678125,14027.350888671876,0.9550938903267198,0.9762087769581578,1.1193354091936896,16254.35150331446,16283.913000871811,-29.561497557351686,93.15638866952489,-122.71788622687657,35.437086365705085,0.011363475243712728,324765.2,2.164813225062291,0.026924774575950477,0.20843091334894545,1.0221076554308341,1.1466147770987174,0.019988690235476225
2026-01-19,15701.31116658408,16080.502930049728,15655.768552695255,16015.1591796875,385141,MARUTI,0.019988690235476225,-0.02448431194282452,-0.014499833301403808,16427.76494140625,16097.76919921875,14050.999501953125,0.9748836337024293,0.9948682318333114,1.1397878974703082,16217.552684294928,16264.005310413713,-46.4526261187857,65.23458571186276,-111.68721183064847,40.78996856497106,0.012260947732563851,326012.75,1.1813679066232838,0.02652077151335316,0.8461538461538425,1.0204994703367667,1.1456671959159288,-0.018360534022849317
2026-01-20,16038.920545118552,16071.592420303054,15692.40065679809,15721.1123046875,289609,MARUTI,-0.018360534022849317,-0.03330083263791217,-0.04624896721132188,16389.647802734376,16103.63033203125,14073.378920898438,0.9592098923605094,0.9762464724129382,1.1170815760060464,16141.1772412784,16223.791013693253,-82.61377241485388,35.66491408651943,-118.27868650137331,35.41369345474182,0.012337365981423811,326913.7,0.8858882328883739,0.02411990679513822,0.07571801566579574,1.0177610554145804,1.1442618309749313,-0.006864400783704316
2026-01-21,15519.140889730796,15814.17782658182,15519.140889730796,15613.1962890625,345738,MARUTI,-0.006864400783704316,-0.023650289025636373,-0.04914074280425551,16349.30302734375,16106.10548828125,14094.067895507813,0.9549762618595953,0.9693961274761681,1.1077849493004697,16059.949402475952,16178.561774831716,-118.61237235576482,4.809456798062584,-123.4218291538274,33.83873214327595,0.012375786664050262,333418.1,1.0369503035378105,0.018896639188332353,0.3187919463087323,1.0150997110530198,1.142757762179841,-0.0003170520129800458
2026-01-22,15791.406609280844,15812.197802935696,15557.75319487393,15608.24609375,352320,MARUTI,-0.0003170520129800458,-0.023959842666873343,-0.056157494205082314,16302.86943359375,16107.47177734375,14114.869243164063,0.9573925717387881,0.9690065771652666,1.1058016779935238,15990.456585748881,16136.316168825662,-145.85958307678084,-25.3243511769061,-120.53523189987473,27.495294770638182,0.012183776814323092,338109.8,1.042028358834911,0.01630193466539796,0.19844357976653382,1.0121308706264407,1.141170456477641,-0.0187758198728587
2026-01-23,15661.70835288268,15688.439886198808,15285.486772877914,15315.1884765625,338669,MARUTI,-0.0187758198728587,-0.024591709663964956,-0.06790792641996957,16247.079736328125,16101.9274609375,14135.21462890625,0.9426425379274814,0.9511400739890555,1.0834776038874732,15886.569184335593,16075.491895324687,-188.9227109890944,-58.044023139343764,-130.87868784975063,19.41220071128882,0.012679551606982043,344397.0,0.9833680316611353,0.026310685887904774,0.0737100737100726,1.00901459006959,1.1391356893873659,-0.014480557080762568
2026-01-27,15147.86913998442,15234.00408215296,14863.722836508896,15093.416015625,565768,MARUTI,-0.014480557080762568,-0.05755441789373994,-0.07840647133253587,16182.874560546876,16093.234765625,14155.196767578125,0.932678305028828,0.9378733508482954,1.0662809047060247,15764.545619918577,16002.74553386545,-238.1999139468735,-94.07520130084971,-144.1247126460238,13.99927973787456,0.01291746335056627,360095.6,1.5711605473657553,0.024532633650377215,0.6203208556149736,1.0055700296570174,1.136913532879025,-0.02413905638957592
2026-01-28,15010.251329981367,15141.928886005871,14287.509857064912,14729.0751953125,1584483,MARUTI,-0.02413905638957592,-0.06310222140447452,-0.10632550794476181,16095.2544921875,16073.413828125,14172.724716796874,0.9151191242401211,0.916362594332002,1.039255011977779,15605.242477671489,15908.39958286153,-303.15710519004097,-135.89158207868797,-167.265523111353,14.58942508121828,0.013421740339185353,386527.6,4.0992751875933315,0.05800900719231015,0.5168018539976835,1.0013588068033366,1.134108941597907,-0.02520670710494821
2026-01-29,14722.144613269937,14722.144613269937,14210.285247764856,14357.8037109375,716545,MARUTI,-0.02520670710494821,-0.08040586660685478,-0.13146074823298726,15986.595751953126,16045.13779296875,14188.403647460938,0.8981151418170669,0.8948382928334422,1.0119393321254204,15413.328821250876,15793.540629385676,-380.21180813479987,-184.75562728991036,-195.4561808448895,13.455021269656967,0.013950855414570345,406633.5,1.7621396171245114,0.03565025513722243,0.2882011605415862,0.996351415502254,1.1308627941269545,0.006688775995686624
2026-01-30,14357.804330026886,14533.044391150508,14157.812847840603,14453.83984375,946509,MARUTI,0.006688775995686624,-0.07396130500929621,-0.12622692629982368,15882.194287109374,16021.9902734375,14203.8690625,0.9100656737011029,0.9021251166100568,1.0175987810187546,15265.715132404586,15694.303534153403,-428.588401748817,-233.52218218169168,-195.0662195671253,17.11618363403072,0.014186647305006595,445394.3,2.1251035318592986,0.02596068223850972,0.788918205804748,0.9912747427789986,1.1280018284410667,-0.014727041878739522
2026-02-02,14109.29997978168,14302.361062937767,13918.219010298986,14240.9775390625,621514,MARUTI,-0.014727041878739522,-0.07014023622000554,-0.15188675865499124,15754.675,15993.9320703125,14217.016708984374,0.9039207434658284,0.8903987760143245,1.0016853627289461,15108.063194967342,15586.649756739262,-478.58656177191915,-282.53505809973717,-196.05150367218198,13.681463843158738,0.01332542384080015,457041.9,1.359862192065979,0.026974416017797438,0.8402061855670153,0.9850407598793919,1.1249851074737227,0.027669588769918096
2026-02-03,15048.863271208227,15129.05787153506,14338.00249300247,14635.01953125,638870,MARUTI,0.027669588769918096,-0.030370625436975884,-0.1383269942301224,15637.20478515625,15970.26970703125,14233.069946289062,0.9359102046896781,0.9163915074525399,1.0282405402683865,15035.287246703136,15516.158628925243,-480.87138222210706,-322.20232292421116,-158.6690592978959,24.8470115681137,0.01496784335007406,473702.0,1.3486749053202225,0.054052225679880925,0.3754693366708375,0.9791446902284712,1.1220537640366983,0.019550841904517835
2026-02-04,14652.84108345498,15019.162110541354,14576.606707547817,14921.146484375,451065,MARUTI,0.019550841904517835,0.01304028165486093,-0.12844088715359536,15527.258984375,15952.70611328125,14250.402001953125,0.9609646170898594,0.9353363860914208,1.0470684604076392,15017.727129421884,15472.083655254855,-454.3565258329709,-348.6331635059631,-105.72336232700775,33.53641590605844,0.01579063038128273,486646.15,0.9268849655956386,0.029659611173777353,0.7785234899328853,0.9733307235847559,1.1194565676880421,-0.0007962430626521355
2026-02-05,14939.957386363638,14999.360795454546,14751.846590909092,14909.265625,374759,MARUTI,-0.0007962430626521355,0.038408514642278346,-0.104110902532499,15440.62900390625,15936.271171875,14267.429790039063,0.9655866753373957,0.9355554674115045,1.0449860868009346,15001.04074412621,15430.393430791532,-429.352686665321,-364.7770681378347,-64.57561852748631,33.41427849986813,0.01502015203466867,483985.15,0.7743192120667338,0.01660136795271927,0.6359999999999972,0.968898485560193,1.1169686065671796,-0.004117157116013237
2026-02-06,14934.016777574265,14967.678708788631,14723.134679084254,14847.8818359375,276529,MARUTI,-0.004117157116013237,0.02726209757733611,-0.10003601221858349,15358.107763671875,15913.32166015625,14284.20453125,0.9667780734719634,0.9330473016902312,1.0394615817390689,14977.4778351741,15387.244423765307,-409.7665885912065,-373.77497222850906,-35.99161636269747,35.933434223737834,0.01500260938804574,485890.55,0.5691178805597269,0.01646996065879833,0.510121457489881,0.9651101191604441,1.1140502521748539,-0.0012668841982208523
2026-02-09,14974.609643949148,14975.599700785113,14756.79714003716,14829.0712890625,200034,MARUTI,-0.0012668841982208523,0.041295883543589484,-0.09229743008165336,15282.71494140625,15895.005625,14300.03798828125,0.9703165534341893,0.9329390400302233,1.0369952374402633,14954.646058849237,15345.898265639173,-391.25220678993537,-377.27041914079433,-13.98178764914104,28.344189582707784,0.01498504506936784,481577.15,0.41537269781176284,0.014754973961810722,0.3303167420814371,0.9614790520972999,1.111535902074233,0.011216420659139859
2026-02-10,14849.862040075555,15196.381922336135,14834.021131172216,14995.400390625,360240,MARUTI,0.011216420659139859,0.024624556093381544,-0.08659987917529888,15211.62890625,15880.07556640625,14316.7667578125,0.985785314843162,0.944290241436083,1.0474013193266682,14960.915956045508,15319.935460082566,-359.01950403705814,-373.62023612004714,14.600732082988998,36.10162790323625,0.015262258817488088,485154.85,0.7425258141807713,0.024164795985738678,0.44535519125683154,0.9579065819075618,1.109194263973091,0.01756241660040292
2026-02-11,15029.06267488402,15278.55699596905,15023.122333905803,15258.755859375,360742,MARUTI,0.01756241660040292,0.022626235547887452,-0.0617313649085085,15161.433056640624,15866.511796875,14335.77216796875,1.006419103152769,0.9616956804822279,1.0643832561365985,15006.73747963466,15315.40363780793,-308.66615817327147,-360.629420530692,51.96326235742055,43.593415116593924,0.01597224979752451,487581.7,0.7398595968634589,0.016740202439657393,0.9224806201550421,0.9555618305232505,1.1067776197173718,-0.005580108142315354
2026-02-12,15305.28790452856,15305.28790452856,15113.216887420172,15173.6103515625,201895,MARUTI,-0.005580108142315354,0.01773023120060624,-0.051139189765786575,15120.543701171875,15848.433359375,14353.627055664063,1.0035095728989238,0.9574202072526422,1.0571272538096819,15032.410229162018,15304.90043141938,-272.4902022573624,-343.0015768760261,70.5113746186637,42.36520788038957,0.01566390344913212,485674.3,0.41570039839456197,0.012658227848101415,0.31443298969071753,0.954071822640277,1.1041413642638203,-0.005807072659106849
2026-02-13,15156.780186337124,15280.537291523102,15038.963422200071,15085.49609375,208645,MARUTI,-0.005807072659106849,0.016003242781565286,-0.05664929343419567,15075.2486328125,15831.70140625,14371.065854492188,1.0006797540250976,0.9528663854028087,1.0497131003706655,15040.577285252477,15288.648258258687,-248.0709730062099,-324.0154561020629,75.944483095853,45.65218918342381,0.01566885110537079,496106.55,0.4205648967948518,0.01601365098116434,0.19262295081967473,0.9522191106295834,1.1016372457371517,-0.012207180065082146
2026-02-16,15085.495289258708,15146.878810157445,14811.249558791777,14901.3447265625,210175,MARUTI,-0.012207180065082146,0.004873766946774882,-0.05094898403061743,15035.250341796875,15813.02892578125,14385.546630859375,0.9910938885492231,0.9423460107802397,1.0358553003885618,15019.156891607865,15259.959107762674,-240.80221615480878,-307.3728081126121,66.57059195780334,46.31178359273357,0.015417182202030602,471462.5,0.4457936739401331,0.02252342037073941,0.26843657817108674,0.9508140668283798,1.0992303130045604,0.008504436437645868
2026-02-17,14881.543858265326,15059.754083432495,14811.24982500494,15028.072265625,166765,MARUTI,0.008504436437645868,0.002178793106479837,-0.06163453656548423,14985.89599609375,15791.18826171875,14399.93625,1.002814397587054,0.9516745679016627,1.0436207497533192,15020.5284876105,15242.782304641365,-222.25381703086532,-290.34900989626277,68.09519286539745,56.317985726118614,0.014734310427231863,460543.7,0.3621046167822945,0.016536003689307594,0.8725099601593695,0.949003694194616,1.0966151507593478,-0.0009881896809526003
2026-02-18,15056.784179945102,15087.47594149023,14924.116565524228,15013.2216796875,280772,MARUTI,-0.0009881896809526003,-0.01609136301480596,-0.045028024180511106,14950.50146484375,15770.93169921875,14413.992055664063,1.004195191378111,0.9519552786111688,1.0415727732962061,15019.404363314654,15225.777813904042,-206.37345058938809,-273.5538980348879,67.1804474454998,66.30541891069808,0.014291024808302704,460101.85,0.6102387982139172,0.010881034027961008,0.5454545454545384,0.9479783281024772,1.0941404461938407,-0.017211846927373098
2026-02-19,15012.231172781909,15127.077760926912,14705.313566532326,14754.81640625,152788,MARUTI,-0.017211846927373098,-0.027600151553211272,-0.05497784482565049,14907.582470703124,15748.813828125,14426.153471679687,0.9897524588743114,0.936884299178147,1.0227824371351324,14978.698523766245,15190.891783707446,-212.19325994120118,-261.28177041615055,49.08851047494937,56.92796623504373,0.014651380461523925,450454.35,0.33918642366313034,0.02858484868818362,0.11737089201877815,0.946584462385379,1.091684894316552,0.0049654734034145775
2026-02-20,14754.816849703398,14927.086737098449,14700.363724377376,14828.0810546875,515847,MARUTI,0.0049654734034145775,-0.01706374370871022,-0.049984158013429925,14868.57421875,15728.1810546875,14438.426552734374,0.9972765940118565,0.9427715133192887,1.0269873244518692,14955.526605446437,15164.016914891154,-208.49030944471633,-250.72347822186373,42.2331687771474,64.44226639184768,0.01474432656116305,458630.7,1.1247546228370668,0.015290111504306947,0.5633187772925774,0.9453460744793938,1.0893279123762187,0.006343077281248499
2026-02-23,14900.355468231654,14967.679333470176,14835.011716676618,14922.13671875,242968,MARUTI,0.006343077281248499,0.0013953097904269018,-0.025664180262228165,14848.921630859375,15704.894921875,14452.35015625,1.0049306670013307,0.9501583291694162,1.0325058940186858,14950.389699800831,15146.099863325142,-195.7101635243107,-239.72081528235313,44.01065175804243,58.28572459226326,0.014345570605217099,453845.65,0.5353538146724552,0.00889065817409772,0.6567164179104531,0.9454964012638277,1.0866672030557833,-0.009686871984182499
2026-02-24,14851.84215109645,14912.235616279895,14755.806640886707,14777.587890625,300991,MARUTI,-0.009686871984182499,-0.016667764871809543,-0.0209248936538321,14833.130224609375,15673.2923046875,14466.24642578125,0.9962555217177137,0.9428515466533718,1.0215219246015945,14923.804806081473,15118.802680162167,-194.9978740806946,-230.77622704202145,35.778352961326846,45.48848274744538,0.014150749100423436,440606.8,0.6831283584365925,0.010585555406672803,0.13924050632911966,0.9463953033130854,1.0834387748818584,0.009647606932214225
2026-02-25,14712.24431818182,14982.529829545456,14689.473011363638,14920.15625,356495,MARUTI,0.009647606932214225,-0.006198897989591057,0.012973051746542286,14842.68427734375,15646.65978515625,14479.063134765625,1.0052195392159966,0.9535681388148113,1.0304642027684283,14923.243489761246,15104.088129779784,-180.84464001853848,-220.78990963732485,39.94526961878637,50.31627332912846,0.013224615496307561,379207.4,0.9401055992050787,0.01964167219641671,0.7871621621621575,0.948616796245853,1.0806403452711737,0.009489051094890621
2026-02-26,14994.410511363638,15072.625,14896.394886363638,15061.734375,308213,MARUTI,0.009489051094890621,0.02080120553855158,0.049027739773755075,14877.880810546874,15624.06669921875,14493.243974609375,1.012357510239146,0.96400858143758,1.0392245104951354,14944.549779797977,15100.950814610911,-156.40103481293409,-207.9121346724467,51.511099859512626,55.93406718474531,0.011847493564474152,358790.8,0.8590326173357845,0.011700519292710083,0.9382022471910108,0.9522412504351899,1.0780241281103429,-0.023401020902514724
2026-02-27,14959.758793597926,15040.943454158814,14656.801401748757,14709.2744140625,478164,MARUTI,-0.023401020902514724,-0.008012273482106647,0.017672436741642317,14890.6525390625,15593.5531640625,14504.741826171876,0.9878193299773672,0.9432920296807054,1.0141010843448155,14908.353569684827,15071.937747903621,-163.58417821879448,-199.04654338171628,35.4623651629218,47.19518128706316,0.013124277933443642,335373.55,1.4257653890713804,0.026115635727266502,0.13659793814432553,0.9549236394294065,1.0750658888616693,-0.03156762876206731
2026-03-02,14263.748579545456,14537.994318181818,14062.767045454546,14244.9375,603744,MARUTI,-0.03156762876206731,-0.045382188322874994,0.0002780680558365223,14890.850537109374,15555.11916015625,14512.536958007813,0.9566234960521766,0.9157716731921783,0.9815608078186387,14806.289558964083,15010.67847028113,-204.38891131704622,-200.11501696878227,-4.273894348263951,34.58098177825718,0.014636654220646046,334485.05,1.8049954699021675,0.03336113427856542,0.3833333333333328,0.9572958190671808,1.0718401066033567,-0.01598553104392353
2026-03-04,14009.304154729216,14042.966086973796,13656.84392299186,14017.224609375,710366,MARUTI,-0.01598553104392353,-0.051453815526441904,-0.042213467536263205,14859.960791015625,15510.44779296875,14518.982944335938,0.9432881288522548,0.9037279127253397,0.9654412201677887,14684.894951334993,14937.089295399193,-252.19434406420078,-210.53088238786597,-41.663461676334805,24.112328800596217,0.013524181518084233,338059.85,2.101302476469773,0.027546263596553183,0.9333333333333318,0.9580613654334335,1.0682874862815095,0.018152262165173738
2026-03-05,14157.812411929848,14425.127751176076,13940.989970096796,14271.6689453125,448650,MARUTI,0.018152262165173738,-0.04346384138487158,-0.04352732142550941,14827.4869140625,15466.2120703125,14526.730537109375,0.9625143510851554,0.9227643381864048,0.9824419134680508,14621.321719639225,14887.798899096475,-266.4771794572498,-221.72014180174276,-44.75703765550705,32.433491375637544,0.013409651676539973,337939.1,1.327606068667402,0.03392299687825187,0.6830265848670739,0.9587019010636717,1.0646726068748342,-0.01775924753676028
2026-03-06,14196.425075537203,14322.162294631507,13974.652342646465,14018.21484375,390629,MARUTI,-0.01775924753676028,-0.0692828266167056,-0.05976490081147101,14782.934375,15418.17453125,14534.929799804688,0.9482701125601121,0.9092006849019304,0.9644501237245996,14528.536046425497,14823.385265367107,-294.84921894161016,-236.34595722971625,-58.50326171189391,30.471027182342553,0.013849633692757091,338732.6,1.1532075743521586,0.024789886291404613,0.1253561253561175,0.9587992628464235,1.0607670448781377,-0.0459778474601823
2026-03-09,13662.784090909092,13662.784090909092,13232.109375,13373.6875,676224,MARUTI,-0.0459778474601823,-0.09079896645246077,-0.09928650781483128,14709.224658203126,15354.909921875,14540.019067382813,0.909204109037908,0.8709714070642317,0.9197847291686702,14350.867039283114,14716.000245710284,-365.1332064271701,-262.10340706920704,-103.02979935796304,26.077536308346822,0.016864678744012835,358717.35,1.8851165130429293,0.03220313888066338,0.3287356321839073,0.9579492639841531,1.0560446895369076,0.026576863266956074
2026-03-10,13584.569865803818,13770.700551232803,13370.717588927962,13729.1181640625,353715,MARUTI,0.026576863266956074,-0.036210712468025874,-0.07417545600521147,14654.227001953124,15300.87263671875,14547.718022460938,0.93687085386576,0.8972768083250113,0.9437300161348631,14255.21336617225,14642.89786929193,-387.6845031196808,-287.2196262793018,-100.46487684037902,31.018532392514658,0.018285266980974414,366401.4,0.9653756781497014,0.02913391505011887,0.8960396039604009,0.957737989844199,1.0517713233852195,-0.026682069793920737
2026-03-11,13712.286931818182,13809.3125,13307.353693181818,13362.796875,392182,MARUTI,-0.026682069793920737,-0.04668739729955573,-0.10887361944971408,14572.596826171875,15240.57818359375,14553.54619140625,0.9169811691352693,0.8767906777568877,0.9181815001824518,14117.91852137652,14548.075573418453,-430.15705204193364,-315.80711143182816,-114.34994061010548,28.12910960402084,0.01862032035885132,367998.5,1.0657163004740509,0.037563903089575475,0.11045364891518766,0.9561708650829962,1.0472071880730476,-0.036008028352971566
2026-03-12,13296.462701632272,13296.462701632272,12837.076350660018,12881.62890625,544683,MARUTI,-0.036008028352971566,-0.09739856245187473,-0.1557877309941026,14453.740478515625,15168.58123046875,14557.125234375,0.8912315068474871,0.8492309669921531,0.8849019774750233,13927.720119049363,14424.635079554122,-496.9149605047587,-352.0286812464143,-144.88627925834442,26.560961852224423,0.01896581714084646,377195.55,1.4440334728233142,0.0356621320421182,0.09698275862069097,0.9528735917293806,1.0420038974899979,-0.03228033078842596
2026-03-13,12770.74317057757,12833.116751455653,12358.87952541436,12465.8056640625,939594,MARUTI,-0.03228033078842596,-0.11074228758732707,-0.17845487163318152,14318.350244140625,15087.2777734375,14558.659443359375,0.8706174560273642,0.8262461824630594,0.856246807102045,13702.810202897537,14279.53660433252,-576.7264014349821,-396.9682252841279,-179.75817615085418,22.774995092910558,0.019693085365573963,414080.5,2.2691095088998394,0.03804304662060184,0.22546972860124914,0.9490347071987606,1.0363095470523724,0.013183955954511495
2026-03-16,12407.391522179,12745.99093971692,12276.70402769068,12630.154296875,1416170,MARUTI,0.013183955954511495,-0.05559672327658327,-0.1627617535158331,14195.583154296875,15009.0434765625,14561.421870117187,0.889724230388659,0.841502945647251,0.8673709483546029,13537.78621735561,14157.360137113445,-619.573919757835,-441.4893641788694,-178.08455557896565,24.006275733564408,0.020332763152671796,474456.75,2.984824222650431,0.03715607117660891,0.7531645569620267,0.945801987745862,1.030740240234638,0.016853499940231664
2026-03-17,12662.826266881311,12969.74386990971,12559.860361349203,12843.0166015625,1178941,MARUTI,0.016853499940231664,-0.06454176822656166,-0.13813036090165154,14092.666748046875,14930.07654296875,14564.949873046875,0.9113262117932671,0.860211035395586,0.8817755442694044,13430.898584156668,14060.001356702263,-629.1027725455951,-479.01204585221456,-150.0907266933806,28.39450887068014,0.02108908667488753,522895.05,2.254641729731425,0.03191489361702133,0.6908212560386482,0.943911218906895,1.0250688586712928,0.005858835157025677
2026-03-18,12969.744674710682,13044.988994960911,12885.589842851874,12918.26171875,458827,MARUTI,0.005858835157025677,-0.03326662527376034,-0.14039129634084546,13987.176220703124,14848.75330078125,14569.2116015625,0.9235789636816779,0.8699896521326352,0.8866822771222953,13352.031374094106,13975.428050187282,-623.3966760931762,-507.8889719004069,-115.50770419276932,27.301305312801603,0.020993533082138468,537498.15,0.8536345659980411,0.012339055793991242,0.20496894409938093,0.9419764701705432,1.0191871534894017,-0.03441145120688216
2026-03-19,12641.045184637667,12710.34916043064,12380.660247015512,12473.7255859375,569346,MARUTI,-0.03441145120688216,-0.03166550777709409,-0.169150642542358,13860.201416015625,14755.8265625,14571.39267578125,0.8999671225213195,0.8453423827600305,0.8560420999888205,13216.907406685397,13864.190830613223,-647.2834239278254,-535.7678623058906,-111.51556162193481,22.542016567287106,0.021778283145704753,551926.85,1.031560613512461,0.026430669100722337,0.2822822822822817,0.9393036274389068,1.0126572587001443,0.00015877122968244173
2026-03-20,12479.66628198841,12629.16486259771,12431.153497552275,12475.7060546875,725481,MARUTI,0.00015877122968244173,0.0007942038318102806,-0.15446551748330062,13746.2458984375,14672.50337890625,14574.377006835937,0.9075718670292069,0.8502779472944644,0.8560026990406464,13102.876429454951,13761.340106470576,-658.4636770156249,-560.3070252478375,-98.15665176778737,24.39855165256138,0.02177972128382868,580561.5,1.2496195493500688,0.015871756209824787,0.2250000000000085,0.9368712034648176,1.0067328004500151,-0.019522238650852897
2026-03-23,12376.70064340095,12376.70064340095,12155.917966536828,12232.15234375,517985,MARUTI,-0.019522238650852897,-0.031512042036056176,-0.17506841926230687,13616.449462890625,14587.18029296875,14575.97216796875,0.8983364111978459,0.8385549570293643,0.8391997599055944,12968.918877808035,13648.066938861644,-679.1480610536091,-584.0752324089918,-95.07282864461729,25.699266318021913,0.02169313263681938,580668.4,0.892049575971415,0.018049372723593582,0.34529147982062475,0.9334531547165402,1.000768945280002,0.008822324362248501
2026-03-24,12474.716088585124,12524.218930206494,12209.380857494583,12340.068359375,583568,MARUTI,0.008822324362248501,-0.039161223394067024,-0.17303610119927215,13487.346044921875,14507.24310546875,14578.28810546875,0.9149367353869565,0.8506142945052877,0.8464689591877302,12872.172644202952,13551.178155195967,-679.0055109930145,-603.0612881257964,-75.94422286721806,29.14820561759828,0.021794381194096765,597698.4,0.9763586450959213,0.02551347881899878,0.4150943396226439,0.9296973895638099,0.995126656882755,0.019817065691270175
2026-03-25,12424.223099010576,12652.926225623967,12381.65065552843,12584.6123046875,540649,MARUTI,0.019817065691270175,-0.02582773296644314,-0.1483987510119117,13377.697265625,14430.5929296875,14580.181279296876,0.9407158836689038,0.8720786710570751,0.8631314017032845,12827.932591969806,13479.580684787932,-651.6480928181263,-612.7786490642625,-38.869443753863834,28.973352431066075,0.022739630913685232,609681.3,0.8867731386873764,0.02155613248367551,0.7481751824817522,0.9270372555588885,0.9897402956284375,-0.025332431417553813
2026-03-27,12500.456933979993,12520.258069627038,12219.280807791944,12265.8134765625,775339,MARUTI,-0.025332431417553813,-0.01666800411333358,-0.17790314853019717,13244.980126953125,14350.6557421875,14579.623432617187,0.9260726221553136,0.8547214633895744,0.8412983732571387,12741.45272806099,13389.672002697158,-648.2192746361688,-619.8667741786438,-28.352500457525025,28.508984036762513,0.022676080019398463,630623.5,1.229480030477773,0.02453789652110733,0.15460526315789183,0.9229529552448288,0.9842953632178562,-0.006699498964705453
2026-03-30,12177.698331225622,12300.465371312774,12079.68271051088,12183.638671875,635675,MARUTI,-0.006699498964705453,-0.02341089005561825,-0.1910866060619264,13101.075341796875,14274.50056640625,14579.227690429687,0.9299724147837742,0.8535246900720362,0.8356847790965474,12655.635180955453,13300.336200414036,-644.7010194585837,-624.8336232346319,-19.8673962239518,33.0704217994941,0.02224743412876705,646996.6,0.9825012990794697,0.018121241670729538,0.4708520179372171,0.9177957071667414,0.9790985413978087,0.016496091790620282
2026-04-01,12771.733320759053,12771.733320759053,12210.371088753596,12384.62109375,501882,MARUTI,0.016496091790620282,0.012464588873265958,-0.15803997225655553,12984.84267578125,14202.3650390625,14580.169877929688,0.953775213376227,0.8720111798061142,0.8494154181630533,12613.940706000767,13232.505451772255,-618.5647457714877,-623.579847742003,5.0151019705153885,29.994120725937776,0.022793854065029057,648182.5,0.7742911911382983,0.04532736429770568,0.3104056437389789,0.9142732664642438,0.9740877615260795,0.009752913060332213
2026-04-02,12265.81348506712,12546.989611450128,12117.30496761131,12505.4072265625,438227,MARUTI,0.009752913060332213,0.013398537380215458,-0.12211568309355514,12897.866162109374,14138.44697265625,14582.01962890625,0.9695717934568263,0.8844965257321368,0.8575908924009925,12597.243247625649,13178.64632397894,-581.4030763532901,-615.1444934642604,33.74141711097036,36.23648797152382,0.022445323827362824,639906.65,0.6848295763139827,0.03435990816245738,0.903225806451612,0.9122548033071696,0.9695808490498328,0.0045127353893865685
2026-04-06,12505.407582074968,12593.522638270411,12296.50559491498,12561.8408203125,382650,MARUTI,0.0045127353893865685,-0.0018094704726436817,-0.10382824201084073,12825.09697265625,14069.38060546875,14584.063393554687,0.9794733597020727,0.8928495981855611,0.8613402507468603,12591.796720346701,13132.957027411054,-541.1603070643523,-600.3476561842789,59.18734911992658,44.05595116434838,0.022445345463852216,623520.85,0.6136923889553975,0.023644388398486593,0.8933333333333382,0.9115608804890211,0.9647092326605358,0.008669609140715906
2026-04-07,12514.318094135802,12707.37917232856,12371.749913316531,12670.7470703125,359542,MARUTI,0.008669609140715906,0.03301318697889433,-0.11217481859581813,12745.05087890625,14008.37330078125,14586.054223632813,0.994169987291559,0.904512379721195,0.8686891517092356,12603.942928033748,13098.719252811161,-494.7763247774128,-579.2333899029056,84.45706512549282,54.29994812032478,0.022021707487078032,619065.45,0.580781886632504,0.02648851383028599,0.8908554572271465,0.9098166221909189,0.9603949831808808,0.06282233044017094
2026-04-08,13217.258609860912,13608.331055620842,13078.650654401696,13466.7529296875,1026292,MARUTI,0.06282233044017094,0.1053145363523027,-0.03933895436824242,12717.477783203125,13965.44443359375,14591.7067578125,1.0589169613076892,0.9642910394812318,0.9229045754004964,12736.682928288172,13125.981006653852,-389.29807836568034,-541.2463275954606,151.94824922978023,63.87520371198793,0.026595541089742554,650848.6,1.5768521281293377,0.03933245111013092,0.7327102803738321,0.9106389591591764,0.9570809409335583,-0.0009557681660310458
2026-04-09,13435.070756764431,13636.052286876678,13197.457125104636,13453.8818359375,549914,MARUTI,-0.0009557681660310458,0.08633778410282655,0.00599642663532407,12721.4875,13922.3571484375,14596.545654296875,1.0575714385552397,0.9663508623212861,0.9217168331862818,12847.021221772684,13150.26995697116,-303.2487351984764,-493.64680911606376,190.39807391758734,60.85120570879801,0.02446808742399517,644533.1,0.8531974540950651,0.0325998969754947,0.5846501128668157,0.9137452346873407,0.9538117769897901,0.008830658844323214
2026-04-10,13514.27512620017,13659.813473713097,13454.871719052036,13572.6884765625,471921,MARUTI,0.008830658844323214,0.08534558136843451,-0.011394008386457877,12713.666015625,13887.5071484375,14601.694541015626,1.067566857575287,0.9773308003725909,0.929528311829652,12958.662337894195,13181.56021768163,-222.89787978743516,-439.4970232503381,216.59914346290293,61.447848317073216,0.023788108155960105,650443.4,0.7255373795783,0.015099569625793476,0.5748792270531348,0.9154750294443902,0.9510887321624213,-0.04617405429806365
2026-04-13,13268.740931322174,13286.56195331619,12837.076176356017,12945.982421875,1347910,MARUTI,-0.04617405429806365,0.030580040541617448,-0.031192156628886858,12692.82529296875,13844.5584765625,14603.783359375,1.0199448998204117,0.9350953621086073,0.8864814071323673,12956.71158158355,13164.110010584842,-207.39842900129224,-393.07730440052893,185.6788753992367,57.766192153558904,0.025278247118734075,698229.8,1.9304675910423759,0.03472009788926261,0.2422907488986753,0.9168096847910662,0.9480117676269753,0.01628944066412985
2026-04-15,13118.253017944822,13339.035691378913,13068.750176367672,13156.865234375,699458,MARUTI,0.01628944066412985,0.038365390877501904,0.021366577948186194,12706.587109375,13813.11427734375,14607.377138671874,1.0354365905749612,0.9524908699231477,0.9007000441950144,12987.504451243773,13163.573360495224,-176.06890925145126,-349.6756253707134,173.60671611926216,60.481409697137636,0.024177773617254292,705968.55,0.9907778469734947,0.020543306494092892,0.3260073260073278,0.9198929983672346,0.9456259084852833,0.003461462238627533
2026-04-16,13246.959781882731,13301.412905051908,13105.38166164288,13202.4072265625,527309,MARUTI,0.003461462238627533,-0.019629505680040293,0.05908976782973108,12743.4171875,13790.00634765625,14611.62958984375,1.0360178147124246,0.957389495966866,0.90355474352698,13020.566416677424,13166.449943166874,-145.88352648944965,-308.9172055944607,163.03367910501106,65.89874700320587,0.022846644979652567,685354.3,0.7693962086471187,0.01484814398200235,0.4949494949494976,0.9241052444958353,0.9437692259350324,0.008848927807835638
2026-04-17,13167.755681818182,13511.305397727274,13124.193181818182,13319.234375,549308,MARUTI,0.008848927807835638,-0.010008075184504306,0.054558326203148155,12777.87119140625,13767.31423828125,14615.702202148437,1.0423672437673221,0.9674533568765851,0.9112962340627149,13066.515333342435,13177.767308487846,-111.25197514541105,-269.38415950465077,158.13218435923972,65.99804576933313,0.022766581208581823,642011.2,0.8556050112521402,0.02906414926038809,0.5038363171355481,0.9281310043665768,0.9419536637971128,-0.00022303858024874668
2026-04-20,13340.025034560877,13398.43838449698,13196.466801667057,13316.263671875,348629,MARUTI,-0.00022303858024874668,-0.018892705386283515,0.03684859133911922,12801.533544921875,13748.8199609375,14620.014619140626,1.0402084738634543,0.9685386607511438,0.9108242377843627,13104.938154655138,13188.026298368377,-83.08814371323933,-232.1249563463685,149.03681263312916,62.97855105924694,0.022534966301797122,600495.6,0.5805687835181473,0.015167286245352971,0.5931372549019546,0.9311005294485627,0.9404108216784851,0.0008178438988859504
2026-04-21,13322.204012981949,13408.338952721057,13287.552025730583,13327.154296875,292879,MARUTI,0.0008178438988859504,0.029443256029447973,0.03165229092173605,12821.978173828125,13722.66265625,14624.738994140625,1.0393992343613583,0.9711784535346815,0.9112746765747067,13139.125253458193,13198.332076035535,-59.20682257734188,-197.5413295925632,138.3345070152213,71.13562773113657,0.022518321496357675,592198.2,0.4945624623647962,0.009063219671644059,0.3278688524590095,0.9343651807973536,0.938318465837097,-0.009211764104155917
2026-04-22,13318.244228637906,13395.468659936876,13167.755593286063,13204.3876953125,434640,MARUTI,-0.009211764104155917,0.003611989641220781,0.05857609295162991,12858.511279296876,13688.32748046875,14630.034677734375,1.0268986361253585,0.9646458060090423,0.9025534105813444,13149.165629128087,13198.780640426421,-49.61501129833414,-167.95606593371738,118.34105463538324,70.00387734722085,0.02104219561325534,585462.9,0.7423869215282471,0.017245257554172694,0.1608695652173986,0.9393778237439233,0.9356319230945624,-0.013271363914678869
2026-04-23,13118.252572752424,13225.178706930328,12994.495473009474,13029.1474609375,541086,MARUTI,-0.013271363914678869,-0.013123346572465278,0.04436152982636643,12886.183349609375,13650.7251171875,14634.248471679688,1.0110943719679775,0.954465594251299,0.8903188630527634,13130.701295560304,13186.215219723537,-55.51392416323324,-145.46763757962057,89.95371341638733,62.75968573815921,0.02135164090123911,576243.15,0.9389890361386508,0.01770516717325229,0.15021459227468054,0.9439925893302549,0.9327930398068948,-0.008510590775025362
2026-04-24,13068.75035925046,13121.22337205654,12848.957739572155,12918.26171875,464098,MARUTI,-0.008510590775025362,-0.030104782674492125,0.0560906499296967,12920.488818359376,13612.13271484375,14637.026328125,0.9998276303907162,0.9490255487050094,0.8825741943175712,13098.018283743335,13166.366812244016,-68.34852850068091,-130.04381576383264,61.69528726315173,58.20544362766695,0.020894001101390086,573548.8,0.8091691587533615,0.02107602697731454,0.2545454545454593,0.949189160069667,0.9299793830860357,0.013335349213428715
2026-04-27,13022.217329545456,13138.053977272728,12913.311079545456,13090.53125,312786,MARUTI,0.013335349213428715,-0.016951633539050825,0.060815132361471846,12958.011962890625,13577.3619140625,14640.02888671875,1.0102268224083204,0.9641439428996679,0.8941602063282516,13096.866432398207,13160.749363188905,-63.88293079069808,-116.81163876920574,52.92870797850766,60.04514739701097,0.02098506521641486,560009.7,0.5585367539169411,0.01716835577068517,0.7885462555066044,0.954383630996063,0.9274136013747699,-0.024958402662229595
2026-04-28,13090.53125,13174.686079545456,12700.448863636364,12763.8125,836679,MARUTI,-0.024958402662229595,-0.04227022395974622,0.014239627806869493,12966.97197265625,13532.73015625,14641.916958007812,0.9843325432425813,0.9431808920024257,0.8717309718806554,13045.627365875405,13131.34663258232,-85.71926670691391,-110.59316435674738,24.873897649833467,51.63307993196172,0.021497087696688236,574811.2,1.4555718468951198,0.03715482469748689,0.13361169102296352,0.9581933447972834,0.9242457934340909,0.02831215937636178
2026-04-29,12959.844100640228,13413.29013563589,12959.844100640228,13125.18359375,754798,MARUTI,0.02831215937636178,-0.005998316876943632,0.07006221958532,13009.940478515626,13490.0587109375,14646.228940429688,1.0088580816664523,0.9729522958345863,0.8961476464101302,13057.86678554842,13130.890111187333,-73.02332563891287,-103.07919661318047,30.055870974267606,42.927436089170435,0.021394890050808656,573784.15,1.315473771800772,0.03454778607528097,0.36462882096069804,0.9644094779192768,0.9210602105023309,0.00429956783342611
2026-04-30,13003.40598726552,13227.158823653674,12841.036672364382,13181.6162109375,612975,MARUTI,0.00429956783342611,0.011702127898783443,0.08191128823987981,13059.83935546875,13450.218828125,14651.342202148437,1.009324529357075,0.9800298700995228,0.8996865972459902,13076.9051586852,13134.647600057715,-57.742441372514804,-94.01184556504734,36.269404192532534,44.462342738876025,0.02125693236426684,572649.15,1.070419819884479,0.02929247408742679,0.8820512820512801,0.9709759761053144,0.9180195672552576,0.0
2026-05-04,13424.180486368396,13837.034182276326,13301.413440103208,13444.9716796875,722127,MARUTI,0.01997899684952742,0.02707609209423789,0.07513265550675463,13146.667333984375,13383.01376953125,14661.455498046875,1.0226904916755597,1.0046295932458285,0.9170284411038571,13147.161801854492,13160.856009994612,-13.694208140119372,-70.12437560241904,56.430167462299664,62.62526679189022,0.021358311615893993,561750.05,1.285495212684004,0.03983799705449192,0.26802218114602566,0.9823398197433706,0.9128025366454283,-0.011340206110686535
2026-05-05,13425.170544209928,13433.090998808282,13227.15917925108,13292.5029296875,419490,MARUTI,-0.011340206110686535,0.041421043257059864,0.05816521000596664,13183.200439453125,13348.3023828125,14666.33962890625,1.008291043645765,0.9958197341111444,0.9063272272441434,13169.521975367263,13170.607633675567,-1.0856583083041187,-56.31663214359605,55.230973835291934,53.53639564815546,0.021624681065518046,563592.05,0.744314970376179,0.01549232831818851,0.3173076923076901,0.9876312403911404,0.9101318202466826,0.02204676140943218
2026-05-06,13420.22008275659,13625.16184278098,13245.970083895272,13585.5595703125,435208,MARUTI,0.02204676140943218,0.03507577423768171,0.07219878156540593,13228.941064453125,13319.749140625,14672.982875976562,1.0269574491353377,1.019956113803734,0.9258894176558705,13233.527759204992,13201.344814167192,32.18294503779907,-38.616716707317025,70.7996617451161,58.84774627686923,0.022011039116245676,567375.35,0.7670548253462193,0.02791138318029445,0.8955613577023512,0.9931824484670728,0.9077737807786068,0.003498012775369652
2026-05-07,13585.559305215142,13732.08771048929,13536.0564655955,13633.08203125,726199,MARUTI,0.003498012775369652,0.03424965596691365,0.012351091791090063,13237.25751953125,13297.314453125,14679.75599609375,1.0299023050004672,1.0252507812241811,0.9286994984710735,13294.997647211916,13233.325348765919,61.67229844599751,-18.558913676654115,80.23121212265163,57.4870052538099,0.017069850417272235,552370.7,1.3146950046409052,0.01437908496732015,0.4949494949494837,0.9954835291136823,0.9058266674639133,-0.0031953522981923443
2026-05-08,13536.056464465248,13651.893109165543,13490.513852018978,13589.51953125,270505,MARUTI,-0.0031953522981923443,0.03094486395181506,0.010081677315627147,13244.039404296875,13272.54322265625,14686.1741796875,1.0260857066644666,1.0238821078429543,0.9253274110044067,13340.308706294698,13259.710103024,80.59860327069873,1.2725897128164547,79.32601355788228,56.394818947462724,0.017088990016901524,538400.25,0.5024236151450524,0.01187527320413818,0.6134969325153412,0.9978524222614157,0.903744097017013,-0.017703641679292725
2026-05-11,13412.2991807102,13521.20542636445,13099.4412386489,13348.935546875,634354,MARUTI,-0.017703641679292725,-0.007142903317348792,-0.01648552754112642,13232.8517578125,13241.07919921875,14691.820405273438,1.0087723939772821,1.00814558587208,0.90859642839655,13341.635912537822,13266.31939516111,75.316517376712,16.081375245595567,59.23514213111643,50.4602513223146,0.017446049407070497,546521.9,1.1607110346355745,0.031595342282874736,0.5915492957746483,0.9993786426859576,0.9012551769599658,-0.023066050883329137
2026-05-12,13308.34365940181,13321.214397950553,13019.24707046078,13041.0283203125,302512,MARUTI,-0.023066050883329137,-0.018918529542946816,0.007341729297955846,13237.604052734376,13206.3480078125,14696.206240234374,0.9851502030398567,0.9874818013729306,0.8873737961440396,13295.388590657003,13249.631167394546,45.75742326245745,22.016584848967945,23.740838413489506,46.798601244427026,0.01484638232779699,494252.0,0.612060244571595,0.023155177649559485,0.07213114754097812,1.0023667440009445,0.8986229365546713,-0.005238350449411677
2026-05-13,13055.879618753816,13152.905189591602,12856.878192851827,12972.71484375,307027,MARUTI,-0.005238350449411677,-0.04511000988886049,-0.013996524806218269,13228.396533203126,13167.3991796875,14700.319072265625,0.9806717549771533,0.9852146704690303,0.882478453697307,13245.746475748232,13229.118847124579,16.627628623653436,20.938793603905044,-4.311164980251608,48.84569825996808,0.014413192111421431,474630.45,0.6468759010299486,0.02281920170953225,0.391304347826087,1.0046324526721817,0.8957219986149682,-0.0021369219952334095
2026-05-14,13102.412201392208,13102.412201392208,12797.474695118308,12944.9931640625,286648,MARUTI,-0.0021369219952334095,-0.05047199639892508,-0.019497509664911483,13215.525830078124,13125.06435546875,14703.8672265625,0.9795291788239027,0.9862803574497354,0.8803801724132412,13199.476735488888,13208.072500231092,-8.595764742203755,15.031881934683284,-23.62764667688704,50.56603617519764,0.014384374905254285,462597.4,0.6196489647369396,0.023556405353728445,0.4837662337662346,1.0068922690326987,0.8926266915521622,0.011166313471975275
2026-05-15,12948.952949350229,13192.5069233192,12948.952949350229,13089.541015625,268206,MARUTI,0.011166313471975275,-0.03679147849747488,-0.01724523744443829,13204.041162109375,13092.6696875,14707.4769921875,0.9913284012766526,0.9997610363699936,0.8899922823321814,13182.56354781752,13199.29239026027,-16.728842442749738,8.679737059196679,-25.408579501946416,49.97878277579881,0.01447596022647524,448542.3,0.5979502936512342,0.018606761969594,0.5772357723577188,1.0085063991735548,0.8902050089525706,-0.015505655532170648
2026-05-18,12996.475404595183,13008.356086004123,12722.22967540551,12886.5791015625,373184,MARUTI,-0.015505655532170648,-0.03463620329043671,-0.03226765261640374,13182.55693359375,13065.50251953125,14710.414755859376,0.9775477675899888,0.986305661209641,0.876017387370372,13137.027479162902,13176.128442949324,-39.10096378642265,-0.8764031099271872,-38.224560676495464,52.7777691848433,0.01484423773742618,449770.05,0.8297217655999994,0.022203441917639795,0.574394463667824,1.0089590441613339,0.888180431100834,-0.004609704394341385
2026-05-19,12904.400210930264,12973.704186284349,12771.732600966734,12827.17578125,342737,MARUTI,-0.004609704394341385,-0.016398441427307286,-0.03751577452226518,13157.5580078125,13041.70154296875,14713.80478515625,0.974890308188926,0.9835507843043373,0.8717783040176297,13089.357987176301,13150.280097638264,-60.9221104619628,-12.88554458033431,-48.03656588162849,42.18990738247751,0.01484858768967681,452262.95,0.7578268350303734,0.015745600493979734,0.2745098039215644,1.0088835390429718,0.886358201253671,0.0036277044860506535
2026-05-20,12722.230289103956,12942.022905771744,12626.19477641578,12873.708984375,300695,MARUTI,0.0036277044860506535,-0.007631853514663445,-0.025043093142053774,13141.024072265625,13013.74234375,14717.740908203124,0.9796579713711354,0.9892395780033056,0.8747068632795181,13056.181217514562,13129.793348507652,-73.61213099308952,-25.030861862885352,-48.58126913020417,41.88837703737968,0.014788964626918064,445565.7,0.6748611933099877,0.024532800123048443,0.7836990595611301,1.0097805631273125,0.8842214593203378,0.0005382821305353058
2026-05-21,12972.713952158196,13019.246620688413,12804.404300027623,12880.638671875,213095,MARUTI,0.0005382821305353058,-0.004971380932526026,-0.011398196966282081,13133.5986328125,12990.9908203125,14721.079931640625,0.9807394783402689,0.9915054863817658,0.8749791952552416,13029.174672031553,13111.337446534862,-82.16277450330927,-36.45724439097013,-45.70553011233913,42.09978032231356,0.014513729066407962,429166.15,0.49653263660239744,0.01667947732513449,0.35483870967741826,1.0109774392478994,0.8824753945116776,-0.0017678089101450523
2026-05-22,12969.744586834431,13021.227542446291,12844.997425159534,12857.8681640625,387975,MARUTI,-0.0017678089101450523,-0.017699081372368308,-0.004675052727863727,13130.578955078125,12980.67443359375,14723.575405273437,0.9792308631669164,0.9905392997752545,0.8732843626730291,13002.819824651699,13092.561944129502,-89.7421194778035,-47.11421940833681,-42.62790006946669,32.361670341844345,0.01439502814775149,425360.0,0.9121097423359037,0.013706013706013664,0.07303370786517162,1.0115482845095032,0.8816251539652898,0.014090958562352762
2026-05-25,13014.296431950575,13104.391599337983,12970.733933433585,13039.0478515625,276553,MARUTI,0.014090958562352762,0.011831592294460291,-0.003932873116780478,13128.00478515625,12966.87302734375,14727.025751953124,0.9932238801668983,1.0055660932336232,0.8853822945093471,13008.39336725336,13088.597937272687,-80.20457001932664,-53.73228953053477,-26.472280488791867,42.514590805629354,0.014433186075680544,423548.35,0.652943164576134,0.010250569476081953,0.5111111111111144,1.0124264159503,0.8804814526534023,0.0028853387717258094
2026-05-26,13056.868786317951,13196.466791995146,13003.40572031392,13076.669921875,256901,MARUTI,0.0028853387717258094,0.019450434365271274,0.024511283119757588,13143.64765625,12961.15048828125,14731.510708007812,0.9949041745391622,1.0089127453383244,0.8876665931326875,13018.897452579768,13087.71438057656,-68.81692799679331,-56.74921722378648,-12.06771077300683,32.30022397169682,0.013199136001931854,394559.45,0.6511084704725739,0.014763779527559114,0.3794871794871757,1.0140803216607779,0.8798249375222446,0.011811051259436711
2026-05-27,13076.670279061284,13283.592151284469,12971.72425774235,13231.119140625,322020,MARUTI,0.011811051259436711,0.027762795996382428,0.008071166861653989,13148.94443359375,12968.14029296875,14736.456040039062,1.0062495288079023,1.0202788404285568,0.897849462901796,13051.546943048264,13098.336955394963,-46.79001234669886,-54.75737624836896,7.9673639016701046,36.98716578757349,0.011870220148454918,372920.55,0.8635083263713946,0.023570787189464284,0.8317460317460281,1.0139421795678005,0.8800040021653928,0.0
2026-05-29,13322.2042724442,13373.68722593462,12920.241212499765,12996.4755859375,963291,MARUTI,-0.01773421826178312,0.010779969129128597,-0.01404536606416884,13142.162548828124,12990.77298828125,14743.534946289063,0.9889145365270486,1.0004389729280463,0.8815033594917279,13066.450688976125,13099.898814531862,-33.448125555736624,-46.37422396390541,12.926098408168784,38.21191053673646,0.012501680659711377,390436.35,2.467216487399291,0.034889921535765825,0.16812227074235314,1.0116536222042707,0.8811165731696534,-0.013788368556349129
2026-06-01,13068.749818959524,13135.083624858788,12784.6035160776,12817.275390625,295359,MARUTI,-0.013788368556349129,-0.01700833246891753,-0.046686322888341625,13110.777734375,12990.2581640625,14745.0893359375,0.9776136588006926,0.9866836539156661,0.8692572217508421,13028.116027691336,13078.963746094318,-50.84771840298163,-47.26892285172065,-3.578795551260974,41.81157871638742,0.011833859826695053,369097.95,0.8002184785908456,0.02734435346825283,0.09322033898305643,1.0092776886179151,0.8809887731505271,0.005870525391070025
2026-06-02,12573.721244576484,12921.231178186434,12573.721244576484,12892.51953125,586599,MARUTI,0.005870525391070025,-0.014082361314094793,-0.03009090165736783,13090.778564453125,12989.7433203125,14747.227856445312,0.9848550617347176,0.9925153417842778,0.8742334258852109,13007.255028238822,13065.153063513257,-57.89803527443473,-49.394745336263476,-8.503289938171257,47.079999203506844,0.011769076942847569,377453.4,1.5540964791945178,0.02695438488711424,0.9173789173789201,1.007778078569315,0.8808261082529691,0.0016894486719376545
2026-06-03,12884.599077521274,13074.68998138512,12782.62322805265,12914.30078125,607808,MARUTI,0.0016894486719376545,-0.023944940409631466,-0.04940972696695922,13057.215625,12998.55482421875,14749.440629882813,0.9890547228555858,0.9935181992069019,0.8755790206094485,12992.954374855926,13053.978820382645,-61.02444552671841,-51.72068537435447,-9.303760152363942,48.87760065310507,0.010433548643488737,386083.4,1.5742919794013417,0.022615762036185184,0.4508474576271177,1.0045128709748528,0.8812913757477207,0.0015333201655989281
2026-06-04,12860.83833300841,13132.113906776256,12820.246002627093,12934.1025390625,465070,MARUTI,0.0015333201655989281,-0.022448335504026695,-0.05127083447347314,13022.266650390626,13007.72275390625,14750.549497070313,0.9932297415115915,0.9943402687590616,0.8768556413190852,12983.900246272322,13045.09909584041,-61.19884956808892,-53.61631821310136,-7.582531354987559,43.74503376060348,0.010383446114024912,373026.95,1.2467463811931014,0.02411206368646651,0.3650793650793599,1.0011180970535376,0.8818466563899727,-0.0010716884362975687
2026-06-05,13020.236947512572,13043.998310659124,12786.583543238146,12920.2412109375,295703,MARUTI,-0.0010716884362975687,-0.005865772954822268,-0.04924959405470153,12988.802734375,13021.48453125,14751.618759765624,0.9947214901296444,0.9922249018482088,0.8758524350003456,12974.106548528503,13035.85036362538,-61.74381509687737,-55.241817589856566,-6.501997507020803,51.59775359645203,0.010387643869006848,374286.85,0.7900437859358405,0.019923371647509656,0.5192307692307678,0.997490163521942,0.8827156357080969,-0.010574719732928783
2026-06-08,12771.73259976185,12899.449925759469,12713.319249111775,12783.61328125,372902,MARUTI,-0.010574719732928783,-0.0026263077252457467,-0.04234961384298108,12960.53662109375,13030.3554296875,14751.499951171874,0.986349072957689,0.98106405080284,0.8665975204938029,12944.799892024119,13017.166135301279,-72.36624327715981,-58.666702727317215,-13.699540549842595,48.073554561315625,0.009950530461762147,361214.25,1.032356835313114,0.014560099132589965,0.37765957446808535,0.9946418339107864,0.8833241007910084,0.01610903240690531
2026-06-09,12948.95259399414,13026.177022645532,12723.21964870546,12989.544921875,428323,MARUTI,0.01610903240690531,0.0075257121301868235,-0.003947802057703509,12957.962451171876,13038.45408203125,14746.807080078124,1.0024373022241833,0.9962488528280623,0.8808377875521909,12951.683742770409,13015.120119491925,-63.43637672151635,-59.62063752615705,-3.8157391953593063,54.48961547429076,0.009452391291303212,367504.8,1.1654895391842501,0.023323170731707223,0.8790849673202601,0.9938265970526136,0.8841543807571243,-0.003582283047047885
2026-06-10,12987.565251825088,13073.700194416091,12920.24138865051,12943.0126953125,203885,MARUTI,-0.003582283047047885,0.0022232650879703275,-0.002289586165675206,12956.47734375,13051.99806640625,14740.980595703126,0.9989607786066946,0.9916499090377388,0.8780292878945436,12950.349735469192,13009.778828811968,-59.42909334277647,-59.58232868948094,0.15323534670447003,52.34551326165558,0.00941268996468817,362347.7,0.5626777815893408,0.01185649812590845,0.14838709677420164,0.9926815249151696,0.8854226475415617,0.0019123041246389416
2026-06-11,12940.042082104615,13085.580428399137,12839.056290798211,12967.763671875,308710,MARUTI,0.0019123041246389416,0.002602510124752655,0.0017590204586368507,12957.615869140625,13067.68056640625,14735.42142578125,1.0007831535397296,0.9923538921828169,0.8800402307589563,12953.028802608545,13006.666594964785,-53.637792356239515,-58.39342142283266,4.755629066593144,54.126365426431065,0.009409495392029694,363450.8,0.849385941646022,0.019010535959688765,0.5220883534136566,0.9915773348830875,0.8868209594292904,0.020461194714357145
2026-06-12,13100.431993958551,13284.582564611232,12999.446197149016,13233.099609375,559038,MARUTI,0.020461194714357145,0.0242145942424552,0.010967427626273007,12964.793798828125,13084.65013671875,14730.896865234376,1.020694953942972,1.011345314632423,0.8983227382852534,12996.116619034154,13023.439410847022,-27.322791812868672,-52.179295500839864,24.85650368797119,56.853164073250696,0.010181177538500692,377992.4,1.4789662437657476,0.02154720933712387,0.8194444444444503,0.9908399279584649,0.8882453157077729,0.03284451704097213
2026-06-15,13415.269886363638,13822.183238636364,13385.568181818182,13667.734375,613280,MARUTI,0.03284451704097213,0.06916050057981327,0.06061773782483404,13003.8515625,13107.8966796875,14728.203911132812,1.0510527830396403,1.04270995637157,0.927997361896163,13099.442427644284,13071.164963747242,28.277463897042253,-36.08794362126345,64.3654075183057,66.3025736114059,0.011772872442855943,389997.2,1.5725241104295107,0.0319449474827961,0.6462585034013599,0.992062409421587,0.8899860946234898,-0.008257858094165682
2026-06-16,13723.177826460473,13736.048565349727,13525.166458933449,13554.8681640625,280511,MARUTI,-0.008257858094165682,0.043521404759566895,0.05673052238640075,13040.236181640625,13127.7572265625,14724.436748046875,1.0394649280314743,1.0325349509538302,0.9205695535933139,13169.507925554779,13106.994830437261,62.51309511751788,-16.367735873507183,78.88083099102506,59.13919505811533,0.01192446763791372,386885.9,0.7250483928207256,0.015557665619749965,0.14084507042252586,0.9933331304493667,0.8915626078738688,-0.004455488165323485
2026-06-17,13563.778587559613,13603.380860807962,13425.170631190387,13494.474609375,241534,MARUTI,-0.004455488165323485,0.04260692058675186,0.04821964095610931,13071.274462890626,13144.23177734375,14719.070639648438,1.032376349198836,1.0266461241679374,0.9168020821250242,13219.502799988659,13135.6970362845,83.80576370415838,3.6669640420259295,80.13879966213246,57.18919748939519,0.012032495704420961,383927.85,0.6291129961006997,0.01320616287600902,0.3888888888888917,0.994449480525832,0.8930069091412212,-0.010711704776159126
2026-06-18,13510.314981529034,13577.638843374556,13299.43288486586,13349.92578125,373512,MARUTI,-0.010711704776159126,0.029470163016916295,0.036433527974019775,13094.738818359376,13141.895234375,14712.793676757812,1.0194877474404331,1.0158295697207247,0.9073685171252847,13239.567874028866,13151.56583220787,88.00204182099515,20.533979597819773,67.46806222317537,60.147804051686,0.012383219832478806,391948.7,0.9529614462300806,0.020839513497478486,0.18149466192170438,0.9964117492055271,0.8932290850469546,-0.006600428782814527
2026-06-19,13349.925600153974,13372.69690605753,13220.228162181553,13261.810546875,719756,MARUTI,-0.006600428782814527,0.0021696305739027366,0.0314159686239055,13114.9359375,13138.05380859375,14705.883076171875,1.0111990336876169,1.0094197161987797,0.9018030728371067,13242.989823697502,13159.732107368398,83.25771632910437,33.07872694407669,50.17898938502768,63.46728708737566,0.012504355861565354,408537.75,1.7617857835659005,0.011496827174318595,0.27272727272726516,0.9982403884600756,0.8933876150478512,0.0019410764019749394
2026-06-22,13316.264382485935,13360.816939899458,13246.960404287123,13287.552734375,254533,MARUTI,0.0019410764019749394,-0.02781599570155535,0.019058514520500225,13127.361181640625,13132.35109375,14698.625961914062,1.0122028753926884,1.0118182676899998,0.9039996506343296,13249.845656109426,13169.20030196148,80.64535414794591,42.59205238485053,38.05330176309538,62.337663922076246,0.012156986899567202,407436.75,0.6247178243003362,0.00856866105357285,0.3565217391304428,0.9996200290356424,0.8934407289346316,0.0022352627657433732
2026-06-23,13286.562145704782,13414.279471844566,13104.391696017026,13317.25390625,398558,MARUTI,0.0022352627657433732,-0.017529809581068312,0.018397954969601615,13139.390380859375,13139.7765234375,14691.7401171875,1.0135366649620006,1.0135068798541538,0.9064449683989766,13260.216156131053,13180.167235612484,80.0489205185695,50.08342601159433,29.965494506975176,62.5230658664025,0.012152588616122912,414519.6,0.9614937387761641,0.023269645379525587,0.6869009584664515,0.9999706126982117,0.8943648892935155,-0.015091808470977353
2026-06-24,13306.363366168478,13306.363366168478,13069.739791427834,13116.2724609375,327495,MARUTI,-0.015091808470977353,-0.028026444851343202,-0.008680042743691496,13133.648046875,13138.96466796875,14683.428588867188,0.998677017544898,0.9982729075231802,0.8932704226097515,13238.070972255122,13175.434289340263,62.63668291485919,52.59407739224731,10.042605522611886,55.08847867739162,0.012377631110597758,414793.35,0.7895377300528083,0.01804045893719804,0.1966527196652718,0.9995953546395697,0.894815852336461,0.03751512445440852
2026-06-25,13225.17906355152,13778.620828525714,13193.497245163016,13608.3310546875,981556,MARUTI,0.03751512445440852,0.019356307868050537,0.02850944882691775,13152.508642578125,13147.08314453125,14678.8891796875,1.034656689799371,1.0350836687564506,0.927068178532104,13295.034061860102,13207.500716403021,87.53334545708094,59.58193100521403,27.95141445186691,65.16805315289639,0.0150003599723652,463871.15,2.1160100170058,0.04299745361949784,0.7089678510998288,1.0004126769403698,0.8956456434540055,0.0
2026-06-29,13603.38022707044,13702.38590557896,13238.049273374008,13278.6416015625,1358592,MARUTI,-0.024227030618235612,-0.0006706376253504676,0.035995654058814885,13206.1697265625,13152.11263671875,14664.058125,1.0054877285769115,1.009620428925654,0.90552297927164,13333.2963688096,13240.2622043493,93.03416446030133,73.70594819874451,19.32821626155682,56.409129504966266,0.015101075618537064,468868.25,2.8975986324516536,0.03496868475991647,0.08742004264392116,1.0041101449886334,0.8968944697713922,0.05241580901660914
2026-06-30,13607.341254870706,14059.797232277277,13375.667953529048,13974.65234375,1511415,MARUTI,0.05241580901660914,0.0493644141748677,0.08393493683504083,13260.2763671875,13165.06259765625,14657.8702734375,1.0538733851980808,1.0614953206707791,0.95338900420441,13431.966518800433,13294.661473934537,137.30504486589598,86.4257675321748,50.87927733372118,67.75732086756125,0.0188661666207364,515109.05,2.934165105427676,0.04895501239815799,0.8755426917510843,1.0072323066316602,0.8981565774608835,0.019837045923827956
2026-07-01,14010.294295911666,14404.336916911796,13930.099692140282,14251.8681640625,1397790,MARUTI,0.019837045923827956,0.08657914864966387,0.10357257473470693,13327.154736328124,13186.01220703125,14654.34072265625,1.0693856600324243,1.0808323199081293,0.9725356079668934,13558.105233456135,13365.565673203275,192.5395602528606,107.64852607631198,84.89103417654863,70.33552330618369,0.019172770720444144,554608.15,2.5203199772668325,0.03327544286210492,0.6784968684759933,1.010703958640476,0.8998024855969876,-0.0032650598917507434
2026-07-02,14287.5096753059,14345.92302648344,14133.060814565291,14205.3349609375,327088,MARUTI,-0.0032650598917507434,0.04387047198152616,0.09828532115279964,13390.716357421876,13209.53595703125,14650.642861328124,1.0608345798515937,1.0753848588735777,0.9696048900648544,13657.679037684038,13427.770805628032,229.90823205600645,132.10046727225088,97.80776478375557,66.54310463723178,0.019249771798573276,547709.05,0.5971929804701966,0.0149846668525232,0.3395348837209296,1.0137158792693384,0.9016352444095935,0.0012545490205972953
2026-07-03,14306.321022727274,14375.625,14190.484375,14223.15625,384188,MARUTI,0.0012545490205972953,0.04518005865978103,0.10084293456994686,13455.862109375,13235.63384765625,14645.895537109374,1.0570230383150558,1.0746108885838224,0.9711359891897188,13744.675531886494,13486.688245951882,257.9872859346124,157.2778310047232,100.70945492988918,61.01294323673088,0.01921897374072484,552133.3,0.6958247220372327,0.013016845329249618,0.17647058823529413,1.0166390415641293,0.9037094259016227,0.006264816836980103
2026-07-06,14205.335579733328,14381.565697742286,14148.902339696751,14312.26171875,214686,MARUTI,0.006264816836980103,0.07784080241053215,0.11957874537257007,13532.29453125,13260.06845703125,14641.89076171875,1.0576374675927154,1.0793505150541525,0.9774872625173132,13831.99648371165,13547.84183652952,284.15464718212934,182.65319424020444,101.5014529419249,65.16050287211962,0.018866936244288344,544222.5,0.39448203629949147,0.016256225788599876,0.7021276595744722,1.0205297638621467,0.9056254190681249,0.00567237882508409
2026-07-07,14319.192026324868,14452.849699252603,14270.679241336282,14393.4462890625,524759,MARUTI,0.00567237882508409,0.029968111907971773,0.10807933423620297,13602.489599609375,13292.6611328125,14636.767221679687,1.0581479356158332,1.0828114961520194,0.9833760468461379,13918.373376842548,13610.479203383815,307.89417345873335,207.7013900839102,100.19278337482314,67.84588918006929,0.018711358163703305,549044.3,0.9557680500462348,0.012656486449305185,0.6739130434782689,1.0233082347997327,0.908169196892308,-0.04037699178004528
2026-07-08,14331.071982617172,14355.82340227627,13741.988194730664,13812.2822265625,481076,MARUTI,-0.04037699178004528,-0.030844092328082273,0.06716129789201375,13645.953076171874,13306.40310546875,14627.609194335937,1.0121888994826653,1.038017721023786,0.9442610916834485,13902.051661414847,13625.427575471125,276.6240859437221,221.4859292558726,55.13815668784949,57.82243442463959,0.02126596152037193,562903.85,0.854632633974701,0.044441258691133245,0.11451612903225891,1.0255177877907198,0.9096772362923955,-0.015984485615122446
2026-07-09,13860.795454545456,13897.427556818182,13563.77840909091,13591.5,576451,MARUTI,-0.015984485615122446,-0.04321157949639709,0.04809898945627644,13677.139892578125,13314.60078125,14617.268051757812,0.9937384648215379,1.0207966594942852,0.9298249133746673,13854.27448273564,13622.914421732523,231.36006100311715,223.46075560532154,7.899305397795615,55.33825284573363,0.021706849897471146,576290.9,1.0002778110846449,0.02454836829836825,0.0830860534124606,1.027228688060904,0.9108816185148114,0.009178315146415095
2026-07-10,13662.78400247672,13847.924626278398,13639.022638994153,13716.2470703125,430154,MARUTI,0.009178315146415095,-0.035639711100516114,0.036510528538243214,13701.297265625,13325.2933984375,14607.317978515624,1.0010911233000548,1.0293392167950945,0.9389983219702818,13833.039496209003,13629.827951256966,203.211544952037,219.41091347466465,-16.19936852262765,56.72568234613142,0.02136136348150466,569846.7,0.7548591577348785,0.015230258409123716,0.36966824644550084,1.0282173049361594,0.9122340882861781,-0.011476823398232416
2026-07-13,13545.957386363638,13703.376420454546,13401.409090909092,13558.828125,458633,MARUTI,-0.011476823398232416,-0.05264252488919707,-0.007968127490039834,13695.851953125,13327.57052734375,14596.818427734375,0.9899952315055701,1.0173518194619031,0.9288892776276395,13790.853131407617,13624.56870486756,166.2844265400563,208.785616087743,-42.50118954768669,53.643968975914085,0.020264960734179112,562114.35,0.8159069413545482,0.02227090178897404,0.5213114754098337,1.0276330502266455,0.9130462636995595,-0.015042018864554363
2026-07-14,13483.583358648137,13553.877390402597,13336.06489764229,13354.8759765625,368645,MARUTI,-0.015042018864554363,-0.07215577782016003,-0.014754270206052689,13685.85234375,13328.81798828125,14583.9080859375,0.975816167026042,1.0019550111873508,0.9157268338409172,13723.779722969908,13604.591465733853,119.1882572360555,190.8661443174055,-71.67788708135001,53.59593537000472,0.020462634507756844,566521.05,0.650717215185561,0.016309585588257177,0.08636363636364076,1.0267866479820384,0.9139400707779782,0.006968647994247679
2026-07-15,13368.736862886974,13470.712712466871,13301.4130010284,13447.94140625,456369,MARUTI,0.006968647994247679,-0.02637803183689902,-0.0034483152899240643,13683.52568359375,13326.065625,14570.710625,0.9827833642592412,1.0091456686976956,0.9229434138357271,13681.343058859153,13592.987757623938,88.35530123521494,170.36397570096742,-82.00867446575248,47.25236964485691,0.020507156904612564,577262.8,0.7905740678249144,0.012589265994257514,0.8654970760233855,1.0268241256386392,0.9145789775095475,0.014724314507941871
2026-07-16,13469.723011363638,13707.336647727274,13448.931818181818,13645.953125,356847,MARUTI,0.014724314507941871,0.004006410256410353,0.022174456143102317,13698.32705078125,13326.323046875,14558.40421875,0.9961766188245401,1.023984866418194,0.9373247864230312,13675.898453650052,13596.911118170314,78.98733547973825,152.08864765672158,-73.10131217698333,50.60355575413842,0.02059477793944001,576429.55,0.619064376557378,0.01893637089167825,0.7624521072796903,1.0279149771919633,0.9153697648889167,0.0014510368802105322
2026-07-17,13613.28089624991,13746.938563231271,13563.77805662718,13665.75390625,237330,MARUTI,0.0014510368802105322,-0.0036812667345273997,0.030459141151747637,13718.52421875,13327.847734375,14546.112661132813,0.996153353548928,1.025353393781914,0.9394780739437603,13674.337754050044,13602.010583953994,72.3271700960504,136.13635214458736,-63.80918204853697,56.895939254958904,0.02051079762042799,552308.25,0.4297056942386792,0.013402883431138327,0.5567567567567663,1.0293127961964461,0.9162480756791459,-0.020937445421993273
2026-07-20,13686.545545360366,13694.465999958376,13243.990144696589,13379.6279296875,517730,MARUTI,-0.020937445421993273,-0.013216495825482677,0.006929432165059257,13723.127978515626,13328.46158203125,14533.885458984376,0.9749692599700378,1.003838878728902,0.9205816274970469,13628.997781071192,13585.537794749069,43.45998632212286,117.60107898009447,-74.14109265797161,37.58777406797028,0.021125408345877228,565468.1,0.9155777310868641,0.033668787923634674,0.30109890109889975,1.029610798969961,0.9170611409897983,0.006141785490549001
2026-07-21,13385.568358369494,13519.22603058694,13215.278583396152,13461.802734375,341101,MARUTI,0.006141785490549001,0.008006570633838361,0.010854251870737519,13730.355419921874,13336.8770703125,14521.8463671875,0.980440951648111,1.0093669352580734,0.9270035224165643,13603.275466194855,13576.372234721359,26.903231473495907,99.46150947877476,-72.55827800527885,32.059361352319755,0.021159786105071896,562595.25,0.6062991111282934,0.02257850996543372,0.8110749185667757,1.0295030348960212,0.9184009204537192,-0.0038244059472091196
2026-07-22,13460.81223266196,13582.589218879775,13356.856268817482,13410.3193359375,299404,MARUTI,-0.0038244059472091196,-0.002797608137630303,0.022418478716092594,13745.057763671875,13345.62916015625,14509.8666796875,0.975646633612622,1.00484729307288,0.9242207135307957,13573.589907693724,13564.072019996629,9.51788769709492,81.47278512243881,-71.95489742534389,31.987448457873754,0.020863698036980873,561190.7,0.5335156124290727,0.016832779623477324,0.2368421052631615,1.0299295446263508,0.9197623558346626,-0.010483560242167123
2026-07-23,13406.35928530751,13433.090819219578,13239.0396841542,13269.7314453125,327912,MARUTI,-0.010483560242167123,-0.027570201673802086,-0.024881788076309808,13728.127783203125,13352.12392578125,14497.971147460938,0.9666089691813993,0.9938292603538782,0.9152819598234928,13526.842451942768,13542.269014464471,-15.42656252170309,62.09291559361043,-77.51947811531352,29.53676669398432,0.019172481990837698,528508.5,0.620447920894366,0.014623591733194111,0.15816326530612174,1.0281606027259722,0.9209649950310211,0.0029098030240197748
2026-07-24,13207.357954545456,13360.816761363638,13065.779829545456,13308.34375,223369,MARUTI,0.0029098030240197748,-0.026153709389318047,-0.02204438615447757,13713.12841796875,13356.49998046875,14485.31822265625,0.970481960379052,0.9963945471838304,0.9187470751719239,13493.227267028496,13524.941217096733,-31.713950068236954,43.33154246124096,-75.04549252947791,27.975670684417324,0.01919218286722604,539676.95,0.4138939044923079,0.02216932004166048,0.8221476510067065,1.0267007403153146,0.922071560677077,0.021425409811044238
2026-07-27,13443.98188529907,13623.182174071377,13366.757451463493,13593.48046875,333477,MARUTI,0.021425409811044238,0.01598344439668553,0.023710171313792605,13728.870361328125,13370.6380078125,14473.546450195312,0.9901383078858771,1.0166665540423196,0.9391948625394825,13508.650836524112,13530.018198700678,-21.36736217656653,30.39176153367946,-51.75912371024599,33.89155517240431,0.018990542199653525,488421.2,0.6827652034760162,0.01886380189366351,0.8841698841698835,1.0267924651992155,0.9237983277852452,0.0052439258134715505
2026-07-28,13592.489526965068,13710.306283736052,13533.086120189782,13664.763671875,481068,MARUTI,0.0052439258134715505,0.01507680223108121,-0.022175054108848347,13713.375927734374,13387.389765625,14462.606318359374,0.9964551211812797,1.020719043152252,0.9448341032783584,13532.668195808863,13539.999344861739,-7.331149052875844,22.8471794163684,-30.178328469244246,46.26191328155507,0.014774919703695906,436903.85,1.1010843690207812,0.012969134907984299,0.7430167597765387,1.0243502406231881,0.9256554089168938,0.010578216469452117
2026-07-29,13642.982954545456,13840.994318181818,13583.579545454546,13809.3125,515674,MARUTI,0.010578216469452117,0.02975269671567493,-0.03105246687437424,13691.24814453125,13406.1018359375,14452.522587890626,1.008623344944333,1.0300766523331653,0.9554949605524538,13575.228857992115,13559.948467464572,15.280390527543204,21.33382163860336,-6.053431111060156,55.74112627388961,0.014221847489368986,392798.05,1.3128221996010419,0.018640665328362442,0.8769230769230772,1.021269889792226,0.9275959787926646,0.017206742279892717
2026-07-30,13800.401639754988,14108.309302425463,13687.535165335585,14046.92578125,626000,MARUTI,0.017206742279892717,0.05856895741564094,-0.011151386442002309,13683.327685546876,13429.427578125,14442.240844726562,1.0265723443930366,1.0459809771885462,0.9726278582578196,13647.797615416406,13596.020861078308,51.77675433809782,27.422408178502252,24.354346159595565,58.22659399596998,0.014811029431605002,407743.65,1.535278354426856,0.0299548914575695,0.8541176470588271,1.0189062494246182,0.9298714598731137,0.0032422018496596205
2026-07-31,14108.30965909091,14205.335227272728,13983.5625,14092.46875,535417,MARUTI,0.0032422018496596205,0.05891980360065463,-0.009188361408882129,13676.793310546875,13454.11958984375,14431.899702148437,1.0303927558174457,1.0474463717892122,0.9764805078226876,13716.208559198498,13632.79477877621,83.41378042228826,38.620682627259455,44.7930977950288,64.0584206762062,0.014829763137928642,415305.1,1.289213640766752,0.015736967823521193,0.4910714285714271,1.016550597697319,0.9322486898825159,-0.005901381832938202
2026-08-03,14157.812230841431,14296.420182751766,13762.779567896974,14009.3037109375,961183,MARUTI,-0.005901381832938202,0.030589902500940402,-0.021167724135145227,13661.64541015625,13473.52470703125,14421.449653320313,1.0254477619894011,1.0397653186939755,0.9714213236331674,13761.300121004499,13660.684329306674,100.61579169782453,51.019704441372475,49.59608725645206,68.41225758378374,0.01479337175857391,452629.95,2.1235514795253825,0.03809187279151942,0.4619666048237483,1.0139622487222537,0.934269787776098,0.0012721038411485086
2026-08-04,13983.5625,14112.269886363638,13875.646306818182,14027.125,619717,MARUTI,0.0012721038411485086,0.02651793597212504,-0.02545056143648272,13643.329345703125,13492.53380859375,14411.331274414062,1.0281306449893588,1.039621260097622,0.9733399873267653,13802.196256234576,13687.828082691365,114.36817354321101,63.68939826174018,50.678775281470834,67.01571191344274,0.014722023816320776,457377.85,1.3549344376864774,0.016869000564652833,0.6401673640167321,1.0111762208083799,0.9362447890257335,0.0015527950310558758
2026-08-05,14098.409090909092,14107.319602272728,13948.910511363638,14048.90625,312540,MARUTI,0.0015527950310558758,0.017350157728706517,0.017131421118983914,13655.160546875,13508.88955078125,14400.89607421875,1.0288349376613597,1.0399749140881471,0.9755577831820549,13840.151639890795,13714.574613603116,125.57702628767947,76.06692386692805,49.51010242075142,63.20570904067992,0.011474308007103112,448951.05,0.6961560731398223,0.011275546159267031,0.6312499999999939,1.0108277586802308,0.9380589569676558,-0.007751937984496138
2026-08-06,14039.995738636364,14039.995738636364,13845.944602272728,13940.0,333510,MARUTI,-0.007751937984496138,-0.007612041447013662,0.02564102564102555,13672.585546875,13523.06716796875,14389.40646484375,1.0195584406627554,1.030831232800412,0.9687682416962964,13855.512926061441,13731.272790373256,124.24013568818555,85.70156623117956,38.53856945700599,58.49173106393684,0.010972968537535191,436804.0,0.7635232278092692,0.013920454545454522,0.48469387755101784,1.0110565433898313,0.9397932570053085,0.006958393113343009
2026-08-07,13811.0,14038.0,13811.0,14037.0,324104,MARUTI,0.006958393113343009,-0.00393605627119098,0.023384890053616658,13688.623193359375,13543.87765625,14378.287998046875,1.0254500983568333,1.0364092438122727,0.9762636554440115,13883.43401435968,13753.919250345607,129.51476401407308,94.46420578775826,35.05055822631482,73.05505341903029,0.010900323373954827,431501.5,0.7511074700783196,0.0161715466267721,0.9955947136563876,1.010687156277034,0.9419673370077009,0.004274417610600656
2026-08-10,14039.0,14119.0,13954.0,14097.0,299446,MARUTI,0.004274417610600656,0.0062598606520345434,0.039691621579575065,13715.531787109376,13569.4721484375,14367.608139648437,1.0278128634610544,1.0388760775505363,0.9811654008782663,13916.290319842807,13779.332639208897,136.95768063391006,102.96290075698863,33.99477987692143,72.62932744025395,0.01049677390337059,423542.15,0.7070040136501172,0.011704618003830602,0.8666666666666667,1.010763840853507,0.9444489309944065,-0.007590267432787123
2026-08-11,14120.0,14175.0,13980.0,13990.0,334931,MARUTI,-0.007590267432787123,-0.002646657814769582,0.04755746324803978,13747.28798828125,13591.4217578125,14356.408134765625,1.0176552649457586,1.0293257209797342,0.9744777292950925,13927.630270636222,13794.937628897125,132.69264173909687,108.90884895341028,23.783792785686586,69.86569746622357,0.009979512272491673,421856.45,0.7939454285930676,0.013938527519656898,0.05128205128205128,1.0114679857079085,0.9467146399174439,-0.008220157255182325
2026-08-12,13990.0,14067.0,13875.0,13875.0,354408,MARUTI,-0.008220157255182325,-0.012378632678255674,0.03175642879820417,13768.64091796875,13610.6357421875,14345.222211914062,1.0077247335205355,1.0194233585278516,0.967220987938163,13919.533305922958,13800.868174904745,118.66513101821329,110.8601053663709,7.805025651842385,71.11287337010913,0.010187153561251877,416758.4,0.850391977702189,0.013837837837837838,0.0,1.0116089489700688,0.9487922557855903,0.00216216216216214
2026-08-13,13884.0,13938.0,13825.0,13905.0,220061,MARUTI,0.00216216216216214,-0.0025107604017217122,0.018983421137906076,13781.59326171875,13630.05369140625,14333.621958007812,1.0089544609202796,1.0201720635016356,0.970096744614619,13917.297412704042,13808.58164343032,108.71576927372189,110.4312381478411,-1.7154688741192103,70.93826294008063,0.009712454144934077,409919.1,0.5368400740536364,0.008126573175116865,0.7079646017699115,1.0111180464687417,0.9509148302736911,-0.005106076950737171
2026-08-14,13905.0,13943.0,13760.0,13834.0,216810,MARUTI,-0.005106076950737171,-0.01446177958253192,0.01231151203981895,13790.00556640625,13648.3288671875,14322.047875976563,1.0031903129684678,1.0136039462867048,0.965923317656604,13904.48242613419,13810.464484657703,94.01794147648616,107.14857881357011,-13.130637337083954,59.9333880769659,0.009806131905977677,408893.1,0.5302363869676451,0.013228278155269625,0.40437158469945356,1.0103805162227122,0.9529593103847152,-0.005349139800491565
2026-08-17,13834.0,13920.0,13760.0,13760.0,177071,MARUTI,-0.005349139800491565,-0.023905795559338916,0.028429196410500124,13809.024169921875,13667.8566015625,14310.960190429687,0.9964498454547819,1.0067416129041744,0.9615008229288391,13882.254360575083,13806.726374683058,75.52798589202575,100.82446022926125,-25.296474337235495,53.92442655935613,0.00853669565412989,391860.15,0.45187294497794683,0.011627906976744186,0.0,1.0103284349898167,0.955062163522944,-0.005014534883720945
2026-08-18,13762.0,13890.0,13691.0,13691.0,267433,MARUTI,-0.005014534883720945,-0.021372408863473913,0.017025748344962732,13820.484033203125,13681.885703125,14299.190888671876,0.9906310059118012,1.0006661579458245,0.9574667620422007,13852.8306127943,13798.15405063246,54.67656216183968,91.59488061577694,-36.91831845393726,44.80095919968278,0.008577490587530361,388176.75,0.6889464657530364,0.014535096048499015,0.0,1.0101300605110646,0.9568293625595335,-7.304068366076333e-05
2026-08-19,13744.0,13745.0,13628.0,13690.0,175646,MARUTI,-7.304068366076333e-05,-0.013333333333333308,0.020855630433273875,13834.46806640625,13696.82544921875,14287.515590820312,0.9895573819164716,0.999501676556801,0.9581791818863026,13827.779749287483,13790.142639474501,37.63710981298209,80.80332645521798,-43.166216642235895,30.197562756949694,0.008509970936000645,381988.85,0.459819704161522,0.008546384222059897,0.5299145299145299,1.0100492349630805,0.9586569030950994,0.008692476260043769
2026-08-20,13758.0,13826.0,13681.0,13809.0,186272,MARUTI,0.008692476260043769,-0.0069039913700107425,0.04063899536399407,13861.431494140625,13713.65017578125,14279.083696289063,0.9962174545852073,1.0069529135566795,0.9670788612009305,13824.89055708941,13791.539480994908,33.35107609450097,71.31287638307458,-37.96180028857361,35.45827630637653,0.00821528247717378,374906.85,0.49684875056297323,0.010500398290969657,0.8827586206896552,1.01077622051497,0.9604012741619575,-0.01766963574480407
2026-08-21,13809.0,13809.0,13565.0,13565.0,224951,MARUTI,-0.01766963574480407,-0.019444846031516527,0.019285363740322747,13874.264306640625,13720.28818359375,14270.80302734375,0.9777094986944567,0.9886818570050564,0.9505421645865767,13784.907394460268,13774.75877869899,10.148615761278052,59.080024258715284,-48.93140849743723,30.435919333379772,0.009314028795747721,374985.95,0.5998918092797877,0.017987467747880573,0.0,1.0112225137684057,0.9614236954504116,0.004054552156284474
2026-08-24,13623.0,13694.0,13505.0,13620.0,230499,MARUTI,0.004054552156284474,-0.01017441860465118,0.001950900750618434,13875.590283203124,13719.33349609375,14262.411240234374,0.9815798623347559,0.9927595975327786,0.9549577396546997,13759.537026081765,13763.295165462028,-3.7581393802629464,46.51239153091964,-50.27053091118259,32.64136865106859,0.00803020661993219,369837.05,0.6232447506273371,0.013876651982378854,0.6084656084656085,1.0113895319443809,0.9619224453009322,0.004258443465491979
2026-08-25,13609.0,13678.0,13450.0,13678.0,296429,MARUTI,0.004258443465491979,-0.0009495288875903674,0.0009686466918006342,13876.252099609375,13721.7961328125,14254.175791015625,0.9857128496811501,0.9968082798790625,0.9595784562037752,13746.992868223031,13756.977005057433,-9.984136834402307,35.213085857855255,-45.19722269225756,34.659428719141786,0.008000130377573545,360605.1,0.8220321897832283,0.016669103670127212,1.0,1.0112562499327278,0.9626509686699191,-0.01155139640298286
2026-08-26,13750.0,13750.0,13514.0,13520.0,197113,MARUTI,-0.01155139640298286,-0.01241782322863405,-0.020950536096565275,13861.786474609375,13722.306640625,14244.635512695313,0.975343259309655,0.9852570966439367,0.9491292345072998,13712.070888496411,13739.423152830957,-27.352264334545907,22.700015819375025,-50.05228015392093,33.306836248012715,0.008001901428501582,344677.05,0.5718773559191133,0.017455621301775148,0.025423728813559324,1.010164459783419,0.9633315382759499,-0.00591715976331364
2026-08-27,13520.0,13580.0,13404.0,13440.0,315555,MARUTI,-0.00591715976331364,-0.02672170323701939,-0.04320701843958852,13831.440185546875,13724.108125,14234.3883203125,0.9716992460441025,0.9792986092493351,0.9441923107311252,13670.213828727734,13717.243660028664,-47.0298313009298,8.754046395314061,-55.78387769624386,25.946817082997583,0.0068104252681651005,329154.8,0.9586826623825628,0.013095238095238096,0.20454545454545456,1.0078206947634984,0.9641515895288364,-0.004761904761904745
2026-08-28,13500.0,13525.0,13318.0,13376.0,277509,MARUTI,-0.004761904761904745,-0.01393291559159604,-0.05084054204484223,13795.616748046876,13726.3919140625,14223.568662109376,0.9695833281171512,0.9744731232900666,0.9404109698315556,13624.95016276962,13691.966351878393,-67.01618910877187,-6.400000705503125,-60.616188403268744,21.0441767068273,0.006709211457345637,316259.4,0.8774727328262811,0.01547547846889952,0.28019323671497587,1.0050431922982948,0.965045569093267,0.012784090909090828
2026-08-31,13375.0,13547.0,13268.0,13547.0,443131,MARUTI,0.012784090909090828,-0.005359765051395016,-0.032999763619698363,13772.5015625,13731.580859375,14213.341640625,0.9836266809281765,0.9865579308555008,0.9531185798897255,13612.957830035832,13681.228103591106,-68.27027355527389,-18.77405527545728,-49.49621827981661,33.07868601986249,0.007479709784517999,290356.8,1.5261602276922739,0.020594965675057208,1.0,1.0029800431242453,0.9661050305106987,-0.04406879751974602
2026-09-01,13540.0,13540.0,12851.0,12950.0,915975,MARUTI,-0.04406879751974602,-0.05322415557830096,-0.07678872185141283,13718.6453125,13724.23578125,14200.45138671875,0.9439707569522455,0.9435862372528052,0.911942842331881,13510.964317722628,13627.063058880653,-116.0987411580245,-38.238992451970724,-77.85974870605378,24.17643774427694,0.012032893298834882,305169.7,3.0015266915424434,0.05320463320463321,0.14368650217706821,0.999592657191329,0.966464755767261,-0.007799227799227815
2026-09-02,12763.0,12888.0,12640.0,12849.0,614156,MARUTI,-0.007799227799227815,-0.04963017751479293,-0.08540922892129055,13658.65,13718.89033203125,14186.095776367187,0.9407225457860038,0.9365917861446705,0.9057460348889881,13409.123653457607,13569.428758222826,-160.30510476521886,-62.65221491462035,-97.65288985059851,21.643394199785178,0.011990792496137576,320250.5,1.9177362720745166,0.019301112927076036,0.842741935483871,0.995608950099222,0.9670659600991655,0.0006226165460347932
2026-09-03,12853.0,12927.0,12780.0,12857.0,362963,MARUTI,0.0006226165460347932,-0.04337797619047623,-0.07769010043041602,13604.5,13703.8637109375,14171.522749023437,0.945054945054945,0.9382025588694676,0.9072419547070888,13324.181552925667,13516.656257613728,-192.47470468806023,-88.61671286930834,-103.85799181875188,22.846025569760968,0.012013209515209188,321723.15,1.1281842789367194,0.011433460371781909,0.5238095238095238,0.9927492192688553,0.96700008556821,
