trade_date,open,high,low,close,volume,symbol,return_1d,return_5d,return_20d,sma_20,sma_50,sma_200,price_sma20,price_sma50,price_sma200,ema_12,ema_26,macd,macd_signal,macd_histogram,rsi_14,volatility_20,volume_sma20,volume_ratio,daily_range,close_position,sma20_sma50,sma50_sma200,future_return_1d
2022-06-24,77.25997667677198,78.50532837065224,76.63729717548077,77.83475494384766,317399,NIACL,0.011200966284800051,-0.05192537928023533,-0.16837264301287436,87.78324279785156,97.73363906860351,126.497294921875,0.8866698525034736,0.796396774801479,0.6153076632343685,82.29999768397612,88.35986201518358,-6.059864331207464,-5.3376937374494995,-0.7221705937579648,11.084872789428701,0.021065417800071123,324918.75,0.9768565218227634,0.023999962439903905,0.6410266442349066,0.8981886240440987,0.7726144589017814,0.008615405848113156
2022-06-27,78.60113542079284,79.7985932589603,78.36164385315935,78.50533294677734,271100,NIACL,0.008615405848113156,0.009858084914297738,-0.1763820573233582,86.94262657165527,97.05731460571289,126.12440654754639,0.9029556161622955,0.8088553991597501,0.6224436260652089,81.71620310902246,87.62989689900533,-5.913693789982872,-5.452893747956174,-0.46080004202669844,14.558439800861876,0.020500891443558905,324621.2,0.8351272190479241,0.018303844488821216,0.09999593098958295,0.895786442524732,0.7695363432225484,-0.006101351710534941
2022-06-28,77.73895882368022,78.45743347582385,76.63729622865291,78.0263442993164,286334,NIACL,-0.006101351710534941,-0.012727399627238789,-0.1963493746741355,85.98944969177246,96.39823364257812,125.74720726013183,0.9073943905793135,0.8094167429314074,0.6205016079435004,81.14853252291383,86.9185226323617,-5.769990109447875,-5.516313020254515,-0.25367708919335996,14.66343760768848,0.019439004924285345,326192.2,0.8778076238487615,0.02332721420586764,0.7631556756626513,0.8920230842673014,0.76660337627348,-0.0012276244542791526
2022-06-29,76.87679577990842,80.03808750181571,76.87679577990842,77.93055725097656,373906,NIACL,-0.0012276244542791526,0.013707284570253941,-0.21514718899448004,84.92131690979004,95.74777435302734,125.37886924743653,0.9176795660594902,0.8139150782099883,0.6215605366258311,80.65345940415425,86.25274741892576,-5.599288014771517,-5.532908019157915,-0.06637999561360175,15.024598653547386,0.017956363051250732,308906.0,1.21041999831664,0.040565496172782406,0.33333256268813455,0.8869273200720097,0.7636675536135845,-0.01905337835945986
2022-06-30,77.2599867851954,78.31374829748825,76.20622527290254,76.44571685791016,236916,NIACL,-0.01905337835945986,-0.006844913807193653,-0.22108344407618696,83.8364200592041,95.06570236206055,124.99831707000732,0.9118437643678639,0.8041356131443113,0.6115739687526793,80.00611439703977,85.52630071070239,-5.52018631366262,-5.5303636780588565,0.010177364396236399,15.211952046591762,0.018027324970779426,304166.4,0.778902600681732,0.02756888300888016,0.11363652126870236,0.8818787215173629,0.7605358583253363,-0.015037685532170886
2022-07-01,76.4457141602109,77.2120828199689,74.86506829319958,75.29615020751953,289192,NIACL,-0.015037685532170886,-0.0326153109643571,-0.21556884752119176,82.80181655883788,94.3577651977539,124.57010612487792,0.9093538443569662,0.7979857306890931,0.6044479895685191,79.28150452172895,84.7685117845407,-5.487007262811758,-5.521692395009437,0.0346851321976791,17.428548933871497,0.01789716046790653,305462.5,0.946734869255637,0.031170445239243148,0.18367245255756243,0.8775304966719252,0.7574671655426141,0.043257028394451114
2022-07-04,75.53564255778173,79.3196138913499,75.00876546918312,78.55323791503906,681384,NIACL,0.043257028394451114,0.0006102129175631354,-0.1611252967718071,82.04741821289062,93.72646530151367,124.1387818145752,0.9574126721600781,0.8381116012679766,0.6327856352930321,79.16946350531512,84.30812112754059,-5.138657622225466,-5.445085440452644,0.3064278182271778,32.009912710442535,0.021451211923525983,324229.05,2.101551356980505,0.054878048780487895,0.8222215440538193,0.8753922165841622,0.7550135737719089,-0.021341610877096517
2022-07-05,79.1759055521226,79.75068379339771,76.68519496746258,76.87678527832031,336332,NIACL,-0.021341610877096517,-0.014732960147232799,-0.1709712741589361,81.25470008850098,93.0961231994629,123.69883567810058,0.9461210883135088,0.8257785892287708,0.6214834994759004,78.81674377808515,83.75765180537613,-4.940908027290973,-5.34424995782031,0.4033419305293364,29.452026150065777,0.021641822512946118,327803.35,1.0260175803572478,0.03987535137996488,0.06249910592947241,0.8728043370228092,0.7526030676774144,-0.0018690217949000054
2022-07-06,76.97259247149047,77.45157563224487,75.43984781881703,76.73310089111328,411650,NIACL,-0.0018690217949000054,-0.015365684554350834,-0.1669266027650994,80.48593254089356,92.4456640625,123.23733539581299,0.9533728251471333,0.8300346118908953,0.6226449204266088,78.49618333393565,83.23731470061591,-4.741131366680264,-5.223626239592301,0.48249487291203685,34.58445429466977,0.021697070164564736,337701.25,1.2189768323333123,0.026217209914174398,0.6428568833537388,0.8706296109948348,0.7501433211419537,0.00998761031625861
2022-07-07,77.1641944316542,78.21795598243978,77.02049801365993,77.49948120117188,346656,NIACL,0.00998761031625861,0.013784478536846612,-0.15332289116136155,79.78422203063965,91.8220281982422,122.78206203460694,0.9713635005604195,0.8440183986554056,0.6311954687593383,78.34284454427967,82.8122899969534,-4.469445452673725,-5.072790082208586,0.6033446295348615,37.564791320469915,0.02210007031125261,342886.05,1.010994760504255,0.015451173997816866,0.40000000000000474,0.8689006722699141,0.7478456272575187,-0.0012360686323268366
2022-07-08,77.59527687619362,78.21795648570624,76.82890084776217,77.4036865234375,254044,NIACL,-0.0012360686323268366,0.027989961108363604,-0.1381332354697664,79.16393928527832,91.19743438720702,122.35792247772217,0.9777644622320082,0.8487485096871926,0.6326005292998537,78.19835869491934,82.41165270261888,-4.213294007699545,-4.900890867306778,0.6875968596072326,48.821546654653396,0.02199822284831325,341770.1,0.7433183885892886,0.017945600530582844,0.41379600641919984,0.8680500697987098,0.745333302008388,-0.00123779552146297
2022-07-11,77.11628625262468,77.59526939705091,76.78099951326685,77.30787658691406,306877,NIACL,-0.00123779552146297,-0.015853723680645082,-0.10333335398114973,78.71848487854004,90.47991760253906,121.96084545135498,0.9820803424532053,0.8544202806031803,0.6338745545819368,78.0613614475339,82.03359521256668,-3.972233765032783,-4.715159446851979,0.7429256818191963,43.38235767763395,0.020618105145307576,341079.75,0.8997221324338369,0.010532819160653234,0.647054599635587,0.870010572117619,0.7418767660037883,0.01982650965202648
2022-07-12,77.35577140035817,81.18763623752761,76.97258345490079,78.84062194824219,878277,NIACL,0.01982650965202648,0.025545249620052557,-0.07787125264099926,78.38559112548828,89.82275253295899,121.5805327987671,1.0058050314633138,0.8777355372104959,0.6484641918680725,78.18124767841209,81.79707867446857,-3.6158309960564736,-4.495293756692878,0.8794627606364047,57.91506717555186,0.021344119042711173,365555.1,2.4025844530687714,0.053462957019719516,0.4431827048621767,0.8726696623633969,0.7387922265617004,-0.010935475998272826
2022-07-13,79.41541174179659,79.75069850198622,77.21208621705922,77.97846221923828,433431,NIACL,-0.010935475998272826,0.016229779764696417,-0.08795516942506099,78.00958938598633,89.20965423583985,121.18872459411621,0.9996009828151506,0.8741034015566282,0.6434465127048972,78.15004991546228,81.51421819630336,-3.364168280841085,-4.26906866152252,0.9049003806814353,53.81821804520859,0.02138095490204683,376301.45,1.1518185752406747,0.03255530069046027,0.3018877702315603,0.874452323060861,0.7361217352077905,-0.009828102379140224
2022-07-14,78.55323618381465,78.74482651931844,76.15832044650323,77.21208190917969,332492,NIACL,-0.009828102379140224,-0.003708402785899456,-0.06115313772520081,77.75812339782715,88.61092544555665,120.80026924133301,0.9929776920431349,0.8713607438466433,0.6391714388891512,78.00574714526495,81.1955414342942,-3.189794289029251,-4.053213787023867,0.8634194979946157,47.61906984586894,0.019918808385348794,377855.7,0.8799443808840253,0.033498722076391825,0.40740730275167086,0.8775229804546217,0.7335325161281804,-0.008684884364579815
2022-07-15,76.73309423043992,77.83475686628785,75.91882438957921,76.54150390625,314464,NIACL,-0.008684884364579815,-0.011138779765049511,-0.06767796291527572,77.48031311035156,87.98154144287109,120.40582664489746,0.9878832549016102,0.8699722993140621,0.6356960127186143,77.78047895464726,80.85079791369833,-3.0703189590510647,-3.8566348214293065,0.7863158623782418,42.49085873351961,0.01995693914896763,373635.4,0.8416333141881095,0.02503128863335788,0.3250007629394553,0.8806428239344013,0.730708337748035,0.009386841576452642
2022-07-18,77.02049529214784,77.93056039278208,77.02049529214784,77.2599868774414,279797,NIACL,0.009386841576452642,-0.000619467402119267,-0.006161499353789401,77.45636367797852,87.43166885375976,120.01138401031494,0.9974646782883646,0.8836613539502289,0.6437721514052445,77.70040325046175,80.58481191101264,-2.884408660550889,-3.6621895892536234,0.7777809287027342,47.122364812911314,0.01631074186764086,368108.6,0.7600936245444959,0.011779255180018225,0.2631587401018429,0.885907414252081,0.7285281273503607,0.013019150218024356
2022-07-19,77.25998599097147,78.74482941753273,77.0204944084258,78.2658462524414,382180,NIACL,0.013019150218024356,-0.00729034958879593,-0.009696965250497902,77.41804504394531,86.94502182006836,119.62556312561036,1.0109509508799253,0.9001762793781523,0.6542568679092442,77.78739448153554,80.4130366770444,-2.62564219550886,-3.454880110504671,0.8292379149958111,51.1784520813233,0.01613354770628606,366366.1,1.0431642010546283,0.022031768538542246,0.7222215157950085,0.8904252759193159,0.7268097181601021,0.004895958565324765
2022-07-20,78.88852417028414,79.31961339502516,78.17004943775204,78.64903259277344,445628,NIACL,0.004895958565324765,0.00859943059212731,0.02305308823771668,77.50665740966797,86.51106307983399,119.23710777282714,1.0147390588277772,0.9091210972658453,0.6596019818143954,77.91995419095676,80.28236970783914,-2.362415516882379,-3.2363871917802127,0.8739716748978337,58.3941156055856,0.014863227594155494,373743.95,1.1923350197374432,0.014616377587570513,0.4166650772155324,0.8959161366233982,0.7255380870580704,0.014007313832238077
2022-07-21,78.6490315709259,80.1817761853396,78.45744123488774,79.75069427490234,511604,NIACL,0.014007313832238077,0.0328784343454005,0.036092156657317576,77.64556274414062,86.14320388793945,118.8599084854126,1.0271120648284642,0.925792061073641,0.6709637866218782,78.20160651156378,80.24298634243641,-2.0413798308726285,-2.997385719598696,0.9560058887260676,67.0329394631759,0.015134748482461163,384483.15,1.3306278831725136,0.02162156663499433,0.7500010596408244,0.9013544799790231,0.7247456689613017,-0.004804706898433708
2022-07-22,80.27758803819636,80.56497357581918,78.55324557764463,79.36751556396484,332600,NIACL,-0.004804706898433708,0.03692129777298625,0.01969249625341485,77.72220077514649,85.73798431396484,118.47145324707031,1.0211691739607107,0.9256984077597169,0.6699294504174366,78.3809771350101,80.17813665514221,-1.7971595201321122,-2.7573404797053795,0.9601809595732673,53.990635957712996,0.015038927588086762,385243.2,0.8633507353277099,0.025346994722963617,0.4047614722562317,0.9065083742875821,0.7237016341410083,-0.011466559337197646
2022-07-25,79.55910596939815,79.75069631032613,77.40368174479474,78.45744323730469,381504,NIACL,-0.011466559337197646,0.01549904948550962,-0.0006100185512890599,77.71980628967285,85.30881546020508,118.07533424377442,1.0094909776908418,0.9196874064428144,0.6644693723697115,78.39274115074772,80.05067788345055,-1.6579367327028223,-2.5374597303048683,0.879522997602046,58.37570100712165,0.015179216394657018,390763.4,0.9763043314701427,0.029914492095192886,0.4489795282848461,0.9110407391124501,0.7224948039027298,-0.010988981068255077
2022-07-26,78.50534100585651,78.79273384000048,77.40368552861253,77.59527587890625,215592,NIACL,-0.010988981068255077,-0.00856785437893659,-0.005524652273295461,77.69825286865235,84.83366424560546,117.68065216064453,0.9986746550154715,0.9146755190752688,0.6593715657947052,78.27005418584903,79.86879625348429,-1.598742067635257,-2.349716197770946,0.7509741301356891,54.245303219844246,0.015322602757079015,387226.3,0.5567597035635234,0.017901196891878773,0.1379292201163856,0.9158893884826772,0.720880303499678,0.0024690853057567352
2022-07-27,77.59527488653154,78.45744606923367,77.16419294953212,77.786865234375,310662,NIACL,0.0024690853057567352,-0.010962211866769489,-0.001843846902554569,77.69106826782226,84.39204193115235,117.2512435913086,1.0012330499333912,0.9217322327362821,0.6634203855910408,78.1957174240838,79.71457914095768,-1.5188617168738858,-2.1835453015915345,0.6646835847176487,51.499968939795764,0.01533142376660814,384064.1,0.8088806009205235,0.01662559759677835,0.4814775045635123,0.920597090555093,0.7197539177094752,-0.000615652903975028
2022-07-28,78.40954908748634,78.84063835660778,77.4994839227361,77.73897552490234,390715,NIACL,-0.000615652903975028,-0.02522509387900196,0.016917346322959714,77.75573120117187,83.98011642456055,116.84219203948975,0.9997845087942627,0.9256831120820769,0.665333080182444,78.12544943959435,79.56823813236099,-1.4427886927666407,-2.035393979826556,0.5926052870599152,51.75879879649129,0.01466409051033581,391754.05,0.9973476981284559,0.01725202094336918,0.178571233944229,0.9258826316467416,0.7187482103740177,0.012322704284048802
2022-07-29,78.3137419648732,79.03221666179866,78.07425039923139,78.69692993164062,460732,NIACL,0.012322704284048802,-0.008449119612214284,0.045165386473921876,77.92577018737794,83.56052719116211,116.44631252288818,1.0098960811347566,0.9417955172973599,0.675821571560476,78.21336951529378,79.50369678415947,-1.2903272688656955,-1.886380637634384,0.5960533687686884,56.68205674019158,0.014368308248254188,400331.05,1.1508775050049203,0.012172854308286194,0.6500015258789054,0.9325667609672508,0.7175884352262148,0.013998885502654268
2022-08-01,79.31961607197749,80.0859847606541,78.74483041959107,79.79859924316406,555961,NIACL,0.013998885502654268,0.01709405698835842,0.015853723680645082,77.98803825378418,83.14668579101563,116.06121006011963,1.0232158806647764,0.9597327720762462,0.687556154220936,78.45725101188921,79.52554141075241,-1.0682903988631978,-1.7227625898801466,0.6544721910169489,54.80775710496169,0.011096654466629767,394059.9,1.4108540351352674,0.01680674039122211,0.7857177890038753,0.9379572680720263,0.7164037471946544,0.007202829388637699
2022-08-02,79.94228571387717,81.331341249778,79.79859661421754,80.37337493896484,528675,NIACL,0.007202829388637699,0.035802425193951715,0.04548303688799793,78.16286773681641,82.83438888549804,115.66964141845703,1.0282807842925041,0.9702899486596677,0.6948528062622655,78.7520393083624,79.5883438943237,-0.836304585961301,-1.5454709890963776,0.7091664031350766,62.37623996593543,0.009859543236688214,403677.05,1.3096483934372787,0.019070303277975088,0.3749994039529791,0.9436040850722147,0.7161290367091985,0.06674609307774237
2022-08-03,80.66075939880085,90.52781519543524,80.66075939880085,85.73798370361328,8249883,NIACL,0.06674609307774237,0.10221672316118191,0.11735330265458987,78.61311187744141,82.69548370361328,115.31327800750732,1.0906321052050403,1.036791610179155,0.7435222134438969,79.82679998455484,80.0438727690859,-0.21707278453105516,-1.2797913481833132,1.062718563652258,79.86582777400355,0.017398266758686838,795588.7,10.369532649219378,0.11508383298053415,0.5145632506247965,0.950633678608092,0.7171375676115069,0.0033519759875755284
2022-08-04,86.40855603347026,87.55811996135644,84.58842593788026,86.02537536621094,1279455,NIACL,0.0033519759875755284,0.10659260410055427,0.11001227405519898,79.03940658569336,82.51826004028321,114.95643558502198,1.088385896128199,1.0425010818722504,0.7483302255190961,80.78042696634807,80.4869470355396,0.29347993080847345,-0.9651370923849558,1.2586170231934293,84.13800755113273,0.01737551974097121,842228.65,1.519130226690816,0.03452113996404155,0.4838712059125386,0.9578414104600416,0.7178220133595963,0.001670344546476743
2022-08-05,86.02537828207123,86.6959517812071,84.87581431522017,86.1690673828125,428719,NIACL,0.001670344546476743,0.094948271268809,0.11324242104051319,79.47767562866211,82.3697752380371,114.60725681304932,1.0841920916939507,1.0461248332145616,0.751863972482772,81.60944856888106,80.90784483904129,0.7016037298397748,-0.6317889279400097,1.3333926577797846,83.45330212597726,0.017329441818950863,850962.4,0.5038048684642236,0.021122863705845107,0.7105249420768844,0.9648888248023352,0.7187134351570867,0.0038910598855073086
2022-08-08,86.07326718114486,87.9891997051935,85.88167685222102,86.50435638427734,505149,NIACL,0.0038910598855073086,0.0840335194441113,0.11895915660060918,79.93749961853027,82.1935092163086,114.26646026611328,1.082149889564782,1.0524475376349232,0.7570406590246934,82.36251130971125,81.32240124979951,1.0401100599117399,-0.2974091303696598,1.3375191902813997,82.5758316228456,0.01726204380931944,860876.0,0.5867848563556192,0.02436319904641859,0.29545564888090686,0.9725524604158073,0.7193143904597157,-0.021594685410924463
2022-08-10,87.17493420456674,87.17493420456674,83.91784728902915,84.63632202148438,465813,NIACL,-0.021594685410924463,0.05303929424087017,0.07351159757525738,80.22728462219239,81.94443801879883,113.92734016418457,1.054956831956299,1.0328501124392115,0.7428973756388246,82.71232834229174,81.56787686251691,1.1444514797748297,-0.009037008340761904,1.1534884881155916,71.18648369045228,0.017958001373741657,840252.8,0.5543724460067255,0.03848332297226709,0.22058813629682822,0.9790449060592432,0.7192692983151008,-0.0016978484244579706
2022-08-11,87.65391400063146,88.13289713724693,84.30103204432315,84.49262237548828,474238,NIACL,-0.0016978484244579706,-0.014525199617827167,0.08353794074491083,80.55299263000488,81.64842620849609,113.58702251434326,1.0489073045812074,1.034834672253563,0.7438580614684123,82.98621973201428,81.78452467829257,1.201695053721707,0.2331094040717319,0.9685856496499752,68.00001390110062,0.017678323739260465,842293.15,0.5630320037625854,0.04535147549208297,0.04999923706054691,0.9865835310077633,0.7188182628714112,-0.0028344095330791186
2022-08-12,84.684224914266,85.73798641403872,83.63046341449329,84.25313568115234,451545,NIACL,-0.0028344095330791186,-0.020601359511820183,0.09119108820630761,80.90504531860351,81.37061584472656,113.2366463470459,1.0413829613389878,1.0354245793337276,0.7440447805468793,83.18112987803552,81.96738475257848,1.213745125457038,0.4292365483487931,0.7845085771082448,68.75,0.017454741657007562,848245.8,0.5323280115268475,0.025014178789987542,0.2954521809694876,0.9942783949551094,0.718589065198409,0.05116529796951563
2022-08-16,84.30102579667964,89.42614351689645,84.30102579667964,88.56397247314453,1405544,NIACL,0.05116529796951563,0.027793095168275217,0.15707123525584188,81.50616874694825,81.22213088989258,112.91931995391846,1.0865922645451365,1.0903921320804153,0.7843119539622345,84.00925950805228,82.45602088002781,1.5532386280244737,0.6540369642839292,0.8992016637405444,80.75804091496536,0.020015462167614097,902799.8,1.5568722988197383,0.057869103847740216,0.8317753677440521,1.0034970500520446,0.7192934824885479,-0.007030685140757997
2022-08-17,89.09086367568925,89.47405164786285,87.27072628939162,87.9413070678711,636712,NIACL,-0.007030685140757997,0.016611310038657567,0.13825164386027677,82.04023475646973,81.1081329345703,112.60606498718262,1.0719290032374755,1.0842477059460003,0.7809642142977025,84.61418990187056,82.8623383754236,1.7518515264469556,0.8735998767165346,0.878251649730421,81.95274177533375,0.020269323971728453,920645.55,0.6915929805993196,0.025054498641585536,0.3043494125373999,1.0114920882552105,0.7202820997590355,-0.002723256025193077
2022-08-18,88.03710712705963,88.6118854629163,87.22283720887074,87.70182037353516,340830,NIACL,-0.002723256025193077,0.03621965462148302,0.12056311370682216,82.51203346252441,81.00754638671874,112.30741901397705,1.062897333797595,1.0826376589022815,0.7809085200561893,85.08920997443434,83.22081852343187,1.8683914510024664,1.072558191573721,0.7958332594287454,80.53107698755662,0.020316027291078516,918578.05,0.3710408712683696,0.015838305842790928,0.3448283119534464,1.0185721842335955,0.7213018258093623,-0.017476866320384588
2022-08-19,87.70181933861392,88.37239283774979,85.25900230417052,86.1690673828125,322097,NIACL,-0.017476866320384588,0.019841318214435688,0.09561509585217753,82.88803520202637,80.88875869750977,112.00853351593018,1.0395839058410437,1.0652786465057387,0.7693080578593352,85.2553418834156,83.43920732783043,1.8161345555851653,1.22127346437601,0.5948610912091554,73.78379553515579,0.02097924050888331,912401.5,0.3530211206360358,0.03613118521693862,0.2923067533052896,1.0247163701941955,0.7221660364476207,-0.03779871567664972
2022-08-22,86.2169681606998,86.40855849979796,82.0019149222139,82.9119873046875,409214,NIACL,-0.03779871567664972,-0.015918082640155817,0.03963969290208458,83.04609985351563,80.71632461547851,111.69000972747803,0.998385083115707,1.0272022134266994,0.7423402281635709,84.89482579438051,83.4001539927828,1.494671801597704,1.2759531318203488,0.21871866977735532,60.52634386762866,0.022891058729508664,907282.0,0.45103286519516533,0.05314844958896468,0.20652280277511048,1.0288637428566754,0.7226816866828569,0.013864810847816988
2022-08-23,82.76829322856756,84.49262825515456,82.19351488637189,84.0615463256836,332583,NIACL,0.013864810847816988,-0.0508381232427918,0.05914297213871689,83.28080139160156,80.6013687133789,111.38010772705078,1.0093748489572145,1.0429295143189092,0.7547267464643298,84.76662895304253,83.44914601744212,1.3174829356004096,1.2842590925763608,0.033223843024048794,60.620536309969346,0.022971360740713535,907281.15,0.3665710458108823,0.027350357794693754,0.8125007947306176,1.0332430170975235,0.7236603587321124,-0.0051282819248119615
2022-08-24,84.39682361783507,84.58842124954813,83.19936582726221,83.63045501708984,352915,NIACL,-0.0051282819248119615,-0.049019649519812525,0.06593398365198722,83.53945198059083,80.54963851928711,111.04769351959229,1.001089342033512,1.0382474279765395,0.7531039354935798,84.59183296289596,83.46257631371232,1.1292566491836453,1.2532586038978177,-0.12400195471417241,58.17307360958273,0.022802593912424778,905851.7,0.3895946764796048,0.0166094447531353,0.3103470048143956,1.0371176521243832,0.725360752360657,0.04425289311945124
2022-08-25,86.37007497244736,88.4368061481248,84.6878531163689,87.33134460449219,1255846,NIACL,0.04425289311945124,-0.00422426544243959,0.12547244165714244,84.02625541687011,80.5862954711914,110.7330651473999,1.0393340054394296,1.0836997046937349,0.7886654676111691,85.0132962923723,83.74915174265898,1.264144549713322,1.2554357930609186,0.008708756652403338,54.36251452291519,0.024261899726832382,957864.4,1.3110895446161273,0.042927920653623636,0.705127929246196,1.042686661864342,0.7277527752340344,0.07374801842348555
2022-08-26,89.39807833115935,95.64633111774576,88.91744350142194,93.77185821533205,6933208,NIACL,0.07374801842348555,0.08823109107986027,0.20549732828021305,84.82550506591797,80.7517626953125,110.44680755615235,1.105467726274802,1.1612360533744157,0.8490228037388715,86.36076735744304,84.49157444433847,1.8691929131045697,1.378187217069649,0.4910056960349207,65.86413752178427,0.028542381176955997,1288991.7,5.378784052682419,0.07175807053830591,0.7214290073939751,1.050447720701482,0.7311371372527669,-0.023065097533819134
2022-08-29,91.80125215732532,93.24315664147178,90.26322217435016,91.60900115966795,812450,NIACL,-0.023065097533819134,0.10489452897830565,0.17841791123581996,85.51900634765624,80.9391146850586,110.14973567962646,1.071212179281578,1.1318260832988705,0.8316769949055098,87.16818794240072,85.01879123806657,2.1493967043341513,1.5324291145225495,0.6169675898116018,60.28955875812347,0.0294006569840839,1310078.45,0.6201537014825333,0.03252883919046132,0.45161361773760983,1.056584405209007,0.7348098857038772,0.01993691377174467
2022-08-30,92.28188133339845,95.40600752437284,91.12836075029296,93.4354019165039,1407253,NIACL,0.01993691377174467,0.1115118148612535,0.18728140980424168,86.25592994689941,81.16586853027344,109.8603588104248,1.0832345320956402,1.151166168839235,0.8504924153555349,88.13237470764736,85.64224388091378,2.4901308267335764,1.723969456964755,0.7661613697688214,62.40995106321127,0.029499940756431444,1357404.5,1.0367233938004479,0.04578186304482845,0.5393248409827369,1.0627118456168243,0.7388094250659911,-0.011316784473287433
2022-09-01,92.90671486170376,94.3486193634356,92.0896371108368,92.37801361083984,701978,NIACL,-0.011316784473287433,0.10459776396006015,0.1576395386257785,86.8849006652832,81.45864929199219,109.54893054962159,1.0632228719086463,1.134047942284271,0.843258013997645,88.78554992352312,86.14118978683423,2.6443601366888885,1.9080475929095817,0.7363125437793068,64.2758159235043,0.029816664032420538,1364705.35,0.5143806316872722,0.024453678578922423,0.12765770942701418,1.066613569221365,0.7435823324180646,-0.022892722608559013
2022-09-02,93.05091306181504,93.09897214810792,89.78259450375224,90.2632293701172,634367,NIACL,-0.022892722608559013,0.033571964097232065,0.12304888825015325,87.37939338684082,81.68326950073242,109.23650798797607,1.0330036164305838,1.1050393785878985,0.8263100957058486,89.01288522299913,86.4465260522626,2.5663591707365327,2.039709908474972,0.5266492622615608,59.91997551105846,0.03059542273132922,1369989.95,0.46304500262939885,0.03674118096037911,0.14492766443019042,1.069734278768767,0.7477652939045205,0.012246996910315389
2022-09-05,90.263221300734,92.0896350964236,89.87871197523533,91.36868286132812,576118,NIACL,0.012246996910315389,-0.025627895188825356,0.06567333303730982,87.66092834472656,81.97310745239258,108.95356189727784,1.04229654632473,1.1146177777192623,0.8386020729406822,89.3753156288959,86.81113026034153,2.5641853685543765,2.144605000490853,0.4195803680635235,61.878345942534025,0.02715798609052606,986301.7,0.5841194433711308,0.024197821966459015,0.6739134761465602,1.069386425244856,0.7523673941901724,0.0
2022-09-06,91.7531848529214,93.53153956661454,90.74385612413096,91.36868286132812,727405,NIACL,0.0,-0.0026233044274871498,0.06211315524484107,87.92809371948242,82.26102935791016,108.67277126312256,1.0391295773205573,1.1107165029967154,0.8407688678528578,89.68198751080855,87.14872674930349,2.533260761505062,2.222336152693695,0.3109246088113671,55.469207246949914,0.02716947297844027,958699.2,0.7587416365842383,0.030510272832919134,0.22413833926584634,1.0688912405522593,0.7569608136589864,-0.004734350956873468
2022-09-07,91.27255437581312,91.46481271467026,90.35935110143538,90.93611145019533,354351,NIACL,-0.004734350956873468,-0.026748859800935,0.055321987485426494,88.16644592285157,82.52305648803711,108.38406993865966,1.031414054387168,1.1019479321318861,0.8390173159363818,89.8749296553296,87.42927376418437,2.445655891145222,2.267000100384,0.17865579076122184,55.8835105823302,0.027228128285736765,954980.8,0.3710556275058095,0.012156464528839332,0.5217371113160506,1.0683856085193906,0.7613947006671858,0.00687102751548796
2022-09-08,91.22449305674532,92.9067149775297,90.83998372235637,91.5609359741211,664078,NIACL,0.00687102751548796,-0.00884493620052107,0.05845462357272457,88.41927490234374,82.78416854858398,108.11286231994629,1.0355314050612519,1.1060198777062822,0.8469014140348826,90.13431524283598,87.73532281677228,2.3989924260636997,2.29339856551994,0.10559386054375963,57.46843696458596,0.02724117744772657,962927.25,0.6896450380856913,0.022572194497416247,0.34883696172885437,1.0680698550526924,0.7657198854248697,-0.011548548775838885
2022-09-09,92.08963644630312,92.28188744491784,90.167097124534,90.5035400390625,452803,NIACL,-0.011548548775838885,0.0026623318334859647,0.0693226959471227,88.71263580322265,83.0337124633789,107.87396781921387,1.0201877017814276,1.089961382600809,0.8389747950194759,90.19111905764007,87.94037594434933,2.2507431132907385,2.2848674750741,-0.03412436178336131,58.54561185430487,0.02684993281700184,962276.75,0.4705538193664141,0.02336693481239602,0.15909043619390031,1.0683929836612855,0.7697289173838049,0.0026552626432245763
2022-09-12,90.79190978713584,91.51286197920066,90.4554668976199,90.7438507080078,298507,NIACL,0.0026552626432245763,-0.006838581160994117,0.07398549313262914,89.02519721984864,83.28997833251952,107.62765319824219,1.0193052477481732,1.0894930281495583,0.8431276536418045,90.27615469615819,88.14804074165735,2.128113954500833,2.253516770959447,-0.12540281645861384,67.5256207749708,0.026821570789911844,953490.2,0.31306771689945007,0.01165252602055881,0.2727304253740011,1.068858450946311,0.7738715456250406,0.002648399046980332
2022-09-13,91.46481147551484,92.04157181646087,90.64773371468247,90.9841766357422,456581,NIACL,0.002648399046980332,-0.0042082934058433885,0.07989068774915165,89.36174926757812,83.58074752807617,107.34302406311035,1.0181557252567428,1.0885781633525005,0.8476021374453708,90.38508114840188,88.35812488195994,2.0269562664419425,2.208204670055946,-0.18124840361400363,66.14810519867751,0.026776995930137035,953742.0,0.47872590281229094,0.015319566031340494,0.24137876603492187,1.0691666670911266,0.7786323168884866,-0.010565278808950196
2022-09-14,89.87871152929806,90.59966376081648,89.30195121086437,90.02290344238281,408372,NIACL,-0.010565278808950196,-0.01004230325279154,0.016473188007467554,89.43469581604003,83.87528259277343,107.06867652893067,1.0065769511594547,1.0732947855383923,0.8407958925135124,90.32936150132203,88.48144181236162,1.8479196889604026,2.1361476738368377,-0.2882279848764351,64.55144937730005,0.024540914549011666,903883.4,0.4517972118970212,0.014415359873198067,0.5555561834899759,1.0662819015496896,0.7833783447403477,-0.0010677587372055486
2022-09-15,90.64773295429494,91.08030137289953,89.20582844707225,89.9267807006836,412762,NIACL,-0.0010677587372055486,-0.017847734473786736,0.022577258617274776,89.53396949768066,84.10275344848633,106.80630199432373,1.0043872868052959,1.0692489486181274,0.8419613732667459,90.2674259935315,88.58850395223732,1.6789220412941859,2.0447025473283076,-0.3657805060341217,57.068095678764806,0.02447310028607955,892685.9,0.4623821211917876,0.02084443489716771,0.3846159865409419,1.0645783381220806,0.7874325004994182,-0.05024050887753784
2022-09-16,90.16710300880874,90.35935401996969,84.5917356782695,85.4088134765625,829093,NIACL,-0.05024050887753784,-0.056293119145406356,-0.02614548805493888,89.41931915283203,84.27339401245118,106.53043827056885,0.9551494496461673,1.0134730477799858,0.8017315507483309,89.51994714476704,88.35297132440955,1.166975820357493,1.8691572019341447,-0.7021813815766518,24.56135220900812,0.02706339831777636,917099.05,0.9040386640897731,0.06752954533530557,0.14166641235351574,1.0610622747627865,0.7910733812848058,-0.0005627661079738999
2022-09-19,85.5529992884387,86.51426894336498,84.35141221978085,85.36074829101562,389640,NIACL,-0.0005627661079738999,-0.0593219526721841,-0.009380617852179585,89.37890319824218,84.44594696044922,106.26391384124756,0.9550435867587869,1.0108329809007277,0.8032900841440858,88.88007039803607,88.13132517378777,0.7487452242482959,1.6450748063969751,-0.8963295821486792,28.18786691091441,0.02678360074076319,920476.2,0.42330263400618073,0.0253378369670615,0.4666680230034714,1.05841554764142,0.7946813166189871,-0.00506756817147469
2022-09-20,85.79332108024629,87.37941755859504,84.59173395027085,84.92817687988281,442588,NIACL,-0.00506756817147469,-0.06656102170495826,0.024317226504126044,89.47971267700196,84.59452087402343,105.99450824737549,0.9491333212753043,1.0039441798642759,0.8012507278365122,88.27208677985864,87.89405492979482,0.37803185006382023,1.3916662151303443,-1.013634365066524,17.100358365832832,0.025321159211110753,922144.9,0.4799549398364617,0.03282401331029294,0.12068906550489593,1.0577483240345253,0.7981028665805245,-0.009054946294844601
2022-09-21,85.36074380482404,85.9375041006867,83.53433008967143,84.1591567993164,354394,NIACL,-0.009054946294844601,-0.0651361644519649,0.0011611786589629247,89.48459320068359,84.72963027954101,105.72053901672363,0.9404876726720539,0.9932671312462654,0.7960530430705003,87.63932832131368,87.61739580901863,0.02193251229505222,1.117719474563286,-1.0957869622682337,17.49046377441387,0.025250735249134456,923235.45,0.38386091002029876,0.028555110369579972,0.26000061035156086,1.0561192454806536,0.8014490946374939,0.0131353635498217
2022-09-22,84.11109723427127,85.55300175828735,83.67852881062872,85.26461791992188,295154,NIACL,0.0131353635498217,-0.05184398623452868,0.019540284726396573,89.5663013458252,84.88876510620118,105.44994163513184,0.9519720769835738,1.0044275919581405,0.8085790906831095,87.2739882595611,87.44311596538184,-0.16912770582074188,0.8603500384864804,-1.0294777443072223,28.51235712139868,0.025371927137605072,920347.4,0.3206984666876877,0.021984182810964845,0.8461520403771678,1.0551019470453142,0.8050148135683702,-0.01972940828239289
2022-09-23,84.92817650738857,85.84138712250807,83.34208003599643,83.5823974609375,207270,NIACL,-0.01972940828239289,-0.02138439747937948,-0.042927853229936974,89.37885398864746,84.98360061645508,105.18266815185547,0.935147338894654,0.9835120759140173,0.7946403996927233,86.706051213619,87.15713681690448,-0.45108560328547753,0.5980629101320888,-1.0491485134175664,18.11024507794299,0.023641601453832022,867918.6,0.23881271815121832,0.029902313913401375,0.09615362043264845,1.051718841521306,0.8079620160781777,-0.041403111111760205
2022-09-26,82.6691922846362,82.6691922846362,79.6892577504595,80.121826171875,337483,NIACL,-0.041403111111760205,-0.06137390104969398,-0.1455664023646832,88.69635238647462,85.0264678955078,104.8944994354248,0.9033271833182268,0.9423162946194554,0.7638324850503685,85.69309351488916,86.63600269505045,-0.9429091801612941,0.28986849207341225,-1.2327776722347064,14.110437214665225,0.017452963392304243,538132.35,0.627137543394297,0.03719254386169661,0.14516037733527182,1.0431616716747174,0.8105903393709585,-0.005998822289055683
2022-09-27,80.74665114696461,81.22728597522035,79.30474666219739,79.64118957519531,284125,NIACL,-0.005998822289055683,-0.06225245258902812,-0.13064012742168862,88.09796180725098,85.07505004882813,104.59650329589844,0.9040071749837052,0.9361286244261496,0.7614134991673119,84.76203137032087,86.117868389876,-1.3558370195551248,-0.03927261025229514,-1.3165644093028297,14.067284522346284,0.017074664629607272,511716.1,0.5552395165991455,0.02414001251460151,0.17499923706054546,1.0355322947995667,0.8133641887449615,0.03198550015183832
2022-09-28,79.30474398428935,82.95757148924899,79.30474398428935,82.18855285644531,615896,NIACL,0.03198550015183832,-0.023415205401476902,-0.12037031820239874,87.53561935424804,85.18799102783203,104.3122019958496,0.9389155347589,0.9647903638154026,0.7879092885002604,84.3661115989554,85.82680797999224,-1.4606963810368399,-0.3235573644092041,-1.1371390166276358,23.43324168183743,0.01824159935645478,472148.25,1.3044546919320361,0.04444448013751817,0.7894730501893288,1.027558207419741,0.8166637210018968,0.0011695392893351642
2022-09-29,83.10175328446151,83.2940116031805,81.37147241942054,82.28467559814453,185182,NIACL,0.0011695392893351642,-0.034949342347092016,-0.10926125836841916,87.03095245361328,85.28848480224609,104.023830909729,0.9454644960021726,0.9647806006746827,0.7910175474074828,84.04589067575372,85.56442780355907,-1.5185371278053452,-0.5625533170884323,-0.955983810716913,25.360208927353497,0.01827206001013547,446308.45,0.41491932317212454,0.023364486397796577,0.4749984741210935,1.020430280305804,0.8198937114348223,0.0029206644613641863
2022-09-30,82.18855860072725,83.14982829196383,81.22728890949067,82.5250015258789,161042,NIACL,0.0029206644613641863,-0.012650940475268935,-0.08572957003907211,86.64404106140137,85.37366790771485,103.739535446167,0.9524602097840352,0.9666329624619711,0.7955019383010749,83.81190772961914,85.33928511632351,-1.527377386704373,-0.7555181310116204,-0.7718592556927526,25.36027721549398,0.017894631714883643,422642.2,0.3810362524139804,0.02329644770585402,0.674999237060547,1.014880151981519,0.82296173335013,0.005241701340619409
2022-10-03,82.18855429078724,83.5343332547274,81.75598588597681,82.95757293701172,201477,NIACL,0.005241701340619409,0.03539293723851933,-0.0920568148835208,86.22348556518554,85.45983871459961,103.46434810638428,0.9621227023383928,0.9707199801073294,0.801798633590316,83.68047160767952,85.16286199193004,-1.4823903842505217,-0.9008925816594007,-0.581497802591121,26.21083445676892,0.01761979731174081,403910.15,0.4988163828019672,0.021436829764786593,0.6756762329730351,1.0089357394311986,0.825983445299708,0.008111251157065125
2022-10-04,83.63046264648438,84.39948132852007,82.6691929608926,83.63046264648438,220986,NIACL,0.008111251157065125,0.05009057615246304,-0.08469225967269534,85.83657455444336,85.53743408203125,103.20689472198487,0.9742986958716564,0.9777060014014674,0.8103185632293772,83.6727779213418,85.04935092930444,-1.3765730079626337,-0.9960286669200473,-0.3805443410425864,30.72465381812293,0.01782503507554656,378589.2,0.5837092024812118,0.02068969025008979,0.5555546136565926,1.0034971878175025,0.8287957341653289,0.010919561830869506
2022-10-06,83.87078477021859,85.64913232148785,83.87078477021859,84.54367065429688,242267,NIACL,0.010919561830869506,0.028655058593927585,-0.070295954972734,85.51695251464844,85.64095718383788,102.95927616119384,0.9886188430278213,0.9871873626168661,0.8211369951934652,83.80676141871952,85.01189313115573,-1.2051317124362129,-1.0378492760232805,-0.1672824364129324,34.53039897462027,0.018144016352210728,372985.0,0.6495355041087443,0.021034662175256284,0.37837704086471924,0.9985520401304804,0.8317944761942356,0.0005685249430842365
2022-10-07,84.59173583984375,85.0243042827351,83.72659162015506,84.59173583984375,155208,NIACL,0.0005685249430842365,0.028037544353535004,-0.07611543132594367,85.16849250793457,85.76364303588868,102.7178851699829,0.9932280512298948,0.9863356178147128,0.8235346327453776,83.92752671427709,84.98077036883633,-1.053243654559239,-1.0409281517304723,-0.0123155028287667,46.840158570364714,0.018009024475564562,347541.5,0.4465883930408311,0.015340891751376035,0.666668550469914,0.9930605731416393,0.8349436214926206,-0.01136367735944488
2022-10-10,83.63046264648438,84.25528940890017,83.10176138584663,83.63046264648438,133514,NIACL,-0.01136367735944488,0.013395469253748571,-0.07594263594121975,84.82483863830566,85.88434677124023,102.48845226287841,0.9859195017521445,0.9737567530115906,0.8159988837764462,83.88182455000128,84.88074757458804,-0.9989230245867589,-1.0325271263017297,0.03360410171497086,43.75000688956523,0.018004881827649376,331577.05,0.4026635739717209,0.013793156064789876,0.45833412805889595,0.9876635478667999,0.8379904747800331,-0.016092067480585892
2022-10-11,84.06302287634148,84.06302287634148,81.80404080220454,82.28467559814453,121174,NIACL,-0.016092067480585892,-0.008111343124492132,-0.09322036748344398,84.4018798828125,85.97430297851562,102.24366874694825,0.9749151999030402,0.9570845327900698,0.8047899357152181,83.6361093266387,84.68844594670334,-1.0523366200646365,-1.036489025054311,-0.0158475950103254,41.042328603153514,0.01813945544732076,322710.4,0.37548836356064136,0.027453253691722357,0.2127660955980015,0.9817105455789963,0.8408765455326227,0.0005841328922728817
2022-10-12,82.28467437125211,82.66918366905192,81.27534571517054,82.3327407836914,78535,NIACL,0.0005841328922728817,-0.015517334494233093,-0.09508725771830706,83.96930809020996,86.0661782836914,101.99601215362549,0.9805099345970512,0.9566213165908932,0.8072152924928336,83.43559108926219,84.5139492679617,-1.0783581786995171,-1.0448628557833524,-0.03349532291616475,43.49314882323714,0.01810114146255138,303808.1,0.25850199517392725,0.016929327757268915,0.7586212339650884,0.9756365364967208,0.8438190520043009,-0.0046700570457332
2022-10-13,81.80405026525696,82.6211280460931,81.70792476173021,81.9482421875,101402,NIACL,-0.0046700570457332,-0.030699264021900707,-0.08969563240149014,83.56557502746583,86.1312045288086,101.76008396148681,0.9806459437461628,0.9514349954329328,0.8053083193063696,83.20676818129877,84.32389689163121,-1.1171287103324374,-1.0593160266931694,-0.05781268363926806,37.54515655801586,0.018050683541821693,288459.6,0.35152929561019985,0.011143659216917153,0.2631587401018258,0.9702125435795498,0.8464144404736017,0.004105437794196476
2022-10-14,82.66918490167751,84.35140668746746,82.04435820017454,82.28467559814453,158056,NIACL,0.004105437794196476,-0.027272879777134995,-0.08498141535807224,83.18346977233887,86.1809260559082,101.52535903930664,0.9891950386698919,0.954789874789277,0.8104839655507855,83.06490778389042,84.17284346248404,-1.1079356785936199,-1.0690399570732596,-0.03889572152036025,44.578282530464186,0.01813976353325801,275724.3,0.573239282863353,0.02803740150304414,0.10416660043932421,0.9652190290735007,0.8488610813239511,0.0
2022-10-17,82.28467559814453,82.8133768072405,81.27534692701354,82.28467559814453,103674,NIACL,0.0,-0.016092067480585892,-0.03657863575490694,83.02726287841797,86.21915206909179,101.28895771026612,0.9910561030855508,0.9543665603693903,0.8123755783282642,82.94487206300644,84.03297917623667,-1.0881071132302225,-1.0728533883046523,-0.0152537249255702,62.71181576613297,0.01456548994066396,239453.35,0.4329611592404115,0.018691571292548663,0.6562477648236891,0.962979348392153,0.851219659261565,0.007009409268260436
2022-10-18,82.57306606545106,83.05370090013481,82.42887414826481,82.86144256591797,99314,NIACL,0.007009409268260436,0.007009409268260436,-0.02927933242310521,82.90229759216308,86.16162124633789,101.03891525268554,0.9995071906638089,0.9616978112449319,0.8200943404696298,82.93203675576207,83.94619868658343,-1.0141619308213592,-1.0611150968079937,0.04695316598663446,68.71506596397322,0.014696077690796961,224937.05,0.4415190827833832,0.007540621216833641,0.6923013721140338,0.9621719785789972,0.8527567920821257,-0.0011601339310171044
2022-10-19,82.9575705177262,83.5823898989185,82.6691867003258,82.76531219482422,132030,NIACL,-0.0011601339310171044,0.005253941591344402,-0.02546698592291241,82.79415435791016,86.09641998291016,100.80180370330811,0.9996516401029805,0.9613095667770256,0.8210697542519076,82.90638682331009,83.85872561311979,-0.9523387898097013,-1.039359835408335,0.08702104559863377,54.68747093466671,0.01467044510932098,209409.15,0.6304882093260968,0.011033646516587647,0.10526188984725107,0.9616445651787207,0.8541158671755459,-0.0040649083743270475
2022-10-20,82.38081236444576,82.81338814033315,82.23662777305594,82.42887878417969,103577,NIACL,-0.0040649083743270475,0.005865123934934102,-0.020559593048950053,82.70764045715332,86.0216162109375,100.56732089996338,0.9966295535523342,0.9582344812268129,0.819638805593455,82.83292404805925,83.7528110331983,-0.9198869851390441,-1.015465265354477,0.0955782802154328,51.1279182594934,0.014571675075378727,196868.3,0.5261233017199823,0.0069970667535987205,0.3333290947700375,0.9614750814997729,0.8553635061682231,-0.0034986659716230717
2022-10-21,82.86143989972635,82.90950631521034,81.85211117971046,82.14048767089844,112601,NIACL,-0.0034986659716230717,-0.001752305957311795,-0.03664040636360477,82.55143394470215,85.93433883666992,100.3062495803833,0.995021936577395,0.9558517442837116,0.8188970080580353,82.7263953746499,83.63337967302795,-0.906984298378049,-0.9937690719591914,0.08678477358114245,47.01488205588678,0.014196092032550069,187740.65,0.5997688832972508,0.012873007763679235,0.2727234895511863,0.9606338404674591,0.8567196879173912,0.007021806340849368
2022-10-24,83.3420817184016,83.3420817184016,82.33275291361757,82.7172622680664,35698,NIACL,0.007021806340849368,0.005257196030455491,-0.01035068649802029,82.5081771850586,85.89595764160157,100.0516544342041,1.002534113467794,0.9629936558039416,0.8267455719331746,82.72499028132935,83.56551912451228,-0.8405288431829234,-0.9631210262039378,0.12259218302101438,48.17523914574914,0.013665038765344318,179162.05,0.19924978532004967,0.012202154388440052,0.3809554950045358,0.9605594890660817,0.858516114774378,-0.0023243122041978204
2022-10-25,82.86144445103056,82.86144445103056,81.3714808299573,82.5250015258789,236026,NIACL,-0.0023243122041978204,-0.004060284610317044,0.029994016222854025,82.62833595275879,85.85660522460938,99.79274509429932,0.998749406899118,0.9611957205853333,0.8269639385898921,82.69422278049082,83.48844374683574,-0.7942209663449233,-0.929341014232135,0.13512004788721166,40.94491141455488,0.009723605941656308,174089.2,1.3557762342523256,0.018054693650699567,0.77419386594868,0.9623992904983243,0.8603491681031425,0.01688987518116636
2022-10-27,82.76531058767942,84.44753237740423,82.71725150831598,83.91883850097656,193579,NIACL,0.01688987518116636,0.013937315954744678,0.053711514714912534,82.84221839904785,85.84991928100585,99.54511569976806,1.0129960317665887,0.9775063180466317,0.8430231650348274,82.88262519902709,83.52032483973507,-0.6376996407079787,-0.8710127395273038,0.23331309881932516,45.255436394646104,0.010130150348685401,169561.9,1.1416420787924646,0.020618503544566003,0.6944462105124838,0.9649655945265,0.8624222160726855,0.012027554205180202
2022-10-28,83.91884809104694,86.22588951347512,83.87078167228559,84.92817687988281,348394,NIACL,0.012027554205180202,0.030320661066456367,0.033333401407160235,82.97919960021973,85.77720336914062,99.30756237030029,1.0234875401191255,0.9901019565116382,0.8552035197803034,83.19732545762028,83.62461017604231,-0.42728471842202964,-0.782267135306249,0.3549824168842194,52.229270383836095,0.007806662561575245,156186.8,2.2306238427319083,0.02773058280198874,0.4489795282848479,0.9673805666421679,0.8637529843829279,0.005659330205091573
2022-10-31,85.36075439072525,86.56234154524611,84.78398668943045,85.4088134765625,176193,NIACL,0.005659330205091573,0.03978946191260557,0.03796743264414615,83.13540649414062,85.72655349731446,99.07289134979249,1.027345833481696,0.9962935635717362,0.8620805581923838,83.5375543836114,83.75677338348825,-0.21921899987685833,-0.669657508220371,0.4504385083435126,62.5850097724794,0.007855919555837417,155737.35,1.1313471045962962,0.020821678506325016,0.3513510169743183,0.9697742776600135,0.8652876920149966,-0.00337650731988981
2022-11-01,85.02429716105785,86.03363322180316,84.8801125814417,85.12042999267578,139848,NIACL,-0.00337650731988981,0.029052795737137593,0.03145020804371601,83.26517791748047,85.67492568969726,98.83486228942871,1.0222812479549848,0.9935279115498765,0.8612389193542711,83.78107370808284,83.8577849841688,-0.07671127608595896,-0.5510682617934886,0.4743569857075296,73.60001727041147,0.007938377388866066,154677.65,0.9041254505741457,0.013551630794871676,0.208333863153747,0.971873360229753,0.8668492443365399,-0.0050818753050241305
2022-11-02,84.59173307891626,85.45687727036814,84.2552901527699,84.68785858154297,102513,NIACL,-0.0050818753050241305,0.0262085067030966,0.0208574766989027,83.35169219970703,85.64530151367188,98.59059909820557,1.0160304649680603,0.9888208352915183,0.8589851299837,83.92057907323056,83.91927191730764,0.0013071559229160812,-0.44059317825020766,0.44190033417312374,68.42107147631143,0.008022896397099818,149729.45,0.6846548892018236,0.01418842249318739,0.35999755859375016,0.9732196714422365,0.8686964304614991,0.007377970518928079
2022-11-03,84.44753893677303,85.55300052266726,84.44753893677303,85.31268310546875,105237,NIACL,0.007377970518928079,0.016609436324311888,0.020114924702680614,83.43580322265625,85.6933154296875,98.33604846954346,1.0224948979972528,0.9955582028503605,0.8675626530985909,84.13474892434412,84.02248756087513,0.1122613634689884,-0.33002226990636846,0.44228363337535687,75.36221548428061,0.007990602808825405,143942.0,0.7311069736421614,0.012957763671875067,0.7826089840977032,0.9736559124161374,0.871433383417154,0.06760561339797944
2022-11-04,85.55299888751752,92.0896354439462,85.31268147491214,91.0802993774414,2582471,NIACL,0.06760561339797944,0.07243912119130713,0.07731659475578145,83.76263465881348,85.83369049072266,98.11440719604492,1.0873619215588746,1.061125286081994,0.9283070853748473,85.20329514789756,84.54528843617634,0.658006711721228,-0.13241647358084915,0.7904231853020772,86.45411725421945,0.01683882926969043,260952.2,9.896337336876256,0.07440636466235152,0.8510634613844587,0.9758712945922671,0.8748326871018662,0.017414278698319574
2022-11-07,92.66639709472656,95.55020608729748,91.60900193089832,92.66639709472656,1597057,NIACL,0.017414278698319574,0.08497464515363684,0.0954544929799106,84.16636772155762,86.01440933227539,97.89830154418945,1.1009908066995246,1.0773357372804178,0.9465577607891256,86.35146467817896,85.1468520405134,1.2046126376655621,0.1349893486684331,1.069623288997129,88.02810957884259,0.017084994260702233,333044.65,4.795323990341835,0.04253110383012238,0.2682924106104473,0.9785147439241401,0.8786098223925786,0.012966852379842964
2022-11-09,94.15636509889222,94.9734502189785,92.13770017600362,93.86798858642578,708691,NIACL,0.012966852379842964,0.1027668515596396,0.1224138384025999,84.6782440185547,86.14514221191406,97.69299373626708,1.1085254503607496,1.089649238206767,0.9608466789320909,87.5078529717554,85.79286215502543,1.7149908167299657,0.4509896422807396,1.264001174449226,88.55212988726043,0.01674356145771836,361803.5,1.9587732014753865,0.030209979841679026,0.6101695791942864,0.9829717827878112,0.8817944759116738,0.04659492264983878
2022-11-10,95.1657001522445,101.51007869561298,93.29122717371716,98.24176025390624,5551460,NIACL,0.04659492264983878,0.16004539374806237,0.19392535171058656,85.47609825134278,86.23454025268555,97.5117102432251,1.1493477388851558,1.1392391026384205,1.0074867932155036,89.15922332285552,86.71500275494252,2.444220567913007,0.8496358274071931,1.5945847405058138,91.7098083370721,0.018209402893575897,633317.8,8.765678147685096,0.08365944890089672,0.6023387899149141,0.9912048930843677,0.8843506081227505,-0.00929551756251401
2022-11-11,99.97204378858024,100.83718794199328,96.9921093347402,97.32855224609376,794184,NIACL,-0.00929551756251401,0.14084505026960947,0.1821366727217315,86.22588882446288,86.34893127441406,97.32250774383544,1.128762527971541,1.1271541038161415,1.0000621079583587,90.41604315719987,87.5011916061389,2.9148515510609627,1.2626789721379472,1.6521725789230155,88.9446324276638,0.018581472389458717,669100.25,1.1869432121718682,0.03950617283950602,0.08749961853027317,0.9985750553233815,0.8872452352100795,-0.058765397762868266
2022-11-14,93.24315664147178,94.15635988120236,91.12836633161916,91.60900115966795,920203,NIACL,-0.058765397762868266,0.005804787487967866,0.11788854421140416,86.70892677307128,86.31240325927735,97.10782096862793,1.056511763770538,1.0613654318543297,0.9433740788938467,90.59957515757958,87.8054737952892,2.7941013622903768,1.5689634501684333,1.2251379121219435,69.27592632802856,0.023810122229620787,710040.3,1.2959870024278903,0.0330534501113665,0.15873046629011187,1.0045940502039181,0.8888306049742564,-0.018887808534338135
2022-11-15,92.28188189338236,93.05090050938922,89.59032407126334,89.87870788574219,502628,NIACL,-0.018887808534338135,-0.030083064588501407,0.092289751796371,87.08862838745117,86.26241714477538,96.89693626403809,1.032037242404119,1.0419219732145637,0.9275701725060567,90.48867250037384,87.95904669087831,2.5296258094955277,1.7610959220338525,0.7685298874616753,63.92519781876423,0.024445687176211203,727268.9,0.6911171370039335,0.03850273907503346,0.08333403975755731,1.0095778818867218,0.8902491706209956,-0.013903812222520129
2022-11-16,89.83063816812269,91.0322251277493,88.05229093465628,88.6290512084961,279507,NIACL,-0.013903812222520129,-0.055811757094444525,0.0771027601948111,87.40584716796874,86.22973358154297,96.6968070602417,1.013994533319684,1.027824713440454,0.9165664710447013,90.20257691700803,88.00867665514629,2.1939002618617423,1.8476567899994305,0.34624347186231175,61.40032795873899,0.024781936584383855,736060.55,0.37973370533171485,0.03362254421614924,0.19354799014576987,1.0136393044205985,0.8917536804273405,-0.0016266976402339317
2022-11-17,88.6771295458716,89.39808181860226,88.19649469738448,88.48487854003906,243478,NIACL,-0.0016266976402339317,-0.09931501317413771,0.06786553311146548,87.6870189666748,86.17205749511719,96.48541942596435,1.0090989474014105,1.026839570878912,0.917080311890396,89.93831562824357,88.04395086884205,1.894364759401526,1.8569983838798496,0.03736637552167643,58.94540267166332,0.024802161954196034,743268.75,0.3275773399594696,0.013579575867011794,0.24000244140625523,1.0175806579951217,0.8931096326034955,0.01738178237593213
2022-11-18,88.48487348192455,91.08029858182876,88.24455607141842,90.02290344238281,398116,NIACL,0.01738178237593213,-0.07506172274338085,0.08768880410279478,88.04989852905274,86.14514190673827,96.27980609893798,1.0224078045096108,1.0450142799676696,0.9350133438145324,89.95132913811115,88.19053994836358,1.7607891897475696,1.8377565450533937,-0.0769673553058241,59.77859573264202,0.02496173764088824,756573.05,0.5262095973415918,0.03150023385132536,0.6271187755714338,1.0221110161310847,0.8947373846828769,-0.016017059053948346
2022-11-21,90.3593486989254,90.3593486989254,88.19649194815324,88.58100128173828,145041,NIACL,-0.016017059053948346,-0.03305351919133015,0.07463552323290057,88.35750465393066,86.09803970336914,96.05955894470215,1.0025294583485918,1.0288387701615926,0.9221466583323686,89.74050946789993,88.21946301009504,1.5210464578048857,1.7744145276036922,-0.25336806979880655,55.871884914812235,0.025318253004024835,758646.25,0.19118396749473157,0.024416711478492344,0.17777845594617833,1.0262429314110517,0.8962985115612755,0.03689637878301233
2022-11-22,88.4368092124437,93.62766687212913,88.4368092124437,91.8493194580078,1097856,NIACL,0.03689637878301233,0.02192523255642187,0.11819788343610127,88.84294624328614,86.10380737304688,95.82930938720703,1.0338391886114295,1.0667277355119542,0.9584679264136432,90.06494177407038,88.48834126549599,1.576600508574387,1.7348517237978314,-0.15825121522344432,61.21795678976071,0.02628892282089561,807909.0,1.358885716089312,0.05651492782217735,0.6574077867839089,1.0318120528442125,0.8985122393519149,-0.004186354969742068
2022-11-23,91.60899751248245,92.61832621085776,90.9841707941138,91.46480560302734,227763,NIACL,-0.004186354969742068,0.03199576612707111,0.10575233143732787,89.28032341003419,86.12303268432618,95.61869136810303,1.0244676778662705,1.0620249049784487,0.9565578057423472,90.28030544006376,88.70882010531312,1.5714853347506335,1.702178445988392,-0.1306931112377585,61.31620787003539,0.026383668671684443,817512.25,0.27860499949694945,0.01786649417740497,0.2941181750455588,1.0366602362608466,0.9006924425767192,0.013137200519665715
2022-11-24,91.94544484658384,94.30055259028788,91.70512743053624,92.66639709472656,474529,NIACL,0.013137200519665715,0.047256871724080884,0.12288876560235429,89.78739318847656,86.16148361206055,95.40833362579346,1.032064678614809,1.0754967673485543,0.9712610374076839,90.64739646385804,89.00197395638078,1.6454225074772637,1.6908272582861663,-0.045404750808902605,62.04724677141398,0.02637294670862475,829437.4,0.5721094804743553,0.028008266654616074,0.3703707889933186,1.042082719846626,0.9030813172987538,0.0
2022-11-25,92.76252259436448,93.48347484250722,92.28188776226932,92.66639709472656,292123,NIACL,0.0,0.02936467889014116,0.10423831823706897,90.22477111816406,86.19512802124024,95.20659748077392,1.0270615923576554,1.0750769703815704,0.9733190718578055,90.95801194553013,89.27341270736936,1.6845992381607715,1.6895816542610875,-0.004982416100316023,53.203889180846296,0.02628088013587418,834364.6,0.35011432651864666,0.012966804774006687,0.3200012207031333,1.0467502420314387,0.9053482668430256,0.050311173171019075
2022-11-28,92.9067133145338,97.76112065584756,92.85864689838095,97.32855224609376,1438956,NIACL,0.050311173171019075,0.09875199916213706,0.14601014435702875,90.84478988647462,86.34124099731446,95.03679378509521,1.0713718680809508,1.127254497640601,1.0241144336811367,91.93809506869377,89.87008971023783,2.0680053584559346,1.765266395100057,0.3027389633558777,58.37650819586742,0.028126383480517776,888892.7,1.618818559315427,0.050370355299961506,0.9117652778671207,1.0521598813862338,0.9085033023373681,0.1358024991361635
2022-11-29,98.2417580766492,112.27630123094676,98.04950707477072,110.54601287841795,19182624,NIACL,0.1358024991361635,0.20355832281324648,0.2943162230997798,92.10164985656738,86.75362564086915,94.93882507324219,1.2002609404997036,1.2742523676882542,1.1643920471222953,94.80085165480519,91.40163957454746,3.399212080257726,2.0920555321315906,1.3071565481261356,70.92882852970813,0.04020832680072821,1839214.25,10.429793048852247,0.12869567871093754,0.878378197256923,1.0616461176831646,0.9137844877892851,-0.04999997584455529
2022-11-30,109.5847459876019,109.92118891639672,103.48068484893332,105.01871490478516,3270936,NIACL,-0.04999997584455529,0.14818715474653787,0.2337662640311089,93.09656410217285,87.1458236694336,94.81345951080323,1.1280621999059797,1.2050917701248427,1.1076350915432964,96.37283061634056,92.41031182123174,3.9625187951088208,2.466148184727037,1.496370610381784,58.26495256814245,0.04253574013745985,1995768.65,1.6389354547682669,0.061327203187571414,0.238805851178911,1.068284860733108,0.9191292472510618,-0.021052722580065963
2022-12-01,105.69159395333092,106.22029518873744,102.08683280439188,102.80778503417967,1472241,NIACL,-0.021052722580065963,0.10943975656122973,0.21396132522573663,94.00256042480468,87.49476440429687,94.66338832855224,1.0936700507899308,1.17501642222984,1.0860353389988568,97.36282360370042,93.18049502219085,4.182328581509566,2.8093842640835427,1.3729443174260232,56.477267233834354,0.043008461629771205,2064255.05,0.7132069266343808,0.040205733281495605,0.17441848086442524,1.074379262174323,0.9242724769223881,0.030855595551598558
2022-12-02,103.09617147640309,107.0854420492641,102.7116621439757,105.97998046875,1877387,NIACL,0.030855595551598558,0.14367218097854684,0.2422535150808829,95.03592529296876,87.91580047607422,94.53157314300537,1.1151570329014404,1.2054713702753788,1.1211067048299908,98.68854004447728,94.12860505526932,4.55993498920796,3.1594944091084263,1.4004405800995339,68.07738011949138,0.04323604400934392,2152862.55,0.8720422026013691,0.04126986895018427,0.7472525814164831,1.080987999635313,0.9300152060632383,-0.002721184812505939
2022-12-05,106.70092536682505,108.09476335021706,104.97063715704424,105.69158935546876,711606,NIACL,-0.002721184812505939,0.0859258348796681,0.16042206797627467,95.76648979187011,88.34644912719726,94.40430324554444,1.1036385439747132,1.1963309267053703,1.1195632584731463,99.76593224616828,94.98512241083965,4.7808098353286255,3.4837574943524663,1.2970523409761592,70.63988620421264,0.04127038663390985,2059319.3,0.3455539896120043,0.029558891225162344,0.23076923076923986,1.0839879897605145,0.9358307417132165,-0.018644778884428836
2022-12-06,105.6915913546165,106.60480189023716,102.9519744155648,103.7209930419922,374721,NIACL,-0.018644778884428836,-0.06173917682523866,0.11929454790354344,96.3192195892334,88.71557662963868,94.28777652740479,1.0768462772468952,1.1691407189404484,1.1000470778080724,100.3744031378335,95.63222393907317,4.742179198760326,3.735441835234038,1.0067373635262875,69.33498507160414,0.04163477681798932,1998202.5,0.18752904172625146,0.03521782203910712,0.21052694981067382,1.0857080937583001,0.940902202777615,-0.013901738870363278
2022-12-07,103.96131274671882,104.24968923758212,101.8945815596246,102.27909088134766,295835,NIACL,-0.013901738870363278,-0.02608700769116601,0.0896056517411965,96.73977470397949,89.08951049804688,94.16859058380128,1.0572599656585753,1.1480486345650078,1.0861274470315958,100.66743202145106,96.12458445331572,4.542847568135343,3.8969229818142996,0.6459245863210437,67.10367863869463,0.04184611521590274,1977559.7,0.14959598944092561,0.02302628677732033,0.16326613229698536,1.0858716605710874,0.9460639683118705,-0.011278222129394111
2022-12-08,102.8558528843826,104.2496909478518,100.11623583975724,101.12556457519533,543090,NIACL,-0.011278222129394111,-0.016362773095686012,0.029354159716152184,96.88396492004395,89.50958526611328,94.03429691314697,1.0437802030361976,1.129773579829999,1.0754115029817053,100.73791395279633,96.4950274253068,4.2428865274895315,3.966115690949346,0.2767708365401855,63.898903520417335,0.04081386912282867,1727141.2,0.3144444704347276,0.040874482386904214,0.24418524189642596,1.0823864799731395,0.9518823259643994,0.05038035478655534
2022-12-09,101.89459256133344,111.50728997278,101.89459256133344,106.22030639648438,8879834,NIACL,0.05038035478655534,0.002267654010421616,0.09135812611193428,97.32855262756348,90.04116760253906,93.9307458114624,1.091358121834463,1.1796860172378427,1.130836399507458,101.58135894413296,97.21541846020884,4.3659404839241205,4.046080649544301,0.3198598343798196,70.23152125613615,0.0420902468494783,2131423.7,4.166151478938701,0.0904977375565612,0.44999999999999823,1.0809339241044995,0.9585910004725131,0.026244265760163143
2022-12-12,111.02664515545229,111.1708370704872,107.22963295166348,109.00798034667967,2931227,NIACL,0.026244265760163143,0.0313780028423738,0.1899265243235928,98.19850158691406,90.57755615234375,93.84592288970947,1.1100778381042637,1.2034767217978095,1.161563304937489,102.72391608298629,98.08894156291038,4.6349745200759145,4.163859423650624,0.47111509642529015,69.89964791474074,0.03950484469466143,2231974.9,1.3132885141315882,0.036155188879653126,0.45121930795783244,1.0841372383877583,0.9651730556136487,-0.00881830450309884
2022-12-13,110.20957158841637,110.20957158841637,106.74900216607509,108.04671478271484,948380,NIACL,-0.00881830450309884,0.04170536372488587,0.2021391642620034,99.10690193176269,91.09279693603516,93.77856632232665,1.0902037363362183,1.1861169973580308,1.152147223186875,103.54280819063683,98.826554394007,4.716253796629829,4.274338298246465,0.44191549838336375,68.9768968829128,0.03918771606449658,2254262.5,0.42070521955628504,0.032028455740654285,0.3749997350903533,1.0879773732423101,0.9713605198755094,0.08941279697023674
2022-12-14,108.81572888458376,122.03318747556882,108.38316044607753,117.7074737548828,18657462,NIACL,0.08941279697023674,0.15084591328088126,0.32809132163652466,100.56082305908203,91.79644638061524,93.77388309478759,1.1705102461793364,1.2822661268044384,1.2552266139592714,105.72198750821313,100.22514101333114,5.496846494881993,4.518839937573571,0.9780065573084222,74.00921106146659,0.04254467828223499,3173160.25,5.87977301177903,0.11596567825350224,0.6830985234431999,1.095476208764412,0.9789127137651584,0.021233130029684855
2022-12-15,117.27489650441346,123.90765117729288,115.97718395249817,120.20677185058594,8846604,NIACL,0.021233130029684855,0.18868826449124176,0.3585007272874634,102.14691772460938,92.54143035888671,93.78433074951172,1.1768027320674166,1.2989508740507871,1.2817362014518803,107.95041586857818,101.70526181609075,6.245154052487422,4.864102760556341,1.3810512919310804,75.19788218317633,0.04237815200005763,3603316.55,2.455128179066033,0.06597354793498728,0.5333340115023626,1.1037966165907684,0.9867472489200283,-0.018792513865738547
2022-12-16,120.15870757680352,121.55254565113223,114.4872151123973,117.94778442382812,3471401,NIACL,-0.018792513865738547,0.11040711917709078,0.31019751545025454,103.54316177368165,93.2277767944336,93.82874736785888,1.1391170831892425,1.2651571074563102,1.2570538106131772,109.48847256938586,102.90841163888611,6.580060930499755,5.207294394545024,1.3727665359547307,69.7332013212887,0.04309331456749758,3756980.8,0.9239868886207777,0.05990218954301598,0.4897958124476441,1.1106471197097554,0.99359502721411,0.09168692801105749
2022-12-19,117.8516464198226,132.17456431001622,117.22681973993976,128.76205444335938,15659814,NIACL,0.09168692801105749,0.18121676994524183,0.45360802632860686,105.55221443176269,94.11214447021484,93.90424415588379,1.21988965495936,1.3681768189238397,1.3712059087511594,112.45363901153564,104.82349629106932,7.630142720466324,5.691864059729284,1.9382786607370397,68.27384721781505,0.04573518593406014,4532719.45,3.45483857378378,0.1160881179994823,0.7717040286139041,1.1215578502216415,1.0022139607873946,0.009331934988831003
2022-12-20,128.56981550746704,136.8367403530154,124.2921685045191,129.96365356445312,13104070,NIACL,0.009331934988831003,0.20284687809170232,0.4149658846832356,107.45793113708496,95.01958282470703,93.98479095458984,1.2094375183778425,1.367756516087965,1.3828157965180452,115.14748740429218,106.68573016317183,8.461757241120353,6.245842696007498,2.215914545112854,77.40230252279167,0.045608919828641833,5133030.15,2.552891687184031,0.09652369338997566,0.4521067062654566,1.1309029985463555,1.0110102055833392,-0.106139059593782
2022-12-21,129.3868983714476,130.87685456722664,114.67947006406568,116.16943359375,4933764,NIACL,-0.106139059593782,-0.013066631302746767,0.27009982504029906,108.69316253662109,95.67036224365235,94.00019847869874,1.0687832691831927,1.214267730040478,1.23584242878035,115.30470989497799,107.38822671358503,7.916483181392962,6.579970793084591,1.3365123883083712,61.700335215714965,0.05331811686603684,5368330.2,0.91905002415835,0.1394289702728859,0.0919879088746425,1.1361215739917698,1.0177676621111826,-0.027306496017485138
2022-12-22,118.23617022188006,120.68741083077396,109.2002337950528,112.99725341796876,6593894,NIACL,-0.027306496017485138,-0.05997597574268465,0.21939836834769078,109.7097053527832,96.28461380004883,94.00166103363037,1.0299658818207023,1.1735753923532013,1.2020771992267505,114.94971659082273,107.80371017316901,7.146006417653723,6.693177917998418,0.4528284996553049,56.14478575610754,0.05408809700045938,5674298.45,1.1620633031736285,0.10165890486940345,0.33054418950004394,1.139431327840332,1.0242863024048234,-0.0842194899173414
2022-12-23,110.64213854539898,115.1601104353796,102.03877785507754,103.48068237304688,4450119,NIACL,-0.0842194899173414,-0.12265683600122435,0.11670125975940993,110.25041961669922,96.70757263183594,93.96488098144532,0.9385967212896943,1.070037015270728,1.1012697647483913,113.18524978808799,107.48348589167848,5.701763896409503,6.494895113680635,-0.7931312172711324,48.333342918829615,0.05814303755603698,5882198.25,0.7565401251139402,0.12679982658985348,0.1098900976059355,1.1400391573927788,1.0291884757554497,0.05991637802265215
2022-12-26,104.2496948461234,111.74760135443486,103.6729344994623,109.68087005615234,3274517,NIACL,0.05991637802265215,-0.14818949938081782,0.1269136088537095,110.86803550720215,97.26222518920899,93.96724456787109,0.989292085445379,1.127682096957835,1.1672244999897974,112.64611444471328,107.64625508904692,4.999859355666359,6.19588796207778,-1.1960286064114207,54.223437514699,0.05855677667085105,5973976.3,0.5481302294419883,0.0736196462595405,0.7440474838897186,1.1398879194006215,1.0350652042261173,-0.005258592200063306
2022-12-27,110.73825852706564,112.42048038085125,108.14283345764429,109.1041030883789,2104843,NIACL,-0.005258592200063306,-0.16050295527994907,-0.013043525971623282,110.79594001770019,97.79861373901367,93.97510646820068,0.9847301541098799,1.1155996891687563,1.160989406543504,112.10118962066183,107.75424382973817,4.346945790923655,5.826099527846956,-1.4791537369233003,54.89655024436554,0.05020139820020657,5120087.25,0.4110951429587455,0.039207021570415966,0.224719255233425,1.1328988804828186,1.0406863840277403,0.0308369788370233
2022-12-28,108.95990847441136,114.34301680622475,108.7195910726884,112.46854400634766,3538143,NIACL,0.0308369788370233,-0.03185768814492573,0.07093810953901758,111.16843147277832,98.40229110717773,93.98613960266113,1.0116949795580024,1.1429463962769857,1.1966503197367542,112.1577056799981,108.10345125022776,4.054254429770339,5.471730508231633,-1.417476078461294,57.88769972619135,0.049161001431000106,5133447.6,0.689233294209529,0.04999998695829981,0.6666671013901139,1.1297341781574575,1.0469872634750876,-0.014102521748668662
2022-12-29,111.79566449665882,112.32435840981252,109.248298428483,110.88245391845705,1219990,NIACL,-0.014102521748668662,-0.018715494718170023,0.0785414147536867,111.5721649169922,98.96271133422852,93.97942306518554,0.9938182520788381,1.120446806918737,1.1798588489051194,111.96151310129947,108.30930329972624,3.6522098015732354,5.107826366899953,-1.455616565326718,53.40828610021733,0.04899449335384035,5120835.05,0.23824044088278143,0.027741629740550798,0.5312495529647445,1.1274162097295166,1.053025312419576,0.09016034240691462
2022-12-30,112.18016099254923,123.81152918620246,112.18016099254923,120.87965393066406,17599438,NIACL,0.09016034240691462,0.16813738717816018,0.14058950941501158,112.3171485900879,99.72499816894532,94.02676391601562,1.0762350669337755,1.2121299187780419,1.2855877294536409,113.33353476735556,109.24044038349942,4.09309438385614,4.904879970291191,-0.8117855864350503,57.851237584446366,0.05232705075722703,5906937.6,2.9794521614719613,0.09622271255280829,0.747933759234085,1.1262687455738034,1.0606022585018382,0.03459259939037884
2023-01-02,121.6006185438964,126.59921811174324,121.16805010714452,125.06119537353516,7222605,NIACL,0.03459259939037884,0.14022796600271947,0.18326534908015524,113.2856288909912,100.57764450073242,94.09644943237305,1.1039458102304835,1.2434293524603715,1.3290745413663714,115.13779024522935,110.41234816053911,4.725442084690243,4.868992393171002,-0.14355030848075856,60.792687778138486,0.052592914545734455,6232487.55,1.1588639274538142,0.043428083254576304,0.7168154737791578,1.1263499901329093,1.0688782106812371,0.01229805647515958
2023-01-03,126.07050379671794,129.24269645113915,123.18669495957325,126.59920501708984,4483016,NIACL,0.01229805647515958,0.16035237386571222,0.22057455587448183,114.42953948974609,101.46681884765626,94.18005176544189,1.106350734098989,1.247690687998879,1.3442252647342856,116.9010848255156,111.61137459435767,5.289710231157926,4.953135960768387,0.3365742703895389,56.2882318911394,0.052166535580251666,6437902.3,0.6963473179765403,0.04783601516888197,0.5634922749390244,1.1277532969822603,1.0773705996718101,0.04707673332826712
2023-01-04,127.8488665009703,134.57775421154767,126.93566324523988,132.55908203125,13167490,NIACL,0.04707673332826712,0.17863250744820203,0.2960526036062412,115.94353904724122,102.46365524291993,94.24531566619874,1.1433071917637323,1.2937180673184077,1.406532315099376,119.31000747255166,113.16305662672006,6.146950845831597,5.19189893778103,0.9550519080505673,58.32793069201612,0.052396686068723705,7081485.05,1.8594249521150934,0.0576504517774664,0.7358481874662931,1.1315577096323892,1.0872015709070273,-0.018854104891318335
2023-01-05,133.1839258598756,133.47230971641093,127.89694227203928,130.05979919433594,4059355,NIACL,-0.018854104891318335,0.17295202800960663,0.2861218598945432,117.39025077819824,103.41435119628906,94.31245269775391,1.1079267514307984,1.2576571596670523,1.3790310343337446,120.96382158359539,114.4146671872842,6.549154396311195,5.463350029487063,1.0858043668241324,58.13955014586677,0.05261872391999047,7257298.3,0.5593479601079647,0.042867722992874314,0.38793083036707565,1.1351446817606752,1.0965079185004794,-0.0550628906873728
2023-01-06,129.3388421317628,129.9636615747743,121.6967435535992,122.89833068847656,3116427,NIACL,-0.0550628906873728,0.016699888626173554,0.15701352083977982,118.22415199279786,104.19394104003906,94.36198375701905,1.0395365804439305,1.1795151374613029,1.3024135970364745,121.26143836896173,115.04308670589103,6.218351663070706,5.614350356203792,0.6040013068669143,45.85599254631861,0.05404322366032203,6969127.95,0.44717603441331566,0.06726631659570817,0.14534886299822744,1.1346547679520764,1.1041940503109513,0.020727403431598068
2023-01-09,124.0037894413389,127.22404875519588,123.18670434146134,125.44569396972656,2965947,NIACL,0.020727403431598068,0.0030744836161447076,0.15079367190154147,119.0460376739502,105.00429138183594,94.43383132934571,1.053757826978703,1.1946720683401197,1.3283978019723086,121.90516999984864,115.81365020691588,6.091519792932758,5.709784243549585,0.38173554938317267,46.866670998391264,0.05396304589561573,6970863.95,0.4254776769814881,0.03218400158644636,0.5595236365221713,1.1337254516679998,1.1119350968153023,-0.026819960421879507
2023-01-10,124.48441954485077,125.2534381976089,119.77419679799424,122.08124542236328,1909475,NIACL,-0.026819960421879507,-0.035687108731185746,0.12989317322486205,119.74776420593261,105.73774002075196,94.49460441589355,1.0194866370316338,1.1545664338806916,1.2919387956274653,121.93225852638935,116.27791651917124,5.654342007218105,5.698695796283289,-0.044353789065183946,54.793457213269335,0.05441423170072949,7018918.7,0.272046889501655,0.044881925808163144,0.4210525611321472,1.1324978591601358,1.1189817733441654,0.010236270714004236
2023-01-11,122.46575792628543,124.67667377599594,121.55254733570246,123.33090209960938,1867677,NIACL,0.010236270714004236,-0.06961559925003957,0.04777460738335915,120.02893562316895,106.50194946289062,94.56617610931397,1.0275097538714077,1.1580154421735032,1.304175627838063,122.14743446073089,116.8003598955,5.347074565230898,5.628371550072812,-0.281296984841914,58.648431759316175,0.050911316340045705,6179429.45,0.30224101029262496,0.025331254268863207,0.5692326472355772,1.1270116296321098,1.1262160937942491,0.014419159445199226
2023-01-12,122.65799701144346,126.07049962205426,120.44708137652056,125.1092300415039,2485905,NIACL,0.014419159445199226,-0.03806379206717725,0.04078354418344743,120.27405853271485,107.31037689208985,94.65118980407715,1.040201283367135,1.1658632991971727,1.321792470865641,122.60309531931135,117.41583175816695,5.187263561144405,5.5401499522871305,-0.35288639114272513,70.79481629111162,0.050809641257475384,5861394.5,0.424114943977922,0.044948068529141925,0.8290595615373582,1.1208054804770757,1.1337456730783473,0.0019209288367825206
2023-01-13,125.78213904417989,128.32949773891414,124.29216815934193,125.34955596923828,2480288,NIACL,0.0019209288367825206,0.01994514707425199,0.062754646741078,120.64414710998535,108.11111434936524,94.74530830383301,1.0390023799079389,1.1594511510090106,1.3230159700073205,123.02562772699241,118.00351503306112,5.022112693931291,5.436542500615963,-0.4144298066846721,67.01460966227377,0.05054741394875119,5811838.85,0.4267647579388751,0.03220856706156188,0.2619027723786654,1.1159273293596728,1.1410709013967237,-0.014187072199282724
2023-01-16,125.73406941677509,126.21470422749071,123.09057795783905,123.57121276855467,1088534,NIACL,-0.014187072199282724,-0.014942571098727764,-0.04031344247530688,120.38460502624511,108.7609326171875,94.83125354766845,1.0264702263351269,1.1361727947248836,1.303064212964765,123.10956388723277,118.41593708754212,4.693626799690648,5.2879593604309,-0.5943325607402521,65.31028503505026,0.04627417657038735,5083274.85,0.21414029973216972,0.025281990842827343,0.15384615384614964,1.1068736000082875,1.1468891167036728,-0.024892993806278962
2023-01-17,123.85960661576088,123.85960661576088,119.87032856317762,120.49515533447266,950760,NIACL,-0.024892993806278962,-0.012992086396262148,-0.07285497114225659,119.91118011474609,109.31750778198243,94.89487323760986,1.0048700648193751,1.1022493814511614,1.2697751861974835,122.70734718680814,118.56995325398141,4.1373939328267255,5.057846274910066,-0.9204523420833404,58.54658695103299,0.04650340372283261,4475609.35,0.21243140892088808,0.03310737300192483,0.15662652817354428,1.096907371451343,1.1519853923853118,0.009174320059067265
2023-01-18,121.16804802575676,124.1960416988179,120.63934675978106,121.60061645507812,1011742,NIACL,0.009174320059067265,-0.014029619625532064,0.04675225395624483,120.1827392578125,109.87216033935547,94.96809162139893,1.0117976774869812,1.106746386705219,1.2804365590481988,122.53708092038812,118.79444682443301,3.742634095955111,4.7948038391190755,-1.0521697431639643,61.530519062995474,0.03965167925150942,4279508.25,0.2364154806805198,0.029248987733139907,0.27027049318921303,1.0938415963298744,1.156937645723927,-0.02371537583737826
2023-01-19,120.687418021799,121.79287234863251,116.89039817264188,118.71681213378906,623854,NIACL,-0.02371537583737826,-0.05109469465677485,0.050616794150421196,120.46871719360351,110.28166137695312,95.01371894836426,0.9854575934680289,1.0764873384343006,1.2494702180672075,121.94934726091134,118.78869610660753,3.1606511543038067,4.467973302156022,-1.307322147852215,47.2527645045638,0.0395149573572133,3981006.25,0.1567076163218784,0.04129553420340956,0.37254943026357135,1.0923730717279463,1.1606919779330638,0.006882513037862026
2023-01-20,119.293564723325,120.35095989481236,118.38036146929171,119.53388214111328,750387,NIACL,0.006882513037862026,-0.04639564762042081,0.15513233388039294,121.27137718200683,110.72576797485351,95.05241504669189,0.985672669996269,1.0795489101349935,1.2575575495098734,121.57773724248086,118.84389507212647,2.733842170354393,4.1211470757956965,-1.3873049054413036,42.32306868712815,0.033733770000580164,3796019.65,0.19767732235000418,0.016485689163799593,0.5853656721139405,1.095240786314061,1.1648916855028093,-0.007237636783554824
2023-01-23,120.4470940978147,121.74480670183756,117.2749012133982,118.66873931884766,628931,NIACL,-0.007237636783554824,-0.039673264831423194,0.08194564155165684,121.7207706451416,111.26696273803711,95.08031909942628,0.9749259611969457,1.066522680215843,1.2480894094892,121.13019910038345,118.8309205718836,2.2992785284998547,3.7567733663365286,-1.4574948378366739,38.775513289327854,0.0315407262388194,3663740.35,0.1716636387728732,0.037667084980394915,0.3118271983723999,1.0939524873319006,1.1702417891728394,0.02268121515359023
2023-01-24,118.71679905051052,122.36962657024218,117.995846829556,121.36029052734376,1318016,NIACL,0.02268121515359023,0.007179833832070992,0.11233479852757533,122.33358001708984,111.89659439086914,95.10395858764649,0.9920439711679319,1.0845753723604556,1.2760803265144827,121.16559778145427,119.01828130932509,2.1473164721291766,3.4348819874950585,-1.2875655153658818,32.53371176116974,0.03170826816647955,3624399.0,0.363650911502845,0.03603962813273519,0.7692302532957311,1.093273487750333,1.1765713651945076,-0.03366336546522852
2023-01-25,120.35095459297318,121.26416514068222,115.78492385614378,117.27489471435548,749689,NIACL,-0.03366336546522852,-0.035573189238893854,0.04273506650656533,122.57389755249024,112.46951126098632,95.09711246490478,0.9567689129256451,1.0427260988288483,1.2332119417152159,120.56702807882368,118.88914156154956,1.6778865172741178,3.0834828934508707,-1.405596376176753,30.999961223091745,0.03230302853100015,3484976.3,0.21512025777621502,0.04672134899702228,0.27193014157200346,1.0898411149672076,1.1826806129628042,-0.04057371276824484
2023-01-27,116.60201288299636,118.18810195747596,110.59407749813268,112.51661682128906,901937,NIACL,-0.04057371276824484,-0.052226767220742376,0.014737795251481112,122.65560569763184,112.95014602661132,95.07797054290772,0.9173377456441966,0.9961617649859424,1.183414161858992,119.3285032699722,118.41710269190064,0.9114005780715644,2.6490664303750093,-1.737665852303445,33.38459284222867,0.03354118959272746,3469073.65,0.25999361529842413,0.06749247065795562,0.2531647525563332,1.0859269333634496,1.187973884819492,0.002990213169739908
2023-01-30,111.41116092482903,113.86239428650468,110.40182479514114,112.85306549072266,1002946,NIACL,0.002990213169739908,-0.05589056868832987,-0.06640148427745673,122.25427627563477,113.40674926757812,95.06362419128418,0.9231011701896127,0.9951177175923712,1.187131949268451,118.33228207316458,118.00495178810968,0.3273302850548987,2.1847192013109873,-1.8573889162560886,28.311241265251752,0.02625249889794847,2639249.05,0.38001188254666607,0.03066438183416495,0.7083344812751249,1.0780158770549124,1.1929562988192461,0.011924990993367413
2023-01-31,112.94918380251326,115.64074175434808,112.13210606731872,114.19883728027344,838610,NIACL,0.011924990993367413,-0.03766705590900532,-0.08685634309521684,121.71115837097167,113.91910598754883,95.06846031188965,0.9382774661645983,1.0024555257022048,1.2012273776773397,117.69636748964287,117.7230173801218,-0.026649890478935845,1.7424453829530027,-1.7690952734319385,35.40923533012153,0.02499893692237223,2320049.3,0.3614621465155935,0.030723917778762235,0.5890412676913019,1.0683998730140536,1.1982849581640025,-0.07744114717332073
2023-02-01,115.01591087774374,117.17876751104642,100.11623184832524,105.35514831542967,2767206,NIACL,-0.07744114717332073,-0.13188121207000536,-0.1678056090383222,120.64895553588867,114.18922256469726,95.03362827301025,0.8732371353524926,0.9226365321450334,1.1086091337349344,115.79771838591776,116.80687893088535,-1.0091605449675853,1.1921241973688852,-2.2012847423364708,24.02773117358352,0.029520156783395028,2234258.8,1.2385342288905834,0.16195255699927005,0.30704208159110835,1.0565704260533997,1.2015664837783242,0.0031933991401331685
2023-02-02,103.7690501596701,109.00797386856443,102.95197246823668,105.69158935546876,1307736,NIACL,0.0031933991401331685,-0.09877054579413591,-0.2026831527804891,119.3055809020996,114.47375823974609,95.00718425750732,0.8858897342128338,0.9232822524627474,1.1124589175172528,114.24292930431022,115.98352414752115,-1.7405948432109284,0.6055803892529225,-2.346175232463851,20.72462704542133,0.02664548551562259,1641271.1,0.7967824450208134,0.05729880151541505,0.45238049104212835,1.0422089982599687,1.204895810083968,-0.014097240148274848
2023-02-03,107.37381502584935,107.75832434566324,101.79845555721684,104.20162963867188,847234,NIACL,-0.014097240148274848,-0.07390008176146945,-0.19881754174498356,118.0126724243164,114.704462890625,94.9759247970581,0.8829698327990853,0.9084357052265005,1.097137299387471,112.69811397113509,115.11079122093972,-2.4126772498046307,0.0019288614414118,-2.4146061112460426,19.27371645012296,0.02659206541935205,1480665.05,0.5721982834672839,0.05719554299786633,0.4032260049271129,1.028841157966503,1.2077214634732147,0.027675378879179036
2023-02-06,103.76906425517218,108.38316188540828,102.71166902063231,107.08544921875,1374342,NIACL,0.027675378879179036,-0.05110730707130673,-0.1286663649631593,117.22202835083007,114.99284393310546,94.95860546112061,0.9135266700748205,0.9312357669929843,1.1277066327874259,111.83462708615276,114.51632144299974,-2.6816943568469753,-0.5347957822162657,-2.1468985746307094,26.79296372573539,0.025745869011814776,1393560.8,0.9862088543248346,0.05296231099699143,0.7711867584779999,1.019385418618061,1.2109786509047626,-0.0332137495383269
2023-02-07,108.62347208442009,110.1615020807812,102.56747026473532,103.52873992919922,1296711,NIACL,-0.0332137495383269,-0.09343437818799372,-0.17471268520238326,116.12618064880371,115.11684768676758,94.92278411865234,0.8915193744492254,0.899336126810043,1.0906626990606336,110.55679829277528,113.70242651605156,-3.145628223276276,-1.0569622704282677,-2.0886659528480083,26.43523451785434,0.025563776026768223,1310099.0,0.9897809249529997,0.07335191968181258,0.12658225403174825,1.0087678995934855,1.212742006627965,-0.008820742713979701
2023-02-08,103.7690602468296,104.4419534311126,101.94265370040398,102.61553955078124,860507,NIACL,-0.008820742713979701,-0.026003558520426018,-0.159448781868474,115.15289535522462,114.95823822021484,94.885270652771,0.8911242677331904,0.8926331956671967,1.0814696405967883,109.33506617862236,112.88117562973524,-3.5461094511128834,-1.554791706565191,-1.9913177445476924,23.489921446000466,0.025226810495138925,1257650.6,0.6842178582827376,0.02435595760300796,0.2692297534823787,1.0016932856489753,1.2115498794423014,0.0014050532549234607
2023-02-09,103.33648013142256,103.8171149227315,102.08682674045735,102.7597198486328,672987,NIACL,0.0014050532549234607,-0.027739856356737258,-0.1667966576159644,114.12433624267578,114.9130583190918,94.85709980010986,0.9004189924059923,0.8942388389254119,1.0833107913395617,108.32347443554704,112.13143816446839,-3.807963728921351,-2.005426111036423,-1.8025376178849277,25.87205519578505,0.024960479267539228,1197916.1,0.5617981092331925,0.016838194818192397,0.38889077268680616,0.9931363581480367,1.2114333936125539,-0.04115993841229448
2023-02-10,102.85584940096228,103.528735201799,97.8572503075617,98.53013610839844,1536562,NIACL,-0.04115993841229448,-0.05442806940678213,-0.21244710661466049,112.79538154602051,114.82750534057617,94.80347019195557,0.8735298800172785,0.8580708586863396,1.0393093829677038,106.8168070006011,111.1239343084632,-4.307127307862103,-2.4657663504015592,-1.841360957460544,21.21210600207597,0.02533296866874323,1150448.95,1.3356194553439333,0.05756091606326192,0.11864367328571158,0.9823028133500905,1.2112162678019744,-0.01317073420025272
2023-02-13,99.1068946685366,99.2991529896077,96.36727776494268,97.232421875,566988,NIACL,-0.01317073420025272,-0.09201088864671636,-0.2243098021116121,111.3895248413086,114.65255416870117,94.74622592926025,0.8729045393947271,0.8480615419341729,1.0262405802590597,105.34228621204709,110.09493338746593,-4.7526471754188435,-2.923142515405016,-1.8295046600138276,20.963526514981695,0.02513433990517236,1054783.95,0.5375394648354291,0.030153267481439257,0.29508217224904637,0.9715398461809118,1.2101015427707216,-0.003460094937026592
2023-02-14,99.77979755753384,100.4046169939312,95.74246042674064,96.89598846435548,1335290,NIACL,-0.003460094937026592,-0.06406676512608689,-0.21586924419169629,110.05576362609864,114.4766421508789,94.68753898620605,0.88042629728642,0.8464258441180313,1.0233235492420092,104.0428557893253,109.11723376353181,-5.074377974206513,-3.3533896071653153,-1.7209883670411976,14.603611804032127,0.025206577921087474,1067121.75,1.2513005193643556,0.04811506277069048,0.24742370209801187,0.9613818291511941,1.2089937427516804,0.056051442987677946
2023-02-15,97.5208003223726,103.1442334841958,97.5208003223726,102.3271484375,2887091,NIACL,0.056051442987677946,-0.0028104039070858677,-0.15077790344799813,109.14736328125,114.44876525878907,94.633256149292,0.9375137003889346,0.8940869585278625,1.0813022039109617,103.7789008121214,108.61426448012206,-4.835363668000653,-3.6497844193323834,-1.1855792486682697,29.183376969775793,0.029175479425293478,1163938.3,2.480450209431204,0.05495543702420199,0.8546999629616149,0.9536788189409325,1.209392658731265,0.012212366867716984
2023-02-16,102.85585287496828,104.77839218104243,100.50074515858958,103.5768051147461,1228258,NIACL,0.012212366867716984,0.007951415859413391,-0.14822138131997398,108.2461727142334,114.47471954345703,94.59264579772949,0.9568634393031679,0.9048006889890318,1.0949773551765083,103.74780916637135,108.24111934194606,-4.493310175574706,-3.818489570580848,-0.6748206049938581,36.20176601907611,0.029275853474460028,1174764.1,1.0455358654558817,0.04129927562173716,0.7191009309582219,0.9455901979575574,1.2101862526209703,-0.03480283874087109
2023-02-17,102.61552966558015,103.57679926432095,98.72238485711792,99.97203826904295,556354,NIACL,-0.03480283874087109,0.01463412330069458,-0.1578948552259094,107.30893402099609,114.45164901733398,94.54933910369873,0.9316282859494476,0.8734870936975486,1.0573531154923967,103.16692133601315,107.62859481802731,-4.461673482014163,-3.947126352867511,-0.5145471291466519,31.94067215011364,0.029699452421988966,1171389.1,0.47495234504060174,0.04855772165151744,0.25742619131790395,0.9375918559700603,1.2104965524064322,-0.005769130238519438
2023-02-20,100.74106558129417,100.74106558129417,98.04950753882304,99.3952865600586,607869,NIACL,-0.005769130238519438,0.02224427452644484,-0.16847604394945093,106.30200424194337,114.31514862060547,94.51057292938232,0.9350273992373175,0.8694848212106724,1.051684308742114,102.58666983202014,107.01872013225186,-4.432050300231722,-4.044111142340354,-0.3879391578913687,28.787867855655307,0.029496882802200603,1164263.2,0.5221061698076518,0.02707933278953608,0.49999999999999734,0.9299030401888685,1.2095487846213884,0.014990168437233331
2023-02-21,98.72238211046904,103.24035349919502,98.72238211046904,100.88523864746094,1183169,NIACL,0.014990168437233331,0.0411704369430419,-0.14985834326262404,105.41282920837402,114.1526937866211,94.474945602417,0.9570489607867065,0.8837744892471812,1.067851778100203,102.3249111882418,106.5643881704155,-4.239476982173699,-4.083184310307023,-0.15629267186667573,41.88479253225835,0.02997233328082795,1191975.1,0.9926121778886152,0.044783275029103474,0.47872293799580645,0.9234370710989616,1.2082853613593474,-0.02143863488724007
2023-02-22,99.9720504143274,99.9720504143274,98.09757740262113,98.72239685058594,381163,NIACL,-0.02143863488724007,-0.03522771465791208,-0.18653460352138218,104.28093452453614,113.96620742797852,94.44478950500488,0.9466965107352165,0.8662427142095961,1.0452921475922647,101.77067821321782,105.9834999245022,-4.212821711284377,-4.109111790502494,-0.10370992078188301,38.13420396575246,0.029236851687887977,1145132.45,0.33285494616801753,0.01898731262109897,0.33333072498923727,0.9150162743674433,1.2066966110601491,-0.011197673029338495
2023-02-23,98.86658187257514,99.05884020260112,96.9440425757476,97.61693572998048,408061,NIACL,-0.011197673029338495,-0.05754057945852886,-0.1676229088267831,103.29803657531738,113.56439666748047,94.41988319396972,0.9450028187012571,0.8595734102810887,1.0338599501276966,101.13164090810439,105.3637544286117,-4.232113520507312,-4.133712136503458,-0.09840138400385356,38.64011904940535,0.02870077850508866,1128051.05,0.3617398343807224,0.021664249251823333,0.3181832368679358,0.9095987792527683,1.2027593429043073,-0.016248103631094746
2023-02-24,98.0975769885198,99.63560706008192,95.26182693935584,96.03084564208984,616832,NIACL,-0.016248103631094746,-0.039422949608636015,-0.14651854672615772,102.47374801635742,113.08087814331054,94.39830257415771,0.9371263128461045,0.8492226733540863,1.0172941994020457,100.34690317487139,104.67242785183231,-4.325524676960924,-4.172074644594952,-0.15345003236597243,30.034671172274727,0.027781214556404657,1113795.8,0.5538106715791171,0.04554557539800603,0.17582472861172055,0.9061987287230789,1.1979121982037348,-0.016016026115927118
2023-02-27,96.22309414559534,97.5208067555046,93.67572800975528,94.49281311035156,487171,NIACL,-0.016016026115927118,-0.04932299729066891,-0.16269165840143207,101.55573539733886,112.61177871704102,94.38004837036132,0.9304527483420462,0.8391023939670034,1.0011947942593518,99.44627393417603,103.91838231542633,-4.472108381250294,-4.2320813919260205,-0.24002698932427347,32.39696784045282,0.027727832751248852,1088007.05,0.4477645618197051,0.04069175865532673,0.2125015258789078,0.9018216083107735,1.1931735643441894,0.032044683070224345
2023-02-28,96.6556685206075,98.91465078460269,96.31921826804826,97.52080535888672,1547308,NIACL,0.032044683070224345,-0.033349113643187045,-0.1460437979806618,100.72183380126953,111.98695373535156,94.36950992584228,0.9682191207052621,0.8708229137953751,1.0333931524654605,99.15004799951613,103.44448772605301,-4.294439726536879,-4.244553058848193,-0.04988666768868644,40.83041561700741,0.02884900031535141,1123441.95,1.3772923469699525,0.02661414153629026,0.4629621780471601,0.8994068544742823,1.186685761358234,0.014785585038373794
2023-03-01,96.75179172519634,99.77979258903665,96.70372530914118,98.96270751953124,360587,NIACL,0.014785585038373794,0.0024342061843272145,-0.060675162990228904,100.4022117614746,111.36693481445313,94.36474403381348,0.9856626241923515,0.8886184008243704,1.0487254380096678,99.12122638721075,103.1125040070514,-3.9912776198406448,-4.193897971046683,0.20262035120603805,43.47106384184525,0.02404582725100329,1003111.0,0.3594686928963993,0.03108309541034311,0.7343734726331551,0.9015441785189949,1.1801752439931092,-0.017969908813652236
2023-03-02,98.96270401188112,99.87591454722345,96.55952997240946,97.18435668945312,413594,NIACL,-0.017969908813652236,-0.004431393357028912,-0.08049110357687561,99.97685012817382,110.98723327636719,94.34390163421631,0.9720685995293848,0.8756354566246031,1.0301074579918226,98.82324643370958,102.6733819835256,-3.8501355498160166,-4.12514548680055,0.27500993698453335,47.472914567853685,0.024230745044188623,958403.9,0.43154457113540545,0.03412467487346026,0.1884059893984725,0.9007959490189594,1.17641131386191,0.03363016350571546
2023-03-03,97.95338277063226,102.18297086878675,97.80919085050884,100.4526824951172,747436,NIACL,0.03363016350571546,0.04604600556687477,-0.0359778168206627,99.78940277099609,110.73634185791016,94.34682514190673,1.0066467952077363,0.9071338352860862,1.0647171470160937,99.07392890469538,102.50888572512498,-3.434956820429605,-3.987107753526361,0.552150933096756,55.63027564054683,0.02549204263563604,953414.0,0.7839574413633532,0.04354069905988337,0.6043951990180754,0.901144114901678,1.1737156146097338,-0.008612441208901478
2023-03-06,100.74106771573904,101.60620458052242,99.29916316255904,99.58753967285156,343310,NIACL,-0.008612441208901478,0.05391655084445657,-0.07001800525281454,99.41450729370118,110.65847900390625,94.35308658599854,1.0017405143762288,0.8999539896923409,1.0554772851239165,99.15294594595017,102.29248972125288,-3.1395437753027124,-3.8175949578816315,0.678051182578919,54.62046243522533,0.024579483168819416,901862.4,0.38066782693235685,0.023165964592981057,0.1249984105387658,0.8983903284102779,1.1728124962085484,-0.015444102406639515
2023-03-08,99.01076911477482,99.49140391630284,96.60759510713464,98.04949951171876,296305,NIACL,-0.015444102406639515,0.005421347279551236,-0.05292482475134508,99.14054527282715,110.42585159301758,94.34495212554931,0.9889949590441941,0.8879216061931516,1.0392659840585814,98.98318495606841,101.97819415017628,-2.9950091941078654,-3.653077805126878,0.6580686110190128,41.5238043405959,0.023749879926929368,851842.1,0.3478402863629304,0.029411764705882373,0.5000000000000074,0.8978019534611946,1.1704479053216186,0.03333342670732753
2023-03-09,98.81852562655897,103.00004725038616,98.53014179019614,101.3178253173828,1134468,NIACL,0.03333342670732753,0.0237980331872667,-0.01264637148602854,99.07565956115722,110.27012603759766,94.34908790588379,1.0226308436013138,0.9188148137496235,1.073861205933973,99.34236039627064,101.92927794033973,-2.5869175440690952,-3.439845752915322,0.8529282088462269,45.855383484356366,0.02499269299980749,865540.15,1.3107052284056377,0.04411766089716033,0.6236560374742581,0.8984814212271456,1.1687460735984603,-0.012808350646426492
2023-03-10,99.972044667409,100.5968714133614,98.96270859057007,100.02011108398438,383092,NIACL,-0.012808350646426492,0.029179123998245293,-0.026660337033654113,98.93867912292481,110.0211573791504,94.3692473602295,1.0109303254363842,0.909098881220629,1.0598803517228892,99.44662973284198,101.7878581732023,-2.341228440360311,-3.22012229040432,0.8788938500440091,50.09635791252766,0.02514203930021364,851045.4,0.45014284784337005,0.016338342410149486,0.6470606714746727,0.899269572142078,1.165858163085416,-0.029793431435755413
2023-03-13,99.15496640406283,100.26042797436187,96.12696552329788,97.04016876220705,353067,NIACL,-0.029793431435755413,-0.033971354951880306,-0.015121945478205778,98.86418075561524,109.74431167602539,94.39103199005127,0.9815503251079679,0.8842387116033671,1.028065555766304,99.07640496812891,101.43617747609154,-2.3597725079626315,-3.0480523339159826,0.6882798259533511,45.6941860841406,0.024302150081322173,791870.65,0.4458644855697076,0.04259537574788098,0.22092936605099558,0.9008592723007892,1.1626561269887623,0.0
2023-03-14,97.32855259233912,98.77045707518856,95.93471452581346,97.04016876220705,414892,NIACL,0.0,-0.025579213212945318,-0.0019772531536869087,98.85456809997558,109.26752197265625,94.40180004119873,0.9816457714333083,0.8880970942719003,1.0279482882726483,98.76313785952556,101.11054720098899,-2.3474093414634325,-2.9079237354254728,0.5605143939620403,42.565075011484744,0.024118029811860866,784265.85,0.5290195920171712,0.029222357973469407,0.38982884276190327,0.9047022053333792,1.1574728651886919,0.0014858581666259418
2023-03-15,97.42467409340028,98.57820203268976,96.17502799321812,97.18435668945312,251005,NIACL,0.0014858581666259418,-0.00882353124262747,0.0029760594805605667,98.86898651123047,108.7099851989746,94.4197552871704,0.9829609882611066,0.8939781981533175,1.0292799043364855,98.52024844874518,100.81971827420855,-2.299469825463376,-2.7862329534330534,0.48676312796967736,46.774178062989876,0.024104155100923237,730051.6,0.3438181629901229,0.0247279924602561,0.4199981689453144,0.9094747490791034,1.1513478812600348,-0.01928781169758742
2023-03-16,97.56886523011416,97.71305713812195,94.3966725895632,95.30988311767578,382674,NIACL,-0.01928781169758742,-0.05929797822729477,-0.06857676996745654,98.51812324523925,108.08419876098633,94.41971641540528,0.9674350259436301,0.8818114415451307,1.0094277629298753,98.02634609011912,100.4115823366876,-2.385236246568482,-2.7060336120601396,0.3207973654916576,45.3124922492348,0.020582548588046222,604830.75,0.6326960062794427,0.03479580962725696,0.2753632803256941,0.9114942274133783,1.1447206459026347,0.012102903376013163
2023-03-17,95.59826525847654,97.04016975609402,95.59826525847654,96.46340942382812,483514,NIACL,0.012102903376013163,-0.03555986512722198,-0.06867749669472323,98.16245346069336,107.3622853088379,94.41658405303956,0.9826915080362618,0.8984850606182785,1.0216786636724617,97.78589429530513,100.1191250838832,-2.333230788578078,-2.6314730473637273,0.29824225878564947,50.89461564363191,0.02057820795362815,567593.55,0.8518666218106248,0.014947683336406068,0.6000010172525987,0.9143103947379627,1.1371125781094342,-0.004982579400318876
2023-03-20,96.46340765085364,98.67433077345974,94.8292521838181,95.98277282714844,300019,NIACL,-0.004982579400318876,-0.010896476670910538,-0.0399038122155585,97.96299018859864,106.68074478149414,94.40003185272217,0.9797860665784305,0.8997197481489511,1.0167663182242945,97.50849099251178,99.81272862042137,-2.304237627909586,-2.5660259634728995,0.26178833556331327,53.22243181629176,0.019214521343108137,554776.8,0.5407922609597229,0.04006009074738958,0.2999992370605473,0.9182818360450014,1.1300922540781733,0.04707068487854449
2023-03-21,97.32855481247309,101.79846027804923,96.12696771602278,100.50074768066406,867092,NIACL,0.04707068487854449,0.03566130358797115,0.011121866628328592,98.01826324462891,106.23279312133789,94.41181732177735,1.025326753952368,0.9460425987846639,1.0644933074228857,97.96883817530444,99.86369299525415,-1.894854819949714,-2.4317917347682623,0.5369369148185483,56.05469058819264,0.022069343848360092,567737.95,1.5272750394790415,0.05643234197667198,0.7711867584780027,0.9226742549513272,1.1252065274760248,0.005738856194498432
2023-03-22,101.89458476975518,103.72099860505077,100.26042926833075,101.07750701904295,1434526,NIACL,0.005738856194498432,0.04005943407157764,0.0019058127250299872,98.027876663208,105.74542938232422,94.43726375579834,1.0311098277310697,0.9558569822776517,1.0703138040976639,98.44709492049499,99.95360514516445,-1.506510224669455,-2.246735432748501,0.7402252080790461,54.4534469545435,0.02185175644375934,580305.8,2.472017339823245,0.03423678955663245,0.2361107873326536,0.9270176237006587,1.119742622528404,-0.0233000420955507
2023-03-23,101.60620599715308,101.60620599715308,98.28982841216325,98.72239685058594,490915,NIACL,-0.0233000420955507,0.03580440581064237,0.0,98.027876663208,105.27825241088867,94.46266971588135,1.0070849253397998,0.9377283018080885,1.0450942911894903,98.4894490635859,99.86240453075122,-1.3729554671653261,-2.0719794396318663,0.6990239724665401,53.16206835541202,0.02195303552162886,585793.4,0.8380343650167448,0.033592960572149576,0.13043401341889643,0.9311313060233628,1.1144958397591105,-0.022882218208060134
2023-03-24,98.72239166998108,98.91465000334006,95.69439809210878,96.46340942382812,335631,NIACL,-0.022882218208060134,0.0,-0.011816866586994101,97.97020034790039,104.74090255737305,94.48133102416992,0.9846199056578273,0.9209717223029387,1.0209785190171714,98.17775065746932,99.61062711542358,-1.432876457954265,-1.9441588432963461,0.5112823853420811,41.443302275711495,0.022423503032707213,582171.9,0.5765152869796704,0.03338314424573734,0.23880471246279208,0.9353576105975989,1.108588346734643,-0.020428433177376304
2023-03-27,96.51147798508882,96.89598732644488,94.20442927085809,94.49281311035156,279789,NIACL,-0.020428433177376304,-0.015523199350367611,-0.016016026115927118,97.89329872131347,104.12857421875,94.49325283050537,0.9652633463640596,0.9074628536816807,0.999995346544429,97.61083718868197,99.23152978171454,-1.6206925930325724,-1.8794655932435915,0.2587730002110191,39.56694549556441,0.022598221169660572,565319.75,0.49492167927973507,0.028484262104076775,0.10714383027885513,0.9401194576587819,1.1019683532910833,-0.03357067803104985
2023-03-28,94.2525009459044,95.16570426539371,90.93611594237278,91.32062530517578,388683,NIACL,-0.03357067803104985,-0.09134382168635846,-0.03357067803104985,97.73468933105468,103.44799560546875,94.4921875,0.9343726974549161,0.8827684361662793,0.9664357204681686,96.64311228352716,98.6455368575265,-2.0024245739993347,-1.9040573893947403,-0.09836718460459437,37.084903972228794,0.023550713958176688,560395.35,0.6935871255891042,0.04631580553556737,0.09090940617321595,0.9447712230577812,1.094778291649442,0.02999989055586516
2023-03-29,92.13769476401728,95.16569563744432,91.12836602881188,94.06023406982422,420805,NIACL,0.02999989055586516,-0.06942467375948125,-0.0354854666789024,97.56166076660156,102.85777603149414,94.5134419631958,0.9641106284039807,0.9144688685571406,0.9952048313556492,96.24574640449593,98.30588479917819,-2.060138394682255,-1.9352735904522433,-0.12486480423001178,35.78153170187203,0.023401644262080374,504070.2,0.8348142778525689,0.042922810564508924,0.7261899139330984,0.94851030744364,1.088287273164252,-0.005620723025684171
2023-03-31,95.16570315179452,95.35795416399333,93.002846261981,93.53154754638672,406717,NIACL,-0.005620723025684171,-0.0525802601010128,-0.05488087492020799,97.29010276794433,102.31850387573242,94.55001487731934,0.9613675480380313,0.9141215323083925,0.9892282689510509,95.82817734940221,97.95223018786031,-2.1240528384580983,-1.9730294400534143,-0.15102339840468404,36.89320897070411,0.023094927884858483,506376.7,0.803190589140456,0.02517982396094015,0.22449132116365642,0.9508554081879934,1.0821627474992241,0.015416130376062709
2023-04-03,95.55020238703426,96.1269626964318,94.06023153167747,94.97344207763672,354114,NIACL,0.015416130376062709,-0.01544593286813023,-0.022749696423687293,97.17955703735352,101.7859603881836,94.59738960266114,0.9772985695039871,0.9330701573717455,1.0039752944193823,95.69667961528444,97.73157921673263,-2.0348996014481884,-1.985403472332369,-0.049496129115819354,45.54865472060488,0.023129551198187787,503402.7,0.7034408039527797,0.021761148375193835,0.44186228065506405,0.9547442168520833,1.0759912172599764,0.029858313051543517
2023-04-05,95.74245758717696,99.4914107639022,94.97344625214714,97.80918884277344,925354,NIACL,0.029858313051543517,0.03509659225140127,-0.026315809460561335,97.04738235473633,101.36780792236328,94.65894306182861,1.0078498406608485,0.9648939919632536,1.0332799593894386,96.02168103489814,97.73732807792084,-1.7156470430226989,-1.931452186470435,0.21580514344773616,51.47602486473028,0.0228468524695546,512298.6,1.8062786039235712,0.04619161619894019,0.6276593327035055,0.9573787215470227,1.0708740732098883,-0.0019655935711929695
2023-04-06,98.04950413820453,98.62626446047167,97.08823448979074,97.61693572998048,241577,NIACL,-0.0019655935711929695,0.06894729863887439,-0.01978765565797269,96.94885215759277,100.92946899414062,94.7358207321167,1.0068910931642772,0.9671797216692734,1.0304120972996127,96.26710483414158,97.72841012622155,-1.4613052920799703,-1.8374228075923422,0.37611751551237194,50.828744948147744,0.02277985626992557,507211.95,0.4762841254035911,0.015755769828048112,0.34375223517632303,0.9605604103913502,1.0653781031732192,0.007385551386429157
2023-04-10,98.2898242077176,99.4914113007215,97.47274645125609,98.337890625,371412,NIACL,0.007385551386429157,0.045477842974538385,0.002941280829758419,96.96327171325683,100.52285202026367,94.81702163696289,1.014176696881766,0.978264032989999,1.037133300827755,96.58568726350441,97.77355682983476,-1.187869566330349,-1.7075121593399438,0.5196425930095949,56.06938626080835,0.02257607480916493,510967.3,0.7268801741324739,0.020527843709433943,0.4285724665850426,0.9645893422692654,1.060177279193048,0.0009774741057420044
2023-04-11,98.53013886466417,99.97204333585437,98.00143762499891,98.43401336669922,250853,NIACL,0.0009774741057420044,0.05241510430350926,-0.02846302653703736,96.81908111572265,100.06432647705078,94.92049682617187,1.0166798964869985,0.9837073493846434,1.0370153618871345,96.87004512553439,97.82247953626917,-0.9524344107347815,-1.5564966096189115,0.6040621988841299,54.12475626679784,0.021208834051552588,466786.55,0.5374040875856427,0.02001956075400781,0.2195141013330977,0.9675684084869905,1.0541909263317366,0.0029297137648183202
2023-04-12,98.72239685058594,99.01078069880502,97.61694254485994,98.72239685058594,187996,NIACL,0.0029297137648183202,0.03947371697747459,-0.012974533014753153,96.75419540405274,99.6932765197754,95.01894771575928,1.0203422852964035,0.9902613325283087,1.0389759013739575,97.15502231400386,97.88914007807041,-0.7341177640665535,-1.3920208405084398,0.6579030764418863,55.78095206817213,0.021047997135328296,457031.75,0.41134122519934335,0.014118763304082101,0.7931009081629385,0.9705187629665311,1.0491936494392566,-0.001947488597531577
2023-04-13,98.7223870989503,99.0107709186833,97.61693290241926,98.53013610839844,159043,NIACL,-0.001947488597531577,0.007370956391264061,0.0153541297917823,96.82869377136231,99.41354690551758,95.12721446990967,1.0175716749939194,0.9911137785078855,1.0357723250644026,97.36657828237226,97.93662126550211,-0.5700429831298521,-1.2276252690327223,0.6575822859028702,44.91312057715318,0.019893675802157843,447330.55,0.3555379796886218,0.014146311690167598,0.6551716880465543,0.9739989849008013,1.0450589503697045,0.006341533443462666
2023-04-17,98.43401600678706,100.54880635435777,97.85725566962284,99.15496826171876,255373,NIACL,0.006341533443462666,0.015755796063837257,0.02179303196281479,96.93443374633789,99.1395849609375,95.23812637329101,1.022907592581514,1.000155168097459,1.0411268263833275,97.64171520227173,98.0268691911478,-0.3851539888760698,-1.0591310130013918,0.673977024125322,45.04950086577899,0.01992826158585179,439354.6,0.5812457636724414,0.027144889781322845,0.4821431004275239,0.9777571066545369,1.04096530177793,0.0
2023-04-18,99.34721926280496,100.16429701827975,98.57820792455452,99.15496826171876,213628,NIACL,0.0,0.008308879024409688,0.020277044983305403,97.03296432495117,98.8387075805664,95.34472743988037,1.0218688973539063,1.0031997654450768,1.039962784772141,97.87452336526357,98.11043208526416,-0.23590872000059449,-0.8944865544012324,0.6585778344006379,51.267607397186076,0.019930168636672334,437485.75,0.48830847633322916,0.01599606274431721,0.363636783990244,0.9817304040105611,1.0366457614857536,0.01648089784587148
2023-04-19,99.0107836054096,103.38456387299745,98.96271718466006,100.78913116455078,913147,NIACL,0.01648089784587148,0.02392585364855515,0.05748877102398664,97.30692672729492,98.74738723754882,95.45614643096924,1.0357857816948102,1.020676434932808,1.0558684268428769,98.3229245651539,98.3088542392854,0.01407032586850221,-0.7127751783472855,0.7268455042157878,63.15793626518379,0.019597790762227625,464009.4,1.9679493561983872,0.04387225722898799,0.4130432619267155,0.9854126721673284,1.0344790873048673,-0.011444947414707585
2023-04-20,100.93331747341838,101.17363489597416,99.10690359521348,99.63560485839844,400503,NIACL,-0.011444947414707585,0.009250261713100727,0.032884960769246074,97.46553649902344,98.62626754760743,95.56419273376464,1.0222649814213738,1.0102339603422972,1.0426039503726723,98.5248753794992,98.4071320629234,0.11774331657581172,-0.5466714793626661,0.6644147959384779,66.46154732820628,0.019727793917025005,459858.85,0.8709259373827426,0.020742899124242847,0.25581519135572345,0.9882310151499579,1.0320420727287836,-0.007235992850534556
2023-04-21,99.73172001916764,100.59686411744022,98.43400753871128,98.91464233398438,221469,NIACL,-0.007235992850534556,0.0039024225559063375,0.030545788796035644,97.61212997436523,98.52052780151367,95.66911315917969,1.0133437551251183,1.004000329081313,1.0339245245161266,98.58483952634307,98.44472541633532,0.14011411000775809,-0.40931436148858136,0.5494284714963394,78.83206392996166,0.019774965286927234,455931.35,0.48575076050374694,0.021865888888584054,0.2222222222222193,0.9907796086011784,1.0298049657635022,0.0004859258893599172
2023-04-24,98.96270751953124,100.30848649611642,97.7130613750564,98.96270751953124,334741,NIACL,0.0004859258893599172,-0.0019389925241068973,-0.015303768346280111,97.5352279663086,98.3580729675293,95.78169811248779,1.0146355279316692,1.0061472793616193,1.0332110358213489,98.64297306375663,98.48309446101649,0.159878602740136,-0.29547576864283787,0.45535437138297385,73.39445867158702,0.016644084896436824,429313.8,0.7797117166976697,0.026226294592311815,0.48148033026838394,0.9916341894834363,1.026898404453174,0.0009713797601464957
2023-04-25,99.97204110174228,99.97204110174228,98.43401116695809,99.058837890625,216696,NIACL,0.0009713797601464957,-0.0009694962620534486,-0.019971497002173155,97.43429450988769,98.26867492675781,95.90051155090332,1.0166732195158703,1.0080408427655723,1.032933362801149,98.70695226789022,98.52574212246897,0.1812101454212467,-0.20013858583002098,0.38134873125126767,77.51183489701577,0.016581956963255408,368422.3,0.5881728657575831,0.015526428207066132,0.4062513411057804,0.9915091923495254,1.0246939597876648,0.02668617296577902
2023-04-26,99.10690653152102,102.56747605207144,98.6262716721694,101.70233917236328,776608,NIACL,0.02668617296577902,0.009060580215951797,0.03018506860492276,97.58329162597656,98.25041091918945,96.01625705718995,1.0422105821370986,1.035133982859502,1.0592199934620088,99.16778102242453,98.76104560764632,0.4067354147782112,-0.07876378570837456,0.48549920048658574,79.9144458448711,0.016790216075442878,382706.95,2.029249795437475,0.03875234740886898,0.7804892118460343,0.9932100101468115,1.0232684956743188,-0.007561553807111543
2023-04-27,102.27909041534878,102.37521591186524,100.45267664591472,100.93331146240234,271292,NIACL,-0.007561553807111543,0.013024526782852375,0.04633779860439047,97.80678672790528,98.21388275146484,96.13653968811035,1.0319663372971748,1.0276888422975716,1.0498954069894118,99.43940109011344,98.9219541894801,0.5174469006333311,0.04047835155996658,0.4769685490733645,67.01557844697558,0.01594144765059095,379490.0,0.7148857677409154,0.01904761904761903,0.2499999999999963,0.9958550052991008,1.0216082570695169,0.007619166544906131
2023-04-28,101.22170431301168,103.33649476059638,100.93332046383831,101.70233917236328,503384,NIACL,0.007619166544906131,0.028182853140855224,0.07629708360563048,98.16726303100586,98.27732681274414,96.2613858795166,1.0360107436247956,1.0348504835316197,1.0565226985164824,99.78754541045956,99.12790863265664,0.6596367778029162,0.16431003680855652,0.4953267409943597,70.93584618849225,0.015036646824528096,390669.75,1.2885154276726059,0.023629488921441726,0.3200012207031301,0.9988800694391292,1.0209423634909096,0.04536849765673456
2023-05-02,102.51940933608086,108.91185395645634,102.13490001043697,106.31642150878906,3069204,NIACL,0.04536849765673456,0.07430793046771189,0.16421039774421442,98.91705284118652,98.45900680541992,96.40547058105469,1.0748037719995802,1.0798039200100544,1.1028048602221339,100.79198788712564,99.66039106792572,1.1315968191999275,0.3577673932868307,0.7738294259130968,79.22520490245614,0.01507394913486026,524695.8,5.84949222006351,0.06374324727868245,0.6170207930671014,1.004652149667443,1.0213010341839335,-0.005877099176712308
2023-05-03,106.98930917975684,108.190896177131,104.97063715704424,105.69158935546876,777273,NIACL,-0.005877099176712308,0.06695769510406802,0.12365858325432377,99.49862060546874,98.63491882324219,96.54691009521484,1.0622417548335301,1.0715433298512915,1.0947174720686081,101.5457727284092,100.10714649663261,1.4386262317765954,0.5739391609847837,0.8646870707918117,75.59306365597446,0.0144050794922195,542519.2,1.4327105842521335,0.030468451082291657,0.22388018911755234,1.0087565518634871,1.0216268829936468,0.151887346237781
2023-05-04,105.88385493024003,124.7247388732074,105.83578851348967,121.74480438232422,22228552,NIACL,0.151887346237781,0.19706985476502492,0.3016442855491641,100.90928344726562,99.02327194213868,96.7690947341919,1.206477741425516,1.2294564903234282,1.258095931523761,104.65331605978075,101.7099359696468,2.9433800901339424,1.0478273468146155,1.8955527433193269,88.44291807088877,0.035443132363400125,1633610.95,13.607004776749324,0.15515200386210615,0.8422392756540807,1.0190461440844834,1.0232943918111317,-0.06158710085361996
2023-05-05,116.4578179340382,119.19743493140638,113.52594260901807,114.24689483642578,3967764,NIACL,-0.06158710085361996,0.13190475157433768,0.20293518205893646,101.87295608520508,99.23667373657227,96.94612609863282,1.1214644124086408,1.1512567938310663,1.1784575561089587,106.12925125618767,102.63859958940822,3.4906516667794563,1.5363922108075836,1.9542594559718727,71.09673093029016,0.039239558539756234,1814293.45,2.186947210772326,0.04964241987065402,0.1271186111919322,1.0265656057319184,1.023627015643813,-0.024821148441734775
2023-05-08,114.2468982804088,114.39109019701807,110.73826253447544,111.4111557006836,1266498,NIACL,-0.024821148441734775,0.09546306021404272,0.13906634968392462,102.55305442810058,99.46545608520508,97.11328956604004,1.086375791749756,1.1200989779330572,1.1472287284112703,106.94185193995627,103.2884185606138,3.6534333793424594,1.959800444514559,1.6936329348279004,65.52981608139788,0.039683186777282116,1831350.65,0.6915649933015287,0.032786911145202505,0.18421158301779073,1.0310419161025168,1.0242208510253943,-0.014236435366906663
2023-05-09,111.79566370791,113.8623875971472,108.62347091574638,109.82505798339844,1223014,NIACL,-0.014236435366906663,0.033001830054252945,0.12506151890679096,103.16346054077148,99.67405151367187,97.27635444641113,1.064573225904866,1.1018420172108103,1.1290005532012437,107.38542210048583,103.77261407341267,3.6128080270731573,2.2904019610262787,1.3224060660468786,62.99763309342087,0.039927028811809706,1880422.5,0.6503931962098943,0.04770238029096017,0.22935792659538276,1.0350081989656152,1.0246483030835785,0.02669588516560273
2023-05-10,110.35376094686534,115.64074412694518,108.43122160865448,112.7569351196289,3067140,NIACL,0.02669588516560273,0.0668487039247514,0.1466275552890821,103.88441276550293,99.91148544311524,97.45743160247802,1.0854076383350582,1.1285682984247816,1.1569865249430795,108.21180871881552,104.43811933609535,3.773689382720164,2.587059445365056,1.1866299373551081,64.13164274883103,0.04017917327453359,2015208.9,1.5219960570837099,0.06393861726235987,0.6000000000000008,1.0397644705687985,1.0251807768816146,-0.0012787499686217618
2023-05-11,113.4298249732906,114.19884366938372,111.699536574034,112.6127471923828,895196,NIACL,-0.0012787499686217618,-0.07500983090221536,0.14404303289822296,104.59334945678711,100.18929244995117,97.63419540405273,1.07667215723796,1.1239998251174164,1.1534150174162066,108.88887617628741,105.04364732544997,3.8452288508374437,2.8386933264595333,1.0065355243779104,65.69765381474748,0.040201867424738295,2047426.05,0.43722995514294644,0.02219382048357289,0.36538551826942106,1.043957362100705,1.0261701039817488,-0.01792576043784233
2023-05-12,112.2282335634464,112.70886839669456,109.82505939720556,110.59407806396484,472881,NIACL,-0.01792576043784233,-0.03197300703612904,0.12025317042642736,105.18693351745605,100.44883529663086,97.79583656311036,1.0514050972463367,1.1009991080272312,1.1308669361665047,109.15121492823778,105.45479034311774,3.6964245851200417,3.010239578191635,0.6861850069284068,63.697851915627126,0.04059449934258894,2061670.3,0.22936790620692357,0.02607561860428972,0.2666676839192711,1.0471692698758859,1.0271279312776107,0.004345952379129159
2023-05-15,110.93052274159976,113.42982244738822,109.5847437203581,111.07471466064452,749708,NIACL,0.004345952379129159,-0.0030198146489294198,0.12731717470120096,105.81416244506836,100.74971267700195,97.9579649734497,1.0497150106755047,1.1024817015284596,1.1339018189153882,109.44713796399266,105.8710810333049,3.5760569306877557,3.1234030486908595,0.45265388199689616,64.06249363330345,0.040550502502176816,2091203.55,0.35850551229219174,0.034617047982320716,0.38750076293944835,1.0502676348497664,1.0284994456990701,0.0289917050083508
2023-05-16,111.36308472850024,119.67806846191216,111.12276732195023,114.29496002197266,6016180,NIACL,0.0289917050083508,0.04070020194526003,0.15269019823890218,106.57116203308105,101.14575561523438,98.13068630218505,1.0724754975130517,1.1300025327484702,1.1647219063567038,110.19295674214342,106.49507206950251,3.6978846726409103,3.23829937348087,0.45958529916004043,66.49321921325597,0.040853777609236655,2379243.9,2.528610034473557,0.07485282936637985,0.37078679617776006,1.053639486747079,1.030725040521623,0.004625766369093842
2023-05-17,114.82366180419922,116.79426760684824,113.574015604634,114.82366180419922,921394,NIACL,0.004625766369093842,0.018329042753579827,0.1580222737918997,107.35459671020507,101.49181274414063,98.30796703338623,1.0695737800045608,1.1313588623514685,1.1679995555721756,110.90537290553662,107.11200464244301,3.793368263093612,3.3493131514034187,0.4440551116901932,64.88547490868805,0.04081990877283353,2414632.2,0.3815877217242444,0.028045195141969164,0.38805851178912887,1.0577660779480256,1.0323864464583337,0.003767267167201549
2023-05-18,114.9197903025302,118.81292800878936,114.5833400558229,115.25623321533205,1267169,NIACL,0.003767267167201549,0.023474127830601876,0.14353831493161628,108.07795181274415,101.81768325805665,98.49196098327637,1.0664176298883328,1.1319864047899757,1.1702095487255268,111.57473603012053,107.71528083302739,3.8594551970931406,3.4513415605413633,0.40811363655177724,66.37362196483396,0.04078165663400288,2432333.3,0.5209684873368301,0.03669725996566588,0.15909189429131151,1.0614850815139927,1.0337664337432064,-0.020433756441194162
2023-05-19,115.88105714572204,116.16943363516442,111.60340288022655,112.90111541748048,553872,NIACL,-0.020433756441194162,0.020860405854473463,0.13314026223793096,108.74122734069825,102.13201843261719,98.66849018096924,1.038254930337956,1.1054429076222394,1.1442469141912173,111.77879439740668,108.09941672817207,3.6793776692346114,3.496948782280013,0.18242888695459847,62.354166820969695,0.041049777136189416,2440001.75,0.22699655850656664,0.040442742643009455,0.28421020507812744,1.0647124086012416,1.0351026781224222,-0.009365614340957729
2023-05-22,112.90112230542596,114.2949677581026,111.266966763839,111.8437271118164,488427,NIACL,-0.009365614340957729,0.006923379938641894,0.13070951350334048,109.38768157958984,102.35983932495117,98.83877449035644,1.0224526701431145,1.092652429404053,1.13157743697772,111.7887840457774,108.37677305288646,3.4120109928909415,3.479961224402199,-0.06795023151125745,56.61680344301196,0.041091455600383624,2453349.65,0.1990857683086469,0.0270734986436597,0.19047561380265574,1.0686581993581301,1.0356243271201049,0.002578450229921314
2023-05-23,110.97858256951568,114.58334390027828,110.97858256951568,112.13211059570312,663292,NIACL,0.002578450229921314,-0.01892340157303296,0.1330744015221368,110.04615173339843,102.6107307434082,99.01074016571044,1.0189553094719588,1.0927912683528627,1.1325247181066616,111.84160351499673,108.65494620420623,3.1866573107905083,3.421300441679861,-0.23464313088935285,57.772635951981506,0.041076878101285255,2469777.2,0.2685634963348111,0.03214744921514688,0.32000122070312265,1.0724624114468446,1.036359596662671,0.0188597559565038
2023-05-24,111.7956616635828,115.92911670037708,110.64213369938729,114.24689483642578,798578,NIACL,0.0188597559565038,-0.005023067185898955,0.15332359302024678,110.80555458068848,102.93467864990234,99.18848999023437,1.0310574706183282,1.10989703698399,1.1518160509114916,112.21164833367813,109.06916462140768,3.1424837122704474,3.3655370957979787,-0.22305338352753123,36.36362374953935,0.04113289923218207,2498871.3,0.31957548193858565,0.04627682011453779,0.6818181818181817,1.0764647641982377,1.037768380787295,0.004207065993017789
2023-05-25,114.15077870005982,117.27490527500882,113.62207742304454,114.7275390625,720098,NIACL,0.004207065993017789,-0.004587119829296271,0.12807178277445375,111.45681457519531,103.2028729248047,99.36313468933105,1.0293452176950388,1.1116700127727293,1.1546288210532742,112.59870844580456,109.48830346889599,3.110404976908569,3.314510672020097,-0.2041056951115281,51.17373183714305,0.04089949556546262,2496045.8,0.28849550757442033,0.03183915459020112,0.3026317374526707,1.0799778282955803,1.0386434893331313,0.0037704235152917764
2023-05-26,115.35236147586366,118.23617051276024,114.39109179689812,115.1601104736328,1046004,NIACL,0.0037704235152917764,0.020008615927301632,0.14095246460362043,112.16815452575683,103.50567291259766,99.5370683670044,1.026673844822765,1.1125970899283597,1.156957024784219,112.99277029623968,109.90843732109872,3.084332975140967,3.268475132644271,-0.1841421575033042,60.37234502897556,0.04076845303138587,2534781.4,0.41266043691183785,0.03338898078551678,0.2000007629394528,1.0836908873629947,1.0398706191643154,-0.009599406821106826
2023-05-29,115.44847973716249,116.02524004159184,113.4298150047072,114.0546417236328,438260,NIACL,-0.009599406821106826,0.019767891046817754,0.12145544194745672,112.78576965332032,103.84596237182618,99.6786516571045,1.01125028515754,1.098305982424756,1.1442233600428489,113.15613513122324,110.21556357313828,2.9405715580849545,3.202894417732408,-0.2623228596474534,62.021841333726506,0.04094411107574061,2531525.2,0.1731209312077952,0.022755979043568037,0.24074157798662474,1.0860871918109312,1.0418074547101346,0.006742558382059061
2023-05-30,114.10270953502116,119.19744183744184,112.3724284893372,114.82366180419922,1159581,NIACL,0.006742558382059061,0.024003393802160655,0.08001812113951634,113.21113166809081,104.20163223266601,99.82264308929443,1.0142435652073152,1.101937266662156,1.1502767132852405,113.41267769629647,110.5569041828465,2.855773513449975,3.1334702368759215,-0.2776967234259464,56.69780390954539,0.03991212772313229,2436044.05,0.47600986525674693,0.059439084600375024,0.3591543620266687,1.0864621718718186,1.0438676938202733,-0.00460446717966656
2023-05-31,115.92911545295073,117.27489439641192,112.08403694815031,114.29496002197266,1522186,NIACL,-0.00460446717966656,0.0004207132772902078,0.08140071238373081,113.64130020141602,104.5438442993164,99.96327255249024,1.005751956545711,1.0932729783184376,1.1433695306639438,113.5484134387082,110.83379720796695,2.7146162307412425,3.0496994356489857,-0.33508320490774324,55.319114033432946,0.03989561087006752,2473289.7,0.6154499410238922,0.04541632848258307,0.42592637071217765,1.087020483731715,1.0458225469201294,0.0050463027211571365
2023-06-01,114.15077472830416,116.7942663535912,114.00658280923466,114.8717269897461,651501,NIACL,0.0050463027211571365,0.001256785671725602,-0.05645479022656352,113.2976463317871,104.93508117675782,100.10510940551758,1.013893321784897,1.094693268462341,1.147511127772811,113.75200013886787,111.13290311772838,2.6190970211394955,2.963578952747088,-0.34448193160759244,64.88291793106521,0.01984036033300233,1394437.15,0.46721431654341683,0.024267795195639215,0.31034519045852843,1.07969274966246,1.0482490034716851,-0.00418411570257482
2023-06-02,115.7368693938836,116.2175042274679,114.1027065593536,114.3910903930664,547877,NIACL,-0.00418411570257482,-0.006677833821134294,0.0012621398318708454,113.30485610961914,105.29363479614258,100.25388324737548,1.0095868290269605,1.0864008124948603,1.1410140603811576,113.85032171643687,111.37425032330897,2.4760713931278957,2.8660774408232497,-0.39000604769535396,61.53842886842258,0.014235214397705902,1223442.8,0.4478157867290567,0.01848743342551857,0.13636473978616773,1.0760845736685505,1.0502698886618842,-0.009663874317544563
2023-06-05,114.6794746959006,115.20816861466275,112.94918635435673,113.28562927246094,376570,NIACL,-0.009663874317544563,-0.006742491489607816,0.016824828357523636,113.39857978820801,105.63969192504882,100.39784828186035,0.9990039512315054,1.0723775051600577,1.1283671035898997,113.76344595582519,111.51583394917208,2.247612006653114,2.7423843539892228,-0.494772347336109,45.88237271444375,0.013201229213289143,1178946.4,0.31941231594583097,0.019940589771302725,0.14893561760800764,1.07344671043403,1.0522107169913875,0.003394130641770632
2023-06-06,113.42981808684593,114.53527964515136,112.66079943744076,113.67013549804688,325937,NIACL,0.003394130641770632,-0.01004606792735252,0.03501093088637086,113.59083366394043,105.90307968139649,100.54493328094482,1.0006981358578726,1.0733411704363758,1.1305406626550474,113.74909050078237,111.67541184168132,2.0736786591010485,2.608643215011588,-0.5349645559105394,45.23809373832712,0.012715813153909045,1134092.55,0.2873989428816898,0.01649052496944382,0.5384618394231374,1.072592355252294,1.0532910632650163,0.024947157428042654
2023-06-07,116.21750575957464,117.75553578053932,115.40042799849078,116.5058822631836,1648582,NIACL,0.024947157428042654,0.01934400467689823,0.03324804048262986,113.77828102111816,106.2116471862793,100.68464282989503,1.023972951758334,1.0969219040436287,1.1571365700727396,114.17321231038257,112.0332244654963,2.1399878448862637,2.514912140986523,-0.37492429610025946,54.3046228823002,0.012540405737384097,1063164.65,1.5506365829601276,0.020214496781616662,0.4693858485454354,1.0712410929996041,1.0548942142618716,-0.006188141585769191
2023-06-08,116.79426344258812,121.11997690342471,115.0159160421364,115.78492736816406,2068682,NIACL,-0.006188141585769191,0.007949740134920003,0.02816892629714518,113.93689002990723,106.55289779663086,100.82386093139648,1.0162198330827859,1.0866426888657092,1.1483881523536132,114.42116847311819,112.31112838421242,2.1100400889057624,2.433937730570371,-0.32389764166460866,61.1940227785467,0.012649582601494078,1121838.95,1.8440097841138428,0.052718959194741226,0.1259835613541637,1.0692988401626544,1.0568222324786052,-0.020755577068826803
2023-06-09,116.12136856352356,116.21749405504552,112.90110959325088,113.38174438476562,664193,NIACL,-0.020755577068826803,-0.0088236418136457,0.02520628924804158,114.07627334594727,106.89126449584961,100.95226055145264,0.9939117141469426,1.060720395810904,1.1231223923606743,114.2612570749101,112.39043327314229,1.8708238017678127,2.32131494480986,-0.45049114304204707,55.40534090829869,0.012891413191390703,1131404.55,0.5870517314076561,0.029249721635436772,0.14492734393486242,1.0672179235972705,1.0588298262164226,0.0029675317666735257
2023-06-12,114.10271032542217,114.6314115933774,112.80499769869338,113.71820831298828,345272,NIACL,0.0029675317666735257,0.003818481155160036,0.02379923874141987,114.20844802856445,107.27577239990234,101.09000625610352,0.9957075004166631,1.060054901204252,1.1249203806051036,114.17771111153752,112.48878697979755,1.6889241317399666,2.1948367821958814,-0.5059126504559148,55.55554367862596,0.012878084942178541,1111182.75,0.3107247660207108,0.016060874698774215,0.5000020077337909,1.064624802726365,1.0611906792064851,0.002958483215973251
2023-06-13,114.19883363321644,114.63140202806215,113.38174859021092,114.0546417236328,243834,NIACL,0.002958483215973251,0.003382649487494671,-0.002102615008515274,114.19643211364746,107.73045272827149,101.24571952819824,0.9987583640978069,1.058703818977841,1.1265132220416203,114.15877735955218,112.60477622008165,1.5540011394705289,2.066669653650811,-0.512668514180282,49.23077580559584,0.011123127194849432,822565.45,0.2964311228972722,0.010956620607158515,0.538463795673552,1.0600199778393684,1.0640494554267765,0.013906539205331248
2023-06-14,114.48721903768228,117.22683619758224,113.62207484668605,115.6407470703125,896670,NIACL,0.013906539205331248,-0.007425678223840881,0.007116000772616093,114.23728637695312,108.16206298828125,101.40361553192139,1.012285486970763,1.0691433195282298,1.140400630329688,114.38677269966915,112.82966294972837,1.5571097499407784,1.9647576729088045,-0.4076479229680261,53.35688372061717,0.01151499219972198,821329.25,1.0917302652985998,0.031172069034666572,0.5600016276041633,1.0561677839792136,1.0666489791405154,-0.0012469928609807335
2023-06-15,115.8329867774308,117.70745956350356,115.35235197752444,115.49654388427734,665469,NIACL,-0.0012469928609807335,-0.002490682426821711,0.0020850123437257118,114.24930191040039,108.60136291503906,101.56294597625732,1.0109168454688249,1.063490740669917,1.1371917462031607,114.55750672807042,113.02720968562089,1.5302970424495328,1.8778655468169503,-0.3475685043674175,51.26349032432942,0.011492786468638865,791244.25,0.8410411829217085,0.020391152036019756,0.061225188866673906,1.0520061520754562,1.0693010317013365,0.024136559547422554
2023-06-16,116.02524355384732,119.5819456509877,115.0159148240184,118.28423309326172,1545231,NIACL,0.024136559547422554,0.04323878358988109,0.047679933505313965,114.51845779418946,109.06757873535156,101.71771041870117,1.0328835662967104,1.084504070455933,1.1628676324542468,115.13084924579216,113.41661882692762,1.7142304188645454,1.8451385212264693,-0.13090810236192385,64.10251844405023,0.011608611711060752,840812.2,1.8377837524241443,0.038602193272616506,0.7157897949218753,1.0499770795505075,1.0722575084161459,-0.008126743005612003
2023-06-19,119.1013149728157,121.74480659623455,116.69814076970766,117.32296752929688,1358174,NIACL,-0.008126743005612003,0.03169905039646026,0.04899014507986288,114.79241981506348,109.45785430908204,101.835465965271,1.0220445541466086,1.0718551744857494,1.1520835734115222,115.4680982124852,113.70597799006609,1.7621202224191137,1.828534861464998,-0.0664146390458844,58.227832204856796,0.011545687048092798,884299.55,1.5358754847268665,0.04301515664668711,0.12380981445312314,1.048736251406116,1.0748500364932831,0.004506249156248865
2023-06-20,116.31362412611227,119.29355848404984,116.02524030628712,117.85165405273438,730513,NIACL,0.004506249156248865,0.033291168791728554,0.0510071863148398,115.07839698791504,109.86254867553711,101.96667922973633,1.024098850326448,1.0727190973949814,1.1557859385339828,115.83479911098507,114.0130651058193,1.82173400516578,1.8271746902051547,-0.005440685039374671,61.70881609053942,0.011554795457111734,887660.6,0.822964317668262,0.0277324760864219,0.558823727406339,1.047476126990119,1.077435781035989,-0.016720925131863296
2023-06-21,117.85166385501093,118.90905905914308,115.49655602153906,115.88106536865234,506894,NIACL,-0.016720925131863296,0.0020781455017211403,0.01430385074855911,115.16010551452636,110.21341217041015,102.07890754699707,1.006260500117682,1.0514243510533814,1.135210673324465,115.84191699678004,114.15143549565879,1.6904815011212548,1.7998360523883747,-0.1093545512671199,53.04348986346901,0.011650785238317918,873076.4,0.5805837839620909,0.02944832295723049,0.11267663145678891,1.0448828617742796,1.0796883981117056,-0.018249741601735425
2023-06-22,116.12138100013894,116.93845876644215,113.1895055243328,113.76626586914062,453720,NIACL,-0.018249741601735425,-0.014981210319768401,-0.008378748478477416,115.1120418548584,110.52005722045898,102.18584880828857,0.9883089904059331,1.0293721224031427,1.1133270134358637,115.52258605406628,114.12290441221299,1.3996816418532916,1.7198051702813584,-0.3201235284280668,48.28496506352144,0.012362943736779933,859757.5,0.5277302029932859,0.032953118514248994,0.15384570240286824,1.041548880356075,1.0815593206825171,-0.03379811330421767
2023-06-23,113.4778827564854,114.39108597143478,109.48861232515434,109.92118072509766,874641,NIACL,-0.03379811330421767,-0.07070301890168385,-0.045492573140025416,114.85009536743163,110.74403289794923,102.28413856506347,0.957083930783294,0.9925697832080052,1.0746649702209323,114.6608313880711,113.81166562057481,0.849165767496288,1.5456772897243445,-0.6965115222280565,41.97247831676258,0.01439182678265771,851189.35,1.0275516252641084,0.04459989980039478,0.08823472213287983,1.0370770538333758,1.0827097382993,0.01923923565559793
2023-06-26,110.40181742534052,112.8049915414076,109.6328061085423,112.03598022460938,439334,NIACL,0.01923923565559793,-0.04506353202638924,-0.01769907360644618,114.74916229248046,111.01414978027344,102.38747505187989,0.9763555392155671,1.0092045063296742,1.0942352096078214,114.25700813215391,113.68013336902182,0.5768747631320963,1.3519167844058948,-0.7750420212737985,46.39831847990584,0.015044164861300075,851243.05,0.5161087658806729,0.028313988296489376,0.7575768084580065,1.0336444725253457,1.0842551759775538,0.015015070024883004
2023-06-27,112.03598633991986,114.6314115933774,112.03598633991986,113.71820831298828,454240,NIACL,0.015015070024883004,-0.03507329424410566,-0.009627401476674624,114.69388961791992,111.30541458129883,102.49922267913819,0.9914931710121443,1.021677235925725,1.1094543484390103,114.17411585228228,113.68295373524155,0.4911621170407301,1.179765850932862,-0.6886037338921318,43.5268181409103,0.015372159346408685,815976.0,0.556683039697246,0.022823304130101203,0.6481488807383011,1.0304430386371375,1.0859147188825753,-0.010143792736972967
2023-06-28,113.8623869361915,115.160106828847,112.37242338129523,112.5646743774414,400297,NIACL,-0.010143792736972967,-0.028618920447965435,-0.015138774659867904,114.60737533569336,111.57360870361327,102.60736549377441,0.9821765313770712,1.0088826173621472,1.0970428276347388,113.92650947153753,113.60011822725636,0.3263912442811687,1.0090909296025232,-0.6826996853213545,42.66960286626803,0.015501803986943345,759881.55,0.5267886817359889,0.024765171337895672,0.06896442862442365,1.0271907189104106,1.0873840115345608,-0.001281001854606001
2023-06-30,113.38174843819594,113.42981485262776,112.03597684096684,112.42047882080078,271400,NIACL,-0.001281001854606001,-0.011829403365386293,-0.02133900336646044,114.4848129272461,111.80623565673828,102.7116632080078,0.9819684894995009,1.0054938184838662,1.0945249576295055,113.69481244834726,113.51273753048187,0.18207491786539265,0.8436877272550971,-0.6616128093897045,47.56099213485539,0.01544393254948998,740876.5,0.3663228621774344,0.012398435109698368,0.27585844023278133,1.0239573155716595,1.088544690687293,0.0047028956625359
2023-07-03,113.18949800856568,114.8717198473342,112.32435388184658,112.94918060302734,471131,NIACL,0.0047028956625359,0.027547010120846815,-0.012605088255426389,114.41271743774413,112.07250717163086,102.82389141082764,0.9872082678613664,1.007822377258447,1.0984721454641764,113.58009985675957,113.47099257289265,0.10910728386691915,0.6967716385774616,-0.5876643547105425,48.06760599238069,0.015474237974964977,737039.2,0.6392210889190155,0.022553204475565292,0.2452834534362478,1.0208812163230132,1.0899461752896595,-0.009361628831822788
2023-07-04,113.8143316587135,114.10270816257264,110.93052261668818,111.89179229736328,495972,NIACL,-0.009361628831822788,-0.001286978763045843,-0.012303740413052489,114.34302558898926,112.33205017089844,102.92963111877441,0.9785624590656098,0.9960807456744057,1.0870707597139553,113.32036023223706,113.35401477470529,-0.03365454246822708,0.5506864023683239,-0.584340944836551,44.75527166526867,0.015464982863213147,743009.3,0.6675178897491593,0.028350475765497343,0.3030307233832008,1.0179020628131632,1.0913480302020535,-0.0021477741432649466
2023-07-05,111.89179141730204,112.7088691726682,110.73826340922136,111.65147399902344,580841,NIACL,-0.0021477741432649466,-0.018174172321432813,-0.01775894336871031,114.24209251403809,112.58582550048828,103.03296760559083,0.9773234325632094,0.9917009845838827,1.0836480458024287,113.06360850405035,113.2279006431733,-0.16429213912294927,0.40769069407006925,-0.5719828331930186,39.65087676657639,0.015441074270310811,755754.5,0.768557779014217,0.01764961708847728,0.46341617726965084,1.014711150415135,1.0927165170226456,0.01808002551798915
2023-07-06,112.08403911733956,114.7755970563523,111.65147071074,113.67013549804688,568714,NIACL,0.01808002551798915,0.00982067532926667,-0.024339944988621687,114.10030517578124,112.87805145263673,103.15120376586914,0.9962298989729111,1.0070171661825904,1.1019758504811386,113.15692034928058,113.26065878057135,-0.10373843129076477,0.3054048689979025,-0.40914330028866724,45.68182941466567,0.014905909848058174,701761.1,0.8104096964052296,0.027484143763213658,0.6461533766526455,1.0108280902036777,1.0942969866725494,0.003382649487494671
2023-07-07,113.9104498140492,116.02524004159184,113.04530569045258,114.0546417236328,809612,NIACL,0.003382649487494671,0.014536167431175029,-0.014943962775305186,114.01379089355468,113.1250975036621,103.27184307098389,1.000358297270514,1.0082169583981184,1.1044117964006641,113.29503132995015,113.31947233190924,-0.02444100195909016,0.23943569480650395,-0.2638766967655941,38.717935881327456,0.014888440985221145,638807.6,1.267380037432241,0.026127251868976794,0.33871082857725976,1.0078558463992822,1.095410851009075,0.011799493891715862
2023-07-10,114.72753559123036,117.467152730359,113.33369747968062,115.40042877197266,1482463,NIACL,0.011799493891715862,0.021702221794423604,0.01780431583727049,114.11472511291504,113.41443984985352,103.42180114746094,1.011266763844766,1.0175109000648273,1.1158230420627886,113.61893862872284,113.47361725339542,0.14532137532742695,0.22061283091068856,-0.07529145558326161,44.97487948253767,0.01434390927247802,679721.1,2.1809871725329697,0.035818369954638114,0.5000008871398431,1.0061745688114194,1.0966202347234784,-0.0016660314370876561
2023-07-11,116.02524577929177,117.75553411205144,114.87172511338898,115.20816802978516,590978,NIACL,-0.0016660314370876561,0.029639133169020004,0.013102208862595166,114.18922309875488,113.68455642700195,103.57103824615479,1.008923302071589,1.0134020983207295,1.1123589179049522,113.8634354596555,113.60210249609096,0.2613329635645414,0.22875685744145915,0.03257610612308223,42.9667788099871,0.014347552487211727,692006.4,0.8540065525405545,0.02503128943007668,0.11666615804036463,1.0044391840687437,1.097648129748498,-0.016687521294733054
2023-07-12,115.25623503178002,115.78492895054218,112.90111993723946,113.28562927246094,523980,NIACL,-0.016687521294733054,0.014636217641441851,-0.006742491489607816,114.1507724761963,113.82394058227538,103.71282550811767,0.9924210481894394,0.9952706670753035,1.0923010603311931,113.77454220008711,113.57866003508133,0.19588216500578426,0.2221819189543242,-0.02629975394853995,43.07691869369727,0.014851996010404548,706013.7,0.7421669012938418,0.02545608857736875,0.1333338419596364,1.002871380943666,1.0974914628409802,-0.004242629628946171
2023-07-13,113.81433644590096,115.16011552223256,111.84373058406834,112.80500030517578,482604,NIACL,-0.004242629628946171,-0.007610927787501054,-0.024522037750348558,114.00898513793945,113.96620880126953,103.85605472564697,0.9894395618792066,0.9898109403804191,1.0861668162069986,113.62538190856229,113.52135190694017,0.10403000162212095,0.19855153548788357,-0.09452153386576262,47.19102877080338,0.014492706076784196,685310.4,0.7042122810335287,0.02939927245416669,0.28985468786972346,1.000375342280136,1.0973477579360222,-0.005112955686477405
2023-07-14,113.14143658517231,113.71820425103284,111.89179042158736,112.22823333740234,393388,NIACL,-0.005112955686477405,-0.016013450734044143,-0.028297907772458664,113.8455696105957,113.7758773803711,103.99087280273437,0.9857935949661862,0.9863974325788345,1.0792123415512997,113.41043597453768,113.42556534623367,-0.015129371695991267,0.1558153540511086,-0.17094472574709987,58.33333333333334,0.014519956433909659,671706.35,0.5856547284389972,0.016274103005386932,0.18420957528400428,1.0006125395982808,1.0940948403827555,0.0012848420789721704
2023-07-17,112.46855439683176,113.42982409253118,111.98791954898203,112.37242889404295,340931,NIACL,0.0012848420789721704,-0.026239069561109885,-0.049979646860943694,113.54997940063477,113.73838806152344,104.1348229598999,0.9896296722129988,0.9879903417767657,1.0791051993943963,113.25074257753849,113.34755523866399,-0.09681266112549736,0.10528975101578743,-0.20210241214128477,51.41701835867631,0.013254115607193135,611491.35,0.5575401843378488,0.012831479729860857,0.26666768391926843,0.9983434910226902,1.092222417330288,-0.011120669807933026
2023-07-18,112.7569350536634,113.33369538800814,110.73826288259856,111.12277221679688,482211,NIACL,-0.011120669807933026,-0.035460991029143574,-0.05284724247152839,113.23996963500977,113.7326203918457,104.28982769012451,0.9813034441369337,0.977052773724398,1.0655188015745412,112.92336252203978,113.18275649630345,-0.2593939742636735,0.032353005959895244,-0.29174698022356876,38.655458261607826,0.013337933154177833,567693.2,0.8494218355971148,0.023356441291313115,0.1481484621144617,0.9956683425112463,1.090543755904732,0.005190220667453671
2023-07-19,111.93984132435988,112.2282251362162,111.218889128624,111.69952392578124,449584,NIACL,0.005190220667453671,-0.014000940427006836,-0.052202323135832174,112.9323631286621,113.77010971069336,104.45011936187744,0.9890833843485918,0.981800265551493,1.0694054215370261,112.73507966107694,113.07288741700552,-0.3378077559285799,-0.04167914641779978,-0.2961286095107801,46.01766741515889,0.013358044789325741,553646.75,0.8120412519354625,0.009036171078605939,0.4761890921773476,0.9926364966671688,1.0892291019460296,-0.0004301712761973775
2023-07-20,111.6995330823358,112.56467725491991,111.41115658074484,111.65147399902344,351887,NIACL,-0.0004301712761973775,-0.010225843739476659,-0.03649941736532458,112.72088356018067,113.74800048828125,104.59743396759033,0.9905127645616237,0.9815686739084807,1.0674398956442737,112.56837109768409,112.96759753419204,-0.399226436507945,-0.11318860443582883,-0.28603783207211614,46.42861951501931,0.012941334658908234,545896.4,0.6446039944575563,0.010331441519394174,0.20833386315373506,0.9909702419058662,1.087483661630994,0.024106723468062974
2023-07-21,111.50728259239584,116.21750547902818,111.36309067398662,114.34302520751952,1799843,NIACL,0.024106723468062974,0.018843670680970925,0.005069686817727792,112.74972152709961,113.78260604858399,104.7577257156372,1.0141313314023304,1.0049253500020578,1.0914996906089907,112.84139480688954,113.06948106554962,-0.2280862586600847,-0.13616813528068,-0.09191812337940469,55.39035475423068,0.013555013280029083,613202.55,2.9351525038504813,0.0424548396916327,0.61386071302314,0.9909222986064905,1.0861500215978785,0.03699037490002288
2023-07-24,115.20817261157282,121.50449210928382,114.82366326301158,118.57261657714844,4949112,NIACL,0.03699037490002288,0.05517534633830601,0.07870581261028486,113.18229331970215,113.94217681884766,104.93796379089355,1.0476251461191055,1.0406385053153981,1.1299306017927335,113.72312123308322,113.47712073307545,0.2460005000077672,-0.059734408222990566,0.3057349082307578,70.74627148560131,0.013412985162394366,816926.1,6.058212609439214,0.05634377514074171,0.5611509290840004,0.9933309726006586,1.0858051052514848,0.0032427267550534378
2023-07-25,119.4858163965612,121.11997181285513,118.4284139501185,118.95711517333984,1005464,NIACL,0.0032427267550534378,0.07050168746023022,0.06177600209196199,113.52835006713867,114.09982482910156,105.11796150207519,1.0478185854281392,1.042570532877798,1.1316535582835807,114.52835107004577,113.88304624716912,0.6453048228766534,0.08127343799693822,0.5640313848797152,72.48519834708034,0.012916648985248101,845232.6,1.189570776139018,0.022626287286931876,0.19642944725096578,0.994991449261041,1.0854455622871744,-0.012525247809013207
2023-07-26,119.6780709468778,119.6780709468778,117.27489683147866,117.46714782714844,452466,NIACL,-0.012525247809013207,0.051635169951122606,0.03296692385305522,113.71579704284667,114.16326858520507,105.28714492797852,1.032988827250521,1.0289399496255447,1.1156836659166856,114.98047364806156,114.14853525309351,0.8319383949680486,0.2314064293911603,0.6005319655768883,62.07950773436844,0.01304468703252835,845143.9,0.5353715503359842,0.020458265650029932,0.07999877929687597,0.9960804245717226,1.0843039638248169,-0.004091668228694223
2023-07-27,117.46714604626182,119.87032012522712,116.5539428298171,116.98651123046876,536361,NIACL,-0.004091668228694223,0.047782953868499733,0.0392826335391907,113.93688888549805,114.20652557373047,105.44935913085938,1.0267658909664934,1.0243417409186795,1.1094094093572644,115.28909481458574,114.35875569586204,0.930339118723694,0.37119296725766704,0.559146151466027,59.27050997140838,0.01282373064904362,851947.1,0.6295707796880816,0.028348373334055637,0.13043401341890454,0.9976390430680044,1.0830461798445234,-0.0008215914065113905
2023-07-28,117.0826544619039,118.14004968380232,116.02525190609956,116.89039611816406,501309,NIACL,-0.0008215914065113905,0.022278323544626888,0.039760703247745166,114.1603847503662,114.23920883178711,105.61085243225098,1.023913824167355,1.023207332346644,1.1068028846102618,115.53544886129009,114.54628461603257,0.9891642452575269,0.49478722285763904,0.49437702239988784,55.11551846708114,0.012817943763277228,863442.55,0.5805933469458969,0.018092143135223195,0.40909075145912344,0.9993100085143537,1.0816995242517449,0.022203949622800145
2023-07-31,117.80360263894366,120.73547077308751,116.025247857458,119.48582458496094,1012029,NIACL,0.022203949622800145,0.007701677117147199,0.05787243384179441,114.48721694946289,114.37090301513672,105.79012924194336,1.0436608362810018,1.0447222277255892,1.1294609945290393,116.14319897262408,114.91217646558282,1.23102250704126,0.6420342796943632,0.5889882273468967,62.60627560631118,0.013584574039064275,890487.45,1.1364887848784393,0.039420767542850156,0.73469489437963,1.0010169888604514,1.0811112892543029,0.015285565401373491
2023-08-01,120.1587122669906,125.30151101914244,119.67807741792264,121.3122329711914,3631263,NIACL,0.015285565401373491,0.0197980406167364,0.08419241912572462,114.9582389831543,114.56027313232421,105.9852670288086,1.0552721931393556,1.0589380563982094,1.1446141182832203,116.93843497240367,115.38625472525753,1.55218024714614,0.8240634731847186,0.7281167739614213,73.7892300936544,0.013531197192267365,1047252.0,3.4674204489463856,0.04635504156085582,0.2905974657394902,1.0034738556390348,1.0809075293567434,-0.019017414207996963
2023-08-02,121.1199783270969,124.00378733488492,117.6594089845324,119.00518798828124,1259097,NIACL,-0.019017414207996963,0.01309336431149255,0.0658631160509544,115.32592468261718,114.69773468017578,106.16862926483154,1.0319031762874615,1.037554824601518,1.1209072662267272,117.25639697484638,115.65432385585189,1.6020731189944968,0.9796654023466743,0.6224077166478225,66.58100088590224,0.014438870619633316,1081164.8,1.1645745403475953,0.053311779575334665,0.21212149235615102,1.0054769172572855,1.0803354576055502,-0.012520188164722001
2023-08-03,118.7168077652196,119.87032846986185,116.40975902202932,117.51522064208984,811073,NIACL,-0.012520188164722001,0.004519404896001111,0.033826696231122444,115.51817893981934,114.76310119628906,106.34646415710449,1.0172876833810798,1.0239808737922966,1.1050223585100665,117.29621600057615,115.79216806223988,1.5040479383362708,1.0845419095445936,0.4195060287916772,63.48042877418394,0.014410691035175928,1093282.75,0.7418693837435925,0.029447840279109096,0.3194450036981378,1.0065794470144094,1.0791435531580134,0.03108384073056114
2023-08-04,118.18810319473288,124.05185405886915,118.14004411149418,121.16804504394533,1662794,NIACL,0.03108384073056114,0.03659538394802775,0.06236838074112838,115.87384910583496,114.89191131591797,106.5408810043335,1.0456893076303595,1.0546264193548829,1.1372915626539344,117.89188200724833,116.19038117199584,1.7015008352524887,1.2079336946861727,0.493567140566316,69.02290188691333,0.01583540233868497,1135941.85,1.4638020423316562,0.0487901735579779,0.51219524298065,1.0085466224616715,1.0783833419891167,0.01745337947269987
2023-08-07,122.22544172894916,124.53249043622736,121.84093238875184,123.2828369140625,1222714,NIACL,0.01745337947269987,0.03177793133445439,0.0683048427633246,116.26796951293946,115.05436584472656,106.74587181091309,1.0603336192290032,1.0715181124064497,1.1549190130035434,118.72125968521974,116.71574826400078,2.005511421218955,1.3674492399927294,0.6380621812262257,75.35076228328069,0.016047038279495406,1122954.4,1.0888367328183586,0.02183238246984651,0.5357137018326831,1.0105480888039549,1.077834335818915,-0.008966869584417836
2023-08-08,123.90765683031604,126.64728130634444,121.64868186576636,122.17737579345705,1112512,NIACL,-0.008966869584417836,0.007131538189319109,0.060492306082587044,116.61642990112304,115.21682052612304,106.94245147705078,1.0476857840447442,1.0604126657509685,1.142459089968361,119.2529698557178,117.12031326618272,2.132656589535074,1.5204907099011984,0.6121658796338756,71.37260919405364,0.01625081873390613,1149031.1,0.9682174834084124,0.040912643671675304,0.10576841252747789,1.0121476132443932,1.077372165447768,-0.0019670247963147203
2023-08-09,122.60994300026168,122.60994300026168,120.8796547501958,121.93704986572266,389654,NIACL,-0.0019670247963147203,0.02463642070571015,0.07636820882597894,117.04900093078614,115.35908828735352,107.13831016540527,1.0417607061663596,1.0570216155140182,1.13812743245129,119.6659052418724,117.47710856985235,2.1887966720200467,1.6541519023249682,0.5346447696950785,70.81711617645378,0.015630622261529663,1142314.8,0.34110912333447835,0.01419001240370568,0.6111092273131933,1.0146491504789215,1.0767305187962795,-0.004729976155844473
2023-08-10,121.93705083732632,123.47508077524824,120.63933830638923,121.36029052734376,377145,NIACL,-0.004729976155844473,0.03271976059139314,0.07584140950332885,117.47676544189453,115.50039489746094,107.33296722412109,1.033057814205568,1.0507348536347874,1.1306897933226083,119.92657990117569,117.76475167781467,2.161828223361013,1.7556871665321774,0.4061410568288357,65.53191891770496,0.015644196246290664,1137041.85,0.33168963833653087,0.023366312461324302,0.2542375511428625,1.0171113747809102,1.0760943062003074,-0.004356401509379437
2023-08-11,122.46575923805104,123.23477058509394,120.35096153239527,120.83159637451172,416463,NIACL,-0.004356401509379437,-0.0027767112138483707,0.07665952480285654,117.90693359375,115.61959228515624,107.52642276763916,1.0248048413407025,1.045078900438439,1.123738642692732,120.06581320476585,117.99192535905149,2.073887845714353,1.8193273023686125,0.2545605433457403,55.97964140206293,0.015622468805360142,1138195.6,0.3658975662882548,0.023866349028117104,0.16666666666666666,1.019783336572857,1.0752667977712431,-0.004773312486791803
2023-08-14,123.6192804501345,123.6192804501345,118.23616464782476,120.25482940673828,562967,NIACL,-0.004773312486791803,-0.02456146843404461,0.070145324705295,118.30105361938476,115.73686706542969,107.71411060333251,1.0165152864457108,1.039036501124179,1.1164259606579139,120.09489262045392,118.15954788110237,1.9353447393515495,1.8425307897652001,0.09281394958634936,53.40050619549702,0.01573244729158445,1149297.4,0.4898357901096792,0.04476423798417611,0.3749993188048023,1.0221553133324877,1.0744819450038607,-0.01438849194720393
2023-08-16,119.96644815184992,119.96644815184992,118.14003445818794,118.52454376220705,378892,NIACL,-0.01438849194720393,-0.02989777778027558,0.06660895330229488,118.67114219665527,115.84164535522461,107.89410831451416,0.9987646665252005,1.0231600509363918,1.098526561030607,119.85330048841594,118.18658461303605,1.666715875379893,1.8073678068881387,-0.14065193150824573,52.73631801505942,0.01590839812002336,1144131.45,0.33116124899809374,0.015409582148033967,0.21052694981067505,1.0244255581207786,1.0736605285021048,0.018653708093123944
2023-08-17,118.5726093011254,121.60061015111609,117.85165706702789,120.73546600341795,537682,NIACL,0.018653708093123944,-0.009854132633419388,0.08089508137600165,119.12293930053711,115.98295196533203,108.07819145202637,1.013536659793229,1.0409759706711592,1.1171121979498508,119.9890182599547,118.37539064195323,1.6136276180014733,1.7686197691108057,-0.1549921511093324,58.90412100745799,0.016271159166524087,1148536.35,0.46814539217674733,0.031050967939959487,0.7692304682685707,1.0270728351192824,1.0731392745114023,-0.007165606353323861
2023-08-18,120.6393418395884,121.31222766529083,118.9571199414268,119.87032318115234,436947,NIACL,-0.007165606353323861,-0.012277222967389978,0.07361164960706912,119.53388175964355,116.05024078369141,108.25290218353271,1.002814611360027,1.0329174879057879,1.1073174091713807,119.97075747860049,118.4861263855976,1.4846310930028892,1.7118220338892225,-0.2271909408863333,56.8281727310838,0.016437006940381273,1152789.35,0.37903455648683776,0.01964712917562518,0.3877543394181774,1.0300183864542374,1.0720289104761278,-0.0068163463235512145
2023-08-21,120.30289903200934,120.30289903200934,118.57261071596685,119.0532455444336,251363,NIACL,-0.0068163463235512145,-0.014717597742946453,0.04119377048460593,119.76939277648925,116.11560714721679,108.42112434387207,0.9940206156560206,1.0252992553661828,1.0980631889302341,119.82960179642096,118.52813521217806,1.3014665842429025,1.6297509439599587,-0.32828435971705616,48.92084413935707,0.01585914566128389,1075365.35,0.23374660528163752,0.014533734953044213,0.2777773068282946,1.03146679175212,1.0709684837701983,0.059345907317911895
2023-08-22,119.72613145594946,130.82879825489545,119.48581405626582,126.11856842041016,12217181,NIACL,0.059345907317911895,0.04876094409347109,0.06363992008519093,120.14669036865234,116.37034362792969,108.62611503601075,1.0497048901924304,1.0837689783201845,1.16103359103472,120.79713512318853,119.09038952389895,1.706745599289576,1.6451498750258824,0.06159572426369353,59.505679784602165,0.018934479386639322,1438768.8,8.491413630876622,0.08993904974260676,0.584745094235929,1.0324511093032152,1.0712925118361423,-0.001143151799633757
2023-08-23,126.8875990234841,127.7527358769742,125.06119248042216,125.97439575195312,1459728,NIACL,-0.001143151799633757,0.06285493074491422,0.058990002980384704,120.497554397583,116.61546737670898,108.8325477218628,1.045451888063215,1.0802546058921285,1.157506631875409,121.59363675838308,119.60031591116223,1.9933208472208577,1.7147840694648775,0.2785367777559802,65.0727842148513,0.01896002743633236,1461482.0,0.9987998483730898,0.02136579723590621,0.33928610354223054,1.0332896408015373,1.0715127948188492,-0.0022892835608364637
2023-08-24,126.69534068787917,129.67526775243093,125.06118524373004,125.68600463867188,1528119,NIACL,-0.0022892835608364637,0.041003184889465416,0.06996727990380247,120.90849723815919,116.84809463500977,109.03441432952881,1.0395134131152273,1.0756358931762513,1.1527186660426116,122.22323181688905,120.05110766875553,2.17212414813352,1.806252085198606,0.3658720629349139,68.64034041877724,0.018653508244567622,1515264.65,1.0084832375651342,0.03671118770913018,0.13541573948094784,1.0347494121819667,1.0716625145696301,-0.017208416019603434
2023-08-25,124.58055004422782,125.39762042988824,121.69673381733404,123.5231475830078,715086,NIACL,-0.017208416019603434,0.03047313384093564,0.055875128540773034,121.23532905578614,117.00574264526367,109.19662857055664,1.0188708897401426,1.0557015817377742,1.131199279684667,122.42321885783039,120.30829581055201,2.1149230472783813,1.8679862776145613,0.24693676966382005,55.76468848182786,0.01915999231118164,1524200.9,0.469154689516323,0.029961077619619407,0.4935070854314143,1.0361485369427181,1.0715142415744203,0.011673195010434068
2023-08-28,124.1479722846371,127.80079997218073,120.39902643057016,124.96505737304688,1022557,NIACL,0.011673195010434068,0.049656872448780476,0.06907891086894913,121.63906211853028,117.19511291503906,109.35812187194824,1.0273431510946345,1.0662992190095901,1.142714004537984,122.81427093709448,120.65324111147757,2.1610298256169074,1.9265949872150308,0.23443483840187662,54.25790434758428,0.01923604840757633,1550263.3,0.6596021462934716,0.05923074575570931,0.6168833613738449,1.0379192365018912,1.0716635482480896,-0.003461477878948127
2023-08-29,125.10924661535832,127.65662014196606,123.81154131038764,124.5324935913086,663627,NIACL,-0.003461477878948127,-0.01257606115393306,0.04223655001651849,121.89139556884766,117.320078125,109.51144439697265,1.0216676329788117,1.0614763950176034,1.1371641957336032,123.07861288389665,120.94059314702062,2.138019736876032,1.9688799371472312,0.1691397997288009,56.17130679205597,0.018774409738486708,1532843.2,0.4329386071582534,0.030876108882852856,0.18750000000000022,1.038964493690305,1.0713042711748144,0.006175133891569429
2023-08-30,125.06118101272928,126.59920357432584,124.48441338474926,125.30149841308594,461933,NIACL,0.006175133891569429,-0.005341540515837351,0.0328842800448812,122.09085884094239,117.47964874267578,109.64674308776856,1.026297133156597,1.0665804652475845,1.1427744672068032,123.4205952730027,121.26362316672916,2.1569721062735425,2.0064983709724933,0.15047373530104924,58.578456642305106,0.018550273850378628,1374376.7,0.33610363155894596,0.01687761292849569,0.38636694664271753,1.0392511396451898,1.071437649986897,-0.009205944792096354
2023-08-31,125.493766158733,127.17598818588006,123.37897568673912,124.14797973632812,411203,NIACL,-0.009205944792096354,-0.01223704187881014,0.043214853360454386,122.34799842834472,117.60557525634766,109.78084022521972,1.0147119800168827,1.055630053810968,1.1308711017481161,123.53250057505277,121.47727920892169,2.0552213661310788,2.0162429700042104,0.038978396126868375,56.904790880387836,0.01809551308022148,1331982.0,0.3087151327870797,0.030584569376039983,0.20252871165501454,1.0403248159082585,1.0712759623179708,0.006194321106192335
2023-09-01,124.6766747671055,125.73407728396585,124.05185534120432,124.9169921875,346510,NIACL,0.006194321106192335,0.011284076157106693,0.06298564139153817,122.71808700561523,117.7862937927246,109.94738018035889,1.0179183463134016,1.0605392882751172,1.136152512070636,123.74549928466003,121.73207276289045,2.013426521769574,2.0156796803572834,-0.0022531585877092475,60.00001493986147,0.01777143920700775,1308753.85,0.2647633090057385,0.013466718284703172,0.5142822265624941,1.0418706884654116,1.0712969567761113,0.026163980963921363
2023-09-04,127.17598189325504,130.30010836051883,126.55114779911548,128.18531799316406,1645799,NIACL,0.026163980963921363,0.025769288534026158,0.057913560845796574,123.06895065307617,118.07467483520507,110.138913230896,1.0415731775800268,1.0856292271993995,1.1638513058907296,124.42854831673756,122.21009092809591,2.218457388641653,2.0562352220141573,0.16222216662749567,67.15181792290846,0.017395303823827143,1307904.1,1.2583483758480456,0.029246411524315737,0.4358995426286531,1.0422976038243723,1.0720522962458554,0.005624257730229676
2023-09-05,129.3388336654674,132.46296001164868,127.2720951280764,128.90626525878906,1525294,NIACL,0.005624257730229676,0.035121529661442,0.045614040733395145,123.3501220703125,118.4543765258789,110.34029930114747,1.0450436780703747,1.0882355641002992,1.1682609715147703,125.11742784628393,122.70610384148058,2.4113240048033475,2.1272529785719954,0.28407102623135216,73.47831683226397,0.01707470293461434,1323033.1,1.1528766740605356,0.04026852281501773,0.31481654162958106,1.0413302208666306,1.073536842623437,0.0044743129173399065
2023-09-06,130.73268583353374,131.64588916130845,127.89694300820705,129.4830322265625,1069803,NIACL,0.0044743129173399065,0.033371778202453406,0.05979549311531951,123.71540489196778,118.80331756591796,110.54529006958008,1.0466201225274345,1.0898940777029977,1.1713120671632642,125.78905928940372,123.20809853667184,2.580960752731883,2.217994533403973,0.3629662193279102,71.36156375095439,0.016868361166232533,1320897.65,0.8099060513886145,0.028953184742705855,0.42307602018858714,1.0413463817904272,1.0747026625118092,-0.00037132621556013046
2023-09-07,130.54042067423683,132.89552837001676,128.81013238034174,129.43495178222656,1011194,NIACL,-0.00037132621556013046,0.04258604978612768,0.06148994029920041,124.09029998779297,119.11765243530273,110.7423503112793,1.0430706654344406,1.0866143609783407,1.168793613449645,126.34996582676108,123.66934692523145,2.680618901529627,2.310519407029104,0.37009949450052293,74.327633201338,0.016847192793154196,1351974.65,0.7479385800613939,0.03156331372185059,0.15293974034926372,1.0417456812724804,1.0756287192793161,-0.00015054259583302532
2023-09-08,129.7080438197476,131.90235283173578,128.5865140549533,129.41546630859375,871656,NIACL,-0.00015054259583302532,0.036011706992924886,0.06637406474760432,124.49305877685546,119.45466827392578,110.94652263641358,1.0395396143375457,1.0833855903548826,1.1664670801148527,126.82158128550458,124.0949853980731,2.726595887431472,2.393734703109578,0.33286118432189404,77.4708998347535,0.01676581454531916,1376700.2,0.6331487421880232,0.025621657684065265,0.2499977560564066,1.0421782637357961,1.076686906766736,0.006405449495671123
2023-09-11,130.1956651443678,131.70730318406373,129.70804093034394,130.2444305419922,782595,NIACL,0.006405449495671123,0.016063560016584155,0.07790043705378058,124.9637004852295,119.8111473083496,111.13849819183349,1.0422581120458005,1.0870810727385087,1.1719110178831138,127.34817347881037,124.55049985317822,2.797673625632143,2.4745224876140908,0.3231511380180523,66.34134165894598,0.01667797462069808,1395006.8,0.5609972653896741,0.015350078659027254,0.2682937721903415,1.0430056242063948,1.0780346077877214,-0.0643954291265425
2023-09-12,131.2684405300941,131.65853393746497,121.22337903864336,121.85728454589844,1386178,NIACL,-0.0643954291265425,-0.05468299542104693,0.01332549509292602,125.0438232421875,119.98930938720703,111.29046058654785,0.9745166245427629,1.015567846570926,1.094948155517184,126.50342133528545,124.35100242300935,2.1524189122761044,2.4101017725464935,-0.2576828602703891,40.134862797231236,0.022588620241135556,1436167.35,0.9651925313578532,0.08563423136916473,0.060747110455127325,1.0421247016154538,1.0781634720066082,0.027210923963682188
2023-09-13,122.00356921696518,126.1483822170447,120.49193871253,125.17313385009766,875795,NIACL,0.027210923963682188,-0.0332854297768036,0.05609462712828095,125.37625274658203,120.25493621826172,111.45299427032471,0.9983799252886036,1.0408980935544254,1.1231024762465807,126.29876172217963,124.41190104723812,1.8868606749415164,2.3054535530254983,-0.4185928780839818,48.92679853800787,0.023017379491200928,1461012.5,0.5994438788169163,0.045188958129694416,0.8275862976146325,1.042587162651063,1.0789744771377632,0.04518881410165965
2023-09-14,125.80703630966369,132.68254010746008,125.5144588303962,130.82955932617188,1992167,NIACL,0.04518881410165965,0.010774582326817939,0.08360503882486503,125.88095741271972,120.63849792480468,111.64381008148193,1.0393117594206678,1.084476030261247,1.1718478546252358,126.99580750740921,124.88728314197395,2.108524365435258,2.2660677155074502,-0.1575433500721921,63.338709677419374,0.02467324042749196,1533736.75,1.2988976106884054,0.05478946282462902,0.7414955676887627,1.0434559413296303,1.0805659340787284,0.0674618493999215
2023-09-15,132.63377807944906,145.01942937976403,130.97585882967778,139.6555633544922,15963295,NIACL,0.0674618493999215,0.07912575937006427,0.16505536690211198,126.87021942138672,121.15820648193359,111.85544513702392,1.1007749808537828,1.1526711017740001,1.248536118947208,128.9434622531143,125.98122982438271,2.962232428731582,2.4053006581522767,0.5569317705793053,71.1239876357279,0.028232350595436176,2310054.15,6.910355326519078,0.10055861873858196,0.6180553936663279,1.0471450767167378,1.0831677110891982,0.0
2023-09-18,139.50928205170115,142.33749636712813,137.31497322318086,139.6555633544922,3277633,NIACL,0.0,0.07225746831044533,0.17305129075518821,127.90033531188965,121.67022491455079,112.0009928894043,1.0919092824419654,1.1478203763704105,1.2469136188140355,130.59147780717242,126.99414341920564,3.5973343879667823,2.643707404115178,0.9536269838516045,72.01991312502625,0.02808427380546006,2461367.65,1.3316308110249195,0.035963645294949234,0.4660187846286019,1.0512048892957524,1.0863316634585052,0.012919030464682457
2023-09-20,138.48526735280896,147.06745591145838,136.82734811424362,141.45977783203125,4452638,NIACL,0.012919030464682457,0.16086435340473537,0.12164116357935417,128.6673957824707,122.19141189575195,112.18319820404052,1.0994220950207758,1.1576900179590213,1.260971162319174,132.26352396484302,128.06567189422978,4.197852070613237,2.95453633741479,1.2433157331984472,72.83872495545263,0.025445026816622945,2073140.5,2.1477743548977988,0.07238882991442148,0.4523809523809524,1.0529986828554183,1.0892131250662718,-0.041709867250699695
2023-09-21,141.4109988864377,143.6540728794786,134.63302639879203,135.55950927734375,2036658,NIACL,-0.041709867250699695,0.08297607567838328,0.0760877912386575,129.14665145874022,122.59843872070313,112.34695682525634,1.0496556259583107,1.105719703218797,1.2066148750979704,132.77059862830467,128.62077095964563,4.149827668659043,3.1935946036636405,0.9562330649954025,64.22121836067669,0.027577256854564393,2101987.0,0.9689203596406638,0.06654676258992831,0.10270237278294243,1.0534118770709215,1.0912484163802663,-0.00575527227064121
2023-09-22,135.94962250928353,137.41249512544272,133.02387727696515,134.77932739257812,1396230,NIACL,-0.00575527227064121,0.030190180925084853,0.07234952515236803,129.60131759643554,123.02831268310547,112.49095355987549,1.039953373099696,1.0955147189553087,1.1981348110880687,133.07963382280826,129.07696032504805,4.002673497760213,3.3554103824829555,0.6472631152772577,62.28716863855606,0.027629931023157,2095392.55,0.6663333798719481,0.03256150578415212,0.40000067816840057,1.0534267663270382,1.0936729469327617,0.013386320095624349
2023-09-25,135.21817007045948,139.16792863912792,133.609016337091,136.58352661132812,1518810,NIACL,0.013386320095624349,-0.021997238558740473,0.1057322395346485,130.25433654785155,123.50388320922852,112.64541324615479,1.0485910122551,1.1059047137808722,1.2125085493970655,133.61869425181132,129.6330022721799,3.9856919796314116,3.481466701912647,0.5042252777187648,60.859228287166545,0.0272462633505107,2135578.75,0.7111936284250815,0.040699727411899166,0.5350885411786754,1.054657822598072,1.0963951362968114,-0.013923481014369354
2023-09-26,136.48600906264173,137.31497614572527,133.9503721799387,134.6818084716797,788613,NIACL,-0.013923481014369354,-0.03561444143966863,0.077755744708909,130.74017410278321,123.95295471191406,112.80021732330323,1.0301486088415157,1.086555853264661,1.1939853633939406,133.78225028563722,130.0069879165873,3.7752623690499263,3.5402258353401033,0.23503653370982303,57.24673031179783,0.02753529979381461,2123881.55,0.37130743002122696,0.02498187397367813,0.2173914966452778,1.0547564146949437,1.0988715948715357,0.006879051928469604
2023-09-27,134.77932454190898,136.53477462039305,133.12140525488323,135.60829162597656,686691,NIACL,0.006879051928469604,-0.04136501764482281,0.0889390207749039,131.2939640045166,124.41767196655273,112.96686332702637,1.0328600606598453,1.08994397244816,1.2004253958384752,134.0631797226125,130.42189930246798,3.6412804201445113,3.560436752300985,0.08084366784352603,57.61866749567183,0.027482648969288374,2125034.75,0.323143421536989,0.025170801317402423,0.7285723005022315,1.0552678082564704,1.10136431429788,0.011147124102292905
2023-09-28,135.6570614490698,139.89938315599204,132.87759749399905,137.11993408203125,2256578,NIACL,0.011147124102292905,0.011510994787499618,0.09431998674096498,131.88488578796387,124.93761520385742,113.14683517456055,1.0396940730758486,1.097507214767116,1.2118760005128337,134.53344962406152,130.91805002688005,3.615399597181465,3.5714293212770816,0.04397027590438363,59.222882809435546,0.027519837300151936,2214767.0,1.0188782838104415,0.05120907991242359,0.6041677704568528,1.0556059163829146,1.1042077757730149,-0.0007111943391111542
2023-09-29,137.90013286452475,138.04642906916422,135.26696487323767,137.0224151611328,607300,NIACL,-0.0007111943391111542,0.01664266925758673,0.10370233532714801,132.5286075592041,125.44407302856445,113.30084571838378,1.033908208081951,1.092298837665546,1.2093679821394312,134.91636739899556,131.37022522200988,3.5461421769856827,3.566371892418802,-0.020229715433119466,59.11216652964179,0.027356106758843552,2224571.85,0.2729963520845595,0.02028474095028914,0.6315786655816066,1.0564756417708667,1.1071768461496165,-0.007829373620043212
2023-10-03,135.900864965386,138.0464083819053,134.82808581657184,135.94961547851562,539738,NIACL,-0.007829373620043212,-0.004641197577335943,0.08831963608646376,133.0802387237549,125.9300358581543,113.43555389404297,1.0215612534383631,1.0795646531193497,1.1984744712888027,135.07532864199865,131.70943931508438,3.365889326914271,3.5262753793178963,-0.16038605240362536,56.79440216638748,0.027511314559836082,2234233.25,0.24157638867830833,0.02367290671625374,0.3484826766665557,1.0567791696149,1.1101460832622378,-0.026900889086528545
2023-10-04,135.51077290145915,135.51077290145915,130.97587343590263,132.29244995117188,655775,NIACL,-0.026900889086528545,-0.017740766534258712,0.032040580171801336,133.28559532165528,126.28902435302734,113.55678256988526,0.9925487419095315,1.0475371919998575,1.1649894172526092,134.64719345879453,131.7526252881279,2.894568170666645,3.399933937587646,-0.5053657669210012,64.00525248934164,0.02787864726303695,2184732.05,0.30016266754543197,0.03427935205093199,0.290320992839844,1.0554012591709456,1.1121222484029643,0.010320743517989506
2023-10-05,131.0246384917528,134.58428947096817,129.80557789871867,133.65780639648438,755373,NIACL,0.010320743517989506,-0.01438322986083962,0.036860435977694506,133.52317237854004,126.59072814941406,113.63653423309326,1.0010083194965038,1.0558261916206777,1.1761869305369972,134.49498006459297,131.89374981467282,2.6012302499201496,3.240193200054147,-0.6389629501339975,62.016595629087234,0.027930977346536916,2146236.0,0.3519524413904156,0.03575332934968175,0.8061228302909125,1.0547626538725938,1.113996735325885,0.01751170571310956
2023-10-06,134.58427540446186,137.7538326150742,133.46274572853503,135.99838256835938,1152064,NIACL,0.01751170571310956,-0.00817934694309952,0.05031817860425658,133.84893989562988,126.93155349731445,113.71549228668214,1.0160587201841533,1.071430852465197,1.1959529861199651,134.7262727574801,132.19779668531626,2.5284760721638406,3.097849774476086,-0.5693737023122454,58.07928356295203,0.02813864992474359,2150349.05,0.5357567414462318,0.0315524847097521,0.5909078298503941,1.0544969805199917,1.1162204106483047,-0.027608414424663885
2023-10-09,133.60902460558395,135.51075592119346,130.9270916299244,132.24368286132812,538607,NIACL,-0.027608414424663885,-0.034875551523340875,0.021699943024873436,133.98937644958497,127.22708419799805,113.78697177886963,0.9869714029984036,1.039430273003215,1.1622040800798068,134.3443358503798,132.20119566131714,2.143140189062649,2.906907857393399,-0.7637676683307499,36.231881593246335,0.02894938614943684,2126719.7,0.2532571640729147,0.03466074289594256,0.28723552767849,1.053151357623374,1.1181164434646136,0.017330312429543637
2023-10-10,133.31644676196748,135.266943466257,132.73130667934595,134.53550720214844,373698,NIACL,0.017330312429543637,-0.010401708540254462,0.03956282073230599,134.2453784942627,127.57806411743164,113.81583904266357,1.002161182091629,1.0545347911715661,1.1820455600359643,134.37374682757496,132.37410762730465,1.999639200270309,2.725454125968781,-0.7258149256984718,41.23537653496101,0.029160928416257864,2101821.8,0.17779718527993194,0.018847342531671543,0.711537445787095,1.052260664268224,1.1209166069549366,-0.005799191304808438
2023-10-11,135.1694321218189,137.21744480178015,132.87759246448312,133.75531005859375,537705,NIACL,-0.005799191304808438,0.011057774710210744,0.026956081745619143,134.42092247009276,127.91536239624024,113.83479732513428,0.9950482975472281,1.045654779480382,1.1749949330217773,134.27860270927016,132.47641891851126,1.8021837907589031,2.5408000589268056,-0.7386162681679025,36.332147335185596,0.02919919029213375,2089577.3,0.2573271637282813,0.032446205951718,0.20224595813259844,1.0508583171871133,1.1236929779115707,0.004739448410114422
2023-10-12,134.8280952668854,135.70581290026558,132.2924433998381,134.3892364501953,464426,NIACL,0.004739448410114422,0.005472408035346765,0.10284122078542324,135.04752006530762,128.21343063354493,113.92589633941651,0.9951255408852087,1.0481681660504183,1.1796197420278607,134.2956232847971,132.61810910604342,1.6775141787536825,2.3681428828921813,-0.6906287041384989,47.446858232471556,0.02470448039072856,2043489.7,0.22727102563815224,0.025399128610217783,0.614288330078127,1.0533024457577744,1.1254107692210904,-0.008345545694706913
2023-10-13,133.41398112192772,135.5107591827389,132.68254483823418,133.26768493652344,235831,NIACL,-0.008345545694706913,-0.020078897853534117,0.06466684053879712,135.4522476196289,128.45253967285157,114.02724849700928,0.9838720824386756,1.037485792619868,1.1687354267784404,134.1374789235242,132.66622583422713,1.471253089297079,2.188764924173161,-0.717511834876082,46.75050595501675,0.02431287010796209,2011491.5,0.11724185759671368,0.021222056538701177,0.20689383017457605,1.0544925617243885,1.1265074038528662,0.0413465751741704
2023-10-16,133.21893450667724,139.41175278386368,133.21893450667724,138.77784729003906,1247657,NIACL,0.0413465751741704,0.049410030689803985,0.060752998059492525,135.84966201782225,128.84799285888673,114.20373432159424,1.0215546010841945,1.0770664269642711,1.2151778408510256,134.85138174914186,133.11893853465764,1.7324432144842206,2.097500582235373,-0.3650573677511524,54.068737377766986,0.023978293435420916,1974266.0,0.6319599283987062,0.044623968436718425,0.897638608877021,1.0543405372763834,1.1282292442036501,0.0017568000686094543
2023-10-17,140.53329010726975,143.36150430783812,138.09516928570787,139.0216522216797,2179146,NIACL,0.0017568000686094543,0.03334543506637644,-0.004539104047029063,135.81796646118164,129.27812149047853,114.35043823242188,1.0235880851699668,1.075368752414296,1.2157509352007254,135.49296182184,133.55617658554817,1.9367852362918256,2.0653575130466635,-0.12857227675483784,58.57415381721319,0.018615030492183594,1285058.55,1.6957561972565374,0.03788140147933728,0.17592555963085194,1.0505874071753494,1.1305432973305753,0.007015205813944325
2023-10-18,139.119185192505,140.82586997696808,135.31572219671708,139.99691772460938,942691,NIACL,0.007015205813944325,0.04666437290064507,0.002444259017814643,135.8350341796875,129.6546989440918,114.50490230560303,1.0306392498080899,1.0797674042263383,1.2226281574475346,136.18587811457374,134.03326852177491,2.152609592798825,2.082807928997096,0.06980166380172914,58.65385136147574,0.018682238226733646,1168311.45,0.8068833015374454,0.03935906496948826,0.8495589800096174,1.0476676532815885,1.1323069696881218,0.0003482350315067162
2023-10-19,139.80185746721835,145.9459101911633,137.51001788338502,140.04566955566406,3917534,NIACL,0.0003482350315067162,0.04208992665543598,-0.009996539638612245,135.76432876586915,129.98995559692383,114.64278793334961,1.0315350934130736,1.07735762284527,1.2215829018139637,136.7796921824338,134.47863156132226,2.3010606211115316,2.126458467419983,0.17460215369154852,56.12242486865305,0.018444889972780276,1141556.25,3.431748545023515,0.06023672373836071,0.30057895238196136,1.0444216873713739,1.1338694560751321,0.03864902207259435
2023-10-20,140.92339847160432,150.8221641073041,140.04568083495187,145.4582977294922,8417902,NIACL,0.03864902207259435,0.09147463467062744,0.07302171942726887,136.25926818847657,130.45557403564453,114.81566715240479,1.0675112208021793,1.1150025501382443,1.266885446359971,138.11486226659662,135.2919401663719,2.82292210022473,2.2657511939809325,0.5571709062437975,64.44069705603634,0.017696088539321253,1460618.45,5.763245014466304,0.0740864112983997,0.5022618935832934,1.0444878970924332,1.136217532599271,-0.07106938130687301
2023-10-23,146.48230421871276,148.92042517735015,133.70655932411842,135.12066650390625,2430220,NIACL,-0.07106938130687301,-0.026352770687453342,0.0025325776432605362,136.27633514404297,130.7192463684082,114.886872215271,0.9915196674542561,1.0336707887918315,1.1761192893363994,137.65421676464425,135.27925322841148,2.3749635362327695,2.2875936624313002,0.08736987380146921,48.922702528196616,0.024316713750882468,1512317.95,1.6069504431921873,0.11259466258473433,0.09294857687255396,1.0425116341320784,1.1378083835677155,-0.014796164271933976
2023-10-25,136.1934252562404,141.11843236854418,131.2196676316347,133.12139892578125,1026184,NIACL,-0.014796164271933976,-0.042441254305409015,-0.025348061888890605,136.1032287597656,130.95446853637696,114.92717323303222,0.9780914100190263,1.0165472046400796,1.158310912736516,136.95686017404995,135.11941216895738,1.8374480050925683,2.197564530963554,-0.3601165258709855,51.12581079680863,0.02434186355427275,1487686.65,0.689785043107028,0.07435892964457425,0.19211804146183697,1.0393171785654525,1.1394560994800331,-0.006959686134408893
2023-10-26,133.02386793375217,135.2669420972045,126.87981528231194,132.19491577148438,1355864,NIACL,-0.006959686134408893,-0.05572981234110075,-0.018464948818371796,135.97888412475587,131.1817349243164,114.9551517868042,0.9721723826634742,1.007723490223334,1.1499694769369975,136.22425334288602,134.9027828061816,1.3214705367044246,2.022345732111728,-0.7008751954073036,47.98925162374978,0.024196601204194392,1516049.2,0.8943403683732691,0.06344515419481611,0.6337212500155249,1.0365687281328237,1.1411557714925733,0.008852861987140193
2023-10-27,131.56100361813645,135.7058093310717,131.36595691374964,133.36521911621094,627073,NIACL,0.008852861987140193,-0.04770194223533519,-0.016540821234974912,135.8667304992676,131.44394271850587,114.959182472229,0.9815884920917404,1.014616697871119,1.1601093209620583,135.78440192339755,134.7888891995171,0.9955127238804664,1.8169791304654759,-0.8214664065850095,46.260401258097694,0.02423291893338174,1513068.3,0.41443799992373115,0.03254111113888259,0.4606751590172647,1.0336477108742346,1.1433966377610516,-0.004387759900405297
2023-10-30,133.4139648528946,134.77930646351697,131.65851500987478,132.78004455566406,371587,NIACL,-0.004387759900405297,-0.08716074209396973,-0.03165031806222185,135.6497360229492,131.729052734375,114.97278369903565,0.9788448429652701,1.0079784360357342,1.1548824015885577,135.3221930975924,134.640085892565,0.6821072050273926,1.5900047453778592,-0.9078975403504665,50.83709798411584,0.02408678289344076,1418818.75,0.2618988507164851,0.023503467438090064,0.359373435376586,1.0297632390667841,1.1457411788793619,0.01983124782446266
2023-10-31,134.096647308464,139.41174780737774,133.46274183726752,135.41323852539062,1216305,NIACL,0.01983124782446266,0.0021652647892758115,-0.011743893390361415,135.56927719116212,132.02260818481446,115.03535823822021,0.99884901159758,1.025682194793711,1.177144493651865,135.33620008648444,134.6973564579595,0.6388436285249384,1.3997725220072752,-0.7609288934823368,51.35542970677402,0.024547992662087674,1449269.0,0.8392541343256497,0.04393223317670491,0.3278693445464758,1.0268641034676635,1.1476698139316115,-0.012963519283804015
2023-11-01,135.70581926411526,136.53478641982278,133.21894755921423,133.65780639648438,382615,NIACL,-0.012963519283804015,0.004029460890823344,-0.016857782745206995,135.45468673706054,132.2983578491211,115.076418800354,0.986734454274999,1.0102756267686532,1.1614699848138932,135.07798567263828,134.62035274970208,0.45763292293619884,1.2113446021930598,-0.753711679256861,49.85383327386018,0.024657477957524723,1441412.85,0.2654444214230503,0.024808418976834022,0.1323522811930623,1.0238576573379623,1.1496565432631807,0.007661371249485516
2023-11-02,134.53551228466583,138.14392834769936,133.36521719410217,134.6818084716797,484719,NIACL,0.007661371249485516,0.018812317294367276,0.018061185815136938,135.57415466308595,132.610929107666,115.13942161560058,0.9934180213505751,1.0156162043200252,1.1697280269595454,135.01703533402926,134.62490502540413,0.3921303086251271,1.0475017434794733,-0.6553714348543462,50.43352156800324,0.023913887940242056,1432860.05,0.3382877483394139,0.035481489354978725,0.27551179287880756,1.0223452589870183,1.1517421856642205,0.0014482512731253117
2023-11-03,135.46200170475373,138.68032451732387,133.36522352139522,134.87686157226562,718605,NIACL,0.0014482512731253117,0.011334607824079468,0.009120718113276638,135.635107421875,132.78609497070312,115.19715141296386,0.9944096638103367,1.0157453730529826,1.1708350416474542,134.9954701399118,134.6435684733198,0.3519016665919992,0.9083817281019786,-0.5564800615099794,52.45173094403928,0.02381733336227129,1431021.65,0.502162213967902,0.03940706310904832,0.28440438893415454,1.021455653559211,1.1526855772213118,0.020607198089439338
2023-11-06,135.60828321278646,138.68030949871184,135.36447113037624,137.6562957763672,559632,NIACL,0.020607198089439338,0.03672427763540109,0.012190683276504855,135.7180030822754,133.01973297119142,115.25988674163818,1.014281765499576,1.0348562029227644,1.1943122596062572,135.4048279301357,134.8667334587307,0.5380944714050031,0.8343242767625836,-0.2962298053575805,48.136117061849816,0.023941872823150696,1401400.05,0.3993377908042746,0.02408780760541759,0.6911750186247289,1.0202847355863236,1.154085230617682,0.014523618893341084
2023-11-07,138.38773749956974,140.92338920941464,137.90011331545412,139.6555633544922,683207,NIACL,0.014523618893341084,0.031328730302141894,0.05604714216055395,136.0885971069336,133.29912414550782,115.33141677856446,1.0262106181075243,1.0476855286914395,1.2109065097381915,136.05878722619053,135.22146159915746,0.8373256270330671,0.8349245468166803,0.0024010802163868528,50.99540442497808,0.023143278877863303,1408630.05,0.485015210345683,0.02164808777639913,0.580645002510311,1.0209264162784808,1.155791959110684,0.010823966915149752
2023-11-08,140.72833179569415,143.41026460410407,139.94813018429878,141.1671905517578,893492,NIACL,0.010823966915149752,0.05618365554345184,0.04929318280002337,136.42018127441406,133.65200500488282,115.41939666748047,1.0347969723614057,1.0562295009835463,1.2230803021649463,136.84469543012395,135.66188596601677,1.18280946410718,0.9045015302747803,0.2783079338323997,51.80718973807472,0.022976210140325717,1434619.75,0.6228075418590885,0.024525064260848425,0.352112373362902,1.0207118199942462,1.1579683213033067,-0.05043175006779954
2023-11-09,132.82882164850028,135.51075459797153,129.70802991988276,134.04788208007812,1990390,NIACL,-0.05043175006779954,-0.004706844961432699,0.002187367524745021,136.43480987548827,133.83366149902344,115.48716030120849,0.9825049941610321,1.0016006479883706,1.1607167561351441,136.4144164531938,135.54233012261392,0.87208633057989,0.8980184903358024,-0.025932159755912343,42.3980115397841,0.02583160000968768,1507254.0,1.3205405326507675,0.043288447292455595,0.7478990303611602,1.0194356811831216,1.158861826284103,0.004365186781684516
2023-11-10,135.16941564567009,135.51074361017024,132.9263416572233,134.63302612304688,472788,NIACL,0.004365186781684516,-0.0018078375073110609,0.001814056536751929,136.44699935913087,134.0356721496582,115.55232234954833,0.9867056568147051,1.0044566790601959,1.1651260951361841,136.14035640240198,135.47497427079412,0.6653821316078563,0.8514912185902132,-0.18610908698235684,34.36617843639087,0.025828451100871615,1507672.1,0.3135880805912638,0.019195898862029128,0.6603788794840827,1.0179901900053911,1.1599565411086878,0.022093522725598502
2023-11-13,137.99763732098498,138.97288564127464,136.92485821622302,137.6075439453125,400315,NIACL,0.022093522725598502,-0.0003541562031705858,0.03256497635459166,136.66399230957032,134.28179306030273,115.64677600860595,1.0069041714631375,1.024766953205013,1.1898952023969291,136.36607756284974,135.63294239483253,0.7331351680172133,0.8278200084756132,-0.09468484045839987,54.561703633129085,0.026179569217023246,1515896.3,0.2640780903020873,0.014883104271271265,0.33333817737927757,1.0177402996711387,1.1611373675502206,0.015946223701100326
2023-11-15,139.07042832124225,142.14245484047942,137.21744742553074,139.80186462402344,816044,NIACL,0.015946223701100326,0.0010475864048458128,0.007378824171009324,136.71519317626954,134.59487075805663,115.74811592102051,1.0225773842397619,1.0386864212331444,1.2078111467439845,136.89466018764568,135.94175144884667,0.9529087387990103,0.8528377545402926,0.10007098425871763,62.16697968015376,0.024743790164625978,1494315.65,0.546098811184906,0.0352284815956766,0.5247539710596825,1.0157533671697216,1.1628255862920136,0.0359260013173901
2023-11-16,139.80186331698275,148.09147467100146,139.5092858223837,144.8243865966797,4047602,NIACL,0.0359260013173901,0.02590684160127843,0.04173978860319649,137.00532989501954,134.99301864624024,115.87889415740966,1.057071186264443,1.0728287140255994,1.2497908928950472,138.11461809672784,136.59972442276023,1.514893673967606,0.9852489384257553,0.5296447355418507,70.01545258667595,0.02597221995034692,1587738.45,2.5492876361342764,0.05925927980981706,0.6193176202539553,1.0149067801354432,1.1649491447758036,0.02323223032340138
2023-11-17,145.2632351256632,151.3585371608212,143.84912802972826,148.18898010253906,3555936,NIACL,0.02323223032340138,0.10549288659415934,0.058516019574405664,137.41493301391603,135.39309188842773,116.01303760528565,1.078405212972974,1.0945091661298048,1.277347642656565,139.66451994377573,137.45818780644754,2.2063321373281894,1.2294655782062422,0.9768665591219472,71.96529831510975,0.026374766087108887,1718400.7,2.0693287659857216,0.05067454493510113,0.57792191063895,1.0149331187971866,1.167050658125851,0.020072360046059945
2023-11-20,147.3600203449267,152.13873094128024,145.3119930144279,151.16348266601562,2264225,NIACL,0.020072360046059945,0.12278158650211779,0.07938705384911993,137.9708236694336,135.83823623657227,116.18248054504394,1.0956191943029239,1.1128198278631454,1.3010867211378703,141.43359113181265,138.4733948330822,2.9601962987304375,1.5756117223110815,1.384584576419356,75.4386283486493,0.02663063109668441,1635735.25,1.3842246170338384,0.04516129032258073,0.8571428571428571,1.0156994635085461,1.1691800312690672,0.0638710361222008
2023-11-21,152.38255844468054,162.3788542786516,152.33379304975642,160.81845092773438,6705888,NIACL,0.0638710361222008,0.16867466940363585,0.10559832912940692,138.73883132934571,136.4649446105957,116.42398971557617,1.1591452038829335,1.1784597970316237,1.3813171264841024,144.41587725426214,140.12858417342682,4.287293080835326,2.1179479940159305,2.1693450868193955,79.43505130143491,0.028853678443466965,1550134.55,4.326003829796581,0.062462119060014094,0.8446596476257766,1.016662790031818,1.172137674924039,0.07004252045515313
2023-11-22,160.91598914442426,173.44793728175216,159.98950612254197,172.08258056640625,14490879,NIACL,0.07004252045515313,0.23090332900206345,0.27354745220585075,140.5869270324707,137.3178971862793,116.7201372909546,1.2240297458572458,1.2531693544139169,1.4743178388956715,148.67229314843814,142.49554686920308,6.176746279235061,2.929707651059757,3.2470386281753045,86.48148491545912,0.026302385142453668,2153167.5,6.7300286670684,0.07820914304581002,0.8985500836468939,1.0238062911912842,1.1764713473903785,-0.012751556092943095
2023-11-23,172.4239115545257,172.4239115545257,165.06078352306525,169.8882598876953,3013181,NIACL,-0.012751556092943095,0.17306390090790313,0.2761904641823407,142.4252700805664,138.12735305786134,116.9985844039917,1.1928238562692828,1.229939299687654,1.4520539778590615,151.93628803140078,144.52463672242473,7.411651308976047,3.826096382643015,3.585554926333032,82.69926185769687,0.026194509903078755,2252517.35,1.3376949127606053,0.04334100564881783,0.6556284698573354,1.031115611264227,1.1805899512502886,0.19977039279591668
2023-11-24,171.64370888157896,203.826904296875,170.6684605356609,203.826904296875,34862627,NIACL,0.19977039279591668,0.3754525077089901,0.541866440984883,146.00686950683593,139.599002532959,117.49094318389892,1.396009002763613,1.4600885436036835,1.7348307773633367,159.91945976455068,148.91739728349512,11.00206248105556,5.261289602325524,5.740772878730036,89.36524756832779,0.048965223325849926,3927855.5,8.87574071907686,0.1626794258373205,1.0,1.0459019538650647,1.1881682004582783,0.08181823626291362
2023-11-28,207.82543331662797,231.4264408622891,198.6580897224377,220.503662109375,50665997,NIACL,0.08181823626291362,0.45870985651052565,0.65338207045747,150.36379165649413,141.5719300842285,118.06500354766845,1.4664678223406025,1.5575380089696162,1.8676462582779425,169.24010627913904,154.2200835668936,15.020022712245435,7.213036224309507,7.806986487935928,90.82171608517646,0.05055388786485491,6429801.7,7.879869296746741,0.14860683412866646,0.6666668180435145,1.062101728549119,1.199101561260439,0.02609458714346924
2023-11-29,222.35662078857425,228.20811080932617,217.48037910461423,226.2576141357422,11176875,NIACL,0.02609458714346924,0.40691327910759223,0.7040031496667443,155.03767013549805,143.59361968994142,118.67528347015381,1.459371867095269,1.575680135540112,1.906526848049575,178.0120305647703,159.55619694236387,18.45583362240643,9.461595703928893,8.994237918477538,91.14920621294756,0.05002804441361966,6970066.1,1.6035536592687407,0.0474137931034484,0.8181818181818187,1.0796974856561699,1.2099707326678046,0.10000000674398923
2023-11-30,222.30785941688373,248.8833770751953,221.38137645639367,248.8833770751953,11577826,NIACL,0.10000000674398923,0.44630198045613234,0.8379545440716161,160.71117706298827,145.9546960449219,119.38427310943604,1.548637634441874,1.7052097933086996,2.0847249859037236,188.91531464329722,166.17302510035137,22.742289542945855,12.117734471732286,10.62455507121357,92.62832419731103,0.05248224654599933,7488142.15,1.5461546760300215,0.11050155676123137,1.0,1.101103160212979,1.2225621704052219,-0.09384794303119381
2023-12-01,255.4175404738655,255.4175404738655,224.01454614223255,225.52618408203125,9486945,NIACL,-0.09384794303119381,0.3274971692047197,0.687340157394378,165.30459594726562,147.67210845947267,119.99426033020019,1.364306798547677,1.5272090744470204,1.879474763721434,194.54775609541014,170.56955539529062,23.978200700119515,14.489827717409732,9.488372982709784,82.0793411106985,0.058866306720114364,7943358.65,1.1943241414637622,0.13924323004645286,0.048136745299985476,1.1194029642546348,1.2306597670014263,0.04605400077563826
2023-12-04,230.93880954081916,238.93584294056745,224.01454038479187,235.91256713867188,5614362,NIACL,0.04605400077563826,0.15741622997454718,0.751629041930177,170.36613388061522,149.59724853515624,120.66074546813965,1.384738631822147,1.5769846668218033,1.9551724649419173,200.91157317898887,175.40977848739294,25.501794691595933,16.692221112246973,8.80957357934896,83.23199697512973,0.058791929384774885,8199840.8,0.6846915857195667,0.06324929077222362,0.7973852624062394,1.1388320009146302,1.2398170420276182,-0.04051254640294022
2023-12-05,235.9125702543912,241.32520158095585,224.7947450007252,226.3551483154297,4998735,NIACL,-0.04051254640294022,0.02653691167792127,0.6782355822696167,174.94004821777344,151.29515594482422,121.27872261047364,1.293901257153264,1.4961162960034164,1.8664044561422652,204.82596935382594,179.18350958576605,25.642459768059894,18.482268843409557,7.160190924650337,77.91411390386276,0.06058516189541433,8413847.3,0.594108119837164,0.07302885179883425,0.0943956573208414,1.1562832076499017,1.2474995835069784,-0.016803093833654748
2023-12-06,228.1593598088481,230.74377699304043,218.84573462874752,222.5516815185547,2873141,NIACL,-0.016803093833654748,-0.016379261450905847,0.616719963757461,179.1848175048828,153.03499938964845,121.89883033752442,1.2420230944649657,1.4542534871510475,1.825708096643205,207.55300199455345,182.39596676597262,25.15703522858084,19.817222120443816,5.339813108137022,75.76678033695896,0.06139378834669666,8529522.75,0.3368466307215137,0.053461929755408005,0.311475348325288,1.170874755575705,1.2554263151328968,0.037247961916324845
2023-12-07,222.4053859250953,235.22989558667365,220.6987013376779,230.84127807617188,4048849,NIACL,0.037247961916324845,-0.07249218172402239,0.6529329196160991,183.7441032409668,154.9562384033203,122.56687461853028,1.256319381163708,1.4897191649382835,1.8833904249792475,211.13581369941784,185.98450834450588,25.151305354911955,20.884038767337444,4.267266587574511,76.25000128055532,0.06138021498782152,8697804.85,0.4655023962741588,0.06294885546509933,0.6979864534668186,1.1857806122185117,1.2642587068128865,-0.03612163178506367
2023-12-08,229.62223065841707,230.5974790493053,220.8449951404228,222.5029144287109,1686202,NIACL,-0.03612163178506367,-0.013405404191207726,0.5761659175836047,187.81088943481444,156.67462615966798,123.19490924835205,1.1847178568734558,1.4201592171150736,1.8061047797045013,212.88459842700138,188.68957546185442,24.19502296514696,21.546235606899348,2.6487873582476134,72.0104053964888,0.06291586021930005,8737440.35,0.19298580962558445,0.04383081423415306,0.16999969482421598,1.1987320093772895,1.2717621784502737,0.0
2023-12-11,222.8442573179656,226.55020417956283,221.86900892707732,222.5029144287109,847753,NIACL,0.0,-0.05684162091322009,0.6598763887652557,192.2336410522461,158.4310482788086,123.7957880783081,1.1574608544621912,1.4044148343773375,1.7973383253391848,214.36433935034128,191.19426723717712,23.170072113164167,21.871002908152313,1.299069205011854,71.50838754708192,0.060713922802149,8680308.5,0.09766392519344215,0.02103880420849654,0.13541530900618085,1.2133583861286543,1.2797773715741576,0.037913719501595056
2023-12-12,224.25836992331844,238.35070653569556,224.20960452637468,230.93882751464844,6108711,NIACL,0.037913719501595056,0.02024994453773732,0.7153207809767537,197.04893112182617,160.33765899658204,124.43259819030762,1.1719872125156048,1.4403280486936099,1.8559351076271016,216.91426060638852,194.13830873921205,22.775951867176474,22.051992699957147,0.7239591672193271,71.29740196675009,0.060509298621839194,8962104.65,0.6816156738361675,0.061233107318967056,0.4758627003636844,1.22896225599768,1.288550278049817,-0.00760141837289352
2023-12-13,232.596734132158,232.6942649207157,226.16008899618296,229.1833648681641,1006148,NIACL,-0.00760141837289352,0.02979839695822073,0.6654854690179293,201.62772216796876,162.17892761230468,125.07865482330322,1.1366659425792636,1.4131513152931696,1.8323139563015614,218.80181510820015,196.7342388228381,22.067576285362037,22.055109417038125,0.012466868323912195,68.40616119166188,0.06104965225926386,8992396.3,0.1118887520560009,0.028510690242686154,0.4626866351470815,1.243242418336666,1.296615540368678,-0.01893618680084208
2023-12-14,232.10910295463236,232.10910295463236,223.38063336176177,224.843505859375,1080086,NIACL,-0.01893618680084208,-0.02598223448935233,0.6083011944372743,205.87980422973632,163.93534942626954,125.7058959197998,1.0921105481938265,1.3715376619275095,1.7886472564725593,219.73130599299628,198.81640675147048,20.914899241525802,21.827067381935663,-0.9121681404098609,67.47287119263513,0.0618901216615771,9005598.4,0.11993495068578675,0.03882019878452565,0.16759782251038668,1.255859733426996,1.3041182215578822,-0.02732593144754536
2023-12-15,226.64771591885477,229.96356931551688,215.9687492113816,218.69944763183597,1559222,NIACL,-0.02732593144754536,-0.017094008888110857,0.5101009765771725,209.57355728149415,165.59034606933594,126.29496696472168,1.0435450467545586,1.3207258322913475,1.73165608169426,219.57255855281778,200.2892245944605,19.283333958357275,21.318320697219985,-2.0349867388627096,55.74388315723907,0.06295101840480646,8881179.4,0.1755647453760477,0.06399110859984657,0.1951220808938785,1.2656145859719476,1.3111397076939,0.009810512153094475
2023-12-18,220.4061424089427,223.1856063519419,217.62667846594348,220.84500122070312,1049860,NIACL,0.009810512153094475,-0.0074511977169583465,0.4902930101002778,213.20635833740235,167.36139709472656,126.90557998657226,1.0358274628527377,1.3195695366698263,1.7402308176210257,219.76831896326166,201.8118747149229,17.956444248338755,20.64594540744374,-2.689501159104985,50.14849484509804,0.06301555309780894,8755875.6,0.11990348515230162,0.025171173697715134,0.5789466639539979,1.2739279310433071,1.3187867476941115,-0.004416063291172501
2023-12-19,222.4053873593027,225.47741368402083,217.28533356403332,219.86973571777344,891298,NIACL,-0.004416063291172501,-0.047930839157711125,0.45451620880923427,216.64167098999025,169.08563568115235,127.51684398651123,1.0149004792708247,1.300345442308213,1.7242407265116388,219.78392154087885,203.14949404846737,16.634427492411476,19.843641824437288,-3.2092143320258124,47.10048604585187,0.0632910554840389,8687229.25,0.10259865077233918,0.037258789133684724,0.31547569309466855,1.2812541415316623,1.3259866727805645,-0.05145258474981185
2023-12-20,221.57642629456575,228.93955445122089,206.75265407309405,208.55686950683597,2703005,NIACL,-0.05145258474981185,-0.08999996737631177,0.2968466510136538,219.02859191894532,170.53680541992188,128.07947410583495,0.9521901578220228,1.2229434519621454,1.6283395209329228,218.05668276641072,203.5500403787169,14.50664238769383,18.776241937088596,-4.269599549394766,29.600396438842992,0.06439606578604759,8487085.1,0.3184844935748317,0.1063829756871164,0.08131894960508404,1.284347923485605,1.3314920802922994,0.011924217347943689
2023-12-21,208.55687544325576,211.775183245264,203.8756801660944,211.0437469482422,1193573,NIACL,0.011924217347943689,-0.061374949916337185,0.2264097054658063,220.9766502380371,172.11280670166016,128.6622287750244,0.9550499870502375,1.2261943256440226,1.6402929512224451,216.97776956361557,204.10512975423728,12.872639809378285,17.595521511546533,-4.722881702168248,40.71294364502878,0.06307689387288579,7822219.8,0.1525875046364716,0.03743064266721401,0.9074073027516681,1.2839059130624566,1.3377104402770168,0.005314235892323715
2023-12-22,214.262061219828,217.4803837766004,208.89819525224368,212.165283203125,1018764,NIACL,0.005314235892323715,-0.029877370516777635,0.24885194152542933,223.0905014038086,173.6654022216797,129.2354511642456,0.9510278647816196,1.2216899882700938,1.641695690244341,216.23738704661702,204.7021781578586,11.535208888758405,16.38345898698891,-4.848250098230505,32.71824749951806,0.0628320130574838,7722498.95,0.13192154593947855,0.040450484616468656,0.3806823797460453,1.284599572222445,1.343790737426745,-0.02206392134209556
2023-12-26,210.8486888919159,211.58012514955283,205.533588395976,207.4840850830078,1391536,NIACL,-0.02206392134209556,-0.060499065244148276,0.017942581224734244,223.27336044311522,175.13997772216797,129.778058052063,0.9292827620421373,1.1846757535401122,1.5987609014751287,214.89072520606175,204.9082453374993,9.98247986856245,15.103263163303618,-5.120783294741168,35.21772036668894,0.045231233627182225,6048944.4,0.2300460887026834,0.02914217131958718,0.3225808039416926,1.2748280737896593,1.3495345850521756,0.002350180843389449
2023-12-27,211.48261021022168,214.21329367965689,206.99646185710588,207.97171020507807,1012111,NIACL,0.002350180843389449,-0.054113975594930364,-0.05683330509985263,222.6467628479004,176.61162719726562,130.33199481964112,0.9340881832050373,1.177565223227262,1.5957072589342167,213.82626135975656,205.13516866102367,8.691092698732888,13.820829070389474,-5.129736371656586,37.95325953507646,0.041142731231142864,3566250.1,0.2838025858029419,0.0347010264782387,0.1351352465945996,1.2606574458385802,1.3550903401859857,0.0009378094818983662
2023-12-28,210.26354083452168,211.580117119636,206.94768766374605,208.166748046875,931536,NIACL,0.0009378094818983662,-0.0018705759291625101,-0.07995693828015726,221.74221954345703,178.10960845947267,130.8705651473999,0.9387781383061267,1.1687564182941965,1.5906307718043105,212.95556700392865,205.35973009701266,7.5958369069159914,12.575830637694779,-4.979993730778787,28.372094783330567,0.04061596595698153,3053983.15,0.30502329392354377,0.02225345545988355,0.263157894736846,1.2449761776547423,1.3609600314544932,-0.014523234007818075
2023-12-29,207.82542657925,210.5073595061562,203.87566783794816,205.14349365234372,924302,NIACL,-0.014523234007818075,-0.027957489294129556,-0.17574449501959477,219.55522537231445,179.43692138671875,131.39834491729735,0.934359422803389,1.1432624460281655,1.5612334674493948,211.75370956522326,205.34371258259273,6.409996982630531,11.342663906681931,-4.9326669240514,31.57350355890962,0.03254572587256894,2521306.95,0.3665963797069611,0.03232708749440898,0.19117683357829332,1.2235788692514042,1.365594989036255,0.02971240417117027
2024-01-01,207.2402758332489,213.3843434577035,205.48482581467488,211.23880004882807,1222181,NIACL,0.02971240417117027,-0.004366799036626179,-0.06335133142680405,218.8408561706543,180.8812643432617,131.9642914199829,0.9652621715394036,1.1678312887505933,1.600726967695754,211.67449271654706,205.7803857282398,5.894106988307271,10.252952523007,-4.358845534699729,39.41338929007083,0.02683941874077232,2108068.75,0.5797633497484368,0.037396149008622634,0.7283956431480492,1.2098591690256872,1.3706834053130184,-0.013619651790779619
2024-01-02,212.11651319554977,215.9687411486265,206.70388195157952,208.3618011474609,1222196,NIACL,-0.013619651790779619,0.004230281392917146,-0.11678379971600383,217.46331787109375,182.24856201171875,132.4995112991333,0.9581468874257314,1.1432836497994594,1.5725476954934536,211.1648478597646,205.97160168521913,5.1932461745454646,9.241011253314692,-4.047765078769228,26.30499578181231,0.024305262255763946,1888460.45,0.6471917375870911,0.04446524816940936,0.1789470471833858,1.1932237789459796,1.3754659185140017,0.0227007310548899
2024-01-03,210.0197399802276,216.5051356125751,208.751914137806,213.09176635742188,1310544,NIACL,0.0227007310548899,0.02461900297542874,-0.05859545080691109,216.80014877319337,183.7094839477539,133.0648695755005,0.9828949267943029,1.159938843538552,1.6014126571289684,211.46129685940417,206.49902129056747,4.962275568836702,8.385264116419094,-3.422988547582392,34.10404955366545,0.023670314125079018,1704050.9,0.7690756185745391,0.03638442539241281,0.5597482586740014,1.180124967499502,1.3806009394802574,0.04324941844653374
2024-01-04,214.0670156385353,225.7699959923505,212.60414309430843,222.307861328125,3121729,NIACL,0.04324941844653374,0.06793166254422967,-0.0010955666062193448,216.78795776367187,185.24647521972656,133.69120803833007,1.0254622241078104,1.2000652701458356,1.6628457816342568,213.12999908536122,207.6700464785347,5.459952606826533,7.800201814500582,-2.3402492076740486,47.715291335551456,0.02552938956780361,1716480.3,1.8186803542108814,0.05922351472136807,0.7370368109809009,1.1702676529015354,1.385629451164921,0.005483635029810863
2024-01-05,224.1120714602244,228.35439280965065,220.89374896269192,223.52691650390625,1591835,NIACL,0.005483635029810863,0.08961250744182458,-0.03168567438728209,216.4222396850586,187.01460021972656,134.32364177703857,1.0328278499898462,1.1952377848642874,1.6640921400488426,214.72952484206044,208.84462944337704,5.884895398683398,7.417140531337146,-1.532245132653748,54.77337364794419,0.024052199236280953,1593629.6,0.9988738913986035,0.03337693716554423,0.35294105914032103,1.1572478268048618,1.3922686858814384,-0.030977277722939234
2024-01-08,224.2583516330798,224.3071170260463,214.8959765467448,216.6026611328125,817294,NIACL,-0.030977277722939234,0.025392404628054033,-0.026517644998258372,216.12722702026366,188.6842254638672,134.92073329925537,1.0021997881484144,1.1479638035469566,1.6054067883872665,215.0176996560223,209.4192984574093,5.598401198613004,7.053392664792318,-1.4549914661793135,46.16739157765186,0.023685294670945087,1550184.2,0.5272237970171545,0.04344886821834084,0.18134726495915238,1.1454440692587298,1.398482063133795,-0.0033768285665817244
2024-01-09,218.55316407706096,219.86974043830284,213.77443817021333,215.8712310791016,409218,NIACL,-0.0033768285665817244,0.036040338921461634,-0.0298049280236915,215.7956428527832,190.35775177001952,135.5235400390625,1.0003502768884447,1.134029106100739,1.592868892126638,215.14901218264987,209.89721939234948,5.251792790300385,6.693072689893932,-1.441279899593547,46.37169175759847,0.023689256478515056,1528257.45,0.26776771152007145,0.028235824836965018,0.34400146484375616,1.1336320210037805,1.4046102375657536,-0.0259769029323329
2024-01-10,216.89524240698856,216.89524240698856,208.5081149332664,210.26356506347656,650247,NIACL,-0.0259769029323329,-0.01327222230258085,-0.08952700883466835,214.76187973022462,191.89571868896485,136.09254081726075,0.9790544082013127,1.095717853946931,1.545004331617333,214.39740493354628,209.92435610872928,4.473048824816999,6.249067916878547,-1.7760190920615475,51.72755399977015,0.022403737664688946,1255334.25,0.5179871416716305,0.03988863915243788,0.2093029032538485,1.1191593079693587,1.4100384748245256,-0.009276454946877788
2024-01-11,208.60562719084515,211.4338564847075,207.0452386766439,208.3130645751953,1031575,NIACL,-0.009276454946877788,-0.06295232507443116,-0.09106376592809973,213.71836471557617,193.40637908935548,136.65419227600097,0.9747083029220516,1.077074425135444,1.5243810753677038,213.46135257072305,209.80500118031935,3.6563513904036995,5.7305246115835775,-2.074173221179878,47.20560110228214,0.02241930607186029,1256605.6,0.820921854876343,0.021067415128346062,0.2888895670572935,1.105022314785369,1.4152978102474303,0.007022484975650167
2024-01-12,210.16603335481813,212.06776478714323,208.99573823347265,209.77593994140625,364103,NIACL,0.007022484975650167,-0.06151821345533437,-0.06701356955087034,212.96498641967773,194.8936331176758,137.20056823730468,0.9850254892511437,1.076361174994078,1.5289728215890028,212.89436601236662,209.8028484959554,3.0915175164112156,5.202723192549105,-2.1112056761378897,47.57186798136987,0.022292022365949966,1220806.45,0.2982479327497,0.014644322673651936,0.2539697148780771,1.0927241850486236,1.4205016467612883,0.008600528547100694
2024-01-15,211.14126512559577,215.91997602818887,207.33780256076523,211.5801239013672,1019951,NIACL,0.008600528547100694,-0.023187790977164835,-0.032553002797033215,212.6090202331543,196.45207946777344,137.7530813217163,0.9951606176884744,1.0770062830313556,1.5359375040564867,212.6921749183667,209.9344985259859,2.7576763923808016,4.713713832515445,-1.9560374401346436,54.42105256223348,0.02168702648548719,1193842.9,0.8543427280088528,0.0405622858573635,0.4943178271454236,1.0822436739237025,1.426117496486109,0.03065227715189156
2024-01-16,213.77443484046125,223.33187162418068,211.9702343258744,218.06553649902344,3123417,NIACL,0.03065227715189156,0.010164881206971899,-0.012585590374771582,212.4700469970703,198.1197540283203,138.3497970199585,1.02633542742159,1.1006753847869808,1.5761897826822622,213.51884593077543,210.5367976350998,2.9820482956756393,4.367380725147484,-1.3853324294718448,59.64586522452619,0.022731118526564384,1297520.75,2.407219306512054,0.0521019390808559,0.5364809677613707,1.0724324186607799,1.4320205616184556,-0.0035778103962713637
2024-01-17,215.91998271167336,229.18336646823624,212.65290960770653,217.28533935546875,3883931,NIACL,-0.0035778103962713637,0.03339510718308425,-0.011754215985514405,212.34082717895507,199.76792358398438,138.95390666961669,1.0232857347416593,1.0876888314060082,1.5637224210766276,214.09830645765135,211.03668961438638,3.0616168432649715,4.106227948770982,-1.0446111055060108,58.617534088228226,0.022724069788225804,1447152.4,2.6838438024910163,0.0760771845425183,0.2802360386556051,1.0629375495795494,1.4376560427261822,-0.007181314173050013
2024-01-18,217.87048859167663,220.113562908326,208.70315950063477,215.72494506835935,1037623,NIACL,-0.007181314173050013,0.035580487994254284,0.03436988471525004,212.69923095703126,201.3292965698242,139.56006732940673,1.014225317589133,1.0715029990359226,1.5457497921606684,214.34855855160643,211.38396779616215,2.964590755444277,3.8779005101056416,-0.9133097546613644,60.28436972038193,0.019396176905948637,1363883.3,0.7607857651750703,0.052893296155785245,0.6153845150638155,1.0564743163609265,1.4425995947295023,0.09810118300295323
2024-01-19,217.48038124233057,237.27792565002903,216.99275706914148,236.8878173828125,7328949,NIACL,0.09810118300295323,0.12924207346647587,0.12245835665961935,213.99143447875977,203.2739416503906,140.2879032897949,1.1069967261064617,1.1653624437028636,1.6885833477279195,217.81613683333043,213.27314183961775,4.542994993712682,4.01091940682705,0.5320755868856324,69.28152452302452,0.028961200211387643,1670652.1,4.386879231169673,0.08563196201899471,0.9807687934334404,1.052724381400554,1.4489769743759335,-0.06545899818869072
2024-01-23,234.05960687981823,237.7655536316372,218.6506797840084,221.38137817382807,2683583,NIACL,-0.06545899818869072,0.04632407851802722,0.04343827996534033,214.4522392272949,204.87822540283204,140.92450901031495,1.0323108724418077,1.080551033368956,1.5709217632088688,218.3646355010993,213.87375193844815,4.490883562651135,4.1069122379918666,0.3839713246592682,58.22552200311298,0.03310023208310755,1753893.05,1.5300722013808081,0.08634363922253599,0.1428572540727712,1.0467302652863106,1.453815428144128,0.037665222680575816
2024-01-24,219.38211838086784,233.5232197797467,216.01751447252883,229.71975708007807,2912763,NIACL,0.037665222680575816,0.053443660874430865,0.10716808466622618,215.56402282714845,206.79166290283203,141.6054500579834,1.065668352572361,1.1108753315070519,1.6222522296000215,220.11157728248065,215.04753009708742,5.064047185393235,4.29833922747214,0.7657079579210953,60.047153946238694,0.03344682797981439,1829954.4,1.5917134328593108,0.07620461352444997,0.782730108103647,1.0424212456207116,1.4603368925289015,-0.017618433423133073
2024-01-25,230.84127389563417,235.96132756516204,224.11206645384087,225.6724548339844,1050944,NIACL,-0.017618433423133073,0.03859954612397809,0.0851113096653957,216.44906005859374,208.61245147705077,142.25894512176512,1.0426123115198276,1.0817784520345872,1.586349840010569,220.9670969057889,215.8345615590798,5.132535346709119,4.465178451319536,0.6673568953895828,52.168440149431234,0.03384541172153387,1831896.05,0.5736919406535104,0.052506457290226495,0.13168655543025296,1.0375653923150654,1.466427656260849,0.026793498435056406
2024-01-29,227.62295450430295,237.52173399267667,225.28236446233257,231.7190093994141,2102914,NIACL,0.026793498435056406,0.07414100546409452,0.11314132335504223,217.6266731262207,210.49468078613282,142.92849422454833,1.064754637245316,1.1008307123677186,1.6212233302855,222.62123728942353,217.01118732503048,5.610049964393056,4.69415275393424,0.9158972104588159,54.97041969025989,0.03418913864443831,1890464.95,1.1123792588696235,0.05281987680711643,0.5258967727972962,1.033882054945294,1.4727271978072782,0.036616245675192616
2024-01-30,234.0596215337133,243.22695075800644,229.37842612681703,240.2036895751953,2830449,NIACL,0.036616245675192616,0.013997647616569298,0.17090571725500614,219.3796829223633,212.50271728515625,143.6414279937744,1.0949222205786553,1.130355849769522,1.6722452075985073,225.32622994877303,218.72915045467232,6.597079494100711,5.074738101967535,1.5223413921331765,64.05343645312499,0.034490766444783966,1985772.3,1.42536432802492,0.057653255267147555,0.7816907386652445,1.03236177741661,1.4793971366976828,-0.012383377983557153
2024-01-31,242.1541635414637,249.02966725060912,235.13237853512504,237.22915649414065,3027687,NIACL,-0.012383377983557153,0.07158586892466157,0.12303779627277223,220.6792007446289,214.35081268310546,144.33588432312013,1.0749955396506237,1.1067331797097422,1.643590972589071,227.15744941729113,220.09952127241073,7.057928144880407,5.47137611055011,1.586552034330297,62.38686482398462,0.03441100743887884,2076047.6,1.45838997140528,0.05858170606372042,0.15087676466557273,1.029523508599332,1.4850833088966646,-0.013977314024204102
2024-02-01,237.22916862027088,240.10614836729587,229.6709936693681,233.913330078125,1332461,NIACL,-0.013977314024204102,0.018255169043144504,0.12263058194904386,221.9567771911621,216.0652996826172,145.01328090667724,1.0538688344562925,1.082604797816795,1.613047636848235,228.19681567280404,221.12276636913032,7.074049303673718,5.791910749174832,1.2821385544988857,64.09063544414687,0.034422034868100145,2081560.85,0.6401258939895992,0.044611201484081826,0.4065427424472536,1.0272671156229114,1.4899690451225995,0.009380848108096362
2024-02-02,235.181137644922,242.49550039416616,232.69426621506625,236.10763549804688,1613433,NIACL,0.009380848108096362,0.04624038264545449,0.10800919028480971,223.10757064819336,217.76418273925782,145.70020709991456,1.0582681475670435,1.0842353987145479,1.6205030877968143,229.41386487668754,222.23275667497597,7.181108201711567,6.069750239682179,1.1113579620293876,66.51215814150302,0.03421736179561579,2096705.3,0.7695087144578687,0.04151172052706015,0.34825912947364046,1.0245374966705774,1.4946044832312768,0.0972738641100459
2024-02-05,237.91184975156017,259.7086430711661,237.0828975208959,259.0747375488281,7739988,NIACL,0.0972738641100459,0.11805560631523737,0.16538720673685692,224.9459144592285,219.7293084716797,146.5029301071167,1.151720128688025,1.1790631816520714,1.7683928735036474,233.97707605701686,224.96179229526132,9.01528376175554,6.6588569440968515,2.356426817658689,73.32717214410829,0.03911985902158259,2327618.25,3.3252823997234082,0.08733288997737913,0.971982999590907,1.0237410567749599,1.4998287632269403,0.03952570752969509
2024-02-06,263.31707792000407,282.1393608442125,260.5863942020181,269.3148498535156,7621909,NIACL,0.03952570752969509,0.12119364331915117,0.20484304112345786,227.23531112670898,221.67395385742188,147.35372951507568,1.1851804568496074,1.2149142701119313,1.8276758297180538,239.4136566410936,228.24720396624312,11.16645267485049,7.56037609024758,3.60607658460291,75.2991437332833,0.03972272120926036,2629121.95,2.8990321274370707,0.08002888312292243,0.4049769944156911,1.0250880050295132,1.5043660895922049,-0.01195003823835461
2024-02-07,272.2405800040572,281.84678252347766,263.658406143524,266.0965270996094,3553419,NIACL,-0.01195003823835461,0.12168559308679128,0.2285007289751122,229.71000442504882,223.59811920166015,148.18843730926514,1.1584019937034695,1.19006603476669,1.7956632240089916,243.51871363471142,231.05085753167765,12.467856103033768,8.541872092804818,3.92598401022895,71.66739516356074,0.038906829033959964,2765928.2,1.2847112228003603,0.06835255077622672,0.1340483012421349,1.0273342425473464,1.5088769627485652,0.11563124788475787
2024-02-08,270.14380095641127,306.66686465125395,270.14380095641127,296.8656005859375,20964304,NIACL,0.11563124788475787,0.2691264772588504,0.3751976078607584,233.7597229003906,225.4588931274414,149.16881965637208,1.2699604401586218,1.3167171916262945,1.990131726387608,251.72592701182313,235.92602368384505,15.799903327978086,9.993478339839472,5.806424988138614,78.25483906129763,0.045180210144841346,3793682.5,5.526109261911085,0.12302895189862147,0.731641788125774,1.0368174865839386,1.5114344515617437,-0.04418519829780798
2024-02-09,303.3022537589746,316.6631688037272,275.4101434415575,283.74853515625,9670302,NIACL,-0.04418519829780798,0.20177619227649757,0.3494897942522235,237.4339714050293,226.7237905883789,150.08938430786134,1.1950629199231753,1.251516368969856,1.8905303427338258,256.6524821109657,239.46843194106023,17.184050169905476,11.431592705852673,5.752457464052803,72.32000379710941,0.046262160938904166,4244685.25,2.278214150271802,0.14538586195503406,0.2021280049520693,1.0472388927022436,1.510591782582878,-0.15191621265597122
2024-02-12,283.74852167929333,283.74852167929333,235.03485428985007,240.6425323486328,5656098,NIACL,-0.15191621265597122,-0.0711462853329008,0.155196544390366,239.05044479370116,227.0114889526367,150.79802375793457,1.0066600484943904,1.060045610285566,1.5957936738940246,254.18941291676066,239.55540234162117,14.634010575139484,12.072076279710036,2.561934295429449,51.076925258448675,0.05948321676276513,4475911.4,1.263675147814588,0.20243166041350055,0.11511508698271358,1.0530323636773125,1.5054009548363991,-0.027355644300724347
2024-02-13,243.6658028999227,249.37099674149067,226.89151960221352,234.05960083007807,4491914,NIACL,-0.027355644300724347,-0.13090718555851422,0.11575999085240496,240.26462783813477,226.71501342773436,151.47350822448732,0.9741741967434465,1.0323956816591011,1.5452180620468379,251.09251874957872,239.14830593335873,11.944212816219988,12.046503587012026,-0.10229077079203819,53.832543742973805,0.06003601975793577,4682301.95,0.9593388141061684,0.09604167938232425,0.3188722399303565,1.0597649630941595,1.4967304585811623,0.045625004481943066
2024-02-14,233.03559093300703,251.51654424295344,230.15861126837416,244.7385711669922,5076141,NIACL,0.045625004481943066,-0.08026394092930855,0.15671815789786825,241.92255020141602,227.0992611694336,152.20190689086914,1.0116401755984783,1.077672247398455,1.607986234643388,250.11498835225774,239.56239965436862,10.55258869788912,11.747720609187446,-1.1951319112983256,54.47673928343465,0.06064815387425192,4885111.45,1.039104440493369,0.08726835689502392,0.6826484527304885,1.0652722908725059,1.492092088782218,-0.014544752174782904
2024-02-15,246.68905628396587,249.95612918381104,238.05811769552204,241.1789093017578,2189183,NIACL,-0.014544752174782904,-0.187582162346423,0.10599278168303261,243.07821884155274,227.20458801269533,152.8992897415161,0.9921864264562801,1.0615054537907556,1.577371024479465,248.74020695987315,239.6821411097308,9.058065850142356,11.209789657378428,-2.1517238072360723,54.6355688269741,0.060644205956090366,4838399.75,0.4524601341590264,0.04933271952649254,0.26229522549272277,1.0698649220409688,1.4859754312580264,0.15588361587232513
2024-02-16,243.32446590502792,287.69826630053404,240.74006370256845,278.7747497558594,16282604,NIACL,0.15588361587232513,-0.017528849612040265,0.28298922781806635,246.15268936157227,228.25298004150392,153.7884969329834,1.1325277431617606,1.2213411176720188,1.8127152245810776,253.36090585156333,242.5778898983329,10.783015953230432,11.124434916548829,-0.3414189633183966,61.83468115021996,0.06909798846213791,5458333.4,2.9830724521151453,0.16844496368157394,0.8099689500240524,1.0784204846605445,1.4842006040345785,0.03708243480956708
2024-02-19,281.8467838519657,299.10869220730234,271.46039448252907,289.1123962402344,7528740,NIACL,0.03708243480956708,0.20141852489060597,0.3401899170660114,249.82206192016602,229.5841943359375,154.72554721832276,1.1572732768998764,1.2592870213756642,1.868549838329461,258.8611351421281,246.02489036810337,12.83624477402472,11.466796888044007,1.3694478859807138,62.187117950237266,0.06906587405870579,5782889.25,1.3018993922458397,0.09563165773701125,0.638448049620388,1.0881500908316695,1.4838156882520943,-0.0578512893941977
2024-02-20,287.2106592015692,289.3562176268084,271.1190602989346,272.3868713378906,4301281,NIACL,-0.0578512893941977,0.16375004644922586,0.1498559712663965,251.5970146179199,230.41510620117188,155.55589946746827,1.0826315715690926,1.182157176361839,1.7510545872601602,260.94201763378385,247.9776296991987,12.964387934585147,11.766315097352235,1.1980728372329121,58.1987732527306,0.06822717670487163,5631505.85,0.7637887830659006,0.0669531436603308,0.06951801841498108,1.0919293390349782,1.4812366936257475,0.0014321769593952371
2024-02-21,277.84825114150186,307.10570187094504,268.58339174384486,272.7769775390625,31554772,NIACL,0.0014321769593952371,0.1145647220149002,0.23215863858647934,254.16679458618165,231.4205874633789,156.39132640838622,1.073220355094696,1.178706616075063,1.74419505098868,262.7627806961344,249.8146184280775,12.948162268056933,12.002684531493175,0.9454777365637579,59.18837656842904,0.06597650110605217,7075065.3,4.459997280873154,0.14122273248512576,0.10886122305182015,1.0982894710108806,1.47975333912744,0.009653117418907842
2024-02-22,277.70196528776705,281.8467707398233,263.90220720571745,275.4101257324219,6037498,NIACL,0.009653117418907842,0.14193287684137723,0.19889612122659783,256.4513130187988,232.47873168945313,157.1596530151367,1.0739275322494968,1.1846680499802316,1.7524225871502526,264.7085260863325,251.71058193210303,12.997944154229458,12.201736456040432,0.7962076981890256,59.27288845265229,0.0657122180153724,7231302.05,0.8349116048886382,0.06515578716063658,0.6413038971291902,1.103117309506697,1.4792520041200532,-0.009383754851579051
2024-02-23,277.9457988176525,281.5054495869083,270.7289664850065,272.82574462890625,1962650,NIACL,-0.009383754851579051,-0.021339827700188163,0.20894570331859996,258.8089775085449,233.31647003173828,157.9525472640991,1.0541587361276854,1.1693377008138066,1.7272639748742853,265.95732893903613,253.27466805779216,12.682660881243976,12.297921341081143,0.3847395401628333,53.58961420687173,0.06554803102443742,7276887.35,0.2697100979582981,0.039499509536975105,0.19456979833520388,1.109261499941855,1.477130151257577,-0.05040216090597338
2024-02-26,272.3868725668052,276.0928344305548,257.66064519318496,259.0747375488281,2825736,NIACL,-0.05040216090597338,-0.10389612857155672,0.11805560631523737,260.1767639160156,233.91429748535157,158.69086517333983,0.9957643167260578,1.1075626429592325,1.6325749895297241,264.89846872515795,253.70430283490595,11.194165890252009,12.077170250915318,-0.8830043606633087,47.37499898300651,0.06686388128541229,7313028.45,0.3863975122372182,0.07114622371814958,0.07671863268288295,1.112273882840824,1.4740249681659012,0.024656508304924163
2024-02-27,261.8054346103231,277.9457830920068,261.2690301540428,265.4626159667969,8048682,NIACL,0.024656508304924163,-0.025420664869359122,0.10515627980682751,261.4397102355957,234.7266796875,159.46905296325684,1.0153875083765045,1.1309435140488364,1.6646654070740732,264.985260608487,254.57528899282377,10.409971615663238,11.743730523864903,-1.3337589082016645,49.84009848430729,0.06664485637213285,7573940.1,1.0626809683905476,0.06282147441826566,0.25146296934144313,1.1138048328535117,1.4719262159384818,-0.05565764640814996
2024-02-28,266.4866276786433,267.1693134696246,249.1272030274722,250.6875915527344,2880395,NIACL,-0.05565764640814996,-0.08097965666169471,0.05673179156174313,262.1126319885254,235.36644256591796,160.15870624542237,0.9564117137388055,1.0650948742725952,1.5652448588626104,262.78561921529433,254.287311404669,8.498307810625334,11.09464598121699,-2.5963381705916557,37.32941114407516,0.06799974098004734,7566575.5,0.3806735292603636,0.07197049654672318,0.08648592027330722,1.1136363753941547,1.4695825664653506,0.004084834545027505
2024-02-29,250.98017261317864,255.32000997885248,244.93362084702636,251.71160888671875,2348511,NIACL,0.004084834545027505,-0.08604809566343874,0.07608920279425413,263.0025459289551,235.98377471923828,160.85420055389403,0.9570690960334416,1.0666479472421044,1.5648432432598056,261.0819253185904,254.09651862556157,6.985406693028807,10.272798123579355,-3.2873914305505476,40.58469315089626,0.06785497984155012,7617378.0,0.3083096309517527,0.04126305170335013,0.6525836798202738,1.1144941902970338,1.467066286777958,0.04145676948567223
2024-03-01,254.9787070751402,264.97500321396245,254.00345867135263,262.1467590332031,2509449,NIACL,0.04145676948567223,-0.039142147711274555,0.11028497015875471,264.3045021057129,236.82931518554688,161.61196395874023,0.9918361471132007,1.1069016469849646,1.6220752016857463,261.24574589006926,254.6928327298313,6.552913160237949,9.528821130911073,-2.9759079706731235,57.821920966518555,0.0683203194770796,7662178.8,0.32751115126679115,0.041852680472086935,0.7422200520833352,1.116012609750783,1.4654194490576808,0.026041600577414004
2024-03-04,265.51136052304344,276.9217780041273,256.92918703728657,268.9734802246094,4162026,NIACL,0.026041600577414004,0.03820805829790963,0.03820805829790963,264.79943923950196,238.03764739990234,162.40145778656006,1.0157630280377299,1.1299619331757844,1.6562257746362974,262.4346280953831,255.75065847018524,6.683969625197875,8.959850829768435,-2.2758812045705596,62.677048613573525,0.06517575090067199,7483280.7,0.5561766512380057,0.07432922736526179,0.6024378334603655,1.112426719604735,1.465735903139176,-0.011965091255987992
2024-03-05,268.9247452762149,268.9247452762149,259.7574163035584,265.75518798828125,1527580,NIACL,-0.011965091255987992,0.0011021213680835196,-0.013217473403975055,264.62145614624023,239.13187622070313,163.1587589263916,1.0042843534252734,1.111333178112175,1.6288134926803137,262.94548346352127,256.49173473078497,6.453748732736301,8.458630410362009,-2.0048816776257077,58.068146045952666,0.0647093673689746,7178564.25,0.212797426727775,0.034495390445814116,0.654255094653251,1.1065921462599653,1.4656392203166149,-0.045137631303407644
2024-03-06,265.17001594116164,266.4378566321135,251.41900848559268,253.75962829589844,1826715,NIACL,-0.045137631303407644,0.012254442767335005,-0.04636249461118591,264.0046112060547,239.9637631225586,163.8534387588501,0.9611939243661162,1.0574914520168355,1.5486988263295896,261.5322749761947,256.2893564763489,5.242918499845757,7.815488028258759,-2.572569528413002,54.5358710606486,0.06548831758731744,7092229.05,0.25756570848483806,0.059185333172887385,0.15584549410654835,1.1001853270288044,1.464502453779583,-0.009223715786357611
2024-03-07,238.93585419036677,257.07548009358936,238.83832339947796,251.4190216064453,1701600,NIACL,-0.009223715786357611,-0.0011623908868069188,-0.15308806035388456,261.7322822570801,240.84246185302734,164.53425270080567,0.9605961459484588,1.0439148465434316,1.5280649316445596,259.9763898423871,255.92859093043015,4.04779891195696,7.061950204998399,-3.014151293041439,36.775097317597265,0.05953114041610681,6129093.85,0.27762668375521776,0.07253690105698782,0.6898387954866636,1.0867364510532227,1.463783120533467,-0.025213271568842455
2024-03-11,253.95467703543952,259.41607401988085,242.8368512441742,245.07992553710935,1822480,NIACL,-0.025213271568842455,-0.06510411785763148,-0.1362777418316794,259.79885177612306,241.58462615966798,165.1951467514038,0.9433449141965513,1.0144682194103332,1.483578242803472,257.6846261031136,255.12498608648048,2.559640016633125,6.161488167325345,-3.60184815069222,27.85677628784211,0.059049680752086005,5736702.75,0.3176877170426862,0.06764822838660554,0.1352942971622228,1.0753948043217656,1.462419634659243,-0.0421806527112748
2024-03-12,247.51805470713103,247.51805470713103,233.0843749554265,234.74229431152344,2000622,NIACL,-0.0421806527112748,-0.12726602594612968,-0.024518683291453014,259.50383987426756,242.11613708496094,165.80963958740233,0.9045811978167978,0.96954419122072,1.4157336985693465,254.15503659671512,253.61515706611328,0.5398795306018371,5.037166439980644,-4.497286909378807,29.76938123741364,0.04898233478723879,5553928.95,0.36021742770043896,0.06148734208310058,0.11486463497994245,1.0718155468637975,1.460205436109977,-0.09555474620469473
2024-03-13,237.8630566821181,245.0799030994905,205.82615865077756,212.31155395507807,5116595,NIACL,-0.09555474620469473,-0.20110099990055452,-0.0929167049669054,258.41643753051756,242.25949829101563,166.31053680419922,0.8215868773053775,0.8763807217169978,1.2765971298922376,247.71757772877095,250.5556309097403,-2.8380531809693537,3.4621225157906443,-6.3001756967599984,23.7287906363359,0.05317076710973052,5585163.0,0.9161048656950567,0.18488746239885961,0.16521723966420618,1.0666926966887933,1.4566695709498712,0.07923753328470173
2024-03-14,213.0917653324854,232.0603428400936,208.75191313374356,229.1345977783203,3239609,NIACL,0.07923753328470173,-0.09704077312433601,-0.06375772038819671,257.636238861084,242.61741424560546,166.8849753189087,0.8893725463127429,0.9444276639860802,1.3730091480102133,244.85865773639392,248.96888771482028,-4.110229978426361,1.9476520169472433,-6.057881995373604,32.1010937130944,0.05529597455411728,5493336.4,0.5897343188376375,0.10172374635846189,0.874476955391971,1.0619033248795353,1.4538002224704527,-0.0044690646629237385
2024-03-15,229.57345295222464,233.86455457069675,218.69943992936203,228.11058044433597,5851789,NIACL,-0.0044690646629237385,-0.09270754859031649,-0.05418520589240683,256.9828224182129,243.01238983154298,167.45189052581787,0.887649136614702,0.9386788081153516,1.3622454767637615,242.28203046069268,247.42382791700663,-5.141797456313952,0.5297621222950042,-5.6715595786089565,32.493309355861754,0.05522035693779079,5676466.7,1.0308858149383664,0.06648141709075765,0.6205782638347161,1.0574885609591933,1.4512370631854712,-0.012398378402423416
2024-03-18,226.25762754498103,234.2546614044007,222.5516806693155,225.28237915039065,2160748,NIACL,-0.012398378402423416,-0.08077995920445558,-0.1918838440436781,254.30820388793944,243.25620208740236,168.00250186920167,0.885863592704469,0.9261115532398484,1.3409465730801093,239.666699489877,245.783720600961,-6.117021111084,-0.7995945243807967,-5.317426586703204,35.532356566496205,0.04098240580765428,4970373.9,0.43472544389467355,0.05194805194805191,0.23333358764648784,1.045433586916588,1.4479320211361462,-0.03138530704127995
2024-03-19,224.3071248145077,225.96504406517568,215.57865489033887,218.2118225097656,1299146,NIACL,-0.03138530704127995,-0.07041965679955597,-0.2452353294168501,250.763175201416,243.17428131103514,168.52328777313232,0.8701908577066598,0.8973474552214632,1.294846696816908,236.3659491852445,243.74135777939097,-7.375408594146478,-2.1147573383339333,-5.260651255812545,29.88791475036585,0.039700581018350514,4658894.2,0.2788528659869546,0.047597738084846374,0.2535209855034246,1.0312076336751836,1.4429713811327887,0.0013407707159005522
2024-03-20,218.50439453125,223.5269175522874,212.60413907161865,218.50439453125,1463676,NIACL,0.0013407707159005522,0.029168646080760308,-0.1978159833547941,248.06905136108398,243.07383087158203,169.04169143676756,0.8808208574684301,0.898921919104849,1.2926065319985554,233.61801770001458,241.8719530943435,-8.25393539432892,-3.342592949532931,-4.911342444795989,34.37499629591437,0.03838217644160972,4517013.95,0.32403619209544393,0.049988827474619,0.540178991094042,1.0205502191313263,1.4379519561451337,0.02566392903192649
2024-03-21,222.35662578378088,227.9643038463104,222.16157908826247,224.1120758056641,1341063,NIACL,0.02566392903192649,-0.021919526869160655,-0.17840545845343359,245.63580627441405,243.22401916503907,169.59077701568603,0.9123754358324105,0.9214224671355068,1.3214874048541874,232.15556510088373,240.5564066285154,-8.400841527631655,-4.354242665152676,-4.046598862478979,37.17134589717947,0.03914533049458941,3006328.5,0.44607999425212513,0.02589206644571749,0.33613462618512663,1.0099159084602516,1.4341818785495772,0.011096647475398624
2024-03-22,221.86900787993136,230.1098537678212,221.86900787993136,226.59896850585935,1279967,NIACL,0.011096647475398624,-0.006626662978684084,-0.17723080114340317,243.19524841308595,243.43857391357423,170.1494132232666,0.9317573841778498,0.9308260595804619,1.331764619185144,231.3007040862646,239.52252232313344,-8.221818236868842,-5.1277577794959095,-3.0940604573729322,32.158595099070254,0.039182927326224096,2768451.95,0.4623403342795962,0.03636753486667678,0.5739654266413117,0.999000464484422,1.4307341371441527,-0.028190303419640572
2024-03-26,227.28162518753103,232.5967255841977,218.5531556523122,220.2110748291016,1776139,NIACL,-0.028190303419640572,-0.02251087874877078,-0.19285082451207236,240.56451492309571,243.6375241088867,170.67851314544677,0.9153930075659714,0.9038471213928634,1.2902097092997566,229.5946072774703,238.09204473098293,-8.497437453512646,-5.801693714299256,-2.6957437392133894,25.4179087738343,0.03941834473337158,2759126.4,0.643732378480377,0.0637732227717623,0.11805539366633086,0.9873869626732145,1.4274645332846707,0.02302928826456485
2024-03-27,220.40613717743844,233.66952129631215,219.62593548554415,225.28237915039065,3998021,NIACL,0.02302928826456485,0.03240226198243046,-0.13043478773019535,238.87489700317383,243.97691040039064,171.23849689483643,0.943097755254699,0.9233758177389804,1.3156059135974807,228.93118756561188,237.14318061390202,-8.21199304829014,-6.283753581097433,-1.9282394671927063,29.971054818241626,0.038864190173332015,2817740.65,1.4188747285879557,0.06233770197088073,0.40277773362622193,0.9790881301478739,1.4247783928530127,-0.016883108262701674
2024-03-28,227.57421470933556,232.69426868822424,220.4061331864476,221.4789123535156,2462539,NIACL,-0.016883108262701674,0.01361308008768769,-0.16568699684170451,236.67571182250975,244.2109698486328,171.77754077911376,0.9357906252738316,0.906916312935463,1.2893356800253188,227.7846836868278,235.98286444646598,-8.198180759638177,-6.666639016805582,-1.5315417428325953,32.615560089767555,0.03823102766440786,2538433.5,0.97010183642786,0.05548219183126035,0.08730202941796182,0.969144473604959,1.421669961864573,0.05570236313974353
2024-04-01,224.11209225226236,235.522495910199,224.11209225226236,233.81581115722656,1659287,NIACL,0.05570236313974353,0.043298583160583215,-0.0673020163902237,235.83212280273438,244.65568359375,172.36409042358397,0.9914502247550289,0.9556933553421019,1.3565227570465823,228.71254945150451,235.82234198059638,-7.109792529091862,-6.755269719262838,-0.3545228098290245,41.44145708087071,0.039073174324075366,2477378.1,0.669775437184982,0.04880082147337705,0.8504273114137078,0.9639347810710699,1.419412146651369,0.0010426569171901878
2024-04-02,235.42494254914345,241.8615875244141,231.13385581970212,234.05960083007807,2162159,NIACL,0.0010426569171901878,0.03292438784435947,-0.07012790603783736,234.94952239990235,244.97556488037108,172.95546379089356,0.9962122861083771,0.9554406005528608,1.353294054433924,229.53517274051583,235.69176856203947,-6.156595821523638,-6.635534939714999,0.47893911819136115,44.30442915590212,0.039051092434000845,2468060.5,0.8760559151609127,0.04583333333333359,0.27272727272726865,0.9590732957984411,1.4164083603427018,-0.0035416149205992342
2024-04-03,234.98610197387865,238.83833022634687,229.32965820616224,233.23065185546875,1705845,NIACL,-0.0035416149205992342,0.059123170968904404,-0.11030503403657144,233.50371704101562,245.2944711303711,173.55470832824707,0.9988305745664044,0.9508190330613258,1.3438451431369727,230.10370798897014,235.509463620812,-5.405755631841856,-6.389579078140371,0.9838234462985147,49.13359030515302,0.03763149634184351,2427880.3,0.7026067141777954,0.040769392635737624,0.41025641025641,0.9519322468418424,1.4133553246302104,-0.0037633617891104088
2024-04-04,236.49772604014663,239.71604858722404,228.4031617190456,232.35292053222656,1524731,NIACL,-0.0037633617891104088,0.031385239309444035,-0.13614933212673008,231.67268905639648,245.62703063964844,174.14788188934327,1.0029361746462246,0.9459582682213185,1.334227657617265,230.44974068793266,235.27564561425012,-4.825904926317463,-6.0768442477757905,1.2509393214583273,65.25612942988215,0.036914614372324316,2296015.55,0.6640769484335592,0.04868837818894282,0.34913801041280373,0.9431889008839425,1.4104508649477823,0.0037775781824977983
2024-04-05,232.30416883998043,234.44971237087705,230.6950149120854,233.23065185546875,1026782,NIACL,0.0037775781824977983,0.053060308889342434,-0.1223853290655108,230.04646224975585,245.55388732910157,174.74376194000243,1.0138415065138273,0.9498145372175815,1.334700874389711,230.8775731752459,235.12416459508114,-4.246591419835227,-5.710793682187679,1.464202262352452,54.1176564428433,0.03696289260109953,2270975.65,0.45213254488219634,0.016098644963348972,0.6753239032471534,0.9368471611342808,1.4052226219864232,-0.016098654602903606
2024-04-08,235.66877057737287,236.44897227581237,228.45193834930512,229.4759521484375,936534,NIACL,-0.016098654602903606,-0.018561015986514162,-0.09569558526916178,228.8322784423828,245.71577880859374,175.31293796539308,1.0028128623742947,0.9339080838076473,1.3089504677272379,230.66193917112156,234.70577848792234,-4.043839316800785,-5.3774028091103006,1.3335634923095157,51.30113794496368,0.035893375230558876,2226466.6,0.4206368961474652,0.03484911535015367,0.12804920030889766,0.931288497433603,1.4015838286681286,-0.011899778016210671
2024-04-09,231.3289034837917,233.47444685753635,225.3311321397382,226.7452392578125,953320,NIACL,-0.011899778016210671,-0.031249995925506258,-0.09813808911903066,227.59858932495118,245.65628845214843,175.86918144226075,0.9962506355172513,0.9230182572834091,1.2892835310787796,230.05936995368938,234.1161089153216,-4.05673896163222,-5.113270039614685,1.0565310779824646,51.396635023008685,0.035917281165584555,2189052.6,0.43549433211426714,0.03591393911710351,0.17365251953035846,0.9264920135324982,1.396812599214828,-0.015483874267360864
2024-04-10,227.28163412015107,227.8667742096635,222.405392302002,223.23434448242188,767269,NIACL,-0.015483874267360864,-0.04286017851222024,-0.08913655823426336,226.5063102722168,245.60752624511719,176.39393199920653,0.9855546373703113,0.9089067745409121,1.265544352644886,229.00936603503283,233.31005229066236,-4.300686255629529,-4.9507532828176535,0.6500670271881246,55.14484390220118,0.035687615666924556,2136292.05,0.3591592263801197,0.02446479245979794,0.1517843275631333,0.9222287025771462,1.3923808118650136,-0.018348605040394705
2024-04-12,222.6492057469246,224.1608436959655,218.21182268920168,219.1383056640625,830650,NIACL,-0.018348605040394705,-0.05687303106797503,-0.0664728471416961,225.72611083984376,245.35591217041016,176.90300868988038,0.9708150503667012,0.8931445903445832,1.238748324785265,227.49074136257585,232.2602932812846,-4.769551918708743,-4.914513009995872,0.1449610912871293,50.60240893973475,0.03473244920100846,2077793.45,0.399775059450688,0.027147335052793656,0.1557370488030621,0.9199945859998977,1.386951606914335,-0.026257171282450087
2024-04-15,214.4571179527572,216.4563801559262,207.43533242457968,213.3843536376953,1336300,NIACL,-0.026257171282450087,-0.08509301011632053,0.0050529500756433254,225.7797508239746,244.81952545166016,177.38067218780517,0.9450996064038393,0.8715985918362882,1.2029740952372225,225.32052786644036,230.8620755299076,-5.541547663467242,-5.0399199406901465,-0.5016277227770951,39.83365444848107,0.027753623643226838,1888778.7,0.707494213059476,0.04227605059864576,0.6594601192989861,0.9222293459128326,1.3801927934541414,0.012568472043441137
2024-04-16,211.48260477935895,220.40612098170595,209.7759202142352,216.06626892089844,1014554,NIACL,0.012568472043441137,-0.05843611542731475,-0.057033416097489686,225.1263343811035,244.39626770019532,177.8815982055664,0.9597556390499044,0.8840817044962007,1.2146634115081676,223.89679572097236,229.76608985516617,-5.869294134193808,-5.205794779390879,-0.6634993548029291,40.055230868661596,0.02099285223383066,1777525.95,0.5707674759966233,0.049198798223162,0.5917431706381493,0.9211529148934036,1.3739266465200193,-0.0056420429800060345
2024-04-18,217.1878038246544,221.38137469150823,213.48185713112983,214.8472137451172,708574,NIACL,-0.0056420429800060345,-0.05247309955278523,-0.05814446078469093,224.4631660461426,244.01494537353517,178.3870029449463,0.9571602215614803,0.8804674378293986,1.2043882693147956,222.50455234007157,228.66098792108846,-6.156435581016893,-5.3959229397160815,-0.7605126413008119,44.38775673116035,0.020999618955170565,1520365.2,0.46605512938601856,0.036768070773074805,0.172840506214655,0.9198746646544008,1.3678964349708984,-0.006128026202986692
2024-04-19,211.62889307327623,215.0422623163936,209.09324139737407,213.53062438964844,578213,NIACL,-0.006128026202986692,-0.04346875977024023,-0.052164553681746884,223.87557830810547,243.5634051513672,178.90505016326904,0.9537915033134166,0.8766941990195354,1.1935416255425995,221.12394804000647,227.54022025209292,-6.416272212086454,-5.599992794190156,-0.8162794178962987,36.65556714138531,0.02089506406319265,1441238.45,0.40119176670591883,0.027860270329017566,0.7459013933011532,0.9191675496939848,1.3614115695956646,0.010504687635214838
2024-04-22,214.5546364649541,218.26058316193416,213.530622723786,215.7736968994141,495100,NIACL,0.010504687635214838,-0.01535381390511581,-0.011173205843337808,223.7536720275879,242.6973843383789,179.42373874664307,0.9643358919839764,0.889064781178578,1.2025928029740776,220.30083247991533,226.66862592967226,-6.367793449756931,-5.753552925303511,-0.6142405244534199,43.283561713228295,0.019920869633577587,1401036.15,0.3533813171059148,0.021920931541313422,0.47422683655812636,0.9219451319492638,1.3526492427018364,0.01581923980328037
2024-04-23,216.89523311527043,221.38138160238807,216.5051397168729,219.18707275390625,556016,NIACL,0.01581923980328037,0.027193742265017917,0.0031243226211572495,223.7878059387207,241.69482879638673,179.95108306884765,0.9794415376409104,0.9068753098501668,1.2180369743595667,220.1294848297601,226.11443680554143,-5.9849519757813425,-5.799832735399077,-0.18511924038226546,28.197631712403307,0.020246926751008476,1355653.15,0.4101462088588073,0.02224694104560636,0.5500000000000017,0.9259106082374994,1.3431140545228977,0.005784271437565769
2024-04-24,220.2598635688072,223.0393126618664,217.5779303899496,220.4549102783203,905364,NIACL,0.005784271437565769,0.020311552466472982,-0.016318467062502395,223.6049476623535,240.78199645996094,180.49053424835205,0.9859124879974043,0.9155788784855401,1.2214208972032734,220.17955028338474,225.69521261833987,-5.515662334955124,-5.742998655310287,0.22733632035516305,30.324436046919686,0.019409352198734117,1333868.2,0.6787507191490134,0.024773239412185896,0.5267860305557699,0.9286614072059006,1.334042239182742,0.0037601054781397636
2024-04-25,220.8937506077625,223.7707302553505,218.5043951337016,221.28384399414065,802337,NIACL,0.0037601054781397636,0.029959105062723923,-0.023456084318324022,223.33919143676758,239.270361328125,181.03485107421875,0.9907971931419441,0.9248276416930786,1.2223273180887202,220.34944162350104,225.3684445721029,-5.019002948601866,-5.598199513968603,0.579196565366737,32.72211448238245,0.019244377459825747,1309986.7,0.6124772106464897,0.023799004150471734,0.5277766788925528,0.9334177045459044,1.321681211702334,0.07844872775988065
2024-04-26,222.11282265838537,243.42200610846132,219.77223245548288,238.64328002929688,4983018,NIACL,0.07844872775988065,0.11760681031786402,0.08370244418678707,224.26080169677735,238.36825622558592,181.6633215713501,1.064132823140292,1.0011537769670584,1.3136569229555086,223.16387830131578,226.35176571708024,-3.1878874157644645,-5.116137094327776,1.9282496785633114,56.16046667389942,0.02517665183239317,1470330.65,3.3890458584944825,0.09910094116237042,0.7979377667928499,0.9408165552234539,1.3121430025816432,0.03371472108910356
2024-04-29,243.37323315724436,256.7828833331941,243.37323315724436,246.68907165527344,5823386,NIACL,0.03371472108910356,0.14327684606651103,0.09502160171431973,225.33113632202148,238.48918701171874,182.33730796813964,1.0947846608412308,1.0343826265094014,1.3529270252162446,226.78313881730924,227.85823282361306,-1.0750940063038286,-4.307928476722987,3.2328344704191583,61.55778677171454,0.02570247258451164,1561598.9,3.729117637057762,0.05435850921960807,0.24727255778648505,0.944827474760729,1.307956060497453,-0.022929464715657266
2024-04-30,246.78659747372265,247.6155496409786,239.4234694690238,241.0326232910156,1442497,NIACL,-0.022929464715657266,0.099666236072401,0.08828700994471728,226.30882186889647,238.6286474609375,182.9842137145996,1.0650606604750423,1.010074129219844,1.3172317895518248,228.97536719787945,228.83411359897622,0.14125359890323352,-3.418092061597743,3.5593456605009766,59.610688553380555,0.02600537787772803,1510596.8,0.9549186122994567,0.03398743315366045,0.19642798754590685,0.9483723948355458,1.3040941763048832,-0.03216668141694312
2024-05-02,242.7393097597524,242.93437133576228,231.6214844582023,233.27940368652344,1269678,NIACL,-0.03216668141694312,0.0581728635212182,-0.0022941454132133776,226.28200149536133,238.39946411132811,183.58226005554198,1.0309233705947467,0.9785231881963724,1.2707077667305426,229.63752665767083,229.16339434620193,0.47413231146890666,-2.6396471869844134,3.11377949845332,55.014972672092036,0.02427374746927518,1491116.35,0.8514949219086759,0.048495009412669904,0.1465513839451317,0.9491716029600294,1.2985975008652875,-0.03010034079226731
2024-05-03,234.7422716896108,237.6680166999868,221.91776201323955,226.2576141357422,2465018,NIACL,-0.03010034079226731,0.02247687879885718,-0.033333333333333104,225.89190216064452,238.10103820800782,184.14327491760253,1.0016189689475348,0.9502588306149297,1.228704193715379,229.11754011583565,228.94815136764936,0.16938874818629301,-2.0778399999502724,2.2472287481365654,52.20170528732413,0.025195420900754214,1506259.3,1.6365163687288105,0.06961204265726036,0.27554171083686174,0.948722877736059,1.2930205478019734,-0.018103429729891762
2024-05-06,228.939548319085,228.9883137124141,217.77295777771985,222.1615753173828,1151637,NIACL,-0.018103429729891762,-0.06906418948771864,-0.04745978476682111,225.33844833374025,236.96877471923827,184.6770806503296,0.9859017711364894,0.9375141327400663,1.2029731818103997,228.04739168530443,228.44544203059257,-0.39805034528814076,-1.7418820690178463,1.3438317237297055,52.20170528732413,0.02546950463930675,1478548.9,0.7788967953646985,0.050482879042750124,0.391304347826086,0.9509204265444775,1.2831520505130714,-0.026558387909651926
2024-05-07,221.5276571690003,221.86900004458937,213.7744357480595,216.2613220214844,782492,NIACL,-0.026558387909651926,-0.1233445382465469,-0.0692549870855198,224.53386840820312,235.51175323486328,185.1823464202881,0.9631567992598817,0.9182612716819213,1.167829040953287,226.2341501985629,227.5429146225105,-1.3087644239475935,-1.6552585400037958,0.3464941160562023,52.09070588671015,0.02604999623262226,1441436.95,0.542855516503861,0.03742955152991125,0.30722917038178776,0.9533871041428981,1.2717829630495556,0.005411453490611784
2024-05-08,216.31008049114493,220.11354298914432,213.82319429732607,217.43161010742188,633710,NIACL,0.005411453490611784,-0.09791626071753179,-0.06773998881518117,223.7439163208008,234.41264801025392,185.7030763244629,0.9717878085036805,0.9275592078884359,1.170856263724584,224.87991326146428,226.7939291028743,-1.91401584141002,-1.7070100002850408,-0.2070058411249791,51.01448802135665,0.026075799979119085,1421783.35,0.44571488335406373,0.02893024012796719,0.573643209125944,0.9544873888844665,1.26229814093486,-0.025117691039424517
2024-05-09,219.1870617793145,219.2358271719498,210.55610812165665,211.97023010253903,615677,NIACL,-0.025117691039424517,-0.091346142210734,-0.07628564946349936,222.86863021850587,233.19651306152343,186.19890247344972,0.951099443177437,0.908976842405082,1.1384075162997487,222.89380816009117,225.69587732507168,-2.8020691649805087,-1.9260218332241346,-0.8760473317563742,47.98909234096159,0.026387006917372224,1405740.5,0.4379734381985864,0.04094782105059946,0.16292255229558641,0.9557116754987979,1.2524054114377776,0.012422398700344672
2024-05-10,213.57939503912192,216.21256268667003,208.7031531432516,214.60340881347656,738565,NIACL,0.012422398700344672,-0.05150856631624223,-0.053548336821001574,222.26153869628905,231.98037872314453,186.71077835083008,0.9655445115347779,0.92509293240526,1.1493895034288601,221.61836210676586,224.87421299087944,-3.2558508841135847,-2.1919876434020247,-1.06386324071156,50.7362862419848,0.02654610840036212,1395002.75,0.5294362322941657,0.03499203290822497,0.7857149934506108,0.9581049049046757,1.242458420302082,-0.005453330639979437
2024-05-13,214.55463510892133,216.45636639843772,210.55611095672063,213.43310546875,829362,NIACL,-0.005453330639979437,-0.03928883667737415,-0.043905605279494275,221.77147674560547,230.7925259399414,187.21608173370362,0.962401065280273,0.9247834374163884,1.1400361736676954,220.3590918547634,224.02672354479577,-3.6676316900323798,-2.487116452728096,-1.180515237304284,48.36956833680514,0.026380543956563147,1398107.4,0.5932033547637328,0.02764451854251347,0.48760507751713655,0.960912732517675,1.232760155018205,0.03244227438796998
2024-05-14,213.9694811962388,222.99052839826848,213.9694811962388,220.35736083984372,780130,NIACL,0.03244227438796998,0.018940228331501663,0.00556294880571917,221.83242950439453,230.01817840576172,187.76225467681886,0.9933505273875135,0.9579997649191191,1.1735977564773517,220.35882554477575,223.7549188999845,-3.396093355208734,-2.6689118332242234,-0.7271815219845106,50.777195666933494,0.027149162283086073,1395581.4,0.5589999981369772,0.04093826123006709,0.7081084380278696,0.9644126000905581,1.2250501507966807,0.034299656403076195
2024-05-15,224.307126585858,236.01010710338105,219.7722275877615,227.91554260253903,2905242,NIACL,0.034299656403076195,0.04821714970485469,0.06809866195492575,222.55898895263672,229.26723693847657,188.34333477020263,1.0240680175404744,0.994104284790154,1.2101067599796849,221.52139739981627,224.06311324832186,-2.5417158485055893,-2.643472636280497,0.10175678777490749,54.57261473808326,0.02736971422530471,1474028.5,1.97095375021582,0.07124516094953959,0.5015011354742662,0.9707404857518304,1.217283516925115,-0.0025673722655639164
2024-05-16,229.6222232758073,230.792518331025,224.55093478245783,227.3303985595703,739629,NIACL,-0.0025673722655639164,0.07246380045726664,0.05213275396908745,223.1221954345703,228.8000930786133,188.92172939300536,1.0188605311847339,0.9935765125823703,1.2033046663820504,222.41508988593228,224.3051343824884,-1.8900444965561292,-2.492787008335623,0.602742511779494,53.71703564655447,0.027319311046809947,1460282.25,0.5064972884522838,0.02745600055300838,0.4453138783587281,0.9751840238889583,1.2110840495359365,-0.0010725366777807332
2024-05-17,226.5501888143096,228.2081079901531,225.7699871782925,227.08657836914065,782299,NIACL,-0.0010725366777807332,0.05816855204995308,0.056967760533974454,223.7341636657715,228.30759246826173,189.48544715881349,1.014983919525036,0.9946518900842476,1.1984380952422828,223.1337804218105,224.51116727038857,-1.3773868485780554,-2.26970697638411,0.8923201278060544,41.00226956933307,0.027263233055666348,1463968.5,0.5343687381251714,0.010736525378868168,0.5400024414062655,0.9799681265390856,1.2048819362729752,-0.0051534885696113975
2024-05-21,230.9388285691477,231.08510987953704,224.06332423975792,225.91629028320312,1229422,NIACL,-0.0051534885696113975,0.05848757523832626,0.05800416651689955,224.35344696044922,227.58298309326173,190.02216552734376,1.0069659875697359,0.9926765490661681,1.1888944095350513,223.56185886202476,224.615250456523,-1.0533915944982368,-2.026443900006935,0.9730523055086984,31.88775815663884,0.027246699262447573,1496528.95,0.8215156813371368,0.03108136040555901,0.2638881530287634,0.9858094129494336,1.197665453720519,0.05935666451658661
2024-05-22,227.72047887478428,245.27494833836508,227.33038550581463,239.325927734375,11475579,NIACL,0.05935666451658661,0.08608093154790364,0.10915246470444506,225.53105850219725,226.99003204345703,190.62400959014892,1.0611661618749657,1.054345539228596,1.2554867996373469,225.98710022700172,225.70493025488238,0.28216997211933403,-1.5647211255816815,1.8468910977010156,48.689129183301134,0.02999049132825175,2045552.9,5.610013312293219,0.07497960209504297,0.6684778191866071,0.9935725215414726,1.1907735679859892,0.0067238510668901075
2024-05-23,243.81209942591005,250.63883820983557,239.32595084402948,240.93511962890625,2790234,NIACL,0.0067238510668901075,0.057124568503307493,0.09922139386120543,226.61846084594725,226.49363067626953,191.24134944915772,1.063175165560282,1.0637611261275517,1.2598484601938025,228.28679551960244,226.833092430736,1.4537030888664333,-0.9610362826920587,2.414739371558492,56.492984638909945,0.029896374604554642,2157263.8,1.2934134434555478,0.046954082008594085,0.14224209371522473,1.0005511420754085,1.1843339912035278,-0.03278692158366314
2024-05-24,240.8375858394145,240.8375858394145,232.25539707020772,233.0355987548828,1327551,NIACL,-0.03278692158366314,0.02509651252741496,0.057066946073823566,227.24749526977538,226.0791500854492,191.8215948867798,1.0254704830882124,1.0307699700162722,1.2148559128206031,229.0173806327225,227.2925373436358,1.7248432890867207,-0.42386036833630286,2.1487036574230234,55.66422926534182,0.031074644721462114,2178373.15,0.6094231376291064,0.036827801482098424,0.09090940617322311,1.0051678590612385,1.1785907119523718,-0.023854421698062067
2024-05-27,233.0355817268374,233.37692458928728,226.16007813476904,227.47666931152344,1177980,NIACL,-0.023854421698062067,0.0017178071253012295,0.027985890002646396,227.55713653564453,225.6003030395508,192.3745262527466,0.9996463867257862,1.0083172152106714,1.1824677297068882,228.7803481217688,227.30617674866448,1.4741713731043262,-0.04425402004817708,1.5184253931525034,54.33571123438755,0.03165780178029039,2197155.3,0.5361387062625933,0.031725655542437024,0.1824330315258575,1.0086738956895402,1.1727140148646882,-0.00728827801561216
2024-05-28,228.208111560297,229.91479615529923,221.43013857350996,225.8187561035156,891993,NIACL,-0.00728827801561216,-0.0004317270771632131,-0.05373930463999188,226.91591033935546,225.21507965087892,192.90619091033935,0.9951649303294817,1.0026804441939343,1.1706143542509408,228.3247185804991,227.19599744161644,1.1287211388826677,0.1903410117379919,0.9383801271446758,58.37606801031939,0.026046853731757462,1992604.05,0.44765190555544637,0.037572864753093786,0.5172415607466566,1.0075520284481532,1.167484975925715,0.013172146873850155
2024-05-29,225.2823738356393,230.9388173670417,222.99053420997592,228.79327392578125,974840,NIACL,0.013172146873850155,-0.04400966459548761,-0.07254394209444348,226.02112045288087,225.09609924316408,193.4435961151123,1.012265019602353,1.0164248722880944,1.1827389405521258,228.39680401823483,227.31431421822123,1.0824898000136045,0.3687707693931145,0.71371903062049,59.65204329353593,0.024927101046213623,1750176.75,0.5569951720590506,0.034740021070917275,0.7300620273759204,1.0041094501985017,1.1636265235123955,-0.024722899447226165
2024-05-30,228.74451921892927,228.74451921892927,222.3078737132904,223.1368408203125,739787,NIACL,-0.024722899447226165,-0.07387166651340438,-0.07424630834763091,225.1263313293457,225.31260498046876,193.96425437927246,0.9911627818155012,0.9903433535804849,1.1504018693258642,227.58757891086216,227.00487174430205,0.5827071665601125,0.4115580488265141,0.17114911773359837,59.45500592120854,0.025003909968336967,1715041.25,0.43135230712380823,0.02884618013760517,0.12878868446240713,0.9991732657338935,1.1616192153627367,-0.00021862077303536065
2024-05-31,223.5756826432025,227.5254414087589,220.94251509320117,223.0880584716797,695265,NIACL,-0.00021862077303536065,-0.042686784063693195,-0.04368729109295344,224.61676406860352,225.19167419433595,194.4921185684204,0.9931941607151952,0.9906585546282636,1.1470287850929008,226.8953449971418,226.71473742781149,0.18060756933030575,0.3653679529272725,-0.18476038359696673,57.51293838647403,0.024083450666555983,1686320.6,0.41229704482054,0.029508196721311327,0.3259254738136536,0.9974470187328671,1.1578447283719404,0.04174866738361516
2024-06-03,234.05960686111476,236.69277446208045,227.2328683276656,232.4016876220703,1746530,NIACL,0.04174866738361516,0.021650652462306796,0.027155212034729592,224.92396774291993,225.27749633789062,195.04828678131105,1.0332455449465356,1.031624069869341,1.1915084795522457,227.74247463174618,227.1359929977566,0.6064816339895742,0.41359068913973285,0.19289094484984137,64.679237190967,0.025005760793647743,1650396.2,1.0582489222890843,0.04070498037776067,0.5463922390942865,0.9984306972479824,1.154983209826768,-0.1607218116436978
2024-06-04,232.1091041564941,232.1091041564941,187.6865394393972,195.04966735839844,3298040,NIACL,-0.1607218116436978,-0.1362556825484087,-0.12203689103415816,223.5683723449707,224.6728421020508,195.40712093353272,0.8724385534168165,0.868149730663945,0.9981707239049089,222.71281197430807,224.75922813558194,-2.046416161273868,-0.07841068094298731,-1.9680054803308806,36.68548848173317,0.04402948348118118,1757716.35,1.876320943364952,0.22775001525878877,0.16575197685890017,0.9950840976294837,1.1497679359314277,0.046750099254661004
2024-06-05,199.92592217092147,205.92369388360527,190.66106236300072,204.1682586669922,1423360,NIACL,0.046750099254661004,-0.10762997895985882,-0.05591875256034384,222.9637191772461,224.3919708251953,195.81707534790038,0.9157017088716914,0.909873280742484,1.042647880958566,219.85980377318256,223.23397113790864,-3.374167364726077,-0.7375620176996053,-2.6366053470264714,37.70824401951516,0.04521921668045916,1789759.75,0.7952799251407906,0.07475516331605,0.8849847607050434,0.9936350144673322,1.1459264746270317,0.03725808499629801
2024-06-06,209.48335226751556,216.7977150220998,208.2642918084181,211.77517700195312,1324272,NIACL,0.03725808499629801,-0.05091792003772555,-0.02601476897804411,222.68089752197267,224.25738647460938,196.26626598358155,0.9510253432540461,0.9443398067333247,1.0790197487105042,218.61601503914727,222.3851715722823,-3.769156533135032,-1.3438809207866906,-2.425275612348341,42.49411671847411,0.0460409422946005,1824287.85,0.7259117578401895,0.04029472827971234,0.41142752511160996,0.9929701804813675,1.1426180925731242,0.017729721768976248
2024-06-07,213.53062981266496,217.4803887276628,211.43385174822765,215.52989196777344,589130,NIACL,0.017729721768976248,-0.03387974486705092,0.01679321602619588,222.85888061523437,224.08574279785157,196.73711399078368,0.9671137689140851,0.9618188523586867,1.0955222814637309,218.14122687432052,221.87737308305944,-3.7361462087389157,-1.8223339783771357,-1.91381223036178,44.606287218112996,0.04581871874138747,1822960.5,0.3231721148099479,0.028054284833675197,0.677419196058306,0.9945250323947474,1.1390110297559262,0.0840724088063356
2024-06-10,217.2853424951032,243.8120955104144,216.6124187305169,233.65000915527344,6746419,NIACL,0.0840724088063356,0.0053713961631514096,0.0887525526602948,223.81121063232422,224.22676361083984,197.3012060546875,1.0439602578224392,1.0420255164579204,1.184230009676225,220.52719337908252,222.74942019951973,-2.222226820437214,-1.9023125467891515,-0.3199142736480627,53.11640139221893,0.04934955058877386,2123353.2,3.177247666568143,0.11641205099128324,0.6263894443535643,0.9981467289103952,1.1364693003888136,0.005259171811868191
2024-06-11,233.8645629365353,241.27644164631172,228.71525271505385,234.8788146972656,2888318,NIACL,0.005259171811868191,0.20420002698944462,0.10047976944071402,224.88349609375,224.52011840820313,197.87432598114015,1.0444466524984506,1.046137051603675,1.1870100556635752,222.73513512034145,223.64789386601944,-0.9127587456779906,-1.7044017865669194,0.7916430408889288,48.01290900750583,0.049282662625971835,2226301.0,1.2973618571792405,0.05347944618780515,0.4906830090640575,1.001618463806821,1.1346601803692444,-0.0019099568388734056
2024-06-12,234.9373247332738,236.67326562921335,233.0843587957097,234.43020629882807,1079031,NIACL,-0.0019099568388734056,0.14822062856104634,0.06386374117637272,225.5871383666992,224.70307495117189,198.45385429382324,1.0392002309890298,1.0432888217029068,1.1812832113189378,224.53437684010862,224.44658367585714,0.08779316425147954,-1.3459627964032397,1.4337559606547192,47.062966143358835,0.0489105899602414,2241246.05,0.4814424547452075,0.01530906315429704,0.3750020732091534,1.0039343627839514,1.1322686362064052,0.005782557207553829
2024-06-13,234.64477352335544,241.86160580875332,233.37694761345853,235.7858123779297,2609499,NIACL,0.005782557207553829,0.11337794974788351,0.034531518498128966,225.98065185546875,224.98921295166016,199.0291060256958,1.0433893806480923,1.0479871869616666,1.1846800555265942,226.26536692285032,225.28652654267734,0.9788403801729828,-0.8810021610879952,1.859842541260978,51.319736131853226,0.04840315302761615,2226458.9,1.1720400497848849,0.035984600217146015,0.2839082858761484,1.0044066063914878,1.1304337211996158,0.009843999586085284
2024-06-14,238.93585489906823,247.30348784820544,236.0588751326279,238.1068878173828,3642952,NIACL,0.009843999586085284,0.10475111198489873,0.04740452366289505,226.51947631835938,225.0750344848633,199.62028884887695,1.0511541510132136,1.0579000392573346,1.192799034559269,228.087139368163,226.23618293339626,1.8509564347667435,-0.33461044191704753,2.185566876683791,55.26468759436826,0.04840922804705493,2371625.05,1.5360573122635892,0.04722506273821719,0.18213278985747025,1.0064176012981716,1.127515824081674,-0.0054065561422282915
2024-06-18,238.1068695951448,238.7895553189268,233.18187752085743,236.81954956054688,1043160,NIACL,-0.0054065561422282915,0.013565333965671389,0.04286017809288922,227.0061248779297,225.13023345947266,200.2091203689575,1.0432297793193652,1.0519224624851575,1.1828609462152446,229.43058709006823,227.0201360168889,2.410451073179331,0.21440186110222825,2.196049212077103,55.468289219791025,0.04844045700787905,2384668.1,0.43744452320220156,0.02367911689923926,0.6486949091372253,1.0083324722301001,1.1244754137303485,-0.020384587678797583
2024-06-19,235.03485075791048,237.47297161639503,230.62672407905995,231.99208068847656,699029,NIACL,-0.020384587678797583,-0.012290312400076275,0.02689398979443669,227.30991439819337,225.10546203613282,200.73848793029785,1.020598161337042,1.0305928545227319,1.1556930765017561,229.82466302828487,227.38842821478426,2.4362348135006187,0.6587684515819063,1.7774663619187123,51.56130581372052,0.04869908769939415,2358148.45,0.29643129549371666,0.029510695007422892,0.19943138222373974,1.0097929758883715,1.1213866576214118,0.055532180602088976
2024-06-20,231.43618561929043,247.7130831067719,231.43618561929043,244.87510681152344,4530768,NIACL,0.055532180602088976,0.044554414201134485,0.02318670245919785,227.58737335205078,225.35590576171876,201.3329914855957,1.075960863754645,1.0866149967706789,1.2162691519389803,232.1401159180139,228.68373774046864,3.456378177545247,1.2182903967745746,2.2380877807706723,59.91106030415255,0.04847113981632898,2010907.9,2.253095728551268,0.06647020066441278,0.8256439043477943,1.0099019707639323,1.1193193132375514,0.005894329777260676
2024-06-21,248.9809052583522,256.7341266187656,244.5727785757184,246.3184814453125,8477299,NIACL,0.005894329777260676,0.044670495485540584,0.022343616093402296,227.8565414428711,225.6176623535156,201.9361538696289,1.081024401957186,1.0917517665765069,1.2197839600547067,234.32140292221368,229.99001505193854,4.331387870275137,1.840909891474687,2.49047797880045,60.458379342044175,0.048467535996264896,2295261.15,3.693391926230268,0.04937245460303489,0.14354517800287406,1.0099233325352315,1.117272256750892,-0.02811098594983452
2024-06-24,246.31849567058848,248.68834214099948,238.45798106199967,239.39422607421875,2000610,NIACL,-0.02811098594983452,0.0054065561422282915,0.027286077120020735,228.1744728088379,225.81602783203124,202.51550926208495,1.0491718163178607,1.0601294707578834,1.1821031729693714,235.10183725329136,230.68662327581114,4.415213977480221,2.355770708675794,2.0594432688044266,53.217270110895605,0.04830042980412455,2328914.1,0.8590312540939143,0.04273436852160384,0.09151632136825899,1.0104440991166532,1.1150554772562726,-0.027539017932377896
2024-06-25,239.42347405242063,241.26669287045155,231.92381173065655,232.80154418945312,1368835,NIACL,-0.027539017932377896,-0.01696652737727833,0.023408444013383267,228.4407165527344,225.93715393066407,203.054691696167,1.019089537550597,1.0303818568100385,1.1464967504311434,234.74794601270088,230.84328408422905,3.9046619284718247,2.6655489526350005,1.2391129758368242,74.22707325914854,0.04841322339818193,2338456.85,0.5853582459731937,0.04013238474136491,0.09394665795949873,1.0110807920632594,1.1126911279092055,0.005864828737614847
2024-06-26,233.864560763984,235.80529548526872,231.81653324625967,234.16688537597656,811473,NIACL,0.005864828737614847,0.009374478133244324,0.03696827232824784,228.8581230163574,226.15580474853516,203.60286365509035,1.0231967399262456,1.035422838853723,1.1501158734813408,234.65855206858944,231.08947677250666,3.5690752960827865,2.846254221324558,0.7228210747582287,71.37892831650194,0.048364902631402265,2334430.85,0.3476106392271161,0.017033844185973274,0.5892434767685746,1.0119489228712346,1.1107692725366094,-0.03240175309312743
2024-06-27,236.01011823279148,241.81284337014432,225.2823855858464,226.5794677734375,2403716,NIACL,-0.03240175309312743,-0.07471416460541991,-0.00967601063771606,228.74743270874023,226.30462799072265,204.10925350189208,0.9905224512921063,1.001214468237592,1.1100891502272685,233.41561602318146,230.75540203183488,2.6602139913465805,2.8090461753289624,-0.14883218398238185,60.55341198133262,0.048930450470244156,2405874.65,0.9991027587409843,0.0729565566851235,0.0784661988504136,1.010794320645169,1.1087426175346078,0.01984239865656634
2024-06-28,229.18336370837383,233.44519426303853,227.2621232561596,231.07534790039065,1110003,NIACL,0.01984239865656634,-0.061883840203464824,0.035576855219846326,229.14435806274415,226.65844787597655,204.6438903427124,1.0084269578093552,1.0194870302245735,1.1291583028128231,233.05557477352133,230.77910172580198,2.2764730477193496,2.70253154980704,-0.42605850208769036,60.96588412654026,0.048725314686090794,2424385.45,0.45784922525417726,0.02675781325468023,0.6167201767517587,1.0109676485040073,1.1075749561660349,0.0360851080914284
2024-07-01,232.15787658019556,245.7625883142255,230.20737984754297,239.41372680664065,3243150,NIACL,0.0360851080914284,8.145865813768971e-05,0.07318037750117168,229.96064147949218,227.1253970336914,205.2163740158081,1.0411074054513432,1.0541037239051096,1.1666404688945449,234.03375200938586,231.4187035836419,2.6150484257439643,2.685034924994425,-0.06998649925046063,54.716683802836094,0.04927441080605884,2551779.7,1.270936515405307,0.06497208273795216,0.591849796087055,1.0124831678131538,1.1067605990163125,-0.013279611538858482
2024-07-02,242.739310277666,242.836841065879,233.36717296497943,236.23440551757807,926296,NIACL,-0.013279611538858482,0.014745870093246793,0.016491781685081808,230.15227737426758,227.55314086914063,205.75661945343018,1.0264265390405845,1.0381504936177954,1.148125421894609,234.3723140875693,231.77542224541497,2.596891842154321,2.667406308426404,-0.07051446627208335,51.07501639629913,0.04863244692821212,2510768.0,0.36892934751438605,0.04008589722632485,0.30278068059494717,1.0114221077995211,1.10593351248485,0.01271520511297819
2024-07-03,236.98535309252503,240.8863465590687,234.937325570146,239.23817443847656,1056807,NIACL,0.01271520511297819,0.021656730217671782,0.22655002532705137,232.3617027282715,228.06729187011717,206.30827899932862,1.0295938256152588,1.0489806428478186,1.1596149975118308,235.12090798770888,232.32821870416026,2.7926892835486115,2.6924629034508456,0.10022638009776585,53.66433421677251,0.029970867558233243,2398706.35,0.4405737284182368,0.024866520583037576,0.7229506966505764,1.0188295779852552,1.10546844254786,0.04292533449652414
2024-07-04,239.23818839146284,253.56459011387432,235.6687755899319,249.50755310058597,4595397,NIACL,0.04292533449652414,0.10119224637810009,0.2220682819631834,234.62866744995117,228.74196899414062,206.90840160369874,1.0634146108928,1.0907816969389525,1.2058841070092425,237.33423800507458,233.60076199278438,3.733476012290197,2.900665525218716,0.8328104870714808,59.206910066183994,0.029739909680832455,2557308.2,1.796966435254069,0.0717245402055141,0.7732968785600381,1.025735104413486,1.10552286529312,0.07035642167949585
2024-07-05,254.5398261420773,274.3373562704625,249.7903713127988,267.06201171875,15736110,NIACL,0.07035642167949585,0.15573562539380914,0.26106381068583406,237.39300918579102,229.6994677734375,207.59653690338135,1.1249784171602928,1.1626583827445556,1.2864473353090895,241.90774165333235,236.07937308359666,5.828368569735687,3.486206134122111,2.3421624356135764,66.1306125321808,0.032132583259578545,3277900.1,4.800667964225023,0.09191492567469604,0.703615553427016,1.033493945314414,1.1064706145861345,0.007230529506730976
2024-07-08,269.4123611290906,282.8220261626652,261.8541862919849,268.9930114746094,7951633,NIACL,0.007230529506730976,0.12354882513423315,0.2480543140383975,240.0661651611328,230.67022979736328,208.29442462921142,1.1204953071752566,1.166136660595134,1.2914076406675243,246.07470624122112,238.51742037181984,7.557285869401284,4.300422081177945,3.256863788223338,67.79589262709274,0.03212227972686705,3646025.25,2.18090453432817,0.0779493852116657,0.34046545694040803,1.0407331946217055,1.1074239274910187,-0.01635126667690001
2024-07-09,270.9239874580127,276.1903525081031,261.9517202392507,264.5946350097656,3590660,NIACL,-0.01635126667690001,0.12005122382597766,0.13244007978586358,241.61339645385743,231.53644561767578,208.9661756515503,1.0951157464495023,1.1427774763661922,1.2662079601388476,248.92392605176644,240.44906590055658,8.474860151209867,5.13530969518433,3.3395504560255374,68.11924244261625,0.027752183027327185,3488237.3,1.0293623085791783,0.05381300444102697,0.18561577549105118,1.0435220935058371,1.1080092024259527,0.01769190392373332
2024-07-10,265.2675612860555,272.7379675025629,254.686110333782,269.2758178710937,3963664,NIACL,0.01769190392373332,0.12555539475720967,0.14644574572705604,243.33324661254883,232.1490963745117,209.70326831817627,1.1066133445375523,1.1599261943138808,1.284080215013768,252.05498633166295,242.5843808613371,9.470605470325836,6.002368850212632,3.4682366201132044,64.92127798267396,0.027859664962424136,3542004.6,1.1190454128715699,0.06703853807408211,0.8082108893783676,1.0481765831213679,1.1070361384271754,0.038752758218556504
2024-07-11,270.14381386203087,284.7823022526167,267.7739673310116,279.71099853515625,9459235,NIACL,0.038752758218556504,0.12105222891747136,0.1931525503953564,245.59728622436523,232.80953491210937,210.47595764160155,1.1389010148899872,1.201458516897743,1.3289451283145988,256.3097574398927,245.3345006890274,10.97525675086527,6.99694643034316,3.9783103205221106,68.39673857305169,0.028631433428023018,3961014.8,2.388083730462204,0.06080681492925773,0.7018342041807657,1.0549279535182419,1.1061098736442736,0.004288658534057133
2024-07-12,281.9443445148953,284.62627786337936,276.97057126162593,280.9105834960937,3643050,NIACL,0.004288658534057133,0.05185526645372529,0.19138034923761937,247.8535247802734,233.60709411621093,211.22636276245117,1.1333733653581322,1.2024916647280883,1.329903047244205,260.09449991007745,247.96976608214342,12.124733827934023,8.022503909861333,4.102229918072689,74.41221005287599,0.02864290793589739,4012692.35,0.9078817118885278,0.027253179664766463,0.5146503699038517,1.0609845806179816,1.1059561461034555,-0.00850592479335388
2024-07-15,282.8220280944663,287.16189525804464,274.5616731868737,278.52117919921875,4845103,NIACL,-0.00850592479335388,0.035421618102181585,0.16973171902877437,249.87423934936518,234.51192962646485,211.9206908416748,1.1146454309353613,1.187663159152938,1.3142708156198912,262.92937364686844,250.23283372044529,12.696539926423156,8.957311113173699,3.7392288132494578,78.28181669217703,0.028913055151715383,4072799.9,1.1896246118057507,0.0452397268581085,0.3142409705146649,1.0655075831211218,1.106602327007644,0.01516175497026162
2024-07-16,278.921061980512,291.8236099326815,278.921061980512,282.7440490722656,6609234,NIACL,0.01516175497026162,0.06859328066810622,0.19392191057257868,252.17046432495113,235.64165832519532,212.63613327026368,1.1212417355424973,1.199889913701367,1.3297083836306116,265.9777852507757,252.6410718946542,13.336713356121493,9.833191561763257,3.5035217943582353,79.0234004848974,0.028766791156392156,4351103.6,1.5189787712708105,0.04563331392651807,0.29629706519407445,1.0701438197186057,1.1081919836535556,-0.03269880259562996
2024-07-18,282.82202932969494,284.4799634754806,273.0695455597055,273.4986572265625,2596407,NIACL,-0.03269880259562996,0.015682207889496924,0.17891376470657105,254.24579315185542,236.6683999633789,213.29632766723634,1.075725398780572,1.155619665611812,1.2822473795856806,267.1348424778198,254.1860782155363,12.948764262283504,10.456306101867307,2.492458160416197,77.48821944690579,0.029556275057958263,4445972.5,0.5839907916659404,0.04172019720858398,0.03760700703729326,1.0742701315055003,1.1095755963159635,-0.054343091121137665
2024-07-19,273.06955959178254,273.06955959178254,256.6853979211636,258.6358947753906,2823102,NIACL,-0.054343091121137665,-0.07534599593915059,0.05619512796969861,254.93383255004878,237.51589141845704,213.91170959472657,1.0145216591627362,1.0889203801514242,1.2090777791706575,265.8273120620615,254.515694257007,11.311617805054482,10.627368442504743,0.684249362549739,64.39778589785283,0.030581595169079448,4360589.2,0.6474129688712709,0.06334836734416766,0.1190477055487541,1.073333792646761,1.1103454405018338,0.02119143393949785
2024-07-22,256.4903111593907,267.5984039399525,254.325258673184,264.11676025390625,1872220,NIACL,0.02119143393949785,-0.05978351912974822,0.07225717982735014,255.82374649047847,238.4495944213867,214.5583967590332,1.0324169037362465,1.107641893435812,1.2309784387069744,265.56415024542224,255.2268843308514,10.33726591457085,10.569347936917964,-0.2320820223471145,63.302148638100306,0.03084325556128994,4030335.25,0.4645320758366193,0.0502548390113845,0.737692640585866,1.0728629969417698,1.1113505601423062,-0.05686429771619139
2024-07-23,264.10701854564354,265.1992919988127,233.0843691202778,249.0979461669922,4793353,NIACL,-0.05686429771619139,-0.105640917925243,0.04053447842875291,256.3089324951171,239.19214874267578,215.12096885681152,0.9718660358110527,1.0414135559063566,1.1579435863028136,263.0308880795099,254.77288891130627,8.25799916820364,10.107078183175101,-1.849079014971462,56.143455562854314,0.03301004577449129,4169972.4,1.1494927400478718,0.12892488024371532,0.4986335202261247,1.0715608093426832,1.1118960183834357,0.01906666038586624
2024-07-24,249.27349477311984,260.0987578691845,249.0979423245058,253.847412109375,2128247,NIACL,0.01906666038586624,-0.10220069019208611,0.09040261306340303,257.36122589111324,239.97702880859376,215.716796875,0.9863467631164266,1.0577987958666006,1.17676238376778,261.61804562256606,254.70433507412616,6.913710548439894,9.46840465622806,-2.5546941077881655,56.862744816946126,0.03241712936283367,4207943.0,0.5057689707298791,0.043336331275809124,0.4317379712058354,1.072441088085915,1.1124633421460066,-0.007107536457967689
2024-07-25,252.589319060308,261.3178035736496,250.57054786156567,252.04318237304688,2353290,NIACL,-0.007107536457967689,-0.07844819082874765,0.07633998704969858,258.25504074096676,240.7492303466797,216.29897132873535,0.9759468068847862,1.046911684868541,1.1652537264728218,260.14498973802466,254.507212651824,5.637777086200657,8.70227914222258,-3.0645020560219223,51.294037173266794,0.03252506839554168,4285033.85,0.5491881936941992,0.04264053330423756,0.13702423678496944,1.0727138789564503,1.1130391830702902,0.12881139505489236
2024-07-26,253.71085626717684,302.43425626161365,250.62906786152269,284.5092163085937,41638885,NIACL,0.12881139505489236,0.1000376284029425,0.2556707768114346,261.15152816772456,242.03226745605468,217.03591773986815,1.0894411313797392,1.1755011813053045,1.3108854021554015,263.89333228734296,256.7295832930662,7.163748994276773,8.394573112633418,-1.2308241183566455,57.72785555961968,0.041670691693695736,6246792.3,6.665642621093709,0.18208615197864217,0.653991414632352,1.0789946766711234,1.1151714885558541,-0.039248731979390494
2024-07-29,283.79725322196833,287.6982463934043,269.6561529755129,273.34259033203125,7017043,NIACL,-0.039248731979390494,0.03493087704565134,0.18291541185890892,263.2648902893066,242.94080841064454,217.71751861572267,1.0382796962847953,1.125140696288449,1.2554919423571438,265.34706429421806,257.9601764070636,7.386887887154444,8.193036067537625,-0.8061481803831807,51.780851118062685,0.04317174281448626,6542144.3,1.072590679481038,0.06600542343575344,0.20432425834037116,1.0836585751550976,1.11585328528129,0.019123825345627843
2024-07-30,273.7522171747992,290.42893974947697,271.6456772179288,278.5699462890625,10491030,NIACL,0.019123825345627843,0.11831490614664752,0.16355043632918287,265.22270126342767,243.96559936523437,218.4306202697754,1.0503246704073719,1.1418410915877648,1.275324613119769,267.38135383188643,259.4868260279524,7.894527803934011,8.133334414816902,-0.23880661088289123,55.6833418635441,0.042782597515312965,6904538.3,1.5194397574708218,0.06742745504950287,0.36864038180288355,1.0871315544220226,1.1169020124738998,0.025346673707135503
2024-07-31,279.3014149716152,295.4027464750621,276.5316832117159,285.6307678222656,11568344,NIACL,0.025346673707135503,0.12520653824588202,0.209098933732631,267.69251937866204,245.13648315429688,219.19731185913085,1.067010645218028,1.1651907710631564,1.3030760523460654,270.18895598425246,261.4234143090126,8.765541675239831,8.259775866901489,0.5057658083383423,56.52478551395568,0.04262178001093153,7436640.7,1.5555873231847814,0.06606803394194821,0.48217127374179986,1.0920141952520697,1.1183370866876146,-0.04448932315007914
2024-08-01,286.1378511214788,294.4762421143986,271.60665710663704,272.9232482910156,7493881,NIACL,-0.04448932315007914,0.08284320853822713,0.14080141654484013,269.376773071289,246.07662231445312,219.8936390686035,1.0131654826037584,1.1090986446581508,1.2411602693330646,270.6096163391391,262.2752538632351,8.334362475904015,8.274693188701994,0.05966928720202169,47.34025964459465,0.04434135020046602,7758494.4,0.9658937177295636,0.08379493191205137,0.05756952668497274,1.0946865676945996,1.1190711261896982,-0.0032159813059136066
2024-08-02,268.5833828146815,275.84899474249886,265.5113565426643,272.0455322265625,3440484,NIACL,-0.0032159813059136066,-0.043807663750732195,0.0903298471164542,270.50367202758787,246.73101440429687,220.57387481689454,1.005699960327405,1.102599658512265,1.2333533717553642,270.83052647566575,262.9989781864445,7.831548289221246,8.186064208805844,-0.35451591958459794,46.517496913592844,0.04359619708330033,7700748.75,0.4467726596066389,0.03799966173024759,0.6320762593532017,1.0963505041337722,1.1185867528922735,-0.06398997889703695
2024-08-05,272.1430339883601,272.1430339883601,252.39425534891103,254.6373443603516,3566880,NIACL,-0.06398997889703695,-0.06843150915105567,-0.04652352941714211,269.8824386596679,247.00505889892577,221.18584312438963,0.9435120922464282,1.0308993082791431,1.1512370808341004,268.33926768869435,262.37959790303023,5.9596697856641185,7.7407853241775,-1.7811155385133812,41.60784971827807,0.04337961754686655,7092287.25,0.5029237923210175,0.07755648995263428,0.11358115113812088,1.0926190737255448,1.116730869434605,-0.028341650630609116
2024-08-06,258.44081096405057,265.2187988545985,246.05515998086307,247.4205017089844,2480222,NIACL,-0.028341650630609116,-0.11181911399643729,-0.08019728708699647,268.80381317138665,247.2927569580078,221.75026809692383,0.9204501185823266,1.0005165729580923,1.1157619056444184,265.1209959995082,261.27151670347126,3.849479296036918,6.962524118549384,-3.1130448225124656,37.84399916907322,0.043730324884744376,6818716.7,0.36373735838006,0.07745372247395925,0.0712464755319823,1.0869861959484386,1.1151858308009788,0.03823409877921291
2024-08-07,251.7115974186902,258.7333674674313,247.90812004090327,256.8804016113281,2134032,NIACL,0.03823409877921291,-0.10065570467124008,-0.029154912374367625,268.4181015014648,247.8808316040039,222.3658935546875,0.9570159395897758,1.0363060344323085,1.1552149365395028,263.8532122474805,260.9462489188681,2.9069633286123917,6.151411960561986,-3.244448631949594,44.28953950710342,0.04456735445719264,6745885.3,0.3163457285584147,0.04214119628677297,0.8288292375135584,1.0828513837256675,1.1147430374390639,-0.011769172090810853
2024-08-08,255.61259683398305,266.04773625415146,251.8091342460297,253.8571319580078,4024254,NIACL,-0.011769172090810853,-0.06985889422171099,-0.05725982390467399,267.64716720581055,248.44159912109376,222.96323303222655,0.9484768122458822,1.0217980115088312,1.1385605084104424,262.31535374140776,260.42112914398956,1.8942245974182015,5.29997448793323,-3.405749890515028,48.21244598913498,0.04441907868128425,6748914.8,0.5962816421982391,0.05608903676764554,0.1438341847612507,1.0773041557962109,1.1142716031803532,-0.03284661858565052
2024-08-09,257.46557641431855,257.46557641431855,243.90962966919028,245.51878356933597,2315643,NIACL,-0.03284661858565052,-0.09750848852439442,-0.12224122449558505,265.9375564575195,248.77610931396484,223.52448852539064,0.9232196717147575,0.9869065974477557,1.0983976976708167,259.7312660226275,259.3172516940152,0.41401432861226795,4.322782456069038,-3.90876812745677,43.18880834699945,0.043840718493385326,6391735.2,0.3622870672114201,0.05521348121741564,0.11870464899281066,1.0689835016347824,1.1129702653841698,-0.019861010835148907
2024-08-12,245.4700087447544,246.73783458644013,235.57124386299893,240.6425323486328,2990664,NIACL,-0.019861010835148907,-0.0549597783737249,-0.14334828772309616,263.9241539001465,249.12622314453125,224.0338119506836,0.9117866962630404,0.9659462151803401,1.074134882825657,256.79453776508984,257.9339391499128,-1.1394013848229747,3.2303456878906354,-4.36974707271361,46.65483383977607,0.04388628792862414,6359115.9,0.4702955641994196,0.04640322978011017,0.4541483261303831,1.0593993300618145,1.1120027864337336,-0.03221876145514713
2024-08-13,242.15418808565047,243.71457664460056,230.49997232623952,232.8893280029297,1456486,NIACL,-0.03221876145514713,-0.058730677553739064,-0.16383619848043884,261.642561340332,249.32224853515626,224.50315032958986,0.8901049080466633,0.9340896344839863,1.0373543875042652,253.11681318629596,256.0787827686548,-2.961969582358819,1.9918826338407447,-4.9538522161995635,41.900965167479384,0.04425309165233193,6189685.05,0.2353085800383333,0.056741991707729963,0.1808117457872182,1.0494152161612584,1.110551224644865,-0.007747155062018951
2024-08-14,234.05960877095427,234.69351425893197,224.50217176991848,231.0850982666016,2179151,NIACL,-0.007747155062018951,-0.10041756079062825,-0.1827057049482258,259.05961380004885,249.29591674804686,224.9585912322998,0.8920151422944722,0.9269509957523685,1.0272339322572275,249.72731858326605,254.22739873146566,-4.500080148199601,0.6934900774326755,-5.193570225632277,41.9009651674794,0.0439171510670814,5968180.9,0.36512817498544653,0.04410211893999239,0.6459332029886803,1.039165090144135,1.108185801584326,0.005275417773429325
2024-08-16,234.0596188185328,235.4737260393395,230.74378017104752,232.30416870117188,1236519,NIACL,0.005275417773429325,-0.0849019410666042,-0.150620441588734,256.9998893737793,250.04100677490234,225.41988372802734,0.9039076602998452,0.9290642830849825,1.0305398302017161,247.0468339860208,252.6034557662587,-5.55662178023789,-0.5565322941014376,-5.000089486136453,23.402589689131574,0.04366555313367456,5900186.5,0.20957286689158047,0.02036100296752071,0.32989564227038837,1.02783096536298,1.1092233863299334,0.05772454616262457
2024-08-19,235.5224790218144,247.37174064748692,233.6207476953756,245.7138214111328,3646099,NIACL,0.05772454616262457,0.0007943907140683937,-0.04996241289508496,256.3537857055664,250.87191802978515,225.92116134643555,0.9584949983666164,0.9794393224273116,1.087608703614738,246.84175512834574,252.0931124806938,-5.251357352348066,-1.4954973057507632,-3.7558600465973027,36.238236394377616,0.044487038500628996,5941336.35,0.613683317222059,0.05596344915861655,0.8794327622646663,1.0218512606705163,1.1104401045685544,0.027187868970082185
2024-08-20,246.73782816715996,256.4415609821782,244.884862287518,252.39425659179688,2289265,NIACL,0.027187868970082185,0.048834776331802665,-0.04438379317859287,255.76766052246094,251.68429962158203,226.507529296875,0.9868106705758923,1.002820823433493,1.1142863876325855,247.69598612272284,252.11541945188662,-4.41943332916378,-2.080284510433367,-2.3391488187304135,37.14804623631681,0.044668889882741786,5962188.6,0.383963868570008,0.04578827922123098,0.6497871496596697,1.0162241383630939,1.1111520239652113,0.056414308523533574
2024-08-21,254.4910794464064,269.5586492247005,252.1017089844132,266.6329040527344,6417749,NIACL,0.056414308523533574,0.14489103618084287,0.07039382763110758,256.64440841674804,252.70635986328125,227.17508682250977,1.03891959188827,1.0551095912148298,1.1736890157372437,250.60935811195537,253.19078868157902,-2.581430569623649,-2.1805137222714235,-0.4009168473522253,41.286444818760245,0.044440003739054566,6043408.4,1.0619419663910186,0.06547181527466203,0.8324021774896118,1.0155834960212213,1.1123858843761283,-0.017556658575050732
2024-08-22,266.73043230772987,267.9007422702747,260.00122442864404,261.95172119140625,1576094,NIACL,-0.017556658575050732,0.13357253737406305,0.03192590783056448,257.0496238708496,253.2723941040039,227.82387084960936,1.019070626312294,1.034268744993338,1.14979927351127,252.3543370472555,253.83974664526994,-1.485409598014428,-2.0414928974200244,0.5560832994055964,44.5678484440066,0.04455466086909947,6015800.75,0.2619923872977342,0.030156388382187926,0.24691339419262368,1.0149137049863184,1.111702619920779,-0.016195122019415087
2024-08-23,264.1947767947366,264.24355707044094,256.88041403872387,257.7093811035156,1129762,NIACL,-0.016195122019415087,0.10936184462115328,0.022481063273047663,257.332933807373,253.7290054321289,228.4455916595459,1.001462880365031,1.0156875074830634,1.128099602322735,253.17818997898786,254.12638623476963,-0.9481962557817667,-1.822833569092373,0.8746373133106062,43.130840219547785,0.044703739696404995,5954624.35,0.18972850907043365,0.028571497863942624,0.11258331682828127,1.0142038485868268,1.1106758663579863,0.001892210437863362
2024-08-26,258.8797072893162,260.97648545846386,255.80765092930105,258.197021484375,911536,NIACL,0.001892210437863362,0.0508038172275016,-0.0924827503502702,256.01732406616213,254.20434173583985,229.07267654418945,1.0085138668883578,1.01570657574639,1.1271401957647589,253.95031790289357,254.42791477177744,-0.47759686888386454,-1.5537862290506714,1.0761893601668069,52.03570616412666,0.03331793993241598,3918256.9,0.2326381406997586,0.0200189549029155,0.46226485711488946,1.0071319880610312,1.109710444609933,0.016241637708909407
2024-08-27,259.41606831945177,270.7777059606983,258.2457583619954,262.3905639648437,2978559,NIACL,0.016241637708909407,0.03960592252784134,-0.040067032195326924,255.46972274780273,254.7364367675781,229.7075631713867,1.0270906514580327,1.030047241354205,1.1422809085701366,255.24881729703975,255.01774063793047,0.23107665910927722,-1.1968136514186818,1.427890310527959,58.86770971324773,0.0325574502215569,3716332.7,0.8014780269807382,0.04776066413875311,0.3307391425158282,1.0028786065689286,1.1089597279716783,0.0039026454248622944
2024-08-28,262.3905526895033,267.85194931925054,259.9036813395465,263.4145812988281,2017311,NIACL,0.0039026454248622944,-0.012070238537662759,-0.05440416380921498,254.71195449829102,255.24259063720703,230.35634704589845,1.034166542428991,1.0320165636981662,1.14350910958986,256.50508868193026,255.639728835034,0.8653598468962684,-0.7843789517556917,1.6497387986519603,54.300396273064884,0.03222521255798521,3292646.75,0.6126715536672739,0.030173986346971455,0.44171887111088076,0.9979210517430054,1.1080336787349299,-0.029988927853093705
2024-08-29,263.80467116377736,264.0484832443354,254.78362418313063,255.5150604248047,1140242,NIACL,-0.029988927853093705,-0.024571935383079002,-0.10543579610513287,253.20616912841797,255.6165008544922,230.96051330566405,1.0091186218105757,0.999603153828691,1.1063149140417954,256.3527766423725,255.63049413797998,0.7222825043924956,-0.4830466605260543,1.2053291649185498,51.025335663570175,0.0321018054424243,2771241.65,0.41145527673488885,0.036259541984732864,0.07894736842105271,0.990570515917334,1.1067541251789532,0.010877890004051816
2024-08-30,257.4655581167711,261.9029260960938,255.71012303449805,258.2945251464844,1003907,NIACL,0.010877890004051816,0.002270557790574612,-0.05360013570164157,252.4747329711914,256.14254974365235,231.57760162353514,1.0230509885357797,1.0084014756821376,1.1153692038247365,256.6515071814666,255.82782976823958,0.8236774132270455,-0.22170184577543434,1.0453792590024797,58.48444505065001,0.030887638565980265,2446742.95,0.41030341989950353,0.023975742645275404,0.41732347795997693,0.985680564294641,1.106076528765728,0.0005664125844258017
2024-09-02,259.2210132323838,264.63365971842813,252.5893360065964,258.4408264160156,2178431,NIACL,0.0005664125844258017,0.0009442592723920562,-0.05000892938472057,251.79449768066405,256.4138641357422,232.1815242767334,1.0263958458051006,1.0079050416681072,1.1130981555103592,256.9267870637049,256.0213850754822,0.9054019882227067,0.0037189210241938553,0.9016830671985128,62.61230391350148,0.030893307632686294,2383640.3,0.9139092840475973,0.046603796617040026,0.48582971941139524,0.9819847243024554,1.1043680798224351,0.00999989490575115
2024-09-03,259.95242841252343,263.3170470294532,255.5150604508027,261.02520751953125,1061181,NIACL,0.00999989490575115,-0.005203527233149208,0.0250861207150348,252.11389083862304,256.70799865722654,232.78837249755858,1.03534639305778,1.0168175860701143,1.1212983050614729,257.5573132876782,256.3920385898562,1.1652746978219852,0.23603007638375212,0.929244621438233,71.51376047241035,0.02731619022102701,2258355.35,0.46989106475205505,0.02988978211258275,0.7062492370605483,0.9821037605270031,1.102752667167338,-0.020922806869042243
2024-09-04,256.53907590014563,259.4160705422498,254.5398286147639,255.56382751464844,738721,NIACL,-0.020922806869042243,-0.029803793493396125,0.03291289828214072,252.52105712890625,257.03139068603514,233.36035568237304,1.0120495709163333,0.9942903348596074,1.095146717476282,257.2506231687505,256.3306896213223,0.9199335474282293,0.37281077059264756,0.5471227768355817,67.7259871711179,0.026936072038510745,2171280.3,0.3402236919848626,0.019080329070460585,0.20999755859375138,0.9824522073156493,1.1014355456154719,0.009158658997263647
2024-09-05,256.00270319143806,260.29379016867927,255.8564218849153,257.9044494628906,687608,NIACL,0.009158658997263647,0.009351264986547037,0.003986477150996981,252.57225952148437,257.53344879150393,233.9796385192871,1.0211115423028185,1.0014405921759975,1.1022516792273418,257.35121182938747,256.4472644244014,0.9039474049860701,0.4790380974713321,0.424909307514738,68.2418403498105,0.025628171233093213,2098959.1,0.32759475875447025,0.01720547393813942,0.46154104122232037,0.9807357479453627,1.1006660683009615,-0.048744274798772635
2024-09-06,258.0125520959866,260.86297048187123,241.79462024995317,245.3330841064453,1763133,NIACL,-0.048744274798772635,-0.05018085858648513,-0.033578130288545616,252.14605712890625,257.7567727661133,234.5331388092041,0.9729800533070485,0.9518007285459725,1.046048696367924,255.50226910278099,255.6239918082565,-0.12172270547551989,0.3588859368819617,-0.4806086423574816,49.72541995824517,0.027801806338836634,1985903.05,0.8878243074353503,0.0777243326205636,0.1855673833056198,0.9782325190644043,1.099020693087649,0.02984765223907293
2024-09-09,250.640757572052,258.2091375441475,246.26683362577455,252.65570068359372,4477489,NIACL,0.02984765223907293,-0.02238472076044795,0.029068721384578833,252.50290298461914,258.2782974243164,235.10837959289552,1.0006051324446907,0.9782304715619001,1.0746350305381818,255.0643354998291,255.40411839161482,-0.33978289178571686,0.219152171148426,-0.5589350629341429,50.186817778196456,0.02759633093335323,2093995.35,2.1382516441595727,0.047267106525051464,0.5349777648842158,0.9776388705621322,1.0985499448022271,-0.03715227474936034
2024-09-10,252.99971934262135,252.99971934262135,242.2860617589469,243.2689666748047,1716743,NIACL,-0.03715227474936034,-0.06802500422645175,0.010914256513752107,252.63422470092775,258.5221697998047,235.62571510314942,0.9629295752101292,0.9409984716714552,1.0324381045095579,253.24966337290226,254.5052182644437,-1.2555548915414363,-0.07578924138954646,-1.1797656501518898,32.06116439542177,0.02856430543127576,2030299.3,0.8455615386362001,0.044040379379734804,0.09174317063815426,0.97722460281284,1.0971729876199292,-0.03939389852833941
2024-09-11,245.0382089472232,245.2347869391697,232.2112962500154,233.68565368652344,1168751,NIACL,-0.03939389852833941,-0.08560747442582028,0.0034193309346648437,252.6740409851074,258.40760833740234,236.07002143859864,0.9248502646945709,0.9043296178083136,0.989899743569535,250.23981572884398,252.96302829570888,-2.723212566864902,-0.6052739064846175,-2.1179386603802843,29.816652404433768,0.029043567270428998,2015912.55,0.5797627481410342,0.055730809674027326,0.11320754716981095,0.9778119251627893,1.0946227172881995,0.02902201350939526
2024-09-12,237.7646933636913,243.6621228642171,236.0937580047967,240.4676818847656,1332959,NIACL,0.02902201350939526,-0.06760940966485329,0.040602287592510056,253.14317016601564,258.4922738647461,236.53141494750977,0.9499275912799179,0.930270287345564,1.016641624276967,248.7364105220627,252.03744708008347,-3.301036558020769,-1.1444264367918477,-2.1566101212289213,38.119484788509396,0.02964689976039025,1973602.95,0.6753937006427763,0.031473521930681855,0.5779219106389447,0.9793065238710796,1.092845421493419,-0.00040871130615627305
2024-09-13,241.6963126612407,244.00614521125797,239.6322213379752,240.3694000244141,526619,NIACL,-0.00040871130615627305,-0.020232428496588684,0.03471840978289564,253.54643173217772,258.5148983764648,236.97744453430175,0.9480291179105111,0.9298086939437193,1.014313410699394,247.44917813780904,251.17314729818202,-3.723969160372974,-1.660334981508073,-2.063634178864901,37.64948042977889,0.02964520850546926,1938107.95,0.2717180949595713,0.018196675087754546,0.16853944142507582,0.9807807338165411,1.0908839821633134,-0.014925363659614943
2024-09-16,241.106590147418,241.106590147418,235.99548734525817,236.78179931640625,511070,NIACL,-0.014925363659614943,-0.06282819395817518,-0.036351321400766246,253.0998306274414,258.26038330078126,237.3572612762451,0.935527292647402,0.916833609127885,0.9975755451645142,245.80804293451632,250.1071215217542,-4.2990785872378865,-2.188083702654036,-2.1109948845838504,32.10869513305886,0.026786916064500527,1781356.5,0.2868993376676707,0.02158570809460725,0.15384389662751558,0.9800180244163518,1.0880660735304337,-0.003113341563058314
2024-09-17,237.76470035411023,238.6493238039608,234.47197778493864,236.04461669921875,428265,NIACL,-0.003113341563058314,-0.029696964945155724,-0.06477817725868773,252.2823486328125,257.6400354003906,237.67707145690918,0.9356366704940299,0.9161798799336016,0.993131627095185,244.30597735985518,249.0654544978627,-4.759477138007526,-2.702362389724734,-2.0571147482827916,30.801304432149408,0.0259213421392803,1688306.5,0.25366543337954334,0.017697272987780843,0.3764684340533104,0.9792047584559135,1.0839919636383635,-0.026858214464407837
2024-09-18,236.0446135767476,238.5018759083728,228.0339443748248,229.7048797607422,1079713,NIACL,-0.026858214464407837,-0.017034738174904196,-0.13849762625204198,250.4359474182129,256.8542727661133,237.97615455627442,0.9172200801394894,0.8943004034428003,0.9652432622463596,242.05965465229934,247.63133785066861,-5.571683198369271,-3.276226551453642,-2.2954566469156292,31.490384825822062,0.022307493883762835,1421404.7,0.7596098422919243,0.04557121966434171,0.15962421807615995,0.9750118023002685,1.079327772335168,-0.002353470410634717
2024-09-19,233.3416220334884,233.43991852467437,222.7753941423716,229.16427612304688,794266,NIACL,-0.002353470410634717,-0.047005924759300544,-0.12516598447697092,248.79657516479492,256.1456655883789,238.10284141540527,0.9210909594364624,0.8946638843044465,0.9624592245971405,240.07575026318358,246.26340735232625,-6.187657089142675,-3.858512658991449,-2.329144430151226,28.41632918862814,0.022194302030410295,1382313.3,0.5745918815944258,0.04653659184024211,0.5990780040108773,0.9713089409235063,1.075777441653858,-0.0006433394524489877
2024-09-20,230.9335072920398,231.91641220922057,225.28180401825023,229.016845703125,1176685,NIACL,-0.0006433394524489877,-0.04722961541750337,-0.11133679060315438,247.3619483947754,255.34048614501953,238.145407333374,0.9258370060120457,0.8969076904359612,0.9616681180944625,238.37438033086687,244.98588426720025,-6.611503936333378,-4.409110914459835,-2.202393021873543,28.199057383647173,0.022106330276550137,1384659.45,0.849801010638392,0.02896995708154498,0.5629634150752325,0.9687533384513385,1.07220411682168,0.015450686155259907
2024-09-23,230.04890253200847,237.81384550231,229.8031762987972,232.5553131103516,1086506,NIACL,0.015450686155259907,-0.01784970896520177,-0.09931062808784241,246.07986297607422,254.39737243652343,238.17689582824707,0.9450399975757562,0.9141419617782341,0.9763974473747895,237.47913922001837,244.0651012185448,-6.585961998526443,-4.844481131273157,-1.7414808672532862,29.200035406035653,0.022553169198785947,1393407.95,0.7797472376987659,0.03444629622248868,0.34355891394785515,0.9673050496520966,1.0681026451027944,-0.010566412599909092
2024-09-24,232.94845586403525,233.73478276527365,229.0659845992223,230.09803771972656,572203,NIACL,-0.010566412599909092,-0.025192605799053913,-0.12307045557264717,244.46523666381836,253.3811215209961,238.08296913146972,0.9412300941427956,0.9081104240856389,0.9664615598466689,236.3435851430504,243.03050392233604,-6.686918779285634,-5.212968660875653,-1.4739501184099808,30.540637474540787,0.02201628167242149,1273090.15,0.44945992237863125,0.020290473627325004,0.22105327405427797,0.9648123553812634,1.06425555110193,0.016018881005961383
2024-09-25,230.09805720455276,240.8117152726072,227.05104582845823,233.7839508056641,3003857,NIACL,0.016018881005961383,0.017757877190813787,-0.11248667536574164,242.98370513916015,252.486376953125,238.12425796508788,0.9621383897812109,0.9259269891185731,0.9817729315084727,235.94979524499098,242.34557406184183,-6.39577881685085,-5.4495306920706925,-0.9462481247801575,31.939935092755505,0.022474092571321918,1322417.45,2.271489233600177,0.05886062493480441,0.48928615025111993,0.9623636255997723,1.0603135485261765,-0.00840870515587322
2024-09-26,233.78394032563375,235.8971798963632,228.5253930246018,231.8181304931641,1565796,NIACL,-0.00840870515587322,0.011580576235592055,-0.09274181291796824,241.79885864257812,251.46785858154297,238.10378578186035,0.9587230138080705,0.9218598822162909,0.9736011955120492,235.3141545139407,241.56576342712495,-6.251608913184242,-5.609946336293403,-0.6416625768908393,37.97024138401253,0.02175339046550527,1343695.15,1.1652911004404534,0.0317998719775664,0.4466674804687508,0.9615497583130311,1.0561270907801783,-0.01017598695350519
2024-09-27,231.9655627852608,234.1279506251966,228.7219735263876,229.4591522216797,638859,NIACL,-0.01017598695350519,0.0019313274409868963,-0.11163756919915946,240.3570899963379,250.5870684814453,238.1193058013916,0.954659387102647,0.9156863265618592,0.9636310312993476,234.41338493051592,240.66897741190678,-6.255592481390863,-5.739075565312895,-0.5165169160779683,27.35126370022921,0.021471153139728257,1325442.75,0.48199667620498887,0.0235596490550367,0.13636363636362944,0.9591759521067829,1.0523593105485227,-0.012850719535092647
2024-09-30,228.8694178309513,229.4591517873053,225.38010234691947,226.51043701171875,549820,NIACL,-0.012850719535092647,-0.025993283136749645,-0.12355009789706406,238.76057052612305,249.94455932617188,238.1390995788574,0.948692811851595,0.90624271887482,0.9511686128497855,233.19754678916252,239.62019664152245,-6.422649852359939,-5.875790422722305,-0.5468594296376343,31.284313775610215,0.021475316323453078,1244012.2,0.4419731574979731,0.018008218491825153,0.27710737055748014,0.9552541218332583,1.0495737985412397,0.006292057415133279
2024-10-01,226.51044449747715,230.1963380887724,226.51044449747715,227.93565368652344,589380,NIACL,0.006292057415133279,-0.009397663946343782,-0.1267676564552942,237.10609283447266,249.22093719482422,238.12457145690917,0.9613234774428541,0.9145927154119424,0.9572118168736337,232.38802477337188,238.75467494115213,-6.36665016778025,-5.973962371733894,-0.3926877960463564,42.14765162205574,0.02134232617569863,1220422.15,0.4829312545662991,0.016170763685633822,0.38666585286458577,0.951389138903362,1.046598995097501,-0.026304407332953916
2024-10-03,225.674983227562,227.4540387929761,221.25191093867812,221.93994140625,457144,NIACL,-0.026304407332953916,-0.05066220054284043,-0.13156746960393362,235.42489852905274,248.6777770996094,238.12175659179687,0.9427207690985215,0.8924799955781759,0.9320439450088269,230.7806273322762,237.509139123752,-6.728511791475796,-6.124872255682274,-0.6036395357935218,24.142721705791615,0.02156600688506148,1206343.3,0.37895017114945634,0.02794507295532391,0.11093458305524677,0.946706622822802,1.0443303487211726,-0.02728081624436518
2024-10-04,221.93993662760667,224.3873603094118,214.96130561178387,215.8852386474609,1080934,NIACL,-0.02728081624436518,-0.06873013690433938,-0.16292549780718601,233.32393798828124,247.9185336303711,238.08866821289064,0.9252597076357584,0.8707910436794147,0.9067430225382411,228.48902907307382,235.9073687181008,-7.418339645026975,-6.383565733551214,-1.034773911475761,20.70105911885932,0.021685255555371617,1226009.6,0.881668463281201,0.043662340031597136,0.09801906156024598,0.9411314861040226,1.0412865739947392,-0.06597159861763857
2024-10-07,216.5339633155783,218.58823105996947,200.72884993216184,201.6429443359375,1959917,NIACL,-0.06597159861763857,-0.12122509656476477,-0.17808498975846043,231.13943099975586,246.9105288696289,237.94218879699707,0.8723866086533305,0.8166640169581706,0.8474451099042858,224.3588621904375,233.3692632083109,-9.01040101787342,-6.9089327904156566,-2.1014682274577634,16.49488735894414,0.023618580091339318,1235848.8,1.585887367451423,0.08856933321730255,0.0511828711887664,0.9361262642704057,1.0376912565105605,0.016573297115552776
2024-10-08,201.6429468951029,206.3117454632132,198.5566259152592,204.98483276367188,1480147,NIACL,0.016573297115552776,-0.0950314013430349,-0.18867917007588564,228.75588760375976,245.32004119873048,237.8211961364746,0.8960854949392035,0.8355812748197625,0.8619283566551424,221.3782422786274,231.26671280500432,-9.88847052637692,-7.50484033760791,-2.3836301887690103,21.785765570864754,0.022620409078492665,1085981.7,1.3629575894326764,0.03783265055954137,0.8288984855312246,0.9324794113272127,1.0315314412006935,0.027427432390002338
2024-10-09,206.3117357267219,215.0595984718429,206.21345423395303,210.60704040527344,1399827,NIACL,0.027427432390002338,-0.07602414541553815,-0.1342626094728837,227.1227912902832,244.06533020019532,237.7500138092041,0.9272827231860621,0.8629125662072625,0.8858339775924763,219.7211342981114,229.73636670132055,-10.015232403209154,-8.00691875072816,-2.008313652480995,32.42267835645623,0.023166120776893343,1070135.9,1.3080833938941774,0.042003079388358185,0.49666680230034826,0.9305819515782313,1.0265628434245195,-0.015867885619130218
2024-10-10,213.2903638288179,213.2903638288179,206.60660749265887,207.26515197753903,842918,NIACL,-0.015867885619130218,-0.06612054295287706,-0.11306000728836385,225.801766204834,242.63923431396483,237.69284233093262,0.9179075764603203,0.8542112019251872,0.8719873511755561,217.80482932571567,228.07183227733674,-10.267002951621066,-8.45893559090674,-1.8080673607143254,30.83278331917232,0.02199846517246854,1053844.25,0.7998506420659409,0.03224737140994808,0.09852909827329431,0.93060698465878,1.0208100165512999,-0.005643314683756673
2024-10-11,207.26514871712376,209.60446714746507,205.71215719595037,206.09548950195312,639868,NIACL,-0.005643314683756673,-0.04534700569080763,-0.14293892681713438,224.08315658569336,241.0485287475586,237.61909477233885,0.9197277146671154,0.8549958407661117,0.8673355552482502,216.0033924297522,226.4439550347157,-10.440562604963503,-8.855260993718094,-1.5853016112454092,30.290755099406056,0.020424112640298298,1019189.7,0.6278203164729785,0.018885954083327078,0.09848452738291866,0.929618437208416,1.014432484807273,0.030331967736838994
2024-10-14,206.9014846101575,215.04975975651908,205.9873902382064,212.3467712402344,1594126,NIACL,0.030331967736838994,0.05308307186024974,-0.11658151487391266,222.68202514648436,239.83699920654297,237.58147994995116,0.9535873903632265,0.8853795366967775,0.8937850344436246,215.44083532367253,225.39971919808747,-9.958883874414937,-9.075985569857464,-0.8828983045574734,33.397942096808876,0.022074355226885452,1072565.05,1.4862744222366746,0.04267721833199035,0.7017349037883922,0.928472361992467,1.009493666160624,-0.012636495841800155
2024-10-15,213.77200263177403,216.24891230328367,208.39551136406516,209.6634521484375,588876,NIACL,-0.012636495841800155,0.02282422226896963,-0.11452884996338386,221.32610778808595,238.58935760498048,237.58701286315917,0.9473055584982539,0.8787628008771705,0.8824701721772791,214.55200714286713,224.23406978700228,-9.682062644135158,-9.197200984713003,-0.48486165942215464,33.27435900702325,0.022031229290635692,1076455.35,0.5470510225993117,0.037457176530979124,0.16145117181531723,0.927644510257342,1.0042188532518763,-0.006844508760377344
2024-10-16,208.6215647738278,214.469845922199,206.90148120089876,208.22840881347656,1145600,NIACL,-0.006844508760377344,-0.01129416940297745,-0.11784300898159072,219.93529739379883,237.66117889404296,237.57293617248536,0.946771215357211,0.8761565931064893,0.8764820276594816,213.57914586142243,223.0484652704448,-9.469319409022376,-9.251624669574877,-0.21769473944749862,28.282663247512147,0.022022818847337842,1112322.1,1.0299175032124237,0.03634645610762798,0.17532553747619067,0.9254153262104835,1.0003714342339631,-0.015482626736009086
2024-10-17,210.0271158203171,211.3147338620307,204.44422308133736,205.0044860839844,594079,NIACL,-0.015482626736009086,-0.010907120043988972,-0.10753099238677655,218.70027770996094,236.81285858154297,237.53713218688964,0.9373764323969455,0.8656813963224643,0.8630418503271767,212.25996743412426,221.7118742195959,-9.451906785471635,-9.291681092754228,-0.1602256927174075,27.690557653854725,0.021599007969242103,1088040.4,0.5460082180771965,0.033513953337970796,0.08154604810772292,0.9235152137427317,0.9969509036390284,0.003404124129691155
2024-10-18,204.23781302653265,206.2036229271595,199.67713465699595,205.7023468017578,500129,NIACL,0.003404124129691155,-0.0019075754697270852,-0.10238039592476222,217.52718124389648,235.78929748535157,237.5282234954834,0.945639738562693,0.8723989977303236,0.866012231197735,211.2511027214525,220.52598329975606,-9.274880578303566,-9.288320989864095,0.013440411560528887,29.67200520588524,0.021680622460967136,1073333.55,0.46595860159220776,0.03172782601480647,0.9231935913080058,0.922549002706157,0.9926790762607421,-0.008648674952111857
2024-10-21,207.6779832306851,211.90447757519252,202.9698750525309,203.9232940673828,818163,NIACL,-0.008648674952111857,-0.03966849659946958,-0.10957076785640041,216.2725036621094,234.79062072753905,237.50798141479493,0.9428997704950038,0.8685325394834404,0.8585955421482941,210.12374754390333,219.2961544677284,-9.172406923825065,-9.26513817665629,0.09273125283122496,30.27807880769238,0.021666760973379606,1055407.45,0.7752105596753178,0.04381354549769741,0.10671084834872775,0.9211292299153684,0.9885588658070814,-0.06362367788791601
2024-10-22,202.47841466942415,204.12968774538743,189.0617684344365,190.94894409179688,1042317,NIACL,-0.06362367788791601,-0.08925975349958049,-0.17890956117958812,214.19218521118165,233.69922393798828,237.42189239501954,0.8914841776488334,0.8170713658102043,0.8042600543933768,207.1737777820408,217.19636110654827,-10.02258332450748,-9.416627206226527,-0.6059561182809521,23.12527482176914,0.02464159398721622,1053198.0,0.9896686093213242,0.07891072340105312,0.12524460865601006,0.9165292960836584,0.9843204498983711,0.018324952073792478
2024-10-23,191.0079072585085,197.91772736971683,186.14253109882668,194.4480743408203,935046,NIACL,0.018324952073792478,-0.06617893567539179,-0.1549338000975483,212.40968704223633,232.77533477783203,237.3684152984619,0.9154388250765396,0.8353465564829176,0.8191825946865151,205.21597725262228,215.51130282760545,-10.295325574983167,-9.592366879977856,-0.7029586950053108,29.272259771635646,0.025411410312703088,1071340.15,0.8727816277584669,0.06055702176947809,0.7053422338722319,0.912509425644116,0.9806499929029958,0.0016176281446893537
2024-10-24,194.44809721866608,199.1365582504616,192.5019495254064,194.7626190185547,587616,NIACL,0.0016176281446893537,-0.04995923387371104,-0.16691193579642427,210.45862045288087,232.01280059814454,237.28603439331056,0.9254200117792736,0.8394477309719275,0.8207925911717514,203.60776829353497,213.9743632861943,-10.366594992659316,-9.747212502514149,-0.619382490145167,32.56531965990402,0.02489167034758108,950528.1,0.6181995040441204,0.0340651032445972,0.340738932291668,0.9070991769001729,0.9777768893620371,-0.03946501568517535
2024-10-25,193.3275855623949,195.3032191999817,183.96050217460103,187.0763092041016,896127,NIACL,-0.03946501568517535,-0.09054849342874416,-0.19300397770390032,208.22152938842774,231.13262481689452,237.17960693359376,0.8984484445655919,0.8093894548738207,0.7887537702871721,201.0644668951606,211.9819148356689,-10.91744794050831,-9.98125959011298,-0.9361883503953301,36.51748376190054,0.025818185948800643,917044.65,0.9771901509921027,0.06063149884470769,0.27469670825152154,0.9008746798656522,0.9745046288132508,0.018073800065626644
2024-10-28,187.095956014102,192.64936276819327,185.61175999817644,190.45748901367188,1257980,NIACL,0.018073800065626644,-0.06603367759085632,-0.16997214027152174,206.27144622802734,230.29569122314453,237.066435546875,0.923334239888571,0.8270128199191035,0.8033928910025427,199.43262414416233,210.38751292292838,-10.954888778766048,-10.175985427843594,-0.7789033509224534,36.5636237390131,0.026588955919013415,948000.7,1.3269821425237345,0.036951042494903635,0.6885482420434831,0.8956808750197635,0.9714394646036187,0.014140483656953418
2024-10-29,190.6344157038941,194.1237313428084,186.75194407662585,193.1506500244141,713224,NIACL,0.014140483656953418,0.011530338348238134,-0.1472770413028639,204.60345687866212,229.24442779541016,236.92064949035645,0.944024372662286,0.8425533038333736,0.8152546029225538,198.46616658727797,209.11070826377917,-10.644541676501206,-10.269696677575118,-0.374844998926088,32.929641033966405,0.027060224265302815,956170.9,0.7459168648617104,0.03816599770826957,0.867999267578129,0.8925122361589571,0.9676000310168881,0.018116146683276435
2024-10-30,192.6493652887005,200.5126046882393,191.66646036375815,196.64979553222656,1052563,NIACL,0.018116146683276435,0.011322926178981785,-0.1372574129948264,203.03916397094727,228.12953857421874,236.78626388549804,0.9685313497467171,0.8620093511838202,0.8304949463931737,198.18672488650083,208.18767769107157,-10.000952804570744,-10.215947902974243,0.21499509840349873,39.65122063258211,0.02750474290320679,979330.05,1.0747786203435705,0.044984253863775095,0.5633341471354192,0.8900169843849105,0.9634407622755288,-0.02064280033871213
2024-10-31,204.44422404144683,205.5057631583378,191.7647565303596,192.59039306640625,2627311,NIACL,-0.02064280033871213,-0.011153197482631327,-0.1322409484019862,201.5716865539551,226.64868835449218,236.66620254516602,0.9554436754432533,0.8497308961487714,0.8137638200775701,197.32575076033243,207.03232327442967,-9.706572514097246,-10.114072825198843,0.4075003111015967,37.53629678447807,0.027324014493929186,1087838.4,2.4151666276902897,0.0713483492566539,0.06008559331931124,0.8893573927888118,0.957672392242986,0.018475068620438462
2024-11-01,193.6224558150748,197.1903906644956,193.6224558150748,196.1485137939453,239086,NIACL,0.018475068620438462,0.048494673796166676,-0.09142229907504484,200.5848503112793,225.33262420654296,236.56758895874023,0.9778829931051651,0.8704843095163748,0.8291436483640858,197.14463738088824,206.22611516476417,-9.081477783875926,-9.90755381693426,0.8260760330583352,34.268814919336734,0.027425894532590565,1045746.0,0.22862721922914359,0.018189966267952058,0.7079888185964446,0.89017225542725,0.9525084361655444,-0.04945884370408571
2024-11-04,196.08952989191027,196.08952989191027,185.77885196851128,186.44723510742188,1049346,NIACL,-0.04945884370408571,-0.02105590033249949,-0.07535948891521616,199.8250648498535,223.9073812866211,236.44850730895996,0.9330522937526201,0.8326980291406876,0.7885320877234256,195.49888318497034,204.76101293829439,-9.262129753324047,-9.77846900421222,0.5163392508881728,30.157928231986233,0.02566749167781846,1000217.45,1.0491178693193166,0.055300782108452746,0.06482436401138802,0.892445187387815,0.9469604347895004,0.0003163105083998641
2024-11-05,187.19424077804288,187.2433890240937,184.3044978863473,186.50621032714844,948087,NIACL,0.0003163105083998641,-0.03440029684821566,-0.09014629125183882,198.90113372802733,222.47356506347657,236.33947303771973,0.9376829927081893,0.8383297596455297,0.7891454099052767,194.11539505299774,203.40880533746878,-9.293410284471037,-9.681457260263983,0.3880469757929461,30.98761217766362,0.02524930601294174,973614.45,0.973780740415264,0.015757604707056776,0.7491643404285692,0.8940438998731219,0.9413305454394825,0.020764188708201292
2024-11-06,186.99766507600484,191.88270383393584,186.12288027819497,190.3788604736328,1860363,NIACL,0.020764188708201292,-0.03188884606577724,-0.09604702621866446,197.8897247314453,221.03333099365236,236.24248764038086,0.9620452033676562,0.8613129052427849,0.805862071531503,193.5405435792493,202.4436242364439,-8.903080657194607,-9.525781939650109,0.6227012824555018,37.34263551232541,0.024847953819353955,996641.25,1.8666325520843132,0.030254533205059247,0.7389080853346403,0.8952935914318204,0.9356205702088586,-0.002891236434981126
2024-11-07,190.8309823860365,194.4677425534593,188.71774282750812,189.82843017578125,870260,NIACL,-0.002891236434981126,-0.01434112494735218,-0.0841276096603416,197.01788864135742,219.5616079711914,236.13372917175292,0.9635086005887337,0.8645793403038321,0.8039022245640677,192.96944920948496,201.50916541713553,-8.53971620765057,-9.328568793250202,0.7888525855996313,36.22718935703237,0.024711064891172804,998008.35,0.8719967122519566,0.030290508753755517,0.1931630262972579,0.8973239468496153,0.9298189154989048,-0.040594437758448176
2024-11-08,190.43783426726063,190.66389820658068,181.20835737675455,182.12245178222656,1178369,NIACL,-0.040594437758448176,-0.07150735807487774,-0.11632005036917303,195.8192367553711,218.09375579833986,235.95401374816893,0.9300539354555071,0.8350649522979735,0.77185570564866,191.30068037452213,200.07311255529044,-8.772432180768305,-9.217341470753823,0.4449092899855174,32.84874522162396,0.02602759264771609,1024933.4,1.149702995336087,0.051918589593405125,0.09667288438844611,0.8978672316342479,0.9243061914221509,-0.002536534262231438
2024-11-11,182.0831338539694,186.1621832150853,179.30151116996987,181.66049194335935,900080,NIACL,-0.002536534262231438,-0.025673446759908458,-0.14451022314890172,194.28492279052733,216.56107513427733,235.7758895111084,0.9350210471000917,0.8388418455658382,0.7704795105217939,189.81757446203557,198.70921473218442,-8.891640270148855,-9.15220123063283,0.2605609604839749,40.90121508855023,0.024623492927169345,990231.1,0.9089595347995029,0.037766450876146135,0.3438410636562922,0.8971368592904435,0.9185039046330232,-0.020290035481670077
2024-11-12,182.8203079836489,184.67799761001683,176.85406815312913,177.97459411621094,678846,NIACL,-0.020290035481670077,-0.045744408167279205,-0.15114154473518582,192.70047988891602,214.95175048828125,235.58713775634766,0.9235814784623579,0.8279746208715512,0.7554512347795421,187.99557748575486,197.173316908779,-9.177739423024121,-9.15730886911109,-0.020430553913032057,33.921734608229215,0.024766909597475607,994729.6,0.6824427462498351,0.04396093440044008,0.14321779986083114,0.8964824871217864,0.9124086846820634,-0.037720224116735035
2024-11-13,176.628004811609,178.16133403233658,170.7404141499163,171.2613525390625,753985,NIACL,-0.037720224116735035,-0.100418228615346,-0.1775312815626796,190.8521270751953,213.15647338867188,235.2590054321289,0.8973510285876243,0.8034536780254505,0.7279693809148172,185.42108134010988,195.25391214065183,-9.832830800541956,-9.292413255397262,-0.5404175451446935,29.60941204880143,0.025646782512640336,975148.85,0.7731999068655006,0.04333096622442986,0.07019862731307489,0.8953616282025525,0.9060502189794665,0.010388029562935275
2024-11-14,171.26136496124036,176.42161598110036,171.02546237250286,173.04042053222656,778429,NIACL,0.010388029562935275,-0.08843780474826124,-0.1559188589593259,189.25392379760743,211.50600524902345,235.0173006439209,0.914329367972735,0.8181347868988014,0.7362880096831822,183.5163642927432,193.60846831780552,-10.092104025062326,-9.452351409330277,-0.6397526157320499,36.43101717807119,0.025974490438211345,984366.35,0.7907919648005034,0.03118435329734151,0.3734063753324855,0.8947922002251576,0.8999592994622986,-0.004885022781870529
2024-11-18,173.48271717230838,175.0848569800956,169.1972511510239,172.1951141357422,683656,NIACL,-0.004885022781870529,-0.054509136843572836,-0.16289183466782542,187.57856216430665,209.79181854248046,234.72967742919923,0.9179893061815371,0.8207904165761098,0.7335890204496228,181.77463349935843,192.02229393394896,-10.247660434590529,-9.611413214382328,-0.636247220208201,31.434870971714943,0.025846873756369796,993542.7,0.688099263373381,0.03419148016261644,0.5091820124770425,0.8941176232109553,0.8937592418656107,0.007249282431097015
2024-11-19,173.72844097310707,177.86647719877303,172.49980984882765,173.4434051513672,625040,NIACL,0.007249282431097015,-0.04523320785982565,-0.14946742134296875,186.05456771850587,208.35402496337892,234.46853218078613,0.9322179362657791,0.832445666369307,0.7397299907931111,180.49290606120593,190.646079950054,-10.153173888848073,-9.719765349275477,-0.4334085395725964,29.359709167339958,0.026086289643932302,983886.55,0.6352764960553633,0.030941893381658335,0.1758251892674398,0.8929732351040855,0.8886225500090916,-0.033435305860838205
2024-11-21,173.44342026114927,173.97418235398317,165.91436447615496,167.64427185058594,842244,NIACL,-0.033435305860838205,-0.05804380291986888,-0.12204661487945934,184.88933410644532,206.65379638671874,234.148158493042,0.9067276523050758,0.8112324805147404,0.7159751882292412,178.51619310572593,188.94224231305637,-10.426049207330436,-9.861022120886469,-0.5650270864439673,21.017508059391275,0.023419082272928986,973882.9,0.8648308744305911,0.04807690587252259,0.2146335563226298,0.894681526974976,0.8825770730665803,0.025680149744214287
2024-11-22,169.42332882473582,172.79470074926988,167.0545391903105,171.94940185546875,645196,NIACL,0.025680149744214287,0.004017539895635913,-0.11570529850512612,183.76440048217773,205.22740509033204,233.80688705444337,0.9357057264861545,0.8378481508343597,0.7354334340691567,177.50591752876326,187.6835133902721,-10.177595861508848,-9.924336869010945,-0.2532589924979032,29.47618394493354,0.02387810515404765,959390.4,0.6725062081088158,0.03338285272887574,0.8527395291720029,0.8954184281640786,0.8777645845930261,0.031210566164717735
2024-11-25,178.88869389667025,179.38014635243033,175.93997916210975,177.3160400390625,703683,NIACL,0.031210566164717735,0.02470879054549946,-0.08957868336033248,182.89207153320314,204.1000128173828,233.50732147216797,0.9695119014870563,0.868770352296425,0.7593596591368422,177.47670560727084,186.9155524012936,-9.438846794022766,-9.82723885401331,0.3883920599905437,31.9245197246305,0.025243381941676555,965193.75,0.7290588029605455,0.019401331033349917,0.3999982561383937,0.896090446093429,0.8740625841220561,0.04894676549818833
2024-11-26,183.79338933234845,189.29764767422031,181.39509901997312,185.99508666992188,4702444,NIACL,0.04894676549818833,0.08014148719284275,-0.005779580208630786,182.83801040649413,203.01056091308592,233.26773025512696,1.0172670674790694,0.9161842902820765,0.7973459786593603,178.7872257707556,186.84736975452535,-8.060143983769734,-9.473819879964594,1.4136758961948601,49.55733995251921,0.026485801198828995,1155509.6,4.069584536554261,0.04248794307277341,0.5820891273445701,0.9006329995057342,0.870289948339839,0.009300887806051206
2024-11-27,186.45705042518716,188.7177346207525,184.91389758164317,187.7250061035156,764142,NIACL,0.009300887806051206,0.08234156230780054,-0.014346943899696818,182.70138626098634,201.95767303466798,233.02581710815429,1.0274963422300096,0.9295264858359246,0.8055974588274345,180.16226889887253,186.91237985445056,-6.750110955578037,-8.929078095087283,2.178967139509245,51.155416752855785,0.026243041019550977,1130817.7,0.6757428717290153,0.02026281483784756,0.7390191779957646,0.9046518684616844,0.8666750986691459,0.013979887091873922
2024-11-28,187.73484966791688,194.3203099812873,187.73484966791688,190.3493804931641,1245853,NIACL,0.013979887091873922,0.1354362328753722,-0.01450302927220759,182.56132278442382,201.02902465820313,232.68219032287598,1.0426599544194624,0.946875113266868,0.8180659646921419,181.72951683645584,187.1669724943553,-5.437455657899449,-8.230753607649715,2.793297949750267,49.971375555672786,0.02623838407485827,1157449.15,1.0763781717754082,0.03459669948128315,0.39701565279179485,0.908134151746601,0.8639639517715125,0.003872706895543976
2024-11-29,190.68355323748312,197.46559114211504,190.0544946926997,191.0865478515625,1668885,NIACL,0.003872706895543976,0.11129521702075706,-0.028290126951860284,182.2831604003906,200.12986328125,232.29104881286622,1.0482951218962573,0.9548127636654675,0.822616923157904,183.16906006954918,187.45731140970398,-4.288251340154801,-7.442253154150733,3.154001813995932,51.21719197301664,0.02590044609805312,1188265.25,1.4044717709282502,0.03878397790289422,0.1392578231719293,0.9108243887831036,0.8615478913372797,0.005143795663803186
2024-12-02,191.08655306738825,193.43569527508467,188.82586870482456,192.0694580078125,685148,NIACL,0.005143795663803186,0.08320407993264367,-0.002704886003395468,182.25711364746093,199.37715484619142,231.92091346740722,1.0538379225039827,0.9633473712471401,0.8281679092075704,184.53835206005124,187.79895189845274,-3.260599838401504,-6.605922491000888,3.3453226525993838,61.06253349457112,0.025516087129294242,1091157.1,0.6279095833221449,0.024000830835231517,0.7036250178940944,0.9141323828603248,0.859677343734724,0.01064432041275376
2024-12-03,193.1899737939466,195.9912439443252,193.0425290504912,194.1139068603516,767249,NIACL,0.01064432041275376,0.0436507239830366,-0.010372787915849724,182.15538330078124,198.6761474609375,231.4071549987793,1.0656501243217393,0.9770367975275799,0.8388414215687305,186.01151433702051,188.26672634007488,-2.2552120030543676,-5.735780393411584,3.4805683903572167,63.37909492954788,0.02527949449942653,1117565.25,0.6865362000115877,0.015190642141654194,0.3633371988932308,0.916845759436701,0.8585566313279532,0.03417896813484034
2024-12-04,195.0083433762813,203.85448825722443,194.12373488736296,200.7485198974609,2323235,NIACL,0.03417896813484034,0.06937548739118893,0.07670419345076018,182.8704475402832,198.11078094482423,230.99215492248535,1.0977635949255249,1.0133144644630487,0.8690707265137494,188.27874596170363,189.19130364062198,-0.9125576789183469,-4.7711358505129375,3.8585781715945906,73.00894451073432,0.02356441573385095,1181259.7,1.9667436381686432,0.04847235424117591,0.6808090554033085,0.9230716605534678,0.8576515553582535,0.002203210564100555
2024-12-05,201.4463610380358,202.6651685422299,197.66218608195723,201.19081115722656,870693,NIACL,0.002203210564100555,0.05695542920063157,0.07873518422962977,183.60467758178712,197.48349090576173,230.7948963165283,1.0957826010048446,1.018772811005422,0.8717298968400903,190.26521753024562,190.08015604925936,0.1850614809862634,-3.7798963842130973,3.9649578651993607,84.62587872927035,0.023552808173774645,1177390.0,0.7395111220581115,0.02486685366740207,0.7053043066389267,0.9297216528818729,0.8556666289315125,0.006204513061232708
2024-12-06,201.7903813317524,205.9972131531626,200.5126019472069,202.4391021728516,828504,NIACL,0.006204513061232708,0.05941053647642347,0.06334863896766052,184.20768966674805,196.9303121948242,230.6367938232422,1.098972049098961,1.027973296323105,0.8777398385445775,192.1381228598773,190.99563353989583,1.142489319981479,-2.795419243374182,3.937908563355661,84.43471696170823,0.023232174827377987,1125797.05,0.7359266041779022,0.027092647354623686,0.3512555682256435,0.9353953061553592,0.8538547077867796,0.011215832548745475
2024-12-09,202.4784267307428,206.70492116208897,201.7412479926454,204.70962524414065,683869,NIACL,0.011215832548745475,0.06581039675664635,0.07839286799442746,184.951749420166,196.34882568359376,230.43664909362792,1.1068271907993121,1.0425813575988476,0.8883553291081133,194.072200149764,192.0114847772473,2.060715372516711,-1.8241923201960035,3.8849076927127144,86.8538468855663,0.02324741769490867,1116477.5,0.6125237633539413,0.02424738535632499,0.598020286623345,0.9419549558101582,0.8520729079158582,-0.009026785481352606
2024-12-10,203.5596244961788,206.3117464031464,200.7583393433745,202.86175537109372,1001275,NIACL,-0.009026785481352606,0.0450655424551083,0.11387560065173208,185.98871459960938,195.76969818115234,230.24506332397462,1.0907207773751655,1.0362265317658041,0.8810688595987388,195.42443941458396,192.8152085249396,2.6092308896443512,-0.9375076782279327,3.546738567872284,82.89733809421583,0.021022823179991226,1107622.8,0.9039855445373641,0.027375327841431162,0.3787613630839472,0.950038317102107,0.850266647870263,0.017636513305856028
2024-12-11,201.6920966193892,209.06388388616463,201.0040661407447,206.4395294189453,2072535,NIACL,0.017636513305856028,0.028348948846005362,0.13640300766834823,187.22766647338867,195.30930572509766,229.88338722229003,1.1026123078251755,1.0569876773281541,0.8980184776002311,197.11906864602417,193.82441748005115,3.294651165973022,-0.0910759093877418,3.385727075360764,95.65114967913831,0.02109489090760394,1166245.55,1.777100028377386,0.039042027309912436,0.674390346021083,0.9586213302960378,0.8496016527555325,-0.017711810606094947
2024-12-12,208.130116734804,208.130116734804,201.59380501834107,202.7831115722656,760027,NIACL,-0.017711810606094947,0.007914379418624051,0.1393935891763045,188.4680923461914,194.83475921630858,229.4517407989502,1.0759546034974417,1.0407953508292256,0.8837723822280689,197.99045986544593,194.4880244498448,3.502435415601127,0.627626355610032,2.874809059991095,86.8451550885135,0.020928981895441984,1170304.6,0.6494266535395998,0.03223301815315914,0.18195376926853588,0.9673227359649477,0.8491317544068073,-0.020503034178470658
2024-12-13,201.4955232806396,203.3630367655281,195.539121431136,198.6254425048828,728605,NIACL,-0.020503034178470658,-0.018838552567342015,0.15977971422115744,189.83629684448243,194.2485549926758,229.08293365478517,1.0462985519971484,1.02253240706152,0.8670460052873251,198.08814950228236,194.7944998613291,3.2936496409532765,1.160831012678681,2.1328186282745953,76.22158925550464,0.01929357338474007,1169035.6,0.6232530472125912,0.039390297817459924,0.3944727085913185,0.9772855033677871,0.8479398787750694,0.056215366275036205
2024-12-16,199.52971396061935,211.1279958997902,199.52971396061935,209.79124450683597,3370954,NIACL,0.056215366275036205,0.024823548265670903,0.21238288638905045,191.6738380432129,194.0055810546875,228.76800498962402,1.094522062314725,1.0813670584440491,0.9170480134070813,199.88862565682908,195.90536983507033,3.983255821758746,1.725315974494694,2.257939847264052,77.59290170235002,0.022150117143629862,1298661.85,2.595713426093174,0.05528487123681141,0.8847457407946241,0.9879810518914025,0.8480450798331122,-0.026518089220219476
2024-12-17,211.8061850436308,212.01258667645857,203.46131693528784,204.2279815673828,1206805,NIACL,-0.026518089220219476,0.006734764735668586,0.18602657568082326,193.2754814147949,193.77243591308593,228.41209426879882,1.0566678198000832,1.0539578583766505,0.894120699786782,200.55621887383737,196.5218595930194,4.0343592808179665,2.1871246357593486,1.847234645058618,67.57377551030352,0.02340318049413817,1324819.3,0.9109204553405886,0.04187119549212863,0.0896550635520019,0.9974353705368398,0.8483457784203475,-0.0009624720334332482
2024-12-18,204.15920029360737,211.0788447638383,202.6356945727903,204.0314178466797,1984967,NIACL,-0.0009624720334332482,-0.011664973171773951,0.1763573118771382,194.80488204956055,193.8202053833008,228.0681226348877,1.0473629597987786,1.0526839420234082,0.8946073457767346,201.09086486965927,197.07812316736462,4.012741702294647,2.5522480490664083,1.460493653228239,65.3642354602248,0.023504085084531678,1392815.65,1.4251469675832549,0.04138161798881704,0.16530835556724166,1.005080361277672,0.8498347035266559,-0.010694764042337046
2024-12-19,199.52969382187712,204.1984920763299,198.1044847227371,201.84934997558597,781337,NIACL,-0.010694764042337046,-0.004604730588458672,0.20403368243613795,196.51513595581054,193.75749572753907,227.78199569702147,1.0271440364826396,1.0417627933188485,0.8861514684596531,201.2075548859557,197.431547375381,3.7760075105746864,2.796999941368064,0.9790075692066225,61.706203988883146,0.021866016984037184,1389770.3,0.562205855169016,0.03019086935048276,0.6145160377335332,1.014232431204361,0.8506269125206048,0.04255942083391928
2024-12-20,202.1835313919829,218.00830600420775,202.0852499024661,210.43994140625,14436783,NIACL,0.04255942083391928,0.05948129681864267,0.22384805725078527,198.4396629333496,193.7541537475586,227.50688232421874,1.0604731851259541,1.0861183481022618,0.92498274890143,202.62792204292404,198.39513211840836,4.232789924515686,3.0841579379975883,1.1486319865180974,67.14362202033432,0.0228259985913792,2079349.65,6.942931892190426,0.0756655604223084,0.5246914568661268,1.0241827547702318,0.8516408460621454,-0.05534800258016037
2024-12-23,204.454037667571,206.08566335972043,196.0895225798391,198.79251098632807,3080164,NIACL,-0.05534800258016037,-0.05242703786977876,0.12111973029926859,199.51348648071288,193.5847009277344,227.24740692138673,0.9963863320364836,1.0269019712489458,0.8747845076846036,202.03785880344773,198.4245675901061,3.6132912133416255,3.189984593066396,0.4233066202752296,53.7025305985232,0.02657036037493214,2198173.7,1.4012377638764397,0.05028429255349973,0.2704031951940015,1.0306263125369175,0.8518675902634282,-0.020964124682819052
2024-12-24,197.56389114312847,198.7630363588572,193.6322714188871,194.625,1158713,NIACL,-0.020964124682819052,-0.047020890544395955,0.04639860914924743,199.9449821472168,193.3552911376953,226.96197387695312,0.9733927699005731,1.0065667138190726,0.8575225033313971,200.89741898753272,198.14311813898712,2.754300848545597,3.1028478441622362,-0.34854699561663915,44.957082974256856,0.025195350842125368,2020987.15,0.573340112528672,0.026362311830289562,0.193485492461227,1.0340807379552326,0.8519281350739503,0.04343217814206013
2024-12-26,195.59808057269828,209.68310998354025,193.6420943677133,203.07798767089844,5626807,NIACL,0.04343217814206013,-0.004672957654480947,0.08178442438785627,200.71263122558594,193.1699154663086,226.6666300201416,1.0117847911756686,1.0512920046616572,0.8959324433987169,201.2328910926659,198.50866403023983,2.724227062426081,3.0271236878150054,-0.30289662538892426,51.372996035032386,0.026781163823344844,2264120.4,2.4852066171039313,0.07898943553558595,0.5882354041146352,1.039047052130604,0.8522203530759843,0.0052272464803491125
2024-12-27,202.4391050455752,207.8942153834931,200.8369652177449,204.1395263671875,1964176,NIACL,0.0052272464803491125,0.011345968624018488,0.07244649726884012,201.40213851928712,193.0594369506836,226.3424602508545,1.0135916523430473,1.057392115047628,0.9019055732669002,201.68006575028463,198.9257649440878,2.7543008061968237,2.972559111491369,-0.21825830529454526,51.24049720963543,0.026685621916653614,2300036.55,0.8539759944249582,0.03457071881833538,0.4679671361901428,1.0432131249338237,0.852952807602765,-0.04001154689528452
2024-12-30,204.11003968855331,204.11003968855331,195.45064972597515,195.9715881347656,933732,NIACL,-0.04001154689528452,-0.06875288585807737,0.025564543072900348,201.64639053344726,192.81430053710938,225.99354225158692,0.9718576544629973,1.0163747584533989,0.8671556991509101,200.80183842482018,198.70693703228616,2.0949013925340125,2.7970275676998977,-0.7021261751658852,44.130457955803344,0.02842998188471735,2263278.9,0.41255719743598546,0.04418696630974525,0.06015878844141389,1.045806197837686,0.853185000845994,0.015748808279311355
2024-12-31,195.1066251563118,203.85447287951,194.231840383992,199.0579071044922,1652557,NIACL,0.015748808279311355,0.0013350408264745095,0.03638500972078251,201.99581298828124,192.69536895751952,225.72003364562988,0.985455609993463,1.03301863548353,0.8818796625602315,200.53354129861586,198.73293481541253,1.8006064832033246,2.597743350800583,-0.7971368675972585,47.486683269605415,0.028597059161791318,2311649.35,0.7148822116987595,0.0483408704305666,0.5015328937011836,1.048265010628315,0.8536919202308929,0.02063990235989377
2025-01-01,198.54679277154167,207.3929370039371,198.54679277154167,203.16644287109372,2059901,NIACL,0.02063990235989377,0.043886668573378085,0.04663517497102698,202.44843978881835,192.64465087890625,225.47877075195314,1.0035465972621194,1.0546176182114775,0.9010446624023644,200.93860307899706,199.06134281953706,1.8772602594600016,2.4536467325324667,-0.576386473072465,47.852436061653755,0.028839160120260086,2376281.95,0.8668588338180997,0.04354136493893426,0.5222218831380167,1.0508905327253266,0.8543804378410091,-0.008369611488521334
2025-01-02,203.26473644461683,204.19849310060349,199.942513081233,201.4660186767578,672038,NIACL,-0.008369611488521334,-0.007937684495637809,0.003574117406511368,202.48431472778321,192.59550537109374,225.26070121765136,0.9949709879879122,1.046057737892545,0.8943682479355214,201.019743940191,199.23946695710896,1.7802769830820466,2.318972782642383,-0.5386957995603363,49.11305253496795,0.027948543962582447,2293722.1,0.2929901577876413,0.021125051496644728,0.35796822085413976,1.0513449643470947,0.85498937155933,-0.0015123518199308128
2025-01-03,201.49551526110005,205.72200955640852,200.61090680303192,201.1613311767578,833090,NIACL,-0.0015123518199308128,-0.01458901783220945,-0.00014652746961540952,202.48284072875975,192.79975311279296,225.09279640197755,0.9934734738645227,1.0433692363655316,0.8936817809909732,201.0415265919705,199.38182726967554,1.659699322294955,2.1871180905728975,-0.5274187682779425,51.801168323055414,0.02794931585448266,2291841.95,0.36350237851261946,0.025407978379729156,0.1076919013929541,1.050223547798331,0.8565345324000743,-0.049936476494634285
2025-01-06,201.49551708334576,201.49551708334576,190.19211002745075,191.1160430908203,775318,NIACL,-0.049936476494634285,-0.024776780604575332,-0.055933161926213004,201.91668777465821,192.73311248779297,224.98681884765625,0.9465094004716857,0.9916097998102165,0.8494543994607496,199.51452913025508,198.7695469601307,0.7449821701243877,1.8986909064831956,-1.1537087363588079,36.52099463966645,0.03007046865536644,2289182.65,0.3386876971132033,0.059144208267871645,0.08173934273097827,1.0476491826875203,0.8566417956169111,0.018051763910859497
2025-01-07,192.4527852137672,197.35747113729656,185.2775763400042,194.56602478027344,1396905,NIACL,0.018051763910859497,-0.022565706580351064,-0.049551165226206395,201.40950775146484,192.72918060302734,224.81397598266602,0.9660220460911104,1.0095307009115009,0.8654534217893783,198.75322076871944,198.45817494680796,0.29504582191148643,1.5779618895688539,-1.2829160676573674,42.80696214035151,0.030272082006890327,2324834.45,0.600862138807346,0.06208635249105991,0.7689179911029682,1.0450389874604238,0.8572829147325229,-0.0173275532211824
2025-01-08,194.54636605157643,195.88311735942509,190.31004819302396,191.19467163085935,470073,NIACL,-0.0173275532211824,-0.05892592827364851,-0.05751248538144538,200.82615356445314,192.8115478515625,224.62939643859863,0.9520406990690948,0.99161421481898,0.8511560582104021,197.59036705520253,197.9201376641451,-0.3297706089425674,1.1964153898665697,-1.526185998809137,40.87478194882268,0.030428512579858628,2298274.35,0.20453302278729255,0.029148663604815737,0.1587318246772528,1.0415670420272791,0.8583540307212935,0.005038014757065001
2025-01-09,192.54124552957936,195.59808045214092,187.2630508714927,192.1579132080078,1730812,NIACL,0.005038014757065001,-0.046201863370737395,-0.06918062762076249,200.11207275390626,192.84555633544923,224.46377410888672,0.9602514759033038,0.9964342288175659,0.8560753910998242,196.7546049248649,197.49330622294974,-0.738701298084834,0.809392052276289,-1.548093350361123,42.98919179302143,0.03011815358985606,2281188.2,0.7587326639687159,0.043375937225263665,0.5872639429954408,1.0376804970596114,0.8591388837732917,-0.034526799690723475
2025-01-10,191.61732332103497,191.61732332103497,183.9998097073657,185.5233154296875,709513,NIACL,-0.034526799690723475,-0.07773867698921422,-0.08511456407170892,199.24908294677735,192.6930096435547,224.30033157348632,0.9311125184914592,0.9627921416187865,0.8271201122540717,195.02671423329915,196.60664023826365,-1.5799260049645056,0.33152844082813004,-1.9114544457926357,31.450308734395733,0.030773680882216863,2278662.5,0.3113725705320555,0.04105960264900655,0.20000039377519988,1.0340234101659949,0.8590848185189762,-0.0777748424635496
2025-01-13,181.83741251201369,184.08825820833945,169.41349476516444,171.09426879882812,878880,NIACL,-0.0777748424635496,-0.10476239444993973,-0.13860849526050967,197.8725242614746,192.1818991088867,224.0632809448242,0.8646691572637901,0.8902725469576575,0.7635979803444913,191.3447995510728,194.71683494645362,-3.3720353953808058,-0.4091843264136571,-2.9628510689671486,30.199545618561345,0.03479345511605983,2286176.25,0.38443230262758615,0.08577004680635755,0.11453500018396422,1.0296106198293091,0.8577125993089947,0.09588084511016559
2025-01-14,172.00835617898986,192.639535270802,172.00835617898986,187.4989318847656,1525879,NIACL,0.09588084511016559,-0.03632233789783612,-0.10625949941082491,196.7579086303711,192.08006988525392,223.88021522521973,0.9529422892830224,0.9761498524900317,0.8374966572912431,190.7531276024102,194.18217546040265,-3.429047857992458,-1.0131570327294175,-2.4158908252630407,45.664385601512706,0.03940275108059157,2193922.5,0.695502689816983,0.11003358197523926,0.7508332721479523,1.0243535872717646,0.8579591085886021,-0.016670016837660895
2025-01-15,194.46776007350772,194.46776007350772,181.44426883527225,184.37332153320312,1356492,NIACL,-0.016670016837660895,-0.03567751150945375,-0.09721811811389247,195.76517562866212,191.84456604003907,223.66908699035645,0.9418085772463042,0.9610557407955113,0.824312934854303,189.77161897637833,193.4555936880175,-3.6839747116391663,-1.5473205685113673,-2.136654143127799,37.830916682169686,0.03917886070700596,2201406.85,0.6161932311603373,0.07063652772502724,0.22490533792747605,1.020436385921949,0.8577160510710651,0.02228370392010648
2025-01-16,186.162185830131,192.0596153495388,186.162185830131,188.4818420410156,897256,NIACL,0.02228370392010648,-0.019130469860030863,-0.07621167352446123,194.9876968383789,191.88525817871093,223.51044082641602,0.9666345369330873,0.9822632745735705,0.8432798098563792,189.5731917555533,193.08716764009142,-3.5139758845381266,-1.9406516317167193,-1.5733242528214073,40.20172486889695,0.03962770740786645,2147021.3,0.41790735844120414,0.03128911228554561,0.3933334350585899,1.0161681970210474,0.8585069112173331,0.007926591434534114
2025-01-17,187.6463807486475,191.7549160905379,186.309629465566,189.97586059570312,682820,NIACL,0.007926591434534114,0.023999922358562742,-0.05882352051824269,194.39402236938477,191.95465118408202,223.33390823364257,0.9772721315201436,0.9896913642041356,0.8506359920812309,189.63514080788403,192.85670045161822,-3.221559643734196,-2.1968332341202146,-1.0247264096139812,45.90602793356393,0.039661429698004125,2142095.45,0.3187626396386771,0.028663044914744685,0.6732852433008601,1.012708059795662,0.8594962256392662,0.012158623540170721
2025-01-20,192.5510791118405,193.62245693585413,189.62202647802815,192.28570556640625,558765,NIACL,0.012158623540170721,0.12385825028712638,-0.08626801413519392,193.48631057739257,191.9927880859375,223.18794219970704,0.9937948839512029,1.0015256691847074,0.861541639173098,190.0429200015028,192.81440453419512,-2.7714845326923125,-2.311763493834634,-0.45972103885767845,45.326280925453716,0.038415375349915626,1448194.55,0.3858355909432196,0.02080461699449847,0.6658481172112831,1.0077790551736068,0.8602292139695596,-0.025507402372199728
2025-01-21,191.96133731282185,194.02542868301788,186.9485161318874,187.3809967041016,504716,NIACL,-0.025507402372199728,-0.0006289912133286002,-0.057404145788023664,192.91573486328124,191.94383941650392,222.95576812744142,0.9713100739911024,0.9762282408944561,0.8404402284716612,189.63339334036414,192.41192988011412,-2.778536539749979,-2.405118103017703,-0.3734184367322757,39.224361069602885,0.03685585861340666,1319422.15,0.3825280635162901,0.03776750404581219,0.06111147609773754,1.0050634365225362,0.8609054658177263,-0.022870391127962963
2025-01-22,188.71773713827747,189.5826982328348,180.21561591742105,183.09552001953125,422762,NIACL,-0.022870391127962963,-0.006930511979965415,-0.05923946040061012,192.33926086425782,191.96330078125,222.70094772338868,0.9519404368968107,0.9538048120363175,0.8221586925932154,188.6275666756206,191.72182544599687,-3.094258770376257,-2.542946236489414,-0.551312533886843,37.88721689981796,0.036909064001777694,1282624.6,0.3296069637211075,0.05115953855350764,0.30744942823564786,1.0019584997834363,0.861977924852313,0.022278377125157123
2025-01-23,182.82032913408796,188.68827315613012,181.11990769156503,187.17459106445312,498745,NIACL,0.022278377125157123,-0.006935686548935616,-0.07831176972374687,191.54409103393556,192.07358276367188,222.4706674194336,0.977188020022459,0.9744941931694663,0.8413450331929142,188.40403196621023,191.38499326958623,-2.980961303376006,-2.6305492498667324,-0.3504120535092734,41.214957731625,0.03581319096013966,1026221.5,0.48600131647992173,0.0404347909698862,0.7999988110029805,0.9972432870667706,0.8633658764620291,-0.029092074999302997
2025-01-24,186.358782691431,187.87244970049215,179.38015161569936,181.7292938232422,396056,NIACL,-0.029092074999302997,-0.04340849804076352,-0.10977899744724517,190.42357940673827,192.1486767578125,222.21754928588868,0.954342389684182,0.9457743706052003,0.8177990190569634,187.37714917498437,190.66975627356075,-3.292607098576383,-2.762960819608663,-0.5296462789677201,43.74262036685168,0.03619501389534856,947815.5,0.41786191510900594,0.046730485251611505,0.27662031926899133,0.9910220700960196,0.8646872282378032,-0.05803442220871513
2025-01-27,180.54982275494368,180.60879465556891,170.3374403536566,171.1827392578125,791857,NIACL,-0.05803442220871513,-0.10974797240612255,-0.12649205485800485,189.18413696289062,192.1471044921875,221.90730972290038,0.904847213968002,0.8908941912511235,0.7714155043904207,184.88570149541945,189.22627353165348,-4.340572036234022,-3.078483062933735,-1.262088973300287,35.759613592219665,0.03731489564554728,940721.75,0.8417547484152461,0.06000227795422162,0.08229673315801399,0.9845796920170745,0.8658890269641186,-0.021876464082251745
2025-01-28,172.20494627602497,175.53699349599512,164.63658107114816,167.4378662109375,1067905,NIACL,-0.021876464082251745,-0.10643091265362847,-0.15884845446986573,187.6031349182129,192.03505340576172,221.5971192932129,0.8925110248500558,0.8719130348413452,0.7555958612863872,182.2014191439607,187.61231743382265,-5.4108982898619615,-3.5449661083193806,-1.865932181542581,35.59766339889839,0.03710427556681099,911489.15,1.171604730566458,0.06510123827733608,0.2569889129519493,0.9769213046839716,0.8665954413949973,0.021015458742785098
2025-01-29,167.53614477318857,174.31819788830387,167.53614477318857,170.95664978027344,616990,NIACL,0.021015458742785098,-0.06629801885902464,-0.15853894292600745,185.99264526367188,192.01028411865235,221.3181763458252,0.9191581179885758,0.8903515276016734,0.7724473994993599,180.47145462647035,186.3785642743005,-5.90710964783014,-4.0173948162215325,-1.8897148316086074,37.53322508934794,0.037119604203192054,839343.6,0.7350863222165511,0.03967118637287357,0.5043465376968987,0.9686598096419571,0.867575755814212,0.022020356458938295
2025-01-30,170.59297841293412,178.1613434258898,170.28828028222924,174.72117614746094,1217078,NIACL,0.022020356458938295,-0.06653368305051555,-0.13275113443427722,184.65540313720703,192.0358395385742,221.0756105041504,0.946201265595437,0.9098362918467868,0.7903231647716327,179.58679639893043,185.51505404268275,-5.928257643752318,-4.39956738172769,-1.5286902620246279,43.42623636759047,0.037718412238479375,866595.6,1.4044359329772733,0.04506072656594228,0.5630458926016728,0.9615674010689829,0.8686432623691386,0.023008635323072957
2025-01-31,173.98400059450475,180.35323549809755,173.28614647566494,178.74127197265625,755405,NIACL,0.023008635323072957,-0.0164421584859743,-0.11145312607024538,183.53440017700194,192.25777954101562,220.87362533569336,0.9738843061588282,0.9296959134729016,0.8092467885244219,179.45671571796518,185.01329240786598,-5.556576689900794,-4.63096924336231,-0.9256074465384838,55.32877021705355,0.03828080011754644,862711.35,0.8756173197443154,0.03953809293420342,0.7719055865400105,0.9546266508182955,0.8704424498344421,-0.016002235959265088
2025-02-01,179.08527666073826,190.5361281844348,174.21990021840173,175.88101196289062,1444352,NIACL,-0.016002235959265088,0.027445948846525958,-0.07971612891069457,182.77264862060548,192.33641174316406,220.68610862731933,0.9622939388922446,0.9144446980624391,0.7969736430484046,178.9066074479537,184.33682718971963,-5.430219741765939,-4.790819343043037,-0.639400398722902,40.02027946656826,0.03692137947506185,896163.05,1.6117067089521264,0.09276855860640404,0.10180733855563766,0.9502758576190475,0.8715383715790176,-0.02833357249158419
2025-02-03,173.48271931339573,174.4656242386841,169.0596471495981,170.89767456054688,561665,NIACL,-0.02833357249158419,0.02066323722287966,-0.12164688180506134,181.58923110961913,192.20804443359376,220.4602656555176,0.9411222984769503,0.8891286265575142,0.7751858324782424,177.67446392681416,183.3413344023735,-5.666870475559335,-4.966029569546297,-0.7008409060130383,38.78251538698378,0.036953123088218964,854401.05,0.6573786396915126,0.031632830013557094,0.33999911221590745,0.9447535437173478,0.8718489196322133,0.016161500720985433
2025-02-04,172.00836435239964,176.93271269831595,171.58572242757307,173.65963745117188,686741,NIACL,0.016161500720985433,0.015810953679617157,-0.09171298567118258,180.71247940063478,191.96133544921875,220.25432777404785,0.9609720259892681,0.9046594567847837,0.7884505117616756,177.05679831517688,182.62417166524745,-5.567373350070568,-5.086298325651152,-0.4810750244194164,37.37865742805204,0.037162400976364196,865234.45,0.7937051050151783,0.030790057777509178,0.38786586819628965,0.941400407419234,0.8715439891203681,0.007697506659808395
2025-02-05,174.6621995969262,178.79039722145416,173.9053586164155,174.9963836669922,486899,NIACL,0.007697506659808395,0.0015751240095760455,-0.0893095124447909,179.854402923584,191.70676300048828,220.06165657043456,0.972989155797004,0.9128336472226933,0.7952152428289185,176.7398114462254,182.05915033204334,-5.319338885817956,-5.132906437684513,-0.18643244813344317,37.21048211660108,0.03720172939184087,803038.8,0.6063206410449906,0.02791508317300202,0.2233401081930765,0.9381745333790122,0.8711502312040862,-0.0011794851717691346
2025-02-06,174.56391410253352,178.23996878485838,173.6792907045981,174.78997802734375,502457,NIACL,-0.0011794851717691346,-0.02210622035808818,-0.05785438545815358,179.3177360534668,191.39557495117188,219.8567379760742,0.9747500825865155,0.9132393895310041,0.7950176084499406,176.43983707408975,181.52069312428782,-5.080856050198065,-5.122496360187224,0.04164030998915891,34.505564537445295,0.03650286804149183,792686.0,0.6338663733180604,0.026092331675599996,0.24353556712388527,0.9368959345022144,0.8705467783843878,-0.00984082459452773
2025-02-07,174.95707616369714,175.9399810859651,170.50451806565837,173.0699005126953,436596,NIACL,-0.00984082459452773,-0.01598302977008359,0.011547036190850513,179.41651763916016,191.03524200439452,219.62615211486818,0.9646263498479607,0.9059579724494712,0.7880204558798483,175.9213852954137,180.8947084863921,-4.973323190978391,-5.092661726345458,0.11933853536706707,36.568270544462976,0.03199717592843957,770571.8,0.566587046138984,0.03140617175028654,0.4719712814626377,0.9391802044307245,0.8698201018632784,-0.025215765149759206
2025-02-10,173.0699110675647,173.92503360274804,167.78187746392575,168.705810546875,296587,NIACL,-0.025215765149759206,-0.012825592971397182,-0.10023055144357096,178.47686157226562,190.56796905517578,219.36740661621093,0.9452531216690276,0.8852789447424348,0.7690559557100944,174.8112968725616,179.99182715753898,-5.1805302849773796,-5.110235438071843,-0.07029484690553645,36.51438789045675,0.02341462328074805,709107.2,0.41825410882867925,0.03641342357390478,0.1504003906250013,0.936552257219001,0.8687159683141966,-0.042530939814968916
2025-02-11,169.0498256447023,169.59041136211934,160.21350485497652,161.5305938720703,427837,NIACL,-0.042530939814968916,-0.06984376886374588,-0.12389388807002177,177.334725189209,189.91630279541016,219.06864036560057,0.9108796582266879,0.8505356912201544,0.7373515150433863,172.76811179556293,178.6243283956524,-5.856216600089482,-5.2594316704753705,-0.5967849296141114,27.285382918431708,0.024767767599025447,662674.45,0.6456216925218711,0.058050343791648425,0.14046093091474307,0.9337519874754784,0.8669260122236643,-0.013386838872862072
2025-02-12,162.3758966210316,162.9558069487426,152.54684700719264,159.3682098388672,739586,NIACL,-0.013386838872862072,-0.0893056959272055,-0.1544638565014288,175.87904357910156,189.0886965942383,218.67226501464845,0.9061239281028463,0.8428225098026473,0.7287993739315382,170.70658841760974,177.19794924329796,-6.4913608256882185,-5.5058175015179405,-0.985543324170278,28.970232262856598,0.02386940269960161,654790.95,1.1294994226783373,0.06531390389635536,0.6553356790667791,0.9301404406870335,0.8647127544115921,0.00012332020502947572
2025-02-13,160.5575223970098,164.9805944740851,158.39511960542205,159.3878631591797,602133,NIACL,0.00012332020502947572,-0.08811783742975576,-0.16100991642100915,174.3496437072754,188.25263763427733,218.23575897216796,0.914185195736816,0.8466700130323066,0.7303471434280701,168.96524607015897,175.87868360743735,-6.913437537278384,-5.78734150867003,-1.1260960286083534,36.16872039339367,0.023656817903628096,650756.6,0.9252814339493446,0.04131729190751608,0.15074745155912733,0.9261471493748119,0.8626113269470452,-0.04125547848035782
2025-02-14,160.66565690105998,161.19641899866932,150.02079401743163,152.81224060058594,757832,NIACL,-0.04125547848035782,-0.11704900651181338,-0.20528548832865823,172.37597045898437,187.26010040283202,217.7946570587158,0.8865054693742624,0.8160427142346811,0.7016344783857067,166.48016830560925,174.17005819952246,-7.689889893913204,-6.167851185718666,-1.522038708194538,33.91698354322526,0.024213865483951703,660709.95,1.146996499750004,0.07313304835604144,0.24977990831302585,0.920516277029495,0.859801167447134,-0.014729643005888415
2025-02-17,149.4212125226455,153.65753039578863,147.8190726781343,150.56137084960938,726797,NIACL,-0.014729643005888415,-0.10755076922631646,-0.19649605083825594,170.53498916625978,186.1771353149414,217.38106689453124,0.8828767139558821,0.8086995784681958,0.6926149227276477,164.03112254314772,172.42126654397333,-8.390144000825615,-6.612309748740056,-1.7778342520855581,26.929069001954943,0.023996262851722325,671814.0,1.0818425933368463,0.03877792613542402,0.4696956463661491,0.9159824533650653,0.8564551548791076,0.00456989274555375
2025-02-18,151.25924381636534,152.35026892276207,145.99087262660257,151.24942016601562,745444,NIACL,0.00456989274555375,-0.06364846101040911,-0.17393161695118764,168.94268417358398,185.14488861083984,217.0060259246826,0.895270611485082,0.8169246329231921,0.6969825815736128,162.06470679281972,170.8529816270876,-8.788274834267867,-7.0475027658456195,-1.7407720684222472,21.46275183635214,0.024042314249519924,687948.1,1.0835759267305194,0.04204575653367299,0.8268941412864524,0.9124890535254709,0.853178559544236,0.028333737881952814
2025-02-19,150.29599651280867,156.8519705990787,148.8216391171514,155.53488159179688,426443,NIACL,0.028333737881952814,-0.024053280456284742,-0.1690384859009052,167.36069869995117,184.12679565429687,216.67289245605468,0.9293393419123092,0.8447161698497045,0.7178326731542676,161.06011830035467,169.71830755039937,-8.6581892500447,-7.369640062685436,-1.2885491873592638,21.966279625325896,0.024493876198078152,684333.0,0.6231513020707755,0.05163042141892649,0.8359857235973381,0.9089426560932256,0.8497915616815852,0.017694557924971877
2025-02-20,154.4340170562417,158.9357234136482,154.21777677285115,158.28700256347656,393602,NIACL,0.017694557924971877,-0.0069068031522807605,-0.12899566584222033,166.1885841369629,183.2368734741211,216.38302085876464,0.9524541254471828,0.8638381542011616,0.7315130454103054,160.63348511006575,168.87154421803473,-8.23805910796898,-7.543323871742145,-0.6947352362268342,28.69045784131849,0.024700001514643046,684210.3,0.5752646518183079,0.029806279507409574,0.862499324481119,0.9069603785857765,0.8468172444718832,-0.003911988406609668
2025-02-21,159.02418426846322,161.68786326542454,155.90837739617095,157.66778564453125,426672,NIACL,-0.003911988406609668,0.03177458183233184,-0.0789504460080338,165.51283645629883,182.41772033691407,216.08420173645018,0.9526015565938358,0.8643227497489211,0.729659014298661,160.17722365382966,168.04163617555298,-7.864412521723324,-7.607541601738381,-0.2568709199849426,32.08200210791709,0.02152804781931357,665951.05,0.6406957388234465,0.03665609842636903,0.3044229691295232,0.9073287186716675,0.8441973956032295,-0.024250366498672737
2025-02-24,155.30880280667907,156.49812437273118,152.5566809971914,153.8442840576172,363728,NIACL,-0.024250366498672737,0.021804485370201743,-0.08118583006901903,164.83315734863282,181.2987811279297,215.7935720062256,0.9333333567846822,0.8485676687978404,0.7129233861200408,159.20292525441238,166.98998046311328,-7.787055208700906,-7.643444323130886,-0.14361088557001978,23.913035617646955,0.021638742389423093,630742.2,0.5766666634957991,0.025619693313166294,0.3266831304533087,0.9091796222960912,0.8401491269753821,-0.0024916837253736723
2025-02-25,154.85667597090094,157.2647900692485,152.49769512109876,153.46095275878906,375814,NIACL,-0.0024916837253736723,0.014621759146884683,-0.10233996187905636,163.9583724975586,180.28344055175782,215.48785972595215,0.9359750918549411,0.8512204575701546,0.7121559096366443,158.31954487047034,165.98783026279298,-7.668285392322645,-7.648412536969238,-0.019872855353406216,20.918502754543937,0.020831797827584594,618683.4,0.6074415444151241,0.03106389516323868,0.20206386660374234,0.9094477673366099,0.8366292225512577,-0.030231225994228783
2025-02-27,153.67719279996567,154.21777851661557,148.4677936376392,148.82164001464844,286754,NIACL,-0.030231225994228783,-0.04316228943914602,-0.14823352671890122,162.66339569091798,179.1792449951172,215.16480239868164,0.9149055285765046,0.8305740992418177,0.6916634986557648,156.85832873880543,164.71626061478227,-7.8579318759768455,-7.69031640477076,-0.16761547120608533,18.68183556363131,0.02051562555781425,572167.2,0.5011716854793494,0.038636752547616025,0.06153866218031285,0.9078249866235942,0.8327535126452218,-0.0614225623963478
2025-02-28,146.05969254922636,147.25883787820737,138.58960836848638,139.68063354492188,984840,NIACL,-0.0614225623963478,-0.11754830603411748,-0.21853172463553827,160.71036376953126,177.93587066650392,214.76141876220703,0.8691451519905254,0.7850054799052751,0.6503991003131815,154.21560640128487,162.86176972071854,-8.646163319433668,-7.881485787703342,-0.7646775317303263,15.84556230916695,0.02244131191067025,583638.95,1.6874130830370386,0.062064649119256264,0.12585030482952425,0.9031926118525165,0.8285281019842865,0.005629383959773193
2025-03-03,139.80840494868022,141.8724963369652,133.2819167057395,140.46694946289062,650434,NIACL,0.005629383959773193,-0.10909543830608903,-0.20135239219269485,158.93966064453124,176.53641082763673,214.3241757965088,0.8837753201011618,0.7956825949069344,0.6553947959480675,152.10042841076267,161.2028941460646,-9.102465735301934,-8.125681777223061,-0.9767839580788724,18.83269853374094,0.02275782713850543,543943.05,1.195775918085542,0.061157301871179535,0.8363850945557161,0.900322261562878,0.8236887423995048,0.005947656882594465
2025-03-04,139.8182177275166,143.01265855433158,137.43958974237927,141.30239868164062,775543,NIACL,0.005947656882594465,-0.08152324574684511,-0.1731754159616784,157.45989685058595,175.38660858154296,213.89403579711913,0.8973865822846486,0.8056624153031874,0.6606186944626522,150.4391930678208,159.72878337092212,-9.289590303101306,-8.358463482398712,-0.9311268207025947,24.041320058133508,0.02266874133463503,554636.95,1.3982894576353055,0.039440723327766256,0.6931206252068811,0.8977874543789796,0.8199696075111655,0.03644974501084941
2025-03-05,141.53831041579278,146.9639498478211,141.15497809166757,146.4528350830078,565593,NIACL,0.03644974501084941,-0.04566710651664374,-0.15666739126881934,156.09955673217775,174.42316528320313,213.49086708068847,0.9382014795485873,0.839640966526544,0.6859911015662147,149.82590722400343,158.74537979403956,-8.919472570036135,-8.470665299926196,-0.44880727010993837,34.60635560576708,0.024262017668666598,548579.55,1.0310136424152156,0.03966445410811665,0.9120128679792826,0.8949473911835383,0.817005278344203,0.004362293422969232
2025-03-06,148.1139347687172,150.6203451446474,146.4036749244258,147.09170532226562,463621,NIACL,0.004362293422969232,-0.011624214678809697,-0.159458600000715,154.7043228149414,173.30343963623048,213.09674415588378,0.9507924707328181,0.8487523711647955,0.690257872802907,149.4052607775822,157.88214464798222,-8.476883870400002,-8.471909014020959,-0.004974856379043047,35.55757160180211,0.02415823767929484,547415.65,0.8469268279049018,0.02866694767718703,0.1631691268006442,0.8926788939658138,0.8132617901916707,0.015569718133214838
2025-03-07,148.41863911637574,151.85880624821226,145.66650241131882,149.3818817138672,554862,NIACL,0.015569718133214838,0.06945306534441897,-0.14536357633446106,153.43391799926758,172.20828674316405,212.64702392578124,0.973591000358736,0.8674488582344428,0.7024875258353248,149.40166399854914,157.2524955417515,-7.850831543202361,-8.34769351985724,0.49686197665487875,45.519866974254164,0.024704635705527642,550035.9,1.0087741545597295,0.04145284398515252,0.599999515594232,0.8909787147938063,0.8098316334926406,-0.032504243407817324
2025-03-10,149.40155180148466,150.38445674754703,144.05454649523492,144.52633666992188,384190,NIACL,-0.032504243407817324,0.02889923375251824,-0.16492506067327206,152.0067398071289,171.1793817138672,212.16498001098634,0.950789003522486,0.844297573825235,0.6811978897857601,148.6516136402988,156.30981710680115,-7.658203466502357,-8.209795509186264,0.5515920426839074,42.620185633551365,0.02532814360955081,547415.6,0.7018250849994045,0.04379762469707342,0.07453346980940662,0.8879967802501699,0.8068220387031035,-0.0020401875992828167
2025-03-11,142.12805986517387,145.5780507941983,141.14515492834124,144.23147583007812,303311,NIACL,-0.0020401875992828167,0.02072913960248335,-0.14507108342896502,150.78302307128905,170.0828530883789,211.7209593963623,0.9565498349365671,0.8480071518739881,0.6812338100171874,147.9715924387264,155.41512516037722,-7.443532721650826,-8.056542951679177,0.6130102300283511,41.33493097003677,0.025059689139584344,547751.8,0.5537380251420442,0.03073459409844452,0.6962313113439603,0.8865268916493233,0.8033349819181916,-0.014787956523845791
2025-03-12,145.46994408171795,147.21951383097365,141.35156961649074,142.0985870361328,364464,NIACL,-0.014787956523845791,-0.02973140154239462,-0.12029923477732862,149.8114227294922,168.8614959716797,211.29406898498536,0.948516371096174,0.8415097012996061,0.6725157394088066,147.06805314601968,154.4287149289517,-7.360661782932027,-7.917366717929747,0.55670493499772,32.47883179610076,0.023752500087176824,544583.15,0.6692531709804095,0.041294880806878244,0.12730479233226727,0.8871852157144074,0.7991776427178325,-0.0029744733276184654
2025-03-13,143.51394603218756,144.96865615347994,141.03703636219316,141.67591857910156,429900,NIACL,-0.0029744733276184654,-0.036819117239130006,-0.11101518475769923,148.92680816650392,167.66569396972656,210.87335479736328,0.9513123951512096,0.8449904999926958,0.6718531068813491,146.23849398187843,153.4840633474813,-7.245569365602876,-7.783007247464374,0.5374378818614982,26.937749821412382,0.023698811351173448,529098.85,0.8125135785118415,0.02775079795294672,0.162498474121095,0.888236613229859,0.7951013731955054,-0.013736644539995346
2025-03-17,144.48702305283538,144.48702305283538,138.99258815665806,139.72976684570312,572816,NIACL,-0.013736644539995346,-0.0646136918174064,-0.12333496367815744,147.94390335083008,166.43706268310547,210.42803726196288,0.9444780330984767,0.8395351647832624,0.6640263753054583,145.23715134554377,152.46522656957183,-7.228075224028061,-7.672020842777112,0.44394561874905136,25.980488307204965,0.023725396959751715,527633.0,1.0856333853265432,0.03932186405381013,0.13416824531999608,0.8888879734228056,0.7909452791973113,0.0
2025-03-19,144.73274732175156,152.1536823571914,144.48702109539883,150.2566680908203,1148388,NIACL,0.075337571104241,0.041774461684359165,-0.0020237777928671097,147.2745445251465,164.52315002441406,209.64684494018556,1.0202487373177014,0.9132858693048564,0.7167132333123836,145.29244706377276,151.42814132396686,-6.1356942601941,-7.278351833036525,1.1426575728424249,46.33046055344698,0.02832262890160474,510820.95,2.248122360682349,0.051023767259091454,0.7525631821213997,0.8951600094168632,0.7847633007372672,0.0033362712180420306
2025-03-20,150.58103439906824,153.33317124145137,148.8412884490211,150.75796508789062,661004,NIACL,0.0033362712180420306,0.060939226999884966,-0.0032493022292949814,147.24997177124024,163.7144158935547,209.23862632751465,1.0238233887209176,0.9208594384621069,0.7205073352561296,146.13329599056013,151.37849863981307,-5.2452026492529455,-6.871721996279809,1.6265193470268633,52.44964482765676,0.028314130161289728,506598.95,1.3047875444668806,0.02979532650106766,0.42669782971619596,0.8994319221526621,0.7824292233561965,0.07602028081975898
2025-03-21,149.3327433097001,166.89726513596082,149.3327433097001,162.2186279296875,7124606,NIACL,0.07602028081975898,0.1449978906550471,0.04297265198318789,147.58415908813475,163.11563018798827,209.07447113037108,1.099160160087461,0.9945008197113484,0.7758892180984353,148.60796244273357,152.1814711798038,-3.5735087370702274,-6.212079344437893,2.638570607367665,76.93211804365299,0.03250436443268689,841507.1,8.466483526995791,0.10827684866052456,0.7336313932965547,0.9047824473843877,0.7801795661904385,0.0032719853713047975
2025-03-24,163.99769840455087,165.05922256205974,161.35368166523142,162.74940490722656,956892,NIACL,0.0032719853713047975,0.16474398105124521,0.02819184311712819,147.80727920532226,162.66015197753907,208.86737686157227,1.1010919474483247,1.000548708018543,0.7791997359888778,150.7835689757325,152.9642810855388,-2.180712109806308,-5.405805897511576,3.2250937877052683,76.79037214379409,0.0323112659457668,869671.6,1.1002911903757695,0.022768383693572494,0.3766584368802354,0.9086876989130824,0.7787724173188749,-0.02947221272939249
2025-03-25,165.12802883882702,165.17717708509304,156.62590716267016,157.95281982421875,1043145,NIACL,-0.02947221272939249,0.13041639866642352,0.0018078149478810701,147.82153091430663,162.3973229980469,208.5982650756836,1.0685373020239204,0.9726319184837696,0.7572106113486147,151.88653064473039,153.33380247358915,-1.44727182885876,-4.614099083781013,3.1668272549222527,68.27795574035972,0.03304942116427528,900495.25,1.1584125513155121,0.05413812765064494,0.15517141589335182,0.9102461061878738,0.7785171316699394,-0.014623445505408061
2025-03-26,158.925904315966,167.6541051015562,154.30625403454334,155.64300537109375,2456889,NIACL,-0.014623445505408061,0.035847575676426935,0.01169183063572854,147.91146697998047,161.76020446777343,208.29883064270018,1.0522713928066154,0.9621835350863545,0.7472101734362196,152.4644498334017,153.504854540071,-1.0404047066693067,-3.899360208358672,2.858955501689365,60.7595095001213,0.03273705963147179,1005153.3,2.444292825780903,0.08575940200581511,0.10014730684656642,0.9143872404627681,0.7765775927241976,-0.0008209626851185536
2025-03-27,156.28189296164973,158.72933177898676,154.56180923408442,155.51522827148438,1056817,NIACL,-0.0008209626851185536,0.031555634097477414,0.013386307564011046,148.01418075561523,161.18304260253908,207.90815673828126,1.0506778977363935,0.9648361624179601,0.7479996490337313,152.93380036233748,153.65377111276828,-0.7199707504308037,-3.263482316773098,2.5435115663422945,59.98139847050877,0.032729591338090724,1039203.45,1.0169490873033573,0.026798163698972664,0.22877357641800006,0.9182987140936598,0.7752607936659232,-0.023385164964227267
2025-03-28,160.0169308935166,160.0169308935166,150.63018550211655,151.87847900390625,1033619,NIACL,-0.023385164964227267,-0.06374205637014208,0.020540285599304875,148.16702270507812,160.45097534179686,207.49315505981446,1.0250491386751805,0.9465724884524431,0.7319686230619219,152.77144323027116,153.52226799359332,-0.7508247633221572,-2.7609508060829104,2.0101260427607532,52.86683933665848,0.03241826440601431,1076546.7,0.9601246281280692,0.06180431521939733,0.13298469807579594,0.9234410846643273,0.7732832212973163,0.02245670571621594
2025-04-01,150.38446786870392,156.08531997704026,150.2861713676528,155.28916931152344,525283,NIACL,0.02245670571621594,-0.045838788780553474,0.11174445139942613,148.94744949340821,159.75724151611328,207.09744987487792,1.0425768943320906,0.9720321147123764,0.7498362215727161,153.15878570431,153.65314957269925,-0.4943638683892573,-2.3076334185441802,1.813269550154923,62.78312225458992,0.029104859611538567,1053568.85,0.498574915156233,0.037344192354805295,0.8627124912391384,0.9323361375038841,0.7714109546623285,0.006329449129122144
2025-04-02,154.07035171032507,156.9207700809097,150.83660100717296,156.27206420898438,481727,NIACL,0.006329449129122144,-0.010640871224108839,0.11251838817977067,149.7377052307129,159.03696868896483,206.6998811340332,1.0436387012089137,0.9826147058588126,0.756033643326823,153.63775162810606,153.84714324946108,-0.20939162135502443,-1.8879850591063492,1.6785934377513247,64.07075713602,0.029105188884003885,1045133.5,0.4609238915411285,0.038933184280463065,0.8933780662464544,0.9415276615562329,0.769410063597658,0.03088235782329951
2025-04-03,155.2989808543619,161.4912849892819,154.3062522620826,161.09811401367188,664193,NIACL,0.03088235782329951,0.03504885188750828,0.14009468711590456,150.72749099731445,158.51131103515624,206.31483726501466,1.0688037925114948,1.0163193589253823,0.7808362992659554,154.78549968742388,154.38425219495818,0.4012474924656999,-1.4301385487919396,1.8313860412576395,70.88823299881598,0.029643757726029018,1039566.0,0.6389137390026223,0.04460035284205447,0.9452791670493509,0.9508942296482841,0.768298165737571,-0.054484365288510084
2025-04-04,161.09811977018828,161.09811977018828,150.7776175091857,152.32078552246094,769134,NIACL,-0.054484365288510084,-0.02054102858304574,0.04006716862891202,151.0208885192871,157.89581634521485,205.8923434448242,1.0086073987242357,0.9646917128534618,0.7398079159912055,154.4063128928142,154.23140281181026,0.17491008100395788,-1.10912882283276,1.284038903836718,59.88680980169182,0.03178289278116829,1049743.05,0.7326878706174811,0.06775504883068467,0.1495245070684513,0.9564590881186061,0.7668853231908954,-0.031360997425994186
2025-04-07,147.43573362185873,149.18530312766973,142.56051876433636,147.54385375976562,737293,NIACL,-0.031360997425994186,-0.028540088579825373,0.0030739220577351567,151.04349594116212,157.1032015991211,205.47010231018066,0.9768302358231978,0.9391524313823472,0.7180794290793279,153.35054994926827,153.7360288079551,-0.38547885868683807,-0.9643988300035756,0.5789199713167376,56.895051166508054,0.03266067375695587,1063426.65,0.6933181522204659,0.044900442780354585,0.752225992895838,0.9614285030713666,0.764603705516026,0.04703222546428254
2025-04-08,151.36736265657686,155.24983421863496,148.07462506714444,154.48316955566406,556325,NIACL,0.04703222546428254,-0.005190315328704398,0.034149307688921215,151.29856033325194,156.55827911376954,205.01814262390135,1.0210485097505069,0.9867454498743083,0.7535097507885341,153.52479911948302,153.79137256704465,-0.26657344756162615,-0.8248337535151857,0.5582603059535596,61.59789863439544,0.034141229835503745,1063499.8,0.5231077617504019,0.046446542831354305,0.8931508968192745,0.9664040840874636,0.7636313406710071,-0.013552169853467078
2025-04-09,153.33318281878385,154.316087836853,150.39429141549866,152.38958740234375,330836,NIACL,-0.013552169853467078,-0.02484434326949536,0.054407043820535295,151.69172286987305,156.18241607666016,204.54849815368652,1.0046005445733472,0.9757153924904405,0.745004675066578,153.35015116300005,153.68753662891865,-0.33738546591860086,-0.7273440959958688,0.38995863007726794,51.93302672188218,0.033381158194016394,1060832.1,0.31186462023537936,0.025735330662717097,0.5087709234422837,0.9712471267918988,0.763547117120915,0.007997894063124455
2025-04-11,155.33829047785468,155.79043335039387,152.35026605243564,153.60838317871094,405376,NIACL,0.007997894063124455,-0.046491735057340944,0.06501290577987251,152.1605682373047,155.90582641601563,204.119568939209,1.009515046888812,0.9852639039212412,0.7525411893479879,153.3898791654171,153.68167341038475,-0.2917942449676332,-0.6402341257902217,0.3484398808225885,52.550118451742755,0.033374138036061124,1065935.35,0.38030073775112155,0.022395700200527918,0.3657139369419621,0.9759774328849188,0.7637965689730003,0.0323138879487872
2025-04-15,154.65027086669446,159.72206432412304,154.56181301518984,158.5720672607422,521164,NIACL,0.0323138879487872,0.0410402409417685,0.11592993687136732,152.98424224853517,155.658134765625,203.74842155456543,1.0365254939337423,1.0187200784559363,0.7782738440419051,154.18713887239022,154.04392480670754,0.14321406568268458,-0.4835444874956404,0.626758553178325,46.30847477839047,0.0336634763526912,1073770.35,0.48535890379167196,0.032541994299967895,0.7771432059151794,0.9828220187713549,0.7639722240691741,0.03390559381242375
2025-04-16,158.1100896067744,164.63657782325328,158.1100896067744,163.94854736328125,1019818,NIACL,0.03390559381242375,0.11118520484239314,0.15720828922484986,154.09787368774414,155.4426821899414,203.39732986450196,1.0639247864996373,1.0547202676478924,0.806050637304332,155.688894024835,154.77760055163893,0.911293473196082,-0.20457689535729595,1.115870368553378,51.10547186558839,0.03415093563683979,1103266.25,0.924362546212213,0.039808149089709914,0.8945787631647287,0.9913485248501182,0.7642316754772213,0.03411279337248008
2025-04-17,165.42291589870038,175.9203341884741,162.67077887583537,169.54129028320312,6026641,NIACL,0.03411279337248008,0.09747418292135213,0.21335127160427758,155.58844985961915,155.25868255615234,203.1121389770508,1.0896778677091585,1.0919923284927089,0.8347176645230409,157.82003191073778,155.87120719842147,1.9488247123163092,0.2261034261774251,1.722721286138884,60.52868715189129,0.0342333858696863,1375957.5,4.379961590383424,0.07814943068149695,0.5185465659224039,1.0021239862276143,0.7643988357273648,0.0013333563734434506
2025-04-21,168.61735221700962,171.5169189066749,166.21906166758404,169.76734924316406,917680,NIACL,0.0013333563734434506,0.11403510001598072,0.21496910125549706,157.0903289794922,155.13640930175782,202.80559898376464,1.08069892237177,1.0943101623097864,0.8370939958948302,159.65808073111106,156.90055105358758,2.757529677523479,0.732388676446636,2.025141001076843,63.33766657800374,0.034213636018010064,1421841.5,0.6454165249783468,0.031206573364720106,0.6697590016957354,1.0125948491816243,0.7649513133716642,-0.0037633900728508696
2025-04-22,170.53399525396435,171.43826593625008,168.18485321032583,169.12844848632812,468568,NIACL,-0.0037633900728508696,0.10103657747351491,0.12559695776097635,158.03391799926757,155.10102478027343,202.45417259216308,1.0702034767442263,1.0904405610854402,0.8353912706310654,161.11506038575982,157.80632123379058,3.3087391519692346,1.2476587715511558,2.061080380418079,62.73210624140876,0.030694523581544224,1387850.5,0.33762137924798097,0.01923634228919948,0.2900324537626059,1.0189095669944739,0.7661043622584114,0.013889748486151543
2025-04-23,169.15794387090958,172.3916944804045,166.66135695844258,171.47760009765625,584231,NIACL,0.013889748486151543,0.08138591531188988,0.1374364200106193,159.06989974975585,155.05738403320314,202.13038856506347,1.0780015601155206,1.1058976724445253,0.8483514097755744,162.7092972645131,158.8190085570399,3.8902887074732178,1.7761847587355684,2.1141039487376494,68.78296108077248,0.030730200129510256,1384011.85,0.4221286111097965,0.033417411479391534,0.8404815808414552,1.0258776177708087,0.767115648141605,-0.0001720953525712332
2025-04-24,170.53399526778944,173.4827098833708,169.85578850653562,171.44808959960938,598860,NIACL,-0.0001720953525712332,0.04574326736613554,0.05689520240500556,159.53137283325196,154.98641815185547,201.79143814086913,1.074698265016582,1.1062136388726964,0.849630148727731,164.05372685452792,159.75449604167466,4.299230812853267,2.280793969559108,2.018436843294159,66.55917963344326,0.026082190880404886,1057724.55,0.5661776499373111,0.021154632783049968,0.43902277651885124,1.0293248578526626,0.7680524980631764,-0.033824337474597344
2025-04-25,172.99127280194395,177.41434511790274,163.65367569047538,165.6489715576172,2268579,NIACL,-0.033824337474597344,-0.022957939738951993,0.017816142873416263,159.67635116577148,154.80359802246093,201.3721452331543,1.0374045395466553,1.0700589241703715,0.8226012161007878,164.29914911654166,160.1911238576704,4.108025258871265,2.64624022742154,1.4617850314497254,58.74586669649676,0.02735680380148441,1123308.9,2.019550454910488,0.08307126387827302,0.1449999128069192,1.0314770018627315,0.7687438490721992,0.013113428545452166
2025-04-28,166.47460752206413,168.80410246531503,163.5553786042472,167.82119750976562,557933,NIACL,0.013113428545452166,-0.011463639752134491,0.06247674271677517,160.16977005004884,154.69862396240234,200.87594116210937,1.047770733873976,1.0848266985914017,0.8354469755754963,164.8410027154992,160.75631449856635,4.084688216932847,2.9339298253238013,1.1507583916090454,56.597231164522015,0.026483940382848372,1099048.3,0.507651028621763,0.03127569066930529,0.8127344890745622,1.0353664819214954,0.7701202198104881,0.0032211253890364056
2025-04-29,169.05963969515915,171.51690190003066,166.13058734637502,168.3617706298828,582133,NIACL,0.0032211253890364056,-0.004533109972372773,0.08171755119007229,160.8057083129883,154.6917431640625,200.37278495788576,1.0469887692182394,1.0883694707048597,0.8402427039443955,165.38265931771207,161.31968161940463,4.062977698307435,3.1597393999205283,0.9032382983869067,68.77584831038047,0.02614429019692169,1005310.5,0.5790579129532617,0.03199250360401954,0.4142318947922393,1.0395235390323416,0.7720197291092976,0.004553752633849051
2025-04-30,167.58528063862204,176.75578489208922,166.2976776562593,169.12844848632812,2409486,NIACL,0.004553752633849051,-0.013699466344235578,0.08753625201950666,161.48636932373046,154.84370025634766,199.89545402526855,1.0473233697345543,1.092252692271831,0.8460845160838365,165.95893457442224,161.89810879473228,4.060825779689964,3.339956675874416,0.7208691038155477,77.88216139930381,0.02611690976448488,1072943.95,2.2456774186573307,0.06183529340822468,0.2706771661673611,1.0428991883840653,0.7746234200842509,-0.007322625889096712
2025-05-02,169.05964336544162,171.51690562366025,166.8284450355563,167.88998413085938,506025,NIACL,-0.007322625889096712,-0.020753252352122442,0.1054231332310176,162.2869445800781,155.0141357421875,199.3885248565674,1.034525510140568,1.083062414450295,0.8420243053186391,166.25601912156642,162.34195141222318,3.914067709343243,3.4547788825681813,0.45928882677506166,70.30968355755846,0.02545180678999457,1046564.25,0.4835106874709317,0.027925790882495912,0.2264152754096967,1.0469170685826124,0.7774476282107953,-0.0018733348614239365
2025-05-05,170.0425559907325,170.0425559907325,166.65153691998492,167.57546997070312,389941,NIACL,-0.0018733348614239365,0.011630005275437894,0.07911885106766414,162.9012596130371,155.17788787841798,198.82784721374512,1.028693518814829,1.0798927106289697,0.8428169007460767,166.45901155989515,162.72961945359205,3.729392106303095,3.509701527315164,0.21969057898793087,74.31538744951102,0.025170171377715798,1039797.15,0.37501641546141956,0.020235772403564913,0.27246471678335826,1.0497710842711714,0.7804635520274869,-0.026863770605339954
2025-05-06,166.84811232845013,169.55110089341767,162.17931389805167,163.07376098632812,420560,NIACL,-0.026863770605339954,-0.028288658369043262,0.04352471320944318,163.2413444519043,155.3831182861328,198.2386631011963,0.9989734006042473,1.0494947120705433,0.8226133007317685,165.9382037793464,162.7551114189799,3.183092360366487,3.4443796939254288,-0.2612873335589416,63.71403873746206,0.026093971043436085,1036738.8,0.40565666106062587,0.045205230754345786,0.12133382161458439,1.0505732299135666,0.783818433071319,0.0015068490330771844
2025-05-07,161.19641025424394,164.53828105302213,160.50837979542953,163.31948852539062,443797,NIACL,0.0015068490330771844,-0.029949091682914486,0.013788954174412282,163.35241317749023,155.63828063964843,197.66265464782714,0.9997984440421837,1.049352947450805,0.8262536431900843,165.53532450950706,162.79691713056587,2.73840737894119,3.303185230928581,-0.5647778519873912,57.96764969353716,0.02522192472938605,1025719.0,0.4326691813254897,0.02467495639362161,0.6975626821289426,1.0495644934275679,0.7873934553643784,-0.006559935780589665
2025-05-08,162.9164913189354,166.95623116060753,160.53786320018534,162.2481231689453,509113,NIACL,-0.006559935780589665,-0.04068106447472675,0.06517388688899928,163.84878005981446,155.85825469970703,197.06017501831056,0.9902308891754652,1.040997947022759,0.8233430380028306,165.02960122634371,162.7562657260014,2.273335500342313,3.0972152848113277,-0.8238797844690149,46.66410025989359,0.021705805226202187,1012717.95,0.5027194393068672,0.039558965830001534,0.26646337188924163,1.0512678996406242,0.7909170621878566,-0.028533372180606364
2025-05-09,157.26479070595497,159.8989687512689,155.54470705760858,157.61863708496094,470847,NIACL,-0.028533372180606364,-0.061179033991048515,0.06828331420432665,164.3525192260742,155.89992980957032,196.48077491760253,0.9590278130641215,1.0110244262296333,0.8022089548000862,163.8894528969002,162.3757006414799,1.513752255420286,2.7805226789331194,-1.2667704235128334,25.691354560280146,0.02147556677263896,999395.65,0.4711317284600948,0.027625297199551743,0.47629889364985506,1.054218045042282,0.7934614970596973,0.051322038065983566
2025-05-12,162.13017325440867,166.82845785326464,162.13017325440867,165.70794677734375,617179,NIACL,0.051322038065983566,-0.011144370913510615,0.07266019498412168,164.91375808715821,156.04834869384766,196.0161351776123,1.0048157818935022,1.0619013156137098,0.8453791144652149,164.1692211861992,162.62253368858094,1.546687497618251,2.5337556426701457,-0.9870681450518948,43.73292400413286,0.02194916465212089,1002438.35,0.6156777621287135,0.02835280196410189,0.7615063429333904,1.05681193980914,0.7960995075862024,0.02793762263076527
2025-05-13,164.93145557200572,170.92716683958142,164.81349677800347,170.33743286132812,454083,NIACL,0.02793762263076527,0.044542247821272474,0.1177760617698762,165.81115036010743,156.3017416381836,195.5472385406494,1.0272978173747094,1.0897986873085213,0.8710807379973264,165.11817682852674,163.19400770137702,1.9241691271497245,2.4118383395660614,-0.4876692124163369,51.661728237635195,0.02218814744751455,1008600.7,0.4502108713587052,0.03589152401137273,0.9035384683318876,1.0608400688454054,0.7993042643028291,-0.0038084841722390017
2025-05-14,170.33742629354705,171.49724690461645,167.74255789464146,169.68870544433594,567744,NIACL,-0.0038084841722390017,0.03899851130108778,0.10468388464786349,166.61516647338868,156.61863006591796,195.15019233703615,1.0184469339496662,1.0834516006998467,0.8695287635242158,165.82133507711276,163.67509642307766,2.146238654035102,2.3587184024598695,-0.21247974842476758,47.42062453109565,0.022283856694961007,1016719.1,0.5584079221094598,0.022126923534145623,0.5183245655030803,1.0638272496909427,0.802554320804502,0.01297506033557716
2025-05-15,171.02546545936562,173.73827778808348,168.97119766341095,171.8904266357422,657704,NIACL,0.01297506033557716,0.059429368293872686,0.08398931542653365,167.28108444213868,156.98721954345703,194.74040740966797,1.027554473412072,1.0949326138498787,0.8826644091081871,166.75504147074807,164.28363940179355,2.471402068954518,2.381255135758799,0.09014693319571876,50.600200501626745,0.02145051787385886,1023546.1,0.6425738909073074,0.02773324971014578,0.6123725416785967,1.0655713562455453,0.8061358278521468,0.02373046950420199
2025-05-16,172.991266446261,176.92288613822146,171.5955432553677,175.96946716308594,990043,NIACL,0.02373046950420199,0.11642550917524663,0.07332129496193973,167.88213043212892,157.53017608642577,194.36003883361818,1.0481727073044653,1.1170524374107462,0.9053788434037334,168.17264542341542,165.1492562730004,3.023389150415028,2.5096819386900453,0.5137072117249826,64.68941228798687,0.020821775119766222,1022057.35,0.9686765620344103,0.030274245690114335,0.8210329246491472,1.0657141038173141,0.8105070210511709,0.012735322031488083
2025-05-19,177.36519613388188,180.8545117237929,176.06776939218315,178.2104949951172,914838,NIACL,0.012735322031488083,0.07544929776103437,0.051133294417147424,168.31559066772462,158.3007733154297,193.82854522705077,1.0587878062165157,1.1257714745335794,0.919423373819173,169.716929972908,166.11675543760163,3.6001745353063654,2.7277804580133096,0.8723940772930558,64.75843457716026,0.019699470175131833,766467.2,1.1935774942489386,0.026860047337509,0.44763754856498555,1.0632644878641206,0.8167051614095135,-0.0366223619882281
2025-05-20,178.88870081722362,181.7292955214916,171.02546122086213,171.6840057373047,1390604,NIACL,-0.0366223619882281,0.007905325643088768,0.011289900576790801,168.41142349243165,158.92511444091798,193.32025230407714,1.0194320680688274,1.080282410626358,0.8880808073189332,170.0195570135844,166.52914434869072,3.4904126648936824,2.8803068993893843,0.6101057655042981,54.03342993636945,0.02157500258223156,790113.4,1.7600055890711384,0.06234613559173068,0.06152416955892463,1.0596904339813473,0.8220820764859215,0.025762914986406704
2025-05-21,172.00837415160936,176.72632112792724,169.94426766261407,176.10708618164062,591876,NIACL,0.025762914986406704,0.037824442826043914,0.04126235271339729,168.76035537719727,159.62120819091797,192.80793800354004,1.043533511102312,1.10328125051531,0.9133808908760137,170.95609996251613,167.23862152150184,3.7174784410142934,3.047741207714366,0.6697372332999274,57.78168434148539,0.022247323146191048,796278.8,0.7433024714459308,0.038510962916722236,0.9086950656679884,1.0572552187134698,0.8278767453443087,-0.014232385558921368
2025-05-22,174.07246739172538,178.3186088486742,172.49981352000282,173.6006622314453,607415,NIACL,-0.014232385558921368,0.009949568624477934,0.012380988144107263,168.86650848388672,160.1641647338867,192.24778747558594,1.0280348885641248,1.083892033651119,0.9030047342078843,171.36295569619753,167.70988379631245,3.6530718998850773,3.1688073461485082,0.48426455373656907,56.19270480163588,0.022361903004109483,797438.0,0.761708120255117,0.033518278409063455,0.1891884229057179,1.0543339002482794,0.8331131756417555,0.03300869563077313
2025-05-23,173.9741650172204,185.37586770678985,173.9741650172204,179.33099365234375,3567562,NIACL,0.03300869563077313,0.019102896334523667,0.04597837206085931,169.26065368652343,160.8089505004883,191.77982620239257,1.059496047938412,1.11518042431226,0.935087893254679,172.5888076894508,168.57070674861106,4.01810094083973,3.338666065086753,0.6794348757529773,61.407829958017835,0.023484570481675814,945873.1,3.771713139955032,0.06357909727346472,0.46982707591769657,1.0525574177291175,0.8385081668119798,0.010578307709010915
2025-05-26,181.54253385719775,183.31176569458853,178.20066316274537,181.2280120849609,644967,NIACL,0.010578307709010915,0.016932319782437144,0.09404851947375303,170.03960571289062,161.44587310791016,191.32573860168458,1.0657988256627797,1.122531091047638,0.9472223309287946,173.91791605799082,169.508284921674,4.409631136316818,3.552859079332766,0.8567720569840525,68.5553300388556,0.021915136928127726,864692.5,0.7458917476443938,0.028202607715230244,0.5923083920454673,1.0532298066190668,0.8438272565303907,-0.009437011612147383
2025-05-27,181.81775523654312,181.81775523654312,177.61092320907838,179.51776123046875,860170,NIACL,-0.009437011612147383,0.045628918427908616,0.06969658120823796,170.6244338989258,162.14570159912108,190.95014068603516,1.0521222378783754,1.1071385763546002,0.9401289812382815,174.7794306999105,170.24972761121435,4.529703088696152,3.7482278812054437,0.7814752074907085,66.07489513772165,0.022040935168479117,879804.35,0.9776832769694762,0.023434071362242095,0.4532717277374946,1.0522908237232647,0.8491520405094908,0.01916339789726651
2025-05-28,179.38998165856043,188.71775527423807,179.0951221642962,182.9579315185547,2168963,NIACL,0.01916339789726651,0.03890158814988265,0.08669522085722936,171.35424194335937,162.92023071289063,190.627827835083,1.067717550750981,1.122990869322889,0.9597650752063139,176.03766159508655,171.1910760487951,4.846585546291436,3.967899414222642,0.8786861320687942,69.62919618002127,0.022312960476471695,959145.85,2.2613484695784276,0.05259478520594216,0.401429557806534,1.0517677343910208,0.8546508270232039,0.005049985692638259
2025-05-29,184.7861372418279,184.9827152393057,181.83742228584128,183.88186645507807,509265,NIACL,0.005049985692638259,0.05922330071486592,0.08723203045253847,172.09191284179687,163.75589630126953,190.26283515930174,1.0685096319669574,1.1229022625040739,0.966462348262176,177.24446234277755,172.13113459740865,5.113327745368906,4.196985080451895,0.9163426649170114,76.77352617718384,0.022313415104641382,864134.8,0.5893351361384821,0.017104965345959188,0.6500011920940195,1.0509051382503576,0.8606825193378481,-0.003314114269809987
2025-05-30,183.79339935366485,184.9433963288555,178.89852197462062,183.2724609375,649813,NIACL,-0.003314114269809987,0.02197872885708363,0.09162236143075098,172.8610366821289,164.5878271484375,189.90991180419923,1.0602300232325719,1.113523789169483,0.9650494763351659,178.17184674196562,172.95641803000802,5.2154287119576,4.400673806753036,0.8147549052045635,71.12790008744045,0.022220140436393872,871324.2,0.7457763711830798,0.032982993316689926,0.7235781434919509,1.0502662297511833,0.8666626485411184,0.007776491173383304
2025-06-02,181.83742053306287,185.27758794855325,181.64084253747995,184.6976776123047,540829,NIACL,0.007776491173383304,0.019145304787193673,0.10217609799689065,173.71714706420897,165.48718536376953,189.60580627441405,1.063209249827463,1.116084470264614,0.9741140381797914,179.17582072201776,173.82614096203,5.349679759987765,4.5904749973999825,0.7592047625877827,68.71634793033192,0.0221763040641505,878868.6,0.6153695785695382,0.019690260636125126,0.8405413987784716,1.0497317159775759,0.8727959792764048,-0.01814703428445985
2025-06-03,185.67073828733825,186.2506636038718,180.8545100514482,181.3459625244141,471761,NIACL,-0.01814703428445985,0.010183957739971161,0.1120486915097143,174.6307571411133,166.31950927734374,189.30932342529297,1.0384537380083307,1.0903469070607539,0.9579346608144133,179.50968869161719,174.38316478146587,5.12652391015132,4.69768477995025,0.42883913020107034,64.19337938312121,0.021592847871547746,881428.65,0.5352231289509366,0.02975612733422253,0.09107459011153862,1.0499715751921217,0.8785595250567694,0.006449811181428178
2025-06-04,182.7908219080388,183.72457854534304,178.95749887155245,182.5156097412109,507187,NIACL,0.006449811181428178,-0.002417614659678824,0.11753723569147678,175.5905632019043,166.96468811035157,189.05745483398437,1.0394386031517182,1.0931389852959885,0.9653975819228181,179.97213808386238,174.98556811181734,4.986569972045032,4.755461818369207,0.2311081536758257,63.270281272058995,0.02157247833737885,884598.15,0.5733529964990318,0.026118750503312225,0.7463921547653087,1.0516628706894697,0.8831425783075681,0.016048281534941422
2025-06-05,183.65579245441415,190.3886822365894,183.4198898715904,185.44467163085935,1589559,NIACL,0.016048281534941422,0.008498962980469038,0.14296959501811912,176.750390625,167.65842224121093,188.82925270080565,1.0491895999500531,1.1060862266976321,0.982075970637298,180.8140663218619,175.76031652063529,5.0537498012266155,4.815119414940688,0.23863038628592737,62.18400831617479,0.02148333428861107,938620.45,1.6935056124123442,0.03757882231780086,0.29054987625093726,1.0542291181215364,0.8878837354022723,0.01817999750191368
2025-06-06,186.2113480656597,189.7006637930473,183.12502698521376,188.8160552978516,1357894,NIACL,0.01817999750191368,0.03024783064511838,0.19792975494436194,178.31026153564454,168.19037078857423,188.61181213378907,1.0589186156294597,1.1226329688945458,1.0010828757846706,182.04514154893724,176.72740828191058,5.317733267026654,4.915642185357882,0.4020910816687717,63.25226913405691,0.01990725146883636,982972.8,1.381415640392084,0.0348256232631313,0.8654718134459787,1.060169263553094,0.8917276648043168,0.0003122613744070968
2025-06-09,191.5681651727353,191.66646166507243,188.2754426505859,188.87501525878903,977834,NIACL,0.0003122613744070968,0.022617163899878223,0.1398066232307742,179.4686149597168,168.71288299560547,188.32761810302733,1.0524125084554956,1.11950558786734,1.002906621775794,183.0958913504529,177.6272310209386,5.468660329514279,5.026245814189162,0.4424145153251171,75.6225807478703,0.017336002016613776,1001005.55,0.9768517267461704,0.017953772286081915,0.17681192751846944,1.0637516932503104,0.8958478033917928,0.012645627003082138
2025-06-10,190.5852514806426,191.568156367078,188.25577169913103,191.26345825195312,715329,NIACL,0.012645627003082138,0.05468826319308806,0.12285042130264401,180.51491622924806,169.37909576416016,188.02196411132812,1.059543788664283,1.1292034438432963,1.0172399759567756,184.35244010452985,178.63732192693968,5.7151181775901705,5.164020286869364,0.5510978907208068,74.04860040442247,0.016674987731929786,1014067.85,0.7054054617745745,0.01731843969684749,0.9080124606078077,1.0657449516709736,0.9008473907009636,0.022251931886048126
2025-06-11,191.2634597068731,204.925846731016,190.7130353659524,195.5194396972656,3840021,NIACL,0.022251931886048126,0.07124776874971306,0.1522242401772762,181.80645294189452,170.1766244506836,187.6663967895508,1.0754262928156557,1.1489206600988036,1.0418457595076076,186.0704400418738,179.88784916918604,6.1825908726877685,5.367734404033045,0.8148564686547237,82.94915146935993,0.016889726056876705,1177681.7,3.2606611786529416,0.07269257413518647,0.33817407463295923,1.0683397530580423,0.9068039210105353,-0.037904604512000506
2025-06-12,196.38441047574048,196.41389642417505,187.243391512548,188.1083526611328,949500,NIACL,-0.037904604512000506,0.014363750690964627,0.09435037391441514,182.61734924316406,170.82848693847657,187.2971799468994,1.0300683557215433,1.1011533031307568,1.0043309392830335,186.38396506022133,180.4967753537747,5.887189706446634,5.471625464515763,0.4155642419308707,62.559798635532246,0.019596307218939013,1192271.5,0.7963790126661586,0.048751183995254264,0.09431990462031833,1.069009932218935,0.9120718581396053,-0.02565577229933247
2025-06-13,184.04895226037436,186.52587693881543,181.94553626303048,183.28228759765625,800125,NIACL,-0.02565577229933247,-0.02930771798757259,0.041557325554625324,182.98299026489258,171.45656311035157,186.92504447937011,1.0016356565838738,1.0689721307413207,0.9805122053502259,185.9067839121344,180.70310959406223,5.20367431807216,5.418035235227043,-0.2143609171548828,52.71217819967087,0.020175325837132364,1182775.6,0.676480813435786,0.024990634587886522,0.291845395189232,1.0672265146661226,0.9172476785435474,0.00235963804286321
2025-06-16,184.77630659979687,184.77630659979687,178.89852421141293,183.7147674560547,522998,NIACL,0.00235963804286321,-0.027320965643147566,0.03088635414591212,183.25820388793946,172.0250750732422,186.5526332092285,1.0024913676901166,1.0679534211965054,0.9847878547498656,185.56955061119902,180.92619536161723,4.643355249581788,5.263099238097992,-0.6197439885162046,55.73462541619847,0.020023874649962223,1163183.6,0.4496263530538085,0.03199406596309643,0.8193980189126999,1.065299368768853,0.9221262231142409,-0.020865734197313968
2025-06-17,185.1792808673181,185.8771499593794,179.21305580382796,179.8814239501953,338228,NIACL,-0.020865734197313968,-0.05950971715027842,0.047747128089692614,183.66807479858397,172.4972622680664,186.14008750915528,0.9793831842984078,1.0428074137817542,0.9663765949467917,184.6944542018138,180.84880488669708,3.845649315116731,4.97960925350174,-1.1339599383850096,45.84106516521297,0.01870254571461169,1110564.8,0.3045549435746568,0.037047150334970524,0.10029392303987475,1.064759361300226,0.9267066786974737,-0.0033877331266722877
2025-06-18,179.38015383610175,182.8203211699448,176.93271510505238,179.27203369140625,615229,NIACL,-0.0033877331266722877,-0.08309867310900731,0.01797172151551707,183.82632217407226,172.8607406616211,185.71937477111817,0.9752250470509148,1.0370893529973668,0.9652844993277753,183.8602356617511,180.73200702037923,3.1282286413718623,4.609333131075765,-1.4811044897039025,43.71480950740389,0.01791356840907503,1111732.45,0.5533966378331405,0.03284174304078672,0.39732933225664313,1.0634359280799135,0.9307630982209361,-0.027413758646435582
2025-06-19,178.65280338176666,182.13229540233843,173.00109975890743,174.35751342773438,534248,NIACL,-0.027413758646435582,-0.07310063077406159,0.004359725283075377,183.86416473388672,173.30147521972657,185.31358703613282,0.9482952465483871,1.0060936481162026,0.9408781957997381,182.3982783949793,180.25982230981296,2.1384560851663252,4.115157721893877,-1.9767016367275518,39.122088797268844,0.018729109653522938,1108074.1,0.48214104092858046,0.05237053146674742,0.14854721350787753,1.0609497957289047,0.9351795407529179,0.044590937676286746
2025-06-20,174.36732084136358,183.80321374960977,174.02331312990003,182.1322784423828,1100216,NIACL,0.044590937676286746,-0.006274524234430978,0.015620750953232898,184.00422897338868,173.99324371337892,184.9327758026123,0.989826589630847,1.0467778780100876,0.9848566737395507,182.35735532534906,180.3985227640774,1.958832561271663,3.6838926897694346,-1.7250601284977716,47.28969967874769,0.01993141524579921,984706.8,1.1173031403865596,0.05369669068738734,0.8291459829500243,1.0575366321493551,0.9408458990476103,0.0033459501126862357
2025-06-23,181.2280169571288,183.3117706227764,180.48099960684823,182.7416839599609,378059,NIACL,0.0033459501126862357,-0.005296708095752556,0.008352306343736737,184.07991256713865,174.55841400146485,184.55428009033204,0.9927301757779265,1.0468798367887748,0.9901785202191792,182.41648280759705,180.57209026006876,1.8443925475282867,3.315992661321205,-1.4716001137929182,51.565252925159385,0.01981305927539708,971361.4,0.38920529475435195,0.015490559978359433,0.7986108167676808,1.05454620231365,0.9458377985925084,0.0025817960499689985
2025-06-24,184.83528796403192,187.4498188594983,182.8891402664618,183.21348571777344,510648,NIACL,0.0025817960499689985,0.0185236568312952,0.020586957312597187,184.2646987915039,175.17489196777345,184.16522148132324,0.9942950924369952,1.04588896079627,0.994832163445983,182.5390986399319,180.7677491828617,1.7713494570701869,3.0070640204710015,-1.2357145634008146,50.79508844785304,0.019674314027626698,953885.3,0.5353348038805085,0.024892701403333817,0.07111780510182676,1.0518898954160776,0.9511833480760561,0.02065448224334987
2025-06-25,184.29467681203036,191.1750114130128,183.3609201157705,186.99766540527344,980381,NIACL,0.02065448224334987,0.04309446127646366,0.02208012439356355,184.46668548583983,175.8426776123047,183.82239067077637,1.0137205258107589,1.0634373176320886,1.0172736015613242,183.22503198844598,181.2292244585959,1.995807529850083,2.804812722346818,-0.809005192496735,51.735506355469084,0.01974863888993246,894456.2,1.0960637312369237,0.04178710616684489,0.465408599818431,1.0490438839457916,0.9565900920483444,-0.024283809186378957
2025-06-26,188.2262970093662,188.86517922458265,181.7391183717476,182.45664978027344,663553,NIACL,-0.024283809186378957,0.04645131829031213,-0.007750718993016159,184.3954246520996,176.32036926269532,183.4451516723633,0.9894857756070463,1.0348018810488981,0.9946114580675572,183.10681934103482,181.32014485279421,1.7866744882406067,2.601185075525576,-0.8145105872849694,43.07426885735818,0.02052766564924807,902170.6,0.7355072311157114,0.03905618601139906,0.10069117052801742,1.0457976320215927,0.9611612389604443,-0.010450948732588228
2025-06-27,182.4664662557236,183.83270347593827,179.96989439212902,180.5498046875,688055,NIACL,-0.010450948732588228,-0.008688595829450585,-0.014855784857543242,184.2592918395996,176.6523944091797,183.12123527526856,0.9798681134879821,1.0220625952529845,0.9859577695404731,182.71343247126023,181.26308261832799,1.4503498529322485,2.3710180310069107,-0.9206681780746622,41.28420376650785,0.02064654161261347,904082.7,0.7610531647160155,0.021394700982895535,0.15012657441488383,1.0430613887564981,0.9646745454924172,0.04785239178291145
2025-06-30,181.0510927151482,190.388689942564,181.00194446699493,189.1895446777344,1774254,NIACL,0.04785239178291145,0.03528401718781482,0.02432010582644417,184.4838851928711,177.0453594970703,182.80390449523927,1.0255071573321632,1.068593637332048,1.0349316400003996,183.7097574261024,181.8502279560618,1.859529470040627,2.2687203188136538,-0.4091908487730267,48.08008724051036,0.023274245089865007,965753.95,1.8371698091423805,0.049615561428399624,0.87225122190107,1.0420148018390953,0.9684987855479918,-0.00800082201993979
2025-07-01,188.72757329610343,190.0839869210239,185.11049029356784,187.6758728027344,607623,NIACL,-0.00800082201993979,0.024356215196052355,0.03490516243210062,184.8003807067871,177.40352996826172,182.5259390258789,1.0155599901090555,1.0579038243281318,1.0282148049988957,184.31992902250735,182.28175720396345,2.0381718185439013,2.2226106187597034,-0.18443880021580217,42.35047263030077,0.022932486843172395,972547.05,0.6247749144887129,0.026500458227167466,0.515810646176865,1.0416950595055732,0.9719359939471895,-0.008850910189547312
2025-07-02,187.6758823508552,187.93143225057716,183.8032342666364,186.0147705078125,402798,NIACL,-0.008850910189547312,-0.0052561880670046746,0.019171843830580126,184.9753387451172,177.7412564086914,182.28758460998534,1.0056192991441284,1.0465480793052193,1.0204467347888868,184.58067386640047,182.55827670795225,2.0223971584482285,2.1825679266974087,-0.1601707682491802,47.70028651508554,0.023030026242111663,967327.6,0.4164028815057071,0.022192850453063264,0.535714674969387,1.0407000742685875,0.975059583947963,-0.012945890396126036
2025-07-03,185.9656095064109,186.01475775243267,182.8203167342271,183.6066436767578,416512,NIACL,-0.012945890396126036,0.0063028335655033185,-0.009911462744857213,184.8834373474121,177.98383728027343,182.0032794189453,0.9930940613774122,1.0315916685605,1.008809534987124,184.4308230679939,182.63593352045638,1.7948895475375366,2.105032250865434,-0.3101427033278976,50.37627977074495,0.022958645197852182,908675.25,0.4583727794941042,0.01739828665366503,0.24615478515625094,1.038765318090506,0.9779155510191676,-0.003640286233222434
2025-07-04,183.60664609869943,184.22586601333657,180.5694734285247,182.93826293945312,476574,NIACL,-0.003640286233222434,0.01322880551483907,-0.031129727549526587,184.58954772949218,178.21364074707031,181.7161237335205,0.991054288770137,1.0265110020342845,1.0067255408096027,184.2011984328338,182.6583282922339,1.542870140599888,1.992599828812325,-0.4497296882124371,49.10409434640558,0.02255162987165294,864609.25,0.5512015977159624,0.01998703019292372,0.6478487897519636,1.0357767618443465,0.9807255244362001,0.005802715513049339
2025-07-07,182.62374071991005,186.0147597608772,180.85450882959788,183.9998016357422,449735,NIACL,0.005802715513049339,-0.027431447392256447,-0.02581185031999611,184.34578704833984,178.58065734863283,181.45221374511718,0.9981231715780576,1.0303456397101836,1.0140399934398352,184.17021431020433,182.75769668804932,1.4125176221550078,1.8765833874808617,-0.464065765325854,55.07633441341782,0.0226061568636659,838204.3,0.5365458039287081,0.028044872252063074,0.6095232282366018,1.0322830578927262,0.9841745860399478,0.006784197616126697
2025-07-08,186.014757294012,187.71517861701255,181.8865596033232,185.2480926513672,777455,NIACL,0.006784197616126697,-0.012936026965592151,-0.03145067884667152,184.04501876831054,178.92919525146485,181.19823112487794,1.0065368456647619,1.0353150719256399,1.0223504473600418,184.33604174730633,182.9421704631099,1.3938712841964218,1.7800409668239738,-0.386169682627552,57.251903025769295,0.02245654324170106,841310.6,0.9240998508755268,0.03146385439259923,0.5767289027038718,1.0285913291548423,0.9874776047242464,0.004350755933547168
2025-07-09,184.78612116796128,186.5553529872422,183.36091206279605,186.05406188964844,329865,NIACL,0.004350755933547168,0.00021122721453070703,-0.0484114409404659,183.57174987792968,179.28304107666017,180.97997703552247,1.0135222985746415,1.0377672130745095,1.0280367195158282,184.60035253843589,183.17268093914979,1.4276715992861,1.7095670933163991,-0.2818954940302991,65.76573797215765,0.02181349136785081,665802.8,0.4954394904917792,0.017169423188088354,0.8430739182692267,1.023921441623894,0.9906236259576426,-0.013576950308281543
2025-07-10,185.76903724331083,186.43740541639224,183.3117748459125,183.52801513671875,252868,NIACL,-0.013576950308281543,-0.00042824452571277316,-0.02434946380432823,183.34273300170898,179.57103240966796,180.75179573059083,1.001010578014063,1.0220357519470258,1.0153592908712556,184.43537755355632,183.19900199082156,1.2363755627347643,1.6149287872000722,-0.3785532244653078,52.19137670232915,0.02035007468890385,630971.2,0.40075997129504487,0.01703080899202935,0.06918293314908658,1.0210039478051023,0.9934674877438961,-0.01713795132100171
2025-07-11,183.2233156579478,183.99980397074853,179.8814298231845,180.3827209472656,272895,NIACL,-0.01713795132100171,-0.013969423078174392,-0.015820222938049633,183.19775466918946,179.8208871459961,180.50862510681154,0.9846339070748594,1.0031244079049246,0.9993025033597622,183.8118919218193,182.99038858018778,0.8215033416315123,1.4562436980863602,-0.6347403564548479,46.5694800287051,0.01989171023107719,604609.7,0.4513572971125009,0.02283131181266537,0.12172063686287476,1.0187790616362142,0.9961899994506718,-0.0008717968065470316
2025-07-14,180.3827322688461,181.78827923907667,178.2105055900149,180.2254638671875,335885,NIACL,-0.0008717968065470316,-0.02051272737797083,-0.01899304904654353,183.0232894897461,180.07388702392578,180.2469758605957,0.9847132808597271,1.000841748050019,0.9998806526805485,183.26013375956825,182.7855793421878,0.47455441738046034,1.2599058419451803,-0.78535142456472,45.61455135052819,0.019879425946857692,595254.05,0.5642716752620163,0.01985165454587666,0.5631877460165773,1.0163788460090744,0.999039712950281,0.009434898371519562
2025-07-15,180.24511374440908,182.7515093576289,180.24511374440908,181.9258728027344,249551,NIACL,0.009434898371519562,-0.017933895032782532,0.011365536294092982,183.12551193237306,180.4509292602539,180.00611503601075,0.9934490879125478,1.0081736544584554,1.0106649586117649,183.05486284313227,182.72189737630237,0.33296546682990424,1.074517766922125,-0.7415523000922208,42.071282482611686,0.019416795418751652,590820.2,0.4223806159640446,0.013777015740567807,0.6705880944972434,1.0148216619503343,1.0024711061852214,0.0035658048424289657
2025-07-16,182.30919643882584,185.2677497830377,181.05107936813604,182.5745849609375,529088,NIACL,0.0035658048424289657,-0.018701429538123593,0.01842201040244884,183.2906394958496,180.83603118896485,179.75006820678712,0.9960933382256636,1.009613978810207,1.015713578205161,182.9809739381792,182.7109853455346,0.2699885926446086,0.9136119320666218,-0.6436233394220132,50.20991343277583,0.01940120782375604,586513.15,0.9020906010376749,0.02309560454870438,0.36130535301440986,1.0135736683156897,1.0060415163844523,0.001345985794814375
2025-07-17,183.60665474873744,183.76392314631508,181.7391262728676,182.82032775878903,170205,NIACL,0.001345985794814375,-0.0038560182618578853,0.048537135938006015,183.71378021240236,181.2474752807617,179.50507919311522,0.9951367150979075,1.0086779276543902,1.018468828740535,182.95625914134996,182.71908478355343,0.23717435779653329,0.7783244172126043,-0.541150059416071,54.295306081800724,0.018206421659126823,568311.0,0.2994927073380596,0.011075337727864586,0.5339802229546864,1.0136073891667745,1.0097066673292958,-0.0027420200106614834
2025-07-18,183.7049152377861,183.7049152377861,180.2057762805617,182.31903076171875,327510,NIACL,-0.0027420200106614834,0.010734452858260246,0.0010253664036548038,183.72311782836914,181.74148315429687,179.26937858581542,0.9923575917758914,1.0031778523945,1.0170115621527827,182.85822400602208,182.6894511523064,0.16877285371569428,0.6564141045132222,-0.48764125079752796,31.21972949029582,0.01529433885225525,529675.7,0.6183217391320766,0.019192395564002263,0.6039355701476127,1.010903590306842,1.0137898875311717,-0.008895372290655068
2025-07-21,182.3190372081565,182.3190372081565,180.36305103743,180.69723510742188,216783,NIACL,-0.008895372290655068,0.002617672498166135,-0.011187643717822882,183.6208953857422,182.04126892089843,179.04031257629396,0.9840777365115314,0.9926168729681808,1.0092544662555918,182.52576417546823,182.54187959342607,-0.016115417957848877,0.5219082000190081,-0.5380236179768569,31.036272867496947,0.01540471176098982,521611.9,0.4156020980349566,0.01082466020890508,0.1708519594838156,1.0086772986928043,1.0167613444225065,0.002121401019778979
2025-07-22,181.73911089269288,183.90151368153653,178.6822760389424,181.08056640625,375815,NIACL,0.002121401019778979,-0.004646433096412772,-0.011641715691218524,183.514249420166,182.25613159179687,178.80603713989257,0.9867384520733103,0.9935499279213288,1.0127206513982405,182.30342605712696,182.43363417215377,-0.13020811502681795,0.3914849370098429,-0.5216930520366608,35.591202366948224,0.015400284292648884,514870.25,0.7299217618419398,0.028822737559175103,0.45950970841702665,1.0069030205863634,1.019295178770754,0.005807978498219013
2025-07-23,180.6284351660847,182.8203088632482,180.46134313515583,182.1322784423828,171664,NIACL,0.005807978498219013,-0.0024226072793720466,-0.026018436927252808,183.27098007202147,182.50500305175783,178.60699882507325,0.9937867870341983,0.9979577293600587,1.0197376342500566,182.2770956548586,182.4113115255041,-0.1342158706454768,0.28634477547877896,-0.42056064612425575,45.324159477210195,0.014668673754507007,474434.4,0.36182873754516953,0.012951936626865466,0.7083338631537607,1.0041970193005965,1.0218244763773354,-0.009821869082350165
2025-07-24,182.42716777535944,182.72202726694772,179.8716088633707,180.3433990478516,138116,NIACL,-0.009821869082350165,-0.013548431628486513,-0.01158220725288317,183.16531753540042,182.6740625,178.4292896270752,0.9845935981466392,0.9872414100816945,1.010727551652405,181.9796038691652,182.25813282345578,-0.27852895429057867,0.17337002952490743,-0.4518989838154861,42.31664857919201,0.01380260263664831,448162.55,0.3081828233974481,0.015805504491022103,0.16551611647217404,1.0026892435011152,1.023789664139764,-0.019293619545164176
2025-07-25,179.57673442815036,180.46135789700148,175.45836021773988,176.86392211914062,202323,NIACL,-0.019293619545164176,-0.029920675969957622,-0.020414769070168703,182.98102340698244,182.6919515991211,178.30539451599122,0.9665697503820585,0.9680991448776635,0.9919157106785049,181.19257590762297,181.85856166017317,-0.6659857525501991,0.0054988731098861154,-0.6714846256600853,31.517301507128508,0.01427200089206024,423875.95,0.47731653565152726,0.02828727091040893,0.28094394431304126,1.001582290874508,1.0246013705588501,-0.0317884101688265
2025-07-28,176.77545881000012,176.94255084943472,170.53400646470973,171.24169921875,258737,NIACL,-0.0317884101688265,-0.052328060709123214,-0.09486700488421163,182.0836311340332,182.55257568359374,178.1366788482666,0.9404563065457412,0.93804044438985,0.9612938802154855,179.6616718016425,181.07212740525293,-1.4104556036104157,-0.2776920222341743,-1.1327635813762413,20.42337432520641,0.01057457271115192,348100.1,0.7432833256870653,0.037423970995163376,0.11042956271428486,0.9974311808649945,1.0247893744504382,-0.004017911879852787
2025-07-29,171.56605602440607,174.4361365783198,165.9143527594808,170.5536651611328,589140,NIACL,-0.004017911879852787,-0.058133798971560124,-0.09123286539660158,181.22752075195314,182.5299688720703,177.9364119720459,0.941102457581872,0.9343871924980641,0.9585090722630007,178.26044001079487,180.29298205383662,-2.032542043041758,-0.628662026395691,-1.403880016646067,17.104716063423055,0.01055092971337196,347175.95,1.6969493422571464,0.04996541007071253,0.544406253464907,0.9928644697187781,1.025815721746407,0.17767406656554008
2025-07-30,178.8886972362141,203.85447645571892,176.9228873764755,200.85662841796875,82688432,NIACL,0.17767406656554008,0.10280632370999165,0.07978859888189849,181.96961364746093,183.02495971679687,177.90436935424805,1.1037921353567228,1.0974275242500457,1.1290145888323717,181.73677668882164,181.8162151178464,-0.07943842902477627,-0.5188173069215081,0.4393788778967318,66.87727193016352,0.04206855272418646,4461457.65,18.533949773119552,0.13408364608809747,0.888686552103208,0.9942338680419931,1.0287828251837512,-0.022363625037414514
2025-07-31,196.57116272854068,211.06901047396252,190.9587689683385,196.36474609375,46150949,NIACL,-0.022363625037414514,0.0888380008943237,0.06948606086091869,182.60751876831054,183.48024139404296,177.85571563720703,1.075337682797686,1.070222845805158,1.1040676730024128,183.98723352034906,182.89388407902447,1.093349441324591,-0.19638395727228827,1.2897333985968793,65.16789855995927,0.042327290074298564,6748179.5,6.839022139230291,0.10241268815137948,0.26881711608981296,0.9952435062266015,1.0316240933651462,-0.05526079807536899
2025-08-01,194.61516735230427,198.54678689477507,183.8032136105096,185.5134735107422,6438130,NIACL,-0.05526079807536899,0.0489051203205535,0.014076937923814148,182.736279296875,183.60389099121093,177.72154914855957,1.0151978262037136,1.0104005558336597,1.0438434416057742,184.22203967271724,183.0879277406332,1.1341119320840392,0.06971522059897722,1.0643967114850619,54.17181992250916,0.04435191695876099,7046257.3,0.9136949909564046,0.07947440692716982,0.11600036621093733,0.9952745462547008,1.033098641503143,-0.006516880382496537
2025-08-04,185.8083477895684,186.95835979559865,180.4908433329312,184.30450439453125,2015036,NIACL,-0.006516880382496537,0.07628285187181172,0.0016559950395613754,182.75151443481445,183.66542083740234,177.59475440979003,1.0084978226556407,1.0034796073981431,1.0377812396939317,184.23472655299634,183.17804452981082,1.056682023185516,0.267108581116285,0.7895734420692311,51.89121630081263,0.04437537445256054,7124522.35,0.28283103077078564,0.035091472581824504,0.5896639125101115,0.9950240693189767,1.034182689954933,0.058930188813585804
2025-08-05,184.37331153227203,201.49551388829545,184.37331153227203,195.1656036376953,33036985,NIACL,0.058930188813585804,0.14430612472215154,0.05353637300327119,183.24738998413085,183.9783776855469,177.52944038391112,1.0650389271825185,1.0608072866653355,1.099342189192089,185.91639995064233,184.0660118711356,1.850388079506729,0.5837644807943738,1.266623598712355,58.61234356066419,0.046230009316538326,8737498.85,3.781057436133454,0.08773165986670999,0.630309809510379,0.9960267738491235,1.0363260160550825,-0.040894428958405005
2025-08-06,194.2318442901151,195.58825789615804,185.8280041185664,187.18441772460935,3167547,NIACL,-0.040894428958405005,-0.06806950211724394,0.006075416056389837,183.3039077758789,184.06290740966796,177.44034004211426,1.0211698157219595,1.0169589319155643,1.0549146697993388,186.11147960817573,184.29700489731883,1.8144747108568993,0.8299065268068789,0.9845681840500203,52.69941076479765,0.04728364424318313,8879382.95,0.3567305315962299,0.05214244805329454,0.13897319034440453,0.9958764117959967,1.037322783342175,0.018851064266859563
2025-08-07,185.4741581130306,192.41346454990028,182.5156196598828,190.71304321289065,3373756,NIACL,0.018851064266859563,-0.0287816575698423,0.03914948936171636,183.6631591796875,184.19953094482423,177.36539352416992,1.0383848566293357,1.0353611772769253,1.0752550958420297,186.81941247043957,184.7722669947686,2.0471454756709875,1.0733543165797006,0.9737911590912869,55.004690731928875,0.04730318323201128,9035427.35,0.3733919680069145,0.05189915027976692,0.8282028708366005,0.9970880937514581,1.0385314027999661,-0.016492286717600613
2025-08-08,191.17500830585703,194.5463650065332,185.57245322141716,187.5677490234375,2404734,NIACL,-0.016492286717600613,0.011073457220218241,0.039832130474805494,184.02241058349608,184.28543670654298,177.2836157989502,1.019265797185788,1.01781102389616,1.0580094961293554,186.9345411709008,184.97933973763293,1.9552014332678596,1.2497237399173324,0.7054776933505271,54.02325820778056,0.0472890017255213,9142019.3,0.2630418861618461,0.047843575624478475,0.2223440401241406,0.9985727243142618,1.0394950253921562,-0.012367032094523167
2025-08-11,187.15493060797476,190.00534889494253,183.8032212099353,185.2480926513672,1297312,NIACL,-0.012367032094523167,0.005119724338457088,0.027868585694865944,184.27354202270507,184.29644500732422,177.25511154174805,1.0052886085433905,1.0051636787893827,1.045093092323809,186.675087552511,184.99924736087252,1.6758401916384855,1.3349470302615631,0.3408931613769224,52.38631782587445,0.04740746146715067,9190090.65,0.1411642223572626,0.03348011629290839,0.23296383351227523,0.9998757274747311,1.0397242900604182,-0.019631777124002214
2025-08-12,185.24808853044888,187.3121948288459,180.9626225473856,181.61134338378903,996441,NIACL,-0.019631777124002214,-0.06945004653109033,-0.0017288877832479788,184.2578155517578,184.30175262451172,177.1909278869629,0.9856371239393893,0.9854021505362242,1.024947188603505,185.89604998809224,184.74829151071816,1.147758477374083,1.2975093196840672,-0.14975084230998426,49.71029004938815,0.04762432226234391,9227435.15,0.1079867789696685,0.03496242119657748,0.10216764336986908,0.9997616025234256,1.0401308623547878,0.007089852606447566
2025-08-13,182.7711586068788,184.6190245722322,181.84722562420205,182.89894104003903,685519,NIACL,0.007089852606447566,-0.02289440935663367,0.0017765675281196103,184.27403335571287,184.30941925048828,177.13160949707031,0.9925377857605177,0.9923472266572968,1.0325595841382795,185.43495630377637,184.61130258696417,0.8236537168122027,1.2027381991096944,-0.3790844822974917,51.42919364396246,0.04764117966392998,9235256.7,0.07422847271803501,0.015154811352479994,0.3794342358721249,0.9998080082129318,1.0405224667341866,-0.009135804426075533
2025-08-14,184.4322766919462,184.5403968319517,179.88142215981256,181.2280120849609,484913,NIACL,-0.009135804426075533,-0.04973456963476652,-0.00870972989354335,184.19441757202148,184.22508605957032,177.1023680114746,0.9838952476075955,0.9837314556952342,1.0232952507626494,184.7877341162663,184.36068847570468,0.4270456405616301,1.0475996874000815,-0.6205540468384514,52.49101898837478,0.0476958000454516,9250992.1,0.052417405047832655,0.02570780652802721,0.2890313899324266,0.9998335270825227,1.0402180847612057,0.057923833870269226
2025-08-18,190.1429558115377,197.5933769847116,186.26048433553,191.72543334960935,7485120,NIACL,0.057923833870269226,0.022166307096068705,0.05159309233156395,184.66473770141602,184.28327362060546,177.1087077331543,1.038235213371433,1.0403843473299996,1.0825296836250295,185.85507245985755,184.90622513303094,0.9488473268266091,1.027849215285387,-0.07900188845877798,61.07567971084894,0.0493741177138239,9608872.6,0.778980043923155,0.05911001191227548,0.4822201341926584,1.002069987543177,1.0405093909795837,-0.00697219034776031
2025-08-19,190.7818581152752,191.9023691661168,188.5309973653428,190.38868713378903,999067,NIACL,-0.00697219034776031,0.027749783594783528,0.053633648686465696,185.14931030273436,184.31354705810546,177.09489791870118,1.0282981169224334,1.0329608982771536,1.0750659074390196,186.5525516404624,185.3123334293834,1.240218211079025,1.0703230144441147,0.16989519663491026,60.65020323664555,0.04935037679666214,9647986.8,0.10355186223928084,0.01770783680232474,0.5510189555538586,1.0045344645467944,1.040761474352119,-0.005059342504271203
2025-08-20,190.6639004100265,191.46005102991316,188.96347902447,189.42544555664065,457090,NIACL,-0.005059342504271203,0.04302650939781061,0.04608379196069623,185.5665542602539,184.27678680419922,177.05877616882324,1.02079518753673,1.0279398118543932,1.0698449952914277,186.99453531987444,185.61700840177284,1.3775269181016085,1.1317637951756137,0.2457631229259949,41.03867768120522,0.04938851157058257,9652050.55,0.04735677643130454,0.013179707710898126,0.18504033977928833,1.006999077194813,1.0407661839280629,0.031963432801796365
2025-08-21,193.63226702880203,207.1963577694937,192.96389888984515,195.48013305664065,16102928,NIACL,0.031963432801796365,0.06878767009289266,0.07328659548109928,186.23394699096679,184.27600067138673,177.07322486877442,1.0496482312439115,1.060800822377483,1.10395082713102,188.30001189476155,186.34761022805932,1.9524016667022295,1.2958913694809369,0.6565102972212926,49.32310530433059,0.04980205267655045,10448613.75,1.5411544904700876,0.07280769998005197,0.17679546367026897,1.0106250749552113,1.0406768206088195,-0.013827429051909146
2025-08-22,195.4899575463602,195.5489294414699,191.66645803471343,192.7771453857422,1035994,NIACL,-0.013827429051909146,0.0637270870430724,0.06894483747969882,186.8556343078613,184.36937652587892,177.0563680267334,1.0316902998393116,1.045602849118943,1.088789674916607,188.98880166260471,186.8238720915914,2.1649295710133174,1.469699009787413,0.6952305612259044,56.34989744804638,0.04987128126869489,10493507.65,0.09872714010934179,0.020139687196777153,0.2860774065446772,1.01348519927133,1.0413032786148722,-0.013154508885380278
2025-08-25,192.7771532931748,194.2711580236985,189.72031828844493,190.2412567138672,624324,NIACL,-0.013154508885380278,-0.007741156766800872,0.07563631086794054,187.52450103759764,184.50855590820314,177.07533813476562,1.014487470497121,1.0310701082529539,1.074352073630273,189.18148705510663,187.07701169324145,2.104475361865184,1.596654280202967,0.5078210816622168,55.0722302398375,0.04973622005997414,10514607.7,0.05937682296981941,0.02392141333516453,0.11447083521459872,1.0163458280541473,1.041977713281453,-0.015654833456599015
2025-08-26,189.3566389382132,189.8480914296157,185.7690417501507,187.2630615234375,597253,NIACL,-0.015654833456599015,-0.016417076336868175,0.0935599353298946,188.325569152832,184.57952178955077,177.07912239074707,0.994358133979501,1.0145386644621737,1.0575106709091222,188.88634466561908,187.09079316214485,1.795551503474229,1.6364337248572194,0.1591177786170097,42.19720968297442,0.049240819595103104,10531533.5,0.05671092438722243,0.021782457502727844,0.3662666284277155,1.020295032335994,1.0423562038118368,0.006928270033942585
2025-08-28,187.73483407259667,190.38867427717656,183.60663653236807,188.5604705810547,807433,NIACL,0.006928270033942585,-0.0045663082541216315,0.10557853097387104,189.2259094238281,184.75310272216797,177.0700304412842,0.9964833629559524,1.0206078696530052,1.0648920662132075,188.8362101910707,187.19965815613818,1.6365520349325209,1.6364573868722798,9.464806024106487e-05,51.56528202014608,0.04918963317185838,10542448.15,0.07658875704311621,0.035967441765018086,0.7304344557030331,1.0242096432252419,1.043390020669994,-0.018661300316512253
2025-08-29,188.56048865653312,189.2092095459104,184.29468462264,185.04168701171875,583968,NIACL,-0.018661300316512253,-0.05339901237890676,-0.07873746328819287,188.4351623535156,184.86849578857422,177.04609672546385,0.9819912839015125,1.0009368347073186,1.0451610650228185,188.25243739424732,187.03980844173674,1.2126289525105847,1.5516916999999408,-0.33906274748935616,43.547297273836456,0.0283042191468779,6437224.95,0.09071735173710217,0.026559014904350465,0.15199890136718414,1.0192929928364887,1.0441828382991134,0.014076318977690017
2025-09-01,186.7519456933865,188.069034763508,184.41262704799175,187.6463928222656,461553,NIACL,0.014076318977690017,-0.0266149421043147,-0.04439877037460693,187.99924468994138,185.13427337646485,177.07371643066406,0.9981231208228644,1.0135691754961678,1.0597077680681166,188.15919976778858,187.0847406180722,1.0744591497163754,1.4562451899432278,-0.3817860402268525,50.09059302043524,0.028213317437785213,4152755.15,0.11114380292803923,0.019485627517388616,0.8844106089567393,1.0154750995654418,1.0455209113372679,0.010266561085038317
2025-09-02,189.14039539188985,191.56817185753349,187.34169250245336,189.5728759765625,717655,NIACL,0.010266561085038317,-0.0035133322227258734,0.021881981879797285,188.2022148132324,185.28308532714843,177.1132783508301,1.0072829172849551,1.0231526296199123,1.0703481847422651,188.37668841529228,187.26904694092335,1.1076414743689327,1.386524446828369,-0.2788829724594364,55.027435209660204,0.02534905030902089,3866731.4,0.1855973238792847,0.0222947472485603,0.5279059204269657,1.0157549701902349,1.0461275803394898,0.037019770364222104
2025-09-03,190.68356676206747,200.21774210058288,190.29041076791955,196.5908203125,2188887,NIACL,0.037019770364222104,0.049810991624181344,0.0666631342426014,188.81653060913084,185.5600680541992,177.20635948181152,1.0411737768843063,1.0594457222072093,1.1093891939734708,189.64040101486268,187.95954867215124,1.6808523427114324,1.445390026004982,0.23546231670645046,66.14410608032532,0.026479092583584815,3875423.95,0.5648122704097961,0.050497430739049165,0.6346528924496124,1.017549371419612,1.0471411330655158,0.011603818632053287
2025-09-04,208.77050862230269,210.1689788034548,195.7477629998883,198.8720245361328,4596479,NIACL,0.011603818632053287,0.05468566090921789,0.018991158428296018,189.0018516540527,185.8732388305664,177.34441284179687,1.0522226253113456,1.0699336052212203,1.12138872237007,191.06065078736577,188.76788021763136,2.292770569734415,1.6148661347508688,0.6779044349835464,66.85399915634372,0.02317956531266726,2453398.65,1.8735149299931342,0.07251505503201797,0.2166434216643412,1.0168319702350386,1.0480918786901836,-0.028527284427393163
2025-09-05,198.3661916798197,198.3661916798197,192.31601677992944,193.19874572753903,902573,NIACL,-0.028527284427393163,0.04408227598629533,0.03213049502751941,189.3025680541992,185.99726043701173,177.44520446777344,1.0205817475874088,1.0387182331266975,1.0887797520762341,191.38958847046933,189.09609247762452,2.293495992844811,1.7505921063696572,0.5429038864751536,61.64718031918495,0.022139312740553696,2340149.95,0.38569024177275474,0.03131580837705127,0.14590139330114293,1.0177707328023082,1.0481954753011737,-0.007957210033935125
2025-09-08,194.7460176618322,194.7460176618322,187.85278029006,191.6614227294922,900941,NIACL,-0.007957210033935125,0.02139678704631187,0.004972808889336822,189.34998703002927,186.1813558959961,177.5425360107422,1.0122072134026412,1.029434025803085,1.079523966684219,191.43140912570362,189.28611694072583,2.145292184977791,1.829532122091284,0.31576006288650693,49.924567155730465,0.021863217675493932,2216509.2,0.4064684234110104,0.03596570073207282,0.5525186837506233,1.0170190571380477,1.0486577474861078,-0.011126111132297112
2025-09-09,191.2349269196988,191.42337722547637,188.94379980027583,189.5289764404297,400042,NIACL,-0.011126111132297112,-0.00023157076615876182,0.010456101473751422,189.4480484008789,186.36093933105468,177.6229638671875,1.00042717800597,1.016999469528039,1.0670296920737374,191.13872717412303,189.30410653329648,1.8346206408265573,1.8305498258383388,0.004070814988218485,49.005530283828634,0.021676205395491303,2116274.6,0.18903123441542038,0.013082840797063528,0.2359985351562606,1.0165652152264602,1.0491939514667752,0.007483392401447242
2025-09-10,191.67132848870227,194.9939681798076,190.21333580123948,190.94729614257807,619820,NIACL,0.007483392401447242,-0.028706956718279164,0.030765247888066893,189.73300857543944,186.39609436035155,177.73947898864745,1.0063999805635075,1.024416830180078,1.0743099801410705,191.10927624619302,189.42582428213214,1.683451964060879,1.801130253482847,-0.11767828942196812,51.7420587649645,0.021498203959529862,2082400.0,0.2976469458317326,0.02503639734703804,0.15352787732204154,1.0179022754019555,1.0487039537921512,5.194214891246496e-05
2025-09-11,191.82010245152813,192.4548736633462,189.4496270520985,190.95721435546875,404738,NIACL,5.194214891246496e-05,-0.03979850961504161,0.051460832773697396,190.20030212402344,186.46172119140624,177.83451805114746,1.003979553255135,1.0241094694146249,1.073791615081989,191.08588210915852,189.5392605838608,1.5466215252977236,1.7502285078458224,-0.20360698254809884,43.99105593486966,0.020911224881899323,2052814.85,0.19716244745598951,0.015737800854454323,0.5016517771712385,1.0200501256168255,1.0485125342076587,-0.00015581835319655735
2025-09-12,191.4233751965808,192.4152061561485,189.74717845344887,190.92745971679688,414549,NIACL,-0.00015581835319655735,-0.01175621509440472,0.04389592761502259,190.60172805786132,186.55997497558593,177.90257514953612,1.0017089648779924,1.0234106203207975,1.0732135808394718,191.06150943341058,189.64209014926345,1.419419284147125,1.684066663106083,-0.26464737895895807,47.35469375409984,0.02089422869355268,2039266.35,0.20328340140560844,0.013974038656655977,0.44237968824451807,1.0216646313487354,1.048663712814572,0.0032207478176835558
2025-09-15,191.91928952130763,193.90295142850465,190.84811027532456,191.5423889160156,506591,NIACL,0.0032207478176835558,-0.0006210629754355157,0.05691381101846016,191.11744689941406,186.7186898803711,177.9303116607666,1.0022234600948032,1.0258340449942907,1.0765022953548304,191.1354908922729,189.78285302087474,1.3526378713981728,1.6177809047645009,-0.26514303336632805,51.96898430049572,0.020718542017021422,2040350.25,0.24828629300288027,0.01594864285899415,0.22727160132967764,1.0235582041726043,1.049392248783108,-0.001656984724353383
2025-09-16,192.31601104473532,192.66315792347828,190.6993369219716,191.2250061035156,306005,NIACL,-0.001656984724353383,0.008948656268499278,-0.0026101244751457475,191.09242553710936,186.88442474365235,177.9478116607666,1.0006938033573731,1.0232260198559466,1.0746128559763364,191.1492624632333,189.88967917514444,1.2595832880888622,1.5461413814293732,-0.28655809334051097,56.52067126876462,0.016189898915470867,1681394.5,0.18199476684383112,0.010269687220946483,0.26767672875516574,1.0225165944097754,1.050220415747074,-0.00010373342998071244
2025-09-17,191.42337369786205,192.23668234272685,190.0645701368173,191.2051696777344,330651,NIACL,-0.00010373342998071244,0.0013504958717183158,0.0042885034622441864,191.13324966430665,187.0285321044922,177.95209060668947,1.000376282062666,1.0223315529788188,1.0744755457823587,191.15786357315656,189.98712291607703,1.1707406570795342,1.4710612365594056,-0.30032057947987134,54.5437958022262,0.016107009840976492,1647973.7,0.2006409446946878,0.01136011233153641,0.5251107828656042,1.021947012648964,1.0510049725567063,0.016443613994357342
2025-09-18,192.16724859538544,196.87844565772392,190.44145727583864,194.34927368164065,1079826,NIACL,0.016443613994357342,0.01776345207810559,0.025993488417202615,191.37944107055665,187.21055572509766,177.96840423583984,1.015518033674208,1.038132026951651,1.0920436945880194,191.64884974369258,190.31024519500767,1.3386045486849127,1.444569898984507,-0.10596535029959431,66.19971168973831,0.016442059916758935,1679110.5,0.6430940667692805,0.033120722603931944,0.6070876897648655,1.0222684310150794,1.0519314174273897,0.02725182018759087
2025-09-19,194.34927150410783,200.84576724937216,192.8020176445379,199.6456451416016,1335802,NIACL,0.02725182018759087,0.04566229204398575,0.02130913264599621,191.58771667480468,187.48238739013672,178.00628517150878,1.042058690435119,1.0648768021401074,1.1215651455747382,192.87912595875548,191.00175630216276,1.8773696565927196,1.5311298505061497,0.3462398060865699,69.09535499819108,0.016009336399824017,940754.2,1.4199266928598353,0.04029013304612337,0.8508006630329095,1.0218971464030115,1.0532346496051965,-0.011923056728088244
2025-09-22,199.80434362211145,201.242495485534,195.6584974787417,197.2652587890625,1206658,NIACL,-0.011923056728088244,0.029877824461906233,0.023281356274571507,191.8121223449707,187.7571322631836,178.02204193115233,1.0284295714860212,1.0506405610869214,1.1080945744086692,193.55391562495655,191.46571944934053,2.0881961756160194,1.6425431155281238,0.4456530600878956,62.06716448635179,0.015920822282785928,949287.4,1.271119789433632,0.028307052347029356,0.287743890375024,1.0215969962520686,1.0546847470483245,-0.013826758341754397
2025-09-23,198.36618775561135,198.36618775561135,193.84344109624567,194.5377197265625,570211,NIACL,-0.013826758341754397,0.01732364239671469,0.02258428632626952,192.02694549560547,188.04023223876953,177.99098793029785,1.0130751141433663,1.0345537091208363,1.0929638741189776,193.7052701021267,191.69327502543103,2.011995076695655,1.7164335077616302,0.29556156893402474,46.27829477348138,0.015953557315540604,946581.75,0.6023895981514539,0.023248687533310986,0.1535081848723766,1.0212013844557142,1.056459287210693,-0.0015804883497223532
2025-09-24,194.59722773245332,196.9081956426842,193.01030730623523,194.23025512695312,412225,NIACL,-0.0015804883497223532,0.0158211488440263,0.037205381279338035,192.37530517578125,188.32032806396484,177.9561851501465,1.0096423496221458,1.03138231078793,1.0914498698827229,193.78603702902308,191.88119947739563,1.9048375516274518,1.7541143165347945,0.15072323509265728,40.93724956280553,0.015472361001916766,937330.35,0.4397862503865366,0.020068389108078077,0.3129765953812007,1.0215323388266353,1.058239857777766,-0.0062808967879359745
2025-09-25,197.9694698460247,200.3498581465857,191.92920767025325,193.01031494140625,1121343,NIACL,-0.0062808967879359745,-0.006889445557834772,0.023599030839492663,192.59779739379883,188.54201690673827,177.90904121398927,1.0021418601520347,1.02369921627007,1.0848819915186498,193.6666951693897,191.96483765991493,1.7018575094747632,1.7436629551227885,-0.04180544564802524,49.554657505692624,0.015530102660589098,953025.85,1.1766134150505991,0.04362798163864334,0.1283876197203082,1.021511281960385,1.0597663593721447,-0.034481043904700304
2025-09-26,192.21684238253323,192.91112102520484,185.08557538435517,186.3551177978516,624479,NIACL,-0.034481043904700304,-0.06657058476944744,0.007098026435792715,192.66346893310546,188.61762756347656,177.8172686767578,0.9672571496288993,0.9880047809165474,1.0480147354901406,192.54183711222998,191.54930285531765,0.9925342569123359,1.5934372154806982,-0.6009029585683623,39.901827436049054,0.016938294034106554,955051.4,0.653869519483454,0.04199265216498329,0.1622305295709172,1.021449964257807,1.0607385265058369,0.0009579980101479535
2025-09-29,188.3486828685956,191.7010761715368,184.2325906651297,186.5336456298828,738707,NIACL,0.0009579980101479535,-0.05440194195905068,-0.005930021758727588,192.60783157348632,188.69189392089845,177.73562812805176,0.9684634529448716,0.9885620508323458,1.049500584629506,191.61749996109964,191.17777269047062,0.43972727062902095,1.362695226510363,-0.922967955881342,43.84175317822528,0.01663578086550505,968909.1,0.7624110455769277,0.040038275567861756,0.30810195223369913,1.0207530783184013,1.0616436102780311,0.005476712702814357
2025-09-30,186.9105376248927,188.5569806175629,185.81953267132528,187.55523681640625,383932,NIACL,0.005476712702814357,-0.035892694331827624,-0.01064307934224562,192.5069496154785,188.7966180419922,177.64120666503905,0.9742777452504285,0.9934247697948179,1.055809292998449,190.9925364003776,190.9094366997992,0.08309970057840133,1.1067761213239706,-1.0236764207455693,42.91044728520102,0.016511702025719794,952222.95,0.4031954911399689,0.014595422621642207,0.6340592329678941,1.0196525319784122,1.0627974307672197,0.007350617737938547
2025-10-01,185.6707513568197,189.97529406023008,185.6707513568197,188.9338836669922,401068,NIACL,0.007350617737938547,-0.027268519296847482,-0.03894859705726028,192.1241027832031,188.9613510131836,177.5719605255127,0.9833950083826243,0.9998546404010973,1.063984894393544,190.6758205952414,190.76309943810978,-0.08727884286838616,0.8679651284854993,-0.9552439713538855,46.00000603312789,0.0141339170595867,862832.0,0.4648274519257515,0.02278332832557138,0.7580671246651101,1.0167375590461294,1.064139577295676,0.0009973371767708628
2025-10-03,190.4315385450086,190.4315385450086,188.0015557935277,189.122314453125,311922,NIACL,0.0009973371767708628,-0.02014400364799962,-0.04902504565812571,191.63661727905273,189.1221859741211,177.5244448852539,0.9868798413287242,1.0000006793439027,1.0653311129932985,190.4368196503004,190.6415598095924,-0.20474015929198686,0.6534240709300022,-0.8581642302219891,46.45359413015298,0.013795948847794762,648604.15,0.48091274161597636,0.01284873632446578,0.461220829207234,1.013295274121227,1.065330389267594,0.011642591122385193
2025-10-06,189.43971544137293,194.10131797776208,186.9303842957341,191.32418823242188,926347,NIACL,0.011642591122385193,0.026664523589636335,-0.00970274153726014,191.5428894042969,189.30602416992187,177.43210960388183,0.998858213047975,1.0106608549376563,1.078295178136326,190.57333789370372,190.69212487795014,-0.11878698424641243,0.4989818598947193,-0.6177688441411318,49.596482000275465,0.012673348903614705,649792.85,1.4256035596575125,0.037480538912919345,0.612724107001529,1.0118161333966171,1.066920889305485,0.00036287879162477665
2025-10-07,191.42336943981732,193.60539445841752,187.9023666124126,191.39361572265625,619303,NIACL,0.00036287879162477665,0.026054120565554673,-0.0013972921781651992,191.52949905395508,189.52702850341797,177.3679377746582,0.9992905357557451,1.0098486597609724,1.0790767380168638,190.69953448277334,190.7440871627432,-0.044552679969854125,0.3902749519218046,-0.43482763189165874,50.31469539194818,0.012548537759406323,635710.95,0.9741896061409672,0.029797377642256526,0.6121746560801616,1.0105656199347894,1.068552923833436,-0.01502817628587072
2025-10-08,191.42337618778032,191.4828836242002,187.45605232896625,188.51731872558597,432581,NIACL,-0.01502817628587072,0.005129592356418522,-0.00533774694426048,191.4789161682129,189.76009643554687,177.29036727905273,0.9845330363159922,0.9934507953289167,1.0633252196317138,190.3638089816676,190.5791413525834,-0.21533237091580304,0.26915348735428307,-0.4844858582700861,45.46672520558535,0.012759280428854013,637337.9,0.6787310153687706,0.02136053770792058,0.26354876050451836,1.0090578565512578,1.0703350630261088,-0.0036828985571532025
2025-10-09,188.51732236044407,188.5867426595593,186.56341411157308,187.82302856445312,284020,NIACL,-0.0036828985571532025,-0.005879597036691497,-0.016361936729348048,191.32270278930665,190.09172302246094,177.22023567199707,0.9817080034212797,0.9880652643790295,1.0598283421317638,189.97291968671152,190.37498484975896,-0.402065163047439,0.13490975727393867,-0.5369749203213776,38.00145428756734,0.012649679838676087,620547.9,0.457692307072508,0.010772526475856966,0.6225456830200512,1.0064757147090526,1.0726298963640173,0.01848231846663917
2025-10-10,188.29911497263063,196.0750661148631,186.56341078191056,191.29443359375,960416,NIACL,0.01848231846663917,0.011485260990518276,0.001765941336227872,191.3395637512207,190.50653839111328,177.12450813293458,0.9997641357773274,1.0041357908725377,1.079999801327215,190.17622951856362,190.44309216412864,-0.2668626455650269,0.05455527670614556,-0.3214179222711725,33.54182767341359,0.013362282994878868,648331.8,1.4813649430739013,0.049722593356544456,0.49739216216646415,1.0043726864555023,1.0755515450641946,-0.009384547988493308
2025-10-13,190.1339930141608,191.2150851341044,188.11066450404488,189.4992218017578,368953,NIACL,-0.009384547988493308,-0.009538607990575043,-0.007480526463598092,191.26815185546874,190.27939025878905,177.0780416870117,0.9907515703134538,0.995899879351252,1.0701452308621118,190.07207448520887,190.37317584099006,-0.301101355781185,-0.01657604979132056,-0.2845253059898645,34.333724255324356,0.013532510400318958,646052.0,0.5710887049339681,0.016382234188313374,0.44728387779278034,1.005196367275168,1.07455101968606,-0.012456859522179897
2025-10-14,188.49747531062903,190.2331794753049,185.4723878825089,187.1386566162109,403062,NIACL,-0.012456859522179897,-0.022231457880032446,-0.022990902038585115,191.0479652404785,190.0948684692383,177.04060997009276,0.9795375542505945,0.984448755104056,1.0570380244838966,189.62077942843996,190.13358182433976,-0.5128023958997971,-0.11582131901301589,-0.39698107688678125,34.849701465024,0.0137705355235094,640875.55,0.6289239775179439,0.025439915402190497,0.34999825159819875,1.0050137953692024,1.0737359552780052,-0.0008479068426056058
2025-10-15,188.2495229116149,188.9438015703473,186.3154555286676,186.97998046875,332970,NIACL,-0.0008479068426056058,-0.008154891376710993,-0.022199113605820164,190.83571395874023,190.12419860839844,176.96011993408203,0.9797955350704226,0.9834622937918354,1.056622139148642,189.21450266541075,189.8999817239257,-0.6854790585149431,-0.22975286691340135,-0.4557261916015417,35.063348598358786,0.013769914894543997,642223.8,0.5184641241884838,0.014056831298679953,0.2528300800368451,1.0037423713317384,1.0743900867563836,0.0005303608967579532
2025-10-16,187.3072793519876,188.94379435177245,186.56340614587825,187.0791473388672,198286,NIACL,0.0005303608967579532,-0.0039605432372775695,-0.02157903128781191,190.62941284179686,190.17969146728515,176.87481803894042,0.9813760875092448,0.9836967653880576,1.0576923804816591,188.88598646132712,189.69103102873618,-0.8050445674090554,-0.3448112070125322,-0.4602333603965232,37.18931945082532,0.013772893196559367,635605.55,0.3119639216492052,0.012723963305127069,0.21666264003152355,1.0023647181833244,1.0752219766265176,-0.008906791847815287
2025-10-17,187.05931525349547,188.190001882954,184.5797379841445,185.41287231445312,282373,NIACL,-0.008906791847815287,-0.030746118268069833,-0.045981141055489894,190.1825927734375,189.98463684082031,176.82202445983887,0.9749203100587313,0.9759361356666031,1.0485847160774107,188.35166120796188,189.37413038323373,-1.0224691752718513,-0.48034280066439605,-0.5421263746074553,47.40576679250411,0.013239243605243207,595732.9,0.47399262320412383,0.01947148465877082,0.23076826339020995,1.0010419575809335,1.0744398918697542,-0.0033700325350102256
2025-10-20,185.49223154740935,186.45430879541223,183.9846442411359,184.78802490234372,208487,NIACL,-0.0033700325350102256,-0.024861299453475594,-0.07441995656213729,189.4397117614746,189.936708984375,176.75067504882813,0.9754450277828344,0.972892632974625,1.0454728099414343,187.803409468636,189.03441886613075,-1.231009397494745,-0.6304761200304658,-0.6005332774642791,45.309162061293556,0.011269950972212325,539367.15,0.38654004049004465,0.013364851729875334,0.3252995066948406,0.9973833535099248,1.0746024530424236,0.007245999840796324
2025-10-21,185.1748345344785,186.8609441153326,185.1748345344785,186.1269989013672,55189,NIACL,0.007245999840796324,-0.005405925922181143,-0.056463362865153854,188.88279876708984,189.84498809814454,176.6654778289795,0.9854100008909715,0.9804156578794945,1.0535561400487472,187.54550015059465,188.8190544242964,-1.2735542737017624,-0.7590917507647251,-0.5144625229370373,46.22640216286128,0.011357402918414465,481793.7,0.11454902793457034,0.009058919935348018,0.5647108454281953,0.9949317106514433,1.07460150353723,0.0024512176936273278
2025-10-23,188.2495205888737,188.34869460510345,185.96830633763747,186.58323669433597,200920,NIACL,0.0024512176936273278,-0.0021218516197264448,-0.04088915529290238,188.4850746154785,189.8252978515625,176.59106391906738,0.9899098752247497,0.9829208161719217,1.0565836829651134,187.39745961886254,188.6534382961512,-1.2559786772886525,-0.8584691360695107,-0.39750954121914184,43.47103389000128,0.01110917176089772,463329.15,0.43364420304658147,0.01275778204751357,0.2583319558002669,0.9929397016559299,1.0749428291488206,-0.005634728198641192
2025-10-24,186.4741272233995,187.23784127510237,185.07565711762695,185.53189086914065,182849,NIACL,-0.005634728198641192,-0.008270598256062689,-0.04478377610185924,188.0501564025879,189.83097381591796,176.5129167175293,0.9866085432651488,0.9773531007065992,1.0510952644108436,187.11044904198224,188.4222125608171,-1.3117635188348515,-0.949128012622579,-0.3626355062122726,40.483697454522044,0.011137566090031404,451860.35,0.40465820911261635,0.011653975752343592,0.2110059635467907,0.9906189312653638,1.0754508924675543,0.015770352507085583
2025-10-27,185.63108505001367,190.62990640096152,185.63108505001367,188.45779418945312,502926,NIACL,0.015770352507085583,0.016422386628237584,-0.02358692981427013,187.82253036499023,189.96790283203126,176.49962547302246,1.0033822557029148,0.9920507168839288,1.067751807882779,187.3177329108239,188.42484823701236,-1.107115326188449,-0.980725475335753,-0.12638985085269594,42.68352340001248,0.01178781481001038,420939.5,1.1947702698368767,0.02652488517361414,0.5654751272324371,0.988706658150888,1.0763076823699402,-0.004789175087869024
2025-10-28,189.4397095488385,189.4397095488385,187.15849535990424,187.55523681640625,237302,NIACL,-0.004789175087869024,0.014975060832675302,0.00643995739283354,187.88253631591797,190.0610287475586,176.46457153320313,0.9982579567748575,0.986815856213845,1.0628492460942298,187.3542719732212,188.36043257622674,-1.0061606030055543,-0.9858125008697133,-0.02034810213584104,40.60222959442903,0.00887602384457445,401580.65,0.590919906125955,0.012162892530520424,0.17391679327023832,0.9885379320211187,1.0770492178470916,0.009624524676161261
2025-10-29,188.2991155540104,190.11415290958175,187.66434433909563,189.36036682128903,460029,NIACL,0.009624524676161261,0.01737183718110269,0.015153948135528061,188.02387237548828,190.22367584228516,176.45540000915528,1.007108110416595,0.9954616110892952,1.0731344397024074,187.66290194984703,188.43450177956467,-0.7715998297176441,-0.9429699666392994,0.17137013692165537,52.17835288922518,0.009115166468835223,387646.75,1.1867221897255684,0.012937282556059615,0.6923081675140272,0.9884357009869752,1.078026945236108,-0.0068091489059437516
2025-10-30,189.9356309552089,190.9869693630548,187.5056481029754,188.07098388671875,220319,NIACL,-0.0068091489059437516,0.007973638032767294,0.0027498409485486874,188.0496597290039,190.15058685302733,176.43496536254884,1.000113396417444,0.989063389176306,1.065950751316552,187.72568378628884,188.40757452824275,-0.6818907419539073,-0.890754121702221,0.2088633797483137,50.62157654762997,0.009196438450943695,379466.1,0.5806025887424463,0.01851067712910095,0.16239115597462633,0.9889512456480227,1.0777375474430186,-0.013447898732862673
2025-10-31,188.39828720500265,188.44788177966723,184.9764734310944,185.5418243408203,246680,NIACL,-0.013447898732862673,5.3540507958693695e-05,-0.017953684433601125,187.88005676269532,190.05364959716798,176.4350579071045,0.9875546534200362,0.976260254586477,1.0516154019600268,187.3897054100629,188.19529673658184,-0.8055913265189361,-0.8737215626655641,0.06813023614662805,34.864289562705906,0.009513092869331158,371746.7,0.6635701137360466,0.018709573223750456,0.1628592354910757,0.988563267061276,1.0771875604066956,-0.021810050915037515
2025-11-03,183.6870855898024,184.08382704310787,179.37263011584548,181.49514770507807,772920,NIACL,-0.021810050915037515,-0.03694538883000842,-0.040329279863679846,187.49869842529296,189.89504364013672,176.48706230163575,0.9679808405571042,0.9557655862204756,1.028376501586745,186.4828503785268,187.6989894009149,-1.2161390223881199,-0.9422050546100753,-0.2739339677780446,31.17122446357068,0.010585020448171702,394796.6,1.9577676200858873,0.025957701827477437,0.45052618729439325,0.987380685830932,1.0759714687504134,-0.004207923247668166
2025-11-04,182.0505669831934,185.06572629762567,177.3195292938674,180.7314300537109,533669,NIACL,-0.004207923247668166,-0.036382917792772806,-0.055365493911532004,186.96906051635742,189.60006958007813,176.45322479248046,0.9666381675908309,0.953224492237744,1.0242455487354334,185.59801648240128,187.18287389371463,-1.584857411313351,-1.0707355259507305,-0.5141218853626204,33.70330122408427,0.010091453665124494,375162.7,1.4225001579314787,0.04286026509863956,0.4404613977914763,0.9861233750095777,1.0745061179984619,0.0020304928525387567
2025-11-06,179.03539380233374,182.467135442282,179.03539380233374,181.0984039306641,318311,NIACL,0.0020304928525387567,-0.04363089821442023,-0.053790779557196355,186.4542999267578,189.36649475097656,176.43685020446776,0.9712750202156903,0.9563381535303525,1.0264205222480123,184.9057683975186,186.73217241497014,-1.826404017451523,-1.221869224250889,-0.604534793200634,35.19713724143824,0.01012575365748476,360113.1,0.8839195241717117,0.018949596271771365,0.6011554320742669,0.984621382847856,1.0732819959749054,-0.0036693877430654664
2025-11-07,179.471806439778,182.98289645958664,177.0814902305494,180.4338836669922,333097,NIACL,-0.0036693877430654664,-0.04060754116289744,-0.04287900503380482,186.0501281738281,189.17034729003908,176.39661041259765,0.9698132725735689,0.9538169499173568,1.0228874763803637,184.21778613128376,186.2656325077125,-2.047846376428737,-1.3870646546864587,-0.6607817217422782,33.73786045233361,0.009708556006297452,355138.9,0.9379344250939561,0.03270675168711016,0.5680668820844242,0.9835057705348134,1.0724148658387664,0.00791557486882577
2025-11-10,179.02548449110034,182.98289538603575,179.02548449110034,181.86212158203125,294738,NIACL,0.00791557486882577,-0.019832201024550966,-0.03173682709719661,185.75208282470703,189.06232849121093,176.3560417175293,0.9790583169592413,0.961916226428395,1.0312213849374159,183.85537620062954,185.9394465132176,-2.084070312588068,-1.5264657862667805,-0.5576045263212874,41.20825563014395,0.00995507846987435,355674.8,0.8286727088902559,0.021760501090109442,0.7167911460902789,0.9824912467072583,1.0720490585405256,-0.0032723033639422416
2025-11-11,181.9117127284974,182.79444164221863,179.2734388482469,181.2670135498047,186874,NIACL,-0.0032723033639422416,-0.0012569710989964733,-0.05241877589203903,185.25071182250977,188.91645935058594,176.3009482574463,0.9784956385132711,0.9595088441363089,1.028168114473818,183.4571665620411,185.59334036777963,-2.1361738057385367,-1.648407390161132,-0.48776641557740463,41.269032882494734,0.008767045185318153,316997.7,0.5895121636529224,0.019424398984784354,0.5661951489987341,0.9805959335640874,1.071556683147941,0.01367917797990903
2025-11-12,182.9928112124676,184.9764731226298,181.26701990233624,183.74659729003903,363566,NIACL,0.01367917797990903,0.016683137157892602,-0.03035698224521899,184.96308059692382,188.89055755615234,176.28277626037598,0.9934231020430733,0.9727675097545088,1.042340046985865,183.50169436634846,185.4565445842433,-1.9548502178948297,-1.7096959557078717,-0.24515426218695802,44.41339221637937,0.00933341440530959,316728.35,1.1478795630387997,0.02018787436067889,0.6684482160706571,0.9792076586037871,1.0715202106708044,-0.0040484081694950325
2025-11-13,184.97646502697185,185.91870136623325,180.56282049685572,183.00271606445312,390799,NIACL,-0.0040484081694950325,0.01051534465493198,-0.02210094176447941,184.75628356933595,188.7976840209961,176.2823122406006,0.9905087530935058,0.9693059372704037,1.0381229616201093,183.42492847374916,185.2747795087033,-1.8498510349541277,-1.7377269715571229,-0.11212406339700487,41.7087554281958,0.008997148492266713,316115.2,1.2362550108314942,0.029266674203300896,0.4555544880670531,0.9785940146849964,1.070996185728003,-0.02433465579767846
2025-11-14,181.50505988790613,181.50505988790613,177.79560676759007,178.54940795898438,659205,NIACL,-0.02433465579767846,-0.010444134270732652,-0.0450881024194707,184.33475494384766,188.57721466064453,176.23918632507323,0.9686149961974039,0.9468238688342822,1.0131084447340215,182.67484839455457,184.77660383835374,-2.1017554437991635,-1.8105326660055312,-0.29122277779363226,36.03176037352497,0.01039040155885476,332426.95,1.9830070937389401,0.020775499413407048,0.20321086881132397,0.9775027978622368,1.0700072928889595,0.004888298115082401
2025-11-17,178.72793206334413,181.30669855670257,177.6369271116456,179.42221069335938,374466,NIACL,0.004888298115082401,-0.01341626759573089,-0.040928862219146045,183.95190811157227,188.2338424682617,176.22765090942383,0.9753756432063456,0.9531878451857664,1.0181274605174047,182.17444259437067,184.3799821239097,-2.2055395295390383,-1.8895340387122328,-0.3160054908268055,30.306944496176826,0.010496983953473782,341235.95,1.097381445301997,0.02045327293023254,0.4864835885402278,0.9772520483004461,1.0681288747644304,0.005472668802632752
2025-11-18,179.52140009729587,182.94321381265408,178.8370343273964,180.4041290283203,677003,NIACL,0.005472668802632752,-0.004760295348757881,-0.027013999748831785,183.70147094726562,187.86448455810546,176.27375785827635,0.982050541555588,0.9602886328018125,1.0234315715522713,181.90208666113216,184.08547448719938,-2.183387826067218,-1.9483047961832298,-0.2350830298839881,34.467890485959444,0.010493969473969307,360967.45,1.8755236794896604,0.02276100612205547,0.3816430106258674,0.9778403373014752,1.065754124951191,-0.0181428262707366
2025-11-19,180.5132354768092,180.9298026656589,176.00040156306105,177.13108825683594,228055,NIACL,-0.0181428262707366,-0.0360034369657507,-0.04143632494342797,183.31862411499023,187.5431314086914,176.32222396850585,0.9662470963437243,0.9444818742566173,1.0045874210869445,181.16808690662504,183.5703347664317,-2.402247859806664,-2.0390934089079167,-0.3631544508987474,25.0303763678713,0.011145833679027264,361945.85,0.6300804388280734,0.027829113178881103,0.22937607840007232,0.977474476074012,1.0636386451329574,-0.005095506614441581
2025-11-20,177.8352920524191,177.8352920524191,175.07800322694757,176.228515625,185051,NIACL,-0.005095506614441581,-0.037016939339125754,-0.05318134034714983,182.82369995117188,187.23447326660155,176.3485832977295,0.9639259881080335,0.9412183159992644,0.9993191458049493,180.40815286329808,183.02649631151084,-2.618343448212755,-2.1549434167688846,-0.46340003144387065,25.43209438840765,0.010943629646746693,368438.95,0.5022568867922351,0.015646099132667162,0.4172621988034475,0.9764425148933487,1.0617293871337394,-0.01784106274036068
2025-11-21,176.5459070445838,176.5459070445838,172.57858329077294,173.08441162109375,177186,NIACL,-0.01784106274036068,-0.030607753900511514,-0.07234746975343898,182.14875869750978,186.90558197021485,176.34039947509766,0.9502365695971117,0.9260526614377754,0.981535780435477,179.28142344142051,182.29004559370216,-3.008622152281646,-2.325679163871437,-0.682942988410209,24.79934461732411,0.011375834797512389,367252.25,0.4824640284708943,0.022921323281820966,0.12749862670898252,0.9745495922456552,1.0599135678866893,-0.009111225520705646
2025-11-24,174.57215441691173,177.5377343098182,169.9502338412943,171.5074005126953,728241,NIACL,-0.009111225520705646,-0.044112767031896816,-0.07559072615897122,181.4475341796875,186.5167840576172,176.30423011779786,0.9452175874864827,0.9195279737383564,0.9727923169971728,178.08541991392434,181.4913311432572,-3.4059112293328724,-2.541725576963724,-0.8641856523691485,27.552376085845808,0.011433591478195596,394521.85,1.8458825537799746,0.04424007620570436,0.2052278847112801,0.9728214814364172,1.0579257453607087,5.7829649688478924e-05
2025-11-25,171.49749300318857,173.07450057971576,170.19819688161687,171.51731872558594,425631,NIACL,5.7829649688478924e-05,-0.04926057042374732,-0.08989002305119442,180.60051040649415,186.12798614501952,176.28241165161134,0.9497056145607571,0.9215020388817303,0.9729689826603762,177.07494280802612,180.7525154086149,-3.6775726005887748,-2.7688949816887343,-0.9086776189000405,28.56483624457259,0.010516828948994692,390657.1,1.0895258271256303,0.016769756660554795,0.4586170246351075,0.9703028230573628,1.0558511447691452,0.0015613102515630306
2025-11-26,171.2891950189548,174.06632459197934,170.20810295995005,171.7851104736328,434802,NIACL,0.0015613102515630306,-0.030180911977752745,-0.08408257007619824,179.81200408935547,185.74513916015624,176.28684883117677,0.9553595230953892,0.924843100876591,0.9744635610234595,176.2611224488887,180.08826319120882,-3.8271407423201254,-2.9805441338150125,-0.8465966085051129,28.233661230870965,0.010607738457409161,400532.1,1.0855609325694495,0.02245958116737644,0.4087394826132137,0.9680576563261502,1.0536528413304234,-0.01275969170310931
2025-11-27,171.88431257668432,173.0348401504695,168.61126730222497,169.5931854248047,304869,NIACL,-0.01275969170310931,-0.037651853201298935,-0.1043892221392867,178.82364501953126,185.30615509033203,176.26651657104492,0.948382331689311,0.9152053548471303,0.9621406760849528,175.235285983645,179.31085002332705,-4.075564039682035,-3.199548114988417,-0.8760159246936183,26.352249155218672,0.010232365692406702,392774.1,0.7761942551711022,0.02608343511659485,0.22197399167267742,0.965017297630288,1.051283923317584,-0.0018130437117992448
2025-11-28,170.5850168718206,170.6147705906941,168.6608623359234,169.28570556640625,169728,NIACL,-0.0018130437117992448,-0.02194712983745417,-0.0998839796128651,177.88438110351564,184.86736907958985,176.23796318054198,0.9516614360194694,0.9157143654352796,0.9605518726574609,174.31996591945443,178.56824673022183,-4.2482808107673975,-3.4092946541442135,-0.838986156623184,21.155598671252534,0.01025831972407118,390244.55,0.43492727829254757,0.011542074673305569,0.3197914891639437,0.9622270387097472,1.0489645122044886,-0.0076751970469902675
2025-12-01,169.39480256241555,171.00157900468557,167.61943180761656,167.9864044189453,201874,NIACL,-0.0076751970469902675,-0.020529703576781633,-0.09461704919763847,177.00661010742186,184.40299377441406,176.2039453125,0.9490402890434297,0.9109743881080821,0.9533634682300628,173.34557184245304,177.78440655901616,-4.438834716563122,-3.6152026666279955,-0.8236320499351262,20.493618394645125,0.010093854975683268,388004.25,0.5202881154007978,0.020133457875758713,0.10850285039242813,0.9598901106993935,1.046531582748462,-0.010568565785736395
2025-12-02,167.61942715712956,167.98639975827692,164.64393436735804,166.21102905273438,260749,NIACL,-0.010568565785736395,-0.030937340393836332,-0.08421227148826993,176.24240417480468,183.84022888183594,176.16965095520018,0.9430819434798406,0.9041058644436697,0.9434714103793151,172.24794987480402,176.92711933632862,-4.6791694615245945,-3.8279960256073156,-0.8511734359172789,9.781600643376265,0.009391749726748777,362395.7,0.7195146079271911,0.020109768948355398,0.4688439526207102,0.9586715880781741,1.0435408589677366,-0.0152166484925923
2025-12-03,166.23086695707417,167.21276987441385,162.85863277473163,163.68185424804688,212612,NIACL,-0.0152166484925923,-0.047170888112737175,-0.09433652907298484,175.3899253845215,183.12095306396483,176.14453117370604,0.9332454751274564,0.8938455786153111,0.9292474376433009,170.93008900914907,175.9459885890485,-5.01589957989944,-4.065576736465741,-0.9503228434336988,9.04119390779924,0.009700707313422421,346342.85,0.613877260639277,0.026601220518212544,0.18906650260859376,0.9577818510111027,1.0396062361049345,-0.010240556260833644
2025-12-04,163.15618852554732,164.34638261866272,161.23203409351024,162.0056610107422,157629,NIACL,-0.010240556260833644,-0.04473955952331998,-0.10542744996930953,174.4352882385254,182.41576110839844,176.1469065093994,0.9287436197497678,0.8881121895737518,0.9197190244274734,169.55710008631723,174.91337173139618,-5.356271645078948,-4.3237157181883825,-1.0325559268905655,10.247830738579154,0.009627267576343098,338308.75,0.46593237685989497,0.019223701849196338,0.24840730283842397,0.9562511878283876,1.0355887862195554,-0.02442752578056573
2025-12-05,162.41231355503243,162.62060470777297,157.55234808856795,158.0482635498047,319295,NIACL,-0.02442752578056573,-0.06638151744119603,-0.12406550068224587,173.316007232666,181.68597198486327,176.1403067779541,0.9119080578496981,0.8698979994062067,0.8972861830486273,167.78650984993067,173.6641044586857,-5.877594608755032,-4.634491496301713,-1.2431031124533192,5.271910413732982,0.010497898875079216,337618.65,0.9457267837543927,0.03206777793928682,0.09784734643419088,0.9539316951069036,1.0314843621448904,-0.019203114622907802
2025-12-08,158.45489906101494,158.78220507395727,153.28746854956842,155.01324462890625,459693,NIACL,-0.019203114622907802,-0.07722743894014772,-0.1476331449318019,171.97356338500975,180.90163177490234,176.11843368530273,0.9013783373312257,0.8568924619861402,0.8801647924367287,165.8213921236192,172.28255928610943,-6.461167162490227,-4.999826629539417,-1.4613405329508105,1.0703256906982261,0.01028044639880067,345866.4,1.3291056893644482,0.03544688415201535,0.3140780402623183,0.9506468332966622,1.027158986084026,0.018427400159937823
2025-12-09,155.0132576443559,158.5243477986216,152.87091422343246,157.86973571777344,282674,NIACL,0.018427400159937823,-0.050184956933961744,-0.12907631330066927,170.8036994934082,180.1988201904297,176.14372116088867,0.9242758569398907,0.8760864002935234,0.8962552549549928,164.5980603688737,171.21494272549197,-6.616882356618277,-5.323237774955189,-1.293644581663088,12.2766595063827,0.01182422606983196,350656.4,0.8061281642086099,0.0358107495998845,0.8842098218468492,0.9478624738658502,1.0230215360662054,0.006659481385879573
2025-12-10,157.86972791582076,166.6275968773144,157.373812448924,158.9210662841797,1240743,NIACL,0.006659481385879573,-0.029085618474559705,-0.13510743258376057,169.56242294311522,179.65013916015624,176.18551963806152,0.9372422469894436,0.8846142119739924,0.9020098054065495,163.72467666353614,170.3042852113207,-6.579608547784545,-5.57451192952106,-1.0050966182634848,16.299743235799383,0.01127516252884351,394515.25,3.1449810875498474,0.058228809085907746,0.16720227786036773,0.943847991077547,1.019664609947583,0.013605502267823644
2025-12-11,159.47649079177174,163.43390170575412,157.0068414276023,161.08326721191406,479540,NIACL,0.013605502267823644,-0.0056935899219408,-0.1197766313196088,168.4664505004883,179.14113159179686,176.23468887329102,0.9561741624718755,0.8991975532395838,0.9140270184136648,163.3183059786712,169.62124684099427,-6.302940862323084,-5.720197716081466,-0.5827431462416177,25.70285020175878,0.012186640943888756,398952.3,1.2019983341366876,0.039898993789942626,0.6342597716360593,0.9404118920291705,1.016491887817815,0.058555504708692085
2025-12-12,162.46191655816634,174.3638882454439,161.0039238157437,170.5155792236328,3410128,NIACL,0.058555504708692085,0.0788829652019516,-0.044994989494432036,168.06475906372071,178.8003384399414,176.3095923614502,1.0145825940760305,0.9536647453321716,0.9671372778972845,164.42557878558839,169.68749368415268,-5.261914898564299,-5.628541152578033,0.3666262540137337,48.476554406695286,0.018291795288377617,536498.45,6.356268130877173,0.07835040346770003,0.7119521506168087,0.9399577234031536,1.0141271160867127,-0.02745463072674681
2025-12-15,170.50566754147894,170.50566754147894,165.4374106242266,165.83413696289062,665188,NIACL,-0.02745463072674681,0.06980624371736122,-0.07573239499145057,167.38535537719727,178.33834350585937,176.34732803344727,0.990732651546421,0.9298849238074374,0.9403836100733965,164.64228004363488,169.40205985294807,-4.759779809313187,-5.4547888839250644,0.6950090746118773,42.36612385861712,0.01905134257827679,551034.55,1.2071620554464324,0.030562205165191567,0.0782766827217397,0.9385831004519662,1.0112903070016148,-0.0047248342995550585
2025-12-16,166.8954043853331,168.87906635892048,164.74313296008756,165.05059814453125,788985,NIACL,-0.0047248342995550585,0.04548599764298822,-0.08510631639356114,166.6176788330078,177.8569091796875,176.38424209594726,0.9905947514126208,0.9279965501805829,0.9357445777653376,164.70509821300357,169.0797293560283,-4.374631143024743,-5.238757335745,0.8641261927202573,41.07755910685225,0.018927282747193578,556633.65,1.4174223926275387,0.02505857867422674,0.07433997475163565,0.9368074571940032,1.0083491986939466,-0.025118806414788364
2025-12-17,165.6258489335355,166.12176438800955,160.03192321243367,160.90472412109375,325300,NIACL,-0.025118806414788364,0.012482032013093391,-0.0916065287885226,165.8063606262207,177.24851989746094,176.41954429626466,0.9704375846221197,0.9077916374939428,0.9120572483221214,164.12042527578666,168.47417341269983,-4.353748136913168,-5.061755495978634,0.7080073590654656,39.05545972846956,0.019257777176557456,561495.9,0.5793452810608234,0.03784749769679099,0.14332079991848817,0.9354456709829816,1.0046988875552483,-0.020156467696887614
2025-12-18,160.88490380954616,160.88490380954616,157.10601520670528,157.6614532470703,258443,NIACL,-0.020156467696887614,-0.021242516519994314,-0.10535787759478665,164.8780075073242,176.57387664794922,176.44054679870607,0.9562309469324869,0.8928922909780915,0.8935670179425363,163.12673727136874,167.67323117820874,-4.5464939068399985,-4.958703178150907,0.4122092713109087,36.36576776058094,0.01956933258381002,565165.5,0.45728729018314107,0.0239683735308402,0.14698449696227284,0.9337621772673425,1.0007556644527704,-0.020256663899669625
2025-12-19,158.02842767032777,160.3790621876902,152.42457370139627,154.46775817871094,1158123,NIACL,-0.020256663899669625,-0.09411351806086299,-0.10755823281843135,163.9471748352051,175.89288543701173,176.46877738952637,0.9421800548498467,0.8781921894960711,0.8753262784710537,161.79458664172907,166.69504799306077,-4.9004613513317,-4.947054812787066,0.046593461455366025,34.81846409036699,0.019657594844217634,614212.35,1.8855417023119123,0.05149610883256959,0.2568593167034181,0.9320853110566291,0.9967365787816196,-0.014575629699663084
2025-12-22,154.55701492431805,155.30088811838314,151.5716092870934,152.21629333496094,1213533,NIACL,-0.014575629699663084,-0.08211725207685683,-0.11247973626832741,162.98261947631835,175.18075073242187,176.53145568847657,0.9339418756677808,0.8689099270242439,0.8622615881193186,160.32100305607244,165.62254764801634,-5.301544591943895,-5.017952768618432,-0.2835918233254624,34.45008801046835,0.019748296818862757,638476.95,1.9006684579607769,0.024499866273075308,0.17287096970557786,0.9303683126992905,0.9923486443207137,-0.004430890547750921
2025-12-23,153.39657371112378,154.7950589404417,151.01617042276882,151.54183959960938,1068058,NIACL,-0.004430890547750921,-0.08184616533829547,-0.11646333603159775,161.98384552001954,174.38569885253906,176.58683013916016,0.9355367451186999,0.8690038265566347,0.858171809756062,158.9703625243089,164.57953223702322,-5.609169712714305,-5.136196157437607,-0.47297355527669804,35.93104228779181,0.019704081144342002,670598.3,1.5926941657919502,0.02493627190785804,0.13910682317886203,0.9288826238956295,0.9875351333681766,-0.015053195677648512
2025-12-24,152.34524560872674,153.73380293643214,148.57628483248948,149.26065063476562,743340,NIACL,-0.015053195677648512,-0.07236626239491284,-0.13111997760902827,160.85762252807618,173.58092742919922,176.62662139892578,0.9279053630717039,0.8598908465657701,0.8450631589540976,157.4765606951484,163.44480026648563,-5.968239571337222,-5.30260484021753,-0.6656347311196917,35.43416717268089,0.019719160984112534,686025.2,1.083546202092868,0.03455376940948012,0.132692855067825,0.9267010201549207,0.9827563141637206,0.02212770342424708
2025-12-26,149.7664754639239,156.29272501877972,148.9135002300883,152.56344604492188,1978183,NIACL,0.02212770342424708,-0.0323351529315119,-0.10041523388587781,160.00613555908203,172.88942321777344,176.65717445373537,0.953484974259553,0.8824336573368705,0.863613077230988,156.72069690280586,162.6387740278513,-5.918077125045443,-5.425699297183113,-0.4923778278623301,43.63637586796489,0.020685604154457655,769690.9,2.5701005429582184,0.048368236166602054,0.49462456007941136,0.9254824996294685,0.9786719602664727,-0.00591604775084964
2025-12-29,153.53543329353482,153.76355017329718,150.90707220913157,151.66087341308594,504880,NIACL,-0.00591604775084964,-0.018171331018979275,-0.1041129379137482,159.12489395141603,172.18304107666015,176.68002029418946,0.9530933196372844,0.8808119107709497,0.8583928910612292,155.94226251977204,161.82559620453534,-5.883333684763301,-5.51722617469915,-0.36610751006415043,45.90801284546588,0.020671871239752483,786448.5,0.6419746493254167,0.01883464007480216,0.26389183232315155,0.9241612469869764,0.9745473245359526,0.0010463569322707311
2025-12-30,152.0675225470993,152.73204744140847,149.76646756906877,151.81956481933594,537892,NIACL,0.0010463569322707311,-0.0026063472374272534,-0.09623897633579026,158.31655197143556,171.47784942626953,176.6922087097168,0.958962047422105,0.885359627073081,0.8592318016056752,155.30800133508959,161.08440869452056,-5.776407359430976,-5.569062411645516,-0.20734494778546075,42.09434531072798,0.02071068775768406,803249.4,0.6696450691404189,0.019533581695275696,0.6923088699841271,0.9232478276414765,0.9704890253988856,0.017965662500388113
2025-12-31,153.73379524903496,156.22328545284216,153.04942948098022,154.54710388183594,965820,NIACL,0.017965662500388113,0.019831251159196706,-0.07017539833170627,157.7333557128906,170.8605340576172,176.74231254577637,0.9797997587976613,0.9045219525634861,0.8744205145658493,155.19094018843518,160.60016389358097,-5.409223705145791,-5.537094670345571,0.12787096519977936,44.52447608015966,0.021270980832289798,838502.95,1.1518385236450273,0.020536495942936696,0.4718785017762181,0.9231702135479697,0.9667211636905804,-0.0019252796024327168
2026-01-01,155.71746310080133,155.71746310080133,153.0395224946855,154.2495574951172,243188,NIACL,-0.0019252796024327168,0.03342412644682358,-0.0576257936242327,157.26174087524413,170.24976470947266,176.79240295410156,0.9808460508998402,0.9060192110006174,0.8724897389123847,155.04611208177087,160.12974860480588,-5.083636523035011,-5.446403040883459,0.36276651784844827,41.02631509344892,0.02108985960919266,840031.75,0.28949858145242724,0.01736109101123731,0.4518528146846227,0.9237119425310673,0.9629925373754465,0.00977356683452868
2026-01-02,154.4975114435574,156.42166590957024,153.74371023510088,155.7571258544922,580591,NIACL,0.00977356683452868,0.020933453539256908,-0.03856985686343195,156.94931411743164,169.64236724853515,176.86069564819337,0.9924039918897164,0.9181499196265026,0.8806768812236279,155.15549881603567,159.80585062330118,-4.650351807265508,-5.2871927941598695,0.6368409868943612,25.526285691729527,0.02119055974547021,861179.85,0.6741808926439699,0.017193150295872157,0.75184800054253,0.92517757599723,0.9591863620506349,-0.01611058476547944
2026-01-05,156.70928277763497,157.00683507555945,152.54359600910783,153.24778747558594,370504,NIACL,-0.01611058476547944,0.010463569322706201,-0.030373481912415956,156.70929031372071,168.97565826416016,176.91855499267578,0.9779113106108445,0.9069222694550075,0.8662052857142667,154.8620047636588,159.32006816791485,-4.458063404256052,-5.121366916179106,0.6633035119230541,27.507939009645696,0.02080020545306861,863740.3,0.42895300821323257,0.029124329557858472,0.15777587890624828,0.9274074853357671,0.9551042188376202,-0.006083590297042418
2026-01-06,153.30732170174247,154.4280804168949,151.45258747963626,152.31549072265625,307549,NIACL,-0.006083590297042418,0.003266548049393192,-0.017403376806338633,156.57440261840821,168.31133026123047,176.98148361206054,0.9727994370437966,0.9049627882225897,0.8606295280953142,154.47023337273532,158.8012105793772,-4.330977206641876,-4.96328897427166,0.6323117676297842,27.36246186427806,0.020410370324484985,856133.1,0.35923035798989666,0.019535064510782754,0.2900034586588516,0.9302665624197387,0.9510109579043033,0.002604649820860283
2026-01-07,152.24605746073215,154.13053029421232,151.06577615732667,152.71221923828125,417984,NIACL,0.002604649820860283,-0.011872656280622396,-0.03266944393137117,156.3165267944336,167.59641876220704,177.04639587402343,0.9769422489735059,0.9111902292790389,0.8625548036964443,154.1997696597424,158.35017418374048,-4.150404523998077,-4.8007120842169435,0.6503075602188666,33.19772274352323,0.019931708970809266,862898.6,0.4843952696180061,0.02006882063643925,0.5372186503115933,0.9326961038244032,0.9466242898356402,-0.020718418632498237
2026-01-08,153.63460206019911,153.63460206019911,148.9234052329505,149.5482635498047,342915,NIACL,-0.020718418632498237,-0.030478492267060897,-0.058977723680853744,155.84788665771484,166.836279296875,177.04285385131837,0.9595783860595692,0.8963773597689304,0.8447009314219268,153.4841533351366,157.69818080344893,-4.214027468312338,-4.683375161036023,0.4693476927236846,33.306080825663074,0.020280839297654563,818007.2,0.4192078015939224,0.031502852092158355,0.1326326069078949,0.9341366716791436,0.9423496948201315,-0.011075734162381723
2026-01-09,149.36974023390562,149.56810338792815,146.840568401237,147.89190673828125,380959,NIACL,-0.011075734162381723,-0.05049668882281888,-0.08189156268030517,155.1883186340332,166.00691009521483,177.02852355957032,0.9529834979850614,0.8908780161829194,0.8354128688675158,152.62380770485117,156.97179013195503,-4.347982427103858,-4.61629661424959,0.26831418714573196,35.55551384502766,0.01997595560718305,813078.15,0.46853921729418013,0.018442760302752537,0.38545365767046075,0.9348304750990394,0.937741030412838,0.004694578469134791
2026-01-12,150.75830917010356,152.1270407673358,145.31315163402465,148.58619689941406,1290116,NIACL,0.004694578469134791,-0.030418648470957654,-0.1286063269061073,154.09184951782225,165.21721435546874,176.96036140441893,0.9642703190620643,0.8993384707463191,0.8396580777761887,152.00263681170702,156.35063507769274,-4.347998265985723,-4.562636944596817,0.2146386786110943,41.44060064243527,0.013747469550926546,707077.55,1.8245749705955165,0.0458581569183297,0.48034906370701375,0.9326621933371301,0.9336396752597447,0.0
2026-01-13,149.76647818872132,152.5436079634196,148.01093311411557,148.58619689941406,371403,NIACL,0.0,-0.02448400885260371,-0.1040071747551965,153.22945251464844,164.47810180664064,176.88954536437987,0.9696973686257184,0.9033798132841477,0.8399942268681684,151.47703067135427,155.77549150893137,-4.298460837577096,-4.509801723192873,0.21134088561577702,42.80195405314412,0.012919027855941229,692388.3,0.5364085441651744,0.03050535610903633,0.1269148580968299,0.9316100491893077,0.929835064406025,-0.0001336038271694262
2026-01-14,148.52667863750082,149.42924839697372,147.58444230068497,148.56634521484375,201435,NIACL,-0.0001336038271694262,-0.027148279581796775,-0.09987393632619612,152.40523986816407,163.81952575683593,176.842612991333,0.9748112685847212,0.9068903387949425,0.8401048972406042,151.0292329088142,155.2414806723323,-4.212247763518093,-4.450290931257918,0.23804316773982492,48.09982694569169,0.012972276045259943,663010.8,0.3038185803308181,0.012417388969358782,0.5322526395235267,0.93032402068106,0.926357753856898,0.0
2026-01-16,148.81431211471423,151.07570065025348,147.32656565936497,148.69529724121094,412778,NIACL,0.0008679760290306593,0.00543228172959731,-0.05686967753499372,151.3400131225586,162.52816192626952,176.77313003540038,0.9825246752211796,0.9148894288773547,0.8411645888231621,150.349553283814,154.29874997527475,-3.9491966914607417,-4.293497387778498,0.34430069631775595,39.552765115679016,0.011542211199979616,654462.55,0.6307129414815256,0.025213541116950896,0.36507930100473346,0.9311617834650318,0.9194166664001583,-0.017742828424523793
2026-01-19,148.77464438036475,148.77464438036475,145.79915149275746,146.05702209472656,213069,NIACL,-0.017742828424523793,-0.017021599970013623,-0.054449784104807164,150.9194763183594,161.8406246948242,176.7440227508545,0.9677811350645317,0.9024744088212703,0.8263760200853549,149.68916387010825,153.68825161375267,-3.9990877436444237,-4.234615458951683,0.23552771530725902,32.7186266201259,0.011354963282935832,607209.85,0.3508984579219194,0.02037213168482585,0.08666483561198043,0.9325191162783859,0.9156780646718745,-0.025397218740130678
2026-01-20,145.45200048980456,146.15620711231605,141.83182363255918,142.3475799560547,354513,NIACL,-0.025397218740130678,-0.041986517412398894,-0.06483348899575136,150.42604064941406,161.05033386230468,176.67931480407714,0.9462961289249965,0.8838701326615036,0.8056833371462102,148.5596894217923,152.84820186133058,-4.288512439538266,-4.245394855069,-0.04311758446926639,15.449450826784854,0.012176994782312935,564258.85,0.6282807970136401,0.03037904459697799,0.11926701827204879,0.9340312251573833,0.9115404032492218,-0.005852892910850782
2026-01-21,142.0202782924261,143.47827102163143,139.35225057525253,141.51443481445312,336510,NIACL,-0.005852892910850782,-0.04746640559941595,-0.06616921644642682,149.92467041015624,160.25528228759765,176.6055266571045,0.943903591232218,0.8830562886562966,0.801302413877546,147.4758040975863,152.00866356156186,-4.532859463975569,-4.302887776850314,-0.2299716871252553,14.994551690989027,0.01218824325679607,527681.45,0.6377142876635137,0.029156180793773728,0.5240362395921196,0.9355365281569823,0.9074194070876824,0.026773262427636002
2026-01-22,142.82366047621588,145.6999642515949,142.47651358112478,145.30323791503906,269501,NIACL,0.026773262427636002,-0.021963973705389717,-0.026513436079078745,149.72679977416993,159.48641510009764,176.52655227661134,0.9704557776844036,0.9110696846740403,0.8231239779008068,147.14156314642517,151.51196536552314,-4.3704022190979686,-4.316390665299846,-0.05401155379812295,24.46713515640839,0.013582473880414548,503989.5,0.5347353466689286,0.022184300341296783,0.876924954927887,0.9388059771749065,0.9034698352358214,-0.021023895487290112
2026-01-23,145.4024282242022,145.68013968883085,141.56403202712076,142.24839782714844,252538,NIACL,-0.021023895487290112,-0.043356444579443876,-0.067611531367325,149.21104736328124,158.67132873535155,176.47619033813476,0.9533369032711032,0.8964971741328581,0.8060486661378816,146.38876848192106,150.8257751774954,-4.4370066955743255,-4.340513871354742,-0.09649282421958372,23.832082394948046,0.013091043909012959,417707.25,0.6045813186148912,0.02893605639559984,0.1662652817354513,0.9403781297637638,0.8991089870612662,0.0026495348671815577
2026-01-27,142.4169987639034,143.71629485305394,139.64979714459653,142.6252899169922,298929,NIACL,0.0026495348671815577,-0.023495838327504015,-0.05957755149861954,148.75926818847657,157.95284637451172,176.4515975189209,0.9587657404733083,0.9029611886754015,0.8082969603134281,145.80977177962433,150.21833182486554,-4.408560045241217,-4.354123106132037,-0.05443693910917968,26.32093108928109,0.013144838288312399,407409.7,0.7337306892791212,0.028511757703168234,0.7317089509745193,0.9417954256788962,0.8951624615219165,0.026981870616216375
2026-01-28,142.62529325173796,147.18770652893582,142.62529325173796,146.4735870361328,214939,NIACL,0.026981870616216375,0.028985438890860582,-0.035212706541247196,148.4919692993164,157.2938739013672,176.41154960632323,0.9864074651800522,0.9312097375641002,0.8302947701723644,145.91189720370255,149.94094332199646,-4.0290461182939055,-4.289107708564411,0.2600615902705057,36.9556186984301,0.014745289558195622,391262.05,0.549347937015614,0.031148368586565604,0.8434776839765808,0.9440416566536461,0.8916302489966292,-0.004536792449193916
2026-01-29,146.47359171228487,147.78281586893362,144.56927804872828,145.80906677246094,213013,NIACL,-0.004536792449193916,0.03034766003650957,-0.056539636718498154,148.05506744384766,156.60197265625,176.37864700317382,0.984829964214237,0.9310806517905104,0.8266820800016523,145.89607713735768,149.63487839240125,-3.738801255043569,-4.179046417860243,0.4402451628166739,41.26913435269203,0.014006755397585826,353621.7,0.6023753632766314,0.02203935524270353,0.3858018150393001,0.9454227487212866,0.8878737608948325,0.012924269729732263
2026-01-30,144.9065000818137,150.15327886707038,142.8236491447967,147.69354248046875,367537,NIACL,0.012924269729732263,0.0164504562990353,-0.04250265038754464,147.72726669311524,156.01322174072266,176.34907279968263,0.9997717130127606,0.9466732423865951,0.8375067707230641,146.17261026706709,149.4910757322581,-3.318465465191025,-4.0069302273264,0.688464762135375,49.54171002794864,0.014443057088947346,359839.15,1.0213924749433183,0.049627286333408765,0.6644119171358892,0.9468894049160924,0.8846841055860852,-0.016049910509539744
2026-02-02,146.7909799022842,147.77289798640714,141.03835739279927,145.3230743408203,404754,NIACL,-0.016049910509539744,0.021614841085296765,-0.06698924018037755,147.20556411743163,155.39511291503905,176.282827835083,0.987211830015409,0.9351843286106073,0.8243745356568348,146.0419124322599,149.1823348884479,-3.14042245618802,-3.8336286730987243,0.6932062169107045,43.00298527777742,0.014482741412738783,351047.3,1.1529899247195463,0.04634185330963774,0.6362300276410695,0.9472985434098884,0.8815102118761963,0.007712182402721313
2026-02-03,149.27055663320724,150.65911389706977,145.10486970748042,146.44383239746094,358633,NIACL,0.007712182402721313,0.02677324955967575,-0.04439839028154935,146.8653663635254,154.8623013305664,176.19530426025392,0.9971297932487292,0.945639004065066,0.8311449218939014,146.10374627306004,148.97948285207852,-2.8757365790184792,-3.6420502542826756,0.7663136752641964,45.61686446688844,0.014358118270741075,350453.75,1.0233390283311279,0.037927470885319815,0.2410701878196525,0.9483609961989983,0.8789241119719227,0.010633359670483733
2026-02-04,146.49343498835557,148.48702497488566,144.72797702733976,148.0010223388672,282890,NIACL,0.010633359670483733,0.01042805964980964,-0.0283258673383725,146.64964294433594,154.39217376708984,176.08760292053222,1.0092150200123173,0.9586044339406471,0.8404965476511119,146.39563489856883,148.90700429554434,-2.5113693969755104,-3.415914082821243,0.9045446858457327,48.91183863409006,0.014602818081316497,349220.8,0.810060569129903,0.02539879717140788,0.870711243165771,0.9498515330548166,0.8767918422784513,-0.008577957697361582
2026-02-05,147.8026550916345,148.37791886918183,145.1346273662032,146.73147583007812,271589,NIACL,-0.008577957697361582,0.0063261433464671946,-0.0391634895886831,146.3506057739258,153.89645690917968,175.9724235534668,1.0026024494680992,0.9534428457743515,0.8338322156794971,146.44730273418566,148.74585403884313,-2.2985513046574795,-3.1924415271884903,0.8938902225310108,46.63272415276259,0.014658035877330734,341901.05,0.7943497102451134,0.022103584010389865,0.49235428342114274,0.9509679996095882,0.8745487150855791,0.011896702583163332
2026-02-06,147.24723581270712,151.9485050315354,146.24547682438404,148.4770965576172,1511691,NIACL,0.011896702583163332,0.005305269709080518,-0.007162684251634688,146.29704742431642,153.43029663085937,175.86916679382324,1.0149015251618703,0.9677169360810194,0.8442474554489782,146.75957870702126,148.72594607727086,-1.9663673702495998,-2.9472266958007123,0.9808593255511124,49.62199672432406,0.014262417221670032,400339.85,3.7760192996025754,0.03841015442363717,0.3913043478260876,0.9535082095050303,0.8724115740579493,0.021843679651655457
2026-02-09,149.28047187739085,152.2460518868649,148.0902777559175,151.7203826904297,674654,NIACL,0.021843679651655457,0.04402128415344442,0.02588698757480734,146.48847122192382,153.07284057617187,175.7703807067871,1.0357155168926553,0.9911646123463086,0.8631737729664668,147.52277931985333,148.9477561967641,-1.4249768769107618,-2.6427767320227225,1.2177998551119606,59.60957306666225,0.014836850415542707,415024.6,1.6255759297159735,0.027391007439170844,0.8735087182624677,0.9569853846739614,0.8708682313860472,0.039550255065121664
2026-02-10,153.4362455392423,161.06342799608325,151.17487217511476,157.72096252441406,2371398,NIACL,0.039550255065121664,0.0770065214924589,0.06147788836121704,146.94520950317383,152.84154571533202,175.70174507141112,1.0733317748681523,1.0319246758873402,0.8976630394895107,149.09173058209345,149.5976233321456,-0.5058927500521406,-2.2153999356286063,1.7095071855764656,74.20363038840736,0.01711805648483061,469088.7,5.0553296210290295,0.0626965221534063,0.6619864890096941,0.9614219014564264,0.86989201873443,-0.013897680633713771
2026-02-11,156.82830306525614,157.4035668253621,154.5272631589714,155.5290069580078,390604,NIACL,-0.013897680633713771,0.050864409584309156,0.04672580766902401,147.2923500061035,152.5923977661133,175.6511452484131,1.0559204666879374,1.0192447935472881,0.8854426012312774,150.08208079377258,150.03698508220944,0.04509571156313541,-1.763300806190258,1.8083965177533934,71.15903225761863,0.01752877793086075,470048.75,0.8309861477134021,0.01849367987778182,0.3482747008744849,0.9652666329541957,0.8687241836670683,-0.01415722098130745
2026-02-12,154.5471114464147,154.68596717903836,152.22621543807682,153.3271484375,323914,NIACL,-0.01415722098130745,0.044950632235581045,0.03204496426005221,147.53039016723633,152.3347201538086,175.57867500305176,1.0392919605492308,1.006514787191583,0.8732674878360656,150.58132196973065,150.28070088630503,0.3006210834256251,-1.3505164282670814,1.6511375116927065,62.72413107242704,0.0179130388969003,476172.7,0.6802447935381427,0.016042506275163612,0.4475789085092042,0.968462015870568,0.8676151597063873,-0.026586493755055507
2026-02-13,151.05585675701275,152.48409574690226,148.7052071135949,149.25071716308594,442466,NIACL,-0.026586493755055507,0.005210369972237006,0.004606507262815862,147.56460876464843,152.04609741210936,175.48311973571776,1.011426238395188,0.9816149161563368,0.8505132424580865,150.37661353793916,150.20440579569623,0.17220774224293223,-1.0459715941650787,1.218179336408011,60.75562972268576,0.019001582119316816,498296.0,0.8879581614140992,0.025319065161865703,0.1443572707284578,0.9705254608718157,0.8664428672176265,0.0037879442343780045
2026-02-16,149.12179190673322,150.47068262689882,148.536600134396,149.81607055664062,260067,NIACL,0.0037879442343780045,-0.012551458808765514,0.007537382393550729,147.62064743041992,151.80230560302735,175.38655784606934,1.014872060002687,0.9869156463829947,0.8542049766899978,150.29037615620092,150.17564022243283,0.11473593376808822,-0.8138300885784454,0.9285660223465336,60.98152978718546,0.019016574782581865,490660.45,0.5300345687124365,0.012909713125679732,0.6615387023068046,0.9724532631042988,0.865529875649073,0.007811906404602054
2026-02-17,149.8160664335483,152.03775805210876,149.6474569899353,150.98641967773438,355891,NIACL,0.007811906404602054,-0.04269909807098238,0.033749815738477906,147.86711730957032,151.66106872558595,175.3020400238037,1.0210953079015774,0.9955516003314452,0.8612929983999753,150.39745977489838,150.2356979598626,0.16176181503578846,-0.6187117078555987,0.7804735228913872,57.505777423155074,0.01857645106835354,497801.55,0.714925455736327,0.015831232155019713,0.5601648716925967,0.9749840123909428,0.8651414935330609,0.005123776079464459
2026-02-18,151.01616710956336,153.2378737697906,149.7466247706159,151.76004028320312,292058,NIACL,0.005123776079464459,-0.02423320735161827,0.06612307936709727,148.33774032592774,151.59600463867187,175.22296287536622,1.023070999664387,1.0010820578347182,0.8660967591967271,150.6070875454068,150.34861220603597,0.25847533937084677,-0.44327429841030963,0.7017496377811564,59.8619140361267,0.017441493777852913,494678.8,0.5903992651393187,0.02300506109948044,0.5767034986800336,0.9785069248987783,0.8651606053853804,-0.01470487985516622
2026-02-19,153.7337957595423,154.1305220820403,148.8837430664294,149.52842712402344,315430,NIACL,-0.01470487985516622,-0.02477526877782521,0.056630211045805234,148.73843994140626,151.42917846679688,175.1552362060547,1.0053112509646356,0.9874479188091864,0.853690876521193,150.4411397882709,150.2878577555165,0.15328203275439023,-0.3239630321773697,0.47724506493175994,53.006171287090595,0.017796039160039186,493624.8,0.6390076025353669,0.03508883973787187,0.12287234809697513,0.9822310432333183,0.8645426865152567,-0.006036025325794836
2026-02-20,149.6672801120151,150.36157386489256,147.782807413419,148.62586975097656,263994,NIACL,-0.006036025325794836,-0.0041865622087873255,0.02286688090103195,148.90457153320312,151.2232745361328,175.08176811218263,0.9981283195045196,0.9828240408553273,0.8488940416442756,150.16186747484102,150.164747532958,-0.0028800581169718953,-0.2597464373652902,0.2568663792483183,55.68453275122015,0.016973483317982,493349.45,0.5351054916550531,0.017350724041476133,0.32692465697148454,0.9846670229166632,0.8637294229244782,0.01301298875963841
2026-02-23,149.51851103171225,151.5220137255501,148.8837398489498,150.5599365234375,286225,NIACL,0.01301298875963841,0.004965194748687729,0.0584297526246218,149.32014846801758,151.0128079223633,175.02332717895507,1.0083028852310945,0.9970011060309625,0.8602278276283445,150.2231088669328,150.19402079151203,0.029088075420759196,-0.2019795348080803,0.2310676102288395,56.89140794688655,0.01631438918980522,495033.8,0.5781928425897384,0.017523080425778454,0.6353383889953313,0.9887912854701972,0.8628153192857436,-0.01534909562043385
2026-02-24,149.7664778484689,150.48059736417292,147.03894265586433,148.2489776611328,220107,NIACL,-0.01534909562043385,-0.018130385649546277,0.03942980762677939,149.6013328552246,150.56747589111328,174.97647888183593,0.9909602730919482,0.9846015999387734,0.8472508911397596,149.91939637373278,150.04994352259504,-0.13054714886226293,-0.18769305761891686,0.05714590875665393,50.40492024192551,0.016821481172729528,491092.7,0.44819847658089806,0.02321536891927523,0.3515852425135219,0.9935833218284978,0.8605012333845945,-0.0025423942517455167
2026-02-25,148.3878266357202,150.23263277825882,146.9992693818262,147.8720703125,210654,NIACL,-0.0025423942517455167,-0.02561919437717397,0.009547682313687078,149.67125701904297,150.20823455810546,174.88729949951173,0.9879790766619001,0.9844471626174279,0.8455277812378414,149.60442313354312,149.88861958110652,-0.2841964475634029,-0.2069937356078141,-0.07720271195558881,51.918567524336936,0.01578360336756084,490878.45,0.4291367852876817,0.021865950680202913,0.26993592233918645,0.9964251125070326,0.8588858938754717,-0.0008048751494178497
2026-02-26,148.26880806816774,151.44266395085643,146.8008874259366,147.7530517578125,340179,NIACL,-0.0008048751494178497,-0.011873162851759211,0.013332401258593807,149.76845626831056,149.86228363037108,174.77437759399413,0.986543197675167,0.9859255322856222,0.8453930936092192,149.3195967680461,149.73042937197363,-0.4108326039275312,-0.24776150927175752,-0.16307109465577366,48.711597872782946,0.01574177147036664,497236.75,0.6841388935954553,0.03141577429160882,0.20512929193469745,0.9993739094334639,0.8574614064912046,-0.011210305247964958
2026-02-27,147.77289159276066,147.8224710305685,144.81722460711103,146.09669494628906,276892,NIACL,-0.011210305247964958,-0.017017056377366502,-0.010811898119315932,149.68861389160156,149.566123046875,174.6564175415039,0.9760040603494824,0.976803382812172,0.8364805427866505,148.82376571854502,149.46126385895997,-0.637498140414948,-0.32570883550039564,-0.31178930491455237,39.393921953005126,0.015686738289621745,492704.5,0.5619839071898065,0.020570256052420022,0.42574556588475465,1.0008189745259906,0.8563448463686331,-0.03245077884772751
2026-03-02,140.83998710518875,142.82364889540267,139.45142990569437,141.35574340820312,671394,NIACL,-0.03245077884772751,-0.06113308312800447,-0.02730007571483639,149.4902473449707,149.24000885009767,174.5037441253662,0.9455850526623586,0.947170564363784,0.8100441862533961,147.67483920926165,148.8608549366817,-1.186015727420056,-0.49777021388432774,-0.6882455135357283,17.59619074091418,0.016926143632606833,506036.5,1.3267699069138292,0.023856257329213024,0.5647063575409973,1.0016767520774164,0.8552252537508955,-0.03515294330999186
2026-03-04,137.86450658604693,139.5407033681598,135.1865659597646,136.3866729736328,382624,NIACL,-0.03515294330999186,-0.08001609774749896,-0.06867588248122425,148.9873893737793,148.8783871459961,174.30583015441894,0.9154242754832502,0.9160945090027512,0.7824561740293297,145.93819824993415,147.93684145793733,-1.9986432080031875,-0.7979448127080997,-1.2006983952950878,15.852766266938715,0.01838312507351715,507236.05,0.7543312428207735,0.03192494774938135,0.2756245155594505,1.0007321561569331,0.854121672316431,0.015053416014813692
2026-03-05,137.44792740463078,139.64979320481592,136.47593736396206,138.43975830078125,280875,NIACL,0.015053416014813692,-0.06378697472609485,-0.06460268913679668,148.509326171875,148.6028564453125,174.10697647094727,0.9321957204260702,0.9316089987255972,0.7951419357620186,144.78459210391063,147.23335381666652,-2.4487617127558963,-1.128108192717659,-1.3206535200382372,23.301276402910304,0.01858604319573282,507135.3,0.5538462812586701,0.02292589845438895,0.6187492549412275,0.9993706024522352,0.8535146578121724,-0.006877819695555565
2026-03-06,137.86449518966162,140.7903933197368,136.87266428901657,137.4875946044922,427629,NIACL,-0.006877819695555565,-0.06947712437200149,-0.06299862502773967,148.0471321105957,148.32177154541014,173.9359944152832,0.9286744879447228,0.926954911419724,0.7904493550439701,143.6619771040001,146.51144572687585,-2.8494686228757473,-1.4723802787492768,-1.3770883441264705,26.24194564396018,0.018563879366518175,514937.3,0.8304486779264194,0.02849514563106796,0.15696091042890964,0.9981483538663751,0.8527376523992068,-0.027773612831502148
2026-03-09,136.17839858847583,136.17839858847583,130.82250213703122,133.6690673828125,504843,NIACL,-0.027773612831502148,-0.0850643990820289,-0.09973275015556604,147.30673065185547,148.0099398803711,173.72380432128907,0.9074199582823258,0.903108720203862,0.769434378351522,142.12460637766355,145.56015844213042,-3.4355520644668616,-1.865014635892794,-1.5705374285740676,21.17558484517987,0.018993301464908355,464594.9,1.086630524786217,0.04006833111288156,0.5314825018720245,0.9952489053837601,0.8519842197712748,0.02159224468661214
2026-03-10,134.9882029563255,137.76531760380774,133.94677739644976,136.55528259277344,437658,NIACL,0.02159224468661214,-0.0339601398548558,-0.0999542700112952,146.54847564697266,147.6897766113281,173.53857742309572,0.9318096417579103,0.9246089047324035,0.7868871845125527,141.2677873338343,144.8931306014373,-3.625343267603,-2.217080362234835,-1.408262905368165,25.72568163793302,0.018974625008839233,452745.1,0.9666763925219732,0.02796332836676406,0.6831158125027259,0.992272308953659,0.8510486763485047,-0.006827359542721068
2026-03-11,137.3785004793039,137.94385138948337,134.8890102241917,135.6229705810547,347469,NIACL,-0.006827359542721068,-0.005599538253460934,-0.14010814789403003,145.44357604980468,147.3690185546875,173.32003730773926,0.9324782452723309,0.920294997626832,0.7825002387937907,140.39935398725282,144.20645208140894,-3.8070980941561174,-2.5350839086190917,-1.2720141855370257,23.00030891540058,0.0158018772373106,351548.65,0.9883952050448778,0.022524511535204468,0.24026138091958849,0.9869345502618767,0.8502710987364127,0.008410039077710652
2026-03-12,134.6509603592523,138.44967460200547,132.03252733371104,136.76356506347656,464640,NIACL,0.008410039077710652,-0.012107744609484938,-0.12065557584121811,144.50530395507812,147.06789855957032,173.09771507263184,0.9464259187745233,0.9299348559609699,0.7900945717630676,139.8400018451334,143.65512711711764,-3.8151252719842432,-2.791092181292122,-1.0240330906921211,27.8332284028736,0.0161034792771608,355250.45,1.307922340422088,0.04692146819451522,0.737249362055384,0.9825754319631199,0.8496235695419815,-0.02378706890386484
2026-03-13,135.88083601069667,137.5570326865974,133.20289555410196,133.51036071777344,353544,NIACL,-0.02378706890386484,-0.028927947267969767,-0.1292451331787755,143.51446456909179,146.64716369628906,172.86767807006837,0.9302920170356619,0.9104189767643761,0.7723269162188767,138.86621090246263,142.90366293938845,-4.037452036925828,-3.0403641524188636,-0.9970878845069642,25.73242933911345,0.01649058827525513,356731.95,0.9910634581511412,0.03261272839865687,0.07061448785726815,0.9786378471411477,0.8483203183700346,-0.017829225685120798
2026-03-16,133.16321567141486,133.34175310918104,129.63229996993545,131.12997436523438,467263,NIACL,-0.017829225685120798,-0.018995367195212443,-0.1214114286502963,142.60842742919922,146.18477203369142,172.60853828430174,0.9195106960304744,0.8970152810103412,0.7596957582089685,137.67602066596598,142.03153785982147,-4.355517193855491,-3.3033947607061895,-1.052122433149301,19.24641567798534,0.01604689090714006,357971.8,1.3053067308653923,0.0282883692855282,0.40374533363252474,0.9755354504115658,0.8469150685518928,0.007790676323004675
2026-03-17,131.12998085055136,132.80616249823768,130.5249633458829,132.1515655517578,280477,NIACL,0.007790676323004675,-0.032248602598173415,-0.11790794498380885,141.72520217895507,145.7126608276367,172.34988677978515,0.9324492999127373,0.9069326220600673,0.7667632861320673,136.82610449454933,141.29968805922417,-4.47358356467484,-3.5374325214999196,-0.9361510431749203,23.43695077869195,0.016203886268850526,358992.3,0.7812897379693102,0.017261991129884455,0.71304699731974,0.9726347825505816,0.8454468033031937,0.010507252024522407
2026-03-18,132.90534416876602,135.68247379016503,132.14163011770003,133.5401153564453,746807,NIACL,0.010507252024522407,-0.015357687681413545,-0.11554883120300807,140.85288696289064,145.3185073852539,172.10122505187988,0.9480822028988872,0.9189477497344307,0.7759393654297909,136.32056770407178,140.72490489605536,-4.404337191983586,-3.710813455596653,-0.6935237363869331,27.114297061740245,0.016336587471416517,378538.1,1.9728714229822575,0.02651520603388563,0.3949581986972353,0.9692701191148044,0.8443781114367295,-0.03431362074846156
2026-03-19,131.0208807735096,131.91352261726365,128.34292497396743,128.95787048339844,315872,NIACL,-0.03431362074846156,-0.05707437193857323,-0.1502514743489327,139.7127784729004,144.85135498046876,171.82252601623534,0.9230213005062522,0.8902772811534049,0.7505294763924804,135.1878450547374,139.85327271734002,-4.66542766260261,-3.9017362969978446,-0.7636913656047657,23.7315888178926,0.01727718751330336,379728.8,0.8318357733203275,0.027688094025683296,0.17222481244437227,0.9645251747333587,0.8430288992886875,0.019150711782911722
2026-03-20,129.41409000167528,132.44909009685983,129.2058139903562,131.42750549316406,954344,NIACL,0.019150711782911722,-0.015600701049803267,-0.12105338081197037,138.80773239135743,144.4256607055664,171.5729337310791,0.9468312984367081,0.9100010680311095,0.7660153768726808,134.60933127603383,139.2291418118455,-4.619810535811666,-4.045351144760609,-0.5744593910510574,29.953842291437468,0.018215127265864002,411674.5,2.3182004229069326,0.024677300952594898,0.6850146055566397,0.9611015917340204,0.8417741514634066,-0.05931617082691254
2026-03-23,130.47536417751067,130.47536417751067,122.98703749665276,123.63172912597656,635051,NIACL,-0.05931617082691254,-0.05718177918934886,-0.1681681706346131,137.55802536010742,143.90733001708983,171.27851432800293,0.8987605688750344,0.8591065452419594,0.7218169167979733,132.92046940679427,138.07377790918855,-5.153308502394282,-4.266942616287344,-0.8863658861069377,27.645668876129832,0.02173491949627938,430227.35,1.4760823550618063,0.060569618606786266,0.08609288253566709,0.9558792129891619,0.840194875473426,0.0005615669272378554
2026-03-24,126.43861214197506,126.95436090363546,120.2595020278578,123.70115661621094,1598626,NIACL,0.0005615669272378554,-0.06394482653508349,-0.1783926091324134,136.2150863647461,143.42351501464844,170.96979675292968,0.9081311029306524,0.8624886693341522,0.7235263711225722,131.5021135928584,137.0091392948939,-5.50702570203552,-4.514959233436979,-0.9920664685985408,31.74415581449685,0.021245958280504344,495847.4,3.2240281989983206,0.05412123102897729,0.514074254918982,0.9497402594744235,0.8388821753231147,0.028543906970857735
2026-03-25,124.07804825203038,127.84700125862072,123.68131436526576,127.23207092285156,857735,NIACL,0.028543906970857735,-0.04723707491757301,-0.14176763354362987,135.16424102783202,142.99643249511718,170.66187683105468,0.9413145811002843,0.8897569589870439,0.745521338950256,130.8451839513189,136.28491200807596,-5.439728056757076,-4.699912998100999,-0.7398150586560774,34.528975509885996,0.022824679585029973,527728.8,1.6253329361596334,0.03274085584821507,0.8523820076947966,0.9452280638710857,0.8378932374960069,-0.05043653482054633
2026-03-27,125.32776001731156,126.32951140014666,120.20990865984396,120.81492614746094,888655,NIACL,-0.05043653482054633,-0.06314422148422338,-0.18297670484939343,133.81138381958007,142.44100708007812,170.32157638549805,0.9028747980841267,0.8481751752817969,0.7093342412121291,129.30206736610998,135.1389871295119,-5.836919763401909,-4.927314351161181,-0.9096054122407278,30.002327992128755,0.02472551881358831,561628.85,1.5822816082186661,0.050652704392116256,0.09886548413223471,0.9394161594515643,0.8363062983733998,-0.032755928563841574
2026-03-30,119.01971280917844,120.56696665423549,116.0144662714778,116.8575210571289,740154,NIACL,-0.032755928563841574,-0.11085947634297133,-0.20910248778702456,132.2666072845459,141.80683059692382,169.94954669952392,0.8834997998076163,0.8240612991999545,0.6876012518217341,127.38752178011288,133.78480445748352,-6.39728267737064,-5.221308016403073,-1.175974660967567,29.90270768398976,0.025145203121051604,581627.6,1.2725565292981282,0.03895770115243224,0.18518500049865422,0.9327238097613553,0.8344054653328538,0.04965198554863037
2026-04-01,119.0197113156008,123.53254506314512,118.92052973625168,122.65972900390624,557654,NIACL,0.04965198554863037,-0.007862060402632487,-0.16042091815286574,131.09475898742676,141.2886982727051,169.58524814605713,0.9356570007170957,0.8681496149618239,0.723292446394065,126.66016904531186,132.96072479425558,-6.300555748943722,-5.437157562911203,-0.8633981860325193,34.47125543794837,0.0286081467758976,595665.7,0.9361861863122218,0.03760007758330011,0.8107517002059061,0.92785028519689,0.8331426218807586,-0.0035578210610066607
2026-04-02,120.01154135496384,122.68948181291628,117.30383961306444,122.22332763671876,435389,NIACL,-0.0035578210610066607,-0.011946767677178727,-0.1353494050555435,130.13813819885254,140.75925888061522,169.25582302093505,0.9391814676951974,0.8683146572999672,0.7221218475987151,125.97757805937445,132.16536204184544,-6.1877839824709895,-5.587282846823161,-0.6005011356478285,34.85761493024039,0.028049141332502348,583865.45,0.7457009144829516,0.04406394674394277,0.913445015673276,0.9245440707330594,0.8316361373469844,0.0056804420658704835
2026-04-06,122.49112255646833,123.92927440985812,120.30909748917286,122.91761016845705,611355,NIACL,0.0056804420658704835,-0.033910166855734336,-0.09875644380429827,129.46468505859374,140.29647064208984,168.95399963378907,0.9494296464926046,0.876127600401524,0.7275211621795474,125.50681376846408,131.48034338455741,-5.97352961609333,-5.664532200677195,-0.308997415416135,34.19381641552768,0.027359608265710926,595302.0,1.0269661449146819,0.029452060739904237,0.720548397615446,0.9227935989129117,0.8303826541318055,0.002662829633089947
2026-04-07,122.9176127860568,123.87969004059391,121.52904791044868,123.2449188232422,412988,NIACL,0.002662829633089947,0.020113348186922897,-0.10975777236280615,128.7049430847168,139.9144174194336,168.651650390625,0.9575771984306719,0.8808593216936337,0.7307661593455307,125.15882993073764,130.8703119355711,-5.7114820048334565,-5.6739221615084485,-0.03755984332500795,37.442354809530556,0.027023979771437025,601907.65,0.6861318343436904,0.01907293341250459,0.7299583763894789,0.9198833505405438,0.8296059783308894,0.053033937565022615
2026-04-08,126.9543579729239,130.87208708666682,125.95260662326436,129.7810821533203,783979,NIACL,0.053033937565022615,0.11059246319176474,-0.05605242038993441,128.3196174621582,139.67975036621092,168.40114868164062,1.0113892538028577,0.9291331192464306,0.7706662523939736,125.86994565728881,130.78962824799697,-4.919682590708163,-5.523074247348392,0.6033916566402286,48.50219788114227,0.030012293308437264,619725.15,1.2650430598145,0.037905990470866215,0.7782276113376537,0.9186701517272987,0.8294465415451115,-0.006954577792544936
2026-04-09,130.42576330347023,131.29857933808316,127.6783874738916,128.87850952148438,494745,NIACL,-0.006954577792544936,0.050699447716699986,-0.035838941313239836,128.0800895690918,139.35125579833985,168.14918106079102,1.0062337554188068,0.9248464162245444,0.7664533880476699,126.33280163639583,130.64806389788492,-4.315262261489096,-5.281511850176533,0.9662495886874369,46.35598581691369,0.029443412228425992,619220.25,0.7989806534912255,0.02808995757037413,0.33150785721153403,0.9191168664776229,0.8287358577616869,0.19832238992718842
2026-04-10,129.93976702221366,154.64627956395785,129.92985416102584,154.43800354003906,76076824,NIACL,0.19832238992718842,0.2635722372006688,0.13095590743709518,128.97422561645507,139.59504791259766,168.04958351135255,1.197433074723848,1.1063286688846927,0.919002596216527,130.65667885234095,132.4102816491556,-1.753602796814647,-4.575930039504156,2.822327242689509,65.12564577801605,0.0534462318700636,4401178.55,17.285557296919936,0.16004108338867581,0.9915733759828361,0.9239169121329258,0.8306777380568001,0.10249821934032055
2026-04-13,148.77464820655675,174.2051941346319,147.48526489527194,170.2676239013672,29343939,NIACL,0.10249821934032055,0.3852174937994446,0.2554482708340857,130.7064582824707,140.14789459228516,167.99026023864747,1.3026718506395496,1.21491389076308,1.0135565220238631,136.750670398345,135.2145292233935,1.5361411749514957,-3.353515796613026,4.889656971564522,75.7130586036507,0.05735910348056807,5851002.05,5.01519889229914,0.15692900756539788,0.8526354543085968,0.9326323357387476,0.834262024436361,0.0036115450790279446
2026-04-15,168.2145404737001,178.92630296389115,162.67019378656497,170.88255310058594,24805314,NIACL,0.0036115450790279446,0.3865281808953569,0.24947425157624115,132.41240768432618,140.63607391357422,167.9309645843506,1.2905327838156477,1.2150691379908631,1.0175762017656533,142.00172927561283,137.8566050661485,4.145124209464342,-1.8537877953975528,5.998912004861895,75.13904258126189,0.05738887060780373,7068035.75,3.5095060179909248,0.09513030372244854,0.5051860334129319,0.9415252004666899,0.8374636223978436,-0.013755921420910644
2026-04-16,167.32187120903174,173.0744935041937,166.62759260002602,168.5319061279297,7553926,NIACL,-0.013755921420910644,0.298586075348255,0.2623133157747064,134.163484954834,141.0905307006836,167.85755668640138,1.2561682203221376,1.1944948062139025,1.0040173910239154,146.08329494520004,140.1288495892434,5.954445355956636,-0.29214116512671495,6.246586521083351,80.74153619402605,0.05709672481491106,7428054.85,1.0169453716405985,0.03825329608076672,0.2953843336838947,0.9509035389444741,0.8405372596020501,-0.015183559264011937
2026-04-17,168.5220048168606,169.8312138358359,165.1398575554533,165.97299194335938,2342157,NIACL,-0.015183559264011937,0.28782519723112765,0.2657136001649574,135.90563583374023,141.4561196899414,167.7524333190918,1.221237007024506,1.1733178621551097,0.9893924556531013,149.14324832953224,142.0432305043631,7.100017825169147,1.1862906329324574,5.913727192236689,77.9879183245278,0.057024180733004026,7521799.55,0.31138253345238376,0.028265781230139012,0.17758923818894776,0.9607617975923042,0.8432433252450614,-0.014282344197581676
2026-04-20,165.17951608823068,167.569832256877,162.16435672616592,163.60250854492188,1298774,NIACL,-0.014282344197581676,0.05934099635331558,0.23799145217728168,137.47818298339843,141.82170837402344,167.65816261291505,1.1900252461488974,1.1535787463048772,0.9758099814241865,151.36774990113065,143.640214062923,7.727535838207643,2.4945396739874948,5.232996164220149,74.45644433992506,0.057348834597314276,7572714.4,0.17150706224970005,0.033040297357218334,0.2660546348947714,0.9693733389590123,0.8458980234768398,-0.007578073717474654
2026-04-21,163.65209988252505,164.94148309024538,161.67835092656105,162.3627166748047,958717,NIACL,-0.007578073717474654,-0.046426367182651584,0.2158347792453681,138.9193130493164,142.1400860595703,167.56722717285157,1.1687555395351392,1.14227253673365,0.9689407613537804,153.05928325092665,145.0270661082476,8.032217142679059,3.6020751677258076,4.430141974953251,80.0286625222358,0.05751898576358417,7583309.9,0.12642461044615888,0.020097792341206264,0.2097266411271963,0.97734085366387,0.8482570754300764,-0.005497808723810116
2026-04-22,162.6602715970675,163.65210252143984,160.72620432136915,161.47007751464844,854051,NIACL,-0.005497808723810116,-0.05508154820461442,0.25211494970704784,140.5449234008789,142.40946716308594,167.42862983703614,1.1488858765398757,1.1338437024677193,0.9644113893293677,154.35325159919154,146.24506695316617,8.108184646025364,4.50329706338572,3.6048875826396447,83.73837178776319,0.056671485841025555,7610218.85,0.11222423649485455,0.01812037403527756,0.2542375511428636,0.9869071642542432,0.8505681931560798,0.008292302579175459
2026-04-23,161.6585239123084,173.57040757839894,160.9741581695371,162.8090362548828,5543702,NIACL,0.008292302579175459,-0.03395718949919635,0.23877445321634738,142.11399993896484,142.73101837158202,167.30429565429688,1.1456227839959898,1.1406703189844147,0.973131237414832,155.65414154622096,147.4720276421822,8.182113904038744,5.239060431516325,2.9430534725224184,82.56112763984314,0.05665864672711923,7839686.75,0.7071331006943613,0.07736824502260428,0.14566860545447882,0.9956770543666209,0.85312225734185,-0.001218292323240111
2026-04-24,163.1561973254167,164.24721746453133,160.08151521274075,162.61068725585938,1112868,NIACL,-0.001218292323240111,-0.020258143497512093,0.31528280325323754,144.06294784545898,143.01369018554686,167.1872752380371,1.1287474655197058,1.1370288190234603,0.9726259790067056,156.72437934770377,148.59340983578795,8.130969511915822,5.817442247596225,2.313527264319597,82.8811495021663,0.054237893482529054,7863577.6,0.14152184369618226,0.02561764126386148,0.6071418191330132,1.00733676376402,0.8554101380139578,0.010490994809537524
2026-04-27,163.94966251552998,165.88372988194448,161.28163478236402,164.31663513183594,1005954,NIACL,0.010490994809537524,0.004365010006664782,0.3283354790419346,146.09372177124024,143.265615234375,167.0908251953125,1.1247344043238896,1.1469370013385458,0.9833971131554721,157.89241869910873,149.75809319105076,8.13432550805797,6.280818899688574,1.8535066083693952,83.15857554076939,0.05414334730876402,7833944.0,0.12840964908607977,0.028007481384268004,0.6594823192047028,1.0197403021809428,0.8574116206973769,-0.012977572408067628
2026-04-28,165.43740846540285,165.43740846540285,161.6684477607177,162.1842041015625,649791,NIACL,-0.012977572408067628,-0.0010994677651257057,0.274711658194297,147.8413284301758,143.35488006591797,166.98705490112306,1.0970153327468288,1.1313476320233142,0.9712381848856222,158.5526933764093,150.67854585108867,7.874147525320637,6.599484624814988,1.2746629005056498,80.31193705384494,0.05441539804544366,7823546.8,0.08305580788498639,0.023238765609534758,0.13684311969707494,1.0312960979228252,0.8584790009668818,-0.011864064253473305
2026-04-29,161.71803293190084,163.5529110352532,159.6946894000132,160.26004028320312,641447,NIACL,-0.011864064253473305,-0.007493879052207331,0.3264920601581742,149.8135841369629,143.44950073242188,166.86835609436037,1.0697296991218757,1.1171878568064042,0.9603980289263448,158.81536213130065,151.38828617939345,7.427075951907199,6.765002890233431,0.6620730616737678,75.5614717186559,0.05268604158931346,7811186.4,0.08211902355831631,0.02407475767772149,0.14653146880577123,1.0443646256839334,0.8596567023846292,-0.006065048165242004
2026-04-30,159.68478174326813,161.66844362827769,155.91582113492217,159.28805541992188,972137,NIACL,-0.006065048165242004,-0.021626446025076462,0.3630963071863358,151.93511085510255,143.56871887207032,166.73855590820312,1.0483952953562634,1.1094899827159326,0.9553162707467427,158.8880841757039,151.97345427128445,6.914629904419456,6.794928293070637,0.11970161134881963,75.47360046792524,0.051730599695270364,7822785.55,0.1242699283760885,0.036114587990858524,0.5862081666048409,1.0582744768412071,0.8610409157622259,0.0
2026-05-04,159.68478187173852,161.599008327926,158.4945877666031,160.26995849609375,709101,NIACL,0.0061643233297270505,-0.02462730953865644,0.3112878007417701,155.66885871887206,143.9785433959961,166.48843559265137,1.0295569699366203,1.1131516871600098,0.9626491949760858,159.15274748755556,153.08969746136893,6.06305002618663,6.590858774352127,-0.5278087481654969,24.073981745935654,0.0511263817074238,7808588.45,0.09081039480317342,0.019369946747684136,0.5718847348228199,1.081194843670026,0.864796061561114,0.0003713064999963933
2026-05-05,160.279888333014,163.64219466407806,159.48642054242694,160.3294677734375,790352,NIACL,0.0003713064999963933,-0.011435986250322716,0.3043653187993809,157.5394515991211,144.16540435791015,166.38816932678222,1.0177099523071589,1.1121216528162186,0.9635869450462816,159.33378137769122,153.6259767437444,5.707804633946836,6.414247946271069,-0.7064433123242333,21.821955347459152,0.05118979823455021,7817538.3,0.10109985645992933,0.025920214040276543,0.2028616585820621,1.092768770016474,0.8664402339494035,0.014723214754773561
2026-05-06,161.6188536942301,164.96133435764486,160.08151266238443,162.69003295898438,933044,NIACL,0.014723214754773561,0.015162810838479146,0.3200546887642024,159.5117073059082,144.38400421142578,166.3004921722412,1.0199253440813647,1.1267870970024667,0.9782895458329889,159.85012777481325,154.29738831524364,5.552739459569608,6.241946248930778,-0.6892067893611697,34.40973271360963,0.05111395260675126,7843541.1,0.11895698487510954,0.029994595283477993,0.5345523790620251,1.10477409306595,0.8682115267697703,0.005852624644369753
2026-05-07,163.6521095166509,164.64394048341848,161.97591276135137,163.64219665527344,648030,NIACL,0.005852624644369753,0.027335014065386076,0.26090947879406956,161.20476303100585,144.6662796020508,166.2090737915039,1.0151201092228197,1.1311702845018325,0.9845563357181666,160.43352298719174,154.98959634043104,5.443926646760701,6.082342328496763,-0.6384156817360616,43.196304158623285,0.05035449665241601,7836743.65,0.08269123362227115,0.016304032679832218,0.624537698817868,1.114321619899601,0.8703873759835951,-0.005394306750319711
2026-05-08,163.6421893649504,164.63402028753154,161.66844038072398,162.75946044921875,509483,NIACL,-0.005394306750319711,0.021793253864173412,0.26289061732271457,162.89881057739257,144.94895141601563,166.1099981689453,0.9991445601862905,1.1228743558281113,0.979829403668292,160.79135951981127,155.56514182997088,5.226217689840382,5.911117400765487,-0.6848997109251052,47.30503054461308,0.05032356513133882,7837480.55,0.06500596674526994,0.018220629993626877,0.36789434201058197,1.1238357296553276,0.8726082295696167,-0.005910972226961797
2026-05-11,161.87674209390775,164.08852095799554,158.79214711808388,161.79739379882812,749126,NIACL,-0.005910972226961797,0.009530390580163584,0.04765271558875783,163.26678009033202,145.17370056152345,166.0048834991455,0.9910000902162037,1.1145089859458372,0.9746544221372919,160.9461340242754,156.0267901239603,4.919343900315113,5.7127627006754125,-0.7934188003602998,48.16016574349684,0.02510311095850247,4071095.65,0.18401090625320976,0.0327346053947998,0.5674158908681514,1.1246305595216324,0.8745146377713082,-0.0213940533523006
2026-05-12,163.65210620323683,165.91347955095046,156.14393867243487,158.3358917236328,1545311,NIACL,-0.0213940533523006,-0.012434246040296304,-0.0700763416105824,162.67019348144532,145.37543884277343,165.88496780395508,0.9733552799990559,1.0891515993625056,0.9544921026886303,160.544558285715,156.197834686899,4.3467235988159985,5.43955488030353,-1.0928312814875314,41.26105121637835,0.00974727892404143,2681164.25,0.5763581996142161,0.0617013664568727,0.2243660248168176,1.118966138821954,0.8763629445591474,0.052868922406070995
2026-05-13,158.0879267439891,169.58324325721918,152.741958791647,166.70693969726562,4243831,NIACL,0.052868922406070995,0.024690552120632647,-0.02443557477083358,162.4614128112793,145.75213623046875,165.8150163269043,1.026132524717842,1.1437701292670068,1.0053790265207518,161.4926169644151,156.97628690988913,4.51633005452598,5.25490991514802,-0.73857986062204,57.80693309862383,0.01592532723021856,1653090.1,2.5672109463361976,0.10102329570775764,0.8292111527577696,1.1146417267901254,0.8790044439830372,-0.019276531018902365
2026-05-14,167.6095156766961,167.6095156766961,161.97590807857318,163.493408203125,923840,NIACL,-0.019276531018902365,-0.0009092303524981249,-0.029896403835722674,162.20948791503906,146.066943359375,165.72708053588866,1.0079151984547194,1.1193046451370925,0.9865219834589438,161.8004310011397,157.45903663531402,4.341394365825693,5.072206805283555,-0.7308124394578623,51.577439318349896,0.01620135984866938,1321585.8,0.6990389878583744,0.034457704809258735,0.26936560598530795,1.110514700892644,0.8813704005830465,0.0010920506996741075
2026-05-15,163.65211043693932,167.76820291851558,161.70811507212153,163.6719512939453,1353742,NIACL,0.0010920506996741075,0.0056063766874629994,-0.013863946311212683,162.09443588256835,146.41844848632812,165.63477890014647,1.0097320762602846,1.1178369459995217,0.9881496650689258,162.08835720003287,157.91925253595338,4.169104664079498,4.891586377042744,-0.7224817129632459,48.78141497766456,0.015877788454471548,1272165.05,1.0641245017696406,0.03702581779275356,0.32406068552163453,1.1070629251866713,0.8839837228544677,-0.014725530128687159
2026-05-18,162.16436486591243,162.16436486591243,156.7588890638766,161.2617950439453,811118,NIACL,-0.014725530128687159,-0.0033103052052170234,-0.014307320357094921,161.97740020751954,146.81656951904296,165.53937088012697,0.9955820678523213,1.0983896134627278,0.9741597674713939,161.961193791404,158.16684827728614,3.794345514117879,4.672138204457771,-0.8777926903398923,48.274572731907,0.015898214027222083,1247782.25,0.6500477146553415,0.03351987865794736,0.8330267574915067,1.1032637578860616,0.8868981967157417,0.012177941274848836
2026-05-19,159.63519327349306,167.62934855430214,159.62528041197905,163.2256317138672,1246074,NIACL,0.012177941274848836,0.030882069359038145,0.005314736392288966,162.02054595947266,147.35334869384766,165.47117942810058,1.0074378576325498,1.1077157944540301,0.9864293726436566,162.1557227025522,158.54157297629214,3.6141497262600524,4.4605405088182275,-0.8463907825581751,55.539114063232994,0.01605495518144248,1262150.1,0.9872629253842312,0.0490368336043823,0.4498151737177961,1.099537590395035,0.8905076352457779,-0.008932375009991
2026-05-20,161.1824473790388,162.46191782048066,160.03193494227534,161.76763916015625,416938,NIACL,-0.008932375009991,-0.0296286438109834,0.0018428284056581923,162.03542404174806,147.81990631103517,165.42380912780763,0.9983473682796496,1.094356255508463,0.9778981635900634,162.09601754218357,158.78054084176355,3.315476700420021,4.231527747138586,-0.9160510467185654,54.54876778896217,0.01613934326813186,1240294.45,0.33616049801722486,0.015021439954375208,0.7142866040121328,1.096167817214018,0.8935830161958636,0.018270914476715028
2026-05-21,161.767629941047,168.21453095433975,161.07333618615056,164.72328186035156,1066435,NIACL,0.018270914476715028,0.007522466322914756,0.011757612780607163,162.1311363220215,148.36462005615235,165.39465721130372,1.0159879563983416,1.110259857087275,0.995940767602339,162.50021205267095,159.22074388017748,3.2794681724934662,4.041115832209562,-0.7616476597160959,58.99538415926696,0.01655121116302939,1016431.1,1.0491955627882696,0.04335267417901088,0.5111113465858501,1.0927884037357347,0.8970339342135202,-0.008670528530689947
2026-05-22,164.18768572994415,165.09025550973905,162.2139518622469,163.2950439453125,385898,NIACL,-0.008670528530689947,-0.002302821868090943,0.004208559111347432,162.16535415649415,148.95713958740234,165.20684928894042,1.0069662832403041,1.0962552342078054,0.9884278082182644,162.6224938823081,159.5225438850023,3.0999499973057993,3.85288266522881,-0.7529326679230106,54.93367417025521,0.016680351419352972,980082.6,0.39374028270678413,0.01761415152596694,0.37586159723025486,1.0886712419805948,0.9016402178754831,0.009475220021035957
2026-05-25,163.6521063051025,167.1235146206653,162.88839223811974,164.84230041503906,841058,NIACL,0.009475220021035957,0.02220306037222297,0.003199099609004108,162.1916374206543,149.52287994384767,165.0492370605469,1.0163427846006023,1.1024553598549232,0.9987462126502777,162.96400257965132,159.9165999242643,3.0474026553870317,3.6917866632604546,-0.6443840078734229,57.019433011198224,0.016649334487174896,971837.8,0.8654304247066743,0.025691963603288723,0.4613581380722482,1.0847278856691651,0.9059289373691348,-0.02069793823164734
2026-05-26,165.01091510196142,166.4094004142793,160.8353151562828,161.43040466308594,687695,NIACL,-0.02069793823164734,-0.010998438369828278,-0.004647798117284663,162.15394744873046,150.03902862548827,164.9288217163086,0.9955379267848333,1.0759227525128254,0.9787883220360343,162.72806443864127,160.02873360862145,2.699330830019818,3.493295496612327,-0.7939646665925091,48.102775682544326,0.01705761157944024,973733.0,0.7062459627023013,0.0345293395604745,0.10676002954017032,1.0807451163489081,0.9097198843969673,-0.013516892050600138
2026-05-27,161.46014598494253,162.56107889226027,158.71278528115505,159.2483673095703,603901,NIACL,-0.013516892050600138,-0.015573398138621242,-0.006312696364265458,162.10336380004884,150.48872467041016,164.8035410308838,0.9823878023037196,1.0582079664662247,0.9662921458691688,162.1927264187842,159.9709286975806,2.221797721203586,3.2389959415305793,-1.0171982203269931,43.618532967758696,0.01712150710780326,971855.7,0.6213895746045427,0.024165356770184918,0.13917389953555157,1.077179464143086,0.9131401165840783,0.0
2026-05-29,159.98232666650352,160.26003810685188,155.2810427677979,156.13401794433594,541498,NIACL,-0.01955655444291149,-0.04385329663388182,-0.01980084110683089,161.94367752075195,151.50356567382812,164.4687028503418,0.9641254313514552,1.0305633220572294,0.9493235809515078,160.87732807121992,159.63715469198974,1.2401733792301854,2.612566872423642,-1.3723934931934565,42.067218808442426,0.017624006940864998,950323.75,0.5698037116298524,0.031889241080243325,0.1713147168159618,1.0689100075004196,0.9211695784558397,-0.00260447232364569
2026-06-01,156.46133156336168,158.43508059207073,152.9998361172514,155.7273712158203,389741,NIACL,-0.00260447232364569,-0.055294843473242206,-0.028343348453441775,161.71654815673827,151.9750817871094,164.29377449035644,0.9629649716792548,1.0246901622594107,0.9478592338564907,160.08502701654305,159.34754110116236,0.7374859153806881,2.2375506810150516,-1.5000647656343635,46.00424837273487,0.01754913437347432,934355.75,0.41712270727718004,0.03490230671964992,0.5018238114596639,1.0640991026625994,0.9250203317717913,-0.04897768894767063
2026-06-02,153.7933044252905,155.39015285745393,145.40242307760744,148.10020446777344,1848048,NIACL,-0.04897768894767063,-0.08257552363282095,-0.07627583048516884,161.10508499145507,152.26628356933594,164.09643676757813,0.9192770326003589,0.9726395167472158,0.9025193196457926,158.24120816288618,158.51440505424466,-0.2731968913584808,1.7354011665403453,-2.0085980578988263,20.833363231616985,0.020520622648718352,987240.55,1.8719328333910108,0.06743900061272243,0.2701095694048167,1.0580483165079306,0.927907312119165,-0.014331702537478508
2026-06-03,147.03894280473105,148.34816696289377,144.39075590387245,145.97767639160156,715611,NIACL,-0.014331702537478508,-0.08333329340935247,-0.10272514095314089,160.26946716308595,152.6066796875,163.90008468627929,0.9108264910062911,0.9565615128415548,0.8906504024754901,156.35451096730392,157.58575848664148,-1.2312475193375576,1.1420714293647647,-2.3733189487023223,21.571175890488036,0.020168701949000296,976368.9,0.7329309649252449,0.02710970031064972,0.40099965964151446,1.0502126610137736,0.9310957952194109,0.030642766076364403
2026-06-04,144.31140030394857,153.73379413822698,144.31140030394857,150.45083618164062,1584786,NIACL,0.030642766076364403,-0.055244089949303854,-0.08061099608325084,159.6098991394043,152.98714630126952,163.74428215026856,0.9426159467103974,0.983421416890578,0.9188158157704187,155.44625330797112,157.05724572330809,-1.6109924153369661,0.5914586604244185,-2.2024510757613847,31.16698900569604,0.02159580177894194,1023206.7,1.5488424772824494,0.0626277265943718,0.6515792043585519,1.043289603069613,0.9343052733949685,-0.0011866190747901184
2026-06-05,150.45084579815972,152.1964628981124,149.28047735628945,150.27230834960938,462350,NIACL,-0.0011866190747901184,-0.03754280887600259,-0.07672151323889032,158.98554153442382,153.5199578857422,163.5811489868164,0.9451948076490475,0.9788454245242179,0.918640743633121,154.65026177591548,156.55465776970078,-1.9043959937853003,0.09228772958247472,-1.996683723367775,33.28304213180225,0.021601722320729332,1020850.05,0.4529068691332287,0.019404676575799258,0.3401357719695251,1.0356017792341332,0.9384941898049324,-0.013002518418000486
2026-06-08,147.78280785200138,150.31197973804126,146.79097692682015,148.31838989257812,281750,NIACL,-0.013002518418000486,-0.04757661588581108,-0.08330791732658693,158.31159133911132,154.01230255126953,163.4166008758545,0.9368763754946582,0.9630294946288727,0.9076090745838834,153.67612764001743,155.94456385287685,-2.2684362128594273,-0.3798570589059057,-1.8885791539535215,27.31659725159986,0.02169683262870837,997481.25,0.28246144977662485,0.02373948917441222,0.43380055275453105,1.0279152296058336,0.9424520013622771,0.009094571569250531
2026-06-09,147.8819985280084,150.42108330127684,147.792722241873,149.6672821044922,306662,NIACL,0.009094571569250531,0.010581198333589947,-0.054748228748231265,157.8781608581543,154.46100677490233,163.2063101196289,0.9479923080619163,0.9689648230935327,0.9170434770247993,153.05938217301355,155.4795800196632,-2.4201978466496428,-0.7879252164546532,-1.6322726301949895,31.52631875660724,0.021489148614067522,935548.8,0.3277883526759908,0.017561360254867223,0.7132048528539573,1.022123085655086,0.946415654282507,-0.004705057146308977
2026-06-10,149.76646961673302,152.01793005316597,148.10020092776796,148.9630889892578,366042,NIACL,-0.004705057146308977,0.02045115850212298,-0.1064373849116903,156.9909683227539,155.0239700317383,162.99918212890626,0.9488640689380821,0.9609035877404015,0.9138885670693234,152.4291832216665,154.9968769803739,-2.5676937587074065,-1.143878924905204,-1.4238148338022025,24.16261000515317,0.01707044525933897,741659.35,0.49354464418199545,0.026299999227865977,0.22025209856799172,1.0126883493605079,0.951072072920827,-0.021705832913783363
2026-06-11,148.6258808975164,148.6258808975164,145.21397984767307,145.72972106933594,296423,NIACL,-0.021705832913783363,-0.031379786461305126,-0.10865078494002256,156.10278396606446,155.60141403198242,162.78070350646973,0.933549789227439,0.93655781970839,0.8952518199649131,151.39849673669258,154.3104209869637,-2.911924250271113,-1.497487989978386,-1.4144362602927272,22.812413943604156,0.017182122448337764,710288.5,0.4173276070216539,0.023412527141392064,0.15115948971807008,1.0032221425312948,0.9558959427018204,0.0399510268683152
2026-06-12,146.79098145667706,152.24605171351303,146.49342914311268,151.55177307128906,637119,NIACL,0.0399510268683152,0.008514308030079576,-0.07405165104245082,155.49677505493165,156.17925491333008,162.56106170654297,0.974629686163916,0.970370700996051,0.9322759797476717,151.4220777112459,154.1060766969137,-2.683998985667813,-1.7347901891162714,-0.9492087965515417,31.832986821423447,0.019951717692007816,674457.35,0.9446394201204865,0.03795813439737421,0.8793109344951088,0.9956301503757514,0.9607420945322479,0.04954180370973016
2026-06-15,153.63460487147407,162.85863553938455,153.23787855347018,159.05992126464844,2158579,NIACL,0.04954180370973016,0.07242211420883171,-0.013654032430290397,155.3866813659668,156.91598678588866,162.3924755859375,1.0236393484074122,1.0136629448832717,0.9794783944929426,152.59713056561552,154.47302814637555,-1.8758975807600393,-1.7630116674450251,-0.11288591331501419,47.08606747406662,0.02301434792888214,741830.4,2.909801216019187,0.060485110953293376,0.6051543261826732,0.9902539858987817,0.9662762158142562,0.00866746845858235
2026-06-16,159.58559289769877,163.55291667523397,158.15736905046296,160.43856811523438,1166395,NIACL,0.00866746845858235,0.07196820747517862,-0.017074913843914574,155.24732818603516,157.66640594482422,162.24346214294434,1.0334385138208528,1.017582452988624,0.9888753974806099,153.80350557324917,154.91491999592066,-1.111414422671487,-1.6326922184903176,0.5212777958188306,51.492542168559424,0.022926294443966003,737846.45,1.5808099368100235,0.03362999114337446,0.4227928698652212,0.9846569867290841,0.9717889637112926,0.022873456108525092
2026-06-17,160.4385661055694,167.3119623338049,159.64511346731254,164.1083526611328,2002095,NIACL,0.022873456108525092,0.10167125141294009,0.01446960290159871,155.36436386108397,158.48367462158203,162.1276885986328,1.0562805303786853,1.035490583197172,1.0122166921617157,155.3888666636928,155.59591500815858,-0.20704834446578957,-1.3475634436854123,1.1405150992196227,55.580880930553334,0.023416656292828065,817104.3,2.450231873703271,0.04671821234062125,0.5821477991207928,0.9803177786737582,0.9775238023279788,0.0798379917071168
2026-06-18,166.6275995431672,186.96013401123227,166.3697289445453,177.21043395996094,86100480,NIACL,0.0798379917071168,0.21602122518059974,0.0758068438084889,155.98872146606445,159.43226165771483,162.07093841552734,1.1360464544772444,1.111509252377126,1.093412771545865,158.74603086311865,157.1969904860699,1.5490403770487546,-0.7682426795385788,2.3172830565873337,69.68687180808669,0.029153654134814907,5068806.55,16.986341686289055,0.1161918325381404,0.5264930427694555,0.9784012335028947,0.9837190011756006,0.13231096855488245
2026-06-19,178.52957192726706,204.91228138795225,177.9443952959211,200.6573181152344,119622490,NIACL,0.13231096855488245,0.3240182813357544,0.22880225429520396,157.85683517456056,160.86783782958983,162.1490165710449,1.271134809546539,1.2473426685065183,1.2374871112913426,165.193921209598,160.41627401415613,4.777647195441858,0.34093529545750867,4.436711899984349,79.33938070353639,0.04067990510682173,11030636.15,10.844568560989114,0.13439772017955456,0.842221104828266,0.9812827554864082,0.9920987572509036,0.048440496847290904
2026-06-22,203.82125527513048,216.21914184904352,203.82125527513048,210.37725830078125,80921087,NIACL,0.048440496847290904,0.322628960382481,0.2762334532525603,160.13358306884766,161.9866229248047,162.2626708984375,1.3137610129558637,1.2987322934588237,1.296522836311867,172.1452038390108,164.11708766501727,8.028116173993538,1.8783714711647148,6.149744702828824,89.58515875520663,0.04152207305132437,15034637.6,5.382310445580677,0.05893168621956036,0.5288000488281247,0.9885605377623236,0.9982987585986083,-0.08019418472847883
2026-06-23,209.98053837188328,210.1789015362725,191.04647391826512,193.5062255859375,20861758,NIACL,-0.08019418472847883,0.20610790696506598,0.19869751915567302,161.73737411499025,162.45139495849608,162.28233764648436,1.1964224511791604,1.1911638286354849,1.1924047212548246,175.43151487699953,166.2940608443447,9.13745403265483,3.330187983462738,5.807266049192092,75.44065357685594,0.045961414476811825,16043340.75,1.3003375247764404,0.09887241384650192,0.12856453539420526,0.995604710912527,1.0010417480698361,-0.03377761397120749
2026-06-24,194.3988662632786,194.3988662632786,185.96830318553435,186.9700469970703,7723296,NIACL,-0.03377761397120749,0.1393085358863153,0.17407826626950929,163.12345809936522,162.7731448364258,162.2342337799072,1.1461873673814538,1.1486541418423815,1.1524697509325965,177.20667366470272,167.82561537417624,9.381058290526482,4.5403620448754864,4.840696245650996,69.12528302477833,0.04672579049342191,16399310.5,0.470952483032747,0.04509044744411034,0.11882288315717052,1.0021521563848352,1.0033218084985052,-0.02058242580000491
2026-06-25,188.73550145293868,191.4432107947636,181.76293120943112,183.1217498779297,4204537,NIACL,-0.02058242580000491,0.033357606467485645,0.14991288747061882,164.3171272277832,163.06494171142577,162.15548240661622,1.1144410382983312,1.122998898205834,1.1292973087319926,178.11668538981456,168.95866237445426,9.1580230153603,5.46389423897245,3.69412877638785,66.56662762065747,0.047160611321084234,16609537.35,0.2531399226481164,0.05286253321511736,0.1403697751206948,1.0076790602763248,1.005608563406626,0.0
2026-06-29,182.7448555529618,182.94321871940716,177.547655840913,179.90821838378906,2208889,NIACL,-0.01754860630308952,-0.14483048292905265,0.1552767954610681,166.87555618286132,163.73403106689454,162.04633140563965,1.0780980899721864,1.0987832963709692,1.110227037065325,179.04385270686706,170.7411457759328,8.30270693093425,6.57806015413062,1.7246467768036293,65.26485255126153,0.047073208136875336,16673419.85,0.13247966043390913,0.029990641489117974,0.4375007012307997,1.0191867573008282,1.0104149205144928,-0.0186339554886088
2026-06-30,180.48347375326756,181.20750608742955,175.56398573022503,176.55581665039062,2759629,NIACL,-0.0186339554886088,-0.08759619430445187,0.19213756176014685,168.2983367919922,164.01789306640626,161.98146560668945,1.049064536321617,1.07644241338296,1.0899754239728232,178.66107792894763,171.17186213700376,7.489215791943877,6.760291281693272,0.7289245102506055,63.565433113808886,0.04559691602085687,16718998.9,0.1650594641764107,0.031964511077987395,0.17574684902118323,1.0260974192849368,1.0125719782327536,0.028650144216949336
2026-07-01,175.45488938768213,192.7524236152322,174.16552125715444,181.6141662597656,12897423,NIACL,0.028650144216949336,-0.028645661822979784,0.24412287377807784,170.08016128540038,164.4207748413086,161.9347999572754,1.0678151107524572,1.104569458665131,1.1215264804580756,179.11539921061194,171.94536614609723,7.170033064514712,6.842239638257561,0.32779342625715113,67.33090465744806,0.045412980332303766,17328089.5,0.7443072705735967,0.10234280034902468,0.4007469808100659,1.0344201421599792,1.0153517025660272,0.024957600510692624
2026-07-02,182.4869766809836,187.4857978659365,179.7296879301576,186.14682006835935,3045752,NIACL,0.024957600510692624,0.016519447812431753,0.23726012292562237,171.86496047973634,164.8875305175781,161.91074798583983,1.0830993097648134,1.1289320634741076,1.149687852004977,180.19715626565,172.99732569589443,7.199830569755562,6.913757824557162,0.28607274519840065,66.91889052149429,0.04530737919344998,17401137.8,0.17503177292234304,0.04166662601558586,0.8273647732350403,1.0423162985112109,1.0183853299967376,-0.009910390072625175
2026-07-03,186.36502750713893,189.241346312616,182.8936192183535,184.30203247070312,1805304,NIACL,-0.009910390072625175,0.006445343568201034,0.22645372587159174,173.56644668579102,165.321357421875,161.87762084960937,1.0618528868332877,1.1148107863667749,1.1385269409285852,180.828675681812,173.83471138291728,6.993964298894724,6.929799119424675,0.06416517947004952,63.06871533774649,0.04547912774875412,17468285.5,0.10334752085429334,0.0344419809655194,0.22187678068621397,1.0498731040713378,1.0212737038893411,0.0012377448768539079
2026-07-06,185.47238774333383,187.9519651195816,182.81428806038303,184.5301513671875,1497470,NIACL,0.0012377448768539079,0.025690504997046393,0.2441488307743651,175.37703475952148,165.72562774658203,161.84255966186524,1.0521910786108162,1.113467807461621,1.1401830998763431,181.3981334795621,174.62696619656694,6.771167282995151,6.898072752138771,-0.12690546914361978,62.62343472914478,0.04519061281340718,17529071.5,0.08542779918491404,0.027841938139287276,0.3339764814007461,1.0582372632656296,1.0239928736472632,-0.005643671804248407
2026-07-07,186.1666642639371,186.26585341151423,181.73317875491227,183.4887237548828,1357687,NIACL,-0.005643671804248407,0.0392675089160075,0.22597752277466854,177.068106842041,166.15171813964844,161.80387825012207,1.0362607192641955,1.104344425741435,1.134019318568122,181.71976275268835,175.28339268236812,6.436370070320237,6.805732215775064,-0.3693621454548275,60.44249586201204,0.04535905412417718,17581622.75,0.07722193902721522,0.024702742293074214,0.3873088480801381,1.0657013290299981,1.0268710486828092,-0.02989185053251453
2026-07-08,182.2390287497627,187.25769106056035,176.5459135063791,178.00390625,1806911,NIACL,-0.02989185053251453,-0.019878735696211014,0.19495310857065018,178.52014770507813,166.50659545898438,161.7378719329834,0.99710821741011,1.0690501824226402,1.1005703495576873,181.14809252150553,175.4849122058964,5.663180315609139,6.577221835741879,-0.9140415201327396,50.46577072017338,0.0461660023548755,17653666.2,0.10235330041529844,0.06017720498300162,0.13611118567821553,1.07215060888716,1.0294842727248006,0.023123587307160465
2026-07-09,180.25536321297145,183.48872667803477,178.8965445133842,182.1199951171875,1018479,NIACL,0.023123587307160465,-0.02163252076878386,0.24971072325416466,180.33966140747071,166.96323425292968,161.67672554016113,1.009872114075307,1.0907790324742819,1.1264453464697872,181.2976159977643,175.97639982895498,5.321216168809315,6.3260207023553665,-1.0048045335460518,35.92407638707043,0.04563444311322971,17689769.0,0.05757446578301842,0.02521514544131001,0.7019431042210362,1.0801160040675621,1.0326980194280058,0.009883610257070297
2026-07-10,184.5,186.41000366210935,183.08999633789065,183.9199981689453,767460,NIACL,0.009883610257070297,-0.0020728708014575714,0.2135786631967045,181.95807266235352,167.45587310791015,161.59809730529784,1.0107822943927989,1.0983191855589653,1.1381322010337536,181.70105940871522,176.56481452080612,5.1362448879091005,6.088065539466114,-0.9518206515570133,27.163545817310236,0.04516392018904366,17696286.05,0.04336842192941383,0.018051366666331736,0.24999999999999573,1.0866031109287997,1.0362490394397748,-0.011417958164601338
2026-07-13,176.5,185.0,176.4499969482422,181.82000732421875,1078709,NIACL,-0.011417958164601338,-0.01468672746913846,0.14309126949523265,183.09607696533203,167.88687408447265,161.52087104797363,0.9930306008612358,1.0829912005672082,1.1256750049980602,181.71935908802345,176.95408806179967,4.765271026223786,5.8235066368176485,-1.0582356105938624,36.46069707960288,0.044453711991735895,17642292.55,0.06114335747141887,0.047024544644922235,0.6280711648252022,1.090591971312819,1.0394128820331103,-0.025189757158505133
2026-07-14,181.8300018310547,182.5,176.5,177.24000549316406,772219,NIACL,-0.025189757158505133,-0.03405505326892033,0.10472193547540343,183.9361488342285,168.2250848388672,161.43438247680663,0.9635952835616923,1.0535884446896355,1.097907414603133,181.03022776573738,176.9752671307896,4.054960634947776,5.469797436443675,-1.4148368014958992,38.191831900430856,0.045052323689815856,17622583.75,0.04381985133139174,0.033852402471469194,0.12333424886067708,1.0933931108455675,1.0420647835849726,0.015854194716226955
2026-07-15,177.9499969482422,182.8999938964844,177.17999267578125,180.0500030517578,838144,NIACL,0.015854194716226955,0.011494673599376837,0.09714100551324711,184.73323135375978,168.57228424072267,161.36348121643067,0.9746486960267928,1.068087816824294,1.1158039086319886,180.8794239635867,177.20302534715762,3.6763986164290827,5.1111176724407565,-1.4347190560116738,46.17582068548381,0.04494055632187848,17564386.2,0.047718376859647964,0.03176895930992493,0.5017499586518891,1.0958695386126414,1.044674315216484,-0.010608184558376976
2026-07-16,181.82000732421875,182.0,177.1199951171875,178.13999938964844,558777,NIACL,-0.010608184558376976,-0.02185369994644515,0.005245545699061438,184.77970962524415,168.86224029541015,161.28912963867188,0.9640668867319802,1.0549427691946265,1.104476165186871,180.45797402913465,177.27243083178655,3.185543197348096,4.726002777422225,-1.5404595800741285,44.07951859140401,0.04149277046862426,13287301.05,0.04205346126330147,0.02739421185321994,0.2090170598093904,1.0942630472152197,1.0469536333521294,-0.018636982580020223
2026-07-17,178.10000610351562,178.13999938964844,174.10000610351562,174.82000732421875,654443,NIACL,-0.018636982580020223,-0.04947798464181963,-0.128763361504601,183.48784408569335,169.10345123291015,161.2314540863037,0.9527607030064263,1.0338050823305496,1.0842797909063164,179.59059453607065,177.09076983122597,2.499824704844684,4.2807671629067165,-1.7809424580620323,43.96826011253087,0.02784460935836971,7338898.7,0.08917455148958521,0.02310944466808251,0.178218420108398,1.0850626805538772,1.0488242023941106,0.011325910333975564
2026-07-20,175.10000610351562,177.2899932861328,174.22999572753906,176.8000030517578,559112,NIACL,0.011325910333975564,-0.027609746288863257,-0.1596049664313871,181.8089813232422,169.40350341796875,161.18278587341308,0.9724492253626414,1.0436620228304234,1.096891346639274,179.1612727692533,177.06923155126535,2.0920412179879406,3.8430219739229616,-1.750980755935021,50.29920236385386,0.02509137860631906,3320799.95,0.16836666117150476,0.01730767820008432,0.8398723446693926,1.0732303503468015,1.0510024535189006,0.007409488325688773
2026-07-21,177.0,178.77999877929688,176.1199951171875,178.11000061035156,460401,NIACL,0.007409488325688773,0.004908570809207369,-0.07956449426351075,181.0391700744629,169.79898559570313,161.1355596923828,0.9838202447409223,1.0489461994457212,1.1053426130791613,178.9995385909607,177.1463255556421,1.8532130353185892,3.4450601862020873,-1.5918471508834982,45.272036646250484,0.018729440904733354,2300732.1,0.2001106517355932,0.014934611492864026,0.7481213358879341,1.0661970060617618,1.0537648295625082,-0.01667509522500399
2026-07-22,177.9499969482422,178.9499969482422,174.0399932861328,175.13999938964844,529996,NIACL,-0.01667509522500399,-0.02727022259865186,-0.0632724214248459,180.4476676940918,169.96764678955077,161.0665902709961,0.9705861074722156,1.0304313950201471,1.0873763397795513,178.40576332922035,176.99770880260553,1.4080545266148192,3.037659054284634,-1.6296045276698146,34.495349741962826,0.017656587335025963,1941067.1,0.2730436263640757,0.028034736092385635,0.2240336625417208,1.0616589162849157,1.0552632082393907,-0.01187622381125586
2026-07-23,174.5,175.19000244140625,172.0,173.05999755859375,464289,NIACL,-0.01187622381125586,-0.028516907199169328,-0.05494569774504221,179.944580078125,170.15897857666016,160.98627868652343,0.9617405396898188,1.017048873977735,1.074998434466459,177.58333782604703,176.70602648823427,0.8773113378127562,2.6055895109902583,-1.728278173177502,34.268266122316504,0.017307135231354305,1754054.7,0.2646947099198218,0.018432927807745955,0.3322873816129341,1.0575085815824654,1.0569781472369955,0.0008089644725728373
2026-07-24,172.5,175.99000549316406,169.1999969482422,173.1999969482422,560258,NIACL,0.0008089644725728373,-0.009266733257664916,-0.0541811823898658,179.44849243164063,170.3495394897461,160.89565773010253,0.9651794484382267,1.0167329918650452,1.0764740291424135,176.90897769100013,176.44632059638303,0.46265709461710003,2.1770030277156267,-1.7143459330985267,34.10575570829525,0.017314670754394204,1782067.6,0.31438650250978134,0.03920328328268361,0.5891008786714308,1.053413428466839,1.0587578427722528,-0.044053058651632226
2026-07-27,166.80999755859375,169.0,163.88999938964844,165.57000732421875,2134634,NIACL,-0.044053058651632226,-0.06351807428561806,-0.07969736562552876,178.7315818786621,170.43570373535155,160.76653968811036,0.9263612260569678,0.9714514253498895,1.0298785284887464,175.1645207114953,175.64066776140788,-0.4761470499125835,1.6463730121899849,-2.122520062102568,28.784817984111385,0.01940409404109555,1778354.85,1.2003419902388996,0.030863081381310643,0.3287686367721842,1.0486745321637079,1.0601441323922225,-0.01509935307971877
2026-07-28,165.0,166.52000427246094,162.11000061035156,163.07000732421875,602125,NIACL,-0.01509935307971877,-0.08444216065686039,-0.07638269631680261,178.05729141235352,170.4325912475586,160.6393031311035,0.9158288662640245,0.9568006103207956,1.0151314413455308,173.303826344222,174.70950772902353,-1.4056813848015395,1.0359621327916801,-2.44164351759322,30.97401663277644,0.019279146558472234,1670479.65,0.3604503652588644,0.02704362215021752,0.21768841647809448,1.0447373363802221,1.0609644584206297,0.006500260691632009
2026-07-29,164.0,165.1999969482422,161.75999450683594,164.1300048828125,613652,NIACL,0.006500260691632009,-0.06286396337333022,-0.09627091177427882,177.18308334350587,170.4798385620117,160.52083801269532,0.9263299959884584,0.9627531693321644,1.0224841018449689,171.89246919631285,173.9258408515264,-2.033371655213557,0.42209537519063267,-2.45546703040419,25.145061907978345,0.017904906564476943,1056291.1,0.5809497022175042,0.0209590101691789,0.6889560156846046,1.0393198681910758,1.0620417926582761,0.01072317342641016
2026-07-30,164.94000244140625,167.5,162.2100067138672,165.88999938964844,824835,NIACL,0.01072317342641016,-0.04143070767418522,-0.10882173905131409,176.1702423095703,170.50317291259765,160.3938158416748,0.9416459738878192,0.9729437672968468,1.0342668046092185,170.96901230297985,173.33059333583174,-2.3615810328518876,-0.13463990641787138,-2.226941126434016,25.062217089523386,0.01691113753788475,945245.25,0.8726148055226937,0.031888560525625685,0.695651672267332,1.0332373251486509,1.0630283469339106,0.04659711710157133
2026-07-31,166.11000061035156,174.3300018310547,165.60000610351562,173.6199951171875,2405005,NIACL,0.04659711710157133,0.002424931734097191,-0.05795941157194595,175.63614044189453,170.70967193603516,160.31441970825196,0.9885208971249626,1.0170483789708344,1.082996747473806,171.37685581285797,173.35203050482104,-1.9751746919630762,-0.5027468635269123,-1.4724278284361638,40.1866701338012,0.02049494896529394,975230.3,2.466089291934428,0.05028220235605131,0.9186704397085272,1.0288587544571306,1.0648429021338255,0.01059792448120822
2026-08-03,178.49000549316406,178.49000549316406,174.72000122070312,175.4600067138672,1164311,NIACL,0.01059792448120822,0.05973303709700195,-0.04915264300234645,175.18263320922853,170.92202606201172,160.25602645874022,1.001583339053406,1.026550005031002,1.0948730640032525,172.00503287455172,173.50817689067634,-1.5031440161246223,-0.7028262940464544,-0.800317722078168,47.7202871655689,0.02069742922926685,958572.35,1.2146302780379592,0.021486402189696153,0.19628770677254717,1.024927197771872,1.0665559969192022,-0.02103044739661819
2026-08-04,175.4600067138672,176.02999877929688,171.32000732421875,171.77000427246094,617415,NIACL,-0.02103044739661819,0.053351300407711966,-0.06386615614633939,174.59669723510743,171.12881805419923,160.1799765777588,0.9838101578815083,1.003746804457322,1.0723562828658288,171.9688746280762,173.37942336340112,-1.4105487353249089,-0.8443707823021454,-0.5661779530227635,39.62925560623134,0.021109598233638793,921558.75,0.6699681382223326,0.0274203372994458,0.09554092667344836,1.0202647293444747,1.068353371690783,0.06980258448009669
2026-08-05,177.0,189.3699951171875,175.61000061035156,183.75999450683597,33239653,NIACL,0.06980258448009669,0.11960025004592612,0.03233686483684095,174.8845016479492,171.61905059814453,160.16338081359862,1.0507505969668687,1.0707435676073056,1.1473283941271168,173.78289307096233,174.1483545592111,-0.36546148824876923,-0.7485889234914702,0.383127435242701,55.61999854736243,0.025714300257209128,2493195.85,13.332146770579616,0.07488025096955507,0.5922963045105507,1.019027322656917,1.0715248999262712,-0.0262842945985996
2026-08-06,182.0,182.07000732421875,177.0,178.92999267578125,1490286,NIACL,-0.0262842945985996,0.07860626520049596,-0.017515937441979434,174.7250015258789,172.01268310546874,160.13096641540528,1.0240663391797398,1.0402139507705441,1.1173978193050325,174.5747545486268,174.50254997525332,0.07220457337348307,-0.5844302241184796,0.6566347974919626,53.98950398695641,0.025940552282429124,2516786.2,0.5921384978986296,0.02833514520623457,0.3806686168996112,1.015768130415983,1.0741999936429558,-0.010171531548249124
2026-08-07,177.27000427246094,177.85000610351562,176.0399932861328,177.11000061035156,678003,NIACL,-0.010171531548249124,0.02010140301414265,-0.037026955341409984,174.3845016479492,172.43220275878906,160.0925762939453,1.0156292499427768,1.0271283308843775,1.1062973981077089,174.96479240427678,174.69569446674208,0.2690979375346956,-0.41372459178784454,0.6828225293225401,50.30184781497602,0.025902852645721355,2512313.35,0.2698719886991804,0.010219709847807559,0.5911600812672293,1.0113221246259387,1.0770780678935856,0.013833193720281578
2026-08-10,177.75,180.19000244140625,174.8000030517578,179.55999755859375,1020248,NIACL,0.013833193720281578,0.02336709613497656,-0.012429928910931087,174.27150115966796,172.90885528564453,160.05974128723145,1.0303463065603622,1.0384661749218198,1.121831112024407,175.67174704340246,175.05601321428665,0.6157338291158112,-0.20783290760711343,0.8235667367229247,51.38121322111185,0.026012802058730418,2509390.3,0.40657206652946737,0.03001781835004526,0.8831159639790623,1.0078807176866236,1.080276988423685,-0.0010581557361863947
2026-08-11,180.0,180.9900054931641,177.30999755859375,179.3699951171875,828920,NIACL,-0.0010581557361863947,0.04424515722006661,0.012017544335415797,174.37800064086915,173.5342510986328,160.0236750793457,1.0286274326920364,1.0336287734646563,1.1208966112561105,176.24070828552323,175.37556742931633,0.8651408562068923,0.006761845155687729,0.8583790110512046,54.25467486731047,0.025349166884348087,2512225.35,0.3299544764166957,0.020516296118345143,0.5597807383081811,1.0048621499035184,1.0844286072831915,0.0095891245332278
2026-08-12,180.0,187.1000061035156,178.72000122070312,181.08999633789065,2560837,NIACL,0.0095891245332278,-0.014529811976273121,0.0057761358983918765,174.43000030517578,174.2364974975586,160.00146560668946,1.0381814826638927,1.0393344617159106,1.1318021097571715,176.98675260127206,175.79885845958108,1.1878941416909754,0.24298830446274527,0.9449058372282302,58.135767732360414,0.02519284566363015,2598360.0,0.9855589679644083,0.04627536060675853,0.282815481653051,1.001110575627933,1.0889681343661015,-0.0024297446038116233
2026-08-13,180.80999755859372,183.77999877929688,179.72999572753906,180.6499938964844,799452,NIACL,-0.0024297446038116233,0.009612704918732007,0.014090010752418447,174.55550003051758,174.84048065185547,159.9624266052246,1.0349143617067427,1.0332275067133732,1.129327666066952,177.55032818515087,176.15820182527762,1.3921263598732594,0.47281591554484814,0.9193104443284112,57.50251777811039,0.025067667903861043,2610393.75,0.306257245674144,0.022419059997746443,0.2271598705452917,0.9983700535466649,1.0930096796002526,-0.00869079500954395
2026-08-14,181.25,181.3500061035156,176.60000610351562,179.0800018310547,572844,NIACL,-0.00869079500954395,0.011123037738773434,0.024367888847730113,174.76849975585938,175.41663452148438,159.92005043029786,1.024669789356882,1.0208838079670353,1.1198095632736673,177.785662592213,176.37463145533516,1.411031136877824,0.6604589598114434,0.7505721770663807,65.49667397459945,0.024754427632455858,2606313.8,0.21979087859642996,0.026524458071433093,0.5221043636924373,0.9963051693051059,1.0969020710629453,0.025463466115527966
2026-08-17,179.0,184.6000061035156,177.0,183.63999938964844,1932986,NIACL,0.025463466115527966,0.022722220352689115,0.038687761424349265,175.1104995727539,176.1230667114258,159.89144859313964,1.0487092426650908,1.0426800010843498,1.1485292115711543,178.68632979181842,176.9128068578769,1.7735229339415355,0.8830717546374618,0.8904511793040737,72.53012233443198,0.02524700457638389,2675007.5,0.7226095627769268,0.04138535247644964,0.8736834285668428,0.9942507977087921,1.1015164867233718,0.002396005461057893
2026-08-18,183.6000061035156,185.8999938964844,182.72999572753903,184.0800018310547,1033947,NIACL,0.002396005461057893,0.02625860981258321,0.03351861883243501,175.40899963378905,176.81132110595703,159.87149368286134,1.0494330519834705,1.0411098151387137,1.1514247949432186,179.51612549016247,177.4437101892234,2.0724153009390704,1.1209404638977836,0.9514748370412869,72.15190345245895,0.02521740700060352,2703684.8,0.3824214272314584,0.01722076345835077,0.4258696792764359,0.9920688253252312,1.1059590239189194,0.00869182327689777
2026-08-19,185.25,189.0,183.25,185.67999267578125,2774754,NIACL,0.00869182327689777,0.025346493073677312,0.06018038896233868,175.9359992980957,177.5456591796875,159.87218452453612,1.0553837384989975,1.0458154456362196,1.1614277569797284,180.46441274948842,178.05380518822767,2.410607561260747,1.3788738833703764,1.0317336778903705,72.05259880724975,0.024866975544892114,2815922.7,0.985380031916359,0.03096725671483715,0.422607421875,0.9909338257604895,1.110547527124326,-0.014002536338238891
2026-08-20,186.9900054931641,186.9900054931641,182.2899932861328,183.0800018310547,801368,NIACL,-0.014002536338238891,0.013451469785062509,0.05789902007289949,176.43699951171874,178.29266479492188,159.88010879516602,1.0376508461247933,1.0268510038909304,1.1451080638530946,180.8668110697294,178.42611605065932,2.440695019070091,1.5912381105103195,0.8494569085597716,61.902381317148375,0.024939334369248556,2832776.65,0.2828913461991435,0.025671903867296366,0.1680864878903957,0.9895920267648836,1.1151647702676104,0.005735214339394279
2026-08-21,183.0,186.3000030517578,182.1100006103516,184.1300048828125,627621,NIACL,0.005735214339394279,0.02819970404357064,0.0631062824893498,176.98349990844727,178.94422943115234,159.89710166931152,1.0403794985298747,1.0289798417537424,1.1515531110977724,181.3688408871268,178.84862633452252,2.5202145526042727,1.7770333989291103,0.7431811536751625,61.12966064345523,0.02493974758801695,2836144.8,0.22129370827610778,0.022755674416415198,0.48210097743593877,0.9890427898740404,1.1191211570628266,-0.0002715638431098899
2026-08-24,184.0,185.97999572753903,183.3000030517578,184.0800018310547,607918,NIACL,-0.0002715638431098899,0.002396005461057893,0.11179557702494813,177.90899963378905,179.44463104248047,159.91200965881347,1.0346862846172376,1.0258317608147154,1.1511330651387959,181.785942570808,179.23613563056193,2.5498069402460715,1.9315881071925025,0.618218833053569,67.43133538512592,0.022346049348320064,2759809.0,0.22027538862290832,0.014558847507188047,0.29104511603544003,0.991442310646074,1.1221460566053894,0.017438023811104708
2026-08-25,184.25,191.16000366210935,183.1499938964844,187.2899932861328,2389793,NIACL,0.017438023811104708,0.017438023811104708,0.14852508048128943,179.11999893188477,179.98165954589842,159.94629020690917,1.0456118490563129,1.0406059915142112,1.170955531659105,182.6327196039349,179.83271767912274,2.8000019248121646,2.105270870716435,0.6947310540957297,56.65285149321197,0.02194481227957461,2849192.4,0.8387615381818371,0.04276795372290728,0.5168532262488953,0.9952125087845747,1.1252631074660824,-0.001067846416848428
2026-08-26,188.8500061035156,190.3500061035156,186.3300018310547,187.08999633789065,1208594,NIACL,-0.001067846416848428,0.00759372963015692,0.1398890560654733,180.26799850463868,180.44129241943358,159.97242958068847,1.0378436432968796,1.036846909204143,1.1695140020582382,183.31845448608192,180.37029387606853,2.948160610013389,2.273848818575826,0.6743117914375629,68.6301765005895,0.022022109120902474,2878939.5,0.4198052789924901,0.021487008130571823,0.18905315898351602,0.9990396105432892,1.127952440882451,-0.010102086838652102
2026-08-27,188.0,188.0,184.33999633789065,185.1999969482422,615307,NIACL,-0.010102086838652102,0.01157961053083123,0.11640242105998033,181.23349838256837,180.6010836791992,159.99209449768065,1.021886122604668,1.025464483243146,1.157557175119843,183.60792255718349,180.72804965919252,2.879872897990964,2.3950536344588538,0.48481926353211025,68.41148640389376,0.022316865426214038,2868463.1,0.21450755284249604,0.019762439105936957,0.234972609250313,1.0035017215317075,1.1288125469337944,0.006155504365192188
2026-08-28,187.0,191.91000366210935,185.5,186.33999633789065,2336110,NIACL,0.006155504365192188,0.012002342890745421,0.07326345800273515,181.8694984436035,180.31473724365233,160.00506149291994,1.0245808006979984,1.033415233753726,1.1645881361455308,184.0282416003692,181.14374941317016,2.8844921871990437,2.4929413450068916,0.3915508421921521,66.40853725187819,0.02014794215613301,2865018.35,0.8153909380720022,0.03439950514159115,0.13104459563042356,1.0086224854591352,1.1269314580503509,0.02624234992889729
2026-08-31,186.33999633789065,199.9900054931641,186.33999633789065,191.22999572753903,26274670,NIACL,0.02624234992889729,0.03884177436637848,0.08987796882618881,182.65799789428712,179.9317919921875,160.04619789123535,1.046929222547446,1.0627915923598543,1.1948424782792757,185.13620377377993,181.89087876979008,3.245325003989848,2.6434180768034827,0.6019069271863651,73.38330953657382,0.02072407905619838,4120536.3,6.376517056772441,0.07138006306668394,0.3582414732490649,1.0151513296895192,1.1242490878444114,-0.028551961392382252
2026-09-01,192.07000732421875,193.1499938964844,184.3699951171875,185.7700042724609,1574693,NIACL,-0.028551961392382252,-0.008115697945216604,0.08150433516781685,183.3579978942871,179.77706756591797,160.08230087280273,1.0131546286819975,1.033335379131966,1.1604656058764982,185.23371154280778,182.17822139961754,3.055490143190241,2.725832490080834,0.32965765310940665,58.0412617095634,0.021272963541874718,4168400.2,0.3777691499007221,0.04726273659562205,0.15945436787242023,1.0199187269925634,1.1230290081147958,0.07180920509817867
2026-09-02,185.4499969482422,201.3999938964844,182.41000366210935,199.1100006103516,24334669,NIACL,0.07180920509817867,0.06424717787022893,0.08353290467117747,184.1254981994629,180.0198666381836,160.1807398223877,1.0813820060633645,1.1060445956808571,1.2430333436537353,187.36852524550685,183.4324272670793,3.93609797842754,2.9678855877501755,0.9682123906773645,71.97622242107107,0.02160117232598697,3723151.0,6.536041380003121,0.09537436681313424,0.8794105074373582,1.0228065470658918,1.1238546334459063,-0.01898447475119125
2026-09-03,198.6999969482422,203.82000732421875,192.8699951171875,195.3300018310547,6906382,NIACL,-0.01898447475119125,0.05469765145646055,0.0916560097612591,184.94549865722655,180.2640316772461,160.25536918640137,1.0561489911850979,1.083577239528202,1.2188671295241047,188.5933677971296,184.31372908663303,4.279638710496556,3.230236212299452,1.0494024981971042,68.37821121689379,0.02111452168069023,3993955.8,1.7292084203836207,0.056059039084544536,0.22465789693709762,1.0259700559031233,1.124854865034641,0.16792096833197845
2026-09-04,196.4900054931641,234.38999938964844,196.4900054931641,228.1300048828125,64720310,NIACL,0.16792096833197845,0.22426751833322967,0.28806958442006225,187.49649887084962,181.16419677734376,160.51036376953124,1.2167160787356988,1.2592444254489816,1.421278972430546,194.67592734877311,187.5593791456093,7.116548203163802,4.0074986104723225,3.1090495926914796,80.70395176493406,0.04188952745033362,7196071.15,8.993839645401504,0.1661333147121664,0.8348286143809479,1.0349533859678048,1.1286760089676722,
