trade_date,open,high,low,close,volume,symbol,return_1d,return_5d,return_20d,sma_20,sma_50,sma_200,price_sma20,price_sma50,price_sma200,ema_12,ema_26,macd,macd_signal,macd_histogram,rsi_14,volatility_20,volume_sma20,volume_ratio,daily_range,close_position,sma20_sma50,sma50_sma200,future_return_1d
2022-06-23,5200.990211270567,5268.924938254701,5133.965472674993,5184.0302734375,296712,ULTRACEMCO,6.461817628289346e-05,0.019801071008332727,-0.07898040890138713,5353.860595703125,5806.69025390625,6666.208596191406,0.96827890468386,0.8927685216117948,0.7776579743393094,5221.2638872671905,5415.4784864737,-194.21459920650977,-208.43618092971352,14.221581723203741,36.66250589695464,0.020275250753625896,586811.25,0.5056344778666053,0.026033695495805306,0.37096175912861873,0.9220158750678151,0.8710633893490487,0.010720272802949626
2022-06-24,5222.070022192898,5279.560701336306,5207.889175148329,5239.6044921875,265862,ULTRACEMCO,0.010720272802949626,0.056206861898131066,-0.08064907192823878,5330.878662109375,5781.638681640625,6654.415576171875,0.9828782128224696,0.9062490378075105,0.7873876273897698,5224.085518793392,5402.450783193241,-178.36526439984846,-202.42199762374054,24.05673322389208,44.15607747395662,0.02020086815254889,585573.05,0.45402021148343485,0.013678804630166807,0.44250930217377427,0.9220359409586384,0.8688424423541432,0.016815289948195478
2022-06-27,5279.561509782047,5348.5503353182185,5258.529312630672,5327.7099609375,226613,ULTRACEMCO,0.016815289948195478,0.04255348423636085,-0.08887934535156572,5304.892895507813,5759.221162109375,6642.954094238281,1.0043011359284952,0.9250747298938891,0.8020091491462287,5240.027740661717,5396.914425989112,-156.88668532739484,-193.31493516447142,36.42824983707658,50.24442484441656,0.019577748610693727,580375.6,0.39045921296484554,0.016896757396250104,0.7684943609999488,0.9211128981136124,0.8669668765443667,0.002248067343955551
2022-06-28,5327.470240932439,5351.424693454617,5250.815992861469,5339.68701171875,278114,ULTRACEMCO,0.002248067343955551,0.028391530002999987,-0.08382102417674264,5280.466552734375,5738.7765234375,6631.199645996094,1.0112150050365738,0.930457387547878,0.8052369551175922,5255.359936208953,5392.675358265382,-137.31542205642927,-182.115032542863,44.79961048643372,52.0005822776228,0.01963421985234453,572707.8,0.48561238383692346,0.01884168498497151,0.8833333333333344,0.9201380348526623,0.8654205618590541,0.008173612264954055
2022-06-29,5310.22274500929,5411.789618154541,5290.196917366877,5383.33154296875,490615,ULTRACEMCO,0.008173612264954055,0.038512338869019835,-0.05980108489380587,5263.3462890625,5720.237685546875,6619.823195800781,1.022796382247466,0.9411027721051918,0.8132137949520484,5275.047875710459,5391.983223798965,-116.93534808850563,-169.0790956519915,52.143747563485874,56.7007413586184,0.019553508271271024,583807.1,0.8403717597816128,0.02258688691512572,0.7659557275934922,0.9201272007212591,0.8641073207476977,-0.001957811941754928
2022-06-30,5393.5846445629695,5412.748206988135,5303.515901164689,5372.7919921875,572821,ULTRACEMCO,-0.001957811941754928,0.036412155946927705,-0.06667112261023522,5244.1563720703125,5697.244296875,6608.649165039063,1.0245293257848458,0.9430510106674791,0.8129939807684953,5290.085432091542,5390.561651087004,-100.47621899546175,-155.35852032068556,54.88230132522381,54.814187983646505,0.019458496991393473,596443.45,0.9603944850094339,0.020330641123326415,0.6342088130482464,0.9204724422554231,0.8620890827454486,0.015051877233725586
2022-07-01,5365.7974768290105,5461.375744385027,5255.606992929844,5453.66259765625,329610,ULTRACEMCO,0.015051877233725586,0.040853867078692874,0.0022628555717199017,5244.772021484375,5675.114228515625,6597.856489257812,1.0398283424553418,0.9609784716320507,0.8265809670967439,5315.251149870728,5395.235795277319,-79.98464540659097,-140.28374533786663,60.29909993127566,68.05686346023589,0.015616177737910812,502099.95,0.6564629213765107,0.037730378029549184,0.9625154612922012,0.9241703004198719,0.8601451452839972,0.003048141475307631
2022-07-04,5442.355336617145,5504.732820373081,5396.554613610931,5470.2861328125,165959,ULTRACEMCO,0.003048141475307631,0.02676124881428632,0.022879684238061415,5250.889965820313,5655.278984375,6587.568530273437,1.0417826632095333,0.96728846586108,0.8303953283633527,5339.102685707924,5400.795079539184,-61.69239383126023,-124.56547503654537,62.87308120528513,66.04313929435142,0.015075682752000864,460411.8,0.3604577467388977,0.019775602982312703,0.6815746110830019,0.9284935332683011,0.8584774425322388,0.003661025215595748
2022-07-05,5471.6762364232345,5521.98058847861,5461.950821931279,5490.31298828125,307970,ULTRACEMCO,0.003661025215595748,0.02820876508902659,0.03145706360010414,5259.262060546875,5638.700595703125,6577.551259765625,1.0439321952537102,0.9736840775807548,0.8347047056653244,5362.365809180744,5407.426035742301,-45.0602265615571,-108.66442534154771,63.60419877999061,65.86155861587923,0.015018439669902439,415611.45,0.7410046089923653,0.010933760365840862,0.472468376627925,0.9327081605564596,0.8572644093546823,0.017120441445119816
2022-07-06,5509.523958335253,5600.4549645277,5488.68358510155,5584.3095703125,371948,ULTRACEMCO,0.017120441445119816,0.037333392108507724,0.0535444094788049,5273.452661132813,5622.7536328125,6568.269387207031,1.058947511081461,0.9931627695235208,0.8501949663010195,5396.511003201014,5420.528519784538,-24.017516583523502,-91.73504358994288,67.71752700641937,81.93262349537095,0.015334070614194424,403950.1,0.9207770959828949,0.020015254888509904,0.8555498348674504,0.9378772404963142,0.8560479635265713,0.0018530750132950136
2022-07-07,5610.132195988197,5626.373500249673,5529.884788402542,5594.65771484375,261593,ULTRACEMCO,0.0018530750132950136,0.04129430712725557,0.06511435200222215,5290.553759765625,5609.15515625,6559.296049804688,1.057480552865906,0.9974153966145692,0.8529356919345543,5426.995112684512,5433.426978677813,-6.4318659933014715,-74.6744080706146,68.24254207731313,97.15601902235112,0.015086134728607254,398264.05,0.6568330734345719,0.0172465799991888,0.671300561498105,0.9431997533301654,0.8551459049354878,4.293995937643125e-05
2022-07-08,5606.300175264793,5709.73569037338,5562.798982226549,5594.89794921875,410980,ULTRACEMCO,4.293995937643125e-05,0.0258973394546258,0.05952590765707333,5306.270288085938,5594.2487890625,6550.974755859375,1.054393697543237,1.0001160406304272,0.8540557944013624,5452.826318305163,5445.387791310475,7.438526994687891,-58.25182105755411,65.690348052242,96.34430933902102,0.015094515454881666,394138.6,1.042729638761593,0.0262626252490179,0.2184543766975176,0.9485224000871041,0.8539567007274523,0.0025945269088021305
2022-07-11,5576.596463039672,5623.547189274886,5538.844340006293,5609.4140625,189671,ULTRACEMCO,0.0025945269088021305,0.025433391656236592,0.09299591252059591,5330.133715820312,5579.37787109375,6542.646030273438,1.0523964991442445,1.0053834302139428,0.8573616907509155,5476.916740488985,5457.537885472662,19.378855016322632,-42.725685842778766,62.1045408591014,95.80239844564252,0.013207209666336334,381554.45,0.4971007414538082,0.015100124242003613,0.8331446120534918,0.9553276080179567,0.852770858346523,-0.012879523819471994
2022-07-12,5579.566860426731,5592.454074861567,5490.3603877792175,5537.16748046875,171919,ULTRACEMCO,-0.012879523819471994,0.008534029350878214,0.06451943272035554,5346.913818359375,5562.127802734375,6533.7984545898435,1.0355819578494256,0.99551245078307,0.8474653019912203,5486.186085101256,5463.436373990891,22.749711110364842,-29.630606452150044,52.38031756251489,84.05028019676332,0.013576191557934622,359605.1,0.4780772019084268,0.018437890391154833,0.45847195871942054,0.9613072565018733,0.851285487514098,0.003478270377938797
2022-07-13,5540.185939669508,5638.878286917166,5529.023258043191,5556.42724609375,263686,ULTRACEMCO,0.003478270377938797,-0.0049929760998528305,0.06321802674105359,5363.432836914062,5548.27255859375,6525.075441894532,1.0359833739040034,1.0014697705301752,0.8515498856026195,5496.99241756164,5470.324586739252,26.66783082238817,-18.370918997242402,45.03874981963057,84.61136308146685,0.013571884532773863,358451.45,0.7356254243078107,0.019770803073360665,0.2494559268833879,0.9666851763810002,0.8503001395157554,-0.011019315943854746
2022-07-14,5557.433074547937,5607.210614833957,5444.607601353451,5495.19921875,285686,ULTRACEMCO,-0.011019315943854746,-0.01777740501083147,0.08101414403381124,5384.024096679687,5536.37869140625,6516.5167578125,1.020649075872241,0.9925620202389388,0.8432724756154327,5496.716540821388,5472.167152073382,24.549388748006095,-9.786857448192702,34.3362461961988,73.50845204519733,0.012052033206982145,336124.1,0.8499420303393896,0.02959001248320411,0.31113579209658443,0.9724811825168223,0.8495917216462023,0.012554282111303161
2022-07-15,5480.778290261753,5588.094228812332,5462.572907829065,5564.1875,255753,ULTRACEMCO,0.012554282111303161,-0.005489009718763205,0.1216367623072685,5414.1947265625,5528.84453125,6507.817219238281,1.027703616329428,1.0063924692673551,0.8550005804636398,5507.096688387328,5478.983474142021,28.113214245307063,-2.206843109492749,30.32005735479981,72.54288820951268,0.010201154533070071,307944.15,0.8305174818225967,0.022558787061591163,0.8095404937977086,0.9792633335881523,0.8495697320609649,0.03019607113572298
2022-07-18,5588.094220718244,5740.444526118485,5568.355659905637,5732.2041015625,512929,ULTRACEMCO,0.03019607113572298,0.021889993802271634,0.12170696270153991,5445.2923828125,5524.20310546875,6500.123527832031,1.052689864672025,1.0376526699186415,0.8818607949554379,5541.728598106585,5497.740557654649,43.988040451936286,7.032133602793058,36.955906849143226,78.83842018371925,0.010209253555947328,308283.5,1.66382242319164,0.030021412909205174,0.9521152952115304,0.9857154559400375,0.8498612498386201,0.017292564947527067
2022-07-19,5744.182123013022,5841.006306210707,5732.44444062413,5831.32861328125,555572,ULTRACEMCO,0.017292564947527067,0.053124839342514774,0.12307873877279651,5477.245288085937,5518.825830078125,6493.518332519531,1.0646462421475833,1.0566248678296668,0.8980229691626439,5586.282446594994,5522.450783997359,63.83166259763493,18.392039401761433,45.439623195873494,80.43353368095636,0.010278406656841509,321441.7,1.7283756276799183,0.01861700356576035,0.9108555027387631,0.9924656904797448,0.8498976282918695,0.0005174769465277063
2022-07-20,5855.42610866868,5888.004162619708,5822.848054717651,5834.34619140625,371187,ULTRACEMCO,0.0005174769465277063,0.05001756218582387,0.1255187351265159,5509.77783203125,5514.011953125,6487.256162109375,1.0589077035898096,1.0580945853952501,0.899354988551766,5624.44609964288,5545.554147509129,78.89195213375115,30.492021948159376,48.39993018559177,81.67824527890883,0.010206052320070302,329260.0,1.1273370588592602,0.011167679421908301,0.17647058823529987,0.9992321160835804,0.8499759860464771,0.006848420264528254
2022-07-21,5868.840444168907,5891.980350062414,5783.562599347514,5874.30224609375,328612,ULTRACEMCO,0.006848420264528254,0.06898804069745545,0.1331535381251805,5544.291430664062,5512.962744140625,6480.7748046875,1.05952263144114,1.0655436139736605,0.9064197450349466,5662.885506789167,5569.905858515396,92.97964827377109,42.989547213281725,49.990101060489366,80.58802058256674,0.010111443064832666,330855.0,0.9932205951247526,0.018456277217774174,0.836944560719111,1.0056827314054924,0.8506641428356894,0.05350128435300361
2022-07-22,5874.589816546207,6223.366638145101,5843.975839704016,6188.5849609375,1441549,ULTRACEMCO,0.05350128435300361,0.1122171855167533,0.18111681333294816,5591.740454101562,5517.986484375,6475.711313476562,1.1067368043518813,1.1215295612740988,0.9556610326433908,5743.762345888911,5615.733940176293,128.02840571261822,59.99731891314903,68.0310867994692,86.45268977712227,0.01461426335162342,389639.35,3.6997007617428785,0.06130493494648766,0.9083222962957486,1.0133661019169595,0.8521050765329136,-0.011736262785991936
2022-07-25,6083.471961789997,6177.181580577986,5998.241843790416,6115.9541015625,919050,ULTRACEMCO,-0.011736262785991936,0.06694632521814703,0.14795177410263816,5631.152661132813,5525.07890625,6470.531879882812,1.086092753935774,1.1069442093657882,0.9452011388085868,5801.0226159925405,5652.78728546416,148.23533052838047,77.64492123619533,70.59040929218514,80.14115127538142,0.015139885468404156,424261.2,2.1662362714290158,0.029257861294585994,0.6578318482262389,1.0191985954739617,0.853883267838882,0.0026243318216938594
2022-07-26,6122.278980371775,6191.794614500949,6043.421109751697,6132.00439453125,549442,ULTRACEMCO,0.0026243318216938594,0.05156213981239022,0.1483827387398624,5670.768530273437,5530.67275390625,6465.916577148438,1.081335688768727,1.108726671669425,0.9483581053616922,5851.94288961388,5688.28484909876,163.65804051511986,94.84754509198024,68.81049542313963,78.52857259852678,0.015133863856180044,437827.6,1.2549277386807045,0.024196575084254164,0.5970289973891002,1.0253306934980448,0.8553578890040918,0.02120430677768459
2022-07-27,6123.045283697747,6277.02469046607,6099.665831788622,6262.029296875,424070,ULTRACEMCO,0.02120430677768459,0.07330437574971294,0.1632256432457575,5714.70341796875,5536.452490234375,6461.991643066406,1.0957750278317668,1.131054462748566,0.9690556167143977,5915.033106115591,5730.784437822926,184.24866829266557,112.72776973211731,71.52089856054826,80.90878047567034,0.015461803302660239,434500.35,0.9759946108213723,0.02832290464785221,0.9154516797024438,1.0321958741719157,0.856771843116647,-0.00980815361933074
2022-07-28,6285.6486623527135,6285.6486623527135,6175.458175131591,6200.6103515625,462464,ULTRACEMCO,-0.00980815361933074,0.05554840248230941,0.15407601123935533,5756.0943359375,5544.092060546875,6457.849921875,1.077225283270588,1.1184176387848195,0.9601663752759042,5958.968066953577,5765.5863573591905,193.38170959438685,128.85855770457124,64.52315188981561,76.5486057101913,0.01581547799452019,428982.5,1.0780486383477181,0.01777090979331664,0.2282608695652236,1.0382393136829897,0.8585043207286519,0.011365517349996246
2022-07-29,6266.197162341389,6302.176560869159,6218.5755262519815,6271.08349609375,360851,ULTRACEMCO,0.011365517349996246,0.013330759079334342,0.14988475795858602,5796.965380859375,5552.066962890625,6454.086916503907,1.0817872945730942,1.1295042977703527,0.9716453430550812,6006.985825282834,5803.030589858047,203.95523542478713,143.87789324861444,60.07734217617269,77.6451632251123,0.015741779220666798,430544.55,0.8381269719939551,0.013331194628368907,0.6280779906876827,1.0441094135941844,0.8602405010526425,0.017242771435327597
2022-08-01,6312.429622389111,6385.29887999641,6285.696079020372,6379.21435546875,414339,ULTRACEMCO,0.017242771435327597,0.04304483806361348,0.1661573454456453,5842.411791992187,5566.27388671875,6451.248315429688,1.0918803026196002,1.1460475149614346,0.9888341052089638,6064.251753003744,5845.710868792174,218.5408842115703,158.8104914412056,59.73039277036469,84.15727488442661,0.015867876183487267,442963.55,0.9353794460063362,0.015613646983135221,0.9389121142373956,1.0496091121086062,0.8628212114244135,0.004781229565534506
2022-08-02,6387.116864459717,6450.864105362395,6355.459930514639,6409.71484375,274658,ULTRACEMCO,0.004781229565534506,0.04528869050818396,0.16745891489814135,5888.381884765625,5582.015458984375,6448.08193359375,1.088535860816562,1.1482796654447498,0.994049844552399,6117.39992081086,5887.488941011272,229.91097979958795,173.03058911288207,56.88039068670588,84.30044700636847,0.015854347319703883,441297.95,0.6223867570651529,0.014884308767773443,0.5686848958333285,1.054884553443532,0.865686186446039,-0.007306795044387582
2022-08-03,6422.917354849349,6451.827710535093,6277.449893605455,6362.88037109375,266360,ULTRACEMCO,-0.007306795044387582,0.016105174447056392,0.13942113899277997,5927.3104248046875,5598.27388671875,6444.465305175781,1.0734852597674458,1.136578970562505,0.9873403098288841,6155.166143931305,5922.703121017382,232.46302291392294,184.91707587309025,47.54594704083269,85.2873788728999,0.016045478779821928,436018.55,0.6108914402839054,0.02740548411405426,0.48991597092172906,1.0587746410311467,0.8686948601030678,-0.0022189089720892063
2022-08-04,6406.53443090539,6442.5279156575625,6312.093941400467,6348.76171875,275815,ULTRACEMCO,-0.0022189089720892063,0.023893029683790257,0.13479001618016073,5965.015625,5612.677568359375,6440.7598803710935,1.0643327893629784,1.1311467016277914,0.9857162565706776,6184.9500785187965,5954.263017145724,230.68706137307254,194.07107297308673,36.61598839998581,83.3980727819949,0.016135364405754114,436729.65,0.6315463124612675,0.02054478968266847,0.28112136855738196,1.0627753959405895,0.8714309604158063,0.028407591170276136
2022-08-05,6348.761938805148,6552.05010612146,6348.761938805148,6529.11474609375,741250,ULTRACEMCO,0.028407591170276136,0.04114619908357575,0.16697655709796289,6011.72646484375,5629.275,6439.054291992187,1.0860631774043044,1.1598500243981242,1.0139865964810337,6237.898488914943,5996.84462669743,241.0538622175136,203.4676308219721,37.58623139554149,83.57062783728024,0.016775181074634632,453243.15,1.6354356375821675,0.031135640162846815,0.8871780865040558,1.067939737327409,0.8742394060880563,-0.014368632927017733
2022-08-08,6509.647991987854,6529.114485082418,6405.570718392785,6435.30029296875,313912,ULTRACEMCO,-0.014368632927017733,0.008791981954943795,0.14723217456702953,6053.020776367188,5641.0325,6437.073664550781,1.063155163467156,1.1408018466422147,0.9997245065577239,6268.267997230913,6029.322824199008,238.94517303190514,210.56313926395873,28.38203376794641,75.55722686193403,0.01747098741170416,459455.2,0.6832265692063122,0.019197824664781694,0.24064002071955315,1.0730341965530579,0.8763349301197824,-0.012309348726942893
2022-08-10,6480.111547362737,6497.216840557656,6341.534298193968,6356.0859375,271291,ULTRACEMCO,-0.012309348726942893,-0.008366816240240826,0.1478948324969076,6093.96669921875,5651.58994140625,6434.6998364257815,1.0430129095249001,1.1246544783676318,0.9877828180141736,6281.778449580003,6053.527499258341,228.25095032166246,214.10070147549948,14.150248846162981,70.7401180365849,0.01743721560623442,464423.8,0.5841453431111843,0.024493460896301385,0.09346994907134631,1.0782747443460887,0.8782989238151444,0.00021986186959099818
2022-08-11,6389.28478829711,6413.232292649103,6334.836954143535,6357.4833984375,303393,ULTRACEMCO,0.00021986186959099818,-0.000848196467871376,0.14416748692370707,6134.019506835937,5664.224873046875,6432.234304199219,1.0364302544771056,1.122392479276288,0.9883787029161984,6293.425364788849,6076.04275104939,217.38261373945898,214.7570839282914,2.6255298111675813,69.81477469280296,0.01748761416120152,466409.15,0.6504868097034545,0.012331190440046741,0.2888748837069754,1.0829406749058592,0.880599898133226,-0.005729744858075869
2022-08-12,6355.460153708885,6370.059789899678,6278.365868296191,6321.056640625,269932,ULTRACEMCO,-0.005729744858075869,-0.004363855402413019,0.1502870758638044,6175.3123779296875,5675.51419921875,6429.58568359375,1.023601115826334,1.1137416661727515,0.9831203675773881,6297.676330302103,6094.191928054991,203.48440224711248,212.50254759205563,-9.01814534494315,57.03597162602621,0.01724060708162108,465621.45,0.5797241514539332,0.014506106623721182,0.4655790872749097,1.0880621845294187,0.8827184951747125,0.014742392814690142
2022-08-16,6352.665178155813,6436.408746279203,6321.778999688248,6414.244140625,270299,ULTRACEMCO,0.014742392814690142,-0.017593595753157,0.15277282453637664,6217.815209960938,5694.97208984375,6426.831442871094,1.0315913104573102,1.1262994865354967,0.9980414450949922,6315.609839582549,6117.899499356474,197.71034022607546,209.54410611885962,-11.833765892784157,65.50452168051393,0.017283503072896417,466348.75,0.5796070001259787,0.017871123093824933,0.8066417634744026,1.0918078459154543,0.8861243896727442,-0.0069335734402161675
2022-08-17,6466.282816697647,6479.53339624006,6354.5441049924375,6369.7705078125,341063,ULTRACEMCO,-0.0069335734402161675,-0.010182863607444692,0.11122534978756438,6249.693530273437,5715.408955078125,6423.44712890625,1.0192132585313842,1.1144907666061197,0.9916436424218081,6323.942250079464,6136.556611093957,187.38563898550728,205.11241269218914,-17.726773706681854,62.003919586841036,0.016675101646827655,457755.45,0.7450768745626076,0.019622259717885226,0.12182165902434566,1.0934814252828928,0.8897728650023642,0.01423632590766477
2022-08-18,6369.047637331253,6466.523623020622,6369.047637331253,6460.45263671875,300992,ULTRACEMCO,0.01423632590766477,0.016419963519215708,0.10788690968377712,6281.149731445313,5738.1605859375,6420.073308105469,1.028546191850163,1.1258751894381223,1.00628954323034,6344.94384802397,6160.548909288386,184.3949387355833,200.96891790086798,-16.57397916528467,60.43206837189076,0.016574242220567668,445026.45,0.6763463160448103,0.015088104684082426,0.9377181337645704,1.0946277360794876,0.8937842779291881,-0.008412965090261126
2022-08-19,6480.738165172172,6536.535058388362,6366.060419201095,6406.10107421875,641293,ULTRACEMCO,-0.008412965090261126,0.007647314626601842,0.09799810708090506,6309.737475585937,5760.27265625,6415.520336914063,1.0152722041139857,1.1121176820107663,0.9985318006645361,6354.352652053936,6178.737958542488,175.61469351144842,195.89807302298408,-20.283379511535657,60.88452106245154,0.016827213128951884,458531.75,1.3985792695925636,0.02661129401678335,0.23487748798617572,1.0953886824679657,0.8978652320850963,-0.027085157086349954
2022-08-22,6413.280542586732,6424.700227143694,6210.956049347072,6232.5908203125,345960,ULTRACEMCO,-0.027085157086349954,-0.013995416485265477,0.060992533105868274,6327.651904296875,5779.8717578125,6409.433642578125,0.9849768784025837,1.0783268351738207,0.9724089783704365,6335.620062555254,6182.727059414341,152.8930031409127,187.2970590465698,-34.40405590565712,48.161755618639084,0.01826129966781271,459399.15,0.7530706140836351,0.03429459497004254,0.10121805977804822,1.0947737544079512,0.9017757387199673,0.004313812865931466
2022-08-23,6210.907749918268,6341.004343593824,6172.4570730078285,6259.47705078125,379309,ULTRACEMCO,0.004313812865931466,-0.02412865591808755,0.011455298794671664,6331.196508789062,5799.449951171875,6403.777211914063,0.9886720530774475,1.0793225398068,0.9774663989146365,6323.905753051561,6188.412243960039,135.49350909152236,176.93634905556033,-41.44283996403797,43.800818865661746,0.013913806662392655,406287.15,0.9335983183322435,0.02692673353039279,0.5162941972947728,1.0916891363998649,0.9056295619376244,0.0019937736599244804
2022-08-24,6217.750115869885,6296.386375223866,6217.750115869885,6271.95703125,223101,ULTRACEMCO,0.0019937736599244804,-0.0153558870672863,0.02550753767881364,6338.996655273438,5822.246181640625,6397.347170410157,0.9894242531319737,1.077240095244934,0.9803996663272978,6315.913642005167,6194.600746722259,121.31289528290836,165.81165830102995,-44.49876301812159,42.73222624773822,0.013605209838876413,371489.7,0.6005577005230562,0.012537754796816342,0.689337410317329,1.088754487101952,0.9101032078687923,-0.005116478297182203
2022-08-25,6292.821024542674,6366.06059542556,6220.159754907572,6239.86669921875,470687,ULTRACEMCO,-0.005116478297182203,-0.03414403756267381,0.017590056651573205,6344.3897705078125,5843.01220703125,6390.790456542969,0.983525118243059,1.067919504208795,0.9763841799616977,6304.214112345719,6197.9537802405175,106.26033210520109,153.90139306186418,-47.6410609566631,43.407530841195836,0.013676903993025374,367551.95,1.2805999260784768,0.023382044449163426,0.13507080727713927,1.0858080636684662,0.9142863072672182,0.0065017915374825375
2022-08-26,6271.089612939418,6331.3675126841945,6235.963344684844,6280.43701171875,415698,ULTRACEMCO,0.0065017915374825375,-0.01961630967793082,0.0029395766086459663,6345.31015625,5864.100009765625,6382.840031738281,0.9897762059010857,1.070997595753788,0.9839565115982324,6300.556096864647,6204.063649238906,96.49244762574108,142.41960397463959,-45.92715634889851,46.439336993855754,0.012904902904314144,367133.35,1.1322806822098836,0.015190689409245688,0.4661606297348442,1.082060358057162,0.9187289640045414,-0.0016648610069633918
2022-08-29,6169.469482177055,6341.00424753593,6169.469482177055,6269.98095703125,366457,ULTRACEMCO,-0.0016648610069633918,0.005999132270466445,0.011187705973375595,6348.7786865234375,5887.8321484375,6375.067526855469,0.987588521606612,1.0649048408581354,0.9835160067902758,6295.852229197971,6208.94641277908,86.90581641889094,131.31684646348987,-44.41103004459893,33.58959294487255,0.012698473043927001,362333.0,1.0113817951994437,0.02735809989446819,0.5859539589185366,1.0782879889346475,0.9235717305949386,0.026366800325303696
2022-08-30,6301.34898713806,6447.008892138971,6288.001946368727,6435.30029296875,467147,ULTRACEMCO,0.026366800325303696,0.028089126417606414,0.026186351525584017,6356.989526367188,5917.32265625,6368.405236816407,1.0123188446790339,1.0875358108403386,1.0105042084579694,6317.305777470398,6225.713366867203,91.59241060319528,123.37195929143095,-31.77954868823568,50.0,0.013764112102354993,367647.8,1.2706372783952469,0.024708551043682588,0.9263642282196974,1.0743016556064933,0.9291686750776079,-0.006791079627861296
2022-09-01,6388.224781497362,6514.466665096117,6365.096497479269,6391.59765625,386222,ULTRACEMCO,-0.006791079627861296,0.01907548543523041,0.0019411952775398866,6357.60869140625,5942.94958984375,6361.793444824219,1.0053461869853195,1.0754924906603567,1.0046848756854923,6328.735297282645,6238.00109200667,90.734205275975,116.84440848833977,-26.110203212364766,52.15083273495973,0.013349485522496603,366241.95,1.0545542366187162,0.023369770071616974,0.17741935483871057,1.0697732826593607,0.9341626133238845,-0.008292594831226796
2022-09-02,6398.824627042949,6424.506562498594,6307.275178312666,6338.5947265625,268505,ULTRACEMCO,-0.008292594831226796,0.015822137251122914,-0.011095675692476048,6354.052685546875,5965.87607421875,6354.772431640625,0.9975672283896014,1.062475091287001,0.9974542432082106,6330.252132556469,6245.452472344139,84.79966021233031,110.43545883313789,-25.635798620807577,48.92328023772226,0.013432223340011441,365934.3,0.7337519330655804,0.018494854024135372,0.2671600993822744,1.0650661539896231,0.9388024730066576,-0.008445363773916692
2022-09-05,6336.185942917824,6379.407016424748,6260.440721034706,6285.06298828125,385312,ULTRACEMCO,-0.008445363773916692,0.0007365692154650549,-0.012229898768177483,6350.16181640625,5987.903427734375,6347.627250976562,0.9897484772818212,1.0496266454750274,0.9901436772794611,6323.299956514128,6248.386584635778,74.91337187835052,103.33104144218042,-28.417669563829904,47.98748288889508,0.013465085955479138,371881.9,1.0361138845423774,0.01892841736222197,0.20696842887994,1.0604983685932525,0.9433294034102515,-0.004055529413154013
2022-09-06,6302.457423949754,6317.876280032811,6221.556425220504,6259.57373046875,341220,ULTRACEMCO,-0.004055529413154013,-0.0016598497880331298,-0.01404809193229728,6345.702416992188,6009.414296875,6341.16140625,0.9864272414834949,1.04162792266192,0.9871336383740626,6313.495921737916,6249.215262104887,64.28065963302925,95.5209650803502,-31.24030544732095,40.64357351011687,0.013483465599340338,375152.15,0.9095509648551927,0.015387606083057411,0.3946985314951731,1.0559602156722767,0.9476835412124943,0.04238312453728099
2022-09-07,6225.362941941491,6551.086266148337,6197.4162661959335,6524.8740234375,918604,ULTRACEMCO,0.04238312453728099,0.013919122090793268,-0.0006495095922134375,6345.490380859375,6035.1196875,6336.140400390625,1.0282694688371476,1.0811507246412833,1.0297868435862374,6346.015629691699,6269.634429611006,76.3812000806929,91.69301208041874,-15.311811999725833,57.404406485720415,0.015306013705071352,384019.85,2.392074263869433,0.05420334533387351,0.9258850263964582,1.0514274296833281,0.9524914705374794,0.021984081050415494
2022-09-08,6595.415203377666,6686.96465462268,6533.739783591551,6668.3173828125,879685,ULTRACEMCO,0.021984081050415494,0.043294296894910156,0.03620920224940338,6357.1412353515625,6061.9318359375,6332.267788085937,1.0489490693915233,1.1000317329997196,1.0530693909311344,6395.600514787207,6299.166500218525,96.43401456868287,92.64121257807157,3.792801990611295,59.4472443216493,0.015654710599748975,412308.5,2.1335601861227698,0.022978041121147697,0.8783012726022005,1.048698897876737,0.9573081933368216,-0.019654069053507306
2022-09-09,6678.292260479532,6773.69643562924,6518.466081031118,6537.2578125,567059,ULTRACEMCO,-0.019654069053507306,0.031341818574546654,0.028503685567105252,6366.1998291015625,6085.883251953125,6328.2855615234375,1.0268697163127816,1.0741674695126655,1.0330219376077359,6417.39394520456,6316.802893720856,100.59105148370327,94.23118035919792,6.3598711245053465,55.57240081936027,0.016085683064309284,427096.9,1.3277057267332073,0.039042418383759006,0.07362655393583942,1.0460601305584487,0.9616954217356845,0.012670163450127836
2022-09-12,6537.257581958927,6649.381669878351,6495.193109417404,6620.0859375,488043,ULTRACEMCO,0.012670163450127836,0.053304628743325866,0.04130605187691727,6379.3299560546875,6110.61833984375,6324.6975927734375,1.0377400108011043,1.0833741479703145,1.0467039475632909,6448.5773286346275,6339.268304371164,109.30902426346347,97.24674914005104,12.062275123412434,67.83784439881032,0.01627222397924483,436329.4,1.118519632186142,0.023291020980186025,0.810000610351562,1.0439745376435683,0.9661518594700411,0.0038866535437251937
2022-09-13,6648.418038163298,6716.453835054717,6606.016183738137,6645.81591796875,412295,ULTRACEMCO,0.0038866535437251937,0.06170423165078298,0.05137737182365121,6395.567919921875,6136.078818359375,6321.624658203125,1.0391283465644021,1.0830721238593322,1.0512829023066,6478.9217269937235,6361.975535008022,116.94619198570126,101.1866377091811,15.759554276520163,67.80357033564827,0.016168864798383868,443447.55,0.9297491890529106,0.016617621173945243,0.36038193275699887,1.0422890756856151,0.9706490261798475,-0.002979876539155324
2022-09-14,6543.376778641194,6711.442208861133,6514.5628866412335,6626.01220703125,543948,ULTRACEMCO,-0.002979876539155324,0.015500404027795733,0.033015280017953286,6406.156323242188,6159.525810546875,6318.301794433593,1.0343194690693704,1.0757341410414445,1.0487014426675136,6501.551031614881,6381.533807009743,120.01722460513793,104.95275508837247,15.064469516765456,66.20645509092851,0.015954403107477044,457130.0,1.1899197164920263,0.02971309379885824,0.5660793583266002,1.0400405031622744,0.97487046534773,-0.012464118652862122
2022-09-15,6658.054546871851,6673.47340238639,6512.683555614613,6543.4248046875,437578,ULTRACEMCO,-0.012464118652862122,-0.018729249217637522,0.027262253273020454,6414.839038085937,6180.988583984375,6315.591481933594,1.02004504958552,1.0586372577425944,1.0360747403320254,6507.99315054913,6393.525732763651,114.46741778547948,106.85568762779388,7.611730157685599,63.28104404818618,0.01615935677250434,461955.75,0.9472292530182815,0.024572735466692024,0.19118899414414117,1.0378338272145486,0.9786872063631309,-0.04545623461767667
2022-09-16,6543.424608180987,6571.082367648049,6216.689621073886,6245.9853515625,831639,ULTRACEMCO,-0.04545623461767667,-0.044555755531096364,-0.033196944117707794,6404.115673828125,6196.10203125,6311.425112304688,0.9753080159198466,1.0080507583737184,0.9896315396954315,6467.684258397341,6382.59681563764,85.08744275970093,102.50203865417531,-17.414595894474374,48.76931443922761,0.01894889405310056,488488.1,1.7024754543662375,0.05673928557733609,0.08266458829027812,1.0335716941924147,0.981727885698928,-0.0033247919093030154
2022-09-19,6162.72410418531,6275.426494746925,6017.786949620659,6225.21875,808807,ULTRACEMCO,-0.0033247919093030154,-0.05964683709968832,-0.028235946033806414,6395.071557617188,6208.92021484375,6306.936923828125,0.973440045809202,1.0026250192613662,0.9870431280960831,6430.381872490058,6370.939181145964,59.44269134409478,93.89016919215922,-34.44747784806444,48.41269264107042,0.018885471028323355,496863.8,1.627824365550479,0.0413864243929205,0.8051240747133038,1.0299812747357266,0.9844589045097216,0.0038390499580838178
2022-09-20,6256.875570015147,6324.959361766028,6223.38774222125,6249.11767578125,373825,ULTRACEMCO,0.0038390499580838178,-0.059691427972736855,0.002651683055285403,6395.897900390625,6222.0094140625,6303.1007397460935,0.9770508805963881,1.0043568339285187,0.9914354749838541,6402.495072996396,6361.915365933763,40.57970706263313,83.228076766254,-42.64836970362087,42.66179379998922,0.017900159034896293,498257.05,0.7502653499835076,0.016253753700050187,0.2533181382291227,1.0279473197091467,0.9871346930611075,-0.02635457990045942
2022-09-21,6263.909915734508,6295.663308833486,6067.84934715357,6084.4248046875,616165,ULTRACEMCO,-0.02635457990045942,-0.08173655366481813,-0.027965953812691402,6387.145288085938,6231.799951171875,6298.438215332031,0.9526047287568191,0.9763511108124288,0.9660211939328758,6353.561185564257,6341.36050954515,12.20067601910705,69.02259661682461,-56.821920597717565,38.947231194357535,0.018826477603214497,510099.85,1.2079301728867398,0.037442152544050714,0.07275874319423255,1.0249278439826763,0.9894198749147144,-0.01177587304675054
2022-09-22,6071.17440039517,6133.669043689416,6003.7169070574455,6012.775390625,492098,ULTRACEMCO,-0.01177587304675054,-0.08109658625286864,-0.041323886521165365,6374.186206054687,6239.867177734375,6293.373127441406,0.9433008695154854,0.963606310736917,0.9554137771375898,6301.132601727449,6317.020871106621,-15.888269379172016,52.04042341762529,-67.9286927967973,38.431524433120806,0.018953011573183794,523549.7,0.9399260471355442,0.021612671052803543,0.06970630727841347,1.0215259435007848,0.9914980490392783,-0.01593896264496719
2022-09-23,6032.627403870241,6055.707692140246,5904.602621166098,5916.93798828125,570526,ULTRACEMCO,-0.01593896264496719,-0.0526814177044036,-0.05175250153627986,6358.039770507812,6247.462587890625,6288.393461914063,0.930622991024271,0.9470945852080768,0.9409299885761683,6242.025738120341,6287.385102008445,-45.35936388810387,32.56046595647946,-77.91982984458333,37.31064087053528,0.019201427819422367,528541.65,1.079434326509557,0.02553771414765841,0.0816343689568311,1.0176995349810525,0.9934910443706589,0.006050476283451678
2022-09-26,5897.664151630436,6013.353561988383,5786.889124958372,5952.73828125,497458,ULTRACEMCO,0.006050476283451678,-0.04377042473407056,-0.052177695573937366,6341.654833984375,6255.38880859375,6283.186525878907,0.9386727024860759,0.9516176313568289,0.9474075386322097,6197.519975524904,6262.5964486189305,-65.07647309402637,13.033078146378298,-78.10955124040467,39.497960254629746,0.019190580968373998,532629.65,0.9339660306180851,0.03804374160767848,0.7323408410904247,1.0137906736144222,0.995575856745512,0.0025497063129429343
2022-09-27,5982.5156496233485,6046.070429834809,5905.421375787996,5967.916015625,467962,ULTRACEMCO,0.0025497063129429343,-0.04499861816429862,-0.04817637301872657,6326.551586914063,6264.84314453125,6277.458776855468,0.9433126298960606,0.9526042197616,0.9506897978570994,6162.1962893864575,6240.768268397158,-78.57197901070049,-5.287933285037459,-73.28404572566303,26.998794939714728,0.019223356023992607,537704.9,0.8702952121135589,0.023567532398004652,0.44433032458365085,1.0098499580850129,0.9979903281291577,-0.003213308927654479
2022-09-28,5926.622648491141,6049.636112281084,5890.05086197834,5948.7392578125,378895,ULTRACEMCO,-0.003213308927654479,-0.022300472309307984,-0.07560813217805384,6302.22353515625,6272.5341796875,6271.587709960938,0.9439111806536411,0.9483789306523744,0.9485220542103446,6129.356746067388,6219.136489835331,-89.77974376794373,-22.186295381618713,-67.59344838632501,16.883920602090924,0.018001598090018466,533292.3,0.7104827877694839,0.02682673477294533,0.36775576516516323,1.004733231357255,1.0001509138945883,0.0004778783056875735
2022-09-29,5992.152990735552,6035.374066130482,5921.804459322927,5951.58203125,407574,ULTRACEMCO,0.0004778783056875735,-0.010177223561420812,-0.06884282282219878,6280.22275390625,6276.92173828125,6265.699240722656,0.9476705308817529,0.9481689081692557,0.9498671740527993,6102.006789941635,6199.317641051233,-97.31085110959793,-37.21120652721456,-60.09964458238338,19.439753615109225,0.018010751961678815,534359.9,0.7627331317338745,0.019082255140101312,0.26219666303442873,1.000525897209275,1.001791100582303,0.012824025912227865
2022-09-30,5948.016422627169,6095.266304176006,5947.823498715306,6027.9052734375,442887,ULTRACEMCO,0.012824025912227865,0.018754174097485032,-0.04901550998725723,6264.68828125,6280.853271484375,6260.316948242187,0.9622035451434697,0.9597271282876036,0.9628754140203803,6090.606556633306,6186.620428635401,-96.01387200209501,-48.971739622190654,-47.04213237990436,18.88913857216737,0.01832539735405542,543079.0,0.8155111871385194,0.024460040224988187,0.5431378931781048,0.9974263066599939,1.0032803967294266,-0.0020063749731675795
2022-10-03,6058.068431512955,6124.465786089041,6002.946303611321,6015.81103515625,337932,ULTRACEMCO,-0.0020063749731675795,0.01059558658994253,-0.04283997688281427,6251.22568359375,6284.482568359375,6255.008571777344,0.9623410415248098,0.9572484241493784,0.9617590393560203,6079.099553329144,6173.967880970279,-94.86832764113478,-58.151057225979486,-36.7172704151553,16.420901411089886,0.018269147975357853,540710.0,0.6249782693125705,0.020200016550979267,0.1058655886498493,0.994708094993681,1.0047120633399318,0.010412340332656811
2022-10-04,6118.297904313427,6150.051296874045,6052.045012097207,6078.44970703125,307268,ULTRACEMCO,0.010412340332656811,0.018521321532818824,-0.02893552041025904,6242.169482421875,6288.565517578125,6250.085490722657,0.9737719752961428,0.9665876407012779,0.9725386502398767,6078.999576975622,6166.892460678499,-87.89288370287704,-64.099422521359,-23.79346118151804,22.089504095700406,0.01846997098220087,539012.4,0.5700573864348946,0.016123565958515516,0.26941838468998947,0.9926221592147587,1.0061567200820831,-0.003218256736766567
2022-10-06,6109.721736575013,6135.596598606488,6030.218259718949,6058.8876953125,495617,ULTRACEMCO,-0.003218256736766567,0.018516265838234736,-0.07141690804315393,6218.870166015625,6285.971572265625,6244.861467285156,0.974274672660416,0.9638744982629188,0.970219712167049,6075.905441335141,6158.892107688425,-82.98666635328391,-67.876871287744,-15.109795065539913,23.60622599555286,0.015342979215401053,517863.05,0.9570426003554415,0.01739235717622984,0.2720619426744517,0.9893252132182623,1.0065830291345663,-0.01332059808187902
2022-10-07,6071.174664503909,6078.113338053231,5910.625729266687,5978.1796875,454883,ULTRACEMCO,-0.01332059808187902,0.004469006074409032,-0.10349502815977552,6184.36328125,6283.216083984375,6239.599926757813,0.9666604977144347,0.9514521874773815,0.9581030446941411,6060.870709975889,6145.506002489283,-84.63529251339332,-71.22855553287387,-13.406736980519455,30.902914636133573,0.014237541458313224,496622.95,0.9159524343367539,0.028016489557306255,0.4033370511570666,0.9842671648701776,1.0069902169591867,-0.008640309092833753
2022-10-10,5932.597824120656,5949.028354477314,5897.712473883475,5926.5263671875,282642,ULTRACEMCO,-0.008640309092833753,-0.016818264662640803,-0.0934231848933218,6153.826708984375,6279.1065234375,6234.925710449219,0.9630635777466687,0.9438486741809597,0.9505368054755059,6040.202349546907,6129.285288763225,-89.08293921631866,-74.79943226956283,-14.283506946755836,29.599066199766554,0.013863232643816519,482402.1,0.5859054096157542,0.008658677514361881,0.5615005134976623,0.9800481463428747,1.007086020754704,-0.011894516230078533
2022-10-11,5956.159303084097,5979.624968180462,5840.4698897827975,5856.033203125,276525,ULTRACEMCO,-0.011894516230078533,-0.026559649413439357,-0.11541432265206153,6115.624072265625,6270.9866015625,6229.10134765625,0.957552840712059,0.9338296467841106,0.9401088337290225,6011.868634712768,6109.044393530764,-97.17575881799621,-79.2746975792495,-17.901061238746706,24.758587172934924,0.013311236497140767,471826.2,0.5860738551610741,0.023762686031801546,0.11184150461061215,0.9752251855779496,1.0067241246479333,0.016612558028929136
2022-10-12,5863.983708809645,5965.169951936187,5837.771465228881,5953.31689453125,223353,ULTRACEMCO,0.016612558028929136,-0.020586303832579644,-0.10420075307309407,6080.99912109375,6266.040732421875,6223.524338378907,0.9790030841939121,0.9500922749715744,0.9565828895082236,6002.860674684842,6097.509023234504,-94.64834854966193,-82.349427773332,-12.298920776329936,40.78315498678104,0.014091379812067595,462379.1,0.4830516777250529,0.021399580933501937,0.9069607676567669,0.9704691336635143,1.0068315622678263,0.000655490681771731
2022-10-13,5947.823373425304,5990.225225082906,5879.4022037050845,5957.21923828125,314360,ULTRACEMCO,0.000655490681771731,-0.016780053063189526,-0.10093446070629097,6047.55947265625,6259.763447265625,6218.142426757812,0.98506170385203,0.9516684278035249,0.958038402698246,5995.838915238135,6087.11718731204,-91.2782720739051,-84.13519663344663,-7.143075440458475,45.683240064497774,0.01414745484961577,450899.7,0.6971838748173929,0.018603146358232014,0.7021739130434739,0.9661003204997997,1.0066934813729433,0.0016581443946235286
2022-10-14,6032.627304826288,6032.627304826288,5944.932562855171,5967.09716796875,249291,ULTRACEMCO,0.0016581443946235286,-0.0018538284411930839,-0.08807736833865465,6018.743090820312,6251.521103515625,6213.3646875,0.9914191514619836,0.9545032431567854,0.9603648696129667,5991.417107965922,6078.226815508833,-86.80970754291138,-84.67009881533959,-2.1396087275717974,54.49830535193505,0.014118701935154578,441485.35,0.564664263491416,0.01469638242894055,0.25274725274724774,0.9627645801972248,1.0061410230904984,0.012839124708535543
2022-10-17,5945.896108792005,6053.635172593483,5861.285328071729,6043.70947265625,453912,ULTRACEMCO,0.012839124708535543,0.01977264559515679,-0.03238494289065996,6008.629296875,6244.20099609375,6208.8729956054685,1.0058382992273287,0.96789156473936,0.9733987918473903,5999.462087149049,6075.669975297531,-76.2078881484822,-82.97765668196811,6.769768533485916,57.60188605800656,0.010860613704730567,422599.0,1.0740962472698705,0.031826454496532035,0.9483976711189372,0.9622735239678993,1.0056899215869428,0.011998771643779715
2022-10-18,6075.992984844605,6209.944297278134,6061.778726870543,6116.2265625,558284,ULTRACEMCO,0.011998771643779715,0.04443167419818428,-0.017508169893628245,6003.1796875,6239.267919921875,6203.972314453125,1.0188311662959864,0.9802795201294361,0.9858565210310968,6017.425852587657,6078.674166942158,-61.24831435450142,-78.63178821647477,17.383473861973357,61.309578774600766,0.011264668699562117,410072.85,1.361426390457208,0.024224997045732163,0.367479674796751,0.9621609080661452,1.005689194548229,0.008137932267776371
2022-10-19,6117.527162972493,6211.871187582527,6023.0866764098055,6166.0,919146,ULTRACEMCO,0.008137932267776371,0.03572514435845364,-0.013300705810578073,5999.0238037109375,6235.612685546875,6199.24935546875,1.0278338946056145,0.9888362717414722,0.9946365513690107,6040.283413728017,6085.142747168665,-44.85933344064779,-71.87729726130938,27.017963820661592,65.8288189449209,0.011398512549361303,437338.9,2.1016790411280586,0.030617014462004863,0.7570182675603129,0.9620584385582012,1.0058657634163475,-0.015019281011798613
2022-10-20,6109.721982690161,6180.070516560253,6049.010234281725,6073.39111328125,476962,ULTRACEMCO,-0.015019281011798613,0.01950102394309683,-0.001813432125539527,5998.472119140625,6226.498212890625,6194.177136230469,1.0124896794804739,0.9754104001359224,0.9805000696149409,6045.376905966976,6084.272255769597,-38.89534980262124,-65.28090776957175,26.385557966950515,57.84803444433469,0.01027760564404827,430378.75,1.108237802168439,0.021579424053874273,0.18602797564338122,0.9633781162455133,1.0052179774567804,0.00961545805477515
2022-10-21,6086.207748051653,6187.779363158581,6086.207748051653,6131.78955078125,307899,ULTRACEMCO,0.00961545805477515,0.027600083956494714,0.019793548307461162,6004.422827148437,6220.427998046875,6188.468195800781,1.0212121509925878,0.9857504262900469,0.9908412480720203,6058.671159015325,6087.792055400089,-29.12089638476391,-58.04890549261019,28.92800910784628,56.851408281523625,0.010103661863862464,421168.8,0.731058425980272,0.016564758830313574,0.4487651661501257,0.9652748699982927,1.0051644124579617,0.0049820411923804375
2022-10-24,6206.089286912839,6209.944000755642,6138.969176234257,6162.33837890625,56532,ULTRACEMCO,0.0049820411923804375,0.019628492532064445,0.041474220468598055,6016.692846679687,6216.553046875,6182.275532226562,1.0242069083361862,0.9912789824907867,0.9967751108444803,6074.619962075468,6093.314005289435,-18.694043213967234,-50.1779330368816,31.483889822914364,59.43416631456108,0.009305983955952907,395469.1,0.14294922157002912,0.01151751496872236,0.3292604501607681,0.9678503185465809,1.0055444818772243,0.0032997188931727095
2022-10-25,6186.815992627948,6238.854631818276,6155.207525930799,6182.67236328125,313500,ULTRACEMCO,0.0032997188931727095,0.010863855369362074,0.03862660697774989,6028.18955078125,6213.056826171875,6176.536904296875,1.025626734394903,0.9951095791104575,1.0009933493605627,6091.243408414819,6099.9331429184585,-8.689734503639556,-41.880293330233194,33.19055882659364,57.09699213721047,0.00926437136844916,386271.2,0.8116059390397213,0.01352928005440738,0.32834175264110943,0.9702453589975403,1.0059126857721183,0.003288787582293784
2022-10-27,6238.854889404688,6238.854889404688,6140.55967798682,6203.005859375,248556,ULTRACEMCO,0.003288787582293784,0.0060015989904314004,0.03939228419677754,6039.94404296875,6210.695810546875,6170.855871582031,1.0269972395847067,0.9987618213149618,1.0052099722408079,6108.437631639462,6107.5681589522765,0.8694726871854073,-33.330340126749476,34.199812813934884,59.8033575754033,0.009268414925441438,375300.9,0.6622845828507206,0.015846383776876184,0.6352922028186261,0.9725068216530333,1.0064561447867084,0.0014059621422199964
2022-10-28,6208.016794508277,6234.999792062798,6173.806208323079,6211.72705078125,151834,ULTRACEMCO,0.0014059621422199964,0.02277738003691021,0.04420899649003229,6053.093432617187,6206.64546875,6166.181413574219,1.026207032805617,1.0008187324468323,1.0073863602369477,6124.328311507429,6115.283632421089,9.044679086339784,-24.855336284131624,33.90001537047141,67.6113798590957,0.00918955342899372,363947.85,0.4171861435642497,0.00985129952418357,0.6196865772637773,0.9752600600588618,1.0065622550589743,0.041747837558700374
2022-10-31,6242.805872617104,6486.423612619387,6220.303885216916,6471.05322265625,538107,ULTRACEMCO,0.041747837558700374,0.05532865553609456,0.08728287515464972,6079.0669921875,6208.671123046875,6162.327368164062,1.0644813144800855,1.0422605891678494,1.0500989051777958,6177.670605530325,6141.636935401471,36.03367012885337,-12.677535001534626,48.711205130387995,81.26837578655235,0.01273198584213671,370474.5,1.4524805350975574,0.04112463894914997,0.942242575876791,0.9791253026145516,1.0075204954417443,0.01577812308223292
2022-11-01,6498.999521895538,6601.197434098423,6474.184801614074,6573.154296875,429855,ULTRACEMCO,0.01577812308223292,0.06666558905219766,0.09045414596015444,6106.329443359375,6210.92515625,6158.853518066407,1.0764493396312407,1.058321285720291,1.0672691398802199,6238.514250352582,6173.601184399511,64.91306595307105,2.840585189386511,62.072480763684545,89.73679511252766,0.012853017780059456,369822.9,1.162326616334467,0.01932293488755219,0.7792098575165043,0.9831593989205663,1.0084547615933463,-0.006010851430192976
2022-11-02,6577.154034965371,6625.28996628433,6480.786180910325,6533.64404296875,255634,ULTRACEMCO,-0.006010851430192976,0.056766986679079645,0.08607866915803974,6132.22109375,6213.476015625,6155.080788574219,1.065461264863376,1.051528005666816,1.0615041893677926,6283.918833831993,6200.2710257750105,83.64780805698229,19.002029762905668,64.64577829407662,84.3565535622402,0.012988814988849157,365708.0,0.6990112330055673,0.022116874507345452,0.3657887710112094,0.9869227914180937,1.0094873209721604,-0.007618095729413743
2022-11-03,6485.604550335801,6537.595195630364,6427.7838381102965,6483.8701171875,217701,ULTRACEMCO,-0.007618095729413743,0.045278734887540306,0.06669799532720977,6152.492114257812,6218.5016015625,6150.80814453125,1.0538607765399246,1.0426740286692733,1.0541493027956625,6314.68056973284,6221.27836587964,93.40220385320026,33.88206458096459,59.520139272235674,79.5726071566641,0.013160724313434046,361229.65,0.6026664754678913,0.016936082237208737,0.5107511676736519,0.9893849850761313,1.0110056199836823,0.024493699283513415
2022-11-04,6513.503163710956,6707.2025476295685,6491.145633667062,6642.68408203125,646411,ULTRACEMCO,0.024493699283513415,0.06937797294164727,0.0963537230060243,6181.68193359375,6226.1657421875,6147.57822265625,1.0745755206090803,1.0668980488298743,1.0805367319362185,6365.142648547981,6252.493604113092,112.64904443488831,49.63546055174933,63.01358388313898,82.49973222288827,0.013876049576778633,368769.35,1.7528870010482163,0.03252554408645598,0.7013820830120965,0.9928553446156541,1.0127834924070789,0.011671160493837984
2022-11-07,6673.473507547546,6763.095606638076,6618.543833911414,6720.2119140625,353341,ULTRACEMCO,0.011671160493837984,0.03850357628552703,0.12412343980125629,6218.783544921875,6235.13083984375,6144.478427734375,1.0806312626124575,1.077798058561816,1.0936993258417886,6419.768689396368,6287.139404850085,132.6292845462831,66.23422535065609,66.395059195627,82.51513369327827,0.01328028024087532,363692.25,0.9715384366865117,0.021510002151000195,0.7033333333333359,0.9973781953672226,1.0147534755269376,-0.010038004812034318
2022-11-09,6745.749367960998,6803.5700768292345,6608.907023639503,6652.75439453125,312745,ULTRACEMCO,-0.010038004812034318,0.01210987815911957,0.12253856346013192,6255.094946289062,6243.38859375,6140.037416992188,1.0635736869954477,1.065567887475569,1.0835038848656116,6455.612644032503,6314.22199667832,141.39064735418378,81.26550975136163,60.12513760282215,75.91348532579549,0.013364510679867898,365197.4,0.8563724714359959,0.029260520026073742,0.225247524752479,1.001874999827943,1.0168323366355707,-0.01480406266759371
2022-11-10,6644.563468092826,6644.563468092826,6543.377222385829,6554.2666015625,330402,ULTRACEMCO,-0.01480406266759371,0.003156363961385855,0.11923316931756744,6290.006616210938,6248.865185546875,6136.609265136719,1.0420126720805822,1.0488731004666245,1.0680599527166532,6470.7901759601955,6332.003078521592,138.78709743860327,92.76982728880996,46.017270149793305,67.90991190657664,0.013582240142032504,367891.25,0.8980969240230638,0.015438225488550492,0.10761718750000342,1.0065838243332916,1.0182928251677852,0.0017495908929789916
2022-11-11,6591.512284011488,6676.171055319174,6540.919167829479,6565.73388671875,293195,ULTRACEMCO,0.0017495908929789916,0.012625757156091932,0.1028698796044385,6320.627465820313,6254.780244140625,6133.820539550781,1.0387788114746337,1.0497145591756676,1.0704150609531202,6485.396900692282,6349.316471721381,136.08042897090036,101.43194762522805,34.64848134567231,74.54836011214672,0.013360539644832988,371383.35,0.7894672714864573,0.02059966027000946,0.18347040732545386,1.0105275036227488,1.0197201244819436,0.0060471688690908465
2022-11-14,6596.379504254616,6646.972626821946,6571.709239903031,6605.43798828125,484476,ULTRACEMCO,0.0060471688690908465,-0.005607084920800642,0.10881230387401719,6353.038403320313,6258.182998046875,6131.081337890625,1.0397289562784675,1.0554881489312073,1.0773691660978397,6503.864760321354,6368.288435911001,135.57632441035275,108.26082298225299,27.315501428099765,74.06487477746927,0.013322785168905735,379889.15,1.2753088631249405,0.01139415539929981,0.44814284553201145,1.0151570200652555,1.0207307085245714,0.016069929953103745
2022-11-15,6630.10808504397,6745.7495051319465,6617.628260241019,6711.5869140625,625270,ULTRACEMCO,0.016069929953103745,-0.0012834416697413698,0.12476581579568613,6390.262890625,6264.582783203125,6129.389577636719,1.0502833809715257,1.0713541741451487,1.094984554179742,6535.822014743068,6393.717952811113,142.10406193195558,115.02947077219352,27.074591159762065,75.91510039483367,0.013506135565107357,398688.1,1.5683186932341346,0.019089560566142763,0.7333573280642881,1.0200620076023026,1.0220565529167314,-0.007545326303551869
2022-11-16,6733.173692669927,6779.478256437514,6619.314701307911,6660.94580078125,307352,ULTRACEMCO,-0.007545326303551869,0.0012312804237495367,0.1021287225862828,6421.12470703125,6271.0298046875,6128.410698242187,1.0373487674966648,1.0621773469809208,1.0868961185469848,6555.071827979712,6413.512608216308,141.55921976340414,120.33542057043566,21.223799192968485,71.93885367437902,0.013728725543239043,391360.1,0.7853432171547381,0.024045167145905585,0.25992866754020205,1.0239346498132662,1.0232717932050832,-0.005808768857826774
2022-11-17,6681.182749852223,6706.816690946312,6601.293899786811,6622.25390625,196795,ULTRACEMCO,-0.005808768857826774,0.010372984320059953,0.08273521894243929,6446.42607421875,6277.773623046875,6127.51455078125,1.027275242127485,1.0548730017817898,1.0807406251537455,6565.407532328987,6428.974926589174,136.43260573981297,123.55485760431114,12.877748135501832,68.91276804578783,0.013825485395798717,373285.65,0.5271967995555146,0.015934573432756654,0.19863013698630344,1.0268650100017496,1.0245220261853916,-0.008352813695771344
2022-11-18,6649.381964480638,6687.061889721928,6516.394325191026,6566.939453125,296995,ULTRACEMCO,-0.008352813695771344,0.00018361487490214934,0.06502423826224457,6466.473046875,6283.9209375,6126.330571289062,1.0155365073853593,1.0450385226739654,1.0719205202378146,6565.64321245145,6439.194521147384,126.44869130406641,124.1336243442622,2.315066959804213,65.37760884021999,0.01406000077957348,342178.1,0.8679544365931076,0.025988904839024676,0.2961613009062538,1.029050669349705,1.025723451318393,-0.008746092301249786
2022-11-21,6562.458250534988,6626.10950350496,6495.723508415737,6509.50439453125,249498,ULTRACEMCO,-0.008746092301249786,-0.01452342659490502,0.07180721167393789,6488.2787109375,6283.613544921875,6124.815581054688,1.0032713889984364,1.0359491951556967,1.0628082280006086,6557.006471232959,6444.402659916559,112.60381131639951,121.82766173868967,-9.223850422290155,52.01721606354431,0.013696312821595377,330804.9,0.7542149466347082,0.02003009556284538,0.10569299337771992,1.0325712529187965,1.025926978823392,0.013057154633792978
2022-11-22,6509.74475788262,6665.764213604617,6495.722953318711,6594.5,393509,ULTRACEMCO,0.013057154633792978,-0.017445488758727534,0.07546091485801165,6511.414233398437,6282.137197265625,6123.215100097656,1.012760018580203,1.0497223783763165,1.0769669025500717,6562.774706427888,6455.520981404222,107.25372502366645,118.91287439568504,-11.65914937201859,51.140298800229125,0.013797629582904909,335085.4,1.1743543586202203,0.025785315078611874,0.580900462130227,1.0364966617145208,1.025954028164948,-0.002776565106338613
2022-11-23,6627.409829040987,6653.718063319256,6554.314722243982,6576.18994140625,258946,ULTRACEMCO,-0.002776565106338613,-0.012724298006607238,0.06715820148997631,6532.1068115234375,6282.91583984375,6120.086518554687,1.0067486847895757,1.046678024827688,1.074525649509817,6564.838588732251,6464.459422885853,100.37916584639788,115.20613268582761,-14.82696683942973,52.32549822573138,0.013869556114852468,345206.1,0.7501200007763479,0.015115643246462742,0.2200652304604416,1.0396616758893087,1.0266057221242546,0.005297505493933485
2022-11-24,6596.282780573417,6639.744774439863,6582.8877437153415,6611.02734375,297230,ULTRACEMCO,0.005297505493933485,-0.001695278172497261,0.06928314413242087,6553.524560546875,6282.73466796875,6117.492639160157,1.0087743293966271,1.0522531498035377,1.0806759784933062,6571.944551042674,6475.316305912827,96.62824512984662,111.49055517463142,-14.862310044784806,57.065601364836574,0.01387640198852315,344392.6,0.8630557102562599,0.008600332106971826,0.49491856461864536,1.0431006411839565,1.0270113980605098,0.0020115390774055886
2022-11-25,6653.236037173589,6690.819496827379,6601.197400729879,6624.32568359375,377893,ULTRACEMCO,0.0020115390774055886,0.008738656855050042,0.06792188074141214,6574.590551757812,6282.30486328125,6115.279775390625,1.0075647496896427,1.054441932977742,1.083241638469535,6580.003186819763,6486.354037592896,93.64914922686694,107.92227398507853,-14.273124758211594,48.78311180043007,0.013880098892721718,350859.45,1.077049513701284,0.013529240616817002,0.2580645161290352,1.046525231557117,1.0273127467630794,0.0026621960858486116
2022-11-28,6624.325809699032,6673.37694976404,6613.725346517959,6641.9609375,239438,ULTRACEMCO,0.0026621960858486116,0.02034817628820229,0.06926155692314895,6596.10224609375,6282.623837890625,6112.847033691406,1.0069523924425834,1.0571953866539336,1.0865576875868714,6589.535148462876,6497.880474623053,91.65467383982377,104.66875395602759,-13.014080116203814,44.36577034444255,0.013873529540886427,355239.65,0.6740182296655229,0.008981022894803861,0.4733416948671213,1.049896096963904,1.0277737694503857,0.005310328745628867
2022-11-29,6649.381718764964,6750.567962311387,6644.563326215134,6677.23193359375,336266,ULTRACEMCO,0.005310328745628867,0.012545596117029323,0.03186169296454455,6606.411181640625,6285.29998046875,6110.4483569335935,1.010720003645843,1.0623569208061523,1.0927564629552955,6603.026961559934,6511.165767880141,91.86119367979245,102.10724190078056,-10.246048220988115,51.848091522004566,0.010580407977855706,345147.6,0.9742672410296349,0.015875536023083836,0.30818093039772765,1.0510892403178387,1.028615187187819,0.02137423179910214
2022-11-30,6695.638112183394,6837.298849444615,6654.247933044059,6819.95263671875,489956,ULTRACEMCO,0.02137423179910214,0.03706746573387054,0.03754640902938822,6618.7510986328125,6296.779326171875,6108.993244628906,1.0303987164780224,1.0830858576180942,1.116379141966629,6636.400142353597,6534.038869275594,102.36127307800325,102.1580481362251,0.20322494177814576,68.8037416378858,0.011038545555204882,348152.65,1.4073022279164038,0.026840496723541257,0.9052383180212658,1.0511327705455227,1.0307392845307324,0.027836663489475333
2022-12-01,6842.11730537488,7033.889325624119,6779.526198989649,7009.79736328125,1086727,ULTRACEMCO,0.027836663489475333,0.06031891849732607,0.07287714439003112,6642.558764648437,6312.4708984375,6108.09115234375,1.0552857131783686,1.1104680680613286,1.1476248779606872,6693.845868650159,6569.280239201939,124.56562944821962,106.63956439862402,17.926065049595607,75.09262376046397,0.012285716626605176,389707.3,2.788572346476445,0.03628680166517738,0.9052851619586745,1.0522913881935902,1.0334604937936016,-0.005079734593010032
2022-12-02,7010.761241220343,7033.889525727462,6898.974532769269,6974.189453125,442739,ULTRACEMCO,-0.005079734593010032,0.052815001291036445,0.07562140003973195,6667.074731445313,6326.972333984375,6107.152590332032,1.0460643886637686,1.1022949184816562,1.1419707220293687,6736.975650877058,6599.273514307351,137.70213656970645,112.85207883284052,24.850057736865935,70.93388831571016,0.012176412359706193,400959.2,1.104199629288965,0.019344899341347813,0.5574986049107125,1.0537543677303802,1.0359938187888624,-0.005312907385910948
2022-12-05,6996.305996995266,7020.397959794836,6897.528949517026,6937.13623046875,235887,ULTRACEMCO,-0.005312907385910948,0.044440985989877335,0.04432728469415026,6681.797338867187,6344.0265625,6106.751706542968,1.0382141029803895,1.0934910442328007,1.135978104863193,6767.769586198857,6624.300382171159,143.46920402769774,118.97550387181197,24.493700155885776,63.89437836023325,0.01129217080920603,380433.0,0.620048733942639,0.017711777049750636,0.3223537071078421,1.0532423332468017,1.0388545117534103,0.006035789461088736
2022-12-06,6924.077652619007,7009.508123570238,6880.664126704674,6979.00732421875,312838,ULTRACEMCO,0.006035789461088736,0.04519468450792319,0.038510007342879016,6694.737109375,6363.351201171875,6107.683642578125,1.0424617442327453,1.096750297694318,1.1426602510264972,6800.267699740379,6650.574970470981,149.69272926939811,125.1189489513292,24.573780318068913,69.80737232350066,0.011113109925934834,378407.85,0.8267217500905439,0.018461650902478033,0.7632734151881919,1.0520772620788394,1.0418599871171175,-0.011025881397805248
2022-12-07,6991.486784391745,7029.937458400683,6886.445838906052,6902.0576171875,324940,ULTRACEMCO,-0.011025881397805248,0.01203893704872594,0.03747368501401227,6707.2022705078125,6383.05359375,6107.266904296875,1.0290516580268474,1.0813096766014445,1.130138526012583,6815.927687039935,6669.203314672204,146.72437236773112,129.4400336346096,17.28433873312153,66.63232063826725,0.01117123720472921,379017.6,0.8573216652735915,0.020789687286485135,0.1087992339652439,1.0507826970268908,1.0451571371899746,0.002352601770277074
2022-12-08,6937.520982957273,6957.37285262545,6894.155453823633,6918.29541015625,262827,ULTRACEMCO,0.002352601770277074,-0.013053437693406944,0.055540738685693425,6725.4037109375,6402.364736328125,6107.465061035156,1.0286810587898316,1.080584392654271,1.1327605382950263,6831.676567519369,6687.654581004356,144.02198651501294,132.35642421069025,11.665562304322691,71.90313124948634,0.010456919007215876,375638.85,0.699680025109224,0.00913771312930809,0.38185621031789496,1.050456196720002,1.0482851186778606,-0.014159198722194732
2022-12-09,6939.641567209054,6960.74603153452,6784.296410055804,6820.337890625,211582,ULTRACEMCO,-0.014159198722194732,-0.022060135236369627,0.03877769161818545,6738.1339111328125,6419.413173828125,6107.810373535156,1.012199813861872,1.0624550415965497,1.1166584215150475,6829.9321556894665,6697.482974309589,132.4491813798777,132.37497564452775,0.07420573534994901,68.44511408909815,0.011121602496225845,371558.2,0.5694451098105222,0.025871096756255648,0.20425932494019933,1.0496495129187366,1.051017104532768,0.009812964613820085
2022-12-12,6831.516730935265,6903.744621083975,6716.983449709145,6887.265625,260579,ULTRACEMCO,0.009812964613820085,-0.007188932696710282,0.042666002953739346,6752.22529296875,6438.183701171875,6109.110029296875,1.019999381858877,1.0697528906710727,1.1273762613492635,6838.752689429549,6711.540948434805,127.2117409947441,131.342328714571,-4.130587719826906,67.75364764879292,0.011225787592019086,360363.35,0.7231007259756022,0.027116882307676372,0.9117643353665741,1.0487779793763439,1.0538660574612166,0.010976865138332847
2022-12-13,6919.163766563975,6979.923508932034,6895.312723233025,6962.8662109375,285708,ULTRACEMCO,0.010976865138332847,-0.0023128093339630507,0.037439624948982564,6764.7892578125,6458.409384765625,6111.2818676757815,1.0292805800116014,1.0781085242694293,1.1393462716498117,6857.847077353849,6730.157634546116,127.68944280773303,130.6117515332034,-2.922308725470373,71.92507224717366,0.010947739257312978,343385.25,0.8320334085404076,0.012151717860972104,0.7984027939982412,1.0474389055871214,1.056801097479384,-0.003840686678424521
2022-12-14,6982.717973182823,7014.567830045626,6914.393261405826,6936.1240234375,226179,ULTRACEMCO,-0.003840686678424521,0.004935688477182287,0.04131218461858288,6778.548168945313,6476.573759765625,6113.6261328125,1.0232462542958818,1.0709557677744266,1.1345351960942727,6869.889684443642,6745.414404093626,124.47528035001596,129.38445729656593,-4.909176946549962,68.60421577602,0.010810062104936366,339326.6,0.6665525190185503,0.014442441960568344,0.21692893043355177,1.0466256419490876,1.0593669974362916,-0.011622026384456086
2022-12-15,6936.123817330352,6955.397386824273,6830.553028645848,6855.51220703125,241610,ULTRACEMCO,-0.011622026384456086,-0.009074952629636535,0.03522340038353167,6790.211083984375,6493.367783203125,6115.4205004882815,1.0096169503774184,1.0557714326246714,1.1210205751973845,6867.677764841736,6753.569796903821,114.10796793791451,126.32915942483564,-12.221191486921128,62.283679390960714,0.011107439922109351,341567.35,0.707356836067616,0.018210799486343306,0.19992235732215424,1.0457148448527922,1.061802337661763,-0.014028828449734188
2022-12-16,6849.8747143059445,6904.563468706696,6739.14814972537,6759.33740234375,285180,ULTRACEMCO,-0.014028828449734188,-0.008943910002625954,0.02929796301490084,6799.830981445312,6506.985537109375,6118.467094726562,0.9940449138791748,1.0387816852819498,1.1047436061508848,6851.010016765122,6753.9970269364085,97.01298982871322,120.46592550561115,-23.452935676897937,55.75617037844796,0.011447554993611561,340976.6,0.83636237794617,0.02447212043653413,0.122051891824235,1.0450047787359966,1.0634993105900126,0.00882510398845704
2022-12-19,6786.994942494069,6855.994419144196,6755.386475023406,6818.9892578125,251219,ULTRACEMCO,0.00882510398845704,-0.009913421509352593,0.047543537038127415,6815.305224609375,6522.187568359375,6121.084694824219,1.0005405529292837,1.0455064633364697,1.114016485277259,6846.083746157026,6758.811266260564,87.27247989646276,113.82723638378147,-26.554756487318713,56.78945824931841,0.01129248086792173,341062.65,0.7365772827954042,0.014754084559603026,0.6321844993943236,1.0449416170844243,1.0655280711724697,0.003109065404298894
2022-12-20,6832.4805134644,6866.257256416174,6751.146142787112,6840.18994140625,488123,ULTRACEMCO,0.003109065404298894,-0.01761864522666634,0.037256796027939965,6827.5897216796875,6539.4277734375,6123.819558105469,1.0018454857775876,1.04599212322375,1.1169809751093327,6845.177006964599,6764.839316271355,80.33769069324444,107.12932724567406,-26.791636552429622,51.09695416962215,0.011013318730550442,345793.35,1.411603201738842,0.016828642861545548,0.7735464961799957,1.0440653155330613,1.0678674822777776,-0.02075230486977775
2022-12-21,6871.509437771628,6893.481119012706,6674.437187575387,6698.240234375,388167,ULTRACEMCO,-0.02075230486977775,-0.03429635748419135,0.01855942332204763,6833.692236328125,6554.86205078125,6126.652175292968,0.9801787968686887,1.0218735623241164,1.093295333687635,6822.571349643122,6759.9060509456995,62.66529869742226,98.23652153602372,-35.57122283860146,32.187302315791115,0.012094447889985599,352254.4,1.1019507492312373,0.032701713251966906,0.10866791261197123,1.0425379181723042,1.069892963275299,0.008876806787230462
2022-12-22,6727.439807066096,6834.408123723357,6610.834705124398,6757.69921875,338708,ULTRACEMCO,0.008876806787230462,-0.014267787048928282,0.02218594287598319,6841.025830078125,6572.89537109375,6131.7877905273435,0.9878195736432158,1.0281160488981735,1.1020764986664398,6812.59102181341,6759.7425818941665,52.8484399192439,89.15890521266776,-36.31046529342386,37.95117990236416,0.012187677676056989,354328.3,0.9559157425472365,0.03308425121654259,0.6568961307920258,1.040793355720153,1.0719378418881111,-0.0146882519996
2022-12-23,6717.755126326092,6731.294621634321,6625.38644388706,6658.4404296875,289661,ULTRACEMCO,-0.0146882519996,-0.014927050781821438,0.005149919814214643,6842.7315673828125,6586.997841796875,6136.093671875,0.9730676067180873,1.010846001411644,1.085126920439089,6788.875546101732,6752.238718767747,36.63682733398491,78.65448963693119,-42.01766230294628,35.49355841396435,0.012688618180910213,349916.7,0.8277998735127532,0.01590585346007694,0.31210041097412045,1.0388240184266062,1.073483912409716,0.02382255956556545
2022-12-26,6659.981932213254,6846.839094167716,6615.026425521185,6817.0615234375,328414,ULTRACEMCO,0.02382255956556545,-0.000282700896293564,0.02636278466332076,6851.486596679688,6604.1946875,6142.880007324219,0.994975532279539,1.0322320655295643,1.1097500708640649,6793.211850307235,6757.040408002544,36.17144230469148,70.15788017048325,-33.98643786579177,42.48402034264881,0.01373232813164796,354365.5,0.9267662907365418,0.034004778723141074,0.8715446791408059,1.037444672799811,1.075097459111321,0.004693173478595325
2022-12-27,6842.116503221521,6905.671280649456,6785.259478758131,6849.05517578125,295144,ULTRACEMCO,0.004693173478595325,0.001296050906618218,0.025732705392940147,6860.0777587890625,6621.83384765625,6149.1778637695315,0.9983932276870053,1.034313957938619,1.1138164040001737,6801.8031311493905,6763.856316726892,37.94681442249839,63.715667020886286,-25.768852598387895,47.43301539164434,0.013723748615684388,352309.4,0.8377409175003562,0.017580790167541615,0.5298126597316125,1.0359785395728611,1.0768649068799214,-0.007513439389343235
2022-12-28,6848.284798051205,6897.528863508711,6771.0940560946765,6797.59521484375,260015,ULTRACEMCO,-0.007513439389343235,0.014832997472808751,-0.003278237117751659,6858.959887695312,6636.9115625,6154.337375488281,0.9910533559233015,1.0242106062180558,1.1045210556570166,6801.15575941006,6766.355494365178,34.80026504488251,57.93258662568553,-23.132321580803023,44.34717425029637,0.013007983716706417,340812.35,0.7629271650513839,0.01859993180204988,0.20960334650797957,1.0334565743575572,1.0784120462641085,-0.010150504885437783
2022-12-29,6774.7078310606175,6779.863605129895,6654.200023203533,6728.59619140625,449116,ULTRACEMCO,-0.010150504885437783,-0.004306647336862923,-0.04011544946334533,6844.899829101562,6649.158955078125,6158.983254394531,0.9830087158907952,1.0119469600388267,1.0924848978287596,6789.992748947935,6763.558508960813,26.434239987122055,51.63291729797284,-25.198677310850783,45.58361230506258,0.011389188457403571,308931.8,1.4537707027894182,0.018676047477311726,0.5920264810397672,1.0294384410638802,1.0795871137226822,-0.0033156351901446612
2022-12-30,6745.749443557014,6796.872399335802,6697.806438583162,6706.28662109375,232317,ULTRACEMCO,-0.0033156351901446612,0.007185795519461635,-0.03841347210767376,6831.5046875,6659.9646875,6163.668735351563,0.9816704998189684,1.0069552821624852,1.088034887830687,6777.114883124214,6759.316146896586,17.79873622762807,44.866081083903886,-27.067344856275817,40.896727984717394,0.011370762989314763,298410.7,0.778514309305933,0.014772103602169412,0.0856013755497939,1.0257568933243686,1.0805195693438139,0.008463810957462847
2023-01-02,6726.379115947966,6784.248289171486,6697.661686369639,6763.04736328125,212580,ULTRACEMCO,0.008463810957462847,-0.007923378712447526,-0.02509520663914322,6822.800244140625,6673.7578125,6168.566635742188,0.9912421764200571,1.0133792015368028,1.0963725874491645,6774.95064930222,6759.59253329545,15.358116006769706,38.96448806847705,-23.606372061707347,39.75490625602407,0.01156840130618637,297245.35,0.7151667805736911,0.012802897591986951,0.7551477341274793,1.0223326101767534,1.081897660605725,-0.003469638872951042
2023-01-03,6774.611838727889,6783.332940907958,6707.250335345463,6739.58203125,188315,ULTRACEMCO,-0.003469638872951042,-0.01598368559189811,-0.03430649687640952,6810.8289794921875,6685.913662109375,6173.417395019531,0.9895391664573114,1.0080270807929776,1.0917100853551922,6769.509323448033,6758.110273884677,11.39904956335613,33.45140036745287,-22.05235080409674,39.88894158405694,0.011449857582388822,291019.2,0.6470878897337358,0.011288920471583553,0.42495516111076687,1.018683357831965,1.083016623418871,0.0016800379984618363
2023-01-04,6745.749011445424,6805.497074118226,6730.185698906811,6750.90478515625,319221,ULTRACEMCO,0.0016800379984618363,-0.006868668729427041,-0.021899676939069468,6803.271337890625,6697.684990234375,6176.961044921875,0.9923027393538281,1.0079459985053751,1.0929168463359855,6766.647086787759,6757.576533978868,9.07055280889108,28.57523085574051,-19.50467804684943,44.205390083199,0.011254941292528029,290733.25,1.0979858684894144,0.011155745430895144,0.2751123079518349,1.0157646034130003,1.0843009922720155,0.00023557316861388955
2023-01-05,6760.156549330834,6786.416787941275,6692.74705135824,6752.4951171875,236570,ULTRACEMCO,0.00023557316861388955,0.0035518442631130576,-0.023965483278634014,6794.9813232421875,6709.0814453125,6180.18830078125,0.9937474138583187,1.0064708816294565,1.0926034594016987,6764.469860695411,6757.200132735063,7.269727960348064,24.314130276662024,-17.04440231631396,49.57661352455871,0.011231222032527693,289420.4,0.8173922778076458,0.013871870317182795,0.6378588005987945,1.0128035229009933,1.0855788074393125,-0.0035392733154917533
2023-01-06,6752.495229918488,6774.5633733952645,6698.529234074984,6728.59619140625,160184,ULTRACEMCO,-0.0035392733154917533,0.003326665198342127,-0.013451195628424117,6790.39423828125,6719.593251953125,6184.169682617187,0.9908991960250835,1.0013398042285533,1.0880355062571079,6758.950834650924,6755.081322266262,3.8695123846619026,20.225206698262003,-16.3556943136001,44.14772177644977,0.010827703672848162,286850.5,0.5584232901807736,0.011300148969764504,0.3954402272460045,1.0105364988137557,1.0865797021774704,0.007540620885163607
2023-01-09,6784.296834683186,6807.425119346879,6748.544267197996,6779.333984375,298470,ULTRACEMCO,0.007540620885163607,0.002408177884746898,-0.01567118890161867,6784.99765625,6730.945390625,6188.307255859375,0.9991652654633149,1.0071889743478526,1.095507010896399,6762.086703839243,6756.877815755798,5.208888083444435,17.22194297529849,-12.013054891854054,46.20516752215552,0.010723877388111612,288745.05,1.0336800578919016,0.008685344649576375,0.522915617782681,1.0080304121469006,1.0876876522657841,-0.01628333062999654
2023-01-10,6793.885136228627,6793.885136228627,6638.925357785372,6668.94384765625,263888,ULTRACEMCO,-0.01628333062999654,-0.010481092635450717,-0.04221284085848831,6770.301538085938,6734.903203125,6191.785563964844,0.9850290729505169,0.9902063395004482,1.0770631151163224,6747.7570336572435,6750.364188489165,-2.6071548319214344,13.256123413854505,-15.86327824577594,48.09829686968108,0.010888101950835645,287654.05,0.9173797483470162,0.023236029869664276,0.19371794521421723,1.0052559530394607,1.087715834721572,0.014688757070308256
2023-01-11,6695.638131378489,6777.550802818784,6670.582490702634,6766.90234375,295408,ULTRACEMCO,0.014688757070308256,0.002369691041847366,-0.024397153095257806,6761.8404541015625,6738.7781640625,6195.189057617187,1.000748596433589,1.0041734835311074,1.0922834284499958,6750.702465979206,6751.589237027004,-0.8867710477979927,10.427544521524005,-11.314315569321998,50.56896049998974,0.011502975616865023,291115.5,1.0147450067069599,0.015807574379279755,0.9004522100225192,1.0034223251571113,1.0877437478323526,0.018712691079686428
2023-01-12,6769.793078678084,6906.635417832848,6769.793078678084,6893.529296875,566492,ULTRACEMCO,0.018712691079686428,0.020886232013484607,0.005545477667556087,6763.74130859375,6745.975869140625,6199.413249511719,1.0191887865546168,1.0218728069291436,1.1119647972197935,6772.675824578559,6762.103315534263,10.572509044295657,10.456537426078336,0.11597161821732094,64.0580727445159,0.012039849207157914,307359.6,1.8430919353096504,0.019850838846336354,0.904224664392606,1.0026334869554445,1.08816360478501,0.013357394431541936
2023-01-13,6914.393140675238,6994.378455055175,6878.737036674544,6985.60888671875,462134,ULTRACEMCO,0.013357394431541936,0.038197075289011506,0.03347539424449231,6775.0548828125,6756.01064453125,6203.871469726562,1.0310778300025878,1.0339842925459792,1.126007996910781,6805.434757215511,6778.659283770151,26.77547344536015,13.720324629934698,13.05514881542545,60.95041833557829,0.011875222908619225,316207.3,1.4614906107480758,0.01655423603810583,0.9241658528645805,1.0028188585369777,1.0889991318322756,0.00495941467834915
2023-01-16,7005.942698128132,7068.340881030992,6986.910047744634,7020.25341796875,440500,ULTRACEMCO,0.00495941467834915,0.03553733068012588,0.029515248161692265,6785.118090820312,6763.56203125,6207.704514160157,1.0346545666561877,1.0379521006139587,1.1308936180765563,6838.483781946778,6796.55514556264,41.92863638413837,19.361986980775434,22.566649403362938,61.08446365478049,0.011784513278542538,325671.35,1.3525905794292314,0.011599415069252543,0.4094686113165709,1.0031870868442865,1.0895431662093287,0.01273874230663119
2023-01-17,7015.579505430616,7120.620462311376,6999.052513204936,7109.6826171875,385734,ULTRACEMCO,0.01273874230663119,0.0660882411967143,0.039398419940053,6798.592724609375,6771.3514453125,6211.428481445312,1.045757983332646,1.0499650881522642,1.1446131334242098,6880.206679676121,6819.749773090407,60.45690658571402,27.580970901763152,32.87593568395087,69.25958089985217,0.01204660319073156,320551.9,1.203343358750954,0.017098927709171208,0.9100269009696007,1.0040230195577478,1.0901439927288517,-0.012768334886608668
2023-01-18,7105.2010232825305,7114.8378075267765,7005.942145566797,7018.90380859375,447736,ULTRACEMCO,-0.012768334886608668,0.03724029874267387,0.04787280882717848,6814.625903320312,6778.67443359375,6214.892106933594,1.0299763931537176,1.0354389899313459,1.1293685695304616,6901.544699509603,6834.501923868433,67.04277564117001,35.473331849644524,31.569443791525487,67.44651457050264,0.011365913488094346,323530.35,1.3839072593962205,0.015514625207806752,0.11902827710176832,1.0053036135720568,1.0907147408128255,-0.00976179353816753
2023-01-19,6996.305905133833,6996.305905133833,6925.041691889943,6950.38671875,412001,ULTRACEMCO,-0.00976179353816753,0.008247940848060908,0.028513772774225732,6824.260278320313,6786.5968359375,6217.686166992187,1.0184820676946296,1.0241343175043451,1.1178413532107006,6909.058856315818,6843.085982748548,65.97287356726974,41.57324019316957,24.399633374100176,63.89774013027124,0.011569385338065478,327195.0,1.2591910023074924,0.010253273109486356,0.3556487289534499,1.005549680243767,1.09149877521408,-0.004880573754045825
2023-01-20,6950.386514146286,7001.124091533167,6890.3010673726285,6916.46484375,353292,ULTRACEMCO,-0.004880573754045825,-0.0098980696013784,0.03875147893672892,6837.1614990234375,6793.611455078125,6219.959206542969,1.0115988696095433,1.0180836642607878,1.111979132672503,6910.198238998,6848.521453933841,61.67678506415905,45.59394916736747,16.08283589679158,58.96798743678577,0.01104438769877666,330376.55,1.0693616117729905,0.016023073443463393,0.23608610733696025,1.006410440784446,1.0922276544726714,-0.04561691841535287
2023-01-23,6866.20954745155,6923.982263721904,6581.924380223732,6600.95703125,998103,ULTRACEMCO,-0.04561691841535287,-0.05972667391828568,-0.031700534232310895,6826.356274414063,6793.5218359375,6220.739743652343,0.9669810314458851,0.9716546425642089,1.061120912185023,6862.622668575232,6830.183348549853,32.43932002537895,42.96302333896977,-10.523703313590822,43.9591911770964,0.014257338418317812,363861.0,2.743088706951281,0.051819437981313034,0.05564160905056087,1.0048331983424075,1.0920762024917736,-0.005846985966168505
2023-01-24,6632.035091830316,6647.116565461159,6536.245548024989,6562.361328125,444188,ULTRACEMCO,-0.005846985966168505,-0.07698252067389943,-0.041858890065599175,6812.02158203125,6790.53732421875,6221.279396972656,0.9633500494824028,0.9663979468487788,1.0548250463270172,6816.428616198274,6810.3446803702345,6.0839358280391025,35.58720583678364,-29.503270008744536,41.97466973765649,0.014210646137364322,371313.2,1.1962623467196964,0.016894988235560567,0.2355510096680243,1.0031638524002917,1.091501746011134,-0.015360443628421927
2023-01-25,6558.747613834955,6582.743113419168,6429.662695687351,6461.560546875,509299,ULTRACEMCO,-0.015360443628421927,-0.07940602648469897,-0.0494343451394339,6795.2198486328125,6786.549619140625,6221.312648925781,0.9508979386700867,0.9521127685637142,1.0386169143887507,6761.833528610078,6784.508818629846,-22.675290019768,23.93470666547331,-46.60999668524131,38.58083913585764,0.014475619680814298,383777.4,1.3270687643409955,0.023690936055045082,0.20837316529623912,1.0012775607604392,1.090854937231364,0.001565976557883264
2023-01-27,6489.410788880747,6552.049889159518,6364.229050279011,6471.67919921875,635582,ULTRACEMCO,0.001565976557883264,-0.068874947380963,-0.03818285194698323,6782.373999023437,6783.538125,6220.915727539063,0.9541908482414236,0.9540270991281191,1.0403097361646607,6717.194401011413,6761.336254229024,-44.14185321761124,10.319394688856402,-54.46124790646765,39.80575037780448,0.014383551969138207,393100.7,1.6168427072248917,0.029021963712784208,0.572088537034485,0.9998283895579104,1.090440446728814,0.025626907018779788
2023-01-30,6501.9385727076615,6653.188095294937,6401.282169294413,6637.5283203125,699269,ULTRACEMCO,0.025626907018779788,-0.04032934884206896,-0.010252812721272542,6778.936083984375,6784.94990234375,6221.24384765625,0.9791401243617035,0.9782722666853699,1.066913383054914,6704.938080903888,6752.1652961611335,-47.227215257245916,-1.1899273003640616,-46.037287956881855,44.8442506305815,0.015629768972339177,416448.3,1.6791255961424263,0.03795176665832505,0.9378348289337018,0.9991136532404907,1.0906098633153347,0.02872515992384095
2023-01-31,6673.473979350855,6841.15404756848,6642.202422088354,6828.1923828125,593220,ULTRACEMCO,0.02872515992384095,0.03442460699058203,0.009632494943764947,6782.193334960937,6791.323662109375,6222.923894042969,1.006782326244586,1.0054287974682794,1.0972643244679463,6723.90028119752,6757.796932209383,-33.89665101186347,-7.731272042663944,-26.165378969199523,55.47060585759292,0.01684386376906224,435480.3,1.3622200590933735,0.029136792627711284,0.9348501691066884,0.9986555894546186,1.0913396624712892,0.007882216265314268
2023-02-01,6827.662297588466,6976.068789307396,6728.018032972129,6882.013671875,648015,ULTRACEMCO,0.007882216265314268,0.04870995785922849,0.02113360145548704,6789.314916992187,6797.073935546875,6225.091032714844,1.0136536242634449,1.012496514990651,1.1055281980147467,6748.225418224824,6766.998172184614,-18.772753959789952,-9.939568426089146,-8.833185533700807,54.078041665398125,0.01689017090854654,458465.3,1.4134439400321028,0.036043339662196035,0.6208230975709235,0.9988584766580056,1.0918834599889509,0.003675724566216676
2023-02-02,6842.117302629334,7044.48978622823,6750.615841469377,6907.31005859375,647192,ULTRACEMCO,0.003675724566216676,0.06898480769236581,0.02316804612344714,6797.135180664062,6803.696337890625,6227.81798828125,1.0162090167403326,1.0152290336836591,1.1091059616050254,6772.699978281582,6777.391645251958,-4.691666970375991,-8.889988134946515,4.198321164570524,50.52597327325973,0.016899155872067063,474863.85,1.3629001238986713,0.0425453530051439,0.5332021430241227,0.9990356481387885,1.092468718689755,0.0030066086434272776
2023-02-03,6923.982003107761,6962.577138682277,6871.991359992155,6928.07763671875,364197,ULTRACEMCO,0.0030066086434272776,0.07052241365040102,0.026002613327972712,6805.914306640625,6810.03734375,6230.907009277344,1.0179495839315709,1.0173332813038218,1.1118891080228566,6796.604233425761,6788.553570545794,8.050662879966694,-5.501857931963874,13.552520811930568,47.677781088926416,0.016901479311257583,481245.2,0.7567805351617013,0.013075167952798132,0.6191510139627582,0.9993945646842658,1.092944788553316,-0.008617137168915323
2023-02-06,6896.37211301071,6945.953558987814,6854.452099162287,6868.37744140625,314446,ULTRACEMCO,-0.008617137168915323,0.03477938020803517,0.02077420698518484,6812.903369140625,6814.91837890625,6232.6365893554685,1.0081425009661662,1.0078444171342489,1.102001912503056,6807.64626542276,6794.466449868791,13.179815553969092,-1.7655232347772811,14.945338788746373,43.99114750880729,0.017017656475175332,488958.3,0.6430936953110317,0.013322136211371814,0.15218710467041488,0.9997043237125389,1.0934246335724505,-0.007780008540897776
2023-02-07,6895.071649705219,6943.303570257252,6796.005217894891,6814.94140625,295067,ULTRACEMCO,-0.007780008540897776,-0.0019406273021619347,0.005252348085677427,6814.683740234375,6818.37798828125,6233.910466308594,1.0000378104143122,0.9994959824701481,1.0932048901057547,6808.768594780797,6795.983113304436,12.785481476360474,1.1446777074502699,11.640803768910203,37.99694092306811,0.017060432885058055,488788.15,0.6036705267916171,0.02161403063968736,0.1285566881870148,0.9994581925418005,1.09375616238498,0.025248119223328702
2023-02-08,6855.608213962189,7028.829408291638,6855.608213962189,6987.005859375,559696,ULTRACEMCO,0.025248119223328702,0.015256027160927665,0.04769301091514366,6830.586840820312,6824.573466796875,6236.53525390625,1.0228997920969118,1.0238011054270857,1.1203345407209386,6836.1897124106745,6810.1329463467,26.056766063974464,6.12709537875511,19.929670685219357,48.7816477474275,0.01744594889836661,503578.55,1.1114373318720585,0.02479190626368584,0.7585540898817836,1.0008811355101814,1.0942892469857055,-0.009737313713207074
2023-02-09,6986.669610737883,6986.669610737883,6899.938539708033,6918.97119140625,334529,ULTRACEMCO,-0.009737313713207074,0.001688230688007275,0.022472446022026915,6838.190283203125,6826.553837890625,6239.533947753906,1.0118131998171431,1.0135379220189644,1.1088923065955794,6848.92532456384,6818.1950385733335,30.730285990506673,11.047733501105423,19.68255248940125,48.79963163753013,0.017401043869979715,505534.6,0.6617331434881015,0.012535255405828921,0.2194444444444417,1.001704585591622,1.0940807270305875,0.003663006765041832
2023-02-10,6914.393399778696,6964.4082209933,6887.458396853082,6944.3154296875,407822,ULTRACEMCO,0.003663006765041832,0.0023437660228704527,0.007367217955470684,6840.72958984375,6825.24419921875,6242.347236328125,1.0151425134531764,1.0174457099252772,1.1124526026482766,6863.600725352096,6827.537289766975,36.063435585120715,16.050873917908483,20.012561667212232,51.071175577542384,0.016925342895233068,497601.1,0.8195761625125025,0.011080980540032983,0.7388845064910445,1.002268840523944,1.0933778498412234,-0.0037191081565561834
2023-02-13,6952.94027540035,6986.669022405064,6895.119566249412,6918.48876953125,323236,ULTRACEMCO,-0.0037191081565561834,0.0072959485049413075,-0.009608341703056245,6837.373583984375,6824.130185546875,6245.5667724609375,1.0118635005898868,1.013827195762505,1.1077439440784589,6872.045039841197,6834.274436416181,37.770603425015906,20.394819819329967,17.37578360568594,65.7144168940161,0.016671629776733084,490656.2,0.6587830745846073,0.013232580004875148,0.25526315789474174,1.0019406720090933,1.0926358542249588,-0.0055785614647120285
2023-02-14,6953.084652512125,6967.298910013725,6866.738967071149,6879.8935546875,328419,ULTRACEMCO,-0.0055785614647120285,0.00953084473740784,-0.019993560762634366,6830.3555908203125,6822.98533203125,6248.265158691406,1.0072526185801753,1.0083406631975431,1.1010886029888618,6873.252503663704,6837.653630362205,35.598873301499225,23.435630515763823,12.163242785735402,65.714448653398,0.01666152281219317,485052.15,0.6770797737933951,0.014616496918627583,0.13081339578586265,1.0010802102643341,1.091980759257696,0.00177189219434859
2023-02-15,6878.736943408642,6916.320403872769,6791.668499224189,6892.083984375,404971,ULTRACEMCO,0.00177189219434859,-0.013585486674901781,-0.030605955923610484,6819.475659179688,6821.246865234375,6250.960778808594,1.0106472005802345,1.010384775766093,1.1025639462880459,6876.149654542365,6841.685508437226,34.46414610513875,25.64133363363881,8.822812471499944,73.35462954133689,0.016367716781200282,486014.0,0.83324965947483,0.01808624284486051,0.8055671947725421,0.9997403398396685,1.091231749263107,0.0027824324044767312
2023-02-16,6926.583135030666,6932.509663233217,6849.826242614251,6911.2607421875,264069,ULTRACEMCO,0.0027824324044767312,-0.0011143924444037001,-0.015336164925704665,6814.093505859375,6821.430927734375,6253.518728027344,1.0142597450775472,1.0131687640620823,1.105179506573196,6881.551360333925,6846.839229455765,34.71213087815977,27.455493082543004,7.256637795616765,73.61393885566709,0.016168655936979907,476830.65,0.5538003901385115,0.011963579975250027,0.7430086843692713,0.998924357374174,1.0908148235267503,0.017582972535056918
2023-02-17,6915.356930420901,7124.76408068913,6915.356930420901,7032.78125,1063293,ULTRACEMCO,0.017582972535056918,0.012739314797582724,0.011854668608255237,6818.213232421875,6823.72064453125,6257.436687011719,1.031469830916671,1.0306373335544294,1.123907696037521,6904.8174972056295,6860.612712459042,44.20478474658739,30.805351415351886,13.399433331235507,72.29443667767235,0.016509930698404753,509395.25,2.087363398068592,0.02977586573849842,0.560746466530346,0.9991929018791545,1.0904977526492503,0.017676358815191362
2023-02-20,7035.816190778432,7219.878770211205,7035.816190778432,7157.09521484375,713498,ULTRACEMCO,0.017676358815191362,0.03448823193344097,0.03479094834280749,6830.2447509765625,6830.455791015625,6262.772700195313,1.0478534043484249,1.0478210289067045,1.1427997721553182,6943.62945376534,6882.574379302354,61.05507446298634,36.85529602487878,24.199778438107558,70.05288945015334,0.016873683888888706,527405.55,1.3528450733975022,0.025717497658970415,0.6589010348494754,0.9999691030810359,1.0906440514442763,-0.011619943086689233
2023-02-21,7174.393661548253,7213.1337262926945,7055.0904489230215,7073.93017578125,399493,ULTRACEMCO,-0.011619943086689233,0.028203433607129957,0.07165220774686443,6853.893408203125,6834.18908203125,6268.4378735351565,1.0321039086068617,1.0350796694197908,1.1284996866040289,6963.675718690864,6896.748882745234,66.92683594563005,42.86960400902904,24.057231936601006,61.29675328818598,0.013139757248465478,497475.05,0.8030412781505324,0.022341650743282686,0.1192061261432916,1.002883198860225,1.090253938845697,-0.018363739161364134
2023-02-22,7060.872385578575,7065.546320423447,6930.775787782327,6944.0263671875,402548,ULTRACEMCO,-0.018363739161364134,0.007536527838351681,0.05815971111294327,6872.97666015625,6833.81228515625,6273.336628417968,1.010337545221583,1.0161277596504437,1.1069111668153329,6960.652741536501,6900.250918629847,60.40182290665416,46.37604778855407,14.025775118100093,51.9242550564955,0.01388755805868766,495393.05,0.8125830590477602,0.019408125130104453,0.09831955951719834,1.005730970264587,1.0893425125951872,-0.003996803120037806
2023-02-23,6978.766633979944,7002.08784143356,6882.688171772677,6916.2724609375,286748,ULTRACEMCO,-0.003996803120037806,0.0007251526077445281,0.07037184140948916,6895.712255859375,6833.41525390625,6277.417028808593,1.002981592664435,1.0121252995687458,1.1017704302895672,6953.825006059731,6901.437699541524,52.38730651820697,47.57829953448466,4.809006983722313,49.385803439825914,0.013321128200331985,484265.5,0.5921297304887505,0.017263586756485046,0.28127623183722544,1.0091165251398286,1.0885711786465748,0.005538554555231778
2023-02-24,6950.868357056862,6978.766566478262,6905.62346460286,6954.57861328125,206602,ULTRACEMCO,0.005538554555231778,-0.011119731147439027,0.07461732870207705,6919.8572265625,6835.39658203125,6281.814721679688,1.0050176449573944,1.0174360082578535,1.1070970605484003,6953.940945632272,6905.374063522245,48.56688211002711,47.77601604959315,0.7908660604339559,54.58696526544327,0.013320550795192265,462816.5,0.44640154359233086,0.010517258620920556,0.6693064338696568,1.012356363455674,1.0881245125618,-0.004163946905201055
2023-02-27,6957.758889825216,6972.21406757416,6877.243737982057,6925.6201171875,295092,ULTRACEMCO,-0.004163946905201055,-0.032342045300190025,0.04340347535593447,6934.26181640625,6838.722236328125,6286.809008789062,0.9987537679644135,1.012706742262138,1.101611343291226,6949.583895102307,6906.8737712011525,42.710123901154475,46.76283761990542,-4.052713718750944,56.04699728315965,0.01236993157964719,442607.65,0.6667123805926083,0.01371289905959657,0.5093841351632586,1.0139703846386108,1.0877890877180265,0.010387227001192212
2023-02-28,6921.186588691491,7019.385798688038,6902.057947992376,6997.55810546875,429256,ULTRACEMCO,0.010387227001192212,-0.010796271438184735,0.024803888519978834,6942.7301025390625,6842.29361328125,6292.109809570313,1.0078971819615508,1.0226918780401535,1.1121163357361388,6956.96454285099,6913.591129295049,43.373413555941625,46.084952807112664,-2.7115392511710397,50.64735495396834,0.010891518679512395,434409.45,0.9881368833021473,0.016766970552765798,0.8139598305954866,1.0146787751205035,1.0874402736700663,0.0017696603007228973
2023-03-01,6964.504062068571,7077.254439163081,6957.7583130116345,7009.94140625,317216,ULTRACEMCO,0.0017696603007228973,0.009492337093356618,0.01858870680507474,6949.126489257813,6845.688642578125,6298.3528515625,1.0087514476943535,1.023993607107731,1.1129801031250526,6965.114829527762,6920.728186847267,44.38664268049433,45.745290781788995,-1.358648101294662,55.98979683038163,0.010781768991816132,417869.5,0.7591269523140598,0.017046665474964553,0.4366927608366982,1.015109925689044,1.0869014175475802,0.002069048143122698
2023-03-02,7009.9416691559645,7063.763205973735,6989.41550590276,7024.4453125,180178,ULTRACEMCO,0.002069048143122698,0.015640339817936777,0.01695815779407739,6954.983251953125,6852.212744140625,6304.213518066406,1.00998737998792,1.025135321215275,1.1142460978470317,6974.242596138875,6928.410936895618,45.83165924325749,45.762564474082694,0.06909476917479651,55.35243920099256,0.0107665721555461,394518.8,0.4567032040044733,0.010584138214966765,0.471161939963163,1.0149981490140363,1.086925867041746,-0.010049169807669456
2023-03-03,7063.762804107058,7083.036372467514,6927.161388352328,6953.85546875,408754,ULTRACEMCO,-0.010049169807669456,-0.00010398107081122099,0.003720777015348009,6956.272143554687,6856.135869140625,6309.117583007813,0.9996525905319954,1.0142528680111504,1.1021914518566975,6971.106115002125,6930.295717032979,40.810397969145924,44.77213117309534,-3.9617332039494144,52.22908922819736,0.011024568163404335,396746.65,1.0302645277534164,0.022415620344091818,0.17125313948995274,1.0146053515165554,1.0867028199959503,-0.0021270939513657883
2023-03-06,6980.887520428968,6991.969823919434,6929.812556516387,6939.06396484375,154817,ULTRACEMCO,-0.0021270939513657883,0.0019411760143883683,0.010291589831881387,6959.806469726563,6861.74833984375,6314.719743652344,0.9970196721743575,1.0112676276031658,1.0988712478996407,6966.176553439298,6930.945216870814,35.23133656848404,42.863972252173085,-7.632635683689045,53.84475296127296,0.010844081442347034,388765.2,0.39822751624888236,0.008957586746276136,0.14883872335271334,1.0142905459405185,1.0866275335087179,0.009256077757808345
2023-03-08,6952.892283847201,7018.904260167282,6926.246197260653,7003.29248046875,237790,ULTRACEMCO,0.009256077757808345,0.000819482298477503,0.02763795944687253,6969.2240234375,6865.472958984375,6320.374514160157,1.0048884146809856,1.020074293833467,1.1080502373361871,6971.886696059213,6936.304273433624,35.58242262558906,41.40766232685628,-5.825239701267222,56.76834664585638,0.010822931092547663,385901.35,0.6161937500348211,0.013230643038976224,0.8315119137094006,1.0151120054034084,1.0862446431936874,-0.003343781590453121
2023-03-09,7003.05127844546,7036.057265274518,6945.327033545618,6979.875,158808,ULTRACEMCO,-0.003343781590453121,-0.00428910949572181,-0.001020588721194815,6968.86748046875,6868.08935546875,6326.929548339844,1.0015795277442283,1.0162760905902075,1.103200999263772,6973.115665896257,6939.531734660763,33.583931235494674,39.842916108583964,-6.25898487308929,54.15454006833074,0.009289470231527031,365856.95,0.43407129480525103,0.012998833321355973,0.3807767906689646,1.0146733858259656,1.0855327695676498,-0.0022850292806103623
2023-03-10,6938.484764555851,6979.874941751751,6877.194721693052,6963.92578125,154319,ULTRACEMCO,-0.0022850292806103623,-0.008615560169897729,0.006497293976246876,6971.115209960937,6871.415966796875,6333.63599609375,0.9989686831311202,1.0134629914562208,1.099514684068516,6971.70183748914,6941.33870107478,30.36313641436027,37.94696016973923,-7.583823755378958,45.21971882932332,0.009024442970639862,356846.45,0.4324521093035954,0.0147445885099982,0.8446715395366952,1.0145092719820508,1.084908569269658,-0.020867865366439253
2023-03-13,6962.576985761132,6994.378375453883,6798.558721006134,6818.603515625,176576,ULTRACEMCO,-0.020867865366439253,-0.019449922957532007,-0.018102851942046194,6964.829614257813,6873.21611328125,6339.97921875,0.979005071662705,0.9920542877226396,1.0754930387562638,6948.148249510042,6932.247205856278,15.901043653763736,33.53777686654413,-17.636733212780392,27.166319389776433,0.010149197179357696,345284.15,0.5113932973755094,0.02871843978008445,0.10236354810959318,1.0133290586919763,1.0841070413849692,-0.0016463890579684337
2023-03-14,6822.844294278622,6856.57304432096,6737.07690131382,6807.37744140625,210976,ULTRACEMCO,-0.0016463890579684337,-0.018977562983232277,-0.016060057597307886,6959.2740478515625,6875.2379296875,6345.873217773437,0.9781734983561675,0.990129725112752,1.0727250935836912,6926.491202109458,6922.997593674794,3.4936084346636562,27.528943180168035,-24.03533474550438,30.0863811128864,0.010129071541958154,339671.15,0.6211183964254838,0.01755391764827066,0.5883080267137104,1.0122230123558622,1.0834187343093185,0.005209479117360916
2023-03-15,6867.173214949786,6926.921283898268,6824.96428349174,6842.84033203125,265536,ULTRACEMCO,0.005209479117360916,-0.022910959221677518,-0.005385726154295556,6957.42138671875,6876.8337890625,6351.591203613281,0.9835311032178923,0.9950568156692523,1.0773426866858982,6913.621837482042,6917.060018738235,-3.4381812561932747,21.335518292895774,-24.77369954908905,41.19863580957397,0.010146219177681682,336527.0,0.7890481298677372,0.01489980701862467,0.17532929046787848,1.011718706621123,1.082694645894468,0.0005421668134113489
2023-03-16,6876.4243261535385,6890.108278381468,6819.036989756368,6846.55029296875,459814,ULTRACEMCO,0.0005421668134113489,-0.019101302964773748,-0.006606665198723549,6955.144702148437,6878.973154296875,6356.586828613281,0.9843864629953504,0.9952866713387488,1.0770796462891008,6903.3031383261505,6911.837076088644,-8.533937762493224,15.361627081817977,-23.895564844311203,43.67068464636489,0.010137228662853074,339269.15,1.3553074306933004,0.010380598342801766,0.3871226165254204,1.0110730985777991,1.0821803177976184,0.02608878287886629
2023-03-17,6899.11902353507,7043.429882766576,6899.11902353507,7025.16845703125,383505,ULTRACEMCO,0.02608878287886629,0.008794274623968867,0.016481466854294524,6960.840087890625,6884.458427734375,6362.5716015625,1.0092414663069955,1.0204387942456037,1.104139787645931,6922.051648896166,6920.2319931955035,1.8196557006622243,12.653232805586827,-10.833577104924602,55.10706725864295,0.011723560717454149,345240.95,1.1108328835267078,0.020541978475558234,0.8734577159849711,1.0110947957574328,1.0820245112909552,-0.006412977335605197
2023-03-20,7010.760998630585,7019.8194823065305,6840.189906292769,6980.1162109375,520041,ULTRACEMCO,-0.006412977335605197,0.023687063625622118,-0.00748850805824508,6958.2068359375,6889.010849609375,6368.843498535156,1.0031487099358478,1.013224737675263,1.0959786046780609,6930.984658440986,6924.667861176392,6.316797264594243,11.38594569738831,-5.0691484327940675,53.85298398433508,0.011137748344039796,318078.35,1.634946232587034,0.025734467820505782,0.7789714130038988,1.0100444008347074,1.081673753043839,0.015124504749050693
2023-03-21,6979.923297525267,7092.6736807657,6974.237688548011,7085.68701171875,350524,ULTRACEMCO,0.015124504749050693,0.04088352272340101,-0.00997726046411962,6954.63642578125,6896.152666015625,6375.488981933594,1.0188436286117974,1.0274840704494774,1.1113950681740121,6954.78502048372,6936.595205661011,18.189814822708286,12.746719522452306,5.44309530025598,55.94801517520294,0.010933514367855298,299929.65,1.1686873905264117,0.01671482130410393,0.94100890349187,1.0084806358846774,1.081666470690711,0.005970511498925024
2023-03-22,7092.673466047994,7178.537310948642,7085.9277168275685,7127.9921875,381601,ULTRACEMCO,0.005970511498925024,0.0416715635076208,0.0076424293674597354,6957.339526367187,6903.125830078125,6383.922194824218,1.0245284365505043,1.0325745702681666,1.116553737650349,6981.432276947762,6950.772759871307,30.659517076454904,16.329279033252828,14.330238043202076,57.65819529018836,0.010692067419796326,299035.05,1.2761079345046678,0.012992381540972799,0.45421288227911316,1.0078534996498028,1.0813298814441774,0.0015277986328110504
2023-03-23,7103.274215465569,7193.859994363109,7091.180238522706,7138.88232421875,232908,ULTRACEMCO,0.0015277986328110504,0.04269771180242676,0.02806094716921015,6967.08232421875,6912.524599609375,6392.876970214844,1.024658815843584,1.032746028075208,1.1166932130056049,7005.655361143299,6964.706801674821,40.94855946847838,21.25313512029794,19.69542434818044,57.45873408987767,0.009733570006929058,290553.05,0.8016023235687941,0.014383169686389261,0.46457147570732915,1.007892590300866,1.0812854105930132,-0.0003105243614227593
2023-03-24,7135.075551941808,7161.287795132281,7061.402143039134,7136.66552734375,228994,ULTRACEMCO,-0.0003105243614227593,0.015871088500505115,0.03186587394452878,6978.101977539062,6919.91986328125,6401.945942382812,1.0227230198577018,1.0313219904774626,1.1147650404382319,7025.810771327984,6977.444485057705,48.36628627027949,26.675765350294252,21.690520919985236,63.081010409744366,0.00966003303051786,287665.35,0.7960430409849502,0.01399612349919444,0.7534954493206928,1.0084079173469247,1.0809088245293192,0.0060156442053378445
2023-03-27,7137.966071918946,7211.639475500991,7123.944739096964,7179.59716796875,251626,ULTRACEMCO,0.0060156442053378445,0.028578457865597207,0.03235545490244074,6989.3529052734375,6925.641220703125,6411.341440429687,1.0272191525129277,1.0366689435927554,1.1198276109106386,7049.4702169650245,6992.41875786593,57.051459099094245,32.75090410005426,24.30055499903999,66.54510597879752,0.00967081782016237,289916.55,0.8679256151468414,0.012214436876106335,0.6346153846153818,1.0091993914411646,1.0802171877838673,-0.006321896732242593
2023-03-28,7212.169993712384,7239.056530124877,7100.7206677557615,7134.20849609375,249783,ULTRACEMCO,-0.006321896732242593,0.006847816491859282,0.030118368518162075,6999.78232421875,6928.613212890625,6420.749304199218,1.0192043360276926,1.0296733670773563,1.111117746246209,7062.506875292521,7002.921701438361,59.58517385415962,38.11775805087533,21.46741580328429,59.244677989945586,0.009750662302734175,287651.1,0.8683540580932944,0.019390498952316818,0.24207626109731675,1.0102717685547398,1.0790972960678062,0.022645896452768488
2023-03-29,7150.301584395818,7323.9566392447905,7131.220938212034,7295.76904296875,445346,ULTRACEMCO,0.022645896452768488,0.023537744017589013,0.042616428903525794,7014.69287109375,6934.123525390625,6430.8253125,1.0400696334166337,1.0521544671441012,1.1344996463809247,7098.393362627326,7024.614097107279,73.77926552004647,45.25005954470956,28.529205975336907,68.66534681802419,0.010677951819553973,288455.6,1.543897917045119,0.026417461942343783,0.853750000000001,1.0116192544606546,1.0782633936444102,0.006789238331425418
2023-03-31,7299.960874006271,7366.647141819039,7272.929410588429,7345.3017578125,378456,ULTRACEMCO,0.006789238331425418,0.02891481106131555,0.04784067827778071,7031.460888671875,6938.835908203125,6441.89109375,1.0446338071290764,1.058578391964688,1.140239977813192,7136.379269578891,7048.368738640999,88.01053093789142,53.80215382334593,34.208377114545485,71.67430899886003,0.010727596912041722,291517.6,1.2982269338112005,0.012758867412210906,0.7722375080334117,1.0133487780506885,1.0771426910546913,0.0024074700173062347
2023-04-03,7392.281082947352,7455.980323936792,7304.77926607165,7362.9853515625,360584,ULTRACEMCO,0.0024074700173062347,0.031712264411386304,0.04819455828918873,7048.387890625,6945.7175390625,6452.698193359375,1.0446339596826024,1.0600755516119535,1.1410707785992413,7171.241743730216,7071.673672931481,99.56807079873488,62.95533721842373,36.61273358031115,86.18841055776349,0.010727324738118183,300537.9,1.1997954334544827,0.02053529249967273,0.38495818953042243,1.0147818207384744,1.076405145712611,0.006733891295631622
2023-04-05,7299.864507741136,7419.986936521669,7299.864507741136,7412.56689453125,233489,ULTRACEMCO,0.006733891295631622,0.032448857660409836,0.06596505030089528,7071.323461914062,6954.961142578125,6463.630793457031,1.048257364332874,1.06579558714594,1.1468116189487187,7208.368690007298,7096.925022679612,111.44366732768594,72.65300324027618,38.790664087409766,88.27866634876594,0.010351187160257324,291774.65,0.8002374435201961,0.016205240436906666,0.938229337637056,1.0167308367294203,1.0760146061588876,0.0012870747042821318
2023-04-06,7410.68773742916,7449.234877805904,7390.306031064185,7422.107421875,227682,ULTRACEMCO,0.0012870747042821318,0.04035471151969916,0.06961219257792606,7095.475634765625,6965.073994140625,6475.324460449218,1.046033811392288,1.0656178854838951,1.1462139800420286,7241.251571833099,7121.012607805196,120.23896402790251,82.17019539780145,38.06876863010106,87.88126690359641,0.010285792307069297,295417.9,0.7707115919516048,0.007939638082849558,0.539657444005281,1.0187222189936103,1.0756332036614935,-0.0007271482814090735
2023-04-10,7422.107142777789,7489.709093562205,7389.486532351389,7416.71044921875,226983,ULTRACEMCO,-0.0007271482814090735,0.01657692363035479,0.05903194388967292,7116.146533203125,6981.3890625,6487.604138183594,1.0422368924829228,1.0623545519124618,1.1432125467654208,7268.245245277045,7142.916151613607,125.32909366343756,90.80197505092868,34.527118612508886,87.20362959753268,0.0102297779862176,294877.55,0.7697534112040744,0.013513074549293468,0.2716346153846161,1.0193023866019677,1.0761120613710344,0.005873034150145173
2023-04-11,7434.779558661301,7510.862163750308,7434.779558661301,7460.26904296875,354799,ULTRACEMCO,0.005873034150145173,0.01565181240293767,0.06882559400687693,7140.166235351562,6999.347216796875,6499.354228515625,1.044831282223141,1.065852116189602,1.1478477369701061,7297.787367998846,7166.42377319547,131.36359480337615,98.91429900141817,32.44929580195797,84.46559883903527,0.010139895196846323,304677.1,1.1645082613691677,0.010198372826877418,0.3350238109963425,1.0201188788315505,1.0769296411153515,-0.007569657255286799
2023-04-12,7468.508279620606,7510.910133079097,7396.232393043633,7403.79736328125,264416,ULTRACEMCO,-0.007569657255286799,0.005542862000952997,0.06316431217799323,7162.159814453125,7018.191953125,6510.411862792968,1.0337380839143666,1.0549436967144439,1.1372241141292432,7314.0965980422925,7184.007002090713,130.0895959515792,105.14935839145039,24.94023756012882,82.96465707523336,0.010361774802368107,310181.95,0.8524545029135319,0.015489043582446264,0.06596720719537463,1.020513525747044,1.0779950794256192,-0.0035923684379393084
2023-04-13,7425.191198724166,7467.545059074043,7351.373798477,7377.2001953125,292568,ULTRACEMCO,-0.0035923684379393084,-0.004771181120111323,0.08192244620287159,7190.0896484375,7036.302373046875,6521.379387207031,1.0260233955380045,1.048448432740961,1.1312330961428696,7323.80484377617,7198.317608996032,125.48723478013835,109.21693366918798,16.27030111095037,75.85915051279187,0.008869664443774624,315981.55,0.9259021610597201,0.015747337407334965,0.22231313237688777,1.0218562630252672,1.0789592132685866,0.011390868163933643
2023-04-17,7377.199955390641,7539.820704872653,7367.370246314601,7461.23291015625,488286,ULTRACEMCO,0.011390868163933643,0.005271479656294931,0.09605100853860216,7222.782421875,7052.77646484375,6532.765400390625,1.033013660713228,1.0579142763631528,1.1421247286348455,7344.947623219259,7217.792816489381,127.15480672987815,112.80450828132602,14.350298448552124,77.5231181820015,0.008913234363103822,329847.05,1.4803406609214786,0.023112863602382877,0.5442877022565423,1.024104827067565,1.0796004498220664,-0.019005726540277657
2023-04-18,7496.454677652594,7496.454677652594,7295.045881196829,7319.4267578125,437232,ULTRACEMCO,-0.019005726540277657,-0.013116824779980107,0.06964745670746608,7246.611743164062,7062.60115234375,6543.16451171875,1.0100481462549895,1.0363641666758319,1.1186371280598968,7341.021336233604,7225.321256587389,115.70007964621527,113.38362255430388,2.3164570919113885,62.26026084574927,0.01035840871440104,338431.85,1.2919351414472369,0.027517017810279758,0.12105169706937569,1.0260542237698427,1.0793861501869155,-0.010453772888475155
2023-04-19,7328.774981138618,7356.721657595294,7206.869651077602,7242.9111328125,341302,ULTRACEMCO,-0.010453772888475155,-0.029135398322009398,0.05789205116199958,7266.42978515625,7069.8191015625,6552.740517578125,0.9967633827011178,1.0244832334128247,1.1053254914310966,7325.927458784204,7226.624210381841,99.30324840236244,110.56754772391561,-11.264299321553167,56.553531252541255,0.010801686819737455,332506.25,1.0264528862239433,0.020689471922252275,0.24051384143890642,1.027809860587564,1.0789102792331362,-0.005335362256818743
2023-04-20,7297.551939719394,7323.95663664227,7175.164769607082,7204.267578125,263429,ULTRACEMCO,-0.005335362256818743,-0.02694965507103253,0.025493925475124524,7275.384741210937,7075.758251953125,6562.063420410156,0.9902249618933417,1.018161915881793,1.0978661918623613,7307.210554067403,7224.968163548002,82.24239051940094,104.90251628301269,-22.660125763611745,51.52983395737842,0.009447598240094461,326502.45,0.8068208982811614,0.02065329548377384,0.19559408116732166,1.028212734543709,1.0782825155187026,-0.015690637466670876
2023-04-21,7227.636526666307,7244.40490849504,7072.6772167809495,7091.22802734375,388408,ULTRACEMCO,-0.015690637466670876,-0.0387643225610792,0.015918333312580524,7280.94033203125,7079.021259765625,6570.602902832031,0.9739439830521761,1.0017243580899389,1.079235517989882,7273.982473032995,7215.061486792131,58.920986240863385,95.70621027458283,-36.785224033719444,47.5410532149785,0.010054606152079783,319920.8,1.2140754836822114,0.024216918572059643,0.1080245729598796,1.0285235860800779,1.077377732980098,0.011150302265363399
2023-04-24,7083.036469551679,7187.113740124683,7043.091810358689,7170.29736328125,513771,ULTRACEMCO,0.011150302265363399,-0.03899295872120245,0.011941022997849826,7285.170849609375,7085.059658203125,6579.5904296875,0.9842318747632001,1.0120306263024104,1.089778678461268,7258.030917686572,7211.745625791325,46.2852918952467,85.82202659871561,-39.53673470346891,42.07350101484949,0.009793274213469767,328083.15,1.5659780150245448,0.02008590752505239,0.8832373870371238,1.0282441081741014,1.0768238135667105,-0.0001813443575449103
2023-04-25,7185.090218451939,7234.768125964038,7155.601563127519,7168.9970703125,285446,ULTRACEMCO,-0.0001813443575449103,-0.020552113229282187,0.005752655408967522,7287.22109375,7092.140771484375,6588.167102050781,0.9837765285399537,1.0108368264681298,1.08816260414538,7244.333402705945,7208.579066126227,35.754336579718256,75.80848859491614,-40.054152015197886,38.1394080741057,0.009713297211752793,323275.4,0.8829808887406836,0.011042906289410452,0.16920662846817622,1.0275065496514102,1.0764967951824895,0.0023792908183608574
2023-04-26,7192.896410760509,7208.315266946491,7034.853134854196,7186.05419921875,230254,ULTRACEMCO,0.0023792908183608574,-0.007850011211123609,0.006607739539278956,7289.5796875,7096.12173828125,6596.745942382812,0.9857981539787852,1.0126734664728683,1.0893331745656214,7235.3673714002225,7206.9105574664145,28.456813933808007,66.33815366269451,-37.8813397288865,38.08722261709933,0.009720679367471646,323142.7,0.7125458814325684,0.024138717477409723,0.8716661241319452,1.0272624901818,1.075700322592393,0.005900575516583295
2023-04-27,7188.078019154343,7235.298266230166,7166.780629935405,7228.4560546875,205177,ULTRACEMCO,0.005900575516583295,0.003357520566829919,0.01286182279273973,7294.169213867188,7102.311435546875,6605.436657714844,0.9909910015448012,1.0177610655749725,1.0943191842200164,7234.304091905958,7208.506520223532,25.79757168242577,58.230037266640764,-32.432465584214995,37.48279568678822,0.009796571532184356,321951.85,0.6372909489415887,0.0094788756791747,0.9001394106295398,1.0270134279609409,1.0752220940990638,0.007372460108087786
2023-04-28,7239.15278132649,7303.719239839386,7217.951854650614,7281.74755859375,457487,ULTRACEMCO,0.007372460108087786,0.026866930595851324,0.014227872154267462,7299.2767333984375,7109.060078125,6613.92384765625,0.9975985052430631,1.0242911831621904,1.1009723919295131,7241.603086781003,7213.931782325029,27.671304455973768,52.118290704507366,-24.446986248533598,40.99312868749471,0.009840032085626596,332244.9,1.3769571782742187,0.011778406831413898,0.7438224192415667,1.026756934557178,1.0748627050860602,-0.01318123446365893
2023-05-02,7271.436060538335,7306.610325492235,7169.767979644187,7185.76513671875,544731,ULTRACEMCO,-0.01318123446365893,0.0021572011108925704,0.0072266798276541255,7301.854565429688,7114.40560546875,6621.879384765625,0.9841013775787102,1.0100302871676514,1.0851549415488309,7233.012632925273,7211.845364131971,21.167268793301446,45.92808632226618,-24.760817528964736,36.723734115390926,0.010212090974360386,346992.3,1.5698648067983065,0.0190435316552155,0.11690209617077497,1.0263478033662923,1.074378615508497,0.006785945004252669
2023-05-03,7250.716954153259,7268.063166962238,7164.419733647043,7234.52734375,384431,ULTRACEMCO,0.006785945004252669,0.009140786750892582,-0.008394138967127929,7298.79248046875,7121.49828125,6630.077531738281,0.9911951001633872,1.0158715284391195,1.0911678346321303,7233.2456653598465,7213.525510770344,19.720154589502272,40.6864999757134,-20.96634538621113,37.1000496110084,0.008929780394196467,343946.55,1.1177056435076904,0.014326220413657506,0.6764307960519723,1.024895631820279,1.0741199099345793,-0.000659340867012026
2023-05-04,7241.755310256072,7255.535725154849,7213.181865118008,7229.75732421875,232203,ULTRACEMCO,-0.000659340867012026,0.006081658137890411,-0.015730386225570103,7293.0152587890625,7128.251748046875,6638.179248046875,0.9913262303278362,1.0142398977701212,1.08911752064332,7232.708997491985,7214.727867322078,17.981130169907374,36.1454260145522,-18.164295844644826,39.429947759742255,0.008768768098104904,336633.9,0.6897790151259275,0.005858268561098327,0.3913565159426718,1.0231141542927875,1.073826343291979,0.016868150789823178
2023-05-05,7246.861933941474,7390.353560838087,7232.88859643587,7351.7099609375,319654,ULTRACEMCO,0.016868150789823178,0.01705120779838909,-0.0015313612735365911,7292.451489257813,7137.060732421875,6647.251960449219,1.0081260014916764,1.0300752980201677,1.1059773278762062,7251.016838022065,7224.874689071368,26.142148950696537,34.14477060178107,-8.002621651084532,48.61258759695197,0.00960009847373107,334587.4,0.9553677155804432,0.021418821639984462,0.75458921895871,1.0217723741833997,1.07368590432362,0.013979993228084853
2023-05-08,7352.866733425063,7472.362863824107,7343.229948715462,7454.48681640625,295156,ULTRACEMCO,0.013979993228084853,0.02372222552656833,0.005655250397258005,7294.5474853515625,7145.49484375,6656.742258300781,1.0219258742747055,1.0432429075120695,1.1198400850071524,7282.319911619632,7241.882994799878,40.436916819753606,35.40319984537558,5.033716974378024,49.640158105402215,0.009997421146665408,337670.75,0.874094069444866,0.01732284438741535,0.8615686217350763,1.0208596668055727,1.0734221885847777,-0.00248205434685711
2023-05-09,7477.133635995068,7538.85705694152,7408.278617568443,7435.984375,289797,ULTRACEMCO,-0.00248205434685711,0.03482151636193165,0.0018696782916534094,7295.2413330078125,7151.072626953125,6666.446184082031,1.0192924449744227,1.0398418199492219,1.1154345463337652,7305.960598293535,7256.260874814701,49.69972347883413,38.26250457206729,11.437218906766837,57.15898335298697,0.010013932791933822,340776.5,0.8504019496649563,0.01756034343107081,0.21217712177121748,1.0201604309696564,1.072696370673219,0.0034927022943751496
2023-05-10,7478.145666365284,7492.600844844083,7441.525880885661,7461.9560546875,234884,ULTRACEMCO,0.0034927022943751496,0.03143656802043582,0.006100495061596378,7297.50361328125,7158.83314453125,6675.935026855469,1.0225354381609282,1.0423425024772104,1.1177394664073395,7329.959899277223,7271.497554805279,58.46234447194365,42.302472552042566,16.159871919901086,64.34438495560508,0.010039100364984689,341171.55,0.6884630327470154,0.0068447151905080186,0.4000036851415187,1.0193705406943216,1.0723341548012695,0.011913556827255034
2023-05-11,7507.055118457641,7570.4649721897085,7468.604442447935,7550.8544921875,320219,ULTRACEMCO,0.011913556827255034,0.044413270538572025,0.012142383699167869,7302.032885742187,7170.96970703125,6685.028278808593,1.0340756622626497,1.0529753716270431,1.1295172102896796,7363.943682801881,7292.190661278037,71.75302152384393,48.192582346402844,23.560439177441083,71.2949729211443,0.010301378210384739,339442.55,0.9433672944066677,0.013489934132244712,0.8074771449557249,1.018276911500885,1.0726910056256729,-0.016910273115560814
2023-05-12,7555.191434802906,7632.333710412546,7412.422088770334,7423.16748046875,246799,ULTRACEMCO,-0.016910273115560814,0.009719850199604085,0.0026162408608809695,7303.001391601562,7181.107607421875,6692.987473144532,1.016454342868588,1.0337078743669985,1.109096275804198,7373.055036289092,7301.892647884756,71.16238840433562,52.786543557989404,18.37584484634621,70.03439796488531,0.010888826854945443,338561.7,0.7289631402488822,0.029625038397803324,0.04886231849946649,1.016974231670572,1.0729300833500608,0.00752954403269368
2023-05-15,7448.174369844365,7492.6000410458355,7436.224851026392,7479.060546875,183594,ULTRACEMCO,0.00752954403269368,0.0032965019690780473,0.01380745389385285,7308.094409179687,7191.59724609375,6701.211044921875,1.0233940789654499,1.0399721078564836,1.1160759595151943,7389.363576379232,7315.016195958107,74.3473804211244,57.098710930616406,17.248669490507993,69.17194161587778,0.01096935206813133,333113.0,0.5511463077093959,0.007537736814150978,0.7598323985042761,1.0161990666467335,1.0731787430487636,-0.008020896361952246
2023-05-16,7487.781865445275,7521.847994167564,7405.869193815565,7419.07177734375,250490,ULTRACEMCO,-0.008020896361952246,-0.0022744261960946366,-0.0056506924954868865,7305.986352539063,7201.466279296875,6708.934892578125,1.0154784609973144,1.03021683218492,1.1058494226186673,7393.934068835311,7322.724016801488,71.21005203382356,59.92097915125784,11.28907288256572,64.4729874003937,0.01083561873786844,321223.2,0.77980046273121,0.015632521672882742,0.11383617944067817,1.0145137211213038,1.0734142445268953,0.00022732270129122156
2023-05-17,7436.706991753348,7478.097171587175,7375.031567693193,7420.75830078125,205629,ULTRACEMCO,0.00022732270129122156,-0.0055210394706586285,0.013844191126114014,7311.0529296875,7209.930283203125,6715.095759277344,1.0150054133308593,1.0292413392774806,1.1050859982940655,7398.060873750071,7329.985815614804,68.07505813526677,61.55179494805963,6.523263187207142,63.82946401958268,0.00989387898323154,309643.05,0.6640840154494022,0.013888823718073505,0.4436662801208989,1.0140254680020913,1.0736898685684617,-0.012505829002034674
2023-05-18,7463.496849525446,7485.709920655932,7310.946735466904,7327.95556640625,157714,ULTRACEMCO,-0.012505829002034674,-0.029519695553910208,0.011741747487205023,7315.305151367187,7216.29056640625,6721.155766601562,1.0017293079068204,1.0154740165979221,1.0902820617281284,7387.275441851021,7329.835426784541,57.440015066480555,60.72943897174382,-3.289423905263263,55.53410682734021,0.010025770109779775,300463.65,0.5249020971422,0.023848832543444994,0.09732502254950731,1.013720980890359,1.0736681036712594,0.010145823600798964
2023-05-19,7359.612940238513,7409.8686815140445,7309.598118595698,7402.3037109375,138709,ULTRACEMCO,0.010145823600798964,-0.0028106289648112126,0.027488725351320298,7325.206958007812,7223.847734375,6727.507263183594,1.010524856617929,1.0247037289716545,1.10030408312552,7389.587483248941,7335.203447832908,54.38403541603293,59.460358260601645,-5.076322844568715,56.55180136789642,0.010137830056960923,294227.65,0.47143427886536154,0.013545859077652904,0.9245544219921763,1.0140311960273596,1.0737777681649843,0.004471857961237058
2023-05-22,7376.958756081881,7456.94406983169,7372.140363687314,7435.40576171875,139603,ULTRACEMCO,0.004471857961237058,-0.00583693431583332,0.04853570256771489,7342.415844726563,7233.478740234375,6733.3741455078125,1.0126647576163879,1.027915616916271,1.1042614892682445,7396.636449167373,7342.625841454082,54.01060771329139,58.37040815113959,-4.3598004378482,64.56237453202296,0.009317573973967024,281787.4,0.4954195964759247,0.011405390487361044,0.7460216175426134,1.015060126448738,1.0742725094312795,-0.007957860508384984
2023-05-23,7396.232167854562,7470.820786421813,7348.337160256,7376.23583984375,149291,ULTRACEMCO,-0.007957860508384984,-0.005773759681205859,0.028721051042750467,7352.7127685546875,7242.222177734375,6739.252272949218,1.0031992370747385,1.018504494728343,1.0945184333655722,7393.497893886815,7345.115470964428,48.38242292238738,56.372811105389154,-7.990388183001777,58.16716317441521,0.009354189441570375,263563.4,0.5664329721046245,0.016605166757846974,0.22777476844114614,1.015256448657431,1.0746328946319512,-5.87825226056049e-05
2023-05-24,7372.140456046457,7404.857529033903,7314.367742293363,7375.80224609375,160565,ULTRACEMCO,-5.87825226056049e-05,-0.00605814835429519,0.02884715585080233,7363.05302734375,7249.672373046875,6744.775866699219,1.001731512553645,1.0173980100832978,1.0935577981931288,7390.775486534036,7347.388565418451,43.3869211155843,53.775633107428185,-10.388711991843884,58.45937069748657,0.009353098747607334,257319.35,0.623991161177735,0.012268467038750053,0.6789109137425313,1.0156394176816053,1.0748574179967145,-0.004187441739487707
2023-05-25,7366.647265556669,7389.583095861254,7318.4633412354415,7344.91650390625,257361,ULTRACEMCO,-0.004187441739487707,0.0023145524486740676,0.02210702845864576,7370.996142578125,7256.973203125,6749.6043774414065,0.996461856963779,1.0121184546669375,1.0881995585481279,7383.720258437453,7347.205449750881,36.514808686571996,50.323468223256945,-13.80865953668495,49.56009300872605,0.009434206509407479,258674.7,0.9949214206105197,0.009682854064847302,0.3719523894589962,1.0157121896776502,1.0751701577324038,0.013133419166330595
2023-05-26,7391.413550440805,7468.507824760918,7356.624665044633,7441.38037109375,252078,ULTRACEMCO,0.013133419166330595,0.0052789863375251045,0.029456403247851703,7381.642358398438,7266.522294921875,6754.762705078125,1.0080927806841449,1.024063516091332,1.1016494133094323,7392.591044999959,7354.181369850352,38.40967514960721,47.940709608527,-9.531034458919791,49.14430244805627,0.009759472943548732,261019.75,0.9657430136991549,0.015035269551721684,0.7575376514574828,1.015842525324255,1.0757627783813957,0.015371903852421598
2023-05-29,7468.507663049279,7572.2960158239,7454.052486927248,7555.7685546875,210769,ULTRACEMCO,0.015371903852421598,0.0161877907979735,0.037631213371350336,7395.343408203125,7281.265595703125,6760.727145996094,1.0216927244117462,1.0376998964501951,1.1175970264030333,7417.6952772595805,7369.113753912363,48.581523347217626,48.068872356265125,0.5126509909525012,56.95029810709644,0.010168262418769898,248683.85,0.8475379482825282,0.015649437650296458,0.8602252377730912,1.0156673054980059,1.0769944472637547,0.007831286293442652
2023-05-30,7579.331830601549,7680.518078816826,7555.81816798266,7614.93994140625,414785,ULTRACEMCO,0.007831286293442652,0.032361235018152135,0.059725693300835436,7416.8021484375,7297.416845703125,6767.058037109375,1.0267147200374613,1.043511711392791,1.1252954976368221,7448.040610205222,7387.323101134132,60.71750907108981,50.598599699230064,10.118909371859743,58.54735526886531,0.009597777333657537,242186.55,1.712667363237141,0.016375691967852574,0.4741123953345376,1.016359940134799,1.078373616080334,-0.004037152757316753
2023-05-31,7608.241230753806,7639.51278413222,7497.273753270716,7584.197265625,1137662,ULTRACEMCO,-0.004037152757316753,0.02825387836850113,0.04833348541796356,7434.28564453125,7312.243984375,6772.333449707031,1.0201648992602304,1.0371914944073417,1.119879480528693,7468.987787962111,7401.906372577901,67.08141538421023,53.895162836226106,13.186252547984125,51.99236502241943,0.009674830613054599,279848.1,4.065283987992057,0.018754658651377046,0.6111087219015156,1.0166900421289322,1.0797229697381965,-0.0034624317782477876
2023-06-01,7585.113421732986,7611.903495631692,7526.136109717039,7557.9375,184642,ULTRACEMCO,-0.0034624317782477876,0.02900250751393285,0.04539297255274244,7450.694653320313,7326.471728515625,6777.946635742188,1.0143936708816668,1.0315930750928144,1.1150777523305777,7482.672359044863,7413.464233868426,69.20812517643662,56.95775530426822,12.250369872168406,59.163834049704874,0.009741666289135847,277470.05,0.6654483970432125,0.011347988246085992,0.37078651685392855,1.0169553544199448,1.0809279155254625,0.001000862090352106
2023-06-02,7575.476118959349,7658.786307239367,7542.181217505989,7565.501953125,248325,ULTRACEMCO,0.001000862090352106,0.016679913650618383,0.02908058034436345,7461.384252929687,7337.2783984375,6783.993715820313,1.0139542069763303,1.0311046606512984,1.1151988445216576,7495.41537351873,7424.726287146691,70.68908637203913,59.7040215178224,10.98506485421673,56.29115161990971,0.009115997049972856,273903.6,0.906614589950625,0.015412736716724157,0.19999757877066243,1.0169144262699117,1.0815573695663845,0.003993378661414582
2023-06-05,7610.169044554642,7637.15204230664,7579.331332838073,7595.7138671875,186015,ULTRACEMCO,0.003993378661414582,0.00528673055704143,0.0189452412029798,7468.44560546875,7349.5903515625,6790.184868164062,1.017040796497943,1.033488059041641,1.1186313796550929,7510.845911006233,7437.392033816381,73.45387718985239,62.4539926522284,10.999884537623991,63.43835739582722,0.008656859089619884,268446.55,0.6929312371494437,0.007612281146917031,0.28333333333332916,1.0161716841648163,1.0823844260884887,0.028869527183749133
2023-06-06,7601.495758701733,7825.069163369431,7601.495758701733,7814.99853515625,635244,ULTRACEMCO,0.028869527183749133,0.026271854445257148,0.050970273879340944,7487.396313476563,7364.17658203125,6797.654577636718,1.0437538241551387,1.0612182432215185,1.1496610258583075,7557.638622413928,7465.362885767482,92.2757366464457,68.41834145107185,23.85739519537384,72.53241425501633,0.010615096015401624,285718.9,2.223318093412791,0.02860824652262433,0.9549560546874991,1.016732316243743,1.083340804967982,0.005925167557350619
2023-06-07,7839.62094500406,7875.084125067855,7788.97935824072,7861.3037109375,298650,ULTRACEMCO,0.005925167557350619,0.03653734674973075,0.05351782472628419,7507.363696289062,7378.8428125,6804.889875488281,1.0471457130581527,1.0653843577776445,1.155243340418263,7604.356328340631,7494.691835780076,109.66449256055512,76.6675716729685,32.99692088758661,82.19412257438151,0.010640466508086017,288907.2,1.033722939407533,0.010952988205675933,0.8399575930793619,1.0174174849708606,1.0843441918258134,-0.007042506343187371
2023-06-08,7873.25346807396,7915.607327029488,7792.304472808572,7805.9404296875,349085,ULTRACEMCO,-0.007042506343187371,0.032813572444532646,0.03378239347135148,7520.117993164063,7392.183974609375,6812.070725097657,1.0380077063662108,1.0559721533581001,1.145898324415238,7635.36926700938,7517.747287180626,117.62197982875387,84.85845330412558,32.76352652462829,74.93595939047096,0.010617396516376689,290350.5,1.2022882688337027,0.015796028080354196,0.11058914219857945,1.0173066605206411,1.0851596046080982,0.006555441612664081
2023-06-09,7861.689289331517,7919.2210846317475,7813.69828772297,7857.11181640625,325814,ULTRACEMCO,0.006555441612664081,0.038544681514595114,0.05845810930162365,7541.815209960938,7406.592900390625,6819.054020996094,1.0418064613978981,1.0608267420762203,1.152229003057307,7669.483505378129,7542.885400456598,126.59810492153065,93.20638362760658,33.391721293924064,75.48331472463454,0.009708407786814931,294301.25,1.1070765074901991,0.013430227210008345,0.4114137414383551,1.0182570193054867,1.0861613469530347,0.005562113593222229
2023-06-12,7864.098191401065,7906.981883517645,7808.060382216379,7900.81396484375,195134,ULTRACEMCO,0.005562113593222229,0.0401674026945964,0.056391229262741094,7562.902880859375,7421.017236328125,6826.527585449218,1.0446800771221827,1.0646537682417545,1.1573693749783387,7705.072806834379,7569.3986274482395,135.67417938613926,101.69994277931313,33.974236606826125,82.30366775514622,0.009668800392976257,294878.25,0.6617442961629079,0.01252041900257826,0.937648351543813,1.019119433362407,1.0870852191597475,0.00947730427547544
2023-06-13,7914.209881177793,8016.166880834961,7913.487122284535,7975.6923828125,249199,ULTRACEMCO,0.00947730427547544,0.02056223643975863,0.07502563961822695,7590.733911132813,7437.8469140625,6835.243093261719,1.0507142624397747,1.072311984229349,1.166848387685736,7746.70658775409,7599.494461178926,147.2121265751639,110.8023795384833,36.4097470366806,83.83883287529065,0.009427666239711271,294813.7,0.8452761862830662,0.012874087116461486,0.605818141824085,1.0205552761218109,1.0881612859379992,0.00990778989235963
2023-06-14,8007.156709360956,8063.050062699977,7976.126073254282,8054.7138671875,289643,ULTRACEMCO,0.00990778989235963,0.024602809325494857,0.08543002489914109,7622.431689453125,7453.025810546875,6844.21927734375,1.0567118467368501,1.080730708833608,1.1768637942169415,7794.092323051538,7633.214417179561,160.87790587197742,120.81748480518212,40.0604210667953,87.97621628964714,0.009490142188493644,299014.4,0.9686590344812824,0.010791691781851796,0.9040978725707781,1.0227298124563746,1.0889519327965487,-0.0030029605868167053
2023-06-15,8075.625844569157,8121.882412652609,8007.20467094572,8030.52587890625,406197,ULTRACEMCO,-0.0030029605868167053,0.028771094430160904,0.09587535106255451,7657.560205078125,7466.73029296875,6853.012121582031,1.0487055490051247,1.0755076939726098,1.1718242630296687,7830.466716259956,7662.6448958259825,167.8218204339737,130.21835193094046,37.60346850303324,84.16314909048901,0.008827087439501054,311438.55,1.304260503396256,0.014280228148957514,0.20336298581932327,1.0255573597306809,1.08955451420463,5.958708460873652e-06
2023-06-16,8061.122526643986,8125.881909016882,8004.168563558156,8030.57373046875,356982,ULTRACEMCO,5.958708460873652e-06,0.022077058099173152,0.08487493138155489,7688.973706054688,7480.082060546875,6861.965656738281,1.044427258756922,1.0735943356591502,1.1703022329444224,7861.252410753617,7689.898883577299,171.3535271763185,138.44538698001608,32.90814019630241,81.74202288269761,0.00878438770819332,322352.2,1.107428458685872,0.01515624531245305,0.2169455355209847,1.027926384205007,1.0900786210146096,-0.007758131384482447
2023-06-19,8054.424716719384,8109.932220598707,7953.142485148727,7968.271484375,187488,ULTRACEMCO,-0.007758131384482447,0.008538046817886835,0.07166599103437155,7715.6169921875,7491.19615234375,6870.404829101562,1.0327458571937056,1.0636848004416475,1.1597965014555052,7877.7168836184455,7710.51907622898,167.1978073894652,144.1958710619059,23.001936327559292,73.52270961559341,0.00917542113658055,324746.45,0.5773365651880105,0.019676756214623132,0.09649228109769527,1.0299579446699625,1.0903573135330613,-0.0030415429357890655
2023-06-20,7967.693763265888,7990.244216391287,7874.5058649715,7944.03564453125,343189,ULTRACEMCO,-0.0030415429357890655,-0.0039691523646862015,0.07697690488967979,7744.006982421875,7501.634716796875,6878.775102539063,1.0258301241932528,1.0589739362733561,1.1548619523262191,7887.9197699127235,7727.816599806927,160.10317010579638,147.377330870684,12.725839235112375,74.16525720236802,0.008914261295484718,334441.35,1.0261560061278308,0.01456921350793065,0.6007496971126086,1.0323092598846897,1.0905480416168725,-0.0002305557339752351
2023-06-21,7952.660577611235,8049.269344172202,7928.182768050656,7942.2041015625,373929,ULTRACEMCO,-0.0002305557339752351,-0.013968188998411346,0.07679189823299803,7772.327075195312,7512.14458984375,6886.3096215820315,1.021856649202185,1.0572485668473661,1.153332414312485,7896.271205551151,7743.697155492525,152.5740500586262,148.41667470827244,4.15737535035376,76.68116372453692,0.0089182081658327,345109.55,1.0835081208271402,0.015245966305213004,0.11579593676651347,1.0346349144694744,1.0908810382705303,-0.009561262721145658
2023-06-22,7976.366869147385,7978.294226129177,7849.836071511177,7866.2666015625,226654,ULTRACEMCO,-0.009561262721145658,-0.02045436124864619,0.07098107886985239,7798.394580078125,7520.264541015625,6893.682966308594,1.0087033325625459,1.0460092937768046,1.1410833135215532,7891.65511262982,7752.77637371993,138.87873890988976,146.50908754859591,-7.6303486387061525,69.07239861036282,0.009244708431665201,343574.2,0.6596944706558292,0.01633025692168692,0.12790569894284426,1.0369840764969869,1.090892136724203,-0.010112963818878051
2023-06-23,7866.700648847228,7868.483077664639,7767.248837792516,7786.71533203125,198255,ULTRACEMCO,-0.010112963818878051,-0.030366248617116676,0.046407379238261104,7815.661328125,7527.922900390625,6900.923569335938,0.9962964111572252,1.0343776676601186,1.128358436924487,7875.5105309992705,7755.29037063188,120.22016036739024,141.25130211235478,-21.031141744964543,61.39870630244828,0.00942602910915732,340883.05,0.5815924259067736,0.01300089133292034,0.1922916027553927,1.0382228181055686,1.090857306961164,0.010754682657944992
2023-06-26,7767.2489201236785,7969.621410598365,7767.2489201236785,7870.458984375,241856,ULTRACEMCO,0.010754682657944992,-0.012275246920464555,0.04164902979886409,7831.395849609375,7537.788076171875,6908.850549316407,1.0049880168894252,1.0441337571236249,1.1391850103276209,7874.733369980152,7763.821379057296,110.9119909228557,135.18343987445496,-24.271448951599268,53.948600713774695,0.009141598152785738,342437.4,0.7062779941676931,0.02571292104773702,0.5100004650297624,1.038951449745004,1.0910335984786497,0.005069019213708392
2023-06-27,7887.660053093889,7930.205891658395,7871.951812159574,7910.3544921875,236562,ULTRACEMCO,0.005069019213708392,-0.004239803778692264,0.038794074944036305,7846.166577148438,7546.7705078125,6917.104453125,1.008180799427074,1.0481774268872512,1.1435933266287126,7880.213542627436,7774.675683733608,105.53785889382834,129.25432367832965,-23.716464784501312,53.52442072439097,0.009070752152863704,333526.25,0.7092755068004393,0.007364281784887679,0.6592273083416161,1.0396720781460096,1.09103029438901,0.0063532975655054
2023-06-28,7903.223519490046,8016.648669305196,7884.817636228609,7960.611328125,282115,ULTRACEMCO,0.0063532975655054,0.0023176471325987436,0.04963136497069742,7864.987280273437,7559.59419921875,6924.283139648437,1.0121581948506646,1.0530474412168438,1.149665772987033,7892.5824327039845,7788.448694429267,104.13373827471787,124.2302065976073,-20.096468322889436,61.19564510519663,0.009007513170451667,290748.9,0.9703046168016456,0.01656041573224716,0.5749305768722817,1.0403980786543077,1.0917511671255213,0.004127867849345046
2023-06-30,7998.530991459206,8016.840881680619,7937.530334887365,7993.4716796875,225746,ULTRACEMCO,0.004127867849345046,0.016170959435793053,0.057626062624558605,7886.763989257813,7574.60541015625,6930.908911132812,1.0135299713006538,1.0552987577372177,1.1533078535843893,7908.103855316833,7803.635582226173,104.46827309065975,120.27781989621779,-15.809546805558043,60.1389938737263,0.008904018392186241,292804.1,0.7709796413369895,0.009921915029084622,0.7053455947789979,1.0412112000821865,1.0928733168011338,0.02038046183928177
2023-07-03,8078.517285588175,8190.303997401156,8059.532629932503,8156.38232421875,373703,ULTRACEMCO,0.02038046183928177,0.04747406016845712,0.07810193887395411,7916.3080078125,7593.647705078125,6939.004533691406,1.0303265507316446,1.074105968698588,1.1754398321281574,7946.300542840205,7829.764970521919,116.53557231828563,119.52937038063136,-2.993798062345732,66.1412723690914,0.009710966501965847,299073.0,1.2495377382779456,0.01603301099316463,0.7406032081867033,1.0424908180186714,1.094342519623411,-0.006155671205286373
2023-07-04,8189.339579554659,8189.339579554659,8079.480234759504,8106.17431640625,206677,ULTRACEMCO,-0.006155671205286373,0.029949375569990222,0.06720374913329374,7941.831030273437,7613.946630859375,6946.4349755859375,1.0206933748031597,1.0646481659789777,1.1669546097957229,7970.896508004212,7850.239736883721,120.6567711204907,119.75485052860324,0.9019205918874604,58.50609595001774,0.00996287296644826,300106.1,0.6886797702545867,0.013552551488167324,0.2429841694078906,1.0430636587450122,1.0960941342745574,-0.0041014502050875645
2023-07-05,8123.7612839945905,8145.010205457917,8039.728335492669,8072.92724609375,195350,ULTRACEMCO,-0.0041014502050875645,0.020551892341463596,0.03300431980597196,7954.727465820312,7631.999228515625,6953.570532226562,1.0148590609522847,1.0577735930489451,1.1609758193548898,7986.5935446333715,7866.735107936315,119.85843669705628,119.77556776229386,0.0828689347624163,51.2626849039065,0.008055132970361686,278111.4,0.7024163698431635,0.013041350027797015,0.31533359553776014,1.0422861988899148,1.0975655158950157,0.003939248869935907
2023-07-06,8109.353983867943,8171.94508607952,8075.625238837001,8104.728515625,275687,ULTRACEMCO,0.003939248869935907,0.018103783938154372,0.03096494088490953,7966.898706054688,7650.713857421875,6960.964113769532,1.0173003090230788,1.0593427837799332,1.1643112050517515,8004.768155555161,7884.364249246589,120.403906308572,119.9012354715495,0.5026708370225066,55.09053403928467,0.008011855818586542,276963.25,0.995391987926196,0.011884401440075945,0.30215243920311935,1.0413274962997192,1.0990882487510523,-0.008769114094998032
2023-07-07,8112.197018515315,8140.577536463947,8023.200750953943,8033.6572265625,354695,ULTRACEMCO,-0.008769114094998032,0.005027295834063805,0.02917224374515448,7978.2845458984375,7667.66591796875,6968.415275878906,1.0069404243914224,1.0477317755506366,1.152867174028924,8009.212628017828,7895.422988307027,113.78963971080157,118.67891631939992,-4.889276608598351,50.1927539178035,0.008117986887016223,277243.75,1.2793615726233685,0.014610629032305393,0.0890846990154301,1.0405101932260468,1.1003457191350654,0.0017874020007377922
2023-07-10,8046.7160119376285,8128.098854911564,8033.224512037374,8048.0166015625,173234,ULTRACEMCO,0.0017874020007377922,-0.013286003322144357,0.02429706864520198,7987.82978515625,7684.05712890625,6977.425432128906,1.007534814589827,1.0473655344501656,1.1534364186113475,8015.182470101624,7906.726218918543,108.4562511830809,116.63438329213612,-8.178132109055227,55.30283548670313,0.008030319538519995,269614.75,0.6425241942438238,0.011788537172720347,0.15591243192842663,1.03953284718658,1.1012739876120383,-0.0030474438759841016
2023-07-11,8090.369441925488,8136.626007175915,8003.397462470259,8023.49072265625,300378,ULTRACEMCO,-0.0030474438759841016,-0.010200075957243482,0.015527103708348866,7993.963623046875,7698.8919921875,6986.416791992187,1.0036936745026268,1.0421617462354502,1.1484414631335413,8016.460662802336,7915.375441417633,101.08522138470289,113.52455091064948,-12.43932952594659,55.281511399501206,0.008016708914613695,274876.95,1.0927726024317426,0.016604810712805312,0.1508179814647349,1.0383265060944875,1.1019800595080371,-0.01265930015435024
2023-07-12,8060.206807200748,8069.216824552379,7856.388808668591,7921.9189453125,508967,ULTRACEMCO,-0.01265930015435024,-0.01870551984155666,-0.006742165434549752,7991.274951171875,7713.615068359375,6994.780798339843,0.9913210337170035,1.0270047020893707,1.1325471338848396,8001.915783188515,7915.860145409845,86.05563777866973,108.03076828425354,-21.975130505583806,48.80947331860745,0.008279616894662613,287865.35,1.7680731633730842,0.026865714904811152,0.30790183506522395,1.0359960771119416,1.102767233276294,0.0016422492725323146
2023-07-13,7967.693779697747,8046.715416119519,7908.427552381418,7934.9287109375,272841,ULTRACEMCO,0.0016422492725323146,-0.02095070851048808,-0.014871435314166681,7985.285693359375,7727.623095703125,7004.0333178710935,0.9936937782371704,1.0268265691360705,1.1329084758479355,7991.610079765282,7917.272631745227,74.33744802005458,101.29210423141375,-26.954656211359165,54.351140975482366,0.007942396836924232,287025.25,0.9505818738943699,0.017427738644644142,0.19163763066202197,1.0333430596271602,1.1033104419971504,-0.006248579294941381
2023-07-14,7997.567220090486,7997.567220090486,7852.051778442859,7885.3466796875,249245,ULTRACEMCO,-0.006248579294941381,-0.018461149473072536,-0.01807841745458927,7978.0267333984375,7740.7348828125,7013.396174316406,0.9883830855914595,1.018681920911165,1.1243264295498154,7975.2618643687,7914.907746407618,60.35411796108201,93.1045069773474,-32.75038901626539,56.49708173771857,0.008024254955467833,279177.65,0.8927827854414563,0.01845390539676233,0.22880665355959892,1.0306549512647463,1.1037070615174518,0.008365435046587377
2023-07-17,7908.909182587244,7959.984141363548,7892.478652935204,7951.31103515625,202735,ULTRACEMCO,0.008365435046587377,-0.012016074418568556,-0.00987011613027966,7974.0635986328125,7752.726904296875,7023.568039550782,0.9971466789554496,1.025614746051394,1.132089984802768,7971.577121412939,7917.604286314924,53.97283509801491,85.2781726014809,-31.305337503465992,55.45365978332254,0.008286340626995832,271465.3,0.7468173648713113,0.00848985634317059,0.8715199843860978,1.0285495280651848,1.103816017818876,-0.009089806522054822
2023-07-18,7926.255401193279,7951.311041367264,7860.725265353626,7879.03515625,280527,ULTRACEMCO,-0.009089806522054822,-0.018004079695430497,-0.011198956800101967,7969.601782226562,7761.21787109375,7033.199523925781,0.9886359910505768,1.0151802574174673,1.1202632783908413,7957.339896003256,7914.747313717523,42.59258228573344,76.74105453833141,-34.14847225259797,47.97585747249474,0.008353123317224702,276117.25,1.015970570473232,0.011497064579256398,0.20212765957447118,1.0268493829955383,1.103511686920209,0.018737794572523114
2023-07-19,7869.398383956293,8053.31604347066,7867.230107399361,8026.6708984375,150429,ULTRACEMCO,0.018737794572523114,0.013223052880007469,0.010402175620037202,7973.733544921875,7773.0316015625,7043.493298339844,1.0066389669553653,1.0326306787205155,1.1395866452133052,7968.006204070063,7923.037949622706,44.96825444735714,70.38649452013657,-25.418240072779426,53.79206617574512,0.009366619054849206,266479.25,0.5645054915157559,0.02318345157361847,0.8568126877522294,1.0258202917017643,1.103576204636215,-0.012612249372240592
2023-07-20,8046.667084572198,8046.667084572198,7868.434566521761,7925.4365234375,307197,ULTRACEMCO,-0.012612249372240592,-0.0011962536584501082,-0.002111199600335234,7972.895166015625,7782.3012109375,7053.376784667968,0.9940475019939535,1.0183924148680896,1.1236371975285853,7961.457022434284,7923.2156217571355,38.241400677148704,63.957475751539,-25.716075074390297,46.37878751651605,0.009819776544567217,263142.65,1.1674162284221123,0.022488668923580358,0.319817940851896,1.0244906936794296,1.1033440362712519,-0.012761213000023308
2023-07-21,7944.565223420901,8011.540876383996,7778.812528317991,7824.29833984375,656733,ULTRACEMCO,-0.012761213000023308,-0.007741998205482714,-0.005335219850089223,7970.7967529296875,7787.770087890625,7062.740366210937,0.9816206061166857,1.0046904635782614,1.1078275476861934,7940.355686651125,7915.888415689477,24.467270961647955,56.0594347935608,-31.592163831912842,31.08053072924085,0.010007015771176912,284646.6,2.3071872279521344,0.029744309068696996,0.19544594332298046,1.0235018064187147,1.1026555818402053,0.012396466511230608
2023-07-24,7902.163351243643,7944.710131577785,7794.616741280907,7921.2919921875,482809,ULTRACEMCO,0.012396466511230608,-0.0037753576530993316,0.017282853477724958,7977.5255859375,7797.732578125,7072.207299804688,0.9929509980075618,1.0158455567467293,1.1200593614395693,7937.422810579798,7916.288680615257,21.13412996454099,49.07437382775684,-27.940243863215848,39.9999894358367,0.010101168375501195,298874.3,1.6154249462064822,0.01894809463467704,0.8439762114509815,1.023057088199828,1.1025882369625037,0.02110134338042391
2023-07-25,7945.239657753235,8109.353904464115,7945.239657753235,8088.44189453125,583167,ULTRACEMCO,0.02110134338042391,0.026577713403796555,0.027696340275580544,7988.424731445312,7809.920205078125,7082.570454101562,1.0125202610587585,1.0356625525152006,1.14202067553697,7960.656515803099,7929.040770534961,31.6157452681382,45.58264811583311,-13.96690284769491,50.73298926929917,0.010867993577162706,315939.85,1.845816537546625,0.02028997041096878,0.8725765108637673,1.0228561267823353,1.1026957311176975,-0.0048788029359747576
2023-07-26,8110.222503824124,8151.370824114098,8037.078927079604,8048.97998046875,191345,ULTRACEMCO,-0.0048788029359747576,0.0027793692196340647,0.017524560804216938,7995.356005859375,7822.518369140625,7092.42310546875,1.006706890171004,1.0289499622297473,1.1348702496700216,7974.2447411362755,7937.925156455983,36.31958468029279,43.730035428725046,-7.410450748432254,47.38508965400357,0.010919850321562894,313679.0,0.6100025822576584,0.014199550416553219,0.10412858389737144,1.0220948840977586,1.1029401733109974,-0.0031391666900727477
2023-07-27,8085.428173920912,8122.989600401149,7991.524135023603,8023.712890625,216816,ULTRACEMCO,-0.0031391666900727477,0.012400120409377102,0.007926723199895624,7998.511083984375,7834.5774609375,7102.2472314453125,1.0031508122419293,1.0241411142630872,1.1297428305649349,7981.855225673003,7944.279803431466,37.575422241537126,42.499112791287466,-4.92369054975034,49.51261374579526,0.010877724016632659,310414.05,0.6984735388105017,0.016384617342321883,0.24484571297075325,1.0209243732497677,1.103112466466921,0.002232092325944901
2023-07-28,8030.247584619154,8075.409029662908,7962.481782217304,8041.62255859375,204996,ULTRACEMCO,0.002232092325944901,0.02777555370598761,0.0060237755052798825,8000.918627929687,7848.85080078125,7112.564445800781,1.0050874071537201,1.0245605073539317,1.1306221011946653,7991.050199968502,7951.490377887931,39.559822080571394,41.911254649144254,-2.3514325685728608,49.687705543172946,0.010852225316059658,309376.55,0.662610013590235,0.014042843545911522,0.7008120552532485,1.0193745340570497,1.103519111930883,0.0013724370937995278
2023-07-31,8063.162501030198,8141.577216192095,8036.588436257752,8052.6591796875,240038,ULTRACEMCO,0.0013724370937995278,0.016584060735238992,-0.01271680757573912,7995.732470703125,7861.85791015625,7123.195109863282,1.0071196365302313,1.0242692340298807,1.1304841514922448,8000.528504540656,7958.984363206418,41.5441413342387,41.837831986163145,-0.2936906519244431,51.44365290076671,0.009786223768033696,302693.3,0.7930073113610377,0.013037777657245586,0.15307105616236744,1.0170283617532607,1.1036982405929276,-0.0043700990174174725
2023-08-01,8080.5874518590335,8100.917191464765,8006.625544850347,8017.46826171875,217562,ULTRACEMCO,-0.0043700990174174725,-0.008774697740053794,-0.010943023333209845,7991.29716796875,7873.49916015625,7134.00228515625,1.0032749493855517,1.0182852755342955,1.1238387571588997,8003.134621029594,7963.316503836961,39.81811719263351,41.43388902745722,-1.6157718348237111,55.061678578172334,0.009740858462082828,303237.55,0.7174639156661172,0.011760775788116944,0.11499127714612417,1.0149613285549854,1.103658065338537,0.0007125554400106981
2023-08-02,8004.109729391199,8049.609627465871,7951.2527791469565,8023.18115234375,134414,ULTRACEMCO,0.0007125554400106981,-0.003205229505801044,-0.0061620886988756896,7988.80986328125,7886.43806640625,7144.351606445312,1.0043024292292246,1.0173390172833516,1.1230103995869405,8006.218702770233,7967.750922244872,38.46778052536138,40.840667327038055,-2.372886801676678,54.71155505481838,0.009706733228525777,300190.75,0.44776196468412166,0.01225908357935835,0.7313001018858508,1.0129807393417658,1.1038703721260668,-0.018286246365587955
2023-08-03,8020.662943870366,8020.662943870366,7822.109526980253,7876.46728515625,390602,ULTRACEMCO,-0.018286246365587955,-0.01835130537145635,-0.02816395762408186,7977.396801757813,7896.4513671875,7153.947846679687,0.9873480636466118,0.9974692325575143,1.1009959051926694,7986.256946214236,7960.989171349418,25.26777486481842,37.72608883459414,-12.458313969775716,49.57049807107932,0.010444360634498556,305936.5,1.2767420690241276,0.025208435419302868,0.2737689384921588,1.0102508621666018,1.103789339315973,0.002704047267978682
2023-08-04,7916.982165612643,7969.113052999179,7888.665740038644,7897.765625,248048,ULTRACEMCO,0.002704047267978682,-0.01788904323046303,-0.01691528499786965,7970.602221679687,7907.508349609375,7163.6011889648435,0.9908618452340308,0.9987679147237504,1.1024853864235349,7972.642896796661,7956.305945693905,16.336951102755847,33.44826128822648,-17.111310185470636,47.293004086376236,0.010331375534559201,300604.15,0.8251649220411628,0.010186085125884559,0.1131160833901345,1.0079789826682168,1.1038454181104445,0.002120543884049475
2023-08-07,7926.952670150805,7986.683571515855,7899.556114372046,7914.51318359375,195297,ULTRACEMCO,0.002120543884049475,-0.017155326335208332,-0.01658836264612462,7963.92705078125,7916.971005859375,7172.9552075195315,0.9937952888226603,0.9996895501747063,1.1033824908451721,7963.699863996214,7953.210185538338,10.489678457875925,28.85654472215637,-18.366866264280446,51.900288159415084,0.010336037709891966,301707.3,0.647306180526623,0.01100856807269185,0.17166883680555978,1.0059310618779735,1.1037251421227166,-0.002275104891299673
2023-08-08,7914.513271820621,7967.273788123631,7877.290296469447,7896.5068359375,166007,ULTRACEMCO,-0.002275104891299673,-0.01508723475199869,-0.015826513809030884,7957.577856445312,7923.785771484375,7181.856608886719,0.9923254259512715,0.9965573355547995,1.099507727036277,7953.362475064105,7949.009937419758,4.352537644346739,23.955743306594446,-19.603205662247706,41.90382358586607,0.01032858166145796,294988.75,0.5627570542944434,0.011395354113373713,0.2135562769880551,1.0042646388904841,1.1033060395106753,-0.005590387264542751
2023-08-09,7899.556345353675,7913.061290684531,7827.918211829635,7852.3623046875,222338,ULTRACEMCO,-0.005590387264542751,-0.021290663193657244,-0.00878027673663051,7954.100024414062,7928.53421875,7190.2884204101565,0.9872093989999758,0.9903926864713073,1.0920789049849515,7937.823987313858,7941.850853513664,-4.026866199806136,18.35922140531433,-22.386087605120466,45.107323975341764,0.010015688494824504,280657.3,0.792204585449942,0.010842989096933221,0.2870943027503584,1.0032245311628476,1.1026726266284783,-0.0011156823701665708
2023-08-10,7874.38641003788,7943.120296823309,7818.23760111457,7843.6015625,296178,ULTRACEMCO,-0.0011156823701665708,-0.004172647643466698,-0.011509510893477182,7949.533666992187,7933.7223046875,7199.13947265625,0.9866744253273578,0.9886407995230369,1.0895193227317714,7923.3282296501875,7934.5731282533925,-11.244898603205002,12.438397403610463,-23.683296006815464,51.47489290769505,0.010005167559897544,281824.15,1.0509319375220327,0.015921601156514566,0.20310228924418733,1.0019929311485158,1.1020375886342166,0.003795266045871326
2023-08-11,7865.673668949649,7894.716156342694,7787.985015173254,7873.3701171875,293096,ULTRACEMCO,0.003795266045871326,-0.003088912607798533,-0.0015188377869106429,7948.934838867188,7940.03095703125,7207.847375488282,0.9904937298881599,0.9916044609643846,1.0923330790774595,7915.64236619439,7930.039571878141,-14.397205683751054,7.07127678613816,-21.468482469889214,45.91924305750747,0.00995503243813764,284016.7,1.0319674864189323,0.013555966451576664,0.8000017715419468,1.0011213913250618,1.1015814491345786,-0.009670590304466486
2023-08-14,7870.3202400569,7882.663297139667,7763.105057945806,7797.22998046875,544313,ULTRACEMCO,-0.009670590304466486,-0.014818751375399786,-0.0193780691015909,7941.230786132813,7944.665517578125,7216.021833496094,0.9818666892397183,0.9814421970587479,1.0805441225627592,7897.425076082753,7920.201824366334,-22.776748283581583,1.1016717721942122,-23.878420055775795,20.653378393007216,0.009971480801764748,301095.6,1.80777467355883,0.01533342475383457,0.2854251012145745,0.9995676682123731,1.1009758147764654,0.02453357741039719
2023-08-16,7749.455656613639,8001.205434034727,7732.707538269784,7988.52392578125,282782,ULTRACEMCO,0.02453357741039719,0.01165288547905452,0.013896215381701715,7946.705224609375,7952.52171875,7225.051091308594,1.0052623949158666,1.004527143502968,1.105670233306873,7911.440283728675,7925.262720767439,-13.822437038763383,-1.8831499899973072,-11.939287048766076,45.33511769395502,0.011272975107346712,301208.35,0.9388252350905943,0.033610451475074556,0.9527686866321708,0.9992685975158155,1.1006872641103562,-0.0053989191159656835
2023-08-17,7962.578002119645,7970.32266504681,7889.923572112873,7945.39453125,248724,ULTRACEMCO,-0.0053989191159656835,0.011847673725773555,-0.010125787915799767,7942.64140625,7955.129638671875,7233.763034667969,1.0003466258715688,0.9987762477968241,1.098376390430751,7916.664014116572,7926.75396598837,-10.089951871797894,-3.5245103663574247,-6.565441505440469,44.11894977369858,0.010512285241773781,306123.1,0.8124966720904108,0.010118955404633308,0.6899450866032407,0.9984301660703093,1.0997221778687996,0.0009138302898543671
2023-08-18,7938.279620818149,7983.199044634788,7905.170997223367,7952.6552734375,265260,ULTRACEMCO,0.0009138302898543671,0.013903525066709443,0.0034343534163079337,7944.00234375,7956.956669921875,7242.46767578125,1.001089240575855,0.9994594168772296,1.0980587873427603,7922.2011309351765,7928.672581354972,-6.471450419795474,-4.113898377045035,-2.357552042750439,43.210724822801794,0.010116746612310486,304026.25,0.872490451071248,0.009811571698831385,0.6085539468104486,0.9983719496398864,1.0986527004504099,0.0005417191265839616
2023-08-21,7952.220340058686,8014.709900510182,7943.6040243208545,7956.96337890625,216794,ULTRACEMCO,0.0005417191265839616,0.010617214798052776,0.016955518987169516,7950.635595703125,7959.97712890625,7249.8972265625,1.0007958839424793,0.9996213871031041,1.097527748359407,7927.549169084572,7930.7681959884,-3.2190269038283077,-3.93492408240169,0.7158971785733823,42.621485619454866,0.00964466386737276,282029.3,0.7686931818786205,0.008936308086804517,0.18787975482961145,0.9988264371804283,1.0979434439073326,-0.0019222672554706222
2023-08-22,7959.625717237022,8004.061099937049,7930.583230607839,7941.66796875,193112,ULTRACEMCO,-0.0019222672554706222,0.018524269342196087,0.0025723046925421045,7951.65439453125,7961.668251953125,7256.739794921875,0.9987441071649042,0.9974879280861497,1.0943851086279026,7929.721292110023,7931.575586563334,-1.854294453311013,-3.518798156583555,1.6645037032725418,43.970518894489615,0.009269319110271632,267544.45,0.7217940794510967,0.009252196090083495,0.15085818687116284,0.9987422413111199,1.09714120623762,-0.0050710330746600585
2023-08-23,7947.863958420349,7972.066030249065,7886.971167541928,7901.3955078125,208545,ULTRACEMCO,-0.0050710330746600585,-0.010906698005567872,-0.023125144392174724,7942.302075195313,7961.6798828125,7263.578552246094,0.9948495326675413,0.992428184015519,1.0878102922655357,7925.363479141173,7929.340025174383,-3.97654603321007,-3.6103477319088584,-0.3661983013012118,40.81750313486894,0.007905797085593544,248813.35,0.838158402674133,0.010769599195863568,0.16950894345073733,0.9975661157064327,1.0961098342290985,0.0060648651735151216
2023-08-24,7948.928794927594,8058.322164045462,7903.428898037861,7949.31640625,273837,ULTRACEMCO,0.0060648651735151216,0.0004936035566986963,-0.01238213717273351,7937.318896484375,7961.15236328125,7270.905783691406,1.0015115317807048,0.9985132859552042,1.0933048292387813,7929.048544850223,7930.819757105911,-1.7712122556877148,-3.2425206366646298,1.471308380976915,56.45428250804866,0.008011392092750173,252937.95,1.0826252051145349,0.019485105145119107,0.2962524414062484,0.9970062792785125,1.09493268103378,-0.01704346383951061
2023-08-25,7917.949641114243,7928.5985524789885,7803.715864656059,7813.83251953125,191154,ULTRACEMCO,-0.01704346383951061,-0.01745615132720879,-0.02615751260728394,7926.824877929687,7956.334736328125,7276.7615258789065,0.9857455715070688,0.98208946436778,1.073806320537277,7911.323002493458,7922.154035804085,-10.83103331062648,-4.760223171457,-6.070810139169481,43.81510252692254,0.008807741472560566,251654.85,0.759587983303322,0.015982258067443317,0.08100926598837409,0.9962910235207052,1.0933895123582653,0.005723898717524989
2023-08-28,7875.160632763325,7890.262820632653,7791.567052007638,7858.55810546875,327780,ULTRACEMCO,0.005723898717524989,-0.01236718943540327,-0.022764616442905172,7917.671655273438,7952.895380859375,7282.453256835937,0.9925339730695556,0.9881379961796466,1.0791086229207212,7903.205326028118,7917.443226149615,-14.23790012149675,-6.65575856146495,-7.5821415600318005,46.0400405270731,0.008915136247164782,257794.05,1.2714800826473691,0.01255901748137896,0.6787631769264413,0.9955709557464176,1.0920626745381583,0.010107660916793826
2023-08-29,7899.459762075789,7955.705474535619,7865.818880445208,7937.98974609375,230713,ULTRACEMCO,0.010107660916793826,-0.0004631549279979774,-0.014239946213419619,7911.93818359375,7951.043701171875,7288.87943359375,1.003292690349126,0.9983582086115058,1.0890548840070413,7908.556775268984,7918.965190589921,-10.40841532093691,-7.406289913359343,-3.0021254075775676,52.70093525092943,0.009250960060469302,257327.8,0.8965723874373465,0.011323596649220094,0.8029102268125765,0.9950817126596397,1.090845825289176,0.008079533478587697
2023-08-30,7967.32223082433,8049.415471292894,7938.327959022287,8002.125,223225,ULTRACEMCO,0.008079533478587697,0.012748316685059491,-0.0019137290249104932,7911.1710205078125,7951.720771484375,7296.118725585938,1.0114969047257873,1.0063387825055903,1.0967646362357357,7922.951886766063,7925.125176472149,-2.173289706086507,-6.359689871904775,4.186400165818268,59.503592423252776,0.009406871976940016,257610.95,0.8665198431976591,0.013882251560754994,0.5742953431372606,0.994900506174465,1.0898562743502762,0.003810816365184211
2023-08-31,8024.245333683443,8093.173025081006,7963.449916784253,8032.61962890625,482614,ULTRACEMCO,0.003810816365184211,0.010479293866168637,0.0011764007796013498,7911.6429443359375,7953.492451171875,7303.453154296875,1.0152909686927822,1.0099487336186153,1.0998385913080555,7939.823847095322,7933.087728504304,6.736118591017657,-3.7405281793202887,10.476646770337947,61.67267222897324,0.009445588294414666,275020.95,1.7548263141407954,0.016149539538748998,0.5332104127798503,0.9947382225993349,1.0890043768532367,-0.004224109397686027
2023-09-01,8035.088505700121,8078.65223856235,7985.716275122927,7998.68896484375,215635,ULTRACEMCO,-0.004224109397686027,0.023657589902322362,0.015517322076336937,7917.7540283203125,7954.6221484375,7310.419409179687,1.0102219564075807,1.0055397749363753,1.094149120199561,7948.880019056619,7937.947079344263,10.93293971235562,-0.805834600985107,11.738774313340727,57.69939443538134,0.008478732778990987,266272.6,0.8098279732875258,0.011618899528147689,0.13958740234375133,0.9953651953003916,1.0881211737932421,0.03874774399979497
2023-09-04,8020.519009988589,8319.704856022014,8018.195232755733,8308.6201171875,620108,ULTRACEMCO,0.03874774399979497,0.057270304002149386,0.05202161113606096,7938.2967529296875,7963.46921875,7318.404575195313,1.0466502293607431,1.0433417759215846,1.135304837525433,8004.224649538293,7965.4043414067255,38.8203081315678,7.119393945525474,31.700914186042326,74.40737949385532,0.012002267908644967,284875.6,2.1767676838592003,0.036288772264670956,0.9632358705024678,0.9968390075821422,1.088142796278446,-0.01487906655679394
2023-09-05,8308.087728520268,8325.513221309053,8178.55842120232,8184.99560546875,210587,ULTRACEMCO,-0.01487906655679394,0.031116928501520258,0.03417549703950096,7951.820874023438,7971.43482421875,7326.02482421875,1.029323438636179,1.0267907579951807,1.1172492315901483,8032.035565835287,7981.670360966875,50.36520486841255,15.76855613010289,34.59664873830965,60.02463469006829,0.01262430870911491,285640.1,0.7372459259046612,0.017954169701514124,0.04380383806282696,0.9975394705435311,1.0880982545768028,0.009763661606654317
2023-09-06,8214.037621307983,8283.6913733915,8174.588244067583,8264.9111328125,327847,ULTRACEMCO,0.009763661606654317,0.032839543597794396,0.04665408446154551,7970.2410888671875,7979.3238671875,7334.238110351563,1.0369712836361884,1.0357909104052525,1.126894301556338,8067.862576139474,8002.651158881366,65.21141725810776,25.657128355703865,39.5542889024039,65.71294514048171,0.01270869263852245,293732.1,1.1161429070911897,0.013200762545500037,0.8278670768164323,0.9988617107825811,1.087955387748519,-0.004948915129603049
2023-09-07,8264.91028642991,8272.267337384817,8160.937817923232,8224.0087890625,203477,ULTRACEMCO,-0.004948915129603049,0.023826493597121745,0.047329258375297334,7988.823413085937,7985.596953125,7342.52345703125,1.0294393008601646,1.029855230277331,1.120052096147835,8091.885070435324,8019.048020376265,72.83705005905904,35.0931126963749,37.743937362684136,62.917018801931235,0.012688369363144322,292789.05,0.6949610991258041,0.01353713527272103,0.5665251358695655,1.0004040349118388,1.08758208262555,-0.007604331116556229
2023-09-08,8262.58714614805,8277.108388935654,8131.895961059591,8161.470703125,125962,ULTRACEMCO,-0.007604331116556229,0.02035105240330215,0.040525916327101896,8004.716870117188,7989.614140625,7350.783288574219,1.0195826830044419,1.0215099952857745,1.1102858542722764,8102.590552387583,8029.597848728024,72.99270365955908,42.67303088901174,30.319672770547342,59.22365803286357,0.012864469376733126,284278.25,0.4430940460622647,0.017792433883327134,0.20366536458332965,1.0018902952290767,1.0869065005689604,0.003694893091658491
2023-09-11,8181.219574684033,8227.397313587682,8157.211310184942,8191.62646484375,131688,ULTRACEMCO,0.003694893091658491,-0.014080996687011016,0.04042187054835633,8020.6296875,7993.577236328125,7358.7689208984375,1.0213196200306125,1.0247760448995924,1.1131789233903038,8116.288385073147,8041.5999684403,74.6884166328473,49.07610803777885,25.61230859506844,61.12447090228789,0.012863778812153469,276207.85,0.47677138792398555,0.008568018049157859,0.49034213362068224,1.0033842734450518,1.086265559124553,0.012994107037298974
2023-09-12,8248.019253884007,8335.049351607859,8127.05708942428,8298.0693359375,335823,ULTRACEMCO,0.012994107037298974,0.01381475762713924,0.06423298488351636,8045.671655273438,7996.4109765625,7367.378317871094,1.0313706165847112,1.037724219060171,1.1263259436275757,8144.254685206124,8060.597699366019,83.65698584010534,55.99228359824415,27.664702241861185,66.6721119305458,0.012773901472315703,265783.35,1.2635215862844682,0.025065139102031855,0.8222048489586634,1.0061603485432804,1.0853808005441443,0.00754787770075005
2023-09-13,8315.831885397181,8407.799758402156,8253.390540041173,8360.7021484375,321018,ULTRACEMCO,0.00754787770075005,0.011590084162514502,0.046589110343041584,8064.28056640625,8001.501533203125,7376.126691894531,1.036757349845449,1.04489165111621,1.1334813646334054,8177.554294934028,8082.827658556499,94.72663637752885,63.7391541541011,30.987482223427747,67.0792354179894,0.011808647014258853,267695.15,1.1991924396090103,0.018468451048676542,0.6949818769592523,1.0078459065392433,1.0847836361048144,0.005974869176727626
2023-09-14,8389.406640685549,8422.321460185123,8328.41741631869,8410.65625,311971,ULTRACEMCO,0.005974869176727626,0.02269543548953057,0.05855740919095731,8087.54365234375,8008.25611328125,7385.058344726563,1.0399518829876873,1.0502481602769163,1.1388747193860405,8213.416134174948,8107.111257922684,106.30487625226397,72.25229857373367,34.0525776785303,76.67213800874862,0.011689356291250555,270857.5,1.1517901479560286,0.011164889049701966,0.8757752094072155,1.0099007246947318,1.0843863026484677,0.004650095117429087
2023-09-15,8442.651569900076,8471.64584389089,8384.80861252116,8449.7666015625,357249,ULTRACEMCO,0.004650095117429087,0.035324013149629074,0.06250884906144383,8112.39921875,8015.156875,7394.097373046875,1.0415866346952884,1.054223483500128,1.1427718861755558,8249.777744542263,8132.493135229336,117.28460931292739,81.25876072157241,36.02584859135497,76.55446692806008,0.011685569606999511,275456.95,1.2969322429512125,0.010276879287254315,0.7480430688164844,1.0121323069861936,1.0839939576961786,-0.011497058500945512
2023-09-18,8449.427429227515,8458.720646775979,8332.289400018471,8352.619140625,129308,ULTRACEMCO,-0.011497058500945512,0.01965332238624251,0.04972446684467924,8132.1820068359375,8021.53611328125,7402.474309082031,1.0271067634250883,1.041274267505394,1.1283550326378362,8265.59949778576,8148.798765258644,116.80073252711645,88.36715508268122,28.43357744443523,68.33158111751791,0.012126072845896393,271082.65,0.4770058135406305,0.01513671875,0.16079680559917717,1.0137936041167341,1.0836290378528837,-0.01968576941037159
2023-09-20,8315.83276855049,8348.26354826486,8171.636620114904,8188.19140625,317399,ULTRACEMCO,-0.01968576941037159,-0.013241384861854333,0.0310417708811368,8144.5081787109375,8024.339609375,7409.315502929688,1.0053635193900654,1.0204193497348453,1.1051211684820736,8253.690560626412,8151.716738665411,101.9738219610008,91.08848845834514,10.885333502655655,57.55625390142589,0.013079941133581829,277297.0,1.1446175039758815,0.021570932992008213,0.09372741919081004,1.0149755089123524,1.0830068723895112,-0.017096063452656907
2023-09-21,8107.79088102334,8168.683674817854,8022.164703107541,8048.20556640625,393954,ULTRACEMCO,-0.017096063452656907,-0.03737683468243769,0.018580269580049658,8151.848681640625,8024.83390625,7414.507543945312,0.9872859373030566,1.0029124166841694,1.0854673110392092,8222.07748459254,8144.049244423992,78.02824016854902,88.47643880038592,-10.448198631836902,50.581261526896824,0.013666459955145456,286567.45,1.3747339413460948,0.01820517263151094,0.17773031706907763,1.0158277139283471,1.0823151583146045,-0.015174007938614564
2023-09-22,8010.886189865751,8045.398724236885,7917.998444301543,7926.08203125,524827,ULTRACEMCO,-0.015174007938614564,-0.057614317402402415,-0.0029228142160415693,8150.686962890625,8024.91716796875,7419.2670068359375,0.9724434354228997,0.9876839679899442,1.0683106597925502,8176.539722539842,8127.903524929622,48.636197610219824,80.5083905623527,-31.872192952132878,47.45932761088734,0.014072082398051895,299116.95,1.754587963002431,0.016073550517524748,0.06345030758613532,1.015672410355073,1.0816320750519937,0.0022962410987852344
2023-09-25,7954.737332992667,8015.678341727184,7895.781177857041,7944.2822265625,467415,ULTRACEMCO,0.0022962410987852344,-0.05982228845309501,0.0166947150076715,8157.209448242187,8025.10423828125,7424.302736816407,0.973897051064985,0.9899288520972458,1.0700374847549743,8140.8078000817895,8114.301947272798,26.50585280899122,69.70788301168041,-43.20203020268919,33.980375335028555,0.013495776791900008,312930.0,1.493672706356054,0.015092258866289291,0.40452206824499237,1.0164614945848018,1.0809236264687223,0.002766214153875568
2023-09-26,7974.0989058902305,8062.194450437519,7944.282141429841,7966.2578125,515796,ULTRACEMCO,0.002766214153875568,-0.04625630854468599,0.013704766903269716,8162.59443359375,8026.7224609375,7429.238989257812,0.9759467871776512,0.992467081211322,1.072284499666612,8113.953955838438,8103.335715067406,10.618240771031196,57.88995456355057,-47.27171379251937,39.43818375662332,0.013456445577593778,322330.8,1.6002069923196915,0.014801467863952252,0.18637300257369843,1.0169274536795658,1.0804232401923817,0.004107473317635613
2023-09-27,7974.099083560404,8025.359263712857,7943.120429842555,7998.97900390625,541638,ULTRACEMCO,0.004107473317635613,-0.023107960348768275,0.00768321196717503,8165.643896484375,8027.6758203125,7434.723596191407,0.9795894978165922,0.9964252646658155,1.0758946046096314,8096.265501695024,8095.605588314728,0.6599133802956203,46.44394632689958,-45.78403294660396,36.54622481874436,0.013303232615036343,337877.05,1.6030624157515285,0.010281166362624702,0.6792238099069992,1.0171865530273125,1.0797544409619808,-0.013113123751328337
2023-09-28,8001.0118819682575,8058.274367375983,7874.386819511178,7894.08740234375,370431,ULTRACEMCO,-0.013113123751328337,-0.019149382156166572,-0.013501113473764814,8160.242016601563,8027.976865234375,7439.602556152344,0.9673839803137779,0.9833221414139295,1.061089936291766,8065.161178717905,8080.678315279842,-15.51713656193624,34.05172974913242,-49.56886631106866,34.323902325851165,0.013507353059369124,345237.35,1.0729748678698872,0.02329433897706897,0.10713386012986481,1.01647552722031,1.0790867932313752,0.01232460434595195
2023-09-29,7938.279936296916,8021.486852268869,7872.450297800795,7991.37890625,320974,ULTRACEMCO,0.01232460434595195,0.008238228514738433,-0.005134156048898553,8158.17998046875,8027.271025390625,7445.457761230468,0.9795541316055685,0.9955287271319111,1.0733227106414087,8053.810059876689,8074.063544240595,-20.253484363905955,23.190686926524744,-43.4441712904307,42.17652607465301,0.013784768515064964,337155.35,0.9520062487515029,0.01864966687432553,0.7979828094769938,1.0163080273064224,1.078143383901758,0.006063235625500818
2023-10-03,8024.439622373275,8109.630922502222,7958.803787034446,8039.83251953125,454402,ULTRACEMCO,0.006063235625500818,0.01202755519551757,0.005143787296685298,8160.237158203125,8029.5589453125,7451.220595703125,0.9852449584077545,1.0012794693069347,1.078995369452296,8051.659669054313,8071.5279127806425,-19.868243726329638,14.578900795953869,-34.44714452228351,43.133722712602925,0.013817335277328391,349093.7,1.3016619893169084,0.01875998475109654,0.5372291414638414,1.016274643947525,1.077616592098063,-0.02216168920165995
2023-10-04,8027.875803208472,8027.875803208472,7788.27528128324,7861.65625,884369,ULTRACEMCO,-0.02216168920165995,-0.013130577111861497,-0.053795198346220596,8137.88896484375,8030.306103515625,7455.714545898438,0.9660559739710023,0.9789983281656236,1.0544470555575227,8022.428373815188,8055.98186368578,-33.553489870591875,4.952422662644722,-38.5059125332366,31.4622322958961,0.011410839129558925,362306.75,2.440939894164268,0.030477104862634,0.3062638099747511,1.0133971059062152,1.0770672688821332,0.006969709090403287
2023-10-05,7916.013880647154,7946.798727817036,7865.673569800431,7916.44970703125,310506,ULTRACEMCO,0.006969709090403287,-0.010317478872578278,-0.03280953483445648,8124.461669921875,8030.2092578125,7460.616174316407,0.9743968312804379,0.9858335508915195,1.0610986441420316,8006.123963540736,8045.646148378037,-39.5221848373003,-3.9424988373442833,-35.57968599995602,31.002714825553355,0.011227766597735288,367302.7,0.8453681391397341,0.010247669222802054,0.6258987775459982,1.0117372298882097,1.0763466542424405,0.002201149961613913
2023-10-06,7936.343422256609,7976.664452223813,7891.085547776187,7933.875,158491,ULTRACEMCO,0.002201149961613913,0.005040176986694789,-0.04005319930159379,8107.90986328125,8027.117919921875,7466.00798828125,0.9785351753761581,0.988384010194934,1.0626662886582925,7995.008738380622,8037.366804053738,-42.35806567311556,-11.62561220449854,-30.732453468617024,29.028268778914182,0.010948568006898139,358834.9,0.4416822332498873,0.01078652038853977,0.5,1.0100648756085748,1.0751552814464371,-0.010414266456334365
2023-10-09,7909.285800098571,7938.13448250505,7829.080507029556,7851.24951171875,152525,ULTRACEMCO,-0.010414266456334365,-0.017535070752515036,-0.04532573917473193,8089.271899414062,8023.163310546875,7471.467548828125,0.9705755486210628,0.9785728157119604,1.0508309726849034,7972.891934278796,8023.580337954851,-50.688403676054804,-19.438170498809793,-31.25023317724501,24.644237026654352,0.011093694562051195,356287.3,0.4280955285243117,0.01389001525333261,0.20328470000779877,1.008239716220195,1.0738403477112448,0.00594314736053847
2023-10-10,7887.745773938982,7925.065653874351,7846.312014317762,7897.91064453125,187020,ULTRACEMCO,0.00594314736053847,-0.01765234221673495,-0.032293206479664716,8076.093896484375,8020.647265625,7476.862155761719,0.9779369514226809,0.9846974169254673,1.056313528322181,7961.356351240713,8014.271471775325,-52.91512053461247,-26.13356050597033,-26.78156002864214,29.87574625075581,0.01116343735747654,359340.2,0.5204538762988388,0.009971452337349484,0.6551904204555737,1.0069129870723788,1.0727290537841783,0.022639554159182618
2023-10-11,7934.359415674672,8122.215717658141,7918.144026727024,8076.7158203125,439622,ULTRACEMCO,0.022639554159182618,0.027355504167776434,-0.01402781792168084,8070.348364257812,8021.349130859375,7483.04478515625,1.0007889939525891,1.0069024161085471,1.0793354913943434,7979.103961867142,8018.896979074375,-39.79301720723288,-28.865451846222843,-10.927565361010036,45.12836839540145,0.01237284266634509,374736.9,1.1731484142607786,0.0252666672285149,0.777039641617909,1.0061086025055224,1.07193653935774,0.0010487806323080662
2023-10-12,8097.965407054391,8117.375280512879,8037.024398189376,8085.1865234375,177704,ULTRACEMCO,0.0010487806323080662,0.02131470831632787,-0.02565449912283102,8059.7042236328125,8021.999677734375,7489.979516601563,1.0031616916821795,1.0078766951186129,1.079467107422211,7995.4243559548895,8023.807315693865,-28.382959738975842,-28.768953424773443,0.38599368579760096,51.826013159195405,0.01196188872512337,366830.95,0.484430225966484,0.009938036938366196,0.599397590361448,1.0047001430333,1.0710309233761706,0.002065409214937919
2023-10-13,8051.061390238062,8148.3537211126995,8041.864602742449,8101.8857421875,285076,ULTRACEMCO,0.002065409214937919,0.021176378779285132,-0.03095630027896268,8046.763403320312,8023.68802734375,7496.70044921875,1.006850249734501,1.0097458568400544,1.0807268873910811,8011.803030759907,8029.590902841543,-17.787872081635214,-26.5727371561458,8.784865074510584,59.68946018302128,0.01181201355109458,365033.85,0.7809577111821274,0.01314374477237423,0.563636363636369,1.0028759064283064,1.0702959364182572,-0.009176646881615458
2023-10-16,8101.934393933762,8185.141312260098,8009.918298952105,8027.53759765625,363990,ULTRACEMCO,-0.009176646881615458,0.02245350700858162,-0.04555157658996589,8027.607470703125,8023.77515625,7503.545935058593,0.9999912959063918,1.0004689116199024,1.0698325387933492,8014.223733359345,8029.438806161151,-15.215072801805945,-24.30120428527783,9.086131483471885,54.32119039979888,0.01179292786554605,367634.8,0.9900858134213627,0.02182774121906968,0.10055356526243035,1.0004776198707588,1.0693311170070612,0.0011094622593359471
2023-10-17,8064.130640726327,8066.06680654643,8015.726495223768,8036.44384765625,205234,ULTRACEMCO,0.0011094622593359471,0.017540487523864945,-0.04891528646836474,8006.941333007812,8026.9746875,7509.642846679688,1.0036846173115839,1.001179667374683,1.0701499407804036,8017.6422124819455,8029.957698123751,-12.315485641805026,-21.90406055658327,9.588574914778246,53.692955993651054,0.011709985917858406,360034.05,0.5700405281111606,0.0062640033672782544,0.411545973557686,0.9975042459616342,1.0688890072913448,-0.002782672708560252
2023-10-18,8059.194288287422,8083.347202053654,7984.748329800039,8014.0810546875,322136,ULTRACEMCO,-0.002782672708560252,-0.007754979501380599,-0.04053077007796724,7990.014428710938,8029.30099609375,7515.467976074218,1.0030120879244075,0.9981044500120678,1.0663449142755494,8017.094342052031,8028.781650461806,-11.687308409775142,-19.860710127221644,8.173401717446502,50.80337694168691,0.011515727165186248,369675.45,0.8714021988747156,0.012303203771060393,0.29749554145012785,0.9951070999328678,1.0683700631358337,0.029021550081710368
2023-10-19,7986.296033476478,8265.491510198046,7931.841372262067,8246.662109375,837498,ULTRACEMCO,0.029021550081710368,0.019971782403462424,0.007140856902828396,7992.937963867187,8035.943974609375,7522.713310546875,1.0317435399417332,1.0262219516999393,1.0962350642570875,8052.412460101717,8044.920943714635,7.491516387082811,-14.390264824360754,21.881781211443567,66.51248945205575,0.012671756393713558,395680.4,2.116602187017603,0.04045881030540556,0.9435654337218978,0.9946482938559463,1.0682241423906118,-0.006749949257405463
2023-10-20,8263.555560377488,8372.319295060832,8142.448768829709,8190.99755859375,539291,ULTRACEMCO,-0.006749949257405463,0.010998898187644546,0.01774209058271614,8000.077563476562,8041.8337890625,7530.025317382812,1.0238647680103516,1.018548477056828,1.0877782229609647,8073.733244485107,8055.74143370568,17.991810779427396,-7.913849703603124,25.90566048303052,59.728259136595256,0.012117608068910823,402947.25,1.3383662501729445,0.028063801092206398,0.21120058565154226,0.994807623897583,1.067969024021499,-0.016049978173088397
2023-10-23,8146.417667520307,8251.551093129137,8037.556555481108,8059.5322265625,217546,ULTRACEMCO,-0.016049978173088397,0.00398560934994463,0.016836842564377896,8006.750073242188,8045.9771875,7536.791545410157,1.0065922069300883,1.0016846976752007,1.069358516552138,8071.548472497014,8056.022233176555,15.526239320458444,-3.22583189879081,18.752071219249252,50.888186470506135,0.012180372378712025,387583.2,0.5612885181813866,0.026551731742290047,0.10269267301362883,0.9951246301917492,1.06756000070082,-0.008276059949877346
2023-10-25,8088.332813097684,8130.444420203579,7924.968820014473,7992.8310546875,255678,ULTRACEMCO,-0.008276059949877346,-0.005426877085872861,0.006111166086556263,8009.177514648438,8048.96177734375,7542.940463867188,0.9979590338794413,0.9930263400163922,1.0596439270567513,8059.438100526319,8051.34140514033,8.096695385989733,-0.9613264418347014,9.058021827824435,56.57511380880122,0.012345133840740865,376996.35,0.6781975475359378,0.025707486969664222,0.3302690665488805,0.9950572180865243,1.0670854179348952,-0.006183153140527864
2023-10-26,7973.130489333364,7973.130489333364,7895.248033636555,7943.41015625,637430,ULTRACEMCO,-0.006183153140527864,-0.008818340862195795,-0.0028680538325220883,8008.035131835937,8050.362578125,7548.959604492187,0.9919299835075622,0.9867145832455275,1.0522523065990559,8041.587647560731,8043.3464978151205,-1.758850254389472,-1.1208312043456556,-0.6380190500438163,51.35870568242387,0.012415955994217907,383078.05,1.663969000573121,0.009804662501977096,0.618395018268774,0.9947421689547153,1.0664201426292494,0.0005911567813925434
2023-10-27,7948.928449313766,8006.045338670667,7918.917880329632,7948.10595703125,227682,ULTRACEMCO,0.0005911567813925434,-0.036203272109856965,-0.006359942543936681,8005.491479492188,8053.38009765625,7554.945610351562,0.9928317302431783,0.9869279557963945,1.0520401293347488,8027.205849017734,8036.291642942242,-9.085793924507925,-2.71382374837811,-6.371970176129816,50.72650831801546,0.012378517444697567,367380.25,0.6197448011971248,0.01096204036685723,0.33500434027778053,0.9940536001550456,1.0659745963785294,0.023318559152107454
2023-10-30,7978.93869424512,8147.675342633916,7935.81079319657,8133.4443359375,244073,ULTRACEMCO,0.023318559152107454,-0.00702639968386598,0.030321039202414246,8017.459326171875,8056.278505859375,7561.850356445312,1.0144665541846916,1.0095783468784008,1.0755891683316627,8043.550231620775,8043.488138719669,0.06209290110564325,-2.158640418481359,2.2207333195870023,63.0389728646055,0.013047935947075245,361062.35,0.6759857404129785,0.02604856450559654,0.9328296936216558,0.9951814997881134,1.065384545595066,0.002458082327177591
2023-10-31,8136.447344220457,8182.333910987173,8084.557528407269,8153.43701171875,218908,ULTRACEMCO,0.002458082327177591,0.011651393966359391,0.020279116704378097,8025.562231445312,8060.43935546875,7568.974560546875,1.0159334357625944,1.0115375418322456,1.077218181471817,8060.455890097386,8051.632499682564,8.823390414821915,0.0377657481792959,8.785624666642619,62.1050664194385,0.01280436669463267,355959.05,0.6149808524323234,0.011992044881118486,0.7044593131188068,0.9956730492612943,1.064931489859092,-0.004844343166965137
2023-11-01,8170.620032029903,8175.460446740821,8102.950656213868,8113.93896484375,209234,ULTRACEMCO,-0.004844343166965137,0.01515206681182435,0.009217411573247736,8029.267553710937,8063.665029296875,7575.647585449219,1.0105453468285137,1.00623462598759,1.0710554937149457,8068.68405544298,8056.247793398208,12.436262044771865,2.51746500749781,9.918797037274055,52.03150940831918,0.012813314118807246,343700.65,0.6087681242383451,0.008936447617011305,0.1515424131007219,0.9957342628369401,1.0644192378728132,0.009252499812394843
2023-11-02,8117.85909103031,8202.760149739119,8107.646005598193,8189.01318359375,200590,ULTRACEMCO,0.009252499812394843,0.030919091739270987,0.041639690566952714,8045.635400390625,8068.306025390625,7583.2479321289065,1.01782056681268,1.014960656899139,1.0798820316685573,8087.196229004638,8066.082266746027,21.113962258610627,6.236764457720374,14.877197800890254,55.282463236627585,0.011767181293157774,309511.7,0.6480853550932,0.011614848090790905,0.855468749999993,0.9971901629748976,1.063964424953932,0.007518588972613038
2023-11-03,8204.502639581206,8257.747199484093,8166.747406195522,8250.5830078125,243686,ULTRACEMCO,0.007518588972613038,0.03805649451787518,0.04220746839135203,8062.342065429688,8074.484326171875,7590.666335449218,1.023348171146194,1.021809279023533,1.0869379107445944,8112.332656513539,8079.748988306506,32.58366820703304,11.506145207582907,21.077522999450135,57.23503775603878,0.011779752340578127,306170.7,0.7959154811351967,0.011029498546030364,0.9212724401595718,0.9984962184268745,1.0637385401151378,0.013886566018002755
2023-11-06,8266.459042737202,8373.916233713175,8249.227357947657,8365.1552734375,194715,ULTRACEMCO,0.013886566018002755,0.02848866088333435,0.05435934816687937,8083.906079101563,8083.759521484375,7598.0244653320315,1.0347912496241167,1.0348100102687683,1.100964508814851,8151.228443732611,8100.890194612506,50.33824912010459,19.272565990087244,31.065683130017348,65.8083909822981,0.012069463179048763,307981.9,0.6322287121418498,0.014905745522913573,0.9297374346998681,1.0000181298833541,1.0639291250467324,0.005184732659741398
2023-11-07,8365.156440703351,8417.481134351703,8308.620019044385,8408.5263671875,206360,ULTRACEMCO,0.005184732659741398,0.03128611346382093,0.0709793841906261,8111.769921875,8092.943720703125,7605.139052734375,1.0365834396402487,1.0389947906936583,1.1056374260723443,8190.812739648748,8123.678059247692,67.13468040105636,28.844988872281068,38.28969152877529,66.87742826553126,0.011673639648219311,310673.65,0.6642339960276643,0.012946515305241296,0.9177413611928968,1.0023262488683462,1.0641414528500124,0.001508072105474323
2023-11-08,8411.671793437126,8440.859869208954,8376.67522062759,8421.20703125,132370,ULTRACEMCO,0.001508072105474323,0.03786916166581822,0.0662575724481127,8137.934741210937,8105.0912109375,7612.143820800781,1.0348088672430067,1.0390021299064363,1.1062858544840404,8226.258015279709,8145.717242358974,80.54077292073544,39.18414568197194,41.356627238763494,68.6306195027211,0.011666884629948198,307941.15,0.4298548602549545,0.007621787273865028,0.693807812407955,1.004052209829436,1.0647580237238425,-0.00825401736408593
2023-11-09,8407.798827588416,8440.713641651515,8342.695261537141,8351.6982421875,128138,ULTRACEMCO,-0.00825401736408593,0.019866259211754667,0.03404631634846367,8151.683862304688,8114.954013671875,7618.353898925781,1.0245365722299078,1.0291738225647076,1.096260209618921,8245.556511727062,8160.975094198124,84.58141752893789,48.26360005136513,36.31781747757276,55.6498151519704,0.010994121907332803,292366.95,0.4382779927758592,0.011736341193369158,0.09184992283950941,1.0045261930715728,1.065184700177307,0.009713710219162675
2023-11-10,8316.848080982336,8451.315168646863,8314.476088892186,8432.82421875,149939,ULTRACEMCO,0.009713710219162675,0.022088282823763628,0.04299686770425892,8169.065747070313,8124.850703125,7625.4235009765625,1.0322874707887226,1.0379051291990566,1.1058827378794156,8274.366928192128,8181.112066387152,93.25486180497683,57.26185240208747,35.993009402889356,62.6608810090236,0.011135587144168152,290978.7,0.5152920127830662,0.016226957446880113,0.8648708400406293,1.00544195155836,1.0654950117963256,-0.0038399752084835592
2023-11-13,8433.066018084766,8445.36085918584,8383.597363301626,8400.4423828125,64412,ULTRACEMCO,-0.0038399752084835592,0.0042183448150747704,0.03685026549688053,8183.993579101562,8132.81705078125,7632.673779296875,1.0264478217900435,1.0329068427778714,1.1005897311631667,8293.763151979878,8197.358756492733,96.40439548714494,65.09036101909896,31.314034468045975,69.91456677551189,0.01121638294837949,279945.5,0.23008764205890075,0.007352409917194738,0.2727342303041479,1.0062925955423276,1.0655266143878677,0.01031428195106443
2023-11-15,8431.034532297328,8534.377388689882,8417.72339154419,8487.0869140625,192348,ULTRACEMCO,0.01031428195106443,0.009342962541161404,0.0572466102856275,8206.971044921875,8141.906396484375,7640.526889648438,1.0341314557596677,1.0423955399103055,1.110798644732342,8323.505269223358,8218.8201014979,104.68516772545809,73.00932236037079,31.675845365087298,78.21497698729841,0.011051573603631532,271363.4,0.7088207179007927,0.013744880702518081,0.5946090508298686,1.0079913284762883,1.065621064368639,0.0009296061790562415
2023-11-16,8509.061981108478,8530.457182701099,8422.322122236887,8494.9765625,233428,ULTRACEMCO,0.0009296061790562415,0.008759971222207286,0.057056668787336395,8229.897680664062,8151.8321484375,7649.9969873046875,1.032209256071158,1.0420941461764852,1.1104548899297049,8349.885468188995,8239.276135646203,110.60933254279189,80.52932439685502,30.080008145936873,83.05390651335256,0.011053133102202302,272773.1,0.8557588706511017,0.012729294738912008,0.671886064993313,1.0095764400940868,1.0655993933024572,0.0018119624005732415
2023-11-17,8504.608857897521,8586.508298679,8491.685328456417,8510.369140625,151817,ULTRACEMCO,0.0018119624005732415,0.018998638820066027,0.061927011038554136,8254.712084960938,8155.86712890625,7659.737026367187,1.0309710445419213,1.0434658885579822,1.111052391397991,8374.57526394838,8259.357098977966,115.21816497041436,87.46709251156689,27.751072458847474,83.2684152653089,0.010977700297731742,264257.15,0.5745047958021192,0.01114205137940935,0.19703888334994815,1.0121194907288715,1.0647711665336852,-0.01472548768058446
2023-11-20,8519.129282601167,8533.8443313498,8374.98136465069,8385.0498046875,174311,ULTRACEMCO,-0.01472548768058446,-0.005665292293923985,0.01678105559280496,8261.631469726562,8159.868212890625,7669.35447265625,1.0149387364242988,1.0275962289980545,1.0933188490091228,8376.186731754398,8268.667669771265,107.51906198313372,91.47748640588026,16.041575577253468,66.02538744212316,0.009832301739826287,231097.8,0.7542737317274332,0.01894597771026952,0.06337814435934519,1.012471188771796,1.0639576305911034,0.0054089711145359765
2023-11-21,8388.244475894648,8459.011902724656,8388.244475894648,8430.404296875,183507,ULTRACEMCO,0.0054089711145359765,0.003566706691995547,0.02922803194222312,8273.601806640625,8163.178076171875,7679.148098144531,1.0189521436852957,1.0327355618375094,1.0978306693827133,8384.527895619107,8280.648160667837,103.87973495126971,93.95793611495814,9.921798836311567,67.08865945838468,0.009710968329347196,213308.6,0.8602888022330089,0.008394309968768766,0.595751786787796,1.0135270515280164,1.0630317284991935,0.005919677358297015
2023-11-22,8455.235845646968,8494.927243594246,8337.371755401087,8480.3095703125,325320,ULTRACEMCO,0.005919677358297015,-0.000798547701776231,0.0522086557782111,8294.640673828126,8168.304091796875,7688.362004394531,1.0223842000859917,1.0381970939143856,1.10300601941809,8399.26353787963,8295.43789471559,103.82564316404023,95.93147752477456,7.894165639265665,72.31815507510802,0.00882508564035953,218697.3,1.4875355114123494,0.018578978383610178,0.9072220622119815,1.0154666844685822,1.0624244913452328,-0.01765440783837835
2023-11-23,8470.724715426266,8487.182123444809,8315.831463487044,8330.5947265625,344271,ULTRACEMCO,-0.01765440783837835,-0.019350475510802823,0.042258327439176124,8311.528857421876,8171.686572265625,7695.874016113281,1.0022939063880647,1.0194461881144834,1.0824754549152271,8388.699105369302,8298.042104482027,90.65700088727499,94.87658219727464,-4.219581309999654,57.905774921844454,0.00964372653873541,223126.95,1.542937776005991,0.0205688387902733,0.08615819209038908,1.0171130260466512,1.0618269679514125,-0.0056998809804175155
2023-11-24,8362.300322465811,8378.75773222292,8272.316825332797,8283.111328125,197278,ULTRACEMCO,-0.0056998809804175155,-0.026703637497363597,0.04276515566903183,8328.513916015625,8173.51626953125,7702.879504394531,0.9945485367079334,1.0134085569759361,1.0753266130411938,8372.454831947101,8296.936121048173,75.51871089892848,91.00500793760541,-15.486297038676938,51.84538009544629,0.009622420043061377,201119.35,0.9809001471017085,0.01285035328798587,0.10141310429970435,1.018963398539031,1.0610988092009253,0.01990366316250136
2023-11-28,8362.30024767411,8456.688332201573,8314.138122492148,8447.9755859375,343335,ULTRACEMCO,0.01990366316250136,0.007504520869371811,0.06289166646854305,8353.507397460937,8176.51439453125,7710.58283203125,1.0113088052696615,1.0332001117233784,1.0956338541417359,8384.073409484085,8308.124229558494,75.94917992559022,87.99384233520237,-12.044662409612158,54.44488236847953,0.010396689068071788,206902.0,1.6594088022348745,0.016873889875666074,0.9388794567062865,1.0216465102841457,1.060427541296156,0.0007161247835008044
2023-11-29,8480.309217793892,8509.448133015803,8414.576015036788,8454.025390625,207727,ULTRACEMCO,0.0007161247835008044,0.002801893351515261,0.0394151655124777,8369.536450195312,8178.380859375,7718.212570800782,1.010094817189991,1.0337040468021277,1.095334614468629,8394.835252736533,8318.931722970829,75.90352976570466,85.57577982130283,-9.67225005559817,52.54379058703027,0.009248987216708698,205084.7,1.0128839450236902,0.011222123615126927,0.41581632653060324,1.0233732806171758,1.0596210954742433,0.031021302952712215
2023-11-30,8496.428072228728,8731.285558891383,8483.746563970262,8716.2802734375,1025481,ULTRACEMCO,0.031021302952712215,0.027825718055279003,0.06903141103681643,8397.67861328125,8184.49333984375,7727.452084960937,1.0379392537900138,1.0649749363231693,1.1279630307124138,8444.288332844375,8348.364948931323,95.92338391305202,87.64530063965267,8.278083273399346,62.89780192479914,0.01130432829191418,245413.35,4.17858686171718,0.028399613958661366,0.9393821346868435,1.0260474612887365,1.0591451425201717,0.0033539966686351175
2023-12-01,8813.232231109198,8870.930534701825,8685.639103882511,8745.5146484375,353015,ULTRACEMCO,0.0033539966686351175,0.0498067587602129,0.07783835771137237,8429.257397460937,8190.40830078125,7737.104951171875,1.037518993200021,1.0677751739926447,1.1303342404723216,8490.630842935625,8377.78344519104,112.84739774458467,92.68572006063907,20.161677683945598,67.84210628775102,0.011136905146805553,252602.4,1.3975124543551447,0.021187024236751888,0.32314254517995494,1.029162050035638,1.0585882384264047,0.031426377382959725
2023-12-04,8857.95858479951,9042.66861407926,8796.146869444385,9020.3544921875,473570,ULTRACEMCO,0.031426377382959725,0.08900558435804395,0.10151910736440106,8470.824462890625,8203.7630078125,7747.271694335937,1.064873263718813,1.0995386487392864,1.164326597553345,8572.126788974376,8425.381300524112,146.74548845026402,103.49767373856406,43.24781471169996,72.64384082380793,0.012700780608008482,266251.4,1.7786573141023858,0.02732949629068212,0.9094841636594357,1.0325535312055942,1.058922848131208,0.0012878859151335131
2023-12-05,9023.500954084211,9099.979505245316,8948.136076445506,9031.9716796875,448461,ULTRACEMCO,0.0012878859151335131,0.0691285252672984,0.09470708568535113,8509.893896484375,8220.63861328125,7757.836696777344,1.0613495055935782,1.0986946519088507,1.164238438202681,8642.872156776395,8470.313921202882,172.55823557351323,117.30978610555391,55.24844946795932,74.73550377064907,0.012710154599539454,276490.15,1.6219782151371396,0.016811769808944246,0.5521187443186826,1.0351864735588552,1.0596560529169372,-0.01251370592250467
2023-12-06,9031.971926902075,9049.591225717868,8838.161530715382,8918.9482421875,308912,ULTRACEMCO,-0.01251370592250467,0.054994257774299005,0.06620235376963057,8537.583544921876,8238.053466796875,7767.709860839844,1.0446689271336569,1.0826523860442205,1.1482082109105944,8685.345400685796,8503.546093127668,181.7993075581271,130.20769039606856,51.591617162058554,66.57252884469807,0.013062129321772455,282200.0,1.0946562721474131,0.023705675743514495,0.3820972804750432,1.036359326791486,1.0605511295328143,0.015364059335138736
2023-12-07,8970.255942467835,9081.585473374786,8941.359046733274,9055.9794921875,346830,ULTRACEMCO,0.015364059335138736,0.0389729572814701,0.07699959502137599,8569.956201171875,8260.651416015626,7778.397314453125,1.0567124591545947,1.096279099082901,1.1642474826222218,8742.366030147597,8544.467085650618,197.8989444969793,143.7459412162507,54.1530032807286,69.58692902271123,0.013335279815400114,289223.5,1.1991764154710802,0.015484401964744205,0.8173954667421767,1.0374431469843377,1.061999160246857,0.0063070163737422025
2023-12-08,9078.970784236782,9130.618569137663,9043.007075254438,9113.095703125,311761,ULTRACEMCO,0.0063070163737422025,0.042030808873343206,0.08216027337975329,8604.550634765625,8284.027685546875,7789.563325195312,1.0591018741065525,1.1000803050217467,1.1699109850803482,8799.401364451813,8586.587723982055,212.81364046975796,157.55948106695217,55.25415940280578,70.4479253634424,0.013335051766929618,298193.05,1.0455005574408929,0.00961380158151769,0.7999935255524936,1.0386916801084531,1.063477802247556,0.027338426307436547
2023-12-11,9113.532520542762,9419.446720297545,9099.979359794132,9362.2333984375,588082,ULTRACEMCO,0.027338426307436547,0.03790082823752661,0.12099756563825736,8655.077392578125,8311.947197265625,7801.914072265625,1.0817041805386711,1.126358622864855,1.199991862473662,8885.99090814192,8644.042959126902,241.947949015017,174.43717465656516,67.51077435845184,80.582345642035,0.013968032432929326,321190.25,1.830945989176197,0.03412298614097041,0.820910274621205,1.0412815658195447,1.0653728200895052,0.019915349308490704
2023-12-12,9392.775987150098,9643.219218858336,9327.526822470758,9548.685546875,1060266,ULTRACEMCO,0.019915349308490704,0.057209420657237775,0.13232356078808483,8710.870458984375,8342.941328125,7815.1011962890625,1.0961804095050576,1.1445226774741062,1.2218249395681677,8987.94392948547,8711.053521182317,276.89040830315207,194.92782138588254,81.96258691726953,82.1580900152433,0.014300061865666448,366706.6,2.891319654459451,0.03306134596618847,0.7005513181024604,1.0441006494459026,1.0675410488717123,-0.012607060813139559
2023-12-13,9583.972224346297,9722.408075137791,9367.944153153105,9428.3046875,1501931,ULTRACEMCO,-0.012607060813139559,0.05710947428792035,0.12235811613808933,8762.26357421875,8373.625673828124,7827.078813476563,1.0760124490252663,1.1259524911614198,1.2045751566045901,9055.691738410782,8764.183237205849,291.50850120493305,214.24395734969264,77.26454385524042,76.19928738797628,0.014755322800123412,438582.55,3.424511531523541,0.03759572200234824,0.17028682075436422,1.0464121415894334,1.069827693495372,0.02301538833780925
2023-12-14,9516.255511560545,9671.148785400796,9464.947114600958,9645.30078125,710415,ULTRACEMCO,0.02301538833780925,0.0650753780494866,0.13646777497570128,8820.174267578124,8406.704111328125,7839.519841308594,1.093549910539176,1.1473343956822333,1.2303433088371367,9146.400821924508,8829.451203431341,316.9496184931668,234.7850895783875,82.16452891477928,85.03114986752654,0.01522167283657416,464485.9,1.5294651570693534,0.02137845936341181,0.8746469703638505,1.0491833839724232,1.0723493634177543,0.006639304194845597
2023-12-15,9680.82863777058,9738.429568165317,9584.649983411698,9709.3388671875,439516,ULTRACEMCO,0.006639304194845597,0.06542707148988236,0.14295063626757365,8880.8923828125,8440.09423828125,7852.696884765625,1.0932841485590254,1.1503827555798383,1.2364336749103093,9233.006675041892,8894.62806741328,338.3786076286124,255.5037931884325,82.87481444017988,87.67037285610448,0.015164624271182646,474790.3,0.925705516730228,0.015838316785225497,0.8108285893447755,1.0522266851632944,1.0748019899577668,-0.005892663544873611
2023-12-18,9707.935357551363,9707.935357551363,9624.43820711371,9652.125,266562,ULTRACEMCO,-0.005892663544873611,0.030963936619106347,0.134160556435176,8937.98017578125,8475.90361328125,7866.237377929688,1.0799000232909253,1.1387723882177798,1.2270320022481116,9297.48641734314,8950.738951308593,346.74746603454696,273.7525277576554,72.99493827689156,83.72238798622715,0.015394432160078167,480527.55,0.5547278194559292,0.008650649513724028,0.3315896739130483,1.0545164956543336,1.0775041746212877,0.004688896227514672
2023-12-19,9652.124937050696,9729.233117978923,9635.329076939724,9697.3828125,675166,ULTRACEMCO,0.004688896227514672,0.01557253769589928,0.1565086717885522,9003.596826171875,8511.522275390626,7880.1429296875,1.077056536373487,1.1393241418797733,1.2306100154562254,9359.008939674964,9006.045903989438,352.96303568552685,289.5946293432297,63.368406342297135,84.07217145940021,0.014581098170861034,505570.3,1.3354542385104504,0.009683441692964413,0.6608207152061967,1.057812754858668,1.0801228291589076,-0.012942844598051173
2023-12-20,9706.966868215695,9804.74323738791,9543.50645494011,9571.87109375,501448,ULTRACEMCO,-0.012942844598051173,0.015227170844440252,0.13539882035054007,9060.670166015625,8544.282197265626,7893.229392089844,1.0564197701017488,1.1202662637726581,1.2126685565913489,9391.756963378817,9047.958881008737,343.79808237008,300.4353199485998,43.36276242148023,75.34557346014341,0.015273773992465723,521467.35,0.9616095811175907,0.027292133365479043,0.10857827348856398,1.0604366706094113,1.0824824381549372,0.006776345403340489
2023-12-21,9565.627517509687,9666.30814313675,9511.269282343064,9636.7333984375,216730,ULTRACEMCO,0.006776345403340489,-0.0008882442348666642,0.13636575628952952,9118.491357421875,8579.991875,7906.784958496094,1.0568341867861517,1.123163464352057,1.2187929036924825,9429.445645695538,9091.571808225683,337.87383746985506,307.9230234528508,29.950814017004234,75.85523236641014,0.015273323070073466,516037.85,0.4199885725436613,0.016088321050660555,0.8092430210861398,1.0627622368723835,1.0851429398975272,0.0014615908062562966
2023-12-22,9668.2438514473,9679.860846162166,9585.956805550331,9650.818359375,226940,ULTRACEMCO,0.0014615908062562966,-0.006027239198568846,0.15847891730981756,9184.5025390625,8615.050029296875,7920.051259765625,1.050772028025385,1.1202277788934278,1.2185297850787637,9463.502986261608,9132.997478681187,330.5055075804212,312.4395202783649,18.06598730205627,71.55102484996618,0.014244194939464556,510171.3,0.4448309812802092,0.009730163506871356,0.6907216494845281,1.0660997333537365,1.0877518019437435,0.004980451180164325
2023-12-26,9656.626593780467,9733.879417452026,9651.88260957703,9698.8837890625,226114,ULTRACEMCO,0.004980451180164325,0.004844403596358404,0.1709227855154254,9255.291162109375,8647.493388671875,7933.4959716796875,1.0479285437036456,1.1215832557637957,1.222523314272137,9499.715417461744,9174.914983153878,324.80043430786645,314.91170308426524,9.888731223601212,72.24268346066057,0.013920682995345301,511613.1,0.44196288171667225,0.008454252020986732,0.5732074296980371,1.0702860061429718,1.0899978293984083,0.041667165911992265
2023-12-27,9778.5563975885,10135.827174978378,9717.373373986557,10103.0087890625,658122,ULTRACEMCO,0.041667165911992265,0.0418283968370976,0.1959088525160948,9338.042822265625,8687.849833984375,7948.8887890625,1.0819193037938197,1.1628894354898296,1.2709963690728725,9592.5297823234,9243.662672480443,348.8671098429568,321.7027844360036,27.164325406953196,83.06926534441753,0.015643224754000568,527352.45,1.2479737223179679,0.041418730769079294,0.9215722599768679,1.074839344683178,1.092964068882014,-0.0009389606921128557
2023-12-28,10157.125695977466,10163.854061150994,9998.456531928863,10093.5224609375,421406,ULTRACEMCO,-0.0009389606921128557,0.05449836944922026,0.19393093757804447,9420.01767578125,8727.682568359374,7964.587124023437,1.0714971891069613,1.15649513852964,1.2673001504990251,9669.605579033261,9306.615249403188,362.99032963007267,329.96029347481743,33.03003615525523,81.20001127664548,0.015694206272365837,538036.4,0.7832295361429078,0.016386502319901596,0.5747723648335884,1.0793263391512211,1.0958110486398254,0.007361137301179488
2023-12-29,10087.471390046914,10190.039955842438,10030.83854400694,10167.822265625,243089,ULTRACEMCO,0.007361137301179488,0.055110880962381925,0.16653227599977627,9492.594775390626,8770.48826171875,7980.730915527343,1.0711320251428924,1.1593222591728791,1.2740464968994811,9746.254300047374,9370.408361715914,375.8459383314603,339.13742244614605,36.70851588531423,81.39231381850101,0.014815418973380913,498916.8,0.48723354274700714,0.015657375559535548,0.8604428819990916,1.0823336731232753,1.0989580220847757,-0.003717879147317693
2024-01-01,10167.822979661303,10184.232174001338,10082.195857522684,10130.01953125,97677,ULTRACEMCO,-0.003717879147317693,0.04965394166904957,0.15831028115193435,9561.82001953125,8812.359775390625,7996.36455078125,1.0594237823508632,1.1495240536523563,1.266828127572084,9805.295104847777,9426.675855755477,378.6192490923004,347.03378777537694,31.585461316923443,76.14047663854058,0.015011078059327014,486149.9,0.2009195106283062,0.010072667299789817,0.4686926711757682,1.0850464873476415,1.1020457758556859,-0.02478024976043902
2024-01-02,10155.092531417004,10155.092531417004,9781.605416535707,9878.9951171875,337528,ULTRACEMCO,-0.02478024976043902,0.018570315104518897,0.09518923294463266,9604.75205078125,8849.658056640625,8010.860151367187,1.0285528522710738,1.116313766470839,1.2332002969121216,9816.633568284657,9460.180986231924,356.4525820527324,348.91754663084805,7.535035421884345,60.77225635292956,0.015544069446056276,479347.8,0.7041400836720227,0.03780618478406802,0.260757859565639,1.0853246520156805,1.1047075956169679,-0.009128130618832886
2024-01-03,9879.043873820809,9918.009210151564,9767.568750856308,9788.818359375,179575,ULTRACEMCO,-0.009128130618832886,-0.03109869903583995,0.08379639646010117,9642.594384765625,8880.501181640626,8024.984614257813,1.015164380951292,1.1022821977223776,1.2197927883853412,9812.354305375478,9484.524495353633,327.82981002184533,344.6999993090475,-16.87018928720215,61.993572516465065,0.01583513565074276,465903.5,0.38543389349940493,0.015368602600657652,0.14124929303085604,1.0858164632307619,1.1066066302311452,-0.00956827534605309
2024-01-04,9835.722073435263,9840.126661466233,9681.796895317526,9695.15625,313755,ULTRACEMCO,-0.00956827534605309,-0.039467511216148776,0.08702909656331004,9681.40478515625,8910.58435546875,8039.367377929688,1.0014203997404214,1.088049432364077,1.20596009539456,9794.323835317713,9500.12684754966,294.1969877680531,334.5993970008486,-40.40240923279555,51.80686646063415,0.01568498943911533,466145.65,0.6730836166764615,0.016330811187154078,0.08437677265263362,1.0865061592974448,1.1083688475203655,0.0001248005608471825
2024-01-05,9777.636956700842,9777.636956700842,9675.988255665834,9696.3662109375,163191,ULTRACEMCO,0.0001248005608471825,-0.046367456311798616,0.0707142412703623,9713.42412109375,8943.32103515625,8053.812321777344,0.9982438829043604,1.0842019617568266,1.2039473759177035,9779.25343156691,9514.6630966895,264.59033487741,320.59758457616095,-56.00724969875097,49.507411082583175,0.015487980488683523,456963.7,0.35712027016587966,0.010483174709340971,0.20047433035713583,1.0861092968607768,1.1104456719178435,-0.008141943477335656
2024-01-08,9756.338832438409,9758.274998112638,9608.270373423087,9617.4189453125,176843,ULTRACEMCO,-0.008141943477335656,-0.0506021320448774,0.05534049664534524,9738.640283203125,8975.81279296875,8067.68521484375,0.9875525397421544,1.0714816771631372,1.1920914970278453,9754.355818297001,9522.274641031945,232.08117726505589,302.89430311393994,-70.81312584888406,48.70356278558718,0.015687576859277956,450217.8,0.39279433198776237,0.015597181067240772,0.06098859890717795,1.0849870098485053,1.1125635859532712,-0.0035633789073110655
2024-01-09,9670.759934284251,9697.237567123046,9555.171410735322,9583.1484375,242925,ULTRACEMCO,-0.0035633789073110655,-0.029947041797073637,0.02359640372770122,9749.68603515625,9008.60755859375,8081.368205566407,0.9829186707083967,1.0637768795198728,1.1858324226458552,9728.01622125131,9526.78381114069,201.23241011061873,282.5619245132757,-81.32951440265697,45.697481958819765,0.014631056726923481,432959.95,0.5610796102503245,0.014824580597312053,0.196929567717197,1.0822633766364425,1.1147379168280769,-0.012415083280139405
2024-01-10,9583.005035265767,9590.555893298148,9419.44722959507,9464.1728515625,374333,ULTRACEMCO,-0.012415083280139405,-0.033164933283451825,-0.0088507150955619,9745.460400390624,9038.928896484374,8093.563227539063,0.9711365561736981,1.0470458347386182,1.1693456374517244,9687.424933606877,9522.145962283048,165.27897132382896,259.10533387538635,-93.8263625515574,45.92358820933291,0.014243176500385714,398663.3,0.938970304013437,0.018079621577793484,0.2613872436350802,1.0781654012325566,1.1168046313308113,0.014755069823872091
2024-01-11,9525.838500885802,9627.535411858207,9408.942500589106,9603.8173828125,375210,ULTRACEMCO,0.014755069823872091,-0.009421082531547609,0.018615509482335035,9754.23603515625,9068.336357421875,8106.681733398437,0.9845791457371331,1.059049532823335,1.184679218779006,9674.562233484665,9528.195697137082,146.36653634758295,236.55757436982566,-90.19103802224271,48.82086989618505,0.01431770310958411,342327.25,1.0960564781214466,0.022761044130254544,0.8914968060583223,1.0756367707041443,1.1186249387417728,-0.011289761182000646
2024-01-12,9661.41878967947,9661.41878967947,9481.451806694253,9495.392578125,376816,ULTRACEMCO,-0.011289761182000646,-0.020726695799278105,-0.015542097289118706,9746.740625,9095.17546875,8118.730261230468,0.9742120923757525,1.0440032312460712,1.1695662095670962,9646.997671121639,9525.765836469522,121.23183465211696,213.49242642628394,-92.26059177416698,44.78477309457243,0.013579707581471877,325647.3,1.1571292008255558,0.018953085036190715,0.0774629390319462,1.0716385471054082,1.1202706797862678,0.014895279186595722
2024-01-15,9563.690630138406,9677.730602637846,9506.573741062772,9636.8291015625,273931,ULTRACEMCO,0.014895279186595722,0.0020182292526063073,-0.007468043562682269,9743.11513671875,9125.633271484376,8131.274445800781,0.9890911650262972,1.0560175732324792,1.1851560497431286,9645.433275804848,9533.992744994928,111.44053080991944,193.08204730301105,-81.64151649309161,48.04056762607232,0.01393525930307774,317368.05,0.8631335132821342,0.017760703211736287,0.7610291477715267,1.0676645496114634,1.1222881889317005,0.0015118391935722286
2024-01-16,9636.248508079709,9726.134622864263,9564.997042830462,9651.3984375,146779,ULTRACEMCO,0.0015118391935722286,0.007121876536204885,-7.527487470371241e-05,9743.07880859375,9154.8809765625,8143.837026367188,0.9905902053247395,1.054235272114257,1.1851168443390752,9646.350992988717,9542.689462958266,103.6615300304511,175.19794384849908,-71.53641381804798,31.08724546759531,0.013876628628382548,311378.9,0.47138389916593576,0.016695775340463556,0.5361964269999198,1.0642496427356185,1.1241483525421578,-0.01152996367916248
2024-01-17,9641.137232659628,9725.456871869932,9511.414129017056,9540.1181640625,252817,ULTRACEMCO,-0.01152996367916248,0.008024506070539728,-0.016217225975114102,9735.215576171875,9180.6716796875,8155.854289550782,0.9799596207620815,1.039152525753675,1.1697264106698457,9630.007480846221,9542.498996373393,87.50848447282806,157.6600519733649,-70.15156750053683,28.6449877979111,0.014066146498084105,290261.45,0.8709975093144473,0.022436068314035426,0.13410421985282797,1.0604034122809682,1.1256542054030694,0.0038154049495546793
2024-01-18,9539.488409092346,9616.015169347816,9458.169449648083,9576.517578125,278338,ULTRACEMCO,0.0038154049495546793,-0.0028425993122648263,0.00048543114815169375,9735.447900390625,9204.89892578125,8167.838891601563,0.9836750888205926,1.040371834100526,1.1724665122829352,9621.778265042956,9545.018891317957,76.75937372499902,141.47991632369173,-64.7205425986927,26.494939488141412,0.013796532428878294,279105.95,0.9972485359054509,0.016482580271171825,0.7497709073267749,1.0576376752082963,1.1269687181570178,0.020364551391883312
2024-01-19,9679.861418046858,9805.421965753489,9530.776643731504,9771.5390625,567616,ULTRACEMCO,0.020364551391883312,0.029082155593142422,0.013988730256287552,9742.18818359375,9232.1591796875,8181.0255444335935,1.0030127604141006,1.0584240232771591,1.1944149311633183,9644.818387728656,9561.798163257368,83.02022447128729,129.78797795321086,-46.76775348192356,37.3332302740365,0.014460497960266237,296650.25,1.913418242526342,0.02810665958200836,0.8766303281481839,1.0552448234458967,1.1284843360462433,-0.026026238509958333
2024-01-23,9680.828660614385,9763.115704229604,9501.733330393015,9517.22265625,580285,ULTRACEMCO,-0.026026238509958333,-0.01241139010062009,-0.013842940375644153,9735.5083984375,9254.0794921875,8192.1328125,0.9775783931096466,1.0284353688861925,1.1617515089267236,9625.188275193477,9558.496273849414,66.6920013440631,117.1687826313813,-50.476781287318204,37.246578879421634,0.015650911523164605,314317.5,1.8461746482458024,0.027464144034177584,0.05925925925926529,1.0520234245509164,1.1296300614251669,0.01622418485566257
2024-01-24,9550.137436717225,9712.387746283506,9423.899053314248,9671.6318359375,272419,ULTRACEMCO,0.01622418485566257,0.002096421422089989,-0.002809803036895042,9734.14580078125,9280.4781640625,8203.764462890626,0.9935778684516177,1.0421480084280241,1.1789260746925037,9632.333438384865,9566.87668585594,65.45675252892579,106.82637661089021,-41.36962408196442,46.047851693081505,0.016057852158919517,316632.75,0.8603626756865801,0.029828336920074083,0.8587261430369155,1.0488840799685863,1.1312462962634218,-0.002116975679214872
2024-01-25,9665.920491316168,9727.491133197069,9565.821283107722,9651.1572265625,296269,ULTRACEMCO,-0.002116975679214872,0.011639170562717238,-0.0447244550543372,9711.55322265625,9304.84482421875,8215.205322265625,0.9937810157954083,1.0372185037887323,1.1747919678166805,9635.229405796808,9573.11968887124,62.10971692556814,97.8830446738258,-35.77332774825766,48.4390644433743,0.012711470855722072,298540.1,0.9923926467499676,0.016751343522245145,0.5278408027694541,1.0437093155362371,1.1326369164505092,0.030563651845102457
2024-01-29,9680.92533890302,9971.253776034451,9670.664038417102,9946.1318359375,334463,ULTRACEMCO,0.030563651845102457,0.038595894049919144,-0.014602496360453965,9704.18369140625,9335.75861328125,8227.873146972655,1.024932354150047,1.065380141875982,1.208833881888062,9683.060548895375,9600.750218283556,82.31033061181915,94.76850186142448,-12.458171249605329,57.332484719211934,0.014676893252314863,294192.95,1.13688312381381,0.03022177290383925,0.9164244917471818,1.0394638607730142,1.1346502852582538,-0.030216874316815412
2024-01-30,9961.331449923286,9990.615958911372,9624.680606927992,9645.5908203125,368827,ULTRACEMCO,-0.030216874316815412,-0.012889294243406235,-0.05136118941398504,9678.072119140625,9358.92869140625,8238.990563964844,0.9966438255028204,1.0306298015893074,1.1707248291434817,9677.29597526724,9604.071744359773,73.22423090746634,90.45964767063285,-17.235416763166512,50.73183651186342,0.01594975563038317,300479.85,1.227460011045666,0.03793809615194983,0.057141823743385625,1.0341004230566928,1.1359314734913908,0.020449454469613215
2024-01-31,9642.106267323616,9861.038606560864,9587.071129286507,9842.837890625,341574,ULTRACEMCO,0.020449454469613215,0.034213262223214524,-0.02834956435563385,9663.713037109375,9385.88591796875,8251.121201171874,1.0185358208410962,1.0486850124378182,1.1929091393333382,9702.763962245357,9621.758125564606,81.0058366807516,88.5688854726566,-7.563048791905004,56.21946655939228,0.016749030714156676,312674.7,1.09242609011858,0.027834195820221938,0.9335661439929344,1.0296005216309674,1.137528547833682,-0.02410163798907561
2024-02-01,9845.35549845276,9906.634960806305,9584.069529117416,9605.609375,401503,ULTRACEMCO,-0.02410163798907561,-0.006826403450571394,-0.027673436310527433,9650.04375,9407.79072265625,8261.84790283203,0.9953954224300796,1.0210271102084951,1.1626466001277207,9687.817102669149,9620.561921819079,67.25518085007025,84.30614454813933,-17.050963698069083,53.20577039113094,0.0166995824675503,315873.45,1.2710881525496998,0.03358094412296342,0.0667766715416638,1.0257502568334504,1.1387029673387485,0.01776295670335859
2024-02-02,9680.829017548254,9841.434349106765,9673.37459012605,9776.2333984375,334386,ULTRACEMCO,0.01776295670335859,0.012959707208038962,-0.0012856465893502644,9649.414501953124,9435.61439453125,8273.710083007812,1.013142651966988,1.0360992924958514,1.1816021229116433,9701.419609710434,9632.093142309332,69.32646740110249,81.31020911873196,-11.98374171762947,53.853823875835246,0.017111054705522193,323614.0,1.0332865698022953,0.017190645121829357,0.6120371047494676,1.022658843238209,1.1404332880734736,-0.018042200757317328
2024-02-05,9729.23329251664,9805.033995657252,9563.158857582275,9599.8486328125,162473,ULTRACEMCO,-0.018042200757317328,-0.03481586699603201,-0.009830436429273615,9644.64912109375,9459.00328125,8284.823325195313,0.9953548866611159,1.0148900838042514,1.1587270187908545,9685.79330557229,9629.704660124382,56.088645447907766,76.26589638456713,-20.177250936659362,52.26594922094292,0.017463681127662493,316049.9,0.5140738851681332,0.02519572415425819,0.15168890660788661,1.0196263638275445,1.141726613829391,0.013351752677578155
2024-02-06,9661.467735414852,9753.435614659784,9603.67299485276,9728.0234375,250870,ULTRACEMCO,0.013351752677578155,0.008546144940536626,0.0032648546758464736,9646.231982421876,9483.95755859375,8296.157277832031,1.0084791092757432,1.0257346026063872,1.1725939024196208,9692.290248945783,9636.987532522577,55.30271642320622,72.07326039229496,-16.770543969088735,51.989712973202174,0.017730968134838196,320433.85,0.7829072989635771,0.015394969057096593,0.8303169563104014,1.0171104122752093,1.1431747544053452,0.017688708603607273
2024-02-07,9791.190284967364,9959.249095407014,9758.565702710566,9900.099609375,250184,ULTRACEMCO,0.017688708603607273,0.005817602543727762,0.029392570467181134,9660.366015625,9515.34765625,8309.060642089844,1.0248162019288136,1.0404348813122222,1.191482411287949,9724.260919781047,9656.477315993126,67.78360378792058,71.21532907142009,-3.431725283499503,55.07729077183911,0.01802111487439007,324100.9,0.7719324444949088,0.020270845811127904,0.7052596867271254,1.0152404688313987,1.1451773029612597,-0.02237814842061836
2024-02-08,9961.572348932768,9966.412763096483,9632.908227216278,9678.5537109375,320905,ULTRACEMCO,-0.02237814842061836,0.007593931117722663,0.009955524957139028,9665.136279296876,9543.25650390625,8321.23885498047,1.0013882299486419,1.0141772577291484,1.1631145169141064,9717.229041497425,9658.112604507525,59.11643698989974,68.79555065511602,-9.679113665216278,52.7044341441154,0.018780160719943317,327999.9,0.9783692007223173,0.03445809630661242,0.13686615566037785,1.0127712982817487,1.1468552543945272,-0.005191286025330477
2024-02-09,9753.240467381058,9753.240467381058,9537.551807226077,9628.3095703125,400823,ULTRACEMCO,-0.005191286025330477,-0.01513096323463825,0.017342954458286597,9673.343115234375,9566.86318359375,8333.359064941405,0.9953445727722661,1.0064228353159816,1.1553935808213252,9703.54912285359,9655.904972344932,47.64415050865864,64.56527062582455,-16.921120117165913,51.00634871600643,0.01858383171694607,329324.4,1.217106901280318,0.022401508653193507,0.4207813383476451,1.0111300778110037,1.1480200371830513,0.001819889650362727
2024-02-12,9633.392544650182,9697.721839807851,9590.70046866032,9645.83203125,191687,ULTRACEMCO,0.001819889650362727,0.004790012863362003,0.0043747862712062435,9675.44384765625,9590.69931640625,8346.132084960938,0.996939487544706,1.0057485604568415,1.155724823554017,9694.669570299191,9655.158828560121,39.51074173907,59.55436484847365,-20.043623109403647,47.37647263113357,0.018303803280201272,320148.25,0.5987444879052126,0.011095089651241088,0.5151453583385716,1.0088361159550725,1.149119043261719,-0.01118530793538175
2024-02-13,9678.699117403765,9685.37926763248,9516.835465958966,9537.9404296875,276453,ULTRACEMCO,-0.01118530793538175,-0.01953973579871937,0.004480894414046643,9677.571240234374,9607.13251953125,8357.97030029297,0.9855717093596417,0.992797841634527,1.1411790287593113,9670.55739482047,9646.475984199185,24.081410621283794,52.459774003035676,-28.378363381751882,50.46053028602589,0.018300313523789608,315130.1,0.8772662465438879,0.017670880093663525,0.12521945938668577,1.0073319193380463,1.149457604461037,-0.006556770447301852
2024-02-14,9489.197526129372,9511.26962885766,9394.22896453827,9475.40234375,417802,ULTRACEMCO,-0.006556770447301852,-0.04289828207615498,-0.016751024233305767,9669.49990234375,9621.7302734375,8369.502326660157,0.9799268255283085,0.9847919318533107,1.1321345014227568,9640.533540809627,9633.803862684432,6.729678125195278,43.3137548274676,-36.58407670227232,45.4523192743953,0.018031654348555845,322323.65,1.2962188781369284,0.012352052195080806,0.693548517378687,1.0049647649174003,1.1496179698509081,0.0027073594747584195
2024-02-15,9521.96682160331,9525.113090977866,9396.212476752124,9501.0556640625,415090,ULTRACEMCO,0.0027073594747584195,-0.01833931516796916,-0.015577304616639864,9661.982763671875,9631.344296875,8381.077333984374,0.9833442986242488,0.9864724353323373,1.1336317856818636,9619.075405925454,9623.97066278651,-4.895256861056623,33.67195248976276,-38.56720935081938,46.52967871576618,0.018041315550062012,335739.2,1.2363465451755409,0.01356697811100144,0.8133645284790164,1.003181120501197,1.149177356689089,0.010382892279342748
2024-02-16,9559.867110993224,9630.488949535998,9536.681335832764,9599.7041015625,250550,ULTRACEMCO,0.010382892279342748,-0.002970975179090729,0.006245828036434586,9664.962060546875,9642.6989453125,8392.93357421875,0.993247986016338,0.9955412023133937,1.1437841151335553,9616.09520525423,9622.17313973288,-6.077934478649695,25.72197509608027,-31.799909574729966,41.19096384824129,0.018009869651013585,335625.85,0.7465158002579361,0.00977192762514068,0.671829963920755,1.0023088053832891,1.1489068583758073,-0.001411888407611861
2024-02-19,9631.408264826923,9631.408264826923,9569.499176171488,9586.150390625,109778,ULTRACEMCO,-0.001411888407611861,-0.006187298351417181,0.0010058784335136295,9665.443701171875,9656.04298828125,8404.455588378907,0.9917962058444083,0.992761776460495,1.1406033727966933,9611.488310695888,9619.504787947111,-8.016477251223478,18.974284626619525,-26.990761877843003,48.23023696280087,0.017996625402598394,327197.85,0.33550953956451735,0.006458180409518758,0.26896235779187133,1.0009735574812617,1.148919509031965,0.007750846609152262
2024-02-20,9586.150808316748,9680.82912811098,9540.45710575337,9660.451171875,320905,ULTRACEMCO,0.007750846609152262,0.012844569861872657,-0.01136851522717841,9659.889306640625,9668.132421875,8416.829018554687,1.000058164769444,0.999205508399676,1.1477542374424834,9619.021058569597,9622.537853423251,-3.5167948536545737,14.476068730564707,-17.99286358421928,44.140700490669744,0.017466138607505056,314862.3,1.0191915640583202,0.014530586600994577,0.854828933189656,0.9991473932219087,1.1486668436012952,-0.001057185678318362
2024-02-21,9652.0288565175,9792.15886097886,9603.382689165626,9650.23828125,322960,ULTRACEMCO,-0.001057185678318362,0.018451558166848958,0.01397630693368801,9666.540087890626,9678.8752734375,8428.907573242188,0.9983135841270604,0.9970412892636307,1.1448978645684718,9623.823708212736,9624.589736965972,-0.7660287532362418,11.427649233804518,-12.19367798704076,51.67857216317631,0.0163998098894247,301996.05,1.0694179609302836,0.01956181456990729,0.24820713141026368,0.9987255558938004,1.1482953383144656,-0.0007223348192908485
2024-02-22,9680.82900558799,9701.062316367052,9489.438827068823,9643.267578125,363840,ULTRACEMCO,-0.0007223348192908485,0.0149680118810811,-0.002932727206085839,9665.121875,9684.49595703125,8440.975124511719,0.9977388493225803,0.9957428472179477,1.1424352561023368,9626.815072814623,9625.97328075553,0.8417920590927679,9.310477798862168,-8.4686857397694,44.29682624120902,0.01599494289701863,306567.1,1.1868201121385824,0.02194520556271608,0.7268982832023674,0.9979994744055645,1.1473195708050927,0.003985536379513377
2024-02-23,9643.268089605626,9707.935841714252,9578.26094122773,9681.701171875,304238,ULTRACEMCO,0.003985536379513377,0.008541624767283595,0.003164796158168004,9666.649072265625,9687.15626953125,8452.625080566406,1.001557116586818,0.9994368731643767,1.1454076194784018,9635.259088054681,9630.101272690306,5.157815364374983,8.479945311964732,-3.322129947589749,53.98205871537666,0.01601113702049859,306965.55,0.9911144752236856,0.01339381356483326,0.7976889148106271,0.9978830529109843,1.1460529926736225,-0.007084482626798172
2024-02-26,9679.909047641726,9729.184844978834,9584.94049413837,9613.111328125,162530,ULTRACEMCO,-0.007084482626798172,0.0028124884757041446,-0.03348241440046329,9649.998046875,9690.85240234375,8463.418203125,0.9961775413247939,0.9919778910057543,1.1358426462461102,9631.851740373191,9628.842758278062,3.0089820951288857,7.385752668597563,-4.3767705734686775,44.065570727987584,0.014394879192458453,298368.9,0.544728354731341,0.015004959988183056,0.1952993917785245,0.9957842350938222,1.1450281871650319,0.0021198058559750432
2024-02-27,9613.111302079342,9827.009405465751,9566.062851835022,9633.4892578125,214186,ULTRACEMCO,0.0021198058559750432,-0.0027909580601158668,-0.0012546211761871318,9649.39296875,9690.616171875,8474.405727539062,0.9983518433761579,0.9941049244909421,1.1367746090450677,9632.103666133084,9629.186943428762,2.916722704321728,6.491946675742397,-3.5752239714206686,33.673253364813604,0.012731693471156129,290636.85,0.7369540373149517,0.027087439104072106,0.25839163246008734,0.9957460699718309,1.1435157205635849,-0.014686822995910731
2024-02-28,9642.104959538436,9671.099229293635,9468.721703333003,9492.00390625,300668,ULTRACEMCO,-0.014686822995910731,-0.01639693968048883,-0.035643580466682145,9631.85126953125,9686.26947265625,8484.555966796876,0.9854807389184224,0.9799442327147051,1.1187390292898804,9610.549856920301,9619.025236971076,-8.47538005077513,3.4984813304388918,-11.973861381214022,37.33405649405846,0.012175538070796708,288591.55,1.0418461663205316,0.021320843096933047,0.11504342098502374,0.9943819234764613,1.1416354032623641,0.008919102550543068
2024-02-29,9472.691576492292,9617.904017624009,9395.874573291012,9576.6640625,328848,ULTRACEMCO,0.008919102550543068,-0.006906737274000818,-0.003013375973348942,9630.40400390625,9684.76025390625,8494.685014648438,0.9944197625162504,0.9888385268636205,1.1273712969916803,9605.336657778716,9615.88737219544,-10.550714416724077,0.6886421810062981,-11.239356597730374,46.650045164371704,0.011182329849687065,284958.8,1.1540194582515086,0.02318442443882026,0.8142590715934163,0.9943874449573414,1.1400964529238715,0.024574302932013348
2024-03-01,9584.020390890928,9858.810334749152,9576.663339253271,9812.00390625,352952,ULTRACEMCO,0.024574302932013348,0.01345866104125637,0.003658925309436345,9632.192529296875,9687.05267578125,8506.629196777343,1.018667751543194,1.0128987871389554,1.153453815756679,9637.13161908199,9630.414522866147,6.717096215843412,1.894332987973721,4.822763227869691,58.40392578310206,0.011839150828698325,285887.1,1.234585261104821,0.028755287726308445,0.8341062309847078,0.9943367556345047,1.1387651267850136,-0.015499987459557052
2024-03-04,9832.81718187781,9841.529927239324,9648.107169292383,9659.91796875,221282,ULTRACEMCO,-0.015499987459557052,0.004869041772985527,0.006257321155271223,9635.19599609375,9688.81361328125,8517.533483886718,1.0025657986268544,0.9970176281963314,1.134121513819044,9640.637211338608,9632.599963301987,8.03724803662044,3.122915997703065,4.914332038917375,55.904897606839384,0.011644476519495196,288827.55,0.7661388257456743,0.020023229863096834,0.0610620982917459,0.9944660286256304,1.1375140035093885,-0.014035323960679968
2024-03-05,9659.918655228032,9710.74300678201,9516.25477667808,9524.337890625,310715,ULTRACEMCO,-0.014035323960679968,-0.011330408356347244,-0.020938019751250203,9625.01171875,9686.565703125,8528.059814453125,0.9895403942284161,0.9832522880170356,1.1168235328841631,9622.745008151898,9624.580550511098,-1.8355423592001898,2.131224326322414,-3.966766685522604,52.212490970776216,0.011648611213239445,291819.8,1.064749547494721,0.02042013128234011,0.041560941464683004,0.9936454274650569,1.1358463605881925,-0.020054092506840537
2024-03-06,9583.924776383372,9597.816388560675,9227.766680864448,9333.3359375,534825,ULTRACEMCO,-0.020054092506840537,-0.01671596117291152,-0.05724827973834701,9596.67353515625,9680.2160546875,8537.62270263672,0.9725594919227435,0.9641660769524324,1.0932007963548842,9578.220535743914,9603.00687547324,-24.786339729325846,-3.252288484807238,-21.534051244518608,43.40330831318739,0.011519323923507472,306051.85,1.74749801381694,0.03964817190490497,0.28528398871811406,0.9913697670527926,1.1338303871987583,0.003329484283068007
2024-03-07,9333.335105646183,9404.925022508138,9263.681354511971,9364.4111328125,585012,ULTRACEMCO,0.003329484283068007,-0.022163555942056434,-0.03245759516424396,9580.96640625,9673.5266015625,8547.80498046875,0.977397345501991,0.9680452143792037,1.095534017705089,9545.326781446774,9585.333116757629,-40.00633531085441,-10.603097850016672,-29.403237460837737,40.226001901739146,0.010629025425070012,319257.2,1.8324159956298558,0.015083027217937358,0.7131631437330178,0.9904315975832898,1.1316971577692705,0.0025587233580595115
2024-03-11,9384.644383698507,9511.027424433563,9364.169996430126,9388.3720703125,319303,ULTRACEMCO,0.0025587233580595115,-0.04317485398346177,-0.024920002649251427,9568.96953125,9659.2338671875,8557.735322265626,0.9811267597469391,0.971958252528172,1.0970626826802778,9521.179902810733,9570.743409613544,-49.56350680281139,-18.395179640575616,-31.168327162235773,41.85477468462766,0.010632278471067047,315181.2,1.013077556656298,0.015642480602981575,0.16479979400025646,0.9906551247046489,1.128713789740141,-0.00849683883186203
2024-03-12,9418.429773661555,9418.429773661555,9269.78084205273,9308.6005859375,235430,ULTRACEMCO,-0.00849683883186203,-0.03636856792666543,-0.034961364060659306,9552.107958984376,9643.5354296875,8567.101296386718,0.9745074726863989,0.965268459250027,1.0865519460898074,9488.475392522543,9551.325422674578,-62.85003015203438,-27.28614974286737,-35.56388040916701,35.5745246493676,0.010727517635109955,317368.35,0.7418194032265663,0.0159689880596433,0.2611505072026004,0.990519299548414,1.125647415159522,-0.002282730174243519
2024-03-13,9317.507723142666,9344.904280270506,9196.787595832364,9287.3515625,415925,ULTRACEMCO,-0.002282730174243519,-0.024882184026489673,-0.02627284884350134,9539.578515625,9625.926015625,8576.656875,0.9735599478832451,0.9648268174328974,1.0828638358579548,9457.533264826769,9531.771803402387,-74.2385385756188,-36.676627509417656,-37.56191106620115,35.25548441572046,0.010496442866605208,324341.95,1.28236572543268,0.015948215531777693,0.6114366319444463,0.9910296941967102,1.122340109429293,0.010778057522790263
2024-03-14,9153.223337476133,9398.14829827798,9152.255254627114,9387.451171875,347822,ULTRACEMCO,0.010778057522790263,0.0057980592081308124,-0.009282051430039018,9535.18095703125,9611.0746484375,8586.715119628907,0.9845068713617527,0.9767327291960162,1.0932528960248886,9446.75140437265,9521.081386252212,-74.32998187956218,-44.20729838344656,-30.12268349611562,40.337149939504826,0.010750250761715636,320842.95,1.0840880249979,0.02619380267857649,0.9564968319389778,0.9921035166011756,1.1192958558118395,-0.00659988036722059
2024-03-15,9371.043232249012,9439.680693584778,9239.190141493413,9325.4951171875,379648,ULTRACEMCO,-0.00659988036722059,-0.004155735483317269,-0.018478004243155155,9526.4029296875,9600.0046484375,8596.618012695313,0.9789104225400856,0.9714052710073762,1.0847864943418208,9428.09659095955,9506.593514469641,-78.49692351009071,-51.065223408775395,-27.431700101315315,36.78009114454028,0.010809429572928334,319070.85,1.1898548551207357,0.021499185788199926,0.43046904102871303,0.9923331580092537,1.1167187647817323,-0.002242466390493081
2024-03-18,9317.797717278014,9365.039972729526,9264.553158893568,9304.5830078125,226448,ULTRACEMCO,-0.002242466390493081,-0.008924770116957137,-0.030742728174503298,9511.646875,9590.31994140625,8605.934025878907,0.978230492583599,0.9702056933095549,1.0811822377248868,9409.09450124462,9491.62977323578,-82.5352719911607,-57.35923312525246,-25.17603886590824,38.1294688313689,0.010480935063695204,317865.75,0.7124013832883851,0.010799711685261467,0.3983592213828116,0.9917966171215439,1.1143845528640117,-0.01644917716855132
2024-03-19,9285.222152520906,9300.808855467209,9134.008349957989,9151.5302734375,316008,ULTRACEMCO,-0.01644917716855132,-0.016873676236284774,-0.04533833702552248,9489.915869140625,9579.447421875,8613.912834472656,0.9643426137418679,0.9553296626003357,1.0624126862316638,9369.46923542814,9466.437217695167,-96.96798226702776,-65.28098295360752,-31.686999313420245,33.174531093601274,0.01100018247736927,328177.25,0.962918666665651,0.01822651518657614,0.1050471845155337,0.9906537873437327,1.1120901274433959,0.0033109003393068104
2024-03-20,9230.67004737042,9230.67004737042,9143.542590184965,9181.830078125,171219,ULTRACEMCO,0.0033109003393068104,-0.011361848818243203,-0.04954438309707887,9465.984814453124,9569.15669921875,8621.74728515625,0.9699814924809236,0.9595234320778367,1.0649616341612127,9340.601672766117,9445.355207356637,-104.75353459051985,-73.17549328099,-31.57804130952985,38.26028460543338,0.010831023946769124,320692.95,0.5339032242523573,0.00948911670594188,0.4394422743055397,0.9892182887156556,1.1098860106574477,0.012251502149391857
2024-03-21,9220.989014224962,9332.028304608795,9201.530927375925,9294.3212890625,215837,ULTRACEMCO,0.012251502149391857,-0.009920678265844862,-0.03688167916838192,9448.18896484375,9562.69474609375,8630.297905273437,0.9837145852656224,0.9719353734321722,1.0769409574359328,9333.481613734792,9434.16750970522,-100.68589597042774,-78.67757381887755,-22.00832215155019,39.53414626906517,0.011320903667471467,315336.8,0.6844649910825505,0.014040549403692216,0.7110515448980427,0.9880257830778533,1.1080376194488701,0.008436876305834007
2024-03-22,9303.276382191363,9440.550344100686,9274.23389608671,9372.736328125,224511,ULTRACEMCO,0.008436876305834007,0.005065812629125865,-0.02805389851606721,9434.66240234375,9558.48650390625,8639.371899414062,0.9934363232537746,0.9805669887481309,1.0848863131775444,9339.520800564054,9429.617051810388,-90.09625124633385,-80.96130930436881,-9.134941941965039,31.57359175065831,0.011550418779072449,308370.35,0.7280563776640654,0.017744705728561558,0.5922591133620954,0.9870456372447776,1.1063867391279363,-0.00837150053523339
2024-03-26,9323.701609978909,9380.528257790596,9264.552130749742,9294.2724609375,397803,ULTRACEMCO,-0.00837150053523339,-0.0011081148791238782,-0.04001659461076601,9415.290966796874,9555.08849609375,8648.015751953126,0.9871465994746049,0.9727039644621948,1.074728900538649,9332.559517544585,9419.591526560545,-87.03200901596028,-82.17544924668711,-4.856559769273176,33.652150905237576,0.01157998049037006,313048.6,1.270738792634754,0.012478236196354853,0.2562624821683221,0.9853693108803727,1.1048879616038816,0.0023696759649629584
2024-03-27,9322.637628441187,9398.148088983078,9265.568956683734,9316.296875,267937,ULTRACEMCO,0.0023696759649629584,0.01800426777155928,-0.030876002887495146,9400.450244140626,9549.3380859375,8656.618666992188,0.9910479427096506,0.9755960875151463,1.0762050672883599,9330.057572537726,9411.940070889395,-81.88249835166971,-82.11685906768363,0.23436071601392428,39.6473668659757,0.011553414996593956,318318.95,0.8417249428599837,0.014230883158641782,0.3826237013056477,0.9844085694257565,1.1031256490885135,0.01306199821213827
2024-03-28,9371.043013563882,9539.44123282951,9333.82003482903,9437.986328125,506387,ULTRACEMCO,0.01306199821213827,0.027898169299633624,-0.02029409328805265,9390.67509765625,9548.1899609375,8664.733605957032,1.00503810748181,0.9884581650277852,1.0892413728260906,9346.66199647423,9413.869423277218,-67.20742680298827,-79.13497261474457,11.927545811756303,55.593520072825065,0.0119850472707121,332929.0,1.521005980254048,0.021786553916456976,0.506593164075073,0.9835031703468766,1.101960013447279,0.021053033483994676
2024-04-01,9437.985559780487,9677.972737786256,9437.985559780487,9636.6845703125,387442,ULTRACEMCO,0.021053033483994676,0.03683574847502746,0.015242373000630138,9397.909130859374,9548.1870703125,8673.610510253906,1.025407293912757,1.009268513420224,1.1110349673783544,9391.28085398781,9430.374248983535,-39.09339499572525,-71.12665709094071,32.03326209521546,62.34146453745624,0.012484116827697593,337267.7,1.1487669883596916,0.02490350039525958,0.8279567774543195,0.9842611023070155,1.1008318922119773,0.00841348748196813
2024-04-02,9574.437251574698,9762.34272815765,9530.777086653594,9717.7626953125,307109,ULTRACEMCO,0.00841348748196813,0.03681170099196862,0.014733589054774177,9404.9640625,9549.51435546875,8683.169621582032,1.033258886555421,1.0176185231605417,1.1191492414427775,9441.508829576223,9451.66228204494,-10.153452468715841,-58.932016166495735,48.778563697779894,64.19540994203928,0.012467375944530516,336180.75,0.9135234542727387,0.023829110543701043,0.8074842513094983,0.9848630739126571,1.0997728677018375,-0.003611399831715212
2024-04-03,9874.4447978929,9949.66502234376,9663.548332989374,9682.66796875,481855,ULTRACEMCO,-0.003611399831715212,0.04178869399889784,-0.013181398900342534,9398.497265625,9552.3653515625,8692.29740234375,1.0302357595149125,1.0136408745260341,1.113936571721443,9478.610235602959,9468.773814393462,9.83642120949662,-45.17832869129727,55.01474990079389,66.76643639964037,0.011164072937983703,342625.9,1.406358947178249,0.029549364935140054,0.0668246085321652,0.9838921481460786,1.0989459873964789,0.000319917636337097
2024-04-04,9756.339244967068,9757.210897714687,9584.020492674535,9685.765625,346378,ULTRACEMCO,0.000319917636337097,0.03965832722564455,0.0026757635348062525,9399.7896484375,9554.5503125,8701.222160644531,1.0304236570453507,1.0137332797681053,1.1131500203280111,9510.480295510195,9484.847281845798,25.633013664397367,-31.01606022015834,56.649073884555705,68.15308220092373,0.010599262976924111,348880.7,0.992826487679026,0.01788092049152302,0.5874755723440703,0.9838024125677552,1.0980699189264533,-0.018140646954535433
2024-04-05,9681.797868871656,9700.045854860651,9489.343161806808,9510.0595703125,280079,ULTRACEMCO,-0.018140646954535433,0.00763650631414059,-0.0014991404627249239,9399.075732421876,9549.32072265625,8708.893996582032,1.01180795229767,0.995888592132988,1.0919939517055668,9510.415568556704,9486.714858769255,23.70070978744843,-20.072706218636988,43.77341600608542,55.226365816884254,0.01092396857474626,347348.9,0.8063333437935171,0.022155770055488674,0.09832056821598442,0.9842664211834554,1.0965021191444124,0.004086955209127385
2024-04-08,9538.471652608128,9583.05167665299,9488.179561862406,9548.9267578125,215228,ULTRACEMCO,0.004086955209127385,-0.009106639514834147,0.023099010017017196,9409.8552734375,9549.9548046875,8716.365061035156,1.0147793436066521,0.9998923506031153,1.095517075173819,9516.340366903749,9491.323147587274,25.01721931647444,-11.054721111614704,36.07194042808914,59.71534317122553,0.009877158919645815,331369.05,0.6495114736877207,0.00993536940818666,0.6403061224489827,0.9853298225891882,1.095635019622887,-0.009590512513626082
2024-04-09,9584.020928444832,9674.826917455845,9447.617666568462,9457.34765625,275924,ULTRACEMCO,-0.009590512513626082,-0.026797838888174885,0.009924438613321263,9414.502099609375,9545.66912109375,8723.499169921875,1.00455101673857,0.9907474831021977,1.0841231794757764,9507.264565264712,9488.806444525255,18.458120739456717,-5.15215274140042,23.61027348085714,56.25798595192547,0.010148559127149338,315914.65,0.8734131196511462,0.024024627109613447,0.04282391515106544,0.9862590018760943,1.0942477250421103,0.004985066588024001
2024-04-10,9496.89409078132,9543.362074100129,9395.29359234201,9504.4931640625,186223,ULTRACEMCO,0.004985066588024001,-0.018401416351623734,0.012368607984465596,9420.308154296876,9542.73583984375,8730.868767089843,1.0089365452155856,0.9959924830338931,1.0886079515808047,9506.838195848986,9489.968423750235,16.869772098751127,-0.7477677733701111,17.617539872121238,65.83289673576881,0.010188350492128611,309260.65,0.6021554956959445,0.015578787758823515,0.7374936949706552,0.9871705884348488,1.09298812001552,-0.01683671199507719
2024-04-12,9477.483723495356,9535.616914693544,9303.277010173091,9344.46875,440963,ULTRACEMCO,-0.01683671199507719,-0.035236953712680874,0.003853228391460517,9422.1015625,9530.702578125,8737.74975341797,0.9917605629715371,0.9804595908225647,1.069436526989652,9481.858281102988,9479.190670139107,2.6676109638810885,-0.06469202591987122,2.7323029898009596,56.53495416875942,0.010738826360844635,319537.3,1.380004775655299,0.024863896572017888,0.17729085286459106,0.9886051406247571,1.0907502328499221,-0.015156547322446756
2024-04-15,9310.925710514828,9310.925710514828,9183.815658393372,9202.8388671875,220692,ULTRACEMCO,-0.015156547322446756,-0.03230481374523131,-0.00909976269809154,9417.875927734374,9521.8475390625,8744.04376953125,0.9771671380896387,0.9664971875923977,1.0524694420280611,9438.932217423682,9458.720166216764,-19.78794879308225,-4.009343379352347,-15.778605413729903,46.40826699016469,0.011271089157481543,309775.65,0.7124252664791438,0.013812047994740359,0.14965935798650018,0.9890807313494999,1.0889524103529216,-0.004465546307838353
2024-04-16,9147.319295452342,9191.89932588506,9052.543597204438,9161.7431640625,547648,ULTRACEMCO,-0.004465546307838353,-0.040547341452087715,-0.024043587943096356,9406.59052734375,9508.22564453125,8750.14146484375,0.9739706578521188,0.9635597120406968,1.0470394336905844,9396.287747675808,9436.721869760893,-40.43412208508562,-11.294299120499003,-29.139822964586614,41.46601962455653,0.010987498883433271,319766.95,1.7126472889083753,0.015210612891578759,0.7836029985414318,0.9893108219149219,1.0866367912716983,-0.008564294565173936
2024-04-18,9167.744524942716,9222.731441356827,9042.668032524794,9083.279296875,584270,ULTRACEMCO,-0.008564294565173936,-0.03955319958316139,-0.025973507815802765,9394.479736328125,9497.77904296875,8756.226528320312,0.9668741166953904,0.9563582449940645,1.0373508802561124,9348.13260139876,9410.540938436012,-62.40833703725184,-21.51710670384957,-40.89123033340227,41.46601962455653,0.011047316301264851,329998.05,1.7705256137119598,0.01982361248034967,0.22553868447580405,0.9891238460935666,1.0846885941392712,-0.0020035956349224726
2024-04-19,9027.373060018135,9099.979277659031,8954.76684237724,9065.080078125,415558,ULTRACEMCO,-0.0020035956349224726,-0.046232142877325355,-0.0257403184523588,9382.50458984375,9483.5559765625,8762.618352050782,0.9661684672062564,0.9558735247124903,1.0345172771336584,9304.586059356643,9384.951245079641,-80.36518572299792,-33.286722507679244,-47.07846321531868,39.80756704328077,0.011046323859216068,339453.55,1.224196948301174,0.016018880586858228,0.7596679687500073,0.9893445679059113,1.082274223930224,0.021497220295687347
2024-04-22,9201.62711223978,9283.914151118306,9154.287484657025,9259.9541015625,277781,ULTRACEMCO,0.021497220295687347,-0.009044350267370715,0.011847617271146804,9387.92578125,9476.7580859375,8769.56582763672,0.9863684819555039,0.9771225579033496,1.0559193332445664,9297.71960431139,9375.692197411705,-77.97259310031404,-42.223896626206205,-35.74869647410784,43.18173488110812,0.01154499491232438,337542.2,0.822951915345696,0.013998629479103835,0.8151611068162211,0.9906262981620986,1.0806416500201308,-0.003314001307503478
2024-04-23,9235.510925386345,9317.797972415468,9218.085433074291,9229.2666015625,317450,ULTRACEMCO,-0.003314001307503478,0.0028716936976074248,0.005166347344034872,9390.297607421875,9466.78294921875,8776.160388183594,0.9828513416090136,0.9749105531488022,1.0516292083710066,9287.188373119254,9364.84585697843,-77.65748385917686,-49.310614072800334,-28.34686978637653,32.0921943195827,0.011559730661524667,344853.75,0.9205351543951603,0.010803950481211135,0.11213402609225592,0.9919206617277322,1.0786930195538615,0.013142951647638457
2024-04-24,9272.297288088505,9377.624510258942,9238.2205836057,9350.56640625,317929,ULTRACEMCO,0.013142951647638457,0.020609968955271674,0.006051557229217908,9393.10986328125,9455.79228515625,8783.110163574218,0.9954707804283693,0.9888718072761142,1.0646076654064032,9296.938839754754,9363.788119887437,-66.8492801326829,-52.81834728477685,-14.030932847906058,34.4113045187064,0.01160976410237409,349958.35,0.9084766801535098,0.014908607735255801,0.8059014214409673,0.993371002663267,1.076588145776859,0.002578073270127046
2024-04-25,9313.103156828767,9396.21269624532,9254.920806876396,9374.6728515625,398260,ULTRACEMCO,0.002578073270127046,0.03208021521343629,0.00020661238828290074,9393.206689453125,9449.71466796875,8790.016169433593,0.998026889165397,0.9920588272722545,1.06651372089189,9308.897918494407,9364.594396307812,-55.69647781340427,-53.39397339050234,-2.302504422901933,36.80145031005734,0.011468444889209005,358645.8,1.1104549391070522,0.015071660804182025,0.8475507350136839,0.9940201391786815,1.0750508856660803,0.0017711034707981188
2024-04-26,9416.54295429246,9464.947102304654,9338.999887334328,9391.2763671875,265782,ULTRACEMCO,0.0017711034707981188,0.035983828741860346,0.010436955303138928,9398.056884765625,9444.97400390625,8796.190639648437,0.999278519202292,0.994314686658053,1.0676526637402264,9321.571525985652,9366.570838595195,-44.99931260954327,-51.715041234310526,6.715728624767259,37.52462541649119,0.011298384022285436,352044.75,0.7549665205914873,0.013411085995762665,0.41506658059480445,0.9950325835601853,1.073757310503646,0.027167520722096272
2024-04-29,9453.329734602416,9691.47813344647,9432.08012538296,9646.4140625,808505,ULTRACEMCO,0.027167520722096272,0.04173454389717657,0.03543437826523754,9414.562744140625,9444.98564453125,8803.891838378906,1.0246268812116286,1.0213264927602488,1.0956988386032047,9371.547300834012,9387.299966291848,-15.752665457835974,-44.52256607901562,28.769900621179644,55.41212158328985,0.012769973350954117,379073.15,2.132846918859856,0.026890615142875548,0.8262744140447049,0.9967789363016935,1.0728193641995483,0.0007425646350125437
2024-04-30,9836.012561159429,9855.08398348711,9595.00813262208,9653.5771484375,777837,ULTRACEMCO,0.0007425646350125437,0.045974459856123806,0.022842883303406003,9425.34228515625,9447.29837890625,8811.795087890625,1.0242150212030698,1.0218346834468388,1.0955290099407409,9414.936508157625,9407.024202006342,7.912306151283701,-34.03559163295576,41.94789778423946,54.26097550501717,0.012493271422327748,392645.65,1.9810151977998482,0.026940878688385878,0.2251997469992507,0.997675939419991,1.0721196174760064,0.0011633479048558382
2024-05-02,9653.577288078908,9724.392931837485,9629.036764213197,9664.8076171875,318855,ULTRACEMCO,0.0011633479048558382,0.03360664983112227,0.0029183321991921307,9426.7484375,9451.086484375,8819.595483398438,1.0252535835941574,1.022613392985646,1.0958334353746775,9453.378217239144,9426.119269797538,27.258947441605414,-21.776683818043523,49.03563125964894,59.03838053786361,0.011588973124882591,389216.3,0.81922314147686,0.00986632858109979,0.3751288864213121,0.9974248413750909,1.071600903030672,-0.01674274709821788
2024-05-03,9663.403716574325,9709.871696778247,9467.221334493492,9502.9921875,517348,ULTRACEMCO,-0.01674274709821788,0.013687873483084978,-0.022100818320671456,9416.009912109375,9451.12521484375,8826.942158203125,1.0092377000664328,1.0054879150870617,1.076589380238388,9461.011135740815,9431.813559997721,29.197575743093694,-11.58183190581608,40.779407648909775,49.94054742783494,0.01200920793669638,399728.25,1.294249280605011,0.02553410099651898,0.14741726601887536,0.9962845373501957,1.0707133960383501,-0.00401374402634691
2024-05-06,9559.818158953673,9612.09463293681,9435.081061690156,9464.849609375,238521,ULTRACEMCO,-0.00401374402634691,0.007834211166925176,-0.02249569644213667,9405.118994140625,9448.428125,8834.026323242188,1.0063508622561381,1.0017380123082642,1.071408354814738,9461.601670146074,9434.26067476641,27.340995379663582,-3.7972664487201477,31.13826182838373,55.27778253497971,0.012014063033813926,387561.55,0.6154403087716003,0.018702206432453114,0.16817099093133148,0.9954162607487289,1.0695494646808252,-0.00966559451160054
2024-05-07,9486.24429846034,9630.488649972798,9322.638289026743,9373.3662109375,214305,ULTRACEMCO,-0.00966559451160054,-0.0283056325172647,-0.032253455860645985,9389.4990234375,9444.17244140625,8840.775700683595,0.9982818239333398,0.9925026537890909,1.0602425090609102,9448.026984113985,9429.749973742046,18.27701037193947,0.6175889154117753,17.659421456527692,57.820183256155566,0.012159920549866211,380957.9,0.562542475165891,0.032843095427855316,0.16478110259434098,0.9942108831337043,1.068251560852969,-0.016834704631338404
2024-05-08,9366.153459230323,9366.153459230323,9198.14286788794,9215.568359375,392065,ULTRACEMCO,-0.016834704631338404,-0.04537269266381683,-0.030966284570583702,9374.774462890626,9435.27478515625,8847.243947753906,0.9830176070746202,0.9767143585339033,1.0416315424098372,9412.264118769526,9413.884668974117,-1.6205502045904723,0.16996109141132576,-1.7905112960017981,52.22970081061641,0.012069413155069805,386557.2,1.0142483441001746,0.018231169776030787,0.10371662493318068,0.9935878579433844,1.0664648607944884,-0.007700115145672148
2024-05-09,9220.021457268966,9254.872441357762,9107.772056937616,9144.607421875,328724,ULTRACEMCO,-0.007700115145672148,-0.05382416452733085,-0.042341861676413406,9354.55849609375,9425.16216796875,8853.292341308594,0.9775562818591149,0.9702334303544176,1.0329047171759096,9371.086165401137,9393.938206226034,-22.852040824896903,-4.43443929185032,-18.417601533046582,52.55639954733817,0.012069888259807027,392232.0,0.8380856227946726,0.016086025089307183,0.25040971226951597,0.992509023121645,1.0645940294992708,0.0048273839666863605
2024-05-10,9160.773981282538,9215.132210146425,9115.516109144864,9188.751953125,205200,ULTRACEMCO,0.0048273839666863605,-0.0330675042318086,-0.028400743304333842,9341.1287109375,9416.07185546875,8859.809367675782,0.983687543280066,0.9758583084503837,1.0371275014843249,9343.034748127886,9378.739224514848,-35.70447638696169,-10.688446710872594,-25.016029676089094,55.04598926731152,0.012028953297793936,388695.8,0.5279192623125848,0.01084109153340263,0.735180791496632,0.9920409332382353,1.0627849273848309,0.0063002681819930295
2024-05-13,9212.22839765624,9272.29775080321,9126.213667217127,9246.6435546875,215387,ULTRACEMCO,0.0063002681819930295,-0.023054360469855206,-0.027129232976878415,9328.23623046875,9407.370703125,8866.286030273437,0.9912531507816296,0.9829147640175263,1.0428993067802408,9328.205333752441,9368.954360083193,-40.7490263307518,-16.70056263484844,-24.048463695903365,49.38856330769756,0.012069058368985048,390154.0,0.5520563674856596,0.0157986065670313,0.8243874658624701,0.9915880350468211,1.0610272069955853,0.011427710836375171
2024-05-14,9230.719729953937,9389.921170277785,9225.78288475259,9352.3115234375,171935,ULTRACEMCO,0.011427710836375171,-0.002246224784798412,0.0008392958066771872,9328.628369140624,9402.15470703125,8873.652412109375,1.0025387606151426,0.9946987488350436,1.0539416115369726,9331.913978319373,9367.721557368697,-35.80757904932398,-20.521965917743547,-15.28561313158043,55.287954687384584,0.011806656145501493,376702.6,0.4564210600086116,0.01755055796781928,0.770866091844782,0.9921798417297217,1.059558597787835,-0.004818640779294281
2024-05-15,9381.692052220666,9383.773808761349,9254.87318328651,9307.24609375,161067,ULTRACEMCO,-0.004818640779294281,0.009948136761606996,0.011345110793448798,9333.84873046875,9395.62984375,8880.055288085938,0.9971498748815256,0.9905931000401432,1.048106773190614,9328.118919154855,9363.241893396942,-35.122974242087366,-23.442167582612313,-11.680806659475053,48.007731940242735,0.011319452433856314,373721.35,0.43098153209603896,0.013849491479697483,0.40630454872162564,0.9934244841156287,1.058059836221492,0.009881203951054518
2024-05-16,9323.21838633527,9415.28363329047,9221.473256201543,9399.212890625,368451,ULTRACEMCO,0.009881203951054518,0.027842143134647168,0.025919710071549362,9345.722216796876,9393.7740234375,8887.424169921875,1.0057235463014282,1.000578986376927,1.057585720104954,9339.056453227186,9365.906411710132,-26.849958482946022,-24.123725762679058,-2.726232720266964,51.062273787552,0.011433904326649471,364761.5,1.0101148284564023,0.020619851826341507,0.9170800712177755,0.9948847176309825,1.0569737467048426,0.018668035908093294
2024-05-17,9429.126857600102,9584.020111934396,9376.124322132588,9574.677734375,283850,ULTRACEMCO,0.018668035908093294,0.04199980402330383,0.054099232385055096,9370.292138671875,9393.734296875,8896.176066894532,1.021812083623264,1.0192621413147904,1.0762689117637168,9375.30588109608,9381.370954129752,-6.065073033672888,-20.511995216877825,14.446922183204936,56.97910093670079,0.011807492820462293,349740.5,0.8116017447221583,0.02171308482325432,0.9550622089639105,0.9975044899650906,1.0559294494892069,-0.010206773033116567
2024-05-21,9512.38262805374,9536.342679961366,9450.473537177366,9476.951171875,346947,ULTRACEMCO,-0.010206773033116567,0.02490715856249781,0.0454349095871629,9390.885693359374,9387.0332421875,8903.954362792969,1.0091647882133723,1.0095789508109323,1.06435307120131,9390.94361813899,9388.45097025903,2.492647879960714,-15.91106659751012,18.403714477470835,42.67359522004124,0.012118012085989083,346309.95,1.0018395370967539,0.009060840477772693,0.3083486551651893,1.0004104013560495,1.0542544199702075,0.010771817066859812
2024-05-22,9554.978673208896,9632.425308858004,9508.752712555834,9579.03515625,280237,ULTRACEMCO,0.010771817066859812,0.024242523599039112,0.03445816806302093,9406.83974609375,9385.4155859375,8911.407329101563,1.0183053410926612,1.0206298345064875,1.0749183380910214,9419.880777848377,9402.568317369472,17.31246047890454,-9.266361182227188,26.578821661131727,47.02175692579735,0.011441904829079252,346432.75,0.8089217892938817,0.01291075711539472,0.5682943982387532,1.0022827076712886,1.053191178377403,0.027862972237956196
2024-05-23,9589.00690730102,9874.30018733487,9540.457170735472,9845.935546875,521622,ULTRACEMCO,0.027862972237956196,0.057878501083874934,0.0668166791506597,9437.673193359375,9391.8475390625,8920.392106933594,1.0432587932587971,1.0483491672883167,1.1037559144089646,9485.427665390935,9435.41033436988,50.017331021053906,2.5903772584290303,47.426953762624876,56.00910526455615,0.012762229295275094,356641.35,1.4625954057206212,0.03390668311914312,0.9150359928184264,1.0048793013415387,1.0528514247442617,0.0059534400993113135
2024-05-24,9840.562831845227,10038.051746522697,9799.46752302115,9904.552734375,519418,ULTRACEMCO,0.0059534400993113135,0.05376405978143528,0.05924628563192824,9465.372509765624,9403.271875,8929.796306152344,1.0463986202504196,1.0533091955692284,1.1091577450149763,9549.908445234636,9470.161623259148,79.74682197548827,18.02166620184088,61.725155773647394,64.30146465517721,0.01257068433221899,366715.8,1.4164047472184182,0.024088338958861765,0.44045331167158436,1.0066041517879247,1.0530219898209152,-0.000547313804356464
2024-05-27,9949.907973849497,10023.482275304805,9852.80944666546,9899.1318359375,389326,ULTRACEMCO,-0.000547313804356464,0.03388668637876391,0.05594424388767738,9491.595458984375,9413.9662890625,8939.083852539063,1.0429365514695812,1.0515367839630658,1.1073989235625914,9603.635120727384,9501.937194568654,101.69792615872939,34.75691819321858,66.9410079655108,65.83593345492952,0.012595040931505059,366269.1,1.0629507102837779,0.01724119159821058,0.2714104502827774,1.0082461703747618,1.0531242848100761,-0.004557198089202741
2024-05-28,9936.403008904948,10035.001875336118,9822.605051676474,9854.01953125,403774,ULTRACEMCO,-0.004557198089202741,0.03978793944766079,0.04927372446191591,9514.7326171875,9423.27923828125,8948.090654296875,1.035659111791498,1.0457102333568664,1.1012427021532352,9642.155799269325,9528.01736765616,114.13843161316436,50.633220877207734,63.505210735956624,68.14030783927961,0.012701301894370578,373168.7,1.0820146491385798,0.021554333537301382,0.1479046580464245,1.0097050481678107,1.0531050256801084,-0.015276721230113477
2024-05-29,9853.0994435089,9853.0994435089,9643.07367135615,9703.482421875,317883,ULTRACEMCO,-0.015276721230113477,0.012991628446399561,0.0059160180151140995,9517.58603515625,9431.176875,8956.520725097656,1.019531884033628,1.0288729127323255,1.0833986454901212,9651.590664285583,9541.01477907978,110.57588520580248,62.621753742926686,47.95413146287579,68.5158118030036,0.011879277103147127,348637.6,0.9117863362987814,0.02164437085795919,0.28762541806019853,1.009162076090981,1.052995595552219,-0.015419017375165156
2024-05-30,9701.15844470775,9705.030776189522,9516.254616453169,9553.8642578125,323424,ULTRACEMCO,-0.015419017375165156,-0.029664147979843403,-0.010329113145497448,9512.600390625,9436.50712890625,8964.174140625,1.0043378114808823,1.0124365008475178,1.0657829832326735,9636.555832520493,9541.96659231924,94.58924020125232,69.01525103459181,25.57398916666051,64.65590983453484,0.01239069119794707,325916.95,0.9923509654836914,0.019759141918097172,0.19922876602563253,1.0080637105106038,1.0526911883762577,0.0047270017234721795
2024-05-31,9614.998757469366,9758.275017649135,9438.90411088836,9599.025390625,791072,ULTRACEMCO,0.0047270017234721795,-0.030847162102497494,-0.006806366889860804,9509.311279296875,9440.73861328125,8972.786931152345,1.009434343738799,1.0167663552427002,1.0697930826038493,9630.781918382725,9546.19316997152,84.5887484112045,72.12995050991435,12.458797901290154,64.68162553258111,0.012440579992914546,349527.8,2.263259174234496,0.03327118053804643,0.5013646401316669,1.0072634852869622,1.0521523229872134,0.05592761390774337
2024-06-03,9971.253671768924,10184.038099880025,9890.273160636454,10135.8759765625,732632,ULTRACEMCO,0.05592761390774337,0.023915646801018653,0.06659836992131596,9540.95546875,9456.94623046875,8983.977482910157,1.0623543951925019,1.0717916470653444,1.128216983607044,9708.488696564229,9589.873377867149,118.61531869708051,81.4270241473476,37.188294549732916,73.69778193254085,0.017111235341814336,360292.0,2.0334395434813985,0.028982688809813018,0.8360521734093264,1.008883336780597,1.0526458073229037,-0.052697926619525326
2024-06-04,10140.66826146705,10163.418209356738,9230.622130813796,9601.736328125,972018,ULTRACEMCO,-0.052697926619525326,-0.02560206039017232,0.014462640654576475,9547.7998046875,9462.889296875,8992.413598632813,1.0056491049813403,1.014672794628999,1.0677596423706341,9692.065255265887,9590.752114923285,101.3131403426014,85.40424738639837,15.908892956203033,55.41130273727244,0.021192387712846306,396966.85,2.4486125226829394,0.09714868714012022,0.3978513694985691,1.0089730002273767,1.0523191791705087,0.012078707281336865
2024-06-05,9671.100264737704,9748.59511427847,9429.127747077686,9717.712890625,361720,ULTRACEMCO,0.012078707281336865,0.0014665321305595835,0.03673671463787387,9565.017138671876,9474.21294921875,9001.51962890625,1.0159639810090635,1.0257013371676778,1.0795635949533304,9696.011045321135,9600.156616827117,95.85442849401807,87.49428360792231,8.360144886095753,58.63931036467305,0.021177898094103233,404337.6,0.8945989687825224,0.03287474849241384,0.9033321496212124,1.0095843517493042,1.0525126134030256,0.0016786357225822002
2024-06-06,9675.988631415905,9851.695678599695,9614.12775565497,9734.025390625,483566,ULTRACEMCO,0.0016786357225822002,0.018857409729803987,0.05625882322521902,9590.939990234376,9485.25685546875,9010.927944335937,1.0149188088483836,1.0262268633255642,1.0802467238397555,9701.859406137113,9610.072822293627,91.78658384348637,88.35274365503513,3.433840188451242,57.27877984985903,0.02070990502414611,408912.65,1.1825655185771338,0.024405928011399132,0.504687810895776,1.0111418316210061,1.0526392968696376,0.04059696365499477
2024-06-07,9646.946376914668,10169.711158001865,9646.946376914668,10129.197265625,545284,ULTRACEMCO,0.04059696365499477,0.055231844215955395,0.10766890237351712,9640.169482421876,9501.954375,9022.355922851562,1.0507281312942505,1.0660119872050007,1.1226776412101036,9767.603692212173,9648.526484762617,119.07720744955623,94.49763641393936,24.579571035616866,61.003992093329714,0.022167918985147302,419740.65,1.2990974307587315,0.05160969496183868,0.9225007233796286,1.0145459662262246,1.0531566761774187,0.03470262809649327
2024-06-10,10160.029584848748,10559.799589750515,10129.19652400874,10480.70703125,705256,ULTRACEMCO,0.03470262809649327,0.03402084392950977,0.14060180149771262,9704.767236328125,9524.1137890625,9035.392607421874,1.079954498240543,1.100439081616817,1.1599614412594437,9877.311898217993,9710.169488206127,167.14241001186565,109.02659113352462,58.11581887834103,68.09604594971644,0.023116479517575835,444743.45,1.5857591607026478,0.04108530697956351,0.8163214226906005,1.0189680059758515,1.0540896453397253,0.009911067992863343
2024-06-11,10555.92715711312,10638.262414238,10480.706930762048,10584.58203125,650137,ULTRACEMCO,0.009911067992863343,0.10236124691802773,0.1446945011613694,9771.66416015625,9549.91998046875,9049.329367675782,1.0831913436411789,1.1083424838006302,1.169653750150607,9986.122687915225,9774.940787690857,211.1819002243683,129.45765295169338,81.72424727267492,68.1166356066279,0.023126036402835528,466480.95,1.3937053592435018,0.01488537601303324,0.6592921947004615,1.0232194803873755,1.0553179790958962,0.010175195864562836
2024-06-12,10524.513642767935,10745.672378660813,10524.513642767935,10692.2822265625,439143,ULTRACEMCO,0.010175195864562836,0.10028793265519287,0.14327695348545078,9838.6626953125,9577.4396875,9062.848159179688,1.0867617437130654,1.1164029819490837,1.1797927140302324,10094.762616937882,9842.892005385052,251.87061155282936,153.94024467192057,97.93036688090879,66.17633279540328,0.02311520305503004,479841.35,0.9151837372915027,0.02068395981387955,0.7585889977044665,1.0272748267110923,1.0567803321077476,0.011679715317442385
2024-06-13,10890.93314866818,10938.369213049044,10645.1856708443,10817.1650390625,602322,ULTRACEMCO,0.011679715317442385,0.11127355898215452,0.16223047398805113,9914.158642578124,9605.02326171875,9077.20701171875,1.091082504228473,1.1261987341743143,1.191684295080794,10205.9014511109,9915.06037825005,290.84107286085055,181.32041030970657,109.52066255114397,67.01194876800517,0.022966245163917764,501904.1,1.200073878655305,0.027103547107399397,0.5865928453040492,1.0321847612895896,1.0581474289744175,0.0061750814338863425
2024-06-14,10813.485670125508,10911.26204010605,10791.509999872977,10883.9619140625,305318,ULTRACEMCO,0.0061750814338863425,0.07451376734451709,0.1579652509965408,9988.39609375,9629.96880859375,9091.863544921875,1.0896606233780495,1.1302177743659658,1.1971101260248869,10310.218445411147,9986.830862384304,323.38758302684255,209.73384485313377,113.65373817370877,67.94747947315741,0.02296348218579093,498747.45,0.612169545929508,0.011002614781144128,0.7720278836968789,1.0372199840186802,1.0591853651358887,-0.011007003298377449
2024-06-18,10890.932755730397,10909.664781912865,10698.91388836786,10764.162109375,322724,ULTRACEMCO,-0.011007003298377449,0.027045415665167605,0.12423231444433003,10047.8703125,9650.896796875,9105.899538574218,1.0712879221762945,1.115353561014193,1.182108594958256,10380.055932174815,10044.410954753985,335.6449774208304,234.91607136667312,100.72890605415728,66.14683025337737,0.023169174933406582,500691.15,0.6445570288190634,0.019578940878403492,0.30959878703055715,1.041133329262576,1.0598510071401597,-0.011107006376592121
2024-06-19,10794.125095708554,10820.941183007091,10618.176016233663,10644.6044921875,659266,ULTRACEMCO,-0.011107006376592121,0.00567074455659089,0.12320980652277447,10106.252978515626,9670.13552734375,9119.414221191406,1.0532691507739147,1.1007709728667499,1.167246517594508,10420.755710638305,10088.869735304615,331.8859753336892,254.31005216007634,77.57592317361286,66.88200644022298,0.023203425322970487,516307.1,1.2768873408868482,0.01904863322279804,0.13034031621105946,1.0450994145778711,1.0603899869876066,-0.008398841292376447
2024-06-20,10657.528704739054,10817.2623905647,10528.28963166194,10555.2021484375,445369,ULTRACEMCO,-0.008398841292376447,-0.012820469495694375,0.10190660920067551,10155.061328125,9687.5242578125,9132.683254394531,1.0394030924465505,1.0895665257225304,1.1557613304237253,10441.439777992027,10123.412877018161,318.02690097386585,267.0534219228342,50.97347905103163,68.35877687650309,0.023394649533588004,524563.7,0.84902748703351,0.02737728324279757,0.09313167399497137,1.0482617702800028,1.0607533391844053,-0.022085340583411606
2024-06-21,10535.161570283208,10611.591900044072,10272.859334113487,10322.0869140625,586745,ULTRACEMCO,-0.022085340583411606,-0.04576782578542482,0.048360195424864916,10178.868896484375,9703.7648046875,9144.547106933594,1.014070130879433,1.0637198161559227,1.1287696146522193,10423.077798925946,10138.129472354778,284.94832657116785,270.63240285250095,14.315923718666909,62.40204110278779,0.02350511552163229,527819.85,1.111638753260227,0.03281628693409908,0.14532874869521897,1.048960800406804,1.0611531321578402,0.011592159069546915
2024-06-24,10375.428508671544,10498.859078753709,10256.499902243871,10441.7421875,276148,ULTRACEMCO,0.011592159069546915,-0.040630400037612646,0.054236619010630926,10205.728369140625,9721.62111328125,9157.686655273437,1.023125622182246,1.0740741760893102,1.1402161463438085,10425.949243321955,10160.619303106276,265.329940215679,269.57191032513657,-4.241970109457554,56.12247810168326,0.02358082948975739,515656.35,0.5355271975221483,0.023210607210736325,0.7643295703664419,1.049796968038387,1.0615804492156402,0.005581376730864562
2024-06-25,10457.183813825235,10656.608901582333,10455.683474331006,10500.021484375,562075,ULTRACEMCO,0.005581376730864562,-0.02453889325672154,0.06070124717968195,10235.7728515625,9742.47458984375,9170.893972167969,1.0258161876630705,1.077757133215515,1.1449288931090793,10437.34497271473,10185.760205422479,251.58476729225185,265.9744817185597,-14.389714426307819,72.21240203152378,0.023573392320888,524293.8,1.072061122981046,0.019135715822136346,0.2206689847598714,1.0506337745271617,1.062325507132721,0.02737345589508644
2024-06-26,10559.557229388973,10901.580702708568,10555.007051028462,10787.443359375,793197,ULTRACEMCO,0.02737345589508644,0.013418898493817721,0.0947251855108302,10282.44404296875,9768.13359375,9185.141240234376,1.0491127706891412,1.1043505144398507,1.1744450169282032,10491.206262970156,10230.329327937481,260.87693503267474,264.95497238138273,-4.078037348707994,74.38431716147461,0.02409488963795755,543764.95,1.4587129972242603,0.032127506039594717,0.6706692999301653,1.0526518647889729,1.0634712453807351,0.05147595466444921
2024-06-27,10910.29447650885,11495.936426329694,10909.32639359168,11342.7373046875,2339734,ULTRACEMCO,0.05147595466444921,0.0746110917796663,0.16893469906402392,10364.406787109376,9808.09896484375,9201.844301757812,1.094393295986309,1.1564664411874843,1.232659120576591,10622.211038618978,10312.729918807852,309.4811198111256,273.8602018673313,35.620917943794325,79.43704184463344,0.025733551403196518,644857.5,3.628296173960914,0.05171679612958956,0.7388399224487621,1.056719230123968,1.0658840383737123,-0.004164972372275311
2024-06-28,11326.473770728322,11403.048751792152,11103.76553794272,11295.4951171875,684790,ULTRACEMCO,-0.004164972372275311,0.09430343022968146,0.18229596029175443,10451.488330078126,9849.95208984375,9218.15867919922,1.0807546983218097,1.1467563511130419,1.225352644739756,10725.793204552598,10385.527340910048,340.26586364254945,287.14133422237495,53.1245294201745,74.45548520104957,0.02531066918590093,662925.8,1.0329813683522349,0.026495803038685366,0.6406292447168066,1.0610699661021314,1.0685379187570476,0.020290687304733934
2024-07-01,11296.559362962313,11647.585844433874,11295.494849929426,11524.6884765625,520339,ULTRACEMCO,0.020290687304733934,0.10371318019697084,0.20061027110296226,10547.771484375,9897.21099609375,9235.788676757813,1.0926183311455564,1.1644379897640946,1.2478293819741442,10848.700169477197,10469.909647254673,378.7905222225236,305.4711718224047,73.31935040011888,73.07431138838658,0.025420757815288256,649389.15,0.8012745516305593,0.030551020552137896,0.6509499822784555,1.0657316984085732,1.0716151421914222,-0.004258859694977191
2024-07-02,11562.78212110365,11692.505229294198,11423.37818394366,11475.6064453125,422173,ULTRACEMCO,-0.004258859694977191,0.09291266331114278,0.13217707792083289,10614.7580078125,9945.0575390625,9251.623608398437,1.0810992051694832,1.153900457613067,1.2403883827369693,10945.147288836473,10544.405706370067,400.7415824664058,324.52525395120495,76.21632851520087,70.18245877611982,0.023089540482722347,633866.2,0.6660285719604548,0.023452097859322306,0.19406545076438864,1.0673400295694147,1.0749526742565032,0.0015311009996492597
2024-07-03,11476.864938907776,11519.218566294565,11386.542992325049,11493.1767578125,206171,ULTRACEMCO,0.0015311009996492597,0.06542174776048038,0.19698941577339224,10709.330029296874,9993.61947265625,9268.164514160157,1.073192881942316,1.1500514692658872,1.2400704303697792,11029.459514832784,10614.685043513951,414.7744713188331,342.5750974247306,72.19937389410251,68.91317222204798,0.01850303114566495,595573.85,0.3461720154435928,0.011543855695017478,0.8037181396475566,1.071616750927819,1.078273854266152,-0.009438089668182048
2024-07-04,11505.665272496735,11555.859992730517,11347.431933330574,11384.703125,227230,ULTRACEMCO,-0.009438089668182048,0.0036997965469196537,0.17154141649762056,10792.679541015625,10036.114453125,9283.763474121093,1.0548541797923765,1.1343735843362253,1.2263025826471528,11084.112377935433,10671.723419920327,412.38895801510625,356.53786954280577,55.85108847230049,63.507127069383465,0.018946514873126857,588849.35,0.38588817326536917,0.018307728986120826,0.17882041303233634,1.0753842626470895,1.081039438488617,-0.0059437622577444005
2024-07-05,11420.038613803066,11447.144936116005,11249.365780604232,11317.03515625,425987,ULTRACEMCO,-0.0059437622577444005,0.0019069583793387412,0.16262642659116366,10871.830029296874,10077.86982421875,9299.22860595703,1.040950339156647,1.122959053217113,1.2169864443380147,11119.94665152229,10719.52428927808,400.4223622442096,365.3147680830865,35.107594161123075,60.302658167444704,0.019158285323809088,585970.4,0.7269769940597681,0.017476234082611855,0.3421461451317603,1.078782542236268,1.0837318073633468,-0.009174412467929827
2024-07-08,11320.761641832947,11340.897577446414,11161.996043298606,11213.2080078125,149210,ULTRACEMCO,-0.009174412467929827,-0.027027235433170316,0.10701842542510831,10926.03056640625,10115.12265625,9314.48729248047,1.026283785283305,1.1085587776717674,1.2038459719478984,11134.294552490015,10756.093453613965,378.2010988760503,367.8920342416793,10.309064634370998,60.764448289924196,0.017852946233643398,566166.7,0.2635442882811723,0.015954536295336996,0.2862578275688933,1.0801678771196315,1.0859559242102224,0.008365640234011762
2024-07-09,11213.255227755146,11386.300033971474,11117.899068805167,11307.013671875,530901,ULTRACEMCO,0.008365640234011762,-0.014691404261808372,0.07884073451926743,10967.3458984375,10153.76947265625,9330.064228515625,1.0309708270882467,1.113577937959336,1.2118902287207405,11160.86672470309,10796.902358670337,363.9643660327529,367.10650059989405,-3.14213456714117,66.07765643613968,0.016484693833021334,557448.95,0.9523759978380084,0.02373756439632918,0.704597328674482,1.0801255561269323,1.0882850561331745,-0.0038998540556012262
2024-07-10,11315.920505122269,11365.098925134202,11103.910359633195,11262.91796875,202406,ULTRACEMCO,-0.0038998540556012262,-0.020034390309535688,0.06408717278559295,11001.2626953125,10191.2023046875,9344.888471679687,1.023784112849972,1.1051608664043062,1.2052490517016903,11176.566916094922,10831.422033491051,345.1448826038704,362.71417700068935,-17.56929439681892,67.56359554199868,0.016510151200526815,535062.4,0.37828485051463157,0.023190132985581365,0.60878472536422,1.0794862437626627,1.0905643588548568,-0.006815958203548966
2024-07-11,11228.794255945331,11268.4856573156,11131.985959920285,11186.150390625,366819,ULTRACEMCO,-0.006815958203548966,-0.017440308473129384,0.04618921887748151,11025.956103515626,10221.99703125,9359.015712890625,1.014528834107937,1.0943214282324143,1.1952272262154422,11178.041296791858,10857.698208093567,320.34308869829147,354.2399593402098,-33.896870641918326,73.24781119267337,0.016571444947287864,531446.2,0.6902279101816892,0.01220256233187369,0.3968098958333262,1.0786499027350347,1.0922085553474123,0.004097735952434123
2024-07-12,11185.230065261005,11307.208513263677,11103.959314993226,11231.98828125,366274,ULTRACEMCO,0.004097735952434123,-0.007514943077033043,0.038348609888959606,11046.697265625,10253.56525390625,9373.122373046876,1.016773431114256,1.0954227142574633,1.1983187495288052,11186.34083286234,10885.423398697749,300.9174341645921,343.5754543050863,-42.65802014049416,72.14122014591318,0.016433861484282976,519643.8,0.7048559032167805,0.01809556715882106,0.6299112977873301,1.0773518275915388,1.0939327201564288,0.01994008462854935
2024-07-15,11377.782380603749,11518.250837249245,11289.686832932735,11455.955078125,394470,ULTRACEMCO,0.01994008462854935,0.021648315998719747,0.05255376383883359,11075.296923828126,10289.388203125,9388.153315429687,1.034370017970164,1.11337572768862,1.2202564970148948,11227.819947518134,10927.685004581248,300.13494293688564,334.8873520314462,-34.75240909456056,74.50802482859736,0.016899152179049307,524101.4,0.7526596952421802,0.019951545092294357,0.7274472010125477,1.0763805102099693,1.0959970355633315,-0.0147841196812043
2024-07-16,11527.011889427082,11527.011889427082,11260.644433231617,11286.5888671875,556056,ULTRACEMCO,-0.0147841196812043,-0.0018063836553328105,0.04853389910929473,11101.41826171875,10325.06013671875,9402.8231640625,1.0166799053150963,1.0931257268952157,1.2003404371492101,11236.861319774958,10954.270475885414,282.590843889544,324.42805040306575,-41.83720651352178,63.6215510059627,0.01708050192696658,535768.0,1.037867136521778,0.02360035076406933,0.09740091498581824,1.075191632273313,1.0980808589680844,-0.0009821356184707142
2024-07-18,11278.166134307454,11310.93536333,11108.751621560346,11275.50390625,731274,ULTRACEMCO,-0.0009821356184707142,0.001117466853165494,0.05926940869672914,11132.963232421875,10361.27322265625,9418.2597265625,1.0128034801563892,1.0882353610360036,1.1971961098555688,11242.80633307881,10978.06554480131,264.74078827750054,312.4905979779527,-47.74980970045215,47.38997022502963,0.016803503992715567,539368.4,1.355796891326967,0.017931237792182673,0.8247561511629032,1.074478299450518,1.1001260873528629,-0.03339417341727724
2024-07-19,11273.325628514172,11273.325628514172,10870.264682031642,10898.9677734375,514154,ULTRACEMCO,-0.03339417341727724,-0.025673051689720228,0.032568360147501974,11150.151513671875,10391.78525390625,9432.513537597657,0.9774726164100654,1.0488061008901817,1.1554680234483214,11189.908093133994,10972.206450626212,217.7016425077818,293.5328068839185,-75.83116437613671,37.74088364762785,0.018537182562575347,542807.65,0.9472121478022647,0.03698157062771148,0.07121278222647613,1.072977476077131,1.1016984192479524,0.02286313488510361
2024-07-22,10929.559415907896,11200.719055684593,10872.829191224711,11148.15234375,573833,ULTRACEMCO,0.02286313488510361,-0.007464033562067596,0.0800289163000647,11191.45478515625,10430.43693359375,9448.623889160157,0.9961307584905151,1.0688097166710893,1.179870473682375,11183.484131690304,10985.239479746493,198.24465194381082,274.475175895897,-76.23052395208617,38.501074520998635,0.018215321185838025,542162.05,1.0584160215566545,0.029412036573370513,0.839681802848089,1.0729612629276781,1.1039106917526866,0.0026137669253627482
2024-07-23,11278.117224731275,11360.840095082976,10967.507268537402,11177.291015625,525157,ULTRACEMCO,0.0026137669253627482,-0.024324821509828176,0.07044311331547126,11228.2322265625,10471.09060546875,9464.788933105468,0.9954631138802963,1.0674428707347277,1.1809339959531087,11182.531344603332,10999.465519441197,183.0658251621353,256.19330574914466,-73.12748058700936,40.77749512571106,0.01812912707472089,554612.5,0.9468899456827965,0.035190353905586384,0.5333491967350229,1.0723078091501106,1.1063205613432634,-0.008002763695152737
2024-07-24,11171.677403391222,11191.76512489212,10993.2116871539,11087.841796875,268139,ULTRACEMCO,-0.008002763695152737,-0.01760913528890029,0.05598277235667859,11257.6232421875,10509.07240234375,9480.396853027343,0.9849185354972397,1.0550733092677305,1.169554605019974,11167.963721875896,11006.01191036222,161.95181151367615,237.34500690205098,-75.39319538837483,38.00217720204678,0.018303190509539883,539915.7,0.49663123335735565,0.017907311573851954,0.47659768976583533,1.0712290115802043,1.1085055367685293,-0.0010391097371399427
2024-07-25,11053.570364735831,11110.493449211746,10930.623838520954,11076.3203125,254683,ULTRACEMCO,-0.0010391097371399427,-0.01766516116761685,0.02677900068638106,11272.06708984375,10545.6659375,9495.783559570313,0.9826343495133986,1.0503196647935729,1.1664461645544506,11153.864735818066,11011.219940150204,142.64479566786213,218.40496465521323,-75.76016898735111,40.316130868268175,0.017381868839162075,512990.0,0.49646776740287335,0.016239112414237693,0.8100116157448504,1.0688814871103298,1.1105630063431222,0.02023769386973484
2024-07-26,11076.32009399489,11367.664821140066,11031.8847123577,11300.4794921875,333210,ULTRACEMCO,0.02023769386973484,0.0368394261820415,-0.003725539203181305,11269.95419921875,10584.629296875,9512.81552001953,1.0027085551927857,1.0676311068847586,1.1879216482655284,11176.420852182595,11032.646573634449,143.77427854814596,203.4788274337998,-59.70454888565385,49.526640535519135,0.013655386673619157,412663.8,0.8074611826867295,0.02971379303103956,0.7999127190821425,1.0647471803803354,1.1126705100713725,0.017197745774580442
2024-07-29,11307.207993307877,11558.909541104113,11300.47962824002,11494.822265625,496437,ULTRACEMCO,0.017197745774580442,0.031096625807177203,0.017646605692759776,11279.920556640625,10628.3808203125,9530.332736816406,1.0190517041237368,1.0815214904284003,1.2061302142389656,11225.405685019889,11066.881810078194,158.52387494169488,194.48783693537885,-35.96396199368397,57.655653422349694,0.014147164305198292,403246.15,1.2311016484596318,0.022482288711581127,0.7520129354653464,1.0613018810055177,1.1152161329325103,0.0002245406347185508
2024-07-30,11547.603751921555,11547.603751921555,11339.692350248826,11497.4033203125,438108,ULTRACEMCO,0.0002245406347185508,0.028639524929610083,-0.0023675395916765707,11278.556298828125,10670.34462890625,9547.620590820312,1.0194038151414035,1.0775100261678263,1.204216611976269,11267.251475064906,11098.772292317773,168.47918274713265,189.28610609772963,-20.806923350596975,55.445827758333174,0.01339647611217515,399134.6,1.0976447544262011,0.018083335504584,0.7585489241803338,1.057000189878986,1.1175920248826599,0.006839519894989765
2024-07-31,11509.576555678284,11603.112154182383,11442.771663317775,11576.0400390625,322531,ULTRACEMCO,0.006839519894989765,0.044030051215656174,0.00875192036504746,11283.577978515625,10710.371875,9566.192509765626,1.025919266132049,1.080825220091856,1.2100990051418186,11314.757407987612,11134.125458743309,180.63194924430354,187.55527472704443,-6.923325482740893,58.78286689438493,0.01344200565007102,394152.5,0.8182898751117905,0.013851065677343094,0.8311585864936453,1.0535187862947686,1.1196065586246924,0.008185262781379654
2024-08-01,11576.040089914202,11717.341562721756,11494.530836216833,11670.79296875,250126,ULTRACEMCO,0.008185262781379654,0.05367059090726345,0.015454057192391568,11292.4587890625,10754.2487109375,9584.964226074218,1.0335032597200124,1.085226247081336,1.2176146612004717,11369.532109643365,11173.878607632694,195.65350201067122,189.17492018376979,6.478581826901433,63.45811738110786,0.01355021555977445,396350.25,0.6310731480552869,0.01909130999937428,0.7910845913842135,1.0500462740440082,1.121991533539838,-0.01835712346827334
2024-08-02,11523.306216538123,11636.221283110735,11393.739142388118,11456.55078125,273420,ULTRACEMCO,-0.01835712346827334,0.013811032458436623,0.006310894141124068,11296.051171875,10791.7990234375,9602.577604980468,1.0142084704586514,1.061597863004009,1.1930703663678752,11382.919597582846,11194.817287159904,188.10231042294254,188.96039823160436,-0.8580878086618213,55.70255795752246,0.014044535882005523,398659.75,0.6858480195204055,0.021165370393981753,0.2590361445783095,1.046725494733767,1.1238439789166847,-0.029516750958188842
2024-08-05,11393.739325362938,11393.739325362938,11054.069748324742,11118.390625,400844,ULTRACEMCO,-0.029516750958188842,-0.03274793049656022,-0.0175527007301286,11286.1189453125,10817.248125,9618.913310546875,0.9851385298059291,1.0278391044117794,1.155888432096481,11342.2228325701,11189.156052925837,153.06677964426308,181.7816745141361,-28.714894869873035,41.89776443497698,0.015517596008854053,397402.6,1.0086597319695443,0.030550246748341395,0.18936307818943965,1.0433447411850416,1.1245811013952256,-0.008053590827134638
2024-08-06,11150.235186134743,11272.79054390293,10977.040034420734,11028.84765625,368949,ULTRACEMCO,-0.008053590827134638,-0.040753172782475255,-0.016441356606784807,11276.900927734376,10839.7340234375,9634.567995605468,0.9780034183971312,1.0174463351594791,1.144716365205009,11294.011266982392,11177.281356875776,116.72991010661644,168.77132163263218,-52.041411526015736,43.56719002950649,0.015487641608579466,408389.55,0.9034241938854704,0.02681608439070195,0.17517339841602259,1.0403300397732675,1.1250877079679893,0.019240114260010488
2024-08-07,11198.000739832882,11286.57021147366,11131.00184742563,11241.0439453125,230210,ULTRACEMCO,0.019240114260010488,-0.0289387469825243,-0.005834407605484038,11273.60244140625,10866.572265625,9650.38963623047,0.9971119705291214,1.0344608833893363,1.1648279881995889,11285.862448263948,11182.004511574793,103.8579366891554,155.78864464393683,-51.93070795478144,49.21839802494163,0.016005407643676563,393355.0,0.5852474228114553,0.013839316419797562,0.7073552425665152,1.0374570900401443,1.126024199564815,-0.02470716922299865
2024-08-08,11198.974956350485,11222.541685154263,10934.825220967,10963.3095703125,290349,ULTRACEMCO,-0.02470716922299865,-0.06061999388832229,-0.026601312312563352,11258.622021484374,10888.75806640625,9664.780251464843,0.9737701069803799,1.006846648943028,1.1343568384445002,11236.23892857911,11165.804886296104,70.43404228300642,138.71772417175075,-68.28368188874433,51.52784232099577,0.01691120712808985,397752.15,0.7299746839834806,0.02624357748378907,0.0990014576536708,1.0339675060114726,1.1266431085958621,0.0037616592061464615
2024-08-09,11149.30909830811,11149.30909830811,10937.064003053008,11004.5498046875,189230,ULTRACEMCO,0.0037616592061464615,-0.039453495663132165,-0.016234413055066566,11249.5419921875,10914.7794140625,9679.293571777343,0.9782220300461885,1.0082246637535652,1.1369166275495877,11200.5944479804,11153.860065436207,46.73438254419307,120.32105584623922,-73.58667330204615,46.216402168951596,0.016892072253934194,388872.7,0.48661168552073725,0.019287031184564478,0.3179616544419048,1.0306705766031052,1.1276421500312332,0.00022123306775001517
2024-08-12,10994.47111909521,11081.920309452791,10917.733990944009,11006.984375,200411,ULTRACEMCO,0.00022123306775001517,-0.010019997835792882,-0.02003241996126437,11238.291796875,10943.84181640625,9694.190805664062,0.979417919906714,1.005769688529223,1.135420644760665,11170.808282906492,11142.980384663155,27.827898243336676,101.82242432565872,-73.99452608232204,45.448766061658816,0.016856546848685382,380579.55,0.5265942429118958,0.014916557788679724,0.5435920901729531,1.0269055406143877,1.1289072018277224,-0.0027999799842997053
2024-08-13,11066.535714251677,11066.535714251677,10940.571962775704,10976.1650390625,189972,ULTRACEMCO,-0.0027999799842997053,-0.0047768016051654705,-0.041881277972069975,11214.302294921876,10971.384609375,9708.889411621094,0.9787648620844464,1.0004357179934622,1.1305273521732089,11140.863168468954,11130.623692396439,10.239476072514663,83.5058346750299,-73.26635860251524,46.9190311127827,0.016129859260501575,370354.65,0.5129461720002705,0.011476116751860659,0.28256602292116545,1.0221410235987265,1.130034975601098,-0.02383084512045941
2024-08-14,10906.826955490456,10906.826955490456,10676.12770850519,10714.59375,404673,ULTRACEMCO,-0.02383084512045941,-0.04683285626083056,-0.050679184288391244,11185.7025390625,10982.95896484375,9722.391975097657,0.9578829503629921,0.9755653084289232,1.1020532578241762,11075.283257935269,11099.806659626332,-24.523401691063555,61.89998740181122,-86.42338909287477,41.23050581653023,0.016626083750498205,362785.5,1.1154607888132244,0.02153131069344245,0.16673674490696044,1.0184598317145432,1.1296560551122432,0.026639338285690872
2024-08-16,10751.016462033524,11028.556289178414,10663.567261084008,11000.0234375,435631,ULTRACEMCO,0.026639338285690872,0.0033487941713254976,-0.024431765625774093,11171.928515625,11010.92470703125,9736.15878173828,0.9846127660157711,0.9990099587617478,1.1298114260556533,11063.704824022152,11092.415309839196,-28.710485817044173,43.77789275804014,-72.48837857508431,42.92606682537399,0.017857358859045352,348003.35,1.2518011680059977,0.03318075003823422,0.9218254536927237,1.0146221877705637,1.1309310944768072,0.001739431663142721
2024-08-19,11023.685887826254,11167.908818379236,10976.698887465156,11019.1572265625,244264,ULTRACEMCO,0.001739431663142721,0.0013273984065007571,0.01102759964277733,11177.93798828125,11036.95359375,9750.299580078125,0.9857951652724132,0.9983875652791022,1.130135247236599,11056.851347489897,11086.988785152034,-30.137437662137017,28.99482667400471,-59.13226433614173,37.79391842280549,0.01615894277142574,334508.85,0.7302168537543925,0.0173525004664743,0.22205090966965862,1.0127738504410388,1.1319604595843162,0.003035817327014856
2024-08-20,11067.508690560297,11223.320515504392,10982.250597798682,11052.609375,421084,ULTRACEMCO,0.003035817327014856,0.0041450953726824835,-0.008570296296997126,11173.16083984375,11063.3252734375,9765.264965820312,0.9892106211866333,0.9990314034729478,1.1318289277029923,11056.198736337607,11084.44216217781,-28.24342584020269,17.54717617116323,-45.79060201136592,38.76412227637849,0.01531190485487851,326871.4,1.288225277586231,0.02181113160942688,0.29186046052917075,1.0099278981401694,1.1329262761594865,-0.013110503458600653
2024-08-21,10978.89024563978,11016.430965406937,10869.383561904044,10907.7041015625,456794,ULTRACEMCO,-0.013110503458600653,-0.006237236526269285,-0.024119163908825292,11159.681494140625,11078.89541015625,9779.839331054687,0.9774207361822624,0.9845479804388427,1.1153254907702232,11033.353407910668,11071.350453984083,-37.99704607341482,6.43833172224762,-44.43537779566244,33.664182631485986,0.015555176500119762,323453.25,1.4122411816854523,0.013481059087569922,0.2605999068708641,1.0072918897591827,1.1328300021224857,0.00968674574100925
2024-08-22,10965.256977352048,11079.584282187272,10911.696663519511,11013.3642578125,305457,ULTRACEMCO,0.00968674574100925,0.027884445718018958,-0.006717045609677674,11155.9576171875,11089.5485546875,9795.1891015625,0.9872181874234345,0.9931300813104067,1.1243646389691118,11030.278154049412,11067.055180193596,-36.777026144183765,-2.2047398510386573,-34.572286293145105,34.016009466830724,0.01564496808597289,325319.15,0.9389456476816689,0.015243990368217148,0.6055693391791006,1.005988436965897,1.1321423649614408,0.002864772335811727
2024-08-23,11018.816750348697,11082.115299952997,10911.16071502935,11044.9150390625,258730,ULTRACEMCO,0.002864772335811727,0.0040810459920894715,-0.002835352585646933,11154.387353515625,11098.75521484375,9810.673146972656,0.9901857169754266,0.9951489897074905,1.125806035284205,11032.529982512966,11065.41516973944,-32.885187226474955,-8.340829326125917,-24.544357900349038,39.01619916166485,0.01565856197164114,325521.5,0.7948169322149228,0.015478125845154365,0.782396822482934,1.005012466496916,1.13129395389842,-0.00041432386386097697
2024-08-26,11043.163336977,11063.565138456495,10976.359395955751,11040.3388671875,234215,ULTRACEMCO,-0.00041432386386097697,0.001922255957464758,-0.023020317428109727,11141.380322265624,11105.71634765625,9825.207619628905,0.99093097514352,0.9941131685321185,1.123674867198836,11033.731349385971,11063.557665846703,-29.826316460732414,-12.637926753047218,-17.188389707685197,47.46625852056761,0.014915315165457455,320571.75,0.7306164688560361,0.007898828428167593,0.7336612176795912,1.0032113169013994,1.130328923072234,-0.0032416634063984207
2024-08-27,11090.976670132066,11150.282922144104,10991.014223967071,11004.5498046875,184428,ULTRACEMCO,-0.0032416634063984207,-0.0043482555731324535,-0.04265159126502094,11116.86669921875,11109.46404296875,9839.46318359375,0.9898967130244403,0.9905563186598861,1.1184095716762685,11029.241880970822,11059.186713168245,-29.94483219742324,-16.099307841922425,-13.845524355500814,49.18271230067095,0.014285593792430357,304971.3,0.6047388721496089,0.014472986265116531,0.08498581877892543,1.0006663378378442,1.1290721694545887,-0.005800601473520461
2024-08-28,10984.733828301867,11021.349227329572,10917.539977756403,10940.716796875,201101,ULTRACEMCO,-0.005800601473520461,0.003026548483999525,-0.048418456579147784,11089.032373046875,11110.599140625,9853.597072753906,0.9866250209051267,0.9847098845345937,1.1103271948400528,11015.622637263772,11050.411163813189,-34.78852654941693,-19.837151583421328,-14.951374965995601,38.77810172633362,0.014297968880776637,293120.95,0.6860683277670873,0.009488340800743511,0.22326352626468596,0.9980589014773049,1.1275678372669427,-0.001139307778587284
2024-08-29,10936.042544430024,10962.043833110532,10824.442704385496,10928.251953125,406261,ULTRACEMCO,-0.001139307778587284,-0.00772809313258882,-0.05595938539877077,11056.64296875,11113.8809375,9867.293266601562,0.9883878844611445,0.9832975550647967,1.1075227681855297,11002.180993550115,11041.36233339184,-39.181339841725276,-23.705989235082118,-15.475350606643158,48.36616120931105,0.01413757249963161,297307.45,1.3664676078584643,0.012591321037916664,0.7544214913159796,0.9948498666602708,1.1263353218777676,0.007119948742374094
2024-08-30,10931.22161070878,11063.5161560931,10928.251638059348,11006.060546875,462185,ULTRACEMCO,0.007119948742374094,-0.003517862477898981,-0.056956920035759695,11023.40634765625,11121.11005859375,9881.070654296875,0.9984264572824227,0.989654853597115,1.113853035965178,11002.77784790779,11038.747386242445,-35.969538334655226,-26.15869905499674,-9.810839279658484,50.06808649229131,0.014096030960483043,307910.4,1.501037314751304,0.012290003081271214,0.5752351758370009,0.9912145720685499,1.1254964616367389,0.010883119616447168
2024-09-02,11028.555434359128,11164.890777477032,11028.555434359128,11125.8408203125,248673,ULTRACEMCO,0.010883119616447168,0.007744504417261711,-0.028866450928559217,11006.870849609375,11132.52283203125,9894.87408203125,1.0108087005224875,0.9993997756106527,1.1244044874220929,11021.71061289313,11045.198751729115,-23.4881388359845,-25.624587011194293,2.136448175209793,54.844266555857786,0.013916396632030988,306673.05,0.8108733388864786,0.01225393615815497,0.7135742187500009,0.9887130721115306,1.1250797877506624,0.0031422309110942237
2024-09-03,11135.189402837916,11202.918664994171,11063.613346070364,11160.80078125,181723,ULTRACEMCO,0.0031422309110942237,0.014198761361045698,0.0038144150246564035,11008.991357421875,11149.297109375,9908.635454101563,1.0137895851581153,1.0010317844938696,1.126371116683894,11043.109100332647,11053.761865026958,-10.652764694310463,-22.630222547817528,11.977457853507065,57.49993851436423,0.012257156143380729,295717.0,0.6145165817318585,0.012481659842709339,0.6976577486807412,0.9874157311822691,1.125210142306717,0.010439981590142589
2024-09-04,11093.802029130284,11332.827299039714,11083.917336002469,11277.3193359375,198185,ULTRACEMCO,0.010439981590142589,0.030766040773365422,0.022529251235662073,11021.41494140625,11166.00865234375,9922.916015625,1.0232188331436325,1.0099687083414883,1.1364924703766317,11079.141444271854,11070.321677686998,8.819766584856552,-16.340224721282713,25.159991306139265,75.91146149508555,0.012294345972016292,287178.8,0.6901101334778195,0.0220717313771583,0.7769958163791598,0.9870505464002888,1.1252749327678808,-0.0032641220646909552
2024-09-05,11326.010337049209,11513.276482308223,11212.80330898312,11240.5087890625,406821,ULTRACEMCO,-0.0032641220646909552,0.028573356221733848,-4.7607344353717274e-05,11021.38818359375,11180.8183984375,9937.360068359376,1.0198813980433907,1.0053386423513813,1.1311363090135336,11103.967189624262,11082.928130381479,21.03905924278297,-8.864367928469576,29.903427171252545,64.36173873284368,0.011563146829664502,296009.35,1.3743518574666647,0.02673127871377817,0.09220616859995992,0.9857407383643733,1.1251296442439782,-0.009512626147007208
2024-09-06,11198.974685574856,11223.32028271741,11023.686386148467,11133.58203125,245248,ULTRACEMCO,-0.009512626147007208,0.011586478543515577,0.015531118577421177,11029.901806640624,11187.741171875,9950.863857421875,1.0093999227216106,0.9951590638545382,1.1188558290792001,11108.523319105143,11086.680271186555,21.843047918588127,-2.7228847590580356,24.565932677646163,56.18488298071127,0.010277877561449116,293754.3,0.8348745873677424,0.01793078777419574,0.550485899390241,0.9858917575219589,1.1242984862596224,0.005379277292060891
2024-09-09,11101.59274929071,11216.942383451527,11012.000948156085,11193.47265625,154665,ULTRACEMCO,0.005379277292060891,0.006078806719400864,0.017167703805750056,11039.34794921875,11184.75587890625,9964.829008789062,1.013961395884995,1.0007793444432873,1.123298016090117,11121.592447896659,11094.590818228291,27.00162966836797,3.2220181264271655,23.779611541940803,57.40236680317353,0.010308555740685855,292026.05,0.5296274082397786,0.018309012903248698,0.8854808098338265,0.9869994543232071,1.1224232617580494,0.004062862389457633
2024-09-10,11237.830868421026,11334.774848021692,11160.508869917883,11238.9501953125,237496,ULTRACEMCO,0.004062862389457633,0.007002133233467545,0.021074420786801662,11050.946240234374,11183.62498046875,9978.588325195313,1.017012475763717,1.0049469840897178,1.1263066306618594,11139.647485960635,11105.284105419714,34.36338054092084,9.450290609325902,24.91308993159494,69.43825530432231,0.010330971847989838,293880.3,0.8081385516484093,0.015505538780347241,0.4501241507271705,0.9881363385784048,1.1207622377035833,-0.004644231725866144
2024-09-11,11267.14288155323,11307.069662723818,11160.217204130526,11186.75390625,141341,ULTRACEMCO,-0.004644231725866144,-0.008030758639501756,0.01918601500961814,11061.47568359375,11176.8662890625,9992.047211914063,1.0113256337797734,1.0008846502169553,1.119565757546804,11146.894627543614,11111.318905481217,35.57572206239638,14.675376899939998,20.900345162456382,60.85608175613788,0.010375691948111726,291448.75,0.4849600487221167,0.013127352208154497,0.1807031518142146,0.9896759429267156,1.118576208860954,0.01939497361730469
2024-09-12,11206.618376113118,11427.8228433357,11142.735912156617,11403.720703125,455934,ULTRACEMCO,0.01939497361730469,0.014519975663495943,0.06431666652083745,11095.93203125,11175.42857421875,10006.513969726562,1.0277388750226804,1.0204280424137748,1.139629718963618,11186.406331479213,11132.978297899275,53.42803357993762,22.425908235939524,31.002125343998095,68.23201321933476,0.009385522749960903,294011.8,1.5507336780360517,0.02499946627954152,0.9154568744662671,0.992886488205728,1.1168153672726175,0.0006576800848818731
2024-09-13,11388.871252963016,11454.70137249465,11320.89853051172,11411.220703125,279660,ULTRACEMCO,0.0006576800848818731,0.02493704821105358,0.037381489954211755,11116.49189453125,11173.789453125,10021.64482421875,1.0265127534288712,1.021248946115912,1.1386574662422817,11220.993157886258,11153.588846434513,67.40431145174443,31.421588879100508,35.98272257264392,68.78980891719746,0.0075917595832540406,286213.25,0.9771036106818954,0.011725550268805809,0.6750392687832653,0.9948721462101896,1.114965621823069,-0.006426052345339217
2024-09-16,11369.394425416249,11489.126268259057,11300.25292612678,11337.8916015625,257856,ULTRACEMCO,-0.006426052345339217,0.012902067995124167,0.02892547664459011,11132.42861328125,11172.85322265625,10036.182260742187,1.0184562592241668,1.0147713726849634,1.1297016442110777,11238.977533836449,11167.24090236992,71.7366314665287,39.48459739658615,32.25203406994255,66.269100614842,0.007815089022601725,286892.85,0.8987885198254332,0.01665859480489729,0.1992799778454737,0.996381890232566,1.1132573056549895,0.00025770884946529904
2024-09-17,11298.84109292979,11411.853174248316,11272.012432803758,11340.8134765625,202725,ULTRACEMCO,0.00025770884946529904,0.00906341602016214,0.026075661573129683,11146.838818359374,11173.3287890625,10050.484780273437,1.0174017639766748,1.0149896857652618,1.1283847221799344,11254.64460194815,11180.098130087888,74.54647186026159,46.49697228932124,28.04949957094035,70.76155621343155,0.007810213365922784,275974.9,0.7345776735492974,0.012330750499826076,0.4919957020252166,0.9976291782687845,1.1117203829802242,-0.001266598541822983
2024-09-18,11377.185065510264,11455.382937516944,11233.88649266059,11326.44921875,185067,ULTRACEMCO,-0.001266598541822983,0.012487564638563597,0.038389849347629124,11167.77607421875,11175.59361328125,10065.464052734374,1.0142081237550558,1.0134986659938556,1.1252783934659294,11265.69146607151,11190.938951470267,74.75251460124309,52.14808075170561,22.60443384953748,70.62234099585079,0.007072937071852321,262388.55,0.7053166001336568,0.019555682507249143,0.4178971186171386,0.9993004810900417,1.1102909468188205,-0.00029245705657832133
2024-09-19,11326.44810021154,11432.838354911468,11237.927132605892,11323.13671875,227247,ULTRACEMCO,-0.00029245705657832133,-0.007066464224515512,0.028126960453320082,11183.264697265626,11175.91607421875,10080.6641796875,1.0125072619910869,1.0131730270300496,1.1232530433427272,11274.529197252816,11200.731378676173,73.79781857664238,56.47802831669297,17.319790259949414,67.79417277368694,0.006843652348421385,258478.05,0.8791732992414637,0.017213536067512327,0.4371712676990927,1.0006575410013885,1.10864878295799,0.014689399435544592
2024-09-20,11354.787136222538,11533.873739122628,11276.491311075366,11489.466796875,608787,ULTRACEMCO,0.014689399435544592,0.00685694333548148,0.0402494501985986,11205.49228515625,11180.44705078125,10095.871635742187,1.0253424396262294,1.0276393014241911,1.138036141049882,11307.596520271614,11222.119187431643,85.4773328399715,62.27788922134868,23.199443618622816,69.39328440997703,0.007459047114097241,275980.9,2.2059026548576366,0.02240159901217233,0.8274670785238162,1.0022400923917663,1.1074276153828426,0.013879135560135092
2024-09-23,11525.2065206379,11683.939825484877,11491.171183171638,11648.9306640625,279318,ULTRACEMCO,0.013879135560135092,0.027433589368338618,0.05512437654280422,11235.921875,11189.70265625,10111.846162109376,1.0367578907772086,1.0410402333216602,1.152008295746509,11360.109465470212,11253.73485236726,106.37461310295112,71.09723399766918,35.27737910528194,72.98144270742816,0.007887845510455486,278236.05,1.0038886046578077,0.016548183509061353,0.8183876744564675,1.0041305135775154,1.1065934426672268,-0.016753063355382736
2024-09-24,11635.344082296217,11656.52475052494,11433.032182318382,11453.775390625,242038,ULTRACEMCO,-0.016753063355382736,0.009960653554169863,0.04082180497253485,11258.383154296875,11194.1383984375,10125.533637695313,1.0173552661736824,1.0231940130580965,1.1311774569574202,11374.519607801718,11268.552670015983,105.96693778573535,78.07117475528241,27.89576303045294,57.73492086186806,0.00893415973589492,281116.55,0.8609880848352757,0.01951256774159278,0.0928138616557769,1.0057391425380573,1.1055356486856147,0.004646478977234025
2024-09-25,11501.8340407364,11545.266206117223,11374.263110304051,11506.9951171875,196686,ULTRACEMCO,0.004646478977234025,0.01594020287828779,0.05175879522576121,11286.6970703125,11195.15919921875,10139.341040039062,1.0195183803997407,1.027854531804292,1.1348858936441464,11394.900455399531,11286.215073510168,108.68538188936327,84.19401618209858,24.49136570726469,61.51571879030135,0.008755206084817772,280895.8,0.7002098286980439,0.01486079502699641,0.776196514175767,1.0081765582306448,1.104130845881442,0.021047234940227755
2024-09-26,11525.206046188614,11763.792905615415,11459.764888831563,11749.185546875,277079,ULTRACEMCO,0.021047234940227755,0.037626396175143295,0.07512030261301295,11327.74375,11204.4111328125,10152.9851953125,1.0372043900511962,1.0486214230810498,1.1572148802402908,11449.405854088065,11320.509182648304,128.89667143976112,93.1345472336311,35.762124206130025,73.81779656534178,0.009623926665020233,274436.7,1.0096280854565005,0.025876518467675063,0.95195390577836,1.0110075055016783,1.1035583049983595,-0.009341156127344652
2024-09-27,11749.18470801293,11820.273848807372,11612.605913541416,11639.4345703125,404276,ULTRACEMCO,-0.009341156127344652,0.013052631256855962,0.057547750236331074,11359.412451171875,11211.68974609375,10166.022509765626,1.0246511094076647,1.038151682208989,1.144934959482088,11478.641041199517,11344.133285438244,134.50775576127307,101.40918893915949,33.09856682211358,66.61335820738057,0.010009695977433416,271541.25,1.4888198386064733,0.017841754598254527,0.1291901743845287,1.013175775322323,1.1028590321655931,-0.01257494369600376
2024-09-30,11611.87584830696,11611.87584830696,11465.850768518456,11493.0693359375,405493,ULTRACEMCO,-0.01257494369600376,-0.013379882893958639,0.03300681014189499,11377.773876953124,11223.57177734375,10178.893115234376,1.010133393423991,1.0240117463442222,1.1291079693858113,11480.860778851515,11355.165585475226,125.69519337628844,106.2663898265853,19.428803549703147,58.80483183325438,0.010386029727132115,279382.25,1.4513914180303151,0.012705490197635906,0.18639652488782266,1.0137391289215658,1.1026318530200343,0.0029783574560857673
2024-10-01,11493.069514658646,11576.52641197659,11345.291739802737,11527.2998046875,324906,ULTRACEMCO,0.0029783574560857673,0.006419229603775944,0.03283805800505046,11396.098828125,11231.1547265625,10191.249716796876,1.0115127973652442,1.0263681772119653,1.1310977676946323,11488.005244364744,11367.916268379839,120.08897598490512,109.03090705824927,11.05806892665585,61.94813551400909,0.010384876766272453,286541.4,1.1338885061635071,0.020059743052733305,0.7871140740862616,1.014686299457027,1.1020390078413727,-0.009491395045135298
2024-10-03,11322.746868407865,11617.718491995174,11309.113334553049,11417.8896484375,304610,ULTRACEMCO,-0.009491395045135298,-0.0077435914278704,0.012464869381861421,11403.12734375,11235.96669921875,10202.773686523438,1.0012945838665557,1.016191125702731,1.1190966299212415,11477.218229606708,11371.618000235962,105.60022937074609,108.34477152074865,-2.744542150002559,50.53770294960216,0.010454877443171466,291862.65,1.0436758523230019,0.027028213351523934,0.35247730396356275,1.0148772819469885,1.1012658953770609,-0.02341608764138714
2024-10-04,11393.739867852231,11519.509607562724,11082.11621334687,11150.52734375,357277,ULTRACEMCO,-0.02341608764138714,-0.05095316613535217,-0.008005104306315403,11398.628271484375,11237.22041015625,10211.71515625,0.9782341417032573,0.9922851859052354,1.091934819286984,11426.958093321062,11355.240914570333,71.71717875072864,101.01925296674466,-29.302074216016024,41.73664490758167,0.011745537399896026,289385.45,1.234605955482558,0.03922625188314692,0.1564064096710369,1.014363682070545,1.10042438887248,-0.019204879253538643
2024-10-07,11191.135714350758,11228.14102240707,10899.134048469634,10936.3828125,374655,ULTRACEMCO,-0.019204879253538643,-0.06040256969232005,-0.017712109022639533,11388.768310546875,11234.42166015625,10218.653642578125,0.9602779259607968,0.9734709220757427,1.0702371559919899,11351.484973194745,11324.21438849105,27.27058470369593,86.26951931413491,-58.99893461043898,38.31615286289706,0.012329504924622443,295855.8,1.2663432658747944,0.03008371045327614,0.11321572787526808,1.013738726839676,1.0994033121296642,0.014198146667838252
2024-10-08,10937.016135771151,11174.62916552168,10937.016135771151,11091.6591796875,447220,ULTRACEMCO,0.014198146667838252,-0.03492627987502317,-0.009095789992004999,11383.67763671875,11230.24525390625,10226.970415039063,0.9743476171453304,0.9876595683277224,1.0845498451209838,11311.511774193632,11306.988076727823,4.523697465809164,69.92035494446976,-65.3966574786606,43.34017238588962,0.01271459556764644,310483.55,1.4403983721520834,0.02142267679714465,0.6508188716700842,1.013662424937615,1.098100884049869,-0.0034812018708807457
2024-10-09,11105.535408602156,11209.686056954435,11036.345415990325,11053.046875,286382,ULTRACEMCO,-0.0034812018708807457,-0.04114171902552999,-0.01654098622040656,11374.382470703125,11221.40974609375,10234.009145507813,0.9717491831727317,0.9849962816701923,1.0800309749431583,11271.747943548458,11288.177617340578,-16.4296737921195,52.65034919715192,-69.08002298927141,42.785548626501054,0.012687730272484531,312927.85,0.9151694232392548,0.015682611584338386,0.09635050912920698,1.0136322198431997,1.0964822863207382,0.007039560641508569
2024-10-10,11140.496705578718,11159.047860325,11056.357941800454,11130.85546875,180542,ULTRACEMCO,0.007039560641508569,-0.025138987021719905,-0.004996841618976733,11371.587548828125,11214.0787890625,10241.116728515624,0.9788303894206105,0.9925786752636632,1.0868790742084762,11250.072178194849,11276.524124852387,-26.45194665753843,36.829890026213846,-63.281836683752275,45.11808087339778,0.012768062901735069,314887.9,0.573353247298483,0.009225698672743414,0.7254609607245849,1.0140456262817816,1.0950054653549388,-0.0007654854414758105
2024-10-11,11092.584830344997,11168.104685233637,11062.834699752491,11122.3349609375,120279,ULTRACEMCO,-0.0007654854414758105,-0.0025283452471243084,-0.0246749065075218,11357.51826171875,11205.0046875,10248.467778320313,0.9792927208777688,0.9926220712201286,1.085268081192173,11230.420298616795,11265.102705303136,-34.68240668634098,22.52743068370288,-57.209837370043864,39.8666944835732,0.011908798412852901,298105.15,0.40347843705484454,0.00946473792156608,0.5652158201889901,1.01361120128659,1.0933346261968206,-0.010594268939601137
2024-10-14,11101.543884508766,11130.758601312724,10945.780562549027,11004.501953125,144163,ULTRACEMCO,-0.010594268939601137,0.006228671928632634,-0.03564200190156863,11337.18232421875,11191.6788671875,10255.003374023438,0.9706558153887082,0.9832753498126829,1.0730861367632594,11195.663630079596,11245.798945882534,-50.13531580293784,7.994881386374738,-58.130197189312575,31.79456365384965,0.012081889694139895,291330.3,0.49484382503296087,0.01680930582334691,0.31745060639867295,1.0130010393219775,1.0913383895647193,0.01031839774382104
2024-10-15,11101.592776470874,11133.680465090572,10994.472144417208,11118.05078125,182286,ULTRACEMCO,0.01031839774382104,0.002379409710932423,-0.01938992081051505,11326.190283203125,11184.9088671875,10262.734272460937,0.9816231674774352,0.994022473787548,1.0833419716502086,11183.72319179812,11236.336118872718,-52.61292707459688,-4.126680305819586,-48.4862467687773,40.057161301070344,0.012318185073980322,287551.8,0.6339240442939325,0.012520928660276634,0.8877244997643093,1.0126314320208807,1.0898566181530325,-0.008285986927930034
2024-10-16,11044.137455941784,11113.278956635892,10938.964468970467,11025.9267578125,276811,ULTRACEMCO,-0.008285986927930034,-0.002453632694604857,-0.027765796466079018,11310.445947265625,11183.05958984375,10269.680239257812,0.9748445648580364,0.985949030248041,1.0736387600135584,11159.446817338794,11220.750240275664,-61.30342293686954,-15.562028832029577,-45.74139410483996,36.073571069132605,0.012423386601642212,291256.1,0.9504041288748974,0.015809508941451327,0.4988815904329557,1.0113910112343107,1.088939414792524,-0.026938105489821673
2024-10-17,11053.874384612624,11066.485593514091,10647.838345177854,10728.9091796875,353330,ULTRACEMCO,-0.026938105489821673,-0.03611099705597365,-0.052756166343227995,11280.5689453125,11177.0608203125,10275.070693359376,0.9510964590261881,0.9599043390897045,1.0441688918618763,11093.210257700133,11184.317569120984,-91.10731142085024,-30.67108534979371,-60.436226071056524,21.372795410716847,0.013678850570581557,299669.25,1.179066587579473,0.03902048580379833,0.19364951001549188,1.0092607642263063,1.0877843232296267,0.004719925165679761
2024-10-18,10728.909984751625,10848.349867838984,10615.654454099233,10779.548828125,330703,ULTRACEMCO,0.004719925165679761,-0.03081961962271329,-0.048006829214105706,11253.38955078125,11167.83091796875,10280.474018554687,0.9578935110601094,0.9652320945136255,1.0485458947388573,11044.954653150113,11154.334699417577,-109.38004626746442,-46.41287753332786,-62.967168734136564,25.04530271623581,0.013769302318660779,304842.05,1.0848339328514554,0.021586748893666515,0.7043300570120739,1.0076611683540837,1.0863147844946175,-0.01806797775518565
2024-10-21,10760.754352833826,10874.351293890635,10489.447388193115,10584.7841796875,566667,ULTRACEMCO,-0.01806797775518565,-0.03814055149659101,-0.07874017421187574,11208.155419921875,11160.26041015625,10282.882895507813,0.9443823522355546,0.9484352327527191,1.0293595956744364,10974.159195694327,11112.145772030164,-137.98657633583753,-64.7276172938298,-73.25895904200773,24.360956310604678,0.013580676396506963,302736.05,1.8718187014727847,0.03636388793227936,0.24768985215054157,1.0042915674012445,1.0853240792065937,-0.004061881649652044
2024-10-22,10469.580617384609,10790.747545370235,10458.86855461917,10541.7900390625,793887,ULTRACEMCO,-0.004061881649652044,-0.05183109463390234,-0.09504225382812015,11152.798388671876,11151.00521484375,10285.124233398437,0.9452147946805898,0.9453667930340228,1.024955051571531,10907.640863904815,11069.897199217745,-162.25633531292988,-84.23336089764982,-78.02297441528006,22.31802227149987,0.012913376054719643,328464.5,2.4169643903679088,0.031482223561775664,0.24985457577676984,1.0001608082673783,1.084187702724443,-0.006660433414517497
2024-10-23,10538.673997154096,10559.806166490089,10392.648909652538,10471.5771484375,351717,ULTRACEMCO,-0.006660433414517497,-0.05027691744661844,-0.08575323058905415,11103.6884765625,11140.2970703125,10286.6430078125,0.9430719504190656,0.9399728824416133,1.0179780848314213,10840.554138448306,11025.577195456246,-185.02305700794022,-104.39130011970789,-80.63175688823233,22.820535834492674,0.012619721181885356,333948.45,1.0532074636070328,0.015962949464827517,0.47217955282472124,0.9967138583900463,1.0829866518991342,0.02702022168453566
2024-10-24,10471.577134043784,10794.838175144929,10437.834705747142,10754.521484375,341400,ULTRACEMCO,0.02702022168453566,0.002387223552604123,-0.0653927133147526,11066.064794921875,11135.86419921875,10289.765517578126,0.9718469649039251,0.9657554449280638,1.0451668180390434,10827.318345513951,11005.498994635414,-178.18064912146292,-119.14916992005891,-59.03147920140401,38.727040424864725,0.014338223413941316,341184.15,1.0006326495530347,0.03319566285831211,0.8870691905657466,0.9937320172868334,1.0822272072376404,-0.004382604337020313
2024-10-25,10774.095608628742,10824.052584202002,10663.371641656491,10707.388671875,519646,ULTRACEMCO,-0.004382604337020313,-0.006694172214492533,-0.08866970998488422,11013.974951171875,11135.72009765625,10293.907485351563,0.9721638844598739,0.9615353634946875,1.040167563882989,10808.867626492574,10983.416748505013,-174.5491220124386,-130.22916033853485,-44.31996167390375,42.796342536385396,0.01314548679939667,353312.5,1.4707829471077305,0.015006548045423018,0.2739405776515263,0.9890671509864908,1.0817777518889309,0.008858332529213309
2024-10-28,10712.062571277196,10906.193979384894,10614.290274317593,10802.23828125,229113,ULTRACEMCO,0.008858332529213309,0.020544027905623263,-0.07192757380138115,10972.11513671875,11131.76439453125,10298.974584960937,0.9845174013075885,0.9703976744743953,1.0488654178275139,10807.847727224485,10969.996121300937,-162.14839407645195,-136.61300708611827,-25.535386990333677,40.53563296648973,0.013423319945207153,344554.35,0.6649546000507612,0.02702252046911182,0.6438698915763124,0.9856582252234038,1.0808614297180996,0.0017579002904852814
2024-10-29,10784.12523106587,10845.427632146784,10631.283388796568,10821.2275390625,266761,ULTRACEMCO,0.0017579002904852814,0.026507594911731935,-0.05845625543859101,10938.523046875,11127.80580078125,10304.60494140625,0.9892768422839306,0.9724493519021309,1.0501351192591908,10809.90615981495,10958.976226320312,-149.07006650536277,-139.10441896996718,-9.96564753539559,42.32070936623522,0.013303237465025633,337617.75,0.7901272963284661,0.019789274606526623,0.8869916244038052,0.9829901098837507,1.0798866976517645,0.008369238088800524
2024-10-30,10824.051822455978,10936.041562409417,10723.164054515251,10911.79296875,239933,ULTRACEMCO,0.008369238088800524,0.04203911350432876,-0.05339557800754069,10907.747705078125,11124.98947265625,10310.682075195313,1.0003708614996651,0.980836251177562,1.0582998184960815,10825.581053497266,10955.481170203991,-129.90011670672538,-137.26355851731884,7.363441810593457,42.80411222915977,0.013482506536054982,333369.1,0.7197217738536655,0.019508939411132496,0.8860913306469552,0.9804726316270163,1.0789770639344936,-0.012445053892738644
2024-10-31,10864.758597525191,10956.395999647177,10753.499213875972,10775.9951171875,423687,ULTRACEMCO,-0.012445053892738644,0.001996707416847654,-0.056218316257579226,10875.652978515625,11122.35529296875,10316.474956054688,0.9908366089351145,0.9688590980365274,1.0445423619104626,10817.952447911148,10942.185907017585,-124.2334591064373,-134.65753863514254,10.42407952870525,39.50112492599171,0.013577193724682298,339322.95,1.2486246509409398,0.01882858924532999,0.11087363077745173,0.9778192381060616,1.0781158622830849,0.007243023071299426
2024-11-01,10789.919977007452,10878.87840711882,10788.556243189703,10854.0458984375,19032,ULTRACEMCO,0.007243023071299426,0.013696824786768369,-0.026589006615788557,10860.82890625,11119.16892578125,10322.829443359375,0.9993754613141362,0.9761562191281196,1.0514603537714995,10823.505286453663,10935.657017493135,-112.151731039472,-130.15637711600846,18.00464607653646,45.326382986210334,0.01283779778237227,322410.7,0.059030298932386545,0.008321520359713905,0.7250673854447479,0.9767662474366897,1.0771435280212014,-0.012915150897342298
2024-11-04,10855.215179461124,10864.70996263146,10643.943890922208,10713.8642578125,276984,ULTRACEMCO,-0.012915150897342298,-0.00818108443237131,-0.020346631834537332,10849.702978515625,11112.54791015625,10329.077900390625,0.9874799595000794,0.9641231105983016,1.0372527307018686,10806.637435893483,10919.227924183459,-112.59048828997584,-126.64319935080194,14.052711060826098,37.649109090529294,0.01244634888183394,317527.15,0.8723159578637606,0.02060564390185079,0.31671699527442326,0.9763470147651376,1.0758509149917435,0.015860910362112124
2024-11-05,10696.140801740805,10895.189827779715,10686.01265321442,10883.7958984375,274422,ULTRACEMCO,0.015860910362112124,0.005782002009396825,-0.018740503822067156,10839.309814453125,11109.41705078125,10335.47779296875,1.0041041435982443,0.979690999868631,1.0530520326638186,10818.507968592563,10916.603329683758,-98.09536109119472,-120.93363169888049,22.83827060768577,45.85400037602338,0.012557938850590488,308887.25,0.8884212605084865,0.01921913792919664,0.9455297674524292,0.9756866417838611,1.0748818074321647,0.008773076589364104
2024-11-06,10931.172993626844,11010.929549365595,10821.13089578454,10979.2802734375,282486,ULTRACEMCO,0.008773076589364104,0.006184804356238693,-0.006673870327045028,10835.621484375,11108.91166015625,10342.897231445313,1.0132580110213019,0.988330865283258,1.061528508671381,10843.242169337938,10921.246066258109,-78.00389692017052,-112.3476847431385,34.34378782296798,58.27651661888897,0.012721738459118677,308692.45,0.9151049855608713,0.017286985016699275,0.8332481536041075,0.9753990144001735,1.0740618814602583,-0.019832545020214254
2024-11-07,10947.290116178963,10950.601497912528,10713.13396401921,10761.533203125,326254,ULTRACEMCO,-0.019832545020214254,-0.0013420490548881059,-0.03318004322865176,10817.15537109375,11105.32798828125,10348.520751953125,0.9948579671770836,0.9690423564689818,1.0399102887331917,10830.671559151331,10909.415483803805,-78.74392465247365,-105.62693272500555,26.883008072531894,49.46370783472619,0.013315647012437556,315978.05,1.0325210880945686,0.022066329156923498,0.2038141311878553,0.9740509584686207,1.0731319243076638,-0.0006741495543026721
2024-11-08,10740.401329047609,10847.765419360196,10673.792341576092,10754.2783203125,155894,ULTRACEMCO,-0.0006741495543026721,-0.009191740946973725,-0.03309167022191328,10798.7525390625,11101.848515625,10354.035151367187,0.995881541077164,0.9686925835077534,1.0386557668671295,10818.918753176127,10897.923842063708,-79.00508888758122,-100.30256395752069,21.297475069939466,55.67957810082541,0.013315964457513116,317758.8,0.490604823532818,0.01617710390250044,0.46263467751193604,0.9726986027474689,1.0722243408801901,-0.006601206405771776
2024-11-11,10726.670776013085,10819.13554997907,10610.834227319518,10683.287109375,107472,ULTRACEMCO,-0.006601206405771776,-0.002853979451457378,-0.029189403129578517,10782.691796875,11095.393046875,10359.75099609375,0.9907810879349431,0.9628579234859941,1.031230105183343,10798.052346437493,10882.02482482751,-83.97247839001648,-97.03654684401985,13.064068454003376,54.65409924213856,0.013203420888725904,315924.25,0.3401828128103493,0.0194978680744019,0.3478272779568445,0.9718170191286669,1.071009626684911,-0.007151119328287825
2024-11-12,10683.334822638964,10784.855961626256,10556.25080692825,10606.8896484375,166347,ULTRACEMCO,-0.007151119328287825,-0.02544206567120144,-0.04597578684156989,10757.133740234374,11085.0140234375,10364.902856445313,0.9860330739186663,0.9568674993113151,1.023346749636125,10768.64270059134,10861.644441391212,-93.001740799873,-96.22958563519049,3.227844835317484,54.432643398701174,0.012963245966894788,315127.3,0.5278723868100289,0.021552515607785268,0.22151224707135425,0.9704213019027423,1.0694759205142375,-0.010080785677425319
2024-11-13,10520.511170338632,10588.8737958602,10468.60654853517,10499.9638671875,216900,ULTRACEMCO,-0.010080785677425319,-0.043656450542539194,-0.047702374791518065,10730.835595703125,11071.79728515625,10368.54498046875,0.9784852049538368,0.948352250023996,1.0126747665141351,10727.307495452287,10834.853287746493,-107.54579229420597,-98.49282696699359,-9.052965327212377,40.57403339970073,0.01301319561960212,312131.75,0.6948988688270258,0.01145406297071802,0.2607303264170075,0.9692044858958676,1.067825553731234,-0.004980392882676377
2024-11-14,10445.235362075897,10548.947609517729,10266.53867282166,10447.669921875,297442,ULTRACEMCO,-0.004980392882676377,-0.029165294138465137,-0.026213220104887802,10716.7736328125,11055.204296875,10373.197216796874,0.9748894844514061,0.9450453959343174,1.00717933955382,10684.28633028655,10806.17303842268,-121.88670813612953,-103.17160320082078,-18.715104935308744,40.41954132300475,0.011689438529669539,309337.35,0.961545704067097,0.027030805797642016,0.6413793103448253,0.9693872085061183,1.0657470465300496,-0.009097236281938592
2024-11-18,10353.792827893738,10485.015599953593,10303.446892474783,10352.625,424186,ULTRACEMCO,-0.009097236281938592,-0.037348235590468626,-0.03960498114829347,10695.42744140625,11037.44662109375,10376.602182617187,0.9679486917858818,0.9379547059566311,0.9976893030883122,10633.261510242466,10772.576887428408,-139.31537718594154,-110.40035799784495,-28.915019188096593,33.41713538184919,0.01172550872854198,314011.5,1.3508613538039211,0.017538422137265603,0.2708512287611899,0.9690128349944755,1.0636860146362366,0.013042057569939924
2024-11-19,10404.382591458274,10585.465327907032,10378.917668192067,10487.64453125,220357,ULTRACEMCO,0.013042057569939924,-0.018312957062935786,-0.00917729136357015,10690.570458984375,11024.52787109375,10380.784619140624,0.9810182320473052,0.9513010129666002,1.0102940111012748,10610.858898089778,10751.470786970747,-140.61188888096876,-116.44266417446973,-24.169224706499037,38.66664189350149,0.011537251897537019,296696.0,0.7427029686952301,0.01969438028715744,0.5264008471844985,0.9697077810483832,1.0620129668008098,0.017205886241883572
2024-11-21,10278.710666633624,10717.75876601121,10278.710666633624,10668.09375,256924,ULTRACEMCO,0.017205886241883572,0.005770221392990216,0.011981239473512817,10696.88564453125,11014.02029296875,10384.394428710937,0.9973083853106376,0.9685921640084878,1.0273197751911933,10619.66425992212,10745.2947101581,-125.63045023597988,-118.28022138677176,-7.350228849208122,42.19698220441162,0.012145841067307716,269847.85,0.9521069002402651,0.04115525319390687,0.8868802391318472,0.971206277090305,1.0606319288601955,0.03838036317406757
2024-11-22,10711.089311090444,11111.233940779171,10645.5026503865,11077.5390625,328426,ULTRACEMCO,0.03838036317406757,0.055007350750742035,0.05786730169417864,10727.183740234375,11010.7920703125,10391.554169921876,1.0326605128381972,1.0060619610070982,1.0660136954839434,10690.106537241794,10769.905402924167,-79.7988656823727,-110.58395024589196,30.78508456351925,58.215481281757796,0.014636320587047735,268683.3,1.2223536036664728,0.04204284794348223,0.9276516760324128,0.9742426949608108,1.0595904991943357,0.007221732461166752
2024-11-25,11150.28290816846,11384.000628514352,11137.866654275089,11157.5380859375,465057,ULTRACEMCO,0.007221732461166752,0.06794511784643964,0.03747415467513204,10747.3345703125,11010.20775390625,10398.127670898437,1.0381679301915576,1.0133812490485459,1.0730333805348868,10762.019083194979,10798.618934999227,-36.59985180424883,-95.78713055756333,59.1872787533145,58.25979211782754,0.013549526030042055,274866.15,1.6919398769182745,0.022059882058523286,0.07992164317506546,0.9761245936980174,1.0588644515993837,-0.029360755704063934
2024-11-26,11157.539083649248,11196.345586535172,10815.28847611358,10829.9443359375,243711,ULTRACEMCO,-0.029360755704063934,0.04610611665519615,0.011445896643727416,10753.462353515624,10998.7322265625,10404.249345703125,1.0071123122867374,0.9846538776335176,1.0409154929000413,10772.469122078444,10800.93933506873,-28.47021299028529,-82.32374704410772,53.85353405382243,52.86677201268783,0.015211061190685136,261069.4,0.9335103999166505,0.035185509602031206,0.03846105852140083,0.9777001687108504,1.0571384692068047,0.0016949713445513215
2024-11-27,10732.122834135924,10896.066651307454,10673.10948871324,10848.30078125,330284,ULTRACEMCO,0.0016949713445513215,0.0343886798341948,0.0042641625560095875,10755.765478515625,10987.473828125,10409.609682617187,1.0086033209741523,0.9873334809209052,1.0421428960362822,10784.13553118176,10804.447590341417,-20.3120591596562,-69.92140946721742,49.609350307561215,49.05245430680073,0.015092194025737174,266127.95,1.2410721985420923,0.02055226593454788,0.7857621190471072,0.9789115903042005,1.0555125660929225,-0.012755903952411884
2024-11-28,10881.508869449828,10897.0900527245,10670.772985259891,10709.9208984375,326140,ULTRACEMCO,-0.012755903952411884,0.003920770609791457,-0.010285953254675073,10750.200146484374,10974.9144140625,10415.160043945312,0.996253162964594,0.9758546166623902,1.028301135388077,10772.717895374952,10797.445613163349,-24.727717788397058,-60.88267113145335,36.15495334305629,42.97041613146573,0.015365900204761137,269096.9,1.211979773828684,0.02113153492082524,0.17297817445310737,0.9795247362211598,1.0537441928645725,0.018580994056784483
2024-11-29,10629.287959325611,10938.963962171743,10629.287959325611,10908.921875,367574,ULTRACEMCO,0.018580994056784483,-0.01522153851578889,-0.000263118422263231,10750.056591796874,10966.27658203125,10421.064536132813,1.0147780880822852,0.9947699014700004,1.0468145396447404,10793.672353778806,10805.703114040138,-12.030760261332034,-51.11228895742909,39.08152869609705,53.88447117493118,0.015835298206224705,275478.95,1.3343088464654014,0.0283874067845162,0.9029886497641528,0.9802831901405202,1.0523182678706222,0.03984938861682874
2024-12-02,10913.35204974358,11471.645078874575,10913.35204974358,11343.6357421875,633694,ULTRACEMCO,0.03984938861682874,0.01667909666242151,0.05267639961107862,10778.438623046875,10966.6203125,10428.282216796875,1.052437754567911,1.0343784519700905,1.0877760599839024,10878.282105841683,10845.549975384387,32.73213045729608,-34.34340507448405,67.07553553178013,62.67647229333533,0.017843926105374507,285979.3,2.2158736663807486,0.04921641013689091,0.7707129947756527,0.9828405028996372,1.0516228928706994,0.01749578572718069
2024-12-03,11369.150814637724,11622.58848992066,11320.65457360201,11542.1015625,501811,ULTRACEMCO,0.01749578572718069,0.06575816130460765,0.06339163022717176,10812.84140625,10970.999609375,10437.599956054688,1.0674438964607837,1.0520555987110765,1.1058194997983812,10980.40817609681,10897.146389244803,83.26178685200648,-10.822366689185948,94.08415354119242,67.51191587519554,0.01812575252837051,310118.25,1.6181279237839115,0.0261593536223615,0.7334286641196122,0.9855839751384322,1.0511036690011188,-0.007217970351748981
2024-12-04,11555.589492861744,11608.321487087867,11440.531817278024,11458.791015625,306770,ULTRACEMCO,-0.007217970351748981,0.05627519430786432,0.06952923239337316,10850.087744140625,10970.38609375,10446.75236328125,1.0561012303161412,1.0445203038162214,1.0968759110152657,11054.005536024224,10938.749694902595,115.25584112162869,14.39327487297698,100.86256624865172,67.32211682615076,0.017902006098193687,311607.55,0.9844755045248422,0.01464287720938867,0.10882194575904981,0.9890342647395144,1.0501240684434372,0.01410753309114976
2024-12-05,11437.562340686003,11687.786595887212,11415.99175970312,11620.4462890625,436371,ULTRACEMCO,0.01410753309114976,0.08501700425797165,0.06768322352780931,10886.920263671875,10969.81640625,10456.625434570313,1.067376816181735,1.0593109181336715,1.1112998511589136,11141.15026726088,10989.24573891444,151.9045283464402,41.89552556766962,110.00900277877058,72.2872600384296,0.01784257249727035,319705.0,1.3649176584663987,0.02338936297480355,0.7522384612962227,0.9924432515998266,1.0490780677658247,-0.007064679317847711
2024-12-06,11626.482618448536,11643.378081371338,11508.649935909609,11538.3515625,193324,ULTRACEMCO,-0.007064679317847711,0.057698615382191454,0.05092057722718657,10914.873828125,10971.5079296875,10466.627490234376,1.0571218453087792,1.051665061579976,1.1023944029025174,11202.25815883613,11029.920244365223,172.33791447090698,67.98400334831709,104.35391112258989,71.4403199909083,0.017944121066958398,315246.9,0.6132463158242,0.011676550565472473,0.22045598927084012,0.9948380749551068,1.0482371652114484,-0.0028442002858672932
2024-12-09,11547.99347142762,11578.765925615508,11411.268218365223,11505.5341796875,268177,ULTRACEMCO,-0.0028442002858672932,0.014272182321395599,0.06913522102468184,10952.073876953125,10971.4787109375,10476.778149414062,1.0505347488477998,1.0486767082925295,1.0981939309587245,11248.916008197879,11065.150906240948,183.76510195693118,91.14022307003991,92.62487888689127,73.23194218634451,0.017211583809041673,312343.05,0.8585976220697084,0.014558012225629116,0.5627895621366291,0.9982313383185961,1.0472187684484953,-0.0058400903709127094
2024-12-10,11437.561951375736,11498.0360364658,11388.870755329011,11438.3408203125,232758,ULTRACEMCO,-0.0058400903709127094,-0.008989761667373974,0.06360840584792693,10986.277001953125,10965.26181640625,10486.464575195312,1.0411480448089019,1.0431434298448239,1.0907718934528952,11278.058286984744,11092.794603579581,185.26368340516274,109.96491513706448,75.29876826809826,69.69558537492327,0.017315773394043246,316186.25,0.7361420681639382,0.00954380384810102,0.4531666521473998,1.0019165238275873,1.0456585952088642,0.013000325027335391
2024-12-11,11540.786336316029,11749.184638229084,11506.020635002526,11587.04296875,527029,ULTRACEMCO,0.013000325027335391,0.01119245066518082,0.08459529825627543,11031.464794921874,10964.213984375,10496.40126953125,1.0503630464454616,1.0568056210196726,1.1039062504579207,11325.594391871708,11129.405593592204,196.18879827950332,127.20969176555226,68.97910651395105,69.29164496963783,0.01728478250746523,337164.1,1.563123120166115,0.020985854965962118,0.33320036137086073,1.0061336645420011,1.0445688672556475,-0.003491996549216614
2024-12-12,11631.352231850437,11631.352231850437,11482.260178668976,11546.5810546875,247809,ULTRACEMCO,-0.003491996549216614,-0.006356488601003574,0.08859255044558956,11078.449365234375,10965.28421875,10506.203422851562,1.0422560661713347,1.0530124732146493,1.0990250797517456,11359.592339997214,11160.307479599263,199.28486039795098,141.624725492032,57.660134905918966,61.65179803896168,0.01717723683122177,341237.2,0.7262074592101916,0.012912225053920598,0.4314171992804943,1.010320311286676,1.0436961647725107,0.019140795109888975
2024-12-13,11491.122792674978,11801.285725680656,11422.955115091312,11767.591796875,408880,ULTRACEMCO,0.019140795109888975,0.01986767634295683,0.12072688494184747,11141.83076171875,10970.09005859375,10516.739125976563,1.0561632148736497,1.0726978296460294,1.118939212612853,11422.361487209182,11205.291503101169,217.06998410801316,156.71377721522825,60.35620689278491,64.16254845389619,0.017124078990405526,350836.2,1.1654441588410773,0.032150215364354646,0.9109405164092597,1.015655359455364,1.0431075571226638,-0.011701646155763856
2024-12-16,11734.577667894337,11827.431393771045,11560.263194653417,11629.8916015625,214946,ULTRACEMCO,-0.011701646155763856,0.010808487457674598,0.11315649216790447,11200.941845703124,10974.33009765625,10526.637392578124,1.038295864916389,1.059735901697203,1.1048059477912893,11454.289197109694,11236.743362246454,217.5458348632401,168.8801887448306,48.665646118409484,70.36667402620392,0.017411424595869755,346711.4,0.6199565402233673,0.02297254422231534,0.2606163725287812,1.0206492556748654,1.0425295076083625,-0.014029714815061434
2024-12-17,11618.352105435442,11660.713443672592,11377.37919921748,11466.7275390625,244639,ULTRACEMCO,-0.014029714815061434,0.0024817164653452295,0.10761546362033791,11256.64697265625,10980.6541015625,10535.754692382812,1.018662801357861,1.0442663463400448,1.088363185539311,11456.202788179357,11253.779227195791,202.42356098356504,175.58886319257752,26.83469779098752,64.66389938493359,0.017662450139992573,337734.05,0.724353970231903,0.024709250611380407,0.31534606774006024,1.0251344654463233,1.042227578580711,-0.0009341735927717032
2024-12-18,11466.776188675596,11544.68209908698,11393.739397664924,11456.015625,222900,ULTRACEMCO,-0.0009341735927717032,-0.011308091641964002,0.09233446946686152,11305.06552734375,10991.0467578125,10544.626264648437,1.0133524301377241,1.0423043298270929,1.0864316418123852,11456.17399384407,11268.759701107214,187.4142927368557,177.95394910143315,9.46034363542256,68.83123733391437,0.01761521305354328,337861.2,0.6597383777717003,0.013175846329387004,0.4125819052419334,1.0285704152161887,1.042336303057105,-0.007918277788007133
2024-12-19,11333.362477416971,11452.16899247496,11269.138601413104,11365.3037109375,162249,ULTRACEMCO,-0.007918277788007133,-0.015699655412405256,0.06535469009517292,11339.926025390625,10996.5196484375,10553.3872265625,1.0022379057403068,1.0335364346438831,1.076934207657181,11442.193950319983,11275.911109242792,166.28284107719082,175.6197274965847,-9.336886419393863,62.18503915451078,0.017562581682847075,333127.45,0.48704782508916633,0.016104311483178042,0.5254051470167933,1.0312286421460557,1.0419895918117787,-0.021249655548587043
2024-12-20,11359.508795379004,11440.482629185206,11099.3038225631,11123.794921875,299802,ULTRACEMCO,-0.021249655548587043,-0.05470931403067247,0.004175643986811695,11342.238818359376,10997.934609375,10560.838754882812,0.9807406721033958,1.0114439953473366,1.0533060091209048,11393.20948440537,11264.643243511844,128.5662408935259,166.20903017597294,-37.64278928244704,43.455204827025206,0.016313654757901943,331696.25,0.9038450087994664,0.030671080239997532,0.0717837651007026,1.0313062607856278,1.0413883655112237,0.00435967168494189
2024-12-23,11218.450646079116,11279.266135137388,11077.246189162322,11172.291015625,149350,ULTRACEMCO,0.00435967168494189,-0.0393469347449481,0.0013222387926323798,11342.97646484375,10998.7633203125,10569.240190429688,0.9849523227216621,1.015777018766467,1.0570571596756186,11359.222027669928,11257.802337742449,101.41968992747934,153.25116212627424,-51.8314721987949,37.91104601570122,0.01626252975798599,315910.9,0.47275988261247076,0.01808223091329529,0.470472487278105,1.031295622471988,1.0406389789752097,-0.007169226041058296
2024-12-24,11170.733611443624,11283.74568134373,11062.639161886458,11092.1943359375,108000,ULTRACEMCO,-0.007169226041058296,-0.032662605948307166,0.024215267582656352,11356.08896484375,10998.1605078125,10576.817841796876,0.9767618385411372,1.0085499596099006,1.0487269897098908,11318.140844326477,11245.535078349489,72.60576597698855,137.1220828964171,-64.51631691942856,37.99087242963178,0.014834472979548626,309125.35,0.3493728353239228,0.019933523770036207,0.13366939212641973,1.0325443929261622,1.0398364302305165,0.0061719922520824255
2024-12-26,11092.194692384752,11490.14821000117,11037.807007903912,11160.6552734375,144283,ULTRACEMCO,0.0061719922520824255,-0.02578211842850031,0.028792941722944,11371.706689453125,11001.28357421875,10583.561098632812,0.9814406560264723,1.0144866458666908,1.054527409954598,11293.912294958942,11239.247685393046,54.66460956589617,120.63058823031292,-65.96597866441675,33.95851248972761,0.014874462329659603,299825.3,0.48122356585651715,0.04052998601021545,0.2715831875672789,1.0336708996486967,1.0394689907955368,-0.004720562459973987
2024-12-27,11190.794234775823,11252.535049806482,11086.98498849388,11107.970703125,118410,ULTRACEMCO,-0.004720562459973987,-0.02264198250723848,0.03716645607957503,11391.6091796875,11001.08197265625,10590.801362304688,0.9751011053760289,1.0097162016185706,1.0488319366144518,11265.305896215259,11229.5234644843,35.782431730958706,103.66095693044208,-67.87852519948338,34.669996730230054,0.014573924692378346,289438.8,0.4091020277861849,0.014903717856046219,0.12676355698530362,1.0354989816457987,1.0387393357986916,-0.010362508903639545
2024-12-30,11120.533137250264,11206.424592434963,10945.488297329575,10992.8642578125,164726,ULTRACEMCO,-0.010362508903639545,-0.011770323435667085,0.0076948376543855,11395.806298828125,11000.42072265625,10598.143994140624,0.9646411995387232,0.9993130749237448,1.0372442820073122,11223.391797999451,11211.993152878982,11.398645120469155,85.20849456844749,-73.80984944797834,32.75011599067868,0.01426687563460884,279296.4,0.5897891988582739,0.0237368795780357,0.1815614054909084,1.035942768566801,1.0379572808916384,0.012225082446505331
2024-12-31,10974.995935244931,11164.891605819266,10901.033815916117,11127.2529296875,241737,ULTRACEMCO,0.012225082446505331,-0.00403123100485947,-0.019075261002542865,11384.987158203125,11008.38759765625,10607.113579101562,0.9773619218946662,1.010797705928937,1.0490368418049876,11208.601202874535,11205.716099309242,2.8851035652933206,68.74381636781665,-65.85871280252333,39.9856144238036,0.011279046912869174,259698.55,0.9308369261206888,0.023712752066521056,0.8573524164453067,1.0342102380758336,1.037830651624707,0.0018072182889226074
2025-01-01,11112.304643905743,11219.328272081124,11009.079309381688,11147.3623046875,107951,ULTRACEMCO,0.0018072182889226074,0.004973584764131012,-0.034199946662659575,11365.2501953125,11015.7438671875,10616.028334960938,0.9808285882949708,1.0119482114950085,1.0500501649921903,11199.179833922684,11201.393596003929,-2.2137620812445675,54.55230067800441,-56.766062759248975,34.56840985383222,0.01044703522594759,240005.55,0.4497854320452173,0.018860871025159497,0.6577107136718486,1.0317278916738497,1.0376520785000367,0.030636889559863878
2025-01-02,11198.975237245408,11519.50976541402,11155.201661226796,11488.8828125,267609,ULTRACEMCO,0.030636889559863878,0.029409343001901123,0.00262608828749622,11366.75478515625,11033.82583984375,10626.530888671876,1.0107443179387696,1.0412419934174613,1.0811508414987445,11243.74952293458,11222.689093522156,21.060429412424128,47.85392642488836,-26.79349701246423,48.328237375975256,0.012599567813563238,238047.5,1.1241831987313455,0.03170961964995016,0.9159311786863761,1.0301734819948196,1.0383281200082013,-0.0009917025766076337
2025-01-03,11490.148969364474,11551.15942120532,11406.40010832834,11477.4892578125,237651,ULTRACEMCO,-0.0009917025766076337,0.033266072135349045,-0.01230219801321708,11359.60693359375,11052.53982421875,10637.37533203125,1.0103773242250256,1.0384481250782363,1.0789775578616183,11279.709482146567,11241.563179765886,38.146302380680936,45.91240161604688,-7.766099235365942,40.43231328251866,0.012167730807269425,228111.5,1.0418194610968758,0.012612454660190215,0.4910851541867497,1.0277824929164374,1.039028846799958,-0.02396070977590392
2025-01-06,11493.021405960744,11544.439118750704,11150.478842007851,11202.48046875,139820,ULTRACEMCO,-0.02396070977590392,0.019068388913155987,-0.02910910557116253,11342.81337890625,11067.157890625,10646.9509765625,0.9876280332340457,1.0122274010601793,1.0521773316520764,11267.828095470171,11238.668164135079,29.15993133509255,42.56190755985601,-13.401976224763459,37.07448659012204,0.013187725659821915,225436.3,0.6202195476061308,0.035167236206466,0.13199713222887047,1.0249075228713198,1.03946734750517,0.009992555359705113
2025-01-07,11213.53409586589,11330.587922899824,11184.514332840825,11314.421875,197212,ULTRACEMCO,0.009992555359705113,0.01682076847674896,-0.01661046777166597,11333.257763671874,11078.3558984375,10656.585830078126,0.9983379987409929,1.0213087554440994,1.0617304693464897,11274.996369243992,11244.279550125073,30.716819118919375,40.19288987166868,-9.476070752749308,45.246804352821634,0.013423678727574337,221888.05,0.888790540995786,0.01291038920704898,0.8893294270833331,1.0230089976862295,1.0395783485522099,-0.01850488452928578
2025-01-08,11314.42195186104,11325.523925180914,11072.378201689013,11105.0498046875,159583,ULTRACEMCO,-0.01850488452928578,-0.0037957409872834136,-0.02913805602235009,11316.593212890624,11086.30912109375,10665.483603515626,0.9813067939950199,1.0016904348768423,1.0412139024832388,11248.850743927609,11233.966235648217,14.884508279392321,35.13121355321341,-20.246705273821092,40.25527936534277,0.013964182863202617,218229.3,0.7312629422355293,0.02279555048776526,0.12906243308326115,1.0207719349407927,1.0394567685087817,-0.01260573407139609
2025-01-09,11105.049689978176,11133.193581963324,10890.273012354255,10965.0625,196555,ULTRACEMCO,-0.01260573407139609,-0.04559366833562606,-0.053678964549235486,11285.494189453126,11089.56560546875,10673.786000976563,0.971606764925493,0.9887729501859521,1.0272889581069724,11205.191014092594,11214.047440415015,-8.856426322421612,26.33368557808641,-35.19011190050802,39.183109639230246,0.013748018205421243,201705.6,0.9744647644884425,0.02215405243782865,0.3078763060950476,1.0176678321725925,1.0389533389983785,-0.035044990196134274
2025-01-10,10909.99298269858,10991.79419311044,10553.865380026957,10580.7919921875,228618,ULTRACEMCO,-0.035044990196134274,-0.0781266046504584,-0.08364285998823207,11237.204736328125,11084.75689453125,10680.932309570313,0.9415857626925186,0.9545353220518182,0.9906243842316007,11109.129626107195,11167.1396294352,-58.01000332800504,9.464947796868119,-67.47495112487316,36.37613229020931,0.01554133972907476,200746.05,1.1388418352440808,0.04138903906312825,0.061486276664354224,1.0137529260449623,1.0378079902818131,-0.02301386162702146
2025-01-13,10419.91568654545,10546.5127930175,10316.10643963833,10337.287109375,225902,ULTRACEMCO,-0.02301386162702146,-0.07723230241628265,-0.12154608285102408,11165.689501953126,11073.26677734375,10686.709594726562,0.9258082187908575,0.9335354522953798,0.9673030803116436,10990.384623533011,11105.669072393703,-115.28444886069155,-15.484931534643817,-99.79951732604773,30.91721219057345,0.015053983477496334,191597.15,1.1790467655703647,0.022288860795035132,0.09192745523737325,1.0083464732194907,1.036171768231443,-0.012378580196727884
2025-01-14,10293.318482100274,10452.051775627458,10188.14550233993,10209.326171875,344404,ULTRACEMCO,-0.012378580196727884,-0.09767142460604072,-0.1221477790469383,11094.66123046875,11061.9333984375,10691.284619140624,0.920201704206849,0.9229242126260739,0.9549204361838077,10870.221784816393,11039.273301984911,-169.05151716851833,-46.19824866141872,-122.85326850709961,30.255306379448996,0.015067402491627246,198070.05,1.7387989754129916,0.02584952903302729,0.08025830258302788,1.002958599627428,1.0346683109187182,0.0036151458483788534
2025-01-15,10264.103662741538,10364.797432015064,10192.771063757116,10246.234375,371459,ULTRACEMCO,0.0036151458483788534,-0.07733557658831836,-0.10643779229119854,11033.636572265625,11049.77716796875,10695.652109375,0.9286362032944918,0.9272797287443885,0.9579812684837539,10774.223721767718,10980.529677763807,-206.30595599608932,-78.21979012835284,-128.0861658677365,29.25690401261467,0.01511270702717502,204411.05,1.8172158501216056,0.016789228311786298,0.31078556028525356,0.9985392831495359,1.03310925364554,0.010887002694587533
2025-01-16,10312.79430534118,10524.6979892323,10273.8413523465,10357.78515625,375910,ULTRACEMCO,0.010887002694587533,-0.055382935003790434,-0.09586495904853487,10978.725048828124,11042.6555859375,10700.969672851563,0.9434415298847106,0.9379795535269919,0.9679295870287135,10710.156250149606,10934.400453947968,-224.24420379836192,-107.42467286235467,-116.81953093600725,33.4251485326254,0.01552627515275142,212061.55,1.7726457247907508,0.02421913885078313,0.3346285948245184,0.9942105830783322,1.0319303692592268,-0.005283710584542911
2025-01-17,10357.786714578982,10443.23976806747,10225.248701474347,10303.0576171875,297759,ULTRACEMCO,-0.005283710584542911,-0.02624892117764621,-0.09346394260698354,10925.612744140624,11031.0408203125,10705.9034765625,0.943018744894926,0.9340059369751859,0.9623716148518511,10647.525691232358,10887.634317891638,-240.10862665927925,-133.9614636217396,-106.14716303753966,34.341398922105355,0.015510588372448201,218837.05,1.3606425420192787,0.021157900372164338,0.35693625857788985,0.990442599398441,1.0303699117465233,0.004201289987963319
2025-01-20,10310.263763918803,10373.951277766602,10209.813446045047,10346.34375,332061,ULTRACEMCO,0.004201289987963319,0.0008761138709967309,-0.06989082209221043,10886.740185546874,11018.38208984375,10710.445263671874,0.9503619608499246,0.9390075299291714,0.9660050068219994,10601.19000796584,10847.538720270035,-246.34871230419412,-156.4389133582305,-89.90979894596362,31.508556718815257,0.01512751268677006,220450.0,1.5062871399410298,0.015864331950265514,0.831802775283178,0.9880525195783311,1.0287510760375527,0.004080170229217472
2025-01-21,10398.004875946865,10680.949224890534,10363.482627881996,10388.55859375,593842,ULTRACEMCO,0.004080170229217472,0.01755575430323253,-0.07014966051089355,10847.553564453125,11010.92259765625,10714.204633789062,0.9576867753659012,0.9434775788871022,0.9696061395904197,10568.477482701865,10813.540192379662,-245.0627096777971,-174.16367262214385,-70.89903705565325,32.21815635362529,0.015119990070409506,242674.6,2.447071098499802,0.03055925363885731,0.0789877300613432,0.9851630023048296,1.0276938862014486,0.002432626638906754
2025-01-22,10419.916477936878,10515.156271993168,10329.107392743645,10413.830078125,249552,ULTRACEMCO,0.002432626638906754,0.016356809437613418,-0.06115690342844726,10813.6353515625,11004.1136328125,10717.684970703125,0.9630276719678983,0.9463579190124529,0.9716492047108387,10544.685574305424,10783.932035768206,-239.24646146278246,-187.1802303902716,-52.066231072510874,20.42330640897231,0.01515046185188293,249752.2,0.9991984054594915,0.017865557422559884,0.45537863879162505,0.9826902658763879,1.0267248629617618,0.0679975790907561
2025-01-23,10410.177072222818,11268.554304547282,10410.12857122975,11121.9453125,1510866,ULTRACEMCO,0.0679975790907561,0.07377640535331031,-0.0034684308393280183,10811.699853515625,11012.886796875,10724.881357421875,1.028695345152732,1.0099028091032358,1.037022689747831,10633.494764796897,10808.970056266857,-175.4752914699602,-184.83924260620933,9.363951136249113,42.92905810502323,0.021922899416125362,318081.35,4.749935826165225,0.07718305648857522,0.8292117927538274,0.9817316797066812,1.0268539510932508,-0.011824876072011326
2025-01-24,10956.492306201331,11305.80311681144,10928.641324059518,10990.4296875,545939,ULTRACEMCO,-0.011824876072011326,0.06671534760378606,-0.010581682178179674,10805.822802734376,11020.55759765625,10731.404677734376,1.0170840192492245,0.9972662081850869,1.0241371020424803,10688.407829828142,10822.411510432274,-134.00368060413166,-174.67213020579382,40.66844960166216,45.52753795846134,0.02206138996518489,339457.8,1.608267655066403,0.034317292724313414,0.16382455653752762,0.9805150698574868,1.0269445546603804,-0.0041068223418812
2025-01-27,10965.257335666069,11062.639727634682,10858.13670450059,10945.2939453125,414994,ULTRACEMCO,-0.0041068223418812,0.05789003437204565,-0.004327381052321444,10803.444287109374,11029.46419921875,10738.580849609374,1.0131300402384062,0.9923685999259863,1.0192495729741278,10727.92877067189,10831.513913015995,-103.5851423441054,-160.45473263345616,56.869590289350754,41.98878985449192,0.02195537915204979,351971.2,1.1790566955478174,0.018684105164820476,0.42619047619047407,0.9795076253907796,1.0270876900479784,0.005058002864209099
2025-01-28,10921.435079276682,11112.88847833154,10776.335317634932,11000.6552734375,436707,ULTRACEMCO,0.005058002864209099,0.058920270234193106,-0.011377260591627025,10797.114404296875,11040.52390625,10745.8394921875,1.0188514135832092,0.9963888821625638,1.0237129710931618,10769.88669417429,10844.042902676847,-74.15620850255618,-143.19502780727618,69.03881930472,47.57200625418482,0.021803442088159975,361719.7,1.2073077579131022,0.030593919392171095,0.666521613816561,0.9779530841090492,1.027423117037691,0.021998245665585836
2025-01-29,11000.655153216136,11271.963060404038,10966.084405014872,11242.650390625,377755,ULTRACEMCO,0.021998245665585836,0.07958842292241708,0.008548038839415018,10801.87880859375,11058.3244140625,10754.766005859376,1.0408050849154669,1.0166685267731972,1.0453644816167844,10842.619570551322,10873.5693832656,-30.94981271427787,-120.74598478867651,89.79617207439864,56.163638587218145,0.02236872015868585,375209.9,1.0067831365856816,0.027206988099908493,0.9041689596100014,0.9768097230767949,1.0282254777126476,-0.005669068177700076
2025-01-30,11242.651055830134,11308.53062648906,11150.284234514507,11178.9150390625,274820,ULTRACEMCO,-0.005669068177700076,0.005122280766699294,-0.026979801125680547,10786.380419921876,11072.14982421875,10763.138115234375,1.036391690618999,1.0096426815513475,1.0386297118346577,10894.357334937657,10896.187579991296,-1.8302450536393735,-96.96283684166909,95.13259178802971,65.48512009805657,0.021253248477374413,375570.45,0.7317402101256901,0.01415579163287248,0.18092548076923423,0.974190251321221,1.0287101870919033,0.0007012189608839314
2025-01-31,11187.922685167176,11295.383775551938,11093.948675826648,11186.75390625,361656,ULTRACEMCO,0.0007012189608839314,0.017863197739510506,-0.02533091907401286,10771.84365234375,11082.52302734375,10772.349541015625,1.038518035286928,1.0094049774269886,1.0384692646350302,10939.341422831863,10917.711011566014,21.630411265849034,-73.24418722016547,94.8745984860145,75.04889674206018,0.021257308598883914,381770.7,0.947312090739284,0.018006572899824717,0.46072025456296445,0.9719667286741959,1.0287934851303462,-0.019873881253952286
2025-02-01,11242.69986548891,11478.462250062232,10515.59387390638,10964.4296875,513602,ULTRACEMCO,-0.019873881253952286,0.0017483077460604957,-0.02124982783179641,10759.94111328125,11080.26083984375,10781.157495117188,1.0190046183399968,0.9895461709775613,1.016999305730003,10943.20115585773,10921.171654227792,22.02950162993875,-54.18944945014463,76.21895108008337,71.09250711970932,0.02104427472042545,400459.8,1.282530730924802,0.08781746097141464,0.4661445164348926,0.9710909579483313,1.0277431569719695,-0.007505003751477557
2025-02-03,10829.165201114374,10987.460085525228,10664.73541634645,10882.1416015625,450593,ULTRACEMCO,-0.007505003751477557,-0.010773328399915072,-0.03820613003591933,10738.327099609374,11074.75291015625,10789.759487304687,1.0133926356143832,0.9826080716963794,1.008562017936221,10933.807378273848,10918.280539215548,15.526839058300538,-40.246191748455594,55.77303080675613,67.3237703980347,0.020932458922438717,413128.85,1.0906839355324616,0.029656356349235576,0.6736584029019937,0.9696222738984676,1.0264133248926344,0.03082871314841462
2025-02-04,10906.92474553248,11245.5720087304,10821.277693828431,11217.6240234375,314752,ULTRACEMCO,0.03082871314841462,-0.0022260202281455532,0.010137209713591888,10743.955810546875,11082.50650390625,10800.4312109375,1.0440869472327543,1.0121919639283428,1.0386274218456677,10977.471477529794,10940.454130639397,37.017346890397675,-24.793484020684943,61.81083091108262,70.87705071572023,0.021744153968009067,420887.3,0.7478296446578455,0.03782390228228996,0.93413066281749,0.9694517938482557,1.0261170399088413,0.0057773033801180596
2025-02-05,11217.574398904777,11328.346866471333,11133.728542315896,11282.431640625,236897,ULTRACEMCO,0.0057773033801180596,0.009259986429879907,0.028943669096733293,10759.824267578126,11091.18912109375,10811.51796875,1.0485702517114162,1.0172427426350106,1.0435566655150688,11024.388425698287,10965.785798045737,58.60262765254993,-8.114261686037969,66.71688933858789,73.66355566231265,0.0215385687217794,422904.4,0.560166789468258,0.017249679001348345,0.7640755255416684,0.9701235954145423,1.0258678895185784,-0.009352119454246965
2025-02-06,11274.15387601764,11315.394936431912,11031.184820925606,11176.9169921875,308664,ULTRACEMCO,-0.009352119454246965,-0.0008793358774974447,0.056340300465235416,10789.630517578125,11100.52904296875,10821.102783203125,1.035894322236375,1.0068814692455703,1.0328815108878442,11047.854359004321,10981.425145759942,66.42921324437884,6.7944333000453945,59.634779944333445,69.48238445013857,0.019942185320258182,426906.7,0.7230244922368283,0.02542831048176927,0.5127620844961107,0.9719924587209154,1.0258223459626832,0.01422373801054655
2025-02-07,11200.046092151057,11425.876243354222,11174.678168813212,11335.89453125,310549,ULTRACEMCO,0.01422373801054655,0.033879084853222,0.09660246555107799,10839.560888671875,11109.06849609375,10831.635922851563,1.0457890912441694,1.0204180967320535,1.0465542427745933,11092.168231657502,11007.682137277725,84.48609437977757,22.33276551599183,62.15332886378574,71.06723467244402,0.019113746792293166,431139.05,0.7202989383587499,0.02215952820031308,0.6417898016589629,0.9757398554598307,1.025613173782631,-0.009303705148434371
2025-02-10,11218.450867658985,11309.698353544689,11189.236151857787,11230.4287109375,262455,ULTRACEMCO,-0.009303705148434371,0.032005382959269024,0.10001664378942743,10890.616015625,11106.80435546875,10841.035234375,1.0312023392271807,1.0111305062655471,1.0359184771697634,11113.439074623657,11024.181883474746,89.25719114891035,35.717650642575535,53.539540506334816,67.53443047286096,0.01898027855119809,427041.6,0.6145888363100925,0.010726411679153574,0.3419542271589727,0.9805355048198627,1.024515105370292,-0.020126071753821084
2025-02-11,11196.052637514633,11214.165380456245,10946.023367732783,11004.404296875,301338,ULTRACEMCO,-0.020126071753821084,-0.01900756578371765,0.07399498138797944,10928.52451171875,11096.05041015625,10849.183891601562,1.0069432781227587,0.9917406545668389,1.0143071042784697,11096.664493431557,11022.71687705995,73.94761637160809,43.36364378838205,30.583972583226043,46.81713703642197,0.01979278612466902,423535.55,0.711482188449116,0.02436679037679556,0.21772391632797117,0.9849022046363305,1.022754386046105,0.015778483579461655
2025-02-12,11004.20955141678,11295.382883794977,10784.709274300963,11178.037109375,347198,ULTRACEMCO,0.015778483579461655,-0.009252839686978764,0.07919182921360868,10969.537109375,11090.43533203125,10858.1176953125,1.0190071830671694,1.0078988583153936,1.0294636163504298,11109.183357422857,11034.222079453657,74.96127796919973,49.68317062454558,25.278107344654146,54.96688056838219,0.01991536798755952,422099.95,0.8225492564024232,0.04568544588796474,0.7702137485893473,0.9890988749281038,1.021395755989921,0.0059198117122460925
2025-02-13,11198.97467472797,11344.951255453292,11123.2113666937,11244.208984375,336128,ULTRACEMCO,0.0059198117122460925,0.006020621986772889,0.09134680229463887,11016.594677734374,11082.9105859375,10866.106669921875,1.0206610403031944,1.0145537940766358,1.034796484696744,11129.95653080011,11049.776665003386,80.17986579672288,55.78250965898104,24.397356137741838,57.826557658565726,0.019797663645819658,424018.4,0.7927203159108189,0.019720363528259083,0.5456736645722959,0.9940163815552866,1.0199523088260998,-0.024475098727035682
2025-02-14,11285.645078081829,11285.645078081829,10889.298754259296,10969.005859375,279199,ULTRACEMCO,-0.024475098727035682,-0.03236521571928774,0.06018185017050115,11047.727783203125,11071.523671875,10872.683813476562,0.9928743787525419,0.9907404061502008,1.0088590864547213,11105.194889042401,11043.793642364246,61.401246678155076,56.906257062815854,4.494989615339222,49.256868276124266,0.02083632448364904,421375.3,0.6625898575450436,0.036133294931534984,0.2011046913390654,0.9978507123881852,1.0182880199414959,0.02008642604668598
2025-02-17,10925.330696722433,11208.616459034924,10754.327594606631,11189.333984375,166053,ULTRACEMCO,0.02008642604668598,-0.0036592304372563556,0.07708243481504407,11087.766552734374,11065.19966796875,10880.3064453125,1.0091603147629022,1.0112184434200127,1.0284024664760831,11118.139365247416,11054.574408439117,63.56495680829903,58.2379970119125,5.326959796386532,48.73525631700043,0.02117939505404746,399985.85,0.4151471858316988,0.040600170221272304,0.9575545953912168,1.002039446683547,1.016993383742046,-0.015770110311874475
2025-02-18,11150.283118402487,11160.605270845785,10956.492171628506,11012.876953125,268795,ULTRACEMCO,-0.015770110311874475,0.0007699332032362616,0.05752416454905873,11117.718896484375,11056.690390625,10887.855869140625,0.9905698332242842,0.9960373822588765,1.0114826174672942,11101.945147997812,11051.485708045479,50.45943995233392,56.68228559999679,-6.222845647662865,46.26127348427242,0.021633296905346874,400948.0,0.6703986551872063,0.018534039750563048,0.27624283650934234,1.0055195997810629,1.0155066822626577,-0.00153415931953238
2025-02-19,10994.472208415673,11160.022277098637,10937.01659634335,10995.9814453125,157580,ULTRACEMCO,-0.00153415931953238,-0.016286908182637005,-0.011325704600069209,11111.420703125,11044.86916015625,10895.511528320312,0.9896107562752948,0.9955737171590852,1.0092212207504934,11085.64303989238,11047.37428117637,38.26875871601078,52.999580223199594,-14.730821507188814,45.7217718322111,0.01530162309418393,333283.7,0.4728104014687787,0.020280652697022512,0.26440962745632707,1.0060255619151046,1.0137081798727592,-0.00034982595292931684
2025-02-20,10995.543149427676,11033.42528123454,10950.845201015403,10992.134765625,142187,ULTRACEMCO,-0.00034982595292931684,-0.022418137113983105,0.0001551420802901049,11111.50595703125,11033.780234375,10903.60537109375,0.9892569745390172,0.9962256390950893,1.008119277204029,11071.257151543552,11043.282465209602,27.97468633394965,47.9946014453496,-20.019915111399953,50.688805562110986,0.015066320063284094,313096.1,0.4541321338719965,0.007512651725976325,0.49999424195313763,1.0070443421026367,1.0119386990679573,-0.01154802981464198
2025-02-21,10970.126796232553,10994.472394981402,10702.325209995182,10865.197265625,320240,ULTRACEMCO,-0.01154802981464198,-0.009463810584190435,-0.00731791033550111,11107.501123046875,11015.73234375,10911.853515625,0.9781855653456455,0.9863345374208907,0.9957242598671994,11039.555630633005,11030.090968944078,9.464661688927663,40.28861349406522,-30.823951805137554,49.58787848270115,0.015266620673577902,308358.4,1.0385317863888255,0.026888346142642624,0.5575000000000015,1.0083307016213898,1.0095198151236409,-0.010271381476945507
2025-02-24,10720.48666767265,10877.612770760812,10687.765614610986,10753.5966796875,175294,ULTRACEMCO,-0.010271381476945507,-0.038942202037759555,-0.022458534297184585,11095.148193359375,10998.2064453125,10919.898461914063,0.9692161377460196,0.9777591221949417,0.9847707574565292,10995.56194587216,11009.609910480627,-14.047964608467737,29.421297873558625,-43.469262482026366,37.3345530613681,0.015370205240705554,295287.75,0.5936379006579175,0.0176542938892649,0.3467582365287619,1.0088143233652602,1.0071711274304938,-0.007108813430244942
2025-02-25,10753.596541000592,10764.892517495316,10557.224577168668,10677.1513671875,296499,ULTRACEMCO,-0.007108813430244942,-0.030484821302051768,-0.05029944041567436,11066.8732421875,10982.414921875,10927.340458984376,0.9647848252644334,0.9722043323932816,0.977104301569448,10946.575702997596,10984.983351718172,-38.40764872057662,15.855508554731578,-54.263157275308195,33.58340241928862,0.014424588220983034,291224.95,1.0181098837857128,0.019449751453823442,0.577493039273152,1.0076903232042593,1.0050400610374817,-0.047108023000707044
2025-02-27,10517.29835337902,10517.29835337902,9995.71864136512,10174.171875,1722295,ULTRACEMCO,-0.047108023000707044,-0.07473726419053128,-0.08987841490445403,11016.636083984375,10956.778046875,10931.978100585937,0.9235279986956162,0.9285733298122062,0.9306798624536835,10827.744344844119,10924.92324233164,-97.17889748752168,-6.751372653719075,-90.42752483380261,27.626943077434618,0.017545512080684174,363598.7,4.73680186425309,0.05126507773035823,0.34213990599029404,1.0054631057463508,1.0022685689690263,-0.03055233687631209
2025-02-28,10215.41299921622,10215.41299921622,9784.83636928303,9863.3271484375,1230856,ULTRACEMCO,-0.03055233687631209,-0.10269230147337238,-0.11830301881165961,10950.46474609375,10926.738515625,10934.533178710937,0.9007222412140952,0.9026780621072935,0.9020345896101876,10679.37246847387,10846.286494635777,-166.9140261619068,-38.78390335535663,-128.13012280655016,19.22962492567119,0.018422996168461735,407058.7,3.023780108372576,0.04365429874252926,0.18229224184008572,1.0021713918050499,0.9992871517276007,0.020965645011354894
2025-03-03,10049.132448864992,10343.762684558764,10013.97778588448,10070.1181640625,835344,ULTRACEMCO,0.020965645011354894,-0.07317668350835638,-0.08156480080829553,10905.749169921875,10905.66498046875,10938.3475390625,0.9233770195115022,0.923384147789002,0.9206251792695906,10585.641037025967,10788.792544222943,-203.15150719697522,-71.65742412368036,-131.49408307329486,26.739435665684425,0.01906946231489004,423145.8,1.974128066496229,0.03274886086751147,0.17023331997220104,1.0000077197908863,0.9970121118864584,0.002833355686363559
2025-03-04,9981.694525897115,10181.133461443847,9971.956287335264,10098.650390625,352922,ULTRACEMCO,0.002833355686363559,-0.060904858957527175,-0.07199788788127914,10866.574609375,10884.19216796875,10941.8447265625,0.9293315284388253,0.9278272778336704,0.9229385577104238,10510.719399118127,10737.670903215689,-226.95150409756206,-102.71624011845671,-124.23526397910535,30.281114012924647,0.01911155869713206,418262.25,0.843781622654208,0.02071337911675515,0.6056784342251859,0.9983813627762291,0.9947310019439599,0.009074348386203468
2025-03-05,10115.986483166109,10231.77358356978,10025.761311189255,10190.2890625,310832,ULTRACEMCO,0.009074348386203468,-0.04559852042406198,-0.09158222443460773,10815.207861328125,10866.1540625,10944.922783203125,0.9422185124094893,0.9378009002897846,0.9310517090297575,10461.4224242538,10697.124100199711,-235.70167594591112,-129.31332728394761,-106.3883486619635,27.699900874141903,0.017611912768876352,418066.25,0.7434993855638908,0.020216528806689605,0.7986308262589603,0.995311478110945,0.9928031725519335,0.0027998469744097143
2025-03-06,10263.908165418989,10264.103120384048,10047.135362270772,10218.8203125,365920,ULTRACEMCO,0.0027998469744097143,0.004388409990370823,-0.09427146221699423,10762.027294921874,10847.31736328125,10948.63212890625,0.9495255895998155,0.9420596789295806,0.9333421921739956,10424.099022445522,10661.694189999733,-237.595167554211,-150.9696953380003,-86.62547221621071,26.449840307184374,0.017531604138266814,424517.4,0.8619670242020704,0.021232172743841506,0.7912924561795638,0.9921372201528751,0.9907463540255853,0.008471940942302414
2025-03-07,10226.123915481725,10331.88080174414,10173.245472350513,10305.3935546875,302339,ULTRACEMCO,0.008471940942302414,0.04481919737601214,-0.07797529838587702,10718.451123046874,10831.2658203125,10952.263920898438,0.9614629423955467,0.9514486788202723,0.9409372919715147,10405.836642790442,10635.301550346974,-229.46490755653213,-166.66873778170668,-62.796169774825444,33.312918718564646,0.017739339475412473,424201.15,0.7127255548458555,0.015393427582537247,0.8330305918745453,0.9895843478373454,0.9889522292870374,-0.005887106105220474
2025-03-10,10311.821457659826,10366.93951096498,10202.753178950044,10244.724609375,165649,ULTRACEMCO,-0.005887106105220474,0.017339066182522345,-0.0962579458433509,10663.892626953126,10816.30302734375,10954.257866210937,0.9606927758707291,0.9471558427566431,0.9352276287903962,10381.050176111143,10606.369925089792,-225.31974897864893,-178.39894002109514,-46.92080895755379,24.173249202192423,0.017220348569322908,416956.15,0.39728158464625113,0.01602642709055227,0.2556329135919649,0.9859091965151744,0.9874062815982526,-0.007685262556052619
2025-03-11,10138.480685592383,10233.477017424826,10085.163826737697,10165.9912109375,180753,ULTRACEMCO,-0.007685262556052619,0.006668299001123534,-0.09478155530815369,10610.670751953125,10797.07779296875,10955.56505859375,0.9580912883444459,0.9415502421921768,0.9279294273336551,10347.964181469044,10573.74927959703,-225.7850981279862,-187.87617164247337,-37.908926485512836,25.537935746148378,0.01720238471020311,412871.05,0.4377952874147994,0.01458915196853216,0.5449777179314474,0.9827354174351678,0.9855336292763212,0.007773505700061634
2025-03-12,10205.673738430449,10273.646451564684,10090.762526490103,10245.0166015625,299765,ULTRACEMCO,0.007773505700061634,0.005370558060408204,-0.06900761502629893,10572.7013671875,10779.03087890625,10957.294482421876,0.9690065240429496,0.9504580436457627,0.9349950955500885,10332.126092252653,10549.398710853731,-217.27261860107865,-193.7554610341944,-23.517157566884237,29.060159548280566,0.017026544184272158,412792.4,0.7261882728461085,0.017851013052208063,0.8434534364323784,0.9808582502419099,0.9837310566215407,-0.0064921998566948025
2025-03-13,10244.626926221275,10244.626926221275,10108.388588884229,10178.50390625,219474,ULTRACEMCO,-0.0064921998566948025,-0.003945309244814066,-0.0894193849371544,10522.72470703125,10752.82330078125,10958.916904296875,0.9672878640879731,0.9465889675235784,0.9287873970701536,10308.491909790706,10521.925021623825,-213.43311183311926,-197.6909911939794,-15.74212063913987,28.078873725632178,0.016421748134075573,406406.2,0.5400360525995912,0.013384907899223874,0.5146518868056174,0.9786010997006449,0.9811939806355483,0.009089218738786542
2025-03-17,10270.434640697467,10300.47673018469,10174.512978334722,10271.0185546875,212061,ULTRACEMCO,0.009089218738786542,-0.0033356319501610665,-0.08655036837538765,10474.065185546875,10728.69388671875,10961.754584960938,0.9806143434032129,0.9573410019091128,0.9369867273601347,10302.726778236367,10503.33935740632,-200.61257916995237,-198.275308789174,-2.3372703807783637,33.68888078687259,0.016542873044482945,400202.85,0.529883782686705,0.012263998081522315,0.7661376779863106,0.9762665703896087,0.9787387414637125,0.0
2025-03-19,10429.654353191523,10658.59998011511,10419.916113832804,10647.060546875,269175,ULTRACEMCO,0.036611947508933484,0.047321439292601575,-0.048463424030173785,10412.0521484375,10696.717421875,10970.580532226562,1.0225708049755367,0.9953577463962494,0.9705102219156764,10351.573506440684,10498.051160006275,-146.47765356559103,-186.3168193875811,39.839165821990065,49.25124403860202,0.017491471599201842,391399.0,0.6877253135547101,0.022417818066448606,0.9516539034671839,0.9733876046070588,0.9750365890349123,0.0013627954458528269
2025-03-20,10645.015306508512,10945.780432018608,10532.87910611328,10661.5703125,549251,ULTRACEMCO,0.0013627954458528269,0.04065915431254363,-0.03189962460493245,10394.48681640625,10687.84783203125,10973.20900390625,1.025694726522929,0.9975413647401962,0.9716000404899504,10399.265322757501,10510.163689820625,-110.89836706312417,-171.23312892268973,60.33476185956556,66.02316651898653,0.01721619976884795,405421.8,1.3547643466631543,0.038728002892897316,0.31167544958726334,0.9725519093988405,0.9739947382963893,0.0026123321127795585
2025-03-21,10730.565936240237,10774.38801330084,10600.706894950616,10689.421875,656565,ULTRACEMCO,0.0026123321127795585,0.05019578254877688,-0.027879236777284988,10379.158837890625,10682.33501953125,10978.647431640626,1.0298928884272118,1.0006634181998404,0.9736556293986568,10443.90479233327,10523.442073907985,-79.53728157471596,-152.893959453095,73.35667787837903,83.36611090731954,0.01724043423867916,430371.05,1.5255789161468924,0.016247943095633974,0.5107923123254662,0.9716189221657712,0.9730101167785571,0.00678249744563475
2025-03-24,10730.517030852629,10787.97264083348,10569.7381346961,10761.9228515625,294688,ULTRACEMCO,0.00678249744563475,0.04779509395891024,-0.02094333075158672,10367.6482421875,10685.95763671875,10983.868481445312,1.0380293196841535,1.0071088822758123,0.979793491677569,10492.830647599305,10541.10731669721,-48.27666909790423,-131.97050138205685,83.69383228415262,81.34210288800678,0.017333990203649275,437996.1,0.672809643738837,0.020278393475539242,0.8806339577913394,0.9702123660459326,0.9728774206255462,0.033480490252045136
2025-03-25,10945.780230347056,11178.377679841984,10911.40443815101,11122.2373046875,754457,ULTRACEMCO,0.033480490252045136,0.08287578738834234,0.023657190272625472,10380.500244140625,10701.656640625,10990.809541015626,1.0714548473678382,1.0393005193668723,1.011957969354433,10589.662440997488,10584.153982474269,5.508458523219815,-104.47470940100152,109.98316792422133,85.65468848542079,0.018746758069039908,459706.95,1.6411694450127412,0.024003555613622544,0.7897153482540117,0.969990029836575,0.9736913919478305,-0.0016723780861662707
2025-03-26,11083.08941558358,11186.314745348263,11004.209682461513,11103.63671875,401569,ULTRACEMCO,-0.0016723780861662707,0.04288283793117054,0.03255097336165602,10398.00224609375,10719.5428515625,10995.68173828125,1.0678625043499426,1.0358311797906115,1.0098179433561547,10668.735406805567,10622.63418516136,46.10122164420682,-74.35952319195987,120.46074483616668,83.52032434075277,0.018564215023545445,471020.7,0.8525506416172367,0.016400488191336576,0.5459872159090927,0.970004261383042,0.9748866060976122,0.017321446978062927
2025-03-27,11102.07980773683,11325.5239005626,11052.901698856456,11295.9677734375,406112,ULTRACEMCO,0.017321446978062927,0.059503191588363924,0.057957069724769106,10428.94306640625,10740.53751953125,10999.758041992187,1.0831363927782973,1.0517134503646788,1.0269287497338138,10765.23269397971,10672.510747255888,92.72194672382102,-40.94322920880369,133.66517593262472,85.28903441051902,0.018752209058269916,476501.35,0.8522788025679257,0.0241344705627805,0.8915857661623651,0.970988933043772,0.9764339795956104,-0.007763244472174469
2025-03-28,11282.23652772549,11392.76553777226,11158.707349319868,11208.2744140625,280960,ULTRACEMCO,-0.007763244472174469,0.04853887751179253,0.10163997146573656,10480.648193359375,10757.5473046875,11002.87650390625,1.069425688877159,1.0418986871829605,1.0186676556883403,10833.392958607832,10712.19694479712,121.19601381071152,-8.515380604900649,129.71139441561218,79.55809441965684,0.014885089485784358,404434.6,0.6946982280942333,0.020882624729345555,0.21177240185602056,0.9742600145288259,0.9777031761529221,-0.011373084878263384
2025-04-01,11052.901322532312,11262.90682806039,11040.38806575214,11080.8017578125,263144,ULTRACEMCO,-0.011373084878263384,0.02963029104075976,0.12343447510689809,10541.521923828124,10773.1021875,11004.8191015625,1.0511576827218263,1.0285618352965706,1.006904489346782,10871.455850793165,10739.501005020482,131.95484577268326,19.57866467061613,112.37618110206712,76.22407053341755,0.012971920293814379,356049.0,0.7390668138374212,0.020081467674607823,0.18161925601750203,0.9785038460007761,0.9789440506087375,-0.011222781942409665
2025-04-02,11062.6396433704,11062.6396433704,10885.50069332879,10956.4443359375,376468,ULTRACEMCO,-0.011222781942409665,-0.01490644051265888,0.08801546887881173,10585.838232421875,10785.30419921875,11005.515498046874,1.0350096133512174,1.0158679007617741,0.9955412209343504,10884.531002353831,10755.570881384707,128.96012096912455,41.454955930317816,87.50516503880672,74.10319937108417,0.013003117316148892,333105.2,1.1301774934765354,0.016167558069965112,0.4004971385008537,0.9815057634803361,0.9799908237949231,0.03161051674871351
2025-04-03,10896.114755058366,11345.096038432415,10863.004745077851,11302.783203125,361884,ULTRACEMCO,0.03161051674871351,0.017935248551379068,0.11923700355226141,10646.044873046874,10803.58869140625,11007.609604492187,1.0616884803614555,1.0462063603102398,1.026815413085903,10948.877494780165,10796.105127439543,152.7723673406217,63.718438212378594,89.05392912824311,77.73320381051091,0.014353632499206235,333553.3,1.084936050700143,0.042652440968811586,0.9122306586103487,0.985417454990239,0.9814654661260265,-0.009300547345138521
2025-04-04,11295.383985705525,11309.504432967591,11122.043322764272,11197.6611328125,222191,ULTRACEMCO,-0.009300547345138521,-0.00870280816984692,0.09885608387887679,10696.4134765625,10819.2653125,11009.777099609375,1.04686128274195,1.034974262057824,1.0170651986414685,10987.151900631294,10825.85001672643,161.30188390486364,83.23512735087562,78.06675655398803,76.19066978861593,0.014712867883992634,329121.25,0.675103780141817,0.016741095125124155,0.4033786525974036,0.9886450851893277,0.9826961267802474,-0.026703225640468786
2025-04-07,10906.827962309202,11004.258855826096,10726.719037142337,10898.6474609375,484513,ULTRACEMCO,-0.026703225640468786,-0.027624854789112363,0.06652696961565252,10730.404833984376,10814.79935546875,11011.047314453124,1.0156790568069045,1.00775308932813,0.989792083322711,10973.535832986096,10831.242420001325,142.29341298477084,95.04678447765465,47.246628507116185,64.58145022234322,0.016318162562486326,335050.9,1.4460877436831239,0.025465528606050104,0.6194729989035049,0.992196385831079,0.9821771759415855,0.007045473586306361
2025-04-08,11021.495273305703,11240.60564740778,10946.559335162816,10975.43359375,602120,ULTRACEMCO,0.007045473586306361,-0.009509074015173202,0.06501838435444585,10763.9068359375,10814.49943359375,11013.148471679688,1.0196514853794791,1.0148813323394636,0.9965754681300564,10973.827796180543,10841.92324768641,131.90454849413254,102.41833728095024,29.4862112131823,65.80160872474018,0.016297705795309623,350039.95,1.7201465147049644,0.0267913162366915,0.09819629556561019,0.995321780913956,0.9819625569748048,0.01123291683735439
2025-04-09,10993.351788129974,11123.99064750772,10887.351434748867,11098.7197265625,230611,ULTRACEMCO,0.01123291683735439,0.012985544056326015,0.08335949962051736,10806.606591796875,10817.56794921875,11017.031635742187,1.0270309770494803,1.0259902945526729,1.0074147096533057,10993.041939316228,10860.945209084639,132.0967302315894,108.35401587107808,23.742714360511314,61.427589447951114,0.01624040414382132,353288.05,0.6527562990030373,0.021321307194784467,0.8932090727880642,0.9989867077818849,0.9818949701590832,0.009265655552719299
2025-04-11,11532.363881598394,11532.363881598394,11154.22822520257,11201.556640625,351037,ULTRACEMCO,0.009265655552719299,-0.008955897028265825,0.10186566250159101,10858.38486328125,10821.5859765625,11020.830708007812,1.0316043114758457,1.035112289906992,1.0163985762421586,11025.121124132962,10886.175685495036,138.9454386379257,114.47230042444761,24.47313821347808,63.077858938324184,0.016032014828155555,361802.25,0.9702454863119286,0.03375742037713118,0.1251625299595843,1.0034005077258037,0.9819210786623789,0.01880859541529256
2025-04-15,11441.45690425271,11441.45690425271,11277.854490437538,11412.2421875,345260,ULTRACEMCO,0.01880859541529256,0.019163024505064907,0.11393105851673124,10916.746142578126,10824.9778125,11025.391811523437,1.0453886202399918,1.0542508617728403,1.0350872225304717,11084.678210804814,10925.143574532442,159.53463627237215,123.48476759403252,36.049868678339635,66.08168685546627,0.016320401380174467,364077.0,0.9483158782345493,0.01433569417185763,0.8214285714285718,1.0084774612629837,0.9818225054991723,0.0007680040690951628
2025-04-16,11361.603577326296,11517.415403191748,11361.603577326296,11421.0068359375,268150,ULTRACEMCO,0.0007680040690951628,0.04792882574394852,0.12207127306052845,10978.8712890625,10829.8196484375,11028.55962890625,1.040271493784199,1.0545888303491089,1.035584629383753,11136.421076209843,10961.874186488372,174.5468897214705,133.69719201952012,40.84969770195039,65.09165880295706,0.01611830000293531,366510.8,0.7316291907359892,0.013642564802182984,0.3812500000000046,1.0137630768991157,0.9819795161692878,0.014751035710563132
2025-04-17,11361.603717485665,11609.92881802212,11296.357514599613,11589.478515625,290473,ULTRACEMCO,0.014751035710563132,0.055947213076362745,0.12836701189053734,11044.794287109375,10837.874140625,11029.793334960938,1.0493159233532614,1.0693497973170463,1.050743034222594,11206.122220735251,11008.363396054048,197.7588246812029,146.50951855185667,51.24930612934622,61.72935084623519,0.01622665735492722,370431.4,0.784147888110997,0.027056549869758834,0.9347826086956545,1.019092318641047,0.9825999283479215,0.0027728376340812044
2025-04-21,11506.703039241873,11793.007261782252,11472.61920322516,11621.6142578125,230595,ULTRACEMCO,0.0027728376340812044,0.047113049444663435,0.1314957904061631,11112.324072265625,10851.01783203125,11031.423930664063,1.0458311134767904,1.071016050080253,1.0535008291638475,11270.04407259329,11053.789385813934,216.25468677935532,160.4585521973564,55.79613458199893,62.915239578011935,0.0161828541148514,381961.15,0.6037132310445709,0.027568292274174747,0.46504559270516543,1.0240812653964149,0.9836461639252809,0.0020948641544038527
2025-04-22,11621.614363561175,11702.441746850567,11539.813156376737,11645.9599609375,334667,ULTRACEMCO,0.0020948641544038527,0.03967335385340731,0.09381926679807284,11162.26904296875,10866.29419921875,11032.030288085938,1.0433326697382763,1.0717508423225652,1.0556497450441718,11327.877286184706,11097.653872860123,230.22341332458382,174.41152442280188,55.81188890178194,59.52457895850231,0.014539345396905464,385235.75,0.8687329771445148,0.013964378292499215,0.6526946107784418,1.0272378824209711,0.9849768279691749,-0.0008361939490315606
2025-04-23,11724.839653815172,11724.839653815172,11516.441341031414,11636.2216796875,267716,ULTRACEMCO,-0.0008361939490315606,0.01962624771780863,0.0914172432971514,11211.001611328125,10874.66615234375,11032.833364257813,1.0379288205551334,1.0700302443013034,1.0546902409841914,11375.314885185137,11137.547784476965,237.7671007081717,187.08263967987585,50.68446102829586,62.16204664794237,0.014573339026181804,371159.0,0.7212973415705938,0.017909448489413355,0.5747663551401916,1.0309283479853666,0.9856639535201842,0.017574684920663275
2025-04-24,11566.106273998426,11868.965502020108,11559.289506808229,11840.724609375,339743,ULTRACEMCO,0.017574684920663275,0.03674962982394958,0.10770486447612493,11268.566748046875,10885.83201171875,11034.571103515626,1.0507746791691406,1.0877188437804566,1.0730570765548408,11446.916381214345,11189.634956691634,257.28142452271095,201.1223966484429,56.15902787426805,70.6907196594023,0.014853563199476262,355317.9,0.9561662950276357,0.026153466567974258,0.9088050314465423,1.0351589787455937,0.9865206277252148,0.006415062158853013
2025-04-25,11830.987086742563,11981.929797948844,11549.551967138596,11916.68359375,412558,ULTRACEMCO,0.006415062158853013,0.028232942291912533,0.10730059656763324,11326.30478515625,10900.62734375,11037.231005859376,1.0521245737062872,1.0932108050260583,1.079680545548403,11519.188260065985,11243.49041128855,275.69784877743405,216.03748707424114,59.660361703192905,76.8525188991856,0.014851771484733052,361211.4,1.1421511059728457,0.0362834027948027,0.8490990990990991,1.0390507287317108,0.9876233756422371,-0.010051559148790523
2025-04-28,11911.813560240218,12016.012714176262,11686.860246602588,11796.90234375,516745,ULTRACEMCO,-0.010051559148790523,0.015082937881857994,0.06065911206355579,11360.038037109374,10909.8475,11039.630341796876,1.0384562362567396,1.0813077216478049,1.0685957752666804,11561.913503709678,11284.483887767175,277.429615942503,228.31591284789354,49.11370309460946,65.82265101594592,0.013630799279647525,349325.8,1.4792637703828346,0.02790160145286441,0.33431952662722003,1.0412646040294673,0.9882439141729675,-0.020224456433379112
2025-04-29,11881.625956075177,11902.076258925565,11491.1225540273,11558.31640625,516495,ULTRACEMCO,-0.020224456433379112,-0.007525661687097562,0.040948717885574526,11382.772021484376,10916.40525390625,11041.355883789063,1.015421936276532,1.0588024296838974,1.046820384009172,11561.360104100497,11304.767778025162,256.5923260753352,233.97119549338188,22.621130581953338,60.63946678067333,0.01456723009249497,355072.1,1.4546200616719815,0.03555480663914394,0.16350710900473278,1.0427216429521287,0.9886833980176053,-0.019209737712530428
2025-04-30,11558.316032017088,11612.85017118576,11198.975007852096,11336.2841796875,630392,ULTRACEMCO,-0.019209737712530428,-0.025776193360391053,0.0035690971379012115,11384.787841796875,10923.0428515625,11041.502236328124,0.9957396077306505,1.0378320705814943,1.0266976301820145,11526.733038806191,11307.102326296445,219.63071250974644,231.1030988966548,-11.472386386908369,63.52473710450993,0.014847018554486814,366286.1,1.7210371892354093,0.03650889098874673,0.33176470588235346,1.0422725605409782,0.9892714431215822,-0.0024053365011665884
2025-05-02,11336.283669920698,11442.430471743684,11180.471850730995,11309.0166015625,189474,ULTRACEMCO,-0.0024053365011665884,-0.04490502273750341,0.008988197806220954,11389.824951171875,10925.66244140625,11041.732729492187,0.9929052158434568,1.0350874981001983,1.0242066964142689,11493.238202307162,11307.244124464301,185.99407784286086,222.08129468589604,-36.08721684303518,60.63454407905182,0.01474216609319442,361711.8,0.5238258746327877,0.023163695858090416,0.4907063197025993,1.0424836949022454,0.9894880368027822,0.004908365688916838
2025-05-05,11395.687756734684,11421.0071791988,11346.996559688305,11364.525390625,145699,ULTRACEMCO,0.004908365688916838,-0.04633488829178889,0.02560497326941724,11404.0111328125,10928.06876953125,11042.624604492188,0.9965375566782911,1.0399390441530385,1.0291507497232009,11473.436231279136,11311.487181216946,161.9490500621905,210.05484576115492,-48.105795698964414,58.85655046657265,0.014496566132105327,355839.55,0.4094513945962443,0.006512425021422232,0.2368421052631456,1.043552284792372,0.9896260319386084,0.001970822376443193
2025-05-06,11392.765794956786,11421.98051192821,11241.823090604425,11386.9228515625,273048,ULTRACEMCO,0.001970822376443193,-0.03475314792316708,0.039289983358288705,11425.53505859375,10936.427109375,11043.39927734375,0.9966205340202244,1.0411922228056842,1.031106687858648,11460.1264805535,11317.07500864995,143.0514719035491,196.65417098963377,-53.60269908608467,56.52616689851409,0.01419057703744208,350668.55,0.7786498104834323,0.015821431625758706,0.805405405405403,1.0447228280614127,0.9903134745668202,-0.002993171048649268
2025-05-07,11346.023075959103,11393.740450495368,11250.58832688658,11352.83984375,217460,ULTRACEMCO,-0.002993171048649268,-0.017777378233813645,0.004428700411696962,11428.037890625,10939.6972265625,11042.883701171875,0.993419863707602,1.0377654526109146,1.0280684059495466,11443.620844122192,11319.724255694398,123.89658842779318,182.10265447726567,-58.2060660494725,47.611628527901246,0.012388541486687716,343447.35,0.6331683735512882,0.01260936695831192,0.7142857142857125,1.0446393217242582,0.99065583977866,-0.002316067668916788
2025-05-08,11297.331181134334,11432.692704639005,11236.95409870779,11326.5458984375,388912,ULTRACEMCO,-0.002316067668916788,-0.000859036444009531,0.011509971957208931,11434.48212890625,10945.97060546875,11043.083486328125,0.990560461833607,1.0347685286838437,1.0256687738040118,11425.609314016854,11320.229562564258,105.37975145259588,166.75807387233172,-61.37832241973584,46.25483014163253,0.012200859229797915,351783.4,1.105543922766111,0.017281403146763047,0.45771144278606657,1.044629347277201,0.9912059995761505,-0.022955872383245146
2025-05-09,11179.498732290564,11255.456998938533,11016.870135749405,11066.53515625,200270,ULTRACEMCO,-0.022955872383245146,-0.02144142624027967,0.015404452333579677,11442.876513671876,10947.3816796875,11042.038642578125,0.9671112978478598,1.0108841986192538,1.0022184774446827,11370.367135898878,11301.437384318757,68.92975158012086,147.19240941388958,-78.26265783376871,30.66956608375098,0.01178032197227467,337571.25,0.5932673472637258,0.021559310102076745,0.20816326530612808,1.0452614925177726,0.9914275827177756,0.03273496990681002
2025-05-12,11286.61955518144,11458.98639394478,11262.273956486051,11428.7978515625,182795,ULTRACEMCO,0.03273496990681002,0.005655534105323934,0.04130718426201119,11465.5447265625,10956.11494140625,11044.68779296875,0.9967950170814939,1.0431432960209142,1.0347778104545682,11379.356476770205,11310.871493003478,68.48498376672615,131.4509242844569,-62.96594051773076,44.27086114083693,0.013732405595564453,316605.0,0.5773598016455836,0.017211997273347126,0.8465346534653452,1.0464973019980808,0.9919805020094015,-0.006390620459265084
2025-05-13,11393.739875104517,11440.483423310072,11263.247469697337,11355.7607421875,307678,ULTRACEMCO,-0.006390620459265084,-0.0027366576362396478,0.023159519472306878,11478.39677734375,10965.9262109375,11045.725834960938,0.9893159264716905,1.0355496219609044,1.0280683145552343,11375.72636375748,11314.196622572665,61.529741184815066,117.46668766452855,-55.936946479713484,41.61981617763178,0.013681892711476499,320458.35,0.9601185302239745,0.01560758082497197,0.521978021978018,1.0467329942358274,0.9927755201228275,0.000943302197509821
2025-05-14,11370.36795188271,11433.66650591426,11319.72910865747,11366.47265625,179337,ULTRACEMCO,0.000943302197509821,0.0012008283995572633,0.01472259802060849,11486.642578125,10978.18373046875,11046.671743164063,0.9895382901437318,1.035369140771765,1.0289499788281333,11374.302716448638,11318.068921363578,56.23379508505968,105.22010914863479,-48.98631406357511,42.214741380136445,0.013550694442735808,311873.35,0.5750314991646449,0.010023989033584674,0.41025641025642007,1.0463153887874073,0.9938001223999714,0.01901983870463342
2025-05-15,11366.4722332426,11619.666439946086,11338.231340956443,11582.6611328125,371371,ULTRACEMCO,0.01901983870463342,0.022611945130627253,0.014932994105151698,11495.163525390624,10996.29392578125,11049.14583984375,1.00761168879665,1.053324075455685,1.0482856594258054,11406.357857427694,11337.668344433869,68.6895129938257,97.91398991767298,-29.224476923847277,42.60190069424108,0.013565529584643453,313178.9,1.1858110492118081,0.024297965360686066,0.8685121107266445,1.045367066665957,0.9952166516010755,0.0009248232284162494
2025-05-16,11637.195120550714,11676.148074929126,11546.629501620906,11593.373046875,209706,ULTRACEMCO,0.0009248232284162494,0.04760639921949372,0.01509203290161154,11503.7818359375,11024.67794921875,11051.731103515625,1.007787978963372,1.0515838285957868,1.0490096925346903,11435.129425034973,11356.609433503583,78.51999153138968,94.03519024041633,-15.515198709026649,40.37120324622521,0.013565538074976872,310256.7,0.6759112696035251,0.011171776564468583,0.36090225563909467,1.0434574042820635,0.9975521342273457,0.0020160695925592886
2025-05-19,11592.400494593008,11677.123179659338,11569.028719402297,11616.74609375,128237,ULTRACEMCO,0.0020160695925592886,0.016445145379993198,0.0023527873224180595,11505.14521484375,11059.746328125,11053.312436523438,1.0097000843381156,1.0503627975814007,1.0509741908104224,11463.07045099113,11375.878815744058,87.19163524707255,92.66647924174758,-5.474843994675027,44.30773294232939,0.013171176039321261,302144.9,0.42442218948590554,0.00930505490820689,0.44144144144144354,1.0402720707604385,1.0005820781452175,-0.019448452479868927
2025-05-20,11655.698464850764,11666.410527939855,11363.551289693673,11390.818359375,158934,ULTRACEMCO,-0.019448452479868927,0.0030872099178047563,-0.019859194541958725,11493.605419921874,11086.16033203125,11052.792416992188,0.9910570219881819,1.027480932822476,1.030582854506807,11451.95474458865,11376.985448605608,74.96929598304087,89.12704259000624,-14.157746606965375,44.6650102458379,0.013861826043482219,298561.85,0.5323319104567446,0.02658801402068889,0.0900321543408331,1.0367525884244515,1.003018957904951,-0.0026502465064465186
2025-05-21,11390.81842441778,11598.24291996373,11329.467517284467,11360.6298828125,173017,ULTRACEMCO,-0.0026502465064465186,-0.0005140357623864,-0.024500348539926664,11479.338916015626,11111.399921875,11052.108549804687,0.9896588963814366,1.022430113459137,1.0279151558833781,11437.904765853857,11375.773925213527,62.13084064032955,83.72780220007091,-21.59696155974136,50.88339473038921,0.013848264279802574,290479.35,0.5956258164306689,0.023658494771129995,0.11594202898551578,1.0331136487506192,1.0053647113402049,0.0012000909459366493
2025-05-22,11360.630136651862,11393.740150765198,11215.530368919895,11374.263671875,175370,ULTRACEMCO,0.0012000909459366493,-0.017992191824306336,-0.02251229093287055,11466.241015625,11135.0794140625,11051.09966796875,0.9919784222549776,1.0214802471467275,1.0292427010538083,11428.113828318648,11375.662054595858,52.451773722790676,77.47259650461487,-25.020822781824194,52.39117784110064,0.013858164680751562,285862.05,0.6134777246577502,0.01566780821917811,0.8907103825136579,1.0297403897402182,1.0075992207668856,0.005650606160460647
2025-05-23,11420.032502753598,11564.158435251897,11355.760127450303,11438.53515625,181463,ULTRACEMCO,0.005650606160460647,-0.013355723998438651,-0.0339666250498355,11446.13154296875,11159.4737109375,11049.93837890625,0.9993363358886597,1.025006685130589,1.035167325284416,11429.717109538855,11380.319321385054,49.39778815380123,71.85763483445214,-22.459846680650912,52.69500428862214,0.013258384490265703,277948.05,0.6528666058279596,0.018218968159373537,0.3971962616822359,1.0256873970454623,1.0099127550105027,-0.004852617505587742
2025-05-26,11491.122780365087,11572.923993377855,11340.18006587724,11383.0283203125,198003,ULTRACEMCO,-0.004852617505587742,-0.020119039492758173,-0.044782197096966514,11419.448779296876,11181.02640625,11049.570766601562,0.9968106640094218,1.018066491100458,1.0301783264485573,11422.534218888646,11380.519987972271,42.0142309163748,65.88895405083667,-23.874723134461874,49.86152296954755,0.013136790256733609,267220.3,0.7409728976428812,0.020446573701770863,0.18410041841004002,1.021323835968548,1.0118969001081721,-0.02292758519249083
2025-05-27,11370.3680678684,11415.163968101524,11077.247068516876,11122.04296875,478345,ULTRACEMCO,-0.02292758519249083,-0.023595792869771204,-0.057206489918732006,11385.705810546875,11198.5727734375,11049.589028320312,0.9768426440851267,0.9931661108753943,1.0065571615599447,11376.304795790393,11361.373542103955,14.93125368643814,55.69741397795697,-40.76616029151883,42.93379529246582,0.013838275846820978,265300.3,1.8030322619311023,0.030382628491375695,0.1325648414985622,1.016710436311424,1.0134831933328325,-0.01602313185070614
2025-05-28,11155.152794491209,11169.760153017383,10906.827699546182,10943.8330078125,201200,ULTRACEMCO,-0.01602313185070614,-0.03668783151104782,-0.0531637460716361,11354.981640625,11214.129609375,11049.163955078126,0.9637913432337466,0.9758967828108093,0.9904670663143508,11309.770674563026,11330.444613637921,-20.673939074895316,40.423143367386515,-61.09708244228183,39.27986826124539,0.013590319728368173,249535.55,0.8062979403135145,0.024025627335824765,0.14074074074074377,1.01256022858272,1.0149301481060073,0.002758492069547147
2025-05-29,10954.545006454377,11040.24150930512,10859.110264643325,10974.021484375,350206,ULTRACEMCO,0.002758492069547147,-0.03518840419443359,-0.031956035114363734,11336.868505859375,11228.70970703125,11047.828842773437,0.9679940698529899,0.9773181220904866,0.9933192883915182,11258.116952995637,11304.042900359187,-45.92594736355022,23.153325221199168,-69.07927258474939,47.025661183958526,0.013057978096502732,235526.25,1.4869085717621708,0.016505457449640822,0.6344086021505292,1.0096323443788378,1.016372525935368,-0.005235642628302339
2025-05-30,10970.12574178677,11013.947815322535,10877.612475433483,10916.5654296875,394181,ULTRACEMCO,-0.005235642628302339,-0.04563256740766286,-0.034702502056702,11317.245947265625,11243.4709375,11047.595122070312,0.9645955809880642,0.9709248585574956,0.9881395280208045,11205.570564794385,11275.340865494618,-69.77030070023284,4.568600036912766,-74.33890073714561,29.51710402999062,0.013083141769960166,245761.6,1.6039161528896295,0.012488849241748643,0.2857142857142991,1.0065615867356017,1.0177301768634133,-0.0013380968555618544
2025-06-02,10887.350650053037,10925.32978022764,10730.565010101467,10901.9580078125,314936,ULTRACEMCO,-0.0013380968555618544,-0.04226206761179285,-0.04070274533365803,11294.117578125,11256.0897265625,11047.082163085937,0.9652775378333183,0.9685386553099067,0.9868631233903218,11158.860940643326,11247.682876036683,-88.8219353933564,-14.109507049141067,-74.71242834421533,30.96402658434434,0.01299174140519966,254223.45,1.2388156954049676,0.01786511835640909,0.8800000000000071,1.0033784247004323,1.018919707520142,-0.01429197826329398
2025-06-03,10984.734332521522,10996.420220109312,10712.063622139782,10746.1474609375,349615,ULTRACEMCO,-0.01429197826329398,-0.033797343605726615,-0.05627291929329914,11262.07880859375,11265.5923046875,11045.777978515625,0.9541886221518395,0.953891031230212,0.972873751567258,11095.366559150121,11210.532104547854,-115.16554539773279,-34.32071471885941,-80.84483067887336,26.802634337095526,0.013237039802346367,258051.8,1.354824883996159,0.02646125962845507,0.1198630136986322,0.9996881214943054,1.019900302776266,-0.0001812968037691043
2025-06-04,10751.015986132512,10765.623344809324,10634.157116718028,10744.19921875,345047,ULTRACEMCO,-0.0001812968037691043,-0.01824166989024656,-0.05361131077129311,11231.64677734375,11267.535078125,11044.618149414062,0.9566005263291382,0.9535536516419626,0.9727995185890606,11041.34081447318,11175.988927822087,-134.64811334890692,-54.38619444486892,-80.261918904038,12.662652520032324,0.013249904628734205,264431.15,1.304865179461648,0.012236019215082205,0.8370370370370214,0.9968148933611112,1.0201833078966849,0.011420315831762506
2025-06-05,10749.068670222749,10887.351669966509,10714.984832257736,10866.9013671875,191183,ULTRACEMCO,0.011420315831762506,-0.00976124544133794,-0.04058117411711615,11208.66455078125,11271.64169921875,11045.3796875,0.9695090184878511,0.9640921577502501,0.9838413594315383,11014.50397642923,11153.093552960267,-138.58957653103607,-71.22687086210236,-67.36270566893371,20.583655279589067,0.013619967052724552,254544.7,0.75107829783924,0.015861636347342986,0.8813559322033789,0.994412779423084,1.0204847654060103,0.008423658171445414
2025-06-06,10887.351284449149,11014.922216315232,10828.921850006664,10958.4404296875,143723,ULTRACEMCO,0.008423658171445414,0.003835913435385141,-0.009767711848044147,11203.259814453126,11277.0220703125,11045.171772460937,0.9781474866404697,0.9717494885938295,0.9921475786379633,11005.878815392041,11138.67480308821,-132.7959876961686,-83.54069422891561,-49.25529346725298,24.738373029881274,0.012862975239252908,251717.35,0.5709697801919494,0.016973251577357185,0.6963350785340369,0.9934590661081033,1.0209910993353348,0.0006220233886140569
2025-06-09,10965.2568359375,11021.738620705206,10873.717391658804,10965.2568359375,209231,ULTRACEMCO,0.0006220233886140569,0.0058061889506122455,-0.04055903531110461,11180.082763671875,11281.08875,11044.902270507813,0.9807849429851788,0.9720034190793418,0.9927889416656059,10999.629280091342,11125.829027743714,-126.19974765237203,-92.07250491360689,-34.12724273876513,30.368320093127437,0.010245481523920335,253039.15,0.8268720472701556,0.013499111900532785,0.6184210526315808,0.9910464327897318,1.0213842072756818,0.011634135977955262
2025-06-10,11111.330779233604,11183.393748353965,11038.293986206216,11092.828125,279918,ULTRACEMCO,0.011634135977955262,0.03226092563150584,-0.023154117382086614,11166.9361328125,11280.50056640625,11045.103364257813,0.9933636221313433,0.983363110501927,1.0043208976112097,11013.967563923441,11123.384516429365,-109.4169525059242,-95.54139443207035,-13.875558073853853,38.66444774581947,0.01062629599352786,251651.15,1.112325534773038,0.013080502150820898,0.3758389261744921,0.9899326778164482,1.0213123584619577,0.00640854310428618
2025-06-11,11082.115786033995,11216.50348185761,11043.162830722806,11163.9169921875,237747,ULTRACEMCO,0.00640854310428618,0.03906459335797119,-0.017820450564416945,11156.808349609375,11281.706171875,11046.384428710937,1.0006371573621566,0.9895592760622374,1.0106399124740835,11037.036706733297,11126.38692204108,-89.35021530778249,-94.30315860721278,4.952943299430288,41.50939231223456,0.010751593078370722,254571.65,0.9339099620872945,0.015526866713189248,0.696629213483143,0.9889291725592897,1.0213030557358145,-0.012299408031122838
2025-06-12,11174.628646649797,11203.843362065872,10984.73299644529,11026.607421875,262530,ULTRACEMCO,-0.012299408031122838,0.014696558778910962,-0.04800742286781201,11129.0056640625,11276.31896484375,11046.45064453125,0.990798976541259,0.9778552252958367,0.9982036562426435,11035.432201370482,11118.995847954704,-83.56364658422171,-92.15525620261457,8.591609618392852,34.29842572560604,0.00995774692344152,249129.6,1.0537888713344379,0.019871058906650096,0.19111111111110787,0.9869360470167146,1.0208092470341412,-0.008743233474852952
2025-06-13,10820.157120414402,10955.518639605978,10729.591499660326,10930.19921875,181355,ULTRACEMCO,-0.008743233474852952,-0.002577119538013095,-0.057202836952077396,11095.84697265625,11270.7574609375,11045.877065429688,0.9850711933650076,0.9697839081918126,0.9895275091335458,11019.242511736562,11105.01091245806,-85.76840072149753,-90.87788510639118,5.109484384893648,33.261305099613395,0.010021826040855731,247712.05,0.7321202178093477,0.020669992872416238,0.8879310344827596,0.9844810352021628,1.0203587631996758,0.02414468800781666
2025-06-16,10974.995096373425,11216.503417926271,10903.90595333569,11194.10546875,401104,ULTRACEMCO,0.02414468800781666,0.020870339494691192,-0.03638201451501011,11074.71494140625,11273.02353515625,11046.6458984375,1.0107804605333337,0.9929993877720441,1.0133488093732919,11046.144505123244,11111.610509220425,-65.46600409718121,-85.7955089045492,20.329504807367982,52.658029415832914,0.011677129690239771,261355.4,1.534707145901711,0.02792518486298372,0.9283489096573241,0.9824085709453589,1.0204928843379302,-0.009743374285643536
2025-06-17,11198.97450213586,11207.73891696362,11062.639160370729,11085.037109375,121415,ULTRACEMCO,-0.009743374285643536,-0.0007023470964488965,-0.0268445374469809,11059.42587890625,11275.595390625,11047.048334960937,1.0023157830025877,0.9830999362208015,1.0034388167103279,11052.127982700436,11109.642109231876,-57.514126531439615,-80.13923242992729,22.625105898487675,55.48825433938487,0.011091506507534337,259479.45,0.46791759424493923,0.01308969515944841,0.15436241610737725,0.9808285501359438,1.0206885177591531,0.0020205129415902245
2025-06-18,11085.036622292406,11178.523709680623,11046.083669213982,11107.4345703125,156816,ULTRACEMCO,0.0020205129415902245,-0.005059373149632562,-0.022287084000778834,11046.76611328125,11271.68841796875,11047.881923828125,1.0054919653778411,0.9854277512325124,1.0053904130126456,11060.636688486908,11109.478587830441,-48.84189934353344,-73.87976581264853,25.037866469115087,55.21703300270294,0.011110762665552566,258669.4,0.6062410165253409,0.011923549009293431,0.4632352941176505,0.9800453759590321,1.020257864419959,0.001227535083703435
2025-06-19,11101.592857240586,11184.367891702468,11055.82313230284,11121.0693359375,157757,ULTRACEMCO,0.001227535083703435,0.008566725054081736,-0.022260283675643144,11034.106396484374,11270.15658203125,11048.846010742187,1.0078812852013854,0.9867715017969272,1.0065367301820565,11069.934018863922,11110.337161764297,-40.403142900375315,-67.18444123019388,26.78129832981857,58.28079377180801,0.011111059170518914,257788.75,0.6119623141040872,0.011558669001751388,0.5075757575757619,0.9790552878454922,1.0200301978210118,0.0033274572520576307
2025-06-20,11121.068910641035,11223.32041988949,11072.377715760822,11158.07421875,629895,ULTRACEMCO,0.0033274572520576307,0.02084820188904657,-0.024518955763907946,11020.083349609375,11275.3451171875,11049.606079101562,1.0125217627456073,0.9895993517521039,1.0098164711820439,11083.494049615625,11113.873240059535,-30.379190443909465,-59.823391072937,29.444200629027534,60.1859281532478,0.011049114132592103,280210.35,2.247936237901277,0.013527666259382235,0.5677419354838661,0.9773610683375874,1.020429600518781,-0.0007854107889221362
2025-06-23,11102.56699667411,11189.237329338262,11024.661079672624,11149.310546875,304907,ULTRACEMCO,-0.0007854107889221362,-0.004001652655502674,-0.020532126149632846,11008.3974609375,11278.82265625,11049.723427734374,1.0128005085606255,0.9885172315123483,1.0090126345507133,11093.619664578606,11116.49822574957,-22.87856117096453,-52.43442509254251,29.55586392157798,68.15789543131044,0.011015386230951649,285555.55,1.0677677250538469,0.014761114507817471,0.757396449704136,0.9760236326472739,1.0207334807983153,0.011354664412229765
2025-06-24,11256.43074806425,11514.494088166077,11212.608671443184,11275.9072265625,735700,ULTRACEMCO,0.011354664412229765,0.017218717024057195,0.013834172215016372,11016.090673828125,11282.36640625,11050.298959960937,1.023585186471971,0.9994274977912505,1.0204164853294033,11121.663904883819,11128.306299883861,-6.6423950000425975,-43.27601907404253,36.63362407399993,71.52999383918453,0.010044787479832538,298423.3,2.4652900762105374,0.026772605579065557,0.20967741935483794,0.976398946565468,1.0210010106631433,0.013299927623271035
2025-06-25,11330.441233043952,11462.881285273774,11329.467409130497,11425.8759765625,253134,ULTRACEMCO,0.013299927623271035,0.028669212880273687,0.04404699600276096,11040.192822265624,11286.85279296875,11051.041743164062,1.0349344581662594,1.0123172673679555,1.0339184524056568,11168.465762065154,11150.348498156354,18.11726390879994,-30.99736247747404,49.11462638627398,72.1450767740358,0.009600181900409642,301020.0,0.8409208690452462,0.011676468081479624,0.7226277372262783,0.9781462578428608,1.0213383548162376,0.018580102370091556
2025-06-26,11384.001873208832,11672.25375981874,11375.237457737583,11638.169921875,506580,ULTRACEMCO,0.018580102370091556,0.04649737991170522,0.06052005989286835,11073.400244140625,11291.37134765625,11053.030048828125,1.0510023719257522,1.030713592135178,1.0529393180387594,11240.727940497438,11186.48341843181,54.24452206562819,-13.948985568853598,68.19350763448179,74.57749447923295,0.010276567186428394,308838.7,1.6402737092210269,0.025520876914065918,0.8852459016393446,0.9806957811585154,1.0215634353453509,0.021922744444591746
2025-06-27,11666.409592365717,11925.446733565155,11605.05869050269,11893.310546875,501287,ULTRACEMCO,0.021922744444591746,0.06589276193283511,0.08947366490666098,11122.2375,11300.817421875,11056.82869140625,1.0693271517421743,1.0524292272745785,1.075652963323823,11341.125264555523,11238.840983501676,102.28428105384774,9.29766775568667,92.98661329816106,78.44777677795798,0.01090710777154392,314194.0,1.595469677969662,0.026938508147056478,0.8996960486322214,0.9841976102074419,1.022066791236296,-0.0098255568100174
2025-06-30,11895.258661470609,11949.792798600558,11703.415357638458,11776.4521484375,333104,ULTRACEMCO,-0.0098255568100174,0.056249361691542266,0.08021441102582894,11165.96220703125,11304.55689453125,11059.743588867188,1.0546741901940007,1.0417438081217085,1.0648033612905596,11408.098631306597,11278.66403275618,129.43459855041692,33.32505391463272,96.1095446357842,71.09377212864703,0.011298178926995918,315102.4,1.0571293649302576,0.020921194079219305,0.2964426877470381,0.9877399274652644,1.0221355317776528,0.009675027636835143
2025-07-01,11788.138140404251,11904.997006727965,11744.316065532865,11890.3896484375,207437,ULTRACEMCO,0.009675027636835143,0.05449516473738547,0.10647929331505512,11223.17431640625,11309.93240234375,11063.000786132812,1.0594497878426339,1.05132278650697,1.0747888279409505,11482.297249326735,11323.977041325168,158.32020800156715,58.32408473201961,99.99612326954755,71.83843664426189,0.010507574408471668,307993.5,0.6735109669522247,0.01351351351351339,0.909090909090903,0.9923290358552876,1.0223204916084305,0.018509400522792818
2025-07-02,11890.389438456146,12199.091604876345,11851.43648370281,12110.4736328125,445829,ULTRACEMCO,0.018509400522792818,0.059916426333901374,0.12716391293994045,11291.488037109375,11319.22267578125,11067.619384765625,1.0725312370709277,1.0699032945720046,1.0942257057992386,11578.939769863005,11382.236048102008,196.70372176099772,86.00001213781525,110.70370962318248,81.03742290833901,0.010836884461289694,313032.6,1.4242254640570984,0.02870697973624972,0.7450980392156792,0.9975497753276631,1.022733280054964,-0.003055609874104137
2025-07-03,12110.474058315858,12245.835580839652,12052.044624132925,12073.46875,275755,ULTRACEMCO,-0.003055609874104137,0.037402687110351884,0.11103141015485041,11351.81640625,11327.9676171875,11070.968125,1.0635715305748494,1.065810669486853,1.0905522094979385,11655.021151422543,11433.438470464822,221.5826809577211,113.11654590179643,108.46613505592467,83.8915200852276,0.010942839460275097,317261.2,0.8691734129480693,0.016050975963865167,0.11055276381909572,1.0021053016629669,1.0232138227918075,0.00871107166799101
2025-07-04,12075.41626894091,12213.699261698135,12017.960659274177,12178.6416015625,191516,ULTRACEMCO,0.00871107166799101,0.023990885764138437,0.11134806815843556,11412.82646484375,11334.72595703125,11074.805229492187,1.0671012688292227,1.0744539963057285,1.0996709512444336,11735.578143751767,11488.638702397984,246.93944135378297,139.88112499219375,107.05831636158922,82.21804081178732,0.010947297086089136,319650.85,0.5991412192396799,0.016072285303054296,0.8208955223880556,1.006890374598254,1.0234695529314497,-0.012873860479840737
2025-07-07,12149.42639352977,12172.798166008506,11983.876338472051,12021.85546875,149939,ULTRACEMCO,-0.012873860479840737,0.02083847641202019,0.09635876738879534,11465.656396484375,11336.82939453125,11078.225048828124,1.04851000701854,1.0604248375254899,1.085178845506636,11779.620809136111,11528.136240646281,251.48456848983005,162.20181369172101,89.28275479810904,79.72809985992836,0.011647569030004015,316686.25,0.4734622990420329,0.015714864317537686,0.2010309278350595,1.0113635830151302,1.0233434818811955,0.008100481057448983
2025-07-08,12021.855892489451,12167.929475630272,11982.902936985234,12119.23828125,219226,ULTRACEMCO,0.008100481057448983,0.019246520894508512,0.09252916791677057,11516.976904296875,11343.27611328125,11082.117172851562,1.0522933563171797,1.0684072361652395,1.0935851058260895,11831.869650999786,11571.921576987297,259.9480740124891,181.75106575587463,78.19700825661445,80.64901833757828,0.011562934594195464,313651.65,0.698947383187686,0.015267175572519017,0.7368421052631656,1.0153131061327376,1.0235657985163216,0.009401374686747177
2025-07-09,12085.154549061654,12250.704611377569,12052.04453659847,12233.17578125,379924,ULTRACEMCO,0.009401374686747177,0.01013190335554226,0.09577810277618215,11570.43984375,11356.77330078125,11086.650805664063,1.0572783702650672,1.0771700250817247,1.1034149082246,11893.609055653666,11620.903369895646,272.7056857580192,199.94198975630354,72.76369600171563,81.7575455044884,0.011608241207479952,320760.5,1.1844475862832238,0.016239452316510306,0.911764705882347,1.0188140184989034,1.0243646615963753,-0.003661837223508213
2025-07-10,12190.327530604576,12335.427291114249,12155.269870347203,12188.3798828125,269323,ULTRACEMCO,-0.003661837223508213,0.00951765687160111,0.105360825545737,11628.528466796875,11373.81521484375,11090.977021484376,1.0481446485352104,1.071617540164155,1.098945553597518,11938.958413678101,11662.938667148746,276.01974652935496,215.15754111091383,60.862205418441135,79.29128957046153,0.011093839667499737,321100.15,0.8387507760429261,0.014781080217322022,0.18378378378379387,1.0223947063620926,1.025501648124551,-0.0016778436108098038
2025-07-11,12188.3799894958,12306.21268194778,12126.05525960384,12167.9296875,240034,ULTRACEMCO,-0.0016778436108098038,-0.0008795655880968756,0.11323951594832415,11690.414990234374,11390.9934765625,11094.3693359375,1.0408466848836864,1.068206185223096,1.0967662351103604,11974.184763496856,11700.345409396987,273.8393540998695,226.89390370870495,46.94545039116457,78.76788570798169,0.010737275921780426,324034.1,0.7407677154966098,0.014805922368947795,0.23243243243243947,1.0262858120573897,1.0267364580755536,0.0016806635013275617
2025-07-14,12167.9295809957,12249.7307882629,12104.631027753228,12188.3798828125,278918,ULTRACEMCO,0.0016806635013275617,0.013851806361785846,0.0888212476502177,11740.1287109375,11407.47056640625,11097.06658203125,1.0381811122272786,1.0684559571607348,1.0983425027428728,12007.137858776186,11736.49611113147,270.6417476447168,235.64347249590736,34.998275148809455,77.41370468124158,0.009811901540476656,317924.8,0.8773080929829947,0.011904761904761762,0.5771812080536807,1.0291614291349471,1.0279717150546448,-0.0011185089922594038
2025-07-15,12216.621500325571,12216.621500325571,12099.762625870486,12174.7470703125,154124,ULTRACEMCO,-0.0011185089922594038,0.004580220949065739,0.09830458393467123,11794.614208984374,11423.22705078125,11100.671440429687,1.0322293594849898,1.0657887667110542,1.0967577173729266,12032.923891320235,11768.95914514488,263.9647461753557,241.30772723179706,22.657018943558626,74.50610316515808,0.009339947023985674,319560.25,0.4823002860962839,0.009598464245720525,0.6416666666666762,1.0325115798322266,1.0290573063154347,-0.003919485942862844
2025-07-16,12176.693336319562,12187.405398595594,12073.468008932336,12127.0283203125,156311,ULTRACEMCO,-0.003919485942862844,-0.00867701591439518,0.09179381103221873,11845.593896484375,11438.7108203125,11103.771606445312,1.0237585743937796,1.060174394720925,1.0921539770570592,12047.401495780583,11795.482787749888,251.9187080306947,243.4299233915766,8.48878463911808,67.92853955344742,0.009523632192552875,319535.0,0.4891827186380209,0.009395326427366889,0.47008547008547064,1.0355707109449208,1.0301644545419837,0.003372744427337704
2025-07-17,12138.714970363146,12219.542354441775,12106.578781512606,12167.9296875,166142,ULTRACEMCO,0.003372744427337704,-0.0016778436108098038,0.09413306579967018,11897.9369140625,11455.53849609375,11105.865327148438,1.0226924025053779,1.0621874905007014,1.0956309417650987,12065.944294506648,11823.071446990638,242.87284751600964,243.31850821646321,-0.44566070045357264,61.94917616504574,0.009497549053371187,319954.25,0.519267989095316,0.009283713485393976,0.5431034482758649,1.038618736091682,1.031485450133321,0.0002400489247156301
2025-07-18,12192.274710828731,12229.280017459045,12115.342625992032,12170.8505859375,98339,ULTRACEMCO,0.0002400489247156301,0.0002400489247156301,0.0907662332524759,11948.575732421876,11477.6248046875,11108.522407226563,1.0186026233162244,1.0603980172767875,1.0956318167049695,12082.083723957549,11848.832864690406,233.250859267142,241.304978426599,-8.054119159457002,69.04982924850475,0.009543460705536272,293376.45,0.3351973207120067,0.009361497839654554,0.48717948717948717,1.0410320894565257,1.0332269570992467,0.00632105510163683
2025-07-21,12231.228196807664,12381.1970775647,12050.096951217996,12247.783203125,512521,ULTRACEMCO,0.00632105510163683,0.004873766725655537,0.09852381917533792,12003.499365234375,11494.00451171875,11112.2959765625,1.0203510518439434,1.0655801631744388,1.1021829538159722,12107.575951521772,11878.384741611488,229.19120991028467,238.88222472333615,-9.691014813051481,67.90242308441123,0.009472402365250267,303757.15,1.687272217295955,0.02703347380138347,0.5970588235294144,1.0443270100508633,1.0343501051413073,-0.009938740508685817
2025-07-22,12317.89897966002,12366.590176512182,11973.165305946712,12126.0556640625,533617,ULTRACEMCO,-0.009938740508685817,-0.003999377232955514,0.07539512523633718,12046.006787109374,11509.41041015625,11115.289755859376,1.0066452624814048,1.0535774841569734,1.0909347331832087,12110.418984220345,11896.730735867119,213.6882483532263,233.8434294493142,-20.155181096087887,50.86584690854234,0.00987912929544546,293653.0,1.8171685628956626,0.03244458721490512,0.38861386138613674,1.046622403566356,1.035457524091004,-0.006424778899324246
2025-07-23,12133.844934630615,12187.405245337251,12034.514903865584,12048.1484375,189617,ULTRACEMCO,-0.006424778899324246,-0.006504469250754319,0.0544616852321822,12077.12041015625,11523.04392578125,11118.441049804687,0.9976010860476404,1.0455699479322387,1.08361850222803,12100.838900109524,11907.946861913999,192.89203819552495,225.65315119855634,-32.7611130030314,48.6542011057891,0.009853504636281091,290477.15,0.6527776797589758,0.01268994503718056,0.0891719745222939,1.048084211771104,1.0363902523891757,-0.005496257529197579
2025-07-24,12048.14873307207,12074.441977154913,11909.865745673407,11981.9287109375,180080,ULTRACEMCO,-0.005496257529197579,-0.015286164642583144,0.029537185946767686,12094.308349609375,11531.02927734375,11122.598056640625,0.9907080557710847,1.039103138388494,1.077259885677863,12082.54502485229,11913.426998878702,169.11802597358837,214.34612615356278,-45.228100179974405,39.09288005492708,0.009264537570850634,274152.15,0.6568615274401458,0.013735370611183406,0.43786982248521666,1.0488489846584952,1.0367208469301177,0.0019220839977520665
2025-07-25,12000.059001116071,12098.058666294644,11949.099175223217,12004.958984375,290381,ULTRACEMCO,0.0019220839977520665,-0.013630238937792472,0.009387498717027709,12099.890771484375,11539.26099609375,11127.9409375,0.9921543269354878,1.0403576960811354,1.078812248537332,12070.608710932707,11920.207145952503,150.40156498020406,201.55721391889105,-51.155648938686994,48.89997965515487,0.007926551235691096,263606.85,1.1015684911071166,0.01240816326530605,0.3749999999999863,1.0485845476222793,1.0369628182701478,-0.0008163130503198168
2025-07-28,12028.479066297745,12120.598752808415,11965.759279737284,11995.1591796875,214107,ULTRACEMCO,-0.0008163130503198168,-0.020626101821678455,0.018571555209776713,12110.826123046874,11546.8292578125,11132.4584375,0.9904492936993571,1.038827102390179,1.0774941803763192,12059.001090741138,11925.759148451392,133.24194228974557,187.89415959306197,-54.652217303316405,40.88223263557491,0.0075563986058375405,257657.0,0.830976841304525,0.012908496732026318,0.1898734177215291,1.048844306314894,1.0372218609787647,-0.0015523026338016832
2025-07-29,11955.959132845102,12016.71892515956,11879.519394126914,11976.5390625,208446,ULTRACEMCO,-0.0015523026338016832,-0.012330192579077193,0.007245297808539108,12115.13359375,11558.543671875,11137.0758984375,0.9885602143651557,1.0361633266690935,1.0753755448663391,12046.314624857885,11929.520623566103,116.79400129178248,173.67412793280607,-56.880126641023594,28.06926479178837,0.007286113209893358,257707.45,0.808847396534326,0.01145569102364756,0.707142857142867,1.0481539835532507,1.0378436653643197,0.0038458979371780444
2025-07-30,11960.859816793436,12133.339237338758,11956.93982996286,12022.599609375,185681,ULTRACEMCO,0.0038458979371780444,-0.0021205605373750824,-0.007256035238738412,12110.739892578125,11571.78306640625,11141.534619140624,0.9927221388631143,1.0389582608299583,1.079079320789503,12042.66616093744,11936.41536325565,106.25079768179057,160.18946188260298,-53.93866420081241,35.86390094013606,0.005988712031233769,244700.05,0.7588106336717136,0.014672318226279915,0.37222222222222645,1.0465750889970025,1.0386166234700271,-0.0015487596520290525
2025-07-31,11956.939650924947,12082.379227625086,11911.859803048335,12003.9794921875,150379,ULTRACEMCO,-0.0015487596520290525,0.001840336541968579,-0.005755533828047499,12107.2654296875,11584.3773828125,11145.942841796876,0.9914690944788623,1.0362213777667115,1.076981971159319,12036.714365745142,11941.4201135469,95.29425219824225,147.21041994573082,-51.91616774748857,35.976183276503534,0.0059622625107563325,238431.25,0.6307017221945529,0.014205241244183158,0.5402298850574739,1.0451373457196587,1.039335796642659,-0.011102926072286468
2025-08-01,11937.339971856813,12043.1796169566,11833.460320184797,11870.7001953125,212570,ULTRACEMCO,-0.011102926072286468,-0.011183610809270106,-0.025285365669229565,12091.868359375,11593.02068359375,11150.273833007812,0.9817093473490369,1.0239523002069442,1.0646106430294144,12011.173724140119,11936.181601085093,74.99212305502624,132.76676056758993,-57.774637512563686,27.223053095610183,0.006036816469719672,239483.95,0.8876168945768599,0.01766696937174925,0.17757009345794295,1.0430299996347985,1.039707262549489,0.011888021624935519
2025-08-04,11914.799664381831,12044.159226456057,11889.31975063994,12011.8193359375,207875,ULTRACEMCO,0.011888021624935519,0.0013889066414567441,-0.0008348239453209727,12091.366552734375,11605.59650390625,11154.74267578125,0.9934211557932725,1.0350023225341776,1.0768351798932216,12011.273049032023,11941.784396259345,69.4886527726776,120.11113900860747,-50.62248623592987,40.12388504642138,0.0060691979994202784,242380.75,0.8576382406606136,0.012890593130456256,0.7911392405063253,1.0418565343594897,1.04041812897252,0.0033450126393250734
2025-08-05,12083.358916814472,12130.39875687993,12016.719143388407,12051.9990234375,267535,ULTRACEMCO,0.0033450126393250734,0.00630064833786359,-0.005548142238982812,12088.00458984375,11624.195625,11159.873037109375,0.9970213804818951,1.0368028388577208,1.0799405139611877,12017.538583555941,11949.948442716986,67.59014083895454,109.6069393746769,-42.01679853572236,45.4100323322986,0.005822270730313758,244796.2,1.092888696801666,0.009432428037079124,0.31034482758620413,1.0399003062066714,1.0416064399968203,-0.0058545947585361136
2025-08-06,12051.99921434085,12142.158909227774,11963.799512821037,11981.439453125,192086,ULTRACEMCO,-0.0058545947585361136,-0.00342356541740807,-0.02057816650610389,12075.4177734375,11644.94775390625,11166.135688476563,0.9922173855947886,1.0288959389367698,1.0730157493509442,12011.984871181949,11952.281110154618,59.703761027330984,99.62630370520772,-39.922542677876734,38.99082674586997,0.005478838090392868,235404.3,0.8159833953755306,0.014886307868477111,0.09890109890109991,1.0369662473914365,1.0428807314175683,0.0038442434644601065
2025-08-07,11959.87925381172,12062.778903242255,11882.45951757351,12027.4990234375,202031,ULTRACEMCO,0.0038442434644601065,0.001959311182204715,-0.013199527822550627,12067.37373046875,11666.0173046875,11172.375439453124,0.9966956598907208,1.0309858719826135,1.0765391020574433,12014.371663836648,11957.852807434832,56.518856401815356,91.00481424452926,-34.4859578427139,41.94758403384393,0.005545376652807693,232039.7,0.870674285477873,0.014992259431271937,0.8043478260869523,1.0344038942596099,1.0441841457897283,-0.009451648034098925
2025-08-08,12039.258907789108,12068.658807441829,11892.259409525504,11913.8193359375,201770,ULTRACEMCO,-0.009451648034098925,0.0036324007780119683,-0.020883614393625627,12054.668212890625,11685.9623828125,11179.020615234374,0.9883158230101673,1.0194983473042944,1.0657301516826767,11998.902074929087,11954.591068805401,44.31100612368573,81.66605262036056,-37.35504649667483,31.984170383318215,0.0058833886789052435,230126.5,0.8767786413124955,0.014806284445175644,0.12222222222222429,1.0315511737929612,1.045347601102666,0.020399760618065033
2025-08-11,11917.73921671894,12176.458331365253,11917.73921671894,12156.8583984375,218605,ULTRACEMCO,0.020399760618065033,0.01207469563466268,-0.0025861914937070907,12053.092138671875,11711.060390625,11187.09595703125,1.0086090986920024,1.0380664084158744,1.0866858070343752,12023.203047776535,11969.573833963334,53.629213813201204,76.05868485892869,-22.42947104572748,51.469352389293135,0.007582339975731712,227110.85,0.9625475841422811,0.021281741233373785,0.9242424242424171,1.0292058734767247,1.0468365012337657,0.003546978649767052
2025-08-12,12198.018522289693,12279.358245704976,12149.018688906992,12199.978515625,334100,ULTRACEMCO,0.003546978649767052,0.012278418866424223,0.0020724410262309423,12054.3537109375,11740.13701171875,11195.737963867188,1.0120806812359726,1.039168325160707,1.089698468738628,12050.399273599376,11986.640847419752,63.75842617962371,73.5986331230677,-9.840206943443988,57.49122103713184,0.007621098373666811,236109.65,1.4150205211858136,0.01068358904329652,0.3909774436090169,1.0267643127933774,1.0486255617636409,-0.0038557476967893134
2025-08-13,12235.25819529738,12266.618088148763,12140.198520091626,12152.9384765625,207359,ULTRACEMCO,-0.0038557476967893134,0.014313724499335434,0.0021365626900202717,12055.64921875,11768.311796875,11202.730048828125,1.0080700139865704,1.0326832502678622,1.08481936310103,12066.174535593702,11998.959190319214,67.21534527448785,72.32197555335173,-5.106630278863889,58.6003096060381,0.007619328556688005,238662.05,0.8688394321594071,0.010402386904281906,0.10077519379844671,1.0244161972281616,1.0504860641630864,-0.006773615788169818
2025-08-14,12164.698822162713,12179.39877240298,11980.459445818024,12070.619140625,235741,ULTRACEMCO,-0.006773615788169818,0.0035851274735898553,-0.007997296941563259,12050.78369140625,11792.38615234375,11209.546201171876,1.0016459883213151,1.0235942908150062,1.0768160391152235,12066.858320983132,12004.26733478631,62.590986196822996,70.37577768204599,-7.784791485222996,53.11629804037895,0.007729340131240625,242142.0,0.9735650981655393,0.016481286027441918,0.45320197044335664,1.0219122352104406,1.0519949639987158,0.03637245785179899
2025-08-18,12375.397685627204,12645.876760796124,12304.837926887483,12509.6572265625,808480,ULTRACEMCO,0.03637245785179899,0.05001233221891166,0.027837548266056666,12067.7240234375,11823.41048828125,11218.083295898437,1.0366210896327006,1.0580413527011874,1.1151332091763206,12134.981229533803,12041.703623066027,93.27760646777642,74.95614343919208,18.321463028584347,67.3496364402761,0.011285052763473602,277649.05,2.9118774222350123,0.027262044653349273,0.6005747126436781,1.0206635416573249,1.0539599480959578,0.0076772718327222655
2025-08-19,12531.217518117614,12622.357209146388,12376.378043036471,12605.697265625,351252,ULTRACEMCO,0.0076772718327222655,0.036920629695348595,0.029222762728905893,12085.6197265625,11856.219296875,11227.00564453125,1.0430327571799602,1.0632139090871524,1.1228013652745708,12207.39908124014,12083.480929922247,123.91815131789372,84.7485450149324,39.16960630296131,70.1633327032207,0.011319988029277694,269585.6,1.3029330943492532,0.019513332815050848,0.932270916334663,1.0193485312597046,1.0560446544934485,0.0008551905706077889
2025-08-20,12592.957618219134,12671.357354363689,12509.657898565543,12616.4775390625,290957,ULTRACEMCO,0.0008551905706077889,0.0341393243360284,0.040443643719486166,12110.1408203125,11886.69228515625,11235.529067382813,1.041810968696641,1.0613951498363918,1.1229090738315683,12270.334228597427,12122.962160228932,147.3720683684951,97.27324968564494,50.09881868285015,69.47301614951542,0.010998607295420057,257452.6,1.1301381302810691,0.012816529439179797,0.6606060606060618,1.0187982097791228,1.0579557236573567,-0.00031069859735910477
2025-08-21,12632.157551324544,12647.837498634177,12534.157880639325,12612.5576171875,155457,ULTRACEMCO,-0.00031069859735910477,0.03781958918918216,0.04684613429319717,12138.361279296874,11915.66509765625,11244.711879882812,1.0390659271856912,1.0584854067162668,1.121643466895031,12322.983980688208,12159.228490374011,163.75549031419723,110.56969781135541,53.18579250284182,70.14927399965597,0.010834666284913185,255744.6,0.6078603419192429,0.009013209013209013,0.6896551724138058,1.0186893622651771,1.0596683334300274,-0.02183378591168783
2025-08-22,12606.676811104931,12606.676811104931,12311.697821665988,12337.177734375,226948,ULTRACEMCO,-0.02183378591168783,0.022083257755425967,0.029648734524118536,12156.12373046875,11941.87650390625,11252.1275390625,1.0148940573426748,1.0331021033703913,1.0964306698040596,12325.167635101561,12172.409915855565,152.75771924599576,119.00730209828349,33.75041714771227,64.1162247351987,0.012009312486366627,258088.0,0.8793434797433434,0.023909762491063507,0.0863787375415287,1.0179408342141554,1.0612994264817246,0.0013504025481922977
2025-08-25,12394.997750327226,12476.3374730721,12304.83805764616,12353.837890625,199190,ULTRACEMCO,0.0013504025481922977,-0.012455923700822047,0.029061232670938963,12173.56767578125,11970.34927734375,11260.327407226563,1.0148083306098006,1.032036543328529,1.0971117840407245,12329.57844364363,12185.849025097747,143.72941854588316,123.95172538780344,19.777693158079728,61.19305866538659,0.012009010054653895,253528.45,0.7856711939034849,0.013882278280184217,0.2857142857142827,1.016976814437832,1.063055170994541,0.00031730397546936295
2025-08-26,12329.337909521211,12514.557277210546,12230.35824742268,12357.7578125,290322,ULTRACEMCO,0.00031730397546936295,-0.019668840834462742,0.03022874706210832,12191.697607421875,11993.62232421875,11267.697216796874,1.0136207614743524,1.0303607599470554,1.0967420915498298,12333.913731159995,12198.583009349766,135.33072181022908,126.22752467228857,9.103197137940512,60.24966068747696,0.012000167806263442,257339.2,1.12816858061267,0.02299762093576517,0.4482758620689671,1.0165150509036083,1.06442532963521,-0.0070578925308179
2025-08-28,12318.55792190994,12394.997660804847,12222.518249965058,12270.5380859375,283677,ULTRACEMCO,-0.0070578925308179,-0.02741965434123117,0.024547911704980496,12206.39755859375,12017.33234375,11274.153505859374,1.0052546647801581,1.021070045742655,1.0883777730683095,12324.163631894995,12203.913015022932,120.25061687206289,125.03214311224343,-4.78152624018054,59.584126784739574,0.012137631173050362,261100.75,1.0864656650737312,0.014056385272741792,0.2784090909090938,1.0157327108409446,1.065918814880814,0.009504075238652376
2025-08-29,12270.53859662406,12474.377908827382,12270.53859662406,12387.158203125,177858,ULTRACEMCO,0.009504075238652376,-0.017871031467506793,0.030322775904948474,12224.62548828125,12042.92681640625,11282.281630859376,1.0132955169055737,1.028583698295816,1.0979302421633899,12333.855104391918,12217.486732660122,116.36837173179629,123.29938883615401,-6.931017104357721,61.39044095042454,0.012265786038838577,260709.6,0.6822073295344705,0.016455696202531667,0.5721153846153902,1.0150875841599791,1.0674194467426121,0.014715182763147094
2025-09-01,12386.178119639795,12594.917413846872,12383.23812958054,12569.4375,214241,ULTRACEMCO,0.014715182763147094,0.01882600466862505,0.04710587919452158,12252.898388671874,12071.8941796875,11291.357426757813,1.0258338150931516,1.0412150167079561,1.113191003077579,12370.098549870085,12243.557159870485,126.54138999960014,123.94778906884324,2.5936009307569066,69.89886259694484,0.012583465928370887,263902.7,0.8118181435809485,0.01684079214096341,0.8796296296296371,1.0149938531841123,1.0691269192382487,-0.0074848280302917125
2025-09-02,12532.19722788197,12590.997027199528,12433.217565697418,12475.357421875,214101,ULTRACEMCO,-0.0074848280302917125,0.009836581338194428,0.050936946988288545,12283.13125,12098.23984375,11300.317778320312,1.0156496065997014,1.0311712764001633,1.1039828849600146,12386.292222486227,12260.727549648596,125.5646728376305,124.2711658226007,1.2935070150298031,60.62785009440301,0.01240417742359145,263979.25,0.8110523838521398,0.012647289866457117,0.26708074534161497,1.015282504615373,1.0706105864527546,0.00023569903354792032
2025-09-03,12445.95796079822,12514.557729086086,12403.818103135676,12478.2978515625,140022,ULTRACEMCO,0.00023569903354792032,0.00975419982260628,0.03883495934952741,12306.45517578125,12124.81958984375,11309.674819335938,1.0139636209880674,1.0291532801044594,1.103329498937369,12400.446934651807,12276.843868308886,123.60306634292101,124.13754592666476,-0.5344795837437459,59.54300562202199,0.012215180888780435,260586.6,0.5373338460227809,0.008874577868530591,0.6725663716814139,1.0149804774076512,1.0720749962778924,-0.006439930826778406
2025-09-04,12739.957331065729,12835.017012689832,12381.278532360338,12397.9384765625,305040,ULTRACEMCO,-0.006439930826778406,0.010382624603154644,0.02870390650150667,12323.7521484375,12147.26021484375,11319.164692382812,1.0060197841721774,1.0206366091847134,1.0953050700733813,12400.061018022683,12285.813839290637,114.24717873204645,122.15947248774111,-7.912293755694662,58.21289628992363,0.012352687753814921,262461.85,1.1622260530435187,0.03659789739941497,0.03671706263498642,1.014529361392792,1.0731587131176032,-0.003952269975579514
2025-09-05,12426.3582162378,12483.198025113335,12279.358710525206,12348.9384765625,153774,ULTRACEMCO,-0.003952269975579514,-0.0030854313746359052,0.03067235993431905,12342.127099609375,12165.72146484375,11328.67103515625,1.0005518803118905,1.015060102456579,1.090060646852579,12392.196011644193,12290.489738347813,101.70627329638046,118.06883264946899,-16.36255935308853,59.54300562202199,0.012300388723215497,260546.25,0.5901984772377266,0.0165066264582177,0.34134615384615186,1.0145002197588855,1.0738877867571475,0.004999559915994212
2025-09-08,12348.937944635138,12488.097470715464,12348.937944635138,12410.677734375,126448,ULTRACEMCO,0.004999559915994212,-0.012630618166087348,0.03185855265428117,12361.28603515625,12181.17162109375,11338.961298828124,1.0039956764270543,1.0188410540808588,1.0945162795165053,12395.03935360278,12299.392552868345,95.6468007344356,113.58442626646232,-17.937625532026715,45.42159455262128,0.012314272480555518,256767.1,0.492461845773855,0.011212886923562848,0.4436619718309813,1.0147862963978442,1.0742757912360692,-0.00726464594578724
2025-09-09,12444.97813601468,12453.798106344952,12282.298683256318,12320.5185546875,240234,ULTRACEMCO,-0.00726464594578724,-0.012411577636725402,0.03413676229949281,12381.62099609375,12189.71578125,11348.125668945313,0.9950650693131757,1.0107305843536318,1.085687532382831,12383.574615308122,12300.957441891986,82.61717341613621,107.3909756963971,-24.773802280260895,36.73658479423795,0.01221993797307848,258690.3,0.9286548432623876,0.01391982182628052,0.22285714285714614,1.0157432066741814,1.0741611554944037,-0.007476967530108736
2025-09-10,12372.45794786324,12373.437944532378,12171.558630690017,12228.3984375,175576,ULTRACEMCO,-0.007476967530108736,-0.020026722958148335,0.00588474725276833,12385.197998046875,12198.75470703125,11355.927192382813,0.9873397614982334,1.0024300620170403,1.0768295913082653,12359.701357183796,12295.582700825911,64.1186563578849,98.73651182869466,-34.61785547080976,33.22034098691806,0.011552351916179404,256538.85,0.6844031615484361,0.016509055938451523,0.28155339805824325,1.0152837970344761,1.074219172100168,-0.006892096075030274
2025-09-11,12228.39885706252,12266.618728470232,12112.75924613662,12144.119140625,132660,ULTRACEMCO,-0.006892096075030274,-0.020472704911169592,-0.004578645358142119,12382.405029296875,12203.829296875,11361.260092773438,0.9807560899431016,0.9951072606148884,1.068906005272207,12326.534862328597,12284.363177848065,42.17168448053235,87.4235463590622,-45.25186187852985,31.061819795505357,0.011636122529172717,246466.85,0.5382468271087978,0.01266946417043247,0.20382165605095728,1.0146327622320646,1.0741615980288572,-0.0017753899336243606
2025-09-12,12148.038506719888,12229.378228892989,12096.098684127426,12122.55859375,153086,ULTRACEMCO,-0.0017753899336243606,-0.018331930573802335,-0.0024997973017875097,12380.88603515625,12204.07099609375,11366.0851953125,0.9791349794616706,0.9933208842877234,1.066555316578964,12295.15389793189,12272.37765310006,22.7762448318299,74.49408605361575,-51.71784122178585,39.08276769250333,0.01161067144299415,243753.2,0.6280368832080974,0.010994341147938624,0.19852941176469766,1.0144882014468037,1.07372686253723,0.005254682402223487
2025-09-15,12122.559004479544,12231.338636613516,12077.479156928528,12186.2587890625,179530,ULTRACEMCO,0.005254682402223487,-0.018082730864157903,0.009580258236158157,12386.668017578126,12206.326796875,11372.866767578125,0.9838205699683545,0.9983559339229195,1.0715204036156654,12278.400804259676,12265.998477986168,12.402326273508152,62.07573409759423,-49.67340782408608,41.86491475750855,0.011556104383401614,240942.65,0.7451150719891227,0.012625653397667993,0.7070063694267469,1.014774405413207,1.0732849550012238,0.011499808994970495
2025-09-16,12247.018705154833,12346.978368108006,12197.038873678248,12326.3984375,189043,ULTRACEMCO,0.011499808994970495,0.00047724312790897727,-0.014649385330349096,12377.505078125,12209.28193359375,11380.257255859375,0.9958710062890364,1.0095924153888203,1.08313882194126,12285.785055527418,12270.472549061265,15.312506466152627,52.72308857130591,-37.41058210515328,48.65548582884073,0.008405921325651631,209970.8,0.9003299506407558,0.012164096040705992,0.8627450980392147,1.0137782996122306,1.0728476219030578,0.01136906689720174
2025-09-17,12424.398227616985,12543.95782564264,12361.678438488769,12466.5380859375,264319,ULTRACEMCO,0.01136906689720174,0.019474312163988206,-0.011039387727244443,12370.547119140625,12218.1755859375,11389.040341796876,1.0077596379426381,1.0203272983149672,1.0946082998921598,12313.593214052045,12284.995922163209,28.59729188883648,47.897929234812025,-19.300637345975545,58.038603753997194,0.008637014178582737,205624.15,1.285447258991709,0.01462149202106761,0.5752688172042969,1.0124708907750921,1.0728011508658692,-0.007467960129205253
2025-09-18,12475.358134535136,12493.978072049367,12310.718687040877,12373.4384765625,190079,ULTRACEMCO,-0.007467960129205253,0.01888315927092421,-0.01926362265121262,12358.395166015625,12223.25958984375,11396.362924804687,1.0012172543720113,1.012286320650797,1.0857357350063996,12322.800177515193,12291.547222489082,31.252955026111522,44.56893439307193,-13.315979366960406,49.426239349958465,0.008766839134910215,200580.25,0.9476456430780199,0.014810708062727785,0.3422459893048171,1.0110556087906502,1.072557944187552,-0.00934579734295704
2025-09-19,12349.918518710523,12391.078380461506,12234.27890712444,12257.798828125,571670,ULTRACEMCO,-0.00934579734295704,0.01115608007411284,-0.028127426635424002,12340.6572265625,12223.75205078125,11400.933740234375,0.9932857386023856,1.0027852967895872,1.0751574482769521,12312.799969916703,12289.047341425076,23.752628491627547,40.40567321278306,-16.65304472115551,36.19793919304668,0.008963529486708024,221390.9,2.582174786768562,0.012791813239526773,0.1499999999999977,1.0095637718513588,1.072171133461035,0.011352705460315304
2025-09-22,12296.018349725173,12451.837821918232,12291.118366322877,12396.9580078125,499548,ULTRACEMCO,0.011352705460315304,0.017289901880231495,0.004845538803492699,12343.646240234375,12227.92361328125,11405.208022460938,1.0043189643109145,1.013823638409685,1.0869558874681156,12325.74736036221,12297.04072412044,28.706636241769957,38.065865818580434,-9.359229576810478,46.661115792293046,0.007999123066754765,235020.9,2.125547132191222,0.012964426877470346,0.6585365853658468,1.0094638002831025,1.0721350797986402,-0.01968382332957974
2025-09-23,12396.957642812324,12443.9974820894,12113.73861049827,12152.9384765625,403638,ULTRACEMCO,-0.01968382332957974,-0.01407223381728362,-0.016262105415431827,12333.60126953125,12227.6237890625,11408.678759765626,0.9853519836566262,0.9938920828945682,1.065236276037644,12299.161378239176,12286.36648356059,12.794894678585479,33.01167159058144,-20.216776911995964,38.50413849358006,0.009149877531054418,245243.3,1.6458675935285492,0.027175227804209584,0.11869436201780509,1.0086670543923297,1.0717826355305053,-0.015079380959257094
2025-09-24,12178.418984490134,12198.998915179302,11955.95973370722,11969.6796875,166517,ULTRACEMCO,-0.015079380959257094,-0.03985536281303037,-0.03140360337920323,12314.19736328125,12223.24978515625,11410.424926757812,0.9720227258328228,0.9792550997391724,1.0490126147213603,12248.471887356227,12262.908202370916,-14.436315014689171,23.52207426952732,-37.958389284216494,35.894115399238444,0.009684796071561051,239053.05,0.6965692343184913,0.02030456852791888,0.05645161290323414,1.0074405399319784,1.0712352838405113,-0.005976771386556834
2025-09-25,11965.759419110604,12029.459203078026,11877.559718232642,11898.1396484375,272540,ULTRACEMCO,-0.005976771386556834,-0.03841283318499544,-0.030348989986574648,12295.57744140625,12217.71763671875,11412.2238671875,0.9676763621015187,0.973843069730078,1.0425785356916375,12194.57461983027,12235.88830948696,-41.31368965669026,10.554921484283806,-51.86861114097407,35.36894432301676,0.009655405217436625,238496.2,1.1427435741114533,0.012766658430112803,0.13548387096773945,1.0063726963580746,1.0705816656687932,-0.005847979615379417
2025-09-26,11897.15933584041,11954.979138213936,11750.159838280602,11828.5595703125,181541,ULTRACEMCO,-0.005847979615379417,-0.035017645813180454,-0.045094978497293936,12267.647509765626,12211.74826171875,11413.838994140626,0.9642076495021893,0.9686213076789778,1.0363348892852593,12138.264612212151,12205.715810288852,-67.45119807670017,-5.046302427912989,-62.404895648787175,31.20253639572718,0.00934001212534118,238680.35,0.7606030408452141,0.017315658657829466,0.3827751196172237,1.0045774975743733,1.0699071774174962,-0.0024026528087434107
2025-09-29,11857.95945071786,11903.039296563564,11722.719913180748,11800.1396484375,214806,ULTRACEMCO,-0.0024026528087434107,-0.04814232322146195,-0.061203840789414765,12229.1826171875,12204.3924609375,11415.64798828125,0.9649164639877892,0.9668764492952935,1.0336811068938838,12086.245387016052,12175.673131633195,-89.42774461714362,-21.92259086575912,-67.5051537513845,32.49834464927585,0.008443585412796255,238708.6,0.8998670345349937,0.01528112283032957,0.4293478260869531,1.0020312486942176,1.0690932721003608,0.015032015560594525
2025-09-30,11800.140130566297,12015.73940211555,11800.140130566297,11977.51953125,279155,ULTRACEMCO,0.015032015560594525,-0.014434282346677207,-0.039905701599543986,12204.29072265625,12200.52583984375,11417.60037109375,0.9814187324311058,0.9817215822070988,1.0490400033245,12069.518332282812,12160.995087160367,-91.47675487755441,-35.83342366811818,-55.643331209436234,42.01996468780014,0.009289594463130534,241961.3,1.1537175573118512,0.018000327278677664,0.8227272727272681,1.0003085836513868,1.0685718052220636,-0.010391129867313276
2025-10-01,12028.478971973182,12028.478971973182,11829.539650536766,11853.0595703125,129528,ULTRACEMCO,-0.010391129867313276,-0.009742960566379022,-0.05010605522384681,12173.02880859375,12192.6313671875,11419.132763671874,0.9737149033890923,0.9721494247920226,1.037999979124605,12036.216984287381,12138.18504887534,-101.96806458795982,-49.06035185208651,-52.907712735873304,40.97263911092104,0.009457794031221949,241436.6,0.5364886682466535,0.01678379495659368,0.11822660098522145,0.9983922618503416,1.0677370707148959,-0.0062835668500345054
2025-10-03,11853.059825686152,11896.179679537348,11742.32020102286,11778.580078125,258411,ULTRACEMCO,-0.0062835668500345054,-0.010048593632719816,-0.0499565633115826,12142.060888671875,12185.68185546875,11419.187705078126,0.9700643231919558,0.9665917933709184,1.0314726740928386,11996.580537185475,12111.547643634574,-114.96710644909945,-62.2417027714891,-52.725403677610345,39.670411782922464,0.009454451018117696,239105.15,1.0807420919206467,0.013062650802895521,0.23566878980891492,0.9964203097279042,1.067123351519107,0.0029952908757671093
2025-10-06,11778.580469965134,11857.960203559209,11751.14056205607,11813.8603515625,106362,ULTRACEMCO,0.0029952908757671093,-0.0012426888212908604,-0.04332988831514095,12115.306982421875,12180.99609375,11420.107548828126,0.9751185313507331,0.9698599573169656,1.0344789049534633,11968.469739397324,12089.496733110716,-121.02699371339259,-73.9987609598698,-47.028232753522786,38.622772356394336,0.009526287760274504,236734.55,0.4492880316793641,0.00904189133139787,0.5871559633027478,0.9946072463349832,1.0666270910031799,0.010700900598996865
2025-10-07,11817.779714462871,11965.759210016722,11784.459828046773,11940.279296875,225472,ULTRACEMCO,0.010700900598996865,0.011876100843946968,-0.0379027195426318,12091.787060546874,12180.16310546875,11422.475307617187,0.9874701925436469,0.9803053697625737,1.0453320296444424,11964.132748240045,12078.443589685849,-114.31084144580382,-82.0611770570566,-32.24966438874722,38.10385455980899,0.009832482970514611,241685.75,0.932913918176806,0.015183847669074128,0.8594594594594622,0.9927442642469874,1.0663330650709564,-0.01584038925492315
2025-10-08,11906.960102889669,11938.31999781086,11701.160792469353,11751.140625,173973,ULTRACEMCO,-0.01584038925492315,-0.01890031618477972,-0.04621379588530983,12063.3181640625,12175.08673828125,11423.950932617188,0.9741217520074618,0.9651792120750756,1.0286406773201935,11931.364729280038,12054.198925635044,-122.8341963550065,-90.21578091664658,-32.61841543835992,28.604923250539287,0.010257284503237667,238372.7,0.7298360928076075,0.020181803018931018,0.2107438016528885,0.990819895034725,1.065750965676809,0.01676250177841787
2025-10-09,11751.139814241666,11966.739076949792,11733.499874565545,11948.119140625,171737,ULTRACEMCO,0.01676250177841787,0.008019834014045601,-0.022920360201503343,12049.30419921875,12174.1459375,11426.865009765625,0.9916024148016521,0.9814338682947138,1.0456165475319696,11933.942331025417,12046.341163782448,-112.39883275703141,-94.65239128472355,-17.746441472307865,38.024253576415376,0.011018775996621398,238180.75,0.7210364397626592,0.019520997375328062,0.9201680672268927,0.9897453391045117,1.0653968456873983,0.007299870844603706
2025-10-10,11936.359205467286,12077.478723167393,11868.739436569318,12035.3388671875,198464,ULTRACEMCO,0.007299870844603706,0.02179878961296433,-0.008957444519265612,12043.865185546874,12175.32193359375,11431.422729492188,0.9992920612919508,0.98850272155679,1.0528294816827355,11949.541798127277,12045.52617884949,-95.98438072221325,-94.9187891722215,-1.0655915499917512,43.634299817411474,0.011082993743525152,241470.95,0.821895967196054,0.017343864506147822,0.7981220657277011,0.9892030166624043,1.0650749448869876,-0.008875473895357144
2025-10-13,11980.459355038716,12003.979275244928,11906.959604394306,11928.51953125,87745,ULTRACEMCO,-0.008875473895357144,0.009705479519430238,-0.016006444596608493,12034.163232421875,12173.44033203125,11435.203872070313,0.991221350489309,0.9798807244212793,1.043140084313195,11946.30760322308,12036.859019768046,-90.55141654496583,-94.04531464677038,3.4938981018045467,36.34284712095131,0.011242227208510949,238203.9,0.36836088745818185,0.008133420966152034,0.2222222222222264,0.9885589368485338,1.0645582246035883,-0.008379913423088858
2025-10-14,11928.51922865317,12005.938964034667,11785.439717694955,11828.5595703125,129196,ULTRACEMCO,-0.008379913423088858,-0.009356542153225789,-0.02935266884952792,12016.278271484374,12169.93193359375,11438.885698242188,0.9843779665441549,0.9719495256716325,1.0340657195420873,11928.192521236837,12021.429430919487,-93.23690968264964,-93.88363365394623,0.6467239712965949,39.67560094390528,0.011272528541651679,235687.2,0.5481672318225173,0.018641259320629742,0.195555555555561,0.9873743203373856,1.063908867929671,0.01996690181049332
2025-10-15,11843.260005739912,12078.459211480716,11843.260005739912,12064.7392578125,142328,ULTRACEMCO,0.01996690181049332,0.02668665475292964,-0.02122754517584524,12003.1953125,12173.81271484375,11443.406118164063,1.0051272968330698,0.991040320761773,1.0542961713700083,11949.199711479247,12024.637566244895,-75.43785476564881,-90.19447787628675,14.756623110637946,52.92697316076777,0.01192379169012261,233351.45,0.6099297861658883,0.019494760783039834,0.9416666666666543,0.9859848835906837,1.0638277265647609,0.0038177012638440644
2025-10-16,12059.839001368042,12156.858671539943,12022.599127968724,12110.798828125,129372,ULTRACEMCO,0.0038177012638440644,0.013615505970882902,-0.028535528898257723,11985.408349609375,12175.7923046875,11448.420258789063,1.0104619279425477,0.9946620741438339,1.057857639251793,11974.061114040132,12031.019881939717,-56.95876789958493,-83.5473358809464,26.58856798136148,56.65235972836165,0.011627219540863829,226604.1,0.5709164132511283,0.011085936235636846,0.6569343065693467,0.9843637317133909,1.0635347086721443,0.000971014859704411
2025-10-17,12053.958828061845,12142.15852680376,12013.778965301635,12122.55859375,182242,ULTRACEMCO,0.000971014859704411,0.0072469689075636,-0.02027568030404092,11972.86435546875,12177.20349609375,11454.06873046875,1.0125027924677754,0.9955125245002862,1.0583626551413134,11996.906880149341,12037.800527258998,-40.89364710965674,-75.01659812668848,34.12295101703174,59.54199199126227,0.01154760232511836,226212.25,0.8056239217814243,0.010590137429264549,0.847328244274807,0.9832195347075747,1.0631334404080712,-0.0019401458089982615
2025-10-20,12171.558817127005,12198.998724283168,11931.45962951057,12099.0390625,393365,ULTRACEMCO,-0.0019401458089982615,0.014295112717322311,-0.012951735287148991,11964.9263671875,12179.55548828125,11458.927661132813,1.0112088191098518,0.9933892147493625,1.0558613703041657,12012.619523587904,12042.336715054627,-29.717191466723307,-65.95671679469544,36.23952532797213,59.73199517459042,0.011382114504392983,217297.0,1.8102642926501515,0.022112425076948057,0.6263736263736279,0.9823779183648976,1.0628878939163489,-0.0003239862153309181
2025-10-21,12123.539044617715,12168.618892330303,12025.53937567731,12095.119140625,14465,ULTRACEMCO,-0.0003239862153309181,0.022535251966056435,-0.024347817182028275,11949.834423828124,12180.907890625,11463.6664453125,1.0121578853433464,0.992957113642898,1.0550829613130188,12025.311772362842,12046.246524356136,-20.934751993294412,-56.95232383441523,36.01757184112082,54.316553467451826,0.011031344482152306,193042.85,0.07493155017137387,0.011829525198509114,0.4863013698630233,0.9810298650255191,1.0625664963939858,-0.01596177499930962
2025-10-23,12142.158754728023,12166.65867150512,11869.719680166734,11902.0595703125,370812,ULTRACEMCO,-0.01596177499930962,-0.01348389584090326,-0.02064347702687963,11937.290478515624,12180.6726953125,11465.732329101562,0.9970486679312586,0.9771266224806107,1.0380548951158994,12006.349895124327,12035.566009241793,-29.216114117465622,-51.40508189102532,22.188967773559696,51.71233718190579,0.01072991965886409,191401.55,1.9373510820575905,0.024948538493207127,0.10891089108911244,0.980018983935876,1.0623545313713911,-0.018690797425504613
2025-10-24,11905.979821996534,11930.47973931894,11638.440724835857,11679.6005859375,318840,ULTRACEMCO,-0.018690797425504613,-0.03560444263892193,-0.024234491576698658,11922.7865234375,12171.1275390625,11466.742885742187,0.979603263295711,0.9596153313201695,1.0185630481398498,11956.080770634046,12009.198200108141,-53.11742947409584,-51.74755140763943,-1.3698780664564154,46.865302168726565,0.011006369782271219,199017.7,1.6020685597311193,0.02500419533478782,0.14093959731543884,0.9795958907810337,1.0614284858690037,0.008138940164354125
2025-10-27,11683.52046465356,11807.980043500313,11681.560471285891,11774.66015625,408073,ULTRACEMCO,0.008138940164354125,-0.028698433157449577,-0.010378050336946276,11916.612548828125,12162.621171875,11469.603784179688,0.9880878570150303,0.9681021870086585,1.0265969407322582,11928.169906882653,11991.825011674206,-63.65510479155273,-54.12906208442209,-9.526042707130642,48.80381577433864,0.011133655383557328,205794.35,1.9829164406117077,0.010736579275905277,0.7364341085271318,0.9797733876957585,1.0604220861274396,-0.00699122818366904
2025-10-28,11784.460511630024,11807.000436101333,11628.64103376315,11692.3408203125,513095,ULTRACEMCO,-0.00699122818366904,-0.0336140944819352,-0.011516089443543431,11909.801611328125,12153.40921875,11471.49337890625,0.9817410232250398,0.9620626286716181,1.019251847524259,11891.888508948783,11969.640997499264,-77.75248855048085,-58.85374737763384,-18.89874117284701,42.22496338929111,0.011165648934444657,222372.05,2.3073718122398925,0.015254379347917086,0.3571428571428535,0.9799556154954412,1.0594443824635469,0.00569942746808505
2025-10-29,11701.160663128176,11818.760267782733,11660.98079820454,11758.98046875,394272,ULTRACEMCO,0.00569942746808505,-0.027791265878975957,-0.003488024795787026,11907.74365234375,12147.1764453125,11474.763032226563,0.9875070216543946,0.9680422871677062,1.0247689155519133,11871.44111814897,11954.036513888206,-82.59539573923576,-63.602077049954225,-18.99331868928153,50.26630752083222,0.011240467336116021,231345.35,1.7042572932630804,0.01341778481540113,0.6211180124223513,0.980289016624835,1.0585993289096673,0.00450038351672033
2025-10-30,11799.16043334647,11842.280288750726,11710.960729110491,11811.900390625,159943,ULTRACEMCO,0.00450038351672033,-0.007575090609728163,-0.013827499107214147,11899.4626953125,12133.22130859375,11478.997221679687,0.9926414908866437,0.973517262250779,1.0290010671242762,11862.281006222207,11943.507912165005,-81.22690594279811,-67.127042828523,-14.09986311427511,44.87087465177781,0.010728575763718724,225384.75,0.7096442860486346,0.011117564091927315,0.7686567164179103,0.9807340023448117,1.056993139233318,-0.008794510567914027
2025-10-31,11811.900157417263,11859.91999544211,11678.62060698096,11708.0205078125,175191,ULTRACEMCO,-0.008794510567914027,0.002433295699274085,-0.012236423991596967,11892.2107421875,12115.2677734375,11484.633364257812,0.984511691024648,0.9663856157997694,1.0194509599453045,11838.548621851482,11926.064400731486,-87.51577888000429,-71.20479003881925,-16.310988841185036,37.828001255062375,0.010657916594867995,227667.9,0.7695024199722491,0.015485059010630586,0.1621621621621768,0.9815887658926493,1.0549111485911542,0.00025106320261736315
2025-11-03,11688.420038000131,11744.279847018828,11647.260178723196,11710.9599609375,98394,ULTRACEMCO,0.00025106320261736315,-0.005409939180171408,-0.0057409396327052775,11888.829736328125,12097.157421875,11491.501728515625,0.9850389164168852,0.9680753546085837,1.0190974371850199,11818.919597095484,11910.130738524524,-91.21114142903934,-75.20606031686327,-16.00508111217607,41.23220808988304,0.010573091287029525,219667.05,0.44792334580903237,0.008284518828451817,0.6565656565656569,0.9827787902329715,1.0527046601626024,-0.010962287180403152
2025-11-04,11720.76059007213,11720.76059007213,11549.261166722412,11582.5810546875,199364,ULTRACEMCO,-0.010962287180403152,-0.009387321778571489,-0.019576945214559882,11877.265771484375,12076.557890625,11498.368002929688,0.975189178850879,0.9590962225816868,1.0073239134228749,11782.55982134041,11885.86779898104,-103.30797764063027,-80.82644378161667,-22.481533859013595,40.30889106399744,0.010806728417031917,224317.15,0.8887595085797051,0.01480666723073023,0.1942857142857144,0.9834976057792648,1.0502845175548385,0.007699465868525879
2025-11-06,11563.961104770153,11745.260494972055,11562.001111362564,11671.7607421875,189652,ULTRACEMCO,0.007699465868525879,-0.007417286455597916,-0.02248846513647096,11863.83984375,12063.24955078125,11505.495634765624,0.9838097020785653,0.9675469858311606,1.0144509295991977,11765.51380916304,11870.008016996333,-104.49420783329333,-85.559996591952,-18.93421124134133,32.48905157768681,0.010656468400273072,222526.15,0.8522683738517923,0.01570109151973115,0.5989304812834222,0.9834696525018556,1.0484771741888532,-0.00512178708576716
2025-11-07,11633.540395352456,11711.940128452296,11597.28051879378,11611.98046875,148161,ULTRACEMCO,-0.00512178708576716,-0.01692529696861267,-0.011842267971327258,11856.8818359375,12048.41240234375,11511.766611328125,0.9793452131364573,0.9637768098385433,1.008705341309062,11741.893295253341,11850.894865274382,-109.0015700210406,-90.24831127776972,-18.75325874327089,28.04137999817725,0.010131830116185205,221235.55,0.6696979757548007,0.009874250991644932,0.1282051282051343,0.9841032527763581,1.046617153486029,-0.010211789615183986
2025-11-10,11613.940962017316,11652.16083354872,11466.941456127295,11493.4013671875,197085,ULTRACEMCO,-0.010211789615183986,-0.018330950179134886,-0.03805768657691122,11834.145947265624,12031.1252734375,11517.718330078125,0.971206660658359,0.9553056015934607,0.9978887343661529,11703.663767858598,11824.413865416094,-120.7500975574967,-96.34866853371511,-24.40142902378159,24.684527650050256,0.009480863855888947,222502.95,0.8857635370677107,0.01611527967257868,0.14285714285714987,0.9836275226385707,1.0445754036212735,0.008270795326428493
2025-11-11,11514.9611852537,11611.980858218816,11485.56128435518,11588.4609375,125847,ULTRACEMCO,0.008270795326428493,-0.01046020342022358,-0.03713048171047717,11811.80205078125,12017.48373046875,11523.928916015626,0.9810916985976345,0.964300114517233,1.0055998281449559,11685.940255495736,11806.935870755642,-120.99561525990612,-101.27805787895332,-19.717557380952798,30.57417846585531,0.009532769758949334,218872.1,0.5749796342247367,0.010909090909090823,0.813953488372091,0.9828847964931278,1.042828693065539,0.008118343071603418
2025-11-12,11623.740240191286,11709.9799452024,11594.340340755678,11682.5400390625,184542,ULTRACEMCO,0.008118343071603418,0.008630113089909797,-0.020621124988988826,11799.503076171875,12003.3913671875,11530.398823242187,0.9900874607723462,0.9732699436092637,1.0131947921448854,11685.417145275238,11797.721364704299,-112.30421942906105,-103.48329018897488,-8.820929240086173,35.31049618333881,0.009630177392329553,223711.95,0.8249089956973689,0.009898498448116749,0.7627118644067815,0.9830141095313302,1.0410213515764855,0.0010905363330577789
2025-11-13,11682.540316712622,11775.640000471343,11668.8203633166,11695.2802734375,174415,ULTRACEMCO,0.0010905363330577789,0.002015079966897204,-0.011267584703171019,11792.839111328125,11985.90822265625,11536.80607421875,0.9917272815333408,0.9757525300694867,1.013736401409476,11686.934549607893,11790.133135721573,-103.19858611368,-103.4263493739159,0.22776326023590343,41.553227646622354,0.009479717696047222,225972.9,0.7718403401469822,0.009133567957097544,0.2477064220183552,0.9838919915169066,1.0389277713041485,-0.005027652464306254
2025-11-14,11702.140245691742,11702.140245691742,11550.24076172204,11636.48046875,161315,ULTRACEMCO,-0.005027652464306254,0.0021098898733022953,-0.0354967297602542,11771.426171875,11969.13068359375,11539.37875,0.9885361636598103,0.9722076545375414,1.0084148133841262,11679.172383322064,11778.751456686643,-99.57907336457902,-102.65689417204852,3.0778208074695073,47.96671219364839,0.008196985989010464,226922.25,0.7108822515200691,0.013053730840491811,0.5677419354838723,0.9834821327508985,1.0372422071330096,-0.008084841616427862
2025-11-17,11573.761262224858,11617.861114621142,11510.061475430224,11542.4013671875,194379,ULTRACEMCO,-0.008084841616427862,0.004263315830933312,-0.04693311060683347,11743.006298828124,11950.41275390625,11542.138608398438,0.9829170719545094,0.9658579669906897,1.0000227651735936,11658.130688532132,11761.24404264967,-103.11335411753862,-102.74818616114655,-0.3651679563920709,39.03792315442769,0.008201768163045058,230172.6,0.8444923505230423,0.009339446425539214,0.3000000000000034,0.9826444107539022,1.035372486794669,-0.006028215092467759
2025-11-18,11650.200690559066,11650.200690559066,11454.201351888829,11472.8212890625,318116,ULTRACEMCO,-0.006028215092467759,-0.009978861650496884,-0.05359737382688201,11710.51943359375,11931.91041015625,11544.776245117188,0.9797021689875369,0.9615242567776087,0.9937673147987497,11629.62155015219,11739.879394235806,-110.25784408361687,-104.25011774564062,-6.007726337976251,39.51307856093843,0.008201097908489373,236966.3,1.3424524921898178,0.01708379601947528,0.09499999999999285,0.981445471097901,1.0335332757274356,-0.0035021627625547724
2025-11-19,11472.821466611707,11518.88131191202,11405.201693724017,11432.6416015625,271396,ULTRACEMCO,-0.0035021627625547724,-0.021390762339732916,-0.055078544460852696,11677.199560546875,11913.58447265625,11546.936176757812,0.9790567971613118,0.9596307163307904,0.9901017401113406,11599.316942676853,11717.12103922297,-117.80409654611685,-106.96091350573587,-10.843183040380978,34.00573775748833,0.008200733018721975,230867.85,1.1755469633385505,0.009943425338590776,0.24137931034482318,0.9801583719281195,1.0317528641611828,0.007457573550923469
2025-11-20,11485.56147566047,11537.501301446306,11427.741669596991,11517.9013671875,185397,ULTRACEMCO,0.007457573550923469,-0.015166708458698941,-0.047723198649506915,11648.338671875,11895.7289453125,11548.312431640625,0.9888020679719381,0.9682383837205805,0.9973666226443785,11586.791469524645,11702.364026479601,-115.57255695495587,-108.68324219557988,-6.889314759375992,36.03349493168796,0.008503234995557538,239414.45,0.7743768181076789,0.009529481834425181,0.8214285714285756,0.9792034372525794,1.0300837473638145,-0.0020420827599293423
2025-11-21,11522.800762599649,11552.200662487212,11457.140986184084,11494.380859375,192051,ULTRACEMCO,-0.0020420827599293423,-0.012211562573117507,-0.03425278696759171,11627.954736328125,11879.20619140625,11549.889760742188,0.9885126937641223,0.9676051306938637,0.9951939886425704,11572.574452578545,11686.957865953334,-114.3834133747896,-109.82327643142183,-4.560136943367766,39.012061433248256,0.007882435809504018,230476.4,0.8332783747056098,0.0082700997527497,0.39175257731958724,0.9788494743647191,1.0285125172175584,-0.01236252836176921
2025-11-24,11503.200734849792,11503.200734849792,11329.741326938018,11352.28125,407297,ULTRACEMCO,-0.01236252836176921,-0.016471452615395066,-0.02802487409814336,11611.58876953125,11861.68384765625,11550.717397460938,0.9776682136546488,0.9570547820867016,0.9828204482342753,11538.683190643385,11662.167005512347,-123.48381486896142,-112.55538411892977,-10.928430750031652,33.8624254934371,0.007268059644900402,234899.25,1.7339220963881323,0.015279696132596625,0.12994350282486095,0.978915718768342,1.0269218300037077,-0.00034529816419059944
2025-11-25,11367.961261334198,11414.02110437581,11307.201468385689,11348.361328125,200149,ULTRACEMCO,-0.00034529816419059944,-0.010848243670992463,-0.03620476705637399,11590.273828125,11845.76869140625,11552.637055664063,0.9791279737142211,0.9580097015027733,0.982317826955456,11509.402904102095,11638.922140520692,-129.51923641859685,-115.9481545788632,-13.571081839733651,38.133039629267884,0.006921643033349871,224503.05,0.8915201820197989,0.009412780656303812,0.3853211009174173,0.9784315505445751,1.0253735691972137,0.015457731455928547
2025-11-26,11357.181810209202,11537.501203865126,11353.261823390594,11523.78125,187481,ULTRACEMCO,0.015457731455928547,0.007971880131801168,-0.014416238194123632,11581.845849609375,11833.79314453125,11555.84525390625,0.9949865850086984,0.9738028296806494,0.9972252999930568,11511.614957317157,11630.393185667306,-118.77822835014922,-116.5141693331204,-2.2640590170288135,43.10502515809696,0.007802916710201346,208222.35,0.9003884549377144,0.01598775406071957,0.9255319148936114,0.9787095065931327,1.024052579843179,-0.012075910955876568
2025-11-27,11540.440561246449,11551.22052440658,11366.98115403342,11384.62109375,275290,ULTRACEMCO,-0.012075910955876568,-0.011571576208943113,-0.031836040207301686,11563.127880859374,11817.760390625,11556.680239257812,0.9845624134794133,0.9633484448357399,0.9851117153070196,11492.077439845287,11612.187845525285,-120.11040567999771,-117.23341660249588,-2.8769890775018325,40.13605211602731,0.008044598445132885,202273.25,1.3609807525216508,0.016183179822673786,0.09574468085107077,0.9784534039150408,1.022591275864872,-0.00146330559008645
2025-11-28,11387.56184839709,11407.16178273168,11325.82205524313,11367.9619140625,159990,ULTRACEMCO,-0.00146330559008645,-0.010998325778407647,-0.03758400103973536,11540.93095703125,11798.59166015625,11557.107890625,0.9850125571660776,0.9635015976060954,0.9836337967636407,11472.98274357101,11594.097035787301,-121.11429221629078,-118.00959172525486,-3.1047004910359135,44.029857683333795,0.007916646351293175,202275.6,0.7909505644773764,0.0071551724137930576,0.5180722891566308,0.9781617407783408,1.0208948269598779,0.005344824875762377
2025-12-01,11387.561817695829,11780.540500044885,11324.842027994237,11428.7216796875,228729,ULTRACEMCO,0.005344824875762377,0.006733486248633902,-0.023855341553137066,11526.966015625,11777.83533203125,11558.3669140625,0.9914769996021219,0.9703584196499765,0.9887834297579472,11466.173349127392,11581.847009409537,-115.67366028214565,-117.54240543663303,1.8687451544873852,42.140802789034126,0.007898343520805115,204952.5,1.1160098071504374,0.03987309209398022,0.22795698924730623,0.9786998791090259,1.0189878396836263,0.00034298865480009155
2025-12-02,11467.921483069122,11478.701446862811,11358.161851715187,11432.6416015625,190930,ULTRACEMCO,0.00034298865480009155,0.00742664698458495,-0.02376563153689748,11513.05009765625,11759.01939453125,11558.850649414062,0.993015882375938,0.9722444719225025,0.9890811766948507,11461.014618732794,11570.794756976424,-109.78013824363006,-115.98995199803244,6.209813754402376,36.50798672183769,0.00789924491008826,209579.3,0.9110155439969502,0.010543459626264306,0.6178861788617911,0.979082499261002,1.01731735716538,-0.00642896038916807
2025-12-03,11465.961240469438,11467.921233843876,11289.561836769908,11359.1416015625,206293,ULTRACEMCO,-0.00642896038916807,-0.014286946694471503,-0.019290989812203674,11501.878125,11741.04625,11559.494213867187,0.9875901551132547,0.9674726902266058,0.982667700800928,11445.34184686044,11555.11674546428,-109.77489860384048,-114.74694131919405,4.972042715353567,32.969238289947384,0.007665109706744012,209925.75,0.9826950719480578,0.01570183763264589,0.39010989010989133,0.9796297433884991,1.0157058806184631,0.0014666738768103205
2025-12-04,11348.36185005761,11398.34168203973,11293.482034547833,11375.8017578125,159687,ULTRACEMCO,0.0014666738768103205,-0.0007746710114350241,-0.025356841260912644,11487.08017578125,11720.623125,11561.351201171876,0.9903127325424816,0.9705799458347911,0.9839508860053859,11434.643371622295,11541.834153786369,-107.19078216407434,-113.23570948817012,6.044927324095781,36.203355210044336,0.007417843260984106,208427.5,0.7661512996125751,0.009217780840799532,0.7850467289719604,0.9800741866086791,1.0137762378338597,-0.000947649551830132
2025-12-05,11397.361374776345,11431.661258535343,11329.741603937173,11365.021484375,226572,ULTRACEMCO,-0.000947649551830132,-0.0002586593542209803,-0.02126760245934034,11474.7322265625,11704.86478515625,11562.286123046875,0.9904389278964144,0.9709656363384712,0.982938958907212,11423.932312045788,11528.736919015157,-104.80460696936825,-111.54948898440975,6.744882015041497,39.704203525025136,0.00736189920023051,212348.05,1.0669841328893768,0.00896783650944196,0.3461538461538359,0.9803387255796756,1.012331355632618,-0.004915025904420611
2025-12-08,11377.761879535854,11399.321807300694,11260.16227354582,11309.162109375,148186,ULTRACEMCO,-0.004915025904420611,-0.01046132486759177,-0.01603000294921264,11465.520263671875,11691.65443359375,11562.610888671876,0.9863627510395415,0.9672850128789531,0.9780803157922416,11406.275357788743,11512.47211830107,-106.19676051232636,-110.47894328999308,4.282182777666719,40.34684917682649,0.007105725972221394,209903.1,0.7059733753336659,0.012305025996533705,0.35211267605632957,0.9806584969470085,1.0111604157715193,-0.010918622224686092
2025-12-09,11269.961351602198,11294.461267583943,11151.381758250558,11185.681640625,274482,ULTRACEMCO,-0.010918622224686092,-0.021601303490852763,-0.034756927520169234,11445.381298828124,11677.4052734375,11563.694267578125,0.9773096543118477,0.9578910193404848,0.9673103924916985,11372.337862840475,11488.26541625099,-115.92755341051452,-111.56866531409737,-4.358888096417147,36.73683029088167,0.007114315613785368,217334.85,1.2629451742322964,0.01279130891887165,0.23972602739726193,0.9801305196508715,1.0098334496942032,-0.008498326107123866
2025-12-10,11196.461708343228,11268.981460327246,11071.022137343847,11090.6220703125,272923,ULTRACEMCO,-0.008498326107123866,-0.02363906892516099,-0.05066688980057632,11415.785400390625,11662.6465234375,11563.200708007813,0.9715163417431621,0.9509524315964265,0.9591308107825163,11328.996971682325,11458.810353588879,-129.81338190655333,-115.21760863258858,-14.595773273964753,27.29167574929052,0.00686805323624074,221753.9,1.2307472382672864,0.017849253335689687,0.09900990099009646,0.9788331814266361,1.0086001979850456,0.013696203251673866
2025-12-11,11113.161927546418,11254.28144408669,11040.642175991,11242.521484375,196507,ULTRACEMCO,0.013696203251673866,-0.01171612131390809,-0.03871294902532718,11393.1474609375,11651.49416015625,11564.348930664062,0.9867792480454646,0.9648995510653232,0.9721707250257986,11315.69305055812,11442.788955869333,-127.09590531121285,-117.59326796831344,-9.502637342899405,38.22181911844492,0.00774453564380321,222858.5,0.8817568098142992,0.01900278940027887,0.9449541284403655,0.9778271614208761,1.0075356797010087,0.02187938822526303
2025-12-12,11261.14174884242,11503.200926630609,11251.341782130348,11488.5009765625,389481,ULTRACEMCO,0.02187938822526303,0.01086487098658484,-0.012716859928988189,11385.748486328124,11641.7137890625,11566.811528320313,1.009024658357574,0.9868393249244845,0.9932297200861208,11342.278885328025,11446.175031476236,-103.89614614821039,-114.85384360429285,10.957697456082457,55.8061822610682,0.00935107570446145,234266.8,1.662553123191165,0.021922716028320313,0.9416342412451362,0.9780130909097888,1.00647561867493,0.0004265474351263787
2025-12-15,11424.80159777216,11567.881116838442,11424.80159777216,11493.4013671875,178073,ULTRACEMCO,0.0004265474351263787,0.01629115013390514,-0.0042452171295390695,11383.298486328125,11634.520625,11569.317861328125,1.0096723178252431,0.9878706426881684,0.9934381183877413,11365.52849792179,11449.673278565959,-84.14478064416835,-108.71203101226796,24.567250368099607,56.176973336715974,0.009184629193453397,233451.5,0.7627837045382018,0.012448840381991594,0.4794520547945139,0.9784071775048425,1.005635834753043,-0.017053263323732915
2025-12-16,11465.96079077843,11465.96079077843,11279.761427509378,11297.4013671875,179690,ULTRACEMCO,-0.017053263323732915,0.00998774416721715,-0.015290042218493838,11374.527490234375,11624.89705078125,11571.478881835938,0.9932193998288639,0.9718280788067933,0.9763143918381371,11355.047400885745,11438.39387772311,-83.34647683736512,-103.6389201772874,20.292443339922286,40.525010851891906,0.009860546729033207,226530.2,0.793227569657379,0.016481609993060416,0.0947368421052683,0.9784626427698085,1.0046163648994912,0.0010410130440845489
2025-12-17,11274.862224294571,11359.141941920763,11265.062257128737,11309.162109375,205337,ULTRACEMCO,0.0010410130440845489,0.01970493969382381,-0.01080060903602753,11368.353515625,11614.8030859375,11574.256708984374,0.99479331759268,0.9736852209804098,0.9770961880080301,11347.988125268708,11428.821154141768,-80.83302887305945,-99.07774191644182,18.244713043382376,46.46468990659132,0.009845498201425858,223227.25,0.919856334744078,0.008318890814557946,0.46875000000000905,0.9787814250066034,1.0035031516902206,-0.0068457699276254225
2025-12-18,11314.061910364497,11333.661844379852,11183.722349162375,11231.7421875,103462,ULTRACEMCO,-0.0068457699276254225,-0.0009587970892456221,-0.02484473260925102,11354.045556640625,11600.63234375,11577.029663085938,0.9892282122235194,0.9682008579085135,0.9701747783641854,11330.104134842752,11414.222712168303,-84.11857732555109,-96.08590899826368,11.96733167271259,43.96178177413812,0.009756369143923747,219130.5,0.4721478753528149,0.013349620451967581,0.3202614379085049,0.9787436770856525,1.0020387509880293,0.003053827635544737
2025-12-19,11272.90196904426,11298.381883083654,11213.122170721066,11266.0419921875,152956,ULTRACEMCO,0.003053827635544737,-0.019363621488028282,-0.019865260250295558,11342.62861328125,11590.93037109375,11582.489013671875,0.993247894848283,0.9719704658293455,0.9726788412135903,11320.248420588097,11403.246362540094,-82.99794195199684,-93.4683155890103,10.470373637013466,42.61566940554419,0.009799996162327877,217175.75,0.7042959446439117,0.007567849686847538,0.6206896551724175,0.9785779268908619,1.0007288034041655,0.003131472162048121
2025-12-22,11266.0414099083,11317.001235353257,11202.341628102102,11301.3212890625,170807,ULTRACEMCO,0.003131472162048121,-0.01671220485463676,-0.004488962157936371,11340.080615234376,11577.9944140625,11589.678984375,0.9965820943001229,0.976103536147508,0.9751194406936329,11317.336554199544,11395.69635709731,-78.3598028977649,-90.44661305076121,12.086810152996321,44.2041328611771,0.009457365156994416,205351.25,0.8317796945477566,0.010145681581685774,0.8632478632478602,0.979451208014131,0.9989918124282603,0.012660473449549015
2025-12-23,11318.961790633295,11514.96112899924,11299.361856796702,11444.4013671875,161830,ULTRACEMCO,0.012660473449549015,0.013011841858336703,0.00846289929317634,11344.8826171875,11566.1756640625,11596.550400390624,1.008772126901448,0.9894715158742255,0.9868798023593293,11336.884986966921,11399.30413562251,-62.41914865558829,-84.84112017172663,22.421971516138342,53.54522552257012,0.00988314146302142,203435.3,0.7954863290687506,0.018838842267511518,0.6727272727272683,0.9808672241108541,0.9973807093248092,0.007364238125782574
2025-12-24,11480.660827906511,11554.160577124863,11437.540975031745,11528.6806640625,182050,ULTRACEMCO,0.007364238125782574,0.019410682468290474,0.00042515680888155494,11345.127587890625,11558.17888671875,11603.700551757813,1.0161790226464964,0.997447848580182,0.9935348307756918,11366.392014212395,11408.88758217362,-42.49556796122488,-76.37200972962628,33.876441768401406,56.018484345205145,0.009390475109086098,203163.75,0.8960752102675797,0.010115606936416237,0.7815126050420059,0.98156705300063,0.9960769700289993,0.0025501955932085707
2025-12-26,11530.64114714712,11617.860853257616,11508.101223096091,11558.0810546875,193121,ULTRACEMCO,0.0025501955932085707,0.029055053235702566,0.01523634027949572,11353.8005859375,11552.76931640625,11610.53951171875,1.0179922544176983,1.0004597805197848,0.9954818243391443,11395.88263582395,11419.938950507982,-24.05631468403226,-65.90887072050748,41.85255603647522,57.49048784239789,0.008954784287840106,199055.3,0.9701876815136297,0.009496354078345103,0.4553571428571421,0.9827773995118044,0.9950243315347927,0.000423895111941075
2025-12-29,11542.400539108186,11583.560398391814,11496.34069657651,11562.98046875,197600,ULTRACEMCO,0.000423895111941075,0.026356947432684352,0.017155102749443207,11363.551513671875,11542.734140625,11617.2603125,1.0175498790882573,1.0017540322663885,0.9953276553774391,11421.58999473565,11430.53461852591,-8.944623790259357,-54.516021334457854,45.5713975441985,60.25331296688453,0.008939672775720248,200935.8,0.9833986775875678,0.0075430121196713,0.7640449438202209,0.9844765871958806,0.9935848754465103,-0.007966729760891744
2025-12-30,11573.760981217962,11574.740977914083,11417.941506534336,11470.861328125,236323,ULTRACEMCO,-0.007966729760891744,0.01500178914713124,0.003687170763148062,11365.65849609375,11529.935390625,11623.087651367188,1.0092562020992806,0.9948764619662975,0.9869031080373654,11429.170199872473,11433.521782199918,-4.351582327444703,-44.48313353305522,40.13155120561052,61.819675714181635,0.00908480256565639,201315.5,1.1738937140955366,0.013669372063220393,0.3374999999999932,0.9857521409300504,0.9919855839053893,0.0067492683993291
2025-12-31,11447.34158870078,11558.081217116429,11446.361591989138,11548.28125,172267,ULTRACEMCO,0.0067492683993291,0.009076917130006912,0.010114866928190525,11371.440478515626,11518.44984375,11629.605434570312,1.015551307841648,1.0025898802924584,0.9930071415554163,11447.49497681517,11442.022483518442,5.472493296727407,-34.492008167098696,39.9645014638261,69.24980304238922,0.009201439333639616,200382.35,0.8596914848039261,0.009674134419551896,0.9122807017543871,0.9872370529690553,0.9904420152991701,0.009928679186567368
2026-01-01,11556.120792107806,11676.660383138103,11548.280818707462,11662.9404296875,71887,ULTRACEMCO,0.009928679186567368,0.011645718147395456,0.026744875517989097,11386.630419921876,11509.72787109375,11637.090180664063,1.024266178805821,1.0133115708998244,1.002221367079065,11480.64043110322,11458.38677582726,22.253655275959318,-23.142875478487095,45.39653075444642,68.25531979852994,0.009275754697143208,193662.05,0.37119817744364475,0.011007478363162734,0.8931297709923615,0.9893049207982555,0.9890554848683792,-0.000168050325671798
2026-01-02,11664.900455461067,11730.56023287146,11584.54072788417,11660.98046875,206244,ULTRACEMCO,-0.000168050325671798,0.008902811251766396,0.025068888945928514,11400.88935546875,11501.04509765625,11644.17,1.0228132301938788,1.013906159808585,1.0014436811511684,11508.38505227965,11473.39371604376,34.99133623588932,-11.516033135611814,46.507369371501134,59.50323753278156,0.009281977872602425,195989.9,1.052319532792251,0.012522060677367868,0.5234899328859092,0.9912915964299704,0.9877084496066486,0.015799636943586215
2026-01-05,11692.340246348738,11871.679636599498,11622.760482918116,11845.2197265625,302803,ULTRACEMCO,0.015799636943586215,0.024408867469358553,0.042252295153835995,11424.899267578125,11499.90830078125,11652.503579101562,1.0367898612618118,1.0300273199359156,1.0165386044426168,11560.205771400088,11500.936383489594,59.269387910493606,2.6410510736092707,56.62833683688434,66.18573097313325,0.009810828597871793,199801.45,1.5155195320154082,0.02101431289815492,0.8937007874015724,0.9934774233636255,0.9869045070628438,0.00967986739772142
2026-01-06,11857.960224682993,11980.45981378096,11824.640336448349,11959.8798828125,225766,ULTRACEMCO,0.00967986739772142,0.04263137184724686,0.05753899070012203,11457.43515625,11505.51388671875,11660.947885742187,1.0438531590805835,1.0394911518570449,1.0256353085529022,11621.694096232768,11534.932198254253,86.76189797851475,19.46522045459037,67.29667752392439,82.9435085974468,0.009803042525182555,203680.45,1.1084323507729876,0.013028515240904703,0.8679245283018705,0.9958212444101041,0.9866705519528575,-0.0016388614375356658
2026-01-07,11985.359143202662,12004.959076388604,11836.399650989517,11940.279296875,246825,ULTRACEMCO,-0.0016388614375356658,0.03394427606922035,0.06746103460600872,11495.1650390625,11508.82626953125,11669.294189453125,1.0387218675242962,1.0374888817712011,1.0232220649357522,11670.707204023882,11564.957909263198,105.74929476068428,36.72203531580915,69.02725944487513,81.1411708922975,0.009325188671446258,202297.6,1.2201083947609859,0.01411687458962562,0.6162790697674354,0.9988129779571947,0.9862487038790307,-0.009848983131054423
2026-01-08,11921.659350003109,11944.19927314738,11793.2797877466,11822.6796875,229175,ULTRACEMCO,-0.009848983131054423,0.013696310872504336,0.06600690317877489,11531.767919921875,11511.433046875,11675.17228515625,1.025226987708932,1.0270380446428862,1.0126342805691433,11694.087586097132,11584.048411354812,110.03917474232003,51.385463201111335,58.65371154120869,78.0464969687981,0.009419622968096694,200110.2,1.1452439705722146,0.012765251989389999,0.19480519480520295,1.001766493621087,0.9859754328002999,-0.010527138319292306
2026-01-09,11816.800304790251,11823.660281746092,11614.92098294693,11698.220703125,263833,ULTRACEMCO,-0.010527138319292306,0.00319357660145303,0.04053354217586658,11554.552880859375,11510.2178515625,11680.355537109375,1.0124338711975274,1.0163335615352387,1.001529505327031,11694.723450255266,11592.505618152603,102.21783210266221,61.55193698142152,40.665895121240695,68.89462327395626,0.009561085495070171,203476.5,1.296626391745484,0.017843679316411,0.3990610328638561,1.0038517975826893,0.9854338607239879,0.013487461117300592
2026-01-12,11632.56075384361,11881.479914035375,11550.241031575468,11856.0,275484,ULTRACEMCO,0.013487461117300592,0.0009100948472340331,0.03198842252677081,11572.92783203125,11511.09984375,11686.188427734374,1.0244598577021513,1.0299623981141355,1.0145309630523,11719.535227139071,11612.02372051167,107.5115066274011,70.74385091061744,36.767655716783665,71.90405563101262,0.008797906637187413,197776.65,1.3929045718996655,0.027938502231773573,0.9230769230769298,1.0053711625405473,0.9850174772495672,-0.004463556163545879
2026-01-13,11808.960058236986,11954.979564351284,11697.240436109269,11803.080078125,290750,ULTRACEMCO,-0.004463556163545879,-0.013110483234270331,0.02694404389475169,11588.411767578125,11513.00103515625,11691.394213867188,1.0185243944426854,1.025195780151757,1.0095528268241387,11732.388281136908,11626.176043297843,106.21223783906498,77.83752829630696,28.374709542758026,65.2500085117408,0.008899956523207403,203410.5,1.4293755730407232,0.021836599136499244,0.41064638783269464,1.0065500499992661,0.9847414965702427,0.017519096329629225
2026-01-14,11832.4799750102,12076.499149581805,11703.1204125867,12009.859375,408660,ULTRACEMCO,0.017519096329629225,0.0058273409185001235,0.06306388386640704,11624.03466796875,11518.9790234375,11695.83232421875,1.0331919783493446,1.0426149184371039,1.0268494829676198,11775.07614173123,11654.597030831337,120.47911089989248,86.36584481702407,34.11326608286841,68.52832192313969,0.008481360054717847,214859.0,1.9019915386369666,0.03108935128518973,0.821522309711282,1.0091202218805586,0.9848789469719877,0.0
2026-01-16,11563.960378292131,12156.85834684016,11563.960378292131,12130.3984375,454481,ULTRACEMCO,0.010036675595962219,0.036943886197971176,0.08001040577659713,11704.00234375,11536.69734375,11704.535590820313,1.036431648014638,1.051461963165016,1.03638442921338,11860.304608133012,11714.207995397237,146.09661273577512,105.33888389055912,40.75772884521601,70.48833259988942,0.008299869642328237,222143.1,2.0458929401813517,0.04887703990951683,0.9553719008264473,1.0145019839746978,0.9856604095251805,-0.0065438004084521495
2026-01-19,12102.95935682992,12147.059208737395,11988.299741870476,12051.01953125,257602,ULTRACEMCO,-0.0065438004084521495,0.016449015793690958,0.0696764258119087,11743.251220703125,11545.478125,11708.74931640625,1.026208100700791,1.043786961507928,1.0292320046825294,11889.645365535627,11739.156998052997,150.48836748263057,114.36878060897341,36.119586873657155,71.14288195358888,0.008621883983309852,227375.4,1.1329369843879329,0.013173944864601139,0.39506172839506287,1.0171299181863138,0.9860556249865665,-0.019354317467304538
2026-01-20,11980.459726575456,12150.979153358618,11755.060484275878,11817.7802734375,298026,ULTRACEMCO,-0.019354317467304538,0.0012454541708772915,0.045698991398008815,11769.074169921874,11551.965703125,11712.434208984376,1.0041384821620127,1.0230103323662563,1.0089943783310489,11878.589197520532,11744.980944377774,133.60825314275826,118.2166751157304,15.391578027027862,58.8197619530055,0.010013669596889752,233736.35,1.275051997688849,0.03350194875196949,0.15841584158415709,1.0187940712755181,0.9862993035438967,0.01426321749198256
2026-01-21,11817.780408452394,12034.35968287548,11744.280654688904,11986.33984375,209393,ULTRACEMCO,0.01426321749198256,-0.001958351926997448,0.04735402570870195,11796.17109375,11559.92328125,11717.583686523438,1.016121226836118,1.0368874906974201,1.0229361414790374,11895.166220017372,11762.85938136831,132.30683864906314,121.03470782239694,11.2721308266662,60.2230694429438,0.010107055164635313,236114.5,0.8868282125833018,0.024200801242743895,0.8344594594594614,1.020436797611208,0.9865449729661615,0.010873950587631853
2026-01-22,12047.09894803904,12151.958590717002,11921.659375489704,12116.6787109375,286236,ULTRACEMCO,0.010873950587631853,0.00889430363854693,0.05100306479196037,11825.57099609375,11568.6060546875,11721.6531640625,1.0246167998940525,1.0473758596030613,1.0337004978176723,11929.245064774315,11789.068220595656,140.17684417865894,124.86313509364935,15.313709085009592,63.32378714376676,0.010228175489530878,241323.8,1.1861076280085099,0.019006793917825962,0.8468085106382929,1.0222122648304832,0.9869432146444813,0.00040443348725394124
2026-01-23,12127.459081723337,12302.87848985493,12037.299385923858,12121.5791015625,356421,ULTRACEMCO,0.00040443348725394124,-0.0007270442090537843,0.048753598820495236,11853.7458984375,11577.13203125,11726.27275390625,1.0225948156321036,1.047027801777062,1.0337111677301354,11958.834916587883,11813.69865622283,145.1362603650523,128.91776014792993,16.21850021712237,59.026904124550555,0.010239311082428775,249488.8,1.4286052119373696,0.02190961274153116,0.317343173431733,1.0238931253820758,0.987281489541801,0.017786348709691424
2026-01-27,12293.077885455556,12568.456942041415,12249.958033178767,12337.177734375,926373,ULTRACEMCO,0.017786348709691424,0.02374555965019809,0.06695481910717893,11892.45576171875,11591.1459765625,11733.465405273437,1.0373953018255313,1.0643622088205074,1.0514521761687075,12017.041503939747,11852.474884234103,164.56661970564346,136.04753205947264,28.519087646170817,61.561549699464884,0.010781689000626815,285927.45,3.2398883003363266,0.025816188736198273,0.27384615384615296,1.0259948227522544,0.9878706397645343,0.014139332096915425
2026-01-28,12387.15761337824,12534.157110372444,12309.737878294623,12511.6171875,456847,ULTRACEMCO,0.014139332096915425,0.05871127216859984,0.09073040198151539,11944.4935546875,11610.53029296875,11741.146323242188,1.0474799228796048,1.077609452091688,1.0656214344874169,12093.130070641324,11901.300240031578,191.82983060974584,147.2039917695273,44.625838840218535,65.99014544595846,0.010698577229946968,296953.65,1.5384454779390655,0.017936868489073582,0.8995633187772979,1.0287638250184832,0.988875359638873,-0.0039162821802487535
2026-01-29,12502.798029182148,12502.798029182148,12302.878700294144,12462.6181640625,285262,ULTRACEMCO,-0.0039162821802487535,0.03973509232352068,0.07917515119944807,11990.210400390624,11630.32623046875,11747.965815429687,1.039399455714012,1.0715622173532275,1.0608320078437916,12149.974392706119,11942.87934551535,207.09504719076904,159.18220285377566,47.91284433699337,68.62527079670366,0.010840510748945393,302603.4,0.9426926465466019,0.016041519226232526,0.7990196078431372,1.0309436006170714,0.9899863868512088,-0.0018086118635566306
2026-01-30,12395.978273446117,12470.45802273712,12285.238646210808,12440.078125,296876,ULTRACEMCO,-0.0018086118635566306,0.026690434051913403,0.06663308451223249,12029.06728515625,11650.4749609375,11754.158422851562,1.0341681387343251,1.0677743325237756,1.058355492368975,12194.605736135947,11979.708884736436,214.89685139951143,170.32513256292282,44.571718836588616,72.95334288939543,0.010813089940453225,313852.85,0.9459082496781533,0.014888923901055708,0.8359788359788326,1.0324958703819476,0.9911789974080587,-0.012525591428912297
2026-02-02,12132.359298651276,12347.95857536398,11947.139920020816,12284.2587890625,259656,ULTRACEMCO,-0.012525591428912297,0.013420667896233862,0.05344990689100371,12060.231201171875,11665.802109375,11758.518505859374,1.0185757291177682,1.0530145011795193,1.0447114390253454,12208.398513509263,12002.268136908737,206.13037660052578,177.48618137044343,28.644195230082346,63.266575467285904,0.011360078768763852,316523.45,0.8203373241382274,0.03262863980853611,0.8410757946210282,1.033810713408202,0.9921149593430352,0.00438768142124224
2026-02-03,12543.957505957109,12692.917001340347,12323.458252922706,12338.158203125,296810,ULTRACEMCO,0.00438768142124224,7.947269392638567e-05,0.041614971097336584,12084.878125,11682.67765625,11763.104262695313,1.020958430486861,1.0561070472165541,1.0488862401954027,12228.361542680916,12027.148882554386,201.21266012652995,182.23147712166073,18.981183004869223,66.5655656817786,0.010944802817525976,316223.8,0.9386074039967897,0.0299444003177123,0.03978779840848865,1.0344270791837546,0.9931628076527067,0.017156506183101605
2026-02-04,12347.958568005231,12582.177782112632,12333.258617329036,12549.837890625,159977,ULTRACEMCO,0.017156506183101605,0.0030548171792839085,0.049328088040443197,12114.376025390626,11706.6287890625,11767.906059570312,1.0359458765620024,1.07202834537218,1.0664461312910276,12277.81944236462,12065.866586855913,211.95285550870722,188.17575279907004,23.777102709637177,66.66670685611976,0.011338038310426372,312934.35,0.5112158508645663,0.019834452600343465,0.8700787401574805,1.0348304574848297,0.9947928484305008,-0.0025769132662788463
2026-02-05,12506.718083004678,12577.277846519512,12477.318181540162,12517.498046875,172331,ULTRACEMCO,-0.0025769132662788463,0.004403559676629865,0.04834214808954007,12143.236962890625,11730.0115234375,11772.385478515625,1.0308205369892809,1.0671343350229485,1.0632932526478334,12314.693073827755,12099.320769079548,215.37230474820717,193.61506318889747,21.757241559309705,65.36184206637878,0.011357859141574507,309209.65,0.5573273667235159,0.00798559461363801,0.4019607843137387,1.035228050597177,0.9964005634070124,-0.003992848136491478
2026-02-06,12470.457568121414,12519.457401394977,12369.517911577876,12467.517578125,124704,ULTRACEMCO,-0.003992848136491478,0.0022057299680342535,0.05454244787725915,12175.478857421875,11748.88625,11776.493266601563,1.0239858098496968,1.0611659107794154,1.0586782750925694,12338.204536027331,12126.594606786619,211.60992924071252,197.2140363992605,14.395892841452024,60.656774140969105,0.011097291898329894,303986.1,0.41022928351000265,0.012026410941676073,0.6535947712418262,1.0363091954713473,0.9976557523554268,0.025624948205250186
2026-02-09,12552.777856654877,12809.536994639384,12467.51814289666,12786.9970703125,235298,ULTRACEMCO,0.025624948205250186,0.04092540623595631,0.09307196323425915,12229.91767578125,11776.93376953125,11782.247143554687,1.0455505432906085,1.0857662376767747,1.0852765957559674,12407.249541301973,12175.513307788535,231.7362335134385,204.11847582209612,27.617757691342376,70.19903652406788,0.011751473998792786,302559.35,0.7776920462051495,0.02674739423666456,0.9340974212034396,1.0384636540473666,0.9995490355991774,-0.0019160088850634915
2026-02-10,12798.756948343796,12847.75678352122,12708.597251617331,12762.4970703125,167157,ULTRACEMCO,-0.0019160088850634915,0.03439239959494311,0.07645892968222845,12275.242529296875,11804.82447265625,11786.856005859376,1.0396940866832336,1.0811255262519597,1.0827736475246768,12461.903007303592,12218.993586494014,242.90942080957757,211.87666481959243,31.032755989985134,79.28311623525538,0.011637371125197502,297143.0,0.5625473256984012,0.010903785610074226,0.38732394366197653,1.0398496443323035,1.001524449504426,-0.004146517847052
2026-02-11,12825.216758547424,12825.216758547424,12648.817353294997,12709.5771484375,92473,ULTRACEMCO,-0.004146517847052,0.012728392127824062,0.0768017385557298,12320.5673828125,11830.44158203125,11790.820473632812,1.0315740138857306,1.074311306159656,1.07792135219591,12500.006721324193,12255.333109600939,244.673611723254,218.43605420032475,26.23755752292925,74.14921222690108,0.011625797544991441,287229.15,0.32194852089350956,0.013879250520471726,0.3444444444444482,1.041429205949986,1.003360335142668,0.004626417071218469
2026-02-12,12709.577151360669,12809.536814360034,12641.957379331683,12768.376953125,179716,ULTRACEMCO,0.004626417071218469,0.020042256472541098,0.06315790671986954,12358.49326171875,11857.1562890625,11795.677846679688,1.033166154055033,1.0768498484668745,1.0824623323126032,12541.294449293548,12293.336357269389,247.95809202415876,224.34046176509156,23.617630259067198,72.85224403249876,0.011171918534140799,275781.95,0.6516597623593567,0.013124568270780582,0.7543859649122802,1.0422813835319606,1.005211946543633,-0.005065615444895699
2026-02-13,12751.717104089525,12764.457061233174,12615.497562322813,12703.697265625,178236,ULTRACEMCO,-0.005065615444895699,0.018943601725045278,0.05777235760722643,12393.18515625,11884.04740234375,11801.404750976562,1.0250550690125375,1.0689705986126916,1.0764563654656258,12566.279497959926,12323.733461592026,242.54603636789943,227.98157668565312,14.564459682246309,69.59103574435807,0.011303167874924386,284693.75,0.6260622159776953,0.011725680783769225,0.5921052631578938,1.042842117392248,1.0070027808647397,0.0013885444582524276
2026-02-16,12639.017192871432,12737.016860956037,12603.737312360974,12721.3369140625,81768,ULTRACEMCO,0.0013885444582524276,-0.0051349160314146935,0.048715504243922236,12422.732080078125,11910.95810546875,11808.330014648438,1.0240369696504392,1.068036408273628,1.0773188840658638,12590.13448505263,12353.185569182431,236.9489158701981,229.77504452256213,7.1738713476359806,64.91630271321327,0.011179422538208349,266058.1,0.30733136859956534,0.010476850781912088,0.8823529411764698,1.042966650547986,1.0086911604513933,0.00023114156219294912
2026-02-17,12695.85743902351,12747.797264902958,12581.19782340284,12724.27734375,136174,ULTRACEMCO,0.00023114156219294912,-0.002994690329951588,0.05586729079262942,12456.394970703124,11938.14322265625,11815.406318359375,1.021505610064302,1.065850619014339,1.07692253663578,12610.771847929147,12380.673848780028,230.09799914911855,229.8396354478734,0.25836370124514474,59.52593424706432,0.010993975312030592,259986.7,0.5237729468468963,0.013093037584719905,0.8588235294117644,1.0434114198817228,1.0103878699546844,0.005237204961602959
2026-02-18,12726.237209664949,12833.056850497647,12726.237209664949,12790.9169921875,161603,ULTRACEMCO,0.005237204961602959,0.006399885912805603,0.08234513556977308,12505.051806640626,11967.7783203125,11822.538276367188,1.0228599761094208,1.0687795721013578,1.0819095437192252,12638.486485507354,12411.062229773175,227.4242557341786,229.35655950513447,-1.9323037709558832,64.4770771788092,0.009685596213942597,253165.55,0.6383293461531397,0.008351210542445262,0.605504587155962,1.044893335416836,1.0122850136366774,-0.027888442260854185
2026-02-19,12778.177087002114,12797.777021179583,12384.21841003495,12434.1982421875,195303,ULTRACEMCO,-0.027888442260854185,-0.02617237195959443,0.03736406645194745,12527.4447265625,11992.74865234375,11827.774653320312,0.9925566237640397,1.0368097091534958,1.051271148347162,12607.057524996608,12412.776008470533,194.28151652607448,222.3415509093225,-28.060034383248023,49.79973644104947,0.011711056216869778,252461.05,0.7735965607367948,0.03325977301387129,0.1208530805687202,1.0445849479313698,1.0139480167536947,0.006147517647390632
2026-02-20,12396.958079719812,12581.197456714855,12326.398318317457,12510.6376953125,120589,ULTRACEMCO,0.006147517647390632,-0.01519711673505486,0.032513776569760955,12547.14267578125,12021.14896484375,11833.563642578125,0.9970905742118313,1.0407189638777687,1.0572164119942877,12592.223705045208,12420.02502231068,172.19868273452812,212.31297727436365,-40.11429453983553,58.15100591849134,0.011567262960576816,244178.7,0.4938555246628801,0.0203665987780037,0.7230769230769274,1.0437556936093035,1.01585197223182,0.016449907122009444
2026-02-23,12573.35701261584,12736.036456426767,12503.777250503934,12716.4365234375,134369,ULTRACEMCO,0.016449907122009444,-0.0003852103484173197,0.04907425153859046,12576.885546875,12050.627265625,11840.513095703125,1.01109582941201,1.0552510042121834,1.0739768133909875,12611.333369413253,12441.981429801555,169.35193961169716,203.72076974183037,-34.368830130133205,62.277333728888664,0.012022724764692079,233076.1,0.5765026959006093,0.018264488286066596,0.9156118143459967,1.0436706131266027,1.0177453602072468,-0.0012330252638859118
2026-02-24,12712.516795970776,12749.756669409482,12641.957035771124,12700.7568359375,332450,ULTRACEMCO,-0.0012330252638859118,-0.0018484749410191403,0.029470200510240074,12595.064501953126,12074.8723828125,11848.684204101562,1.0083915675039206,1.0518336288187933,1.0719128484782288,12625.090825801597,12461.149978404217,163.9408473973799,195.7647852729403,-31.823937875560375,55.612223775715876,0.011487500711380015,203379.95,1.634625242065405,0.00848765432098766,0.5454545454545362,1.0430805479883227,1.0190897296961159,0.006250012014078488
2026-02-25,12701.73698425878,12799.736652372803,12608.637299550455,12780.13671875,201537,ULTRACEMCO,0.006250012014078488,-0.0008428069265155047,0.02146161661006296,12608.490478515625,12100.60708984375,11855.4408984375,1.0136135440262934,1.056156655931469,1.0779975901557883,12648.944040101353,12484.778625837238,164.1654142641146,189.44491107117514,-25.279496807060553,59.43660113656618,0.011162061094848769,190614.45,1.057301794276352,0.014952841039797504,0.897435897435906,1.0419717279390182,1.0206796350727505,-0.007974869449203226
2026-02-26,12827.17628927084,12827.17628927084,12573.357154201613,12678.216796875,209041,ULTRACEMCO,-0.007974869449203226,0.0196247920400352,0.017299625967375443,12619.27041015625,12128.2233984375,11862.053178710938,1.0046711406288045,1.045348224580721,1.0688045826357317,12653.447541143452,12499.107379247442,154.3401618960106,182.42396123614225,-28.083799340131634,57.29802865686182,0.011294576343761376,186803.4,1.119042801148159,0.02002009739506818,0.4131274131274145,1.0404879590016467,1.02243879838646,-0.020097371121450158
2026-02-27,12637.05724595971,12639.017239328608,12387.158091425415,12423.41796875,272915,ULTRACEMCO,-0.020097371121450158,-0.006971645146048755,-0.0013392324455357985,12618.43740234375,12150.508515625,11867.337905273438,0.9845448824307257,1.0224607433321864,1.0468580289796467,12618.058376159845,12493.500756247631,124.55761991221334,170.85069297135647,-46.293073059143126,36.815900313538684,0.012228719502536503,185605.35,1.4704048132233256,0.020272935237043634,0.14396887159533203,1.0385110537651172,1.023861342165519,-0.012305782772265683
2026-03-02,12127.458574672675,12369.517747839878,12078.458742047736,12270.5380859375,237506,ULTRACEMCO,-0.012305782772265683,-0.035064731906471636,-0.0011169337410260605,12617.7513671875,12171.28443359375,11870.777290039063,0.9724821585759782,1.0081547393691501,1.0336760421100548,12564.593716125637,12476.985002891326,87.60871323431093,154.20229702394735,-66.59358378963643,33.680076817017934,0.012216958982109855,184497.85,1.2873103941319641,0.023720150147751577,0.6599326599326598,1.0366819899764617,1.0253148666016039,-0.03306446279360553
2026-03-04,11931.45910754432,12249.95801595926,11650.200071497891,11864.8193359375,394665,ULTRACEMCO,-0.03306446279360553,-0.0658179280808423,-0.03836381892620022,12594.084423828124,12183.25998046875,11872.134521484375,0.9420946324203728,0.9738624436282448,0.9993838356924244,12456.936119173615,12431.639397931784,25.29672124183162,128.4211818675242,-103.12446062569259,27.291862019432187,0.014217917385016392,189390.6,2.0838679427595665,0.05054926901792385,0.3578431372549038,1.03372040357162,1.0262063623370632,0.014950070269947657
2026-03-05,11864.819819450378,12083.359079360962,11789.360074996948,12042.19921875,284992,ULTRACEMCO,0.014950070269947657,-0.0577409707141362,-0.04044981905736145,12568.702490234375,12198.0775390625,11874.261787109375,0.9581099742082799,0.9872210748117215,1.0141429787090375,12393.130442185366,12402.79197725165,-9.661535066285069,100.80463848076236,-110.46617354704743,31.64932629189083,0.01407041121852357,195641.35,1.4567063660110706,0.0244140625,0.86,1.0303838822129965,1.0272703901731943,-0.024495402398401755
2026-03-06,11916.760135980649,11963.799978622676,11709.000830978352,11747.220703125,296585,ULTRACEMCO,-0.024495402398401755,-0.0734327318002227,-0.061536046649697695,12530.188623046875,12204.13392578125,11876.043798828125,0.9375134769733828,0.9625607826466882,0.9891526927750269,12293.759713099156,12354.231142131157,-60.47142903200074,68.54942497820974,-129.02085401021048,28.349601180586816,0.014946665887657268,201854.05,1.4693041828984854,0.021690164344706848,0.14999999999999927,1.0267167419866505,1.0276262139573367,-0.05080506908465887
2026-03-09,11530.641059638116,11571.800920636317,11102.38250591877,11150.40234375,590742,ULTRACEMCO,-0.05080506908465887,-0.10246903293458831,-0.10564374392268405,12464.332861328125,12196.568359375,11874.992661132812,0.8945847698231223,0.9142245601550001,0.9389818303000375,12117.858579353131,12265.058638547367,-147.20005919423602,25.399528143720595,-172.59958733795662,21.82777263087104,0.018372543411672285,225155.95,2.6237014833496515,0.04209878713306384,0.10229645093945576,1.02195408528558,1.0270800755350962,0.024257287520804915
2026-03-10,11373.841020585744,11523.7805067265,11300.34127247753,11420.880859375,460885,ULTRACEMCO,0.024257287520804915,-0.0692436811337751,-0.10683635910961486,12396.02705078125,12193.82435546875,11875.225747070312,0.9213339735859328,0.9366118886445091,0.9617401052095872,12010.631237818034,12202.526951201266,-191.89571338323185,-18.059520161669898,-173.83619322156196,28.672205880284977,0.01825313033309864,236435.3,1.9493070620165434,0.019564098163720584,0.539473684210524,1.0165823854287201,1.0268288464728377,-0.016475014668684396
2026-03-11,11416.961051156812,11429.701007694584,11201.361786671448,11232.7216796875,231139,ULTRACEMCO,-0.016475014668684396,-0.053274949946808814,-0.1198648965164889,12319.53828125,12187.2191796875,11874.1966796875,0.9117810605599883,0.9216804517973333,0.9459773981091846,11890.95284425949,12130.689523681727,-239.736679422238,-62.394952013783524,-177.3417274084545,25.47808446548227,0.018393592333298403,239634.4,0.9645484955415417,0.020328040481591318,0.13733905579398487,1.0108572020911084,1.0263615727820534,-0.03254225434949698
2026-03-12,11172.94256942409,11176.862556291708,10837.783692242876,10867.18359375,535730,ULTRACEMCO,-0.03254225434949698,-0.09757483692600533,-0.14496104261926623,12227.418603515625,12175.145625,11871.617456054688,0.8887553412643834,0.8925711386511651,0.915391995570712,11733.449882642644,12037.096491834933,-303.64660919228845,-110.64528344948451,-193.00132574280394,25.40755651230633,0.019300264481171666,261797.25,2.0463545740071756,0.031202092163405137,0.08670520231213835,1.004293417107742,1.0255675496678431,-0.04265493984721058
2026-03-13,10779.963248280896,10779.963248280896,10361.50467491581,10403.64453125,723904,ULTRACEMCO,-0.04265493984721058,-0.11437396179315684,-0.18520227203162598,12109.181982421875,12152.252890625,11868.025463867187,0.8591533719083837,0.8561082973574402,0.8766112410968809,11528.864443966853,11916.100050310122,-387.23560634326896,-165.9633480282414,-221.27225831502756,20.515625115303536,0.020574839493372906,289006.65,2.5048004950751133,0.04022230595327806,0.10070257611241462,0.9964557264738662,1.0239490071556687,0.045497408698048636
2026-03-16,10456.564813165882,10927.943226955273,10438.924872525116,10876.9833984375,728077,ULTRACEMCO,0.045497408698048636,-0.024520993672103364,-0.1437938758293945,12017.8462890625,12136.53375,11867.691215820312,0.9050692725481683,0.8962182796581025,0.9165205936549695,11428.575052346952,11839.128446467706,-410.5533941207541,-214.88135724674396,-195.67203687401013,26.052575505075026,0.024027807390179536,316498.7,2.300410712587445,0.044959005315794144,0.895791583166331,0.9902206459123882,1.0226533138831002,0.0015316890391128268
2026-03-17,10868.163639932023,10936.763410427537,10771.14396451694,10893.6435546875,332933,ULTRACEMCO,0.0015316890391128268,-0.0461643292824222,-0.14367148450841039,11926.46162109375,12121.18701171875,11867.289326171875,0.9134011327735667,0.8987274550054823,0.9179555040141208,11346.277898860882,11769.092528558062,-422.81462969717904,-256.468011736831,-166.34661796034806,26.479605143747023,0.02403060187455122,329056.95,1.011779267996011,0.015203310543361019,0.7396449704142042,0.9839351219945093,1.0213947497670706,0.011784753705729623
2026-03-18,10901.48287147406,11061.222327429676,10893.642898175623,11022.0224609375,211865,ULTRACEMCO,0.011784753705729623,-0.01875762836098882,-0.13378008328690083,11841.348876953125,12104.72306640625,11867.816611328126,0.930808016508129,0.9105555245230248,0.9287321182918099,11296.392446872671,11713.754005030612,-417.36155815794154,-288.6467210210531,-128.71483713688843,27.4055393614546,0.024361542374194564,332841.5,0.6365342062212795,0.015204054414510641,0.7660818713450307,0.9782420309817697,1.019962092677771,-0.03849909507341964
2026-03-19,10858.363698822128,10909.32352845559,10562.404688258564,10597.6845703125,283817,ULTRACEMCO,-0.03849909507341964,-0.02479934392499783,-0.17146795833438633,11731.687255859375,12077.47916015625,11866.295244140625,0.9033384831341716,0.8774748794661049,0.8930912599318188,11188.898927401877,11631.082195051493,-442.183267649616,-319.35403034676574,-122.82923730285029,25.3082148676079,0.025167070802412678,338952.2,0.8373363559817578,0.032735343073793347,0.10169491525423942,0.9713688676493314,1.0177969544555117,0.011096726704287185
2026-03-20,10701.564225552176,10754.484048645569,10635.904445047414,10715.2841796875,365914,ULTRACEMCO,0.011096726704287185,0.029954853561308337,-0.13824084424422034,11645.741552734375,12052.9792578125,11866.140927734376,0.9201032095007804,0.8890154002996452,0.9030133928919543,11116.035120061202,11563.24530502453,-447.21018496332726,-344.92526127007807,-102.2849236932492,29.045446105004643,0.025141609983802438,347482.75,1.053042201375464,0.011066398390342368,0.6694214876032974,0.966212693445551,1.0157455006826552,-0.05231392694303216
2026-03-23,10659.423875530032,10659.423875530032,10118.465708821142,10154.7255859375,644386,ULTRACEMCO,-0.05231392694303216,-0.06640240092705796,-0.18831271168996577,11527.945947265625,12019.62017578125,11863.193559570313,0.8808790076211411,0.8448457969078431,0.8559858300335534,10968.141345580632,11458.910511018083,-490.7691654374503,-374.0940421035525,-116.67512333389777,26.40437299393956,0.026859049678954312,373672.6,1.7244668193493449,0.05327156919513621,0.06702898550724785,0.959094029484699,1.0131858774305125,0.03879563076727188
2026-03-24,10436.964945543305,10649.624231288177,10262.525531429996,10548.6845703125,369647,ULTRACEMCO,0.03879563076727188,-0.03166607964022883,-0.17046850736286412,11419.558349609375,11996.629453125,11861.602475585938,0.923738401027859,0.8793040254789793,0.8893136144146002,10903.60953400092,11391.486367262114,-487.8768332611944,-396.8506003350809,-91.0262329261135,35.28381239236296,0.028437049130702444,385436.5,0.9590347566979256,0.03669639539204778,0.739240506329116,0.9518972303203627,1.0113835358938206,0.0408769680535368
2026-03-25,10584.94415010822,11011.242706287932,10584.94415010822,10979.8828125,456437,ULTRACEMCO,0.0408769680535368,-0.0038232228782734134,-0.13549381707460073,11333.5146484375,11979.107109375,11861.7096875,0.9687976901334615,0.9165860787660046,0.9256576919995538,10915.34388453924,11360.997215057512,-445.6533305182729,-406.6111463717193,-39.04218414655361,38.75984819866103,0.03051850544134666,391635.85,1.1654627634318973,0.038825419493038166,0.9264367816091965,0.9461067961874845,1.0098971754466992,-0.01383433836739778
2026-03-27,10950.482984355202,10950.482984355202,10750.563660137512,10827.9833984375,418469,ULTRACEMCO,-0.01383433836739778,0.021731051400618373,-0.15274901695288245,11235.906982421875,11959.60517578125,11861.0233203125,0.9636946456905923,0.9053796709246443,0.9129046546847374,10901.903809754356,11321.514710122698,-419.6109003683414,-409.2110971710438,-10.399803197297615,39.970053978279545,0.030396361878097914,402482.45,1.0397198685309135,0.018463209340211822,0.38725490196078693,0.9394881199903742,1.0083114123298218,-0.02751379775438978
2026-03-30,10765.263659151058,10770.163642609934,10473.224645002036,10530.064453125,632265,ULTRACEMCO,-0.02751379775438978,-0.017285563635690893,-0.16943647345417612,11128.499365234375,11930.00927734375,11858.209501953124,0.9462250126931853,0.8826535007917067,0.8879978424559484,10844.6977548883,11262.888765159905,-418.1910102716047,-411.007079791156,-7.18393048044868,42.759092370228686,0.030714149667572216,423643.65,1.4924453606232502,0.028199162401116726,0.1914191419141924,0.9328156505601785,1.0060548580608901,-0.0028850614303205235
2026-04-01,10585.924279308909,10889.723254182612,10430.10480509949,10499.6845703125,431636,ULTRACEMCO,-0.0028850614303205235,0.0339702911177342,-0.15484735386642223,11032.3126953125,11899.80578125,11854.88833984375,0.9517210815438265,0.8823408350795432,0.8856839701326861,10791.6188034151,11206.355121097135,-414.7363176820345,-411.75292736933176,-2.9833903127027384,38.608828045054366,0.03062166250805206,431579.7,1.0001304509920184,0.04377450065335081,0.1513859275053296,0.9271002315597141,1.003788938378718,-0.00877360806132843
2026-04-02,10426.184389528897,10449.704309196975,10157.66530665166,10407.564453125,333524,ULTRACEMCO,-0.00877360806132843,-0.013377982462823734,-0.15182493381830897,10939.164013671874,11865.3491015625,11851.793125,0.9514040049237331,0.8771393377506668,0.8781426019976196,10732.533518755085,11147.185441988087,-414.6519232330029,-412.33272654206604,-2.319196690936849,39.54816292754007,0.030605278162304766,436380.6,0.764296121321617,0.028060263653484064,0.8557046979865764,0.9219420280041604,1.0011437911900356,0.03154425126105509
2026-04-06,10398.744434262324,10756.44321086262,10329.164672238703,10735.86328125,374420,ULTRACEMCO,0.03154425126105509,-0.02222423821975561,-0.09515155879938186,10882.7162109375,11839.0459765625,11850.8214453125,0.9865058569165014,0.9068182776301024,0.9059172252988831,10733.045789908148,11116.717133785267,-383.6713438771185,-406.60045000907655,22.929106131958065,48.32079264101785,0.03119708916080338,435368.35,0.8600073937391177,0.03979917845732556,0.9518348623853193,0.919222396169571,0.999006358436473,-0.0017342937533042502
2026-04-07,10703.524186531296,10734.88408160262,10549.664701337611,10717.244140625,263658,ULTRACEMCO,-0.0017342937533042502,-0.010227135906809792,-0.11002600555403641,10816.46845703125,11817.03525390625,11848.437138671876,0.9908265514941017,0.9069317227501964,0.9045280837626426,10730.61476694151,11087.126541699321,-356.5117747578115,-396.58271495882354,40.070940201012036,54.52489746180991,0.03087033228083278,434301.65,0.6070849604186399,0.017282370153621184,0.904761904761902,0.9153284410703394,0.9973497023786256,0.06099116694418982
2026-04-08,11171.962043086918,11540.440791174697,11121.98221289416,11370.9013671875,612764,ULTRACEMCO,0.06099116694418982,0.07985107002958225,-0.03203475489631269,10797.652490234375,11804.726484375,11849.866459960938,1.0530901394975976,0.9632498798035075,0.9595805493343073,10829.120397748586,11108.14689914289,-279.02650139430443,-373.0714722459198,94.04497085161535,56.774191820159224,0.03385494743708418,450110.6,1.36136318495943,0.036800827372231386,0.5948477751756437,0.914688917572668,0.9961906764318011,-0.013358608008053774
2026-04-09,11196.462029564387,11330.721574251507,11162.1621458852,11219.001953125,330553,ULTRACEMCO,-0.013358608008053774,0.06850847546852457,0.006152209333813996,10801.082470703124,11786.77294921875,11850.424296875,1.03869237028376,0.9518298181750092,0.9467173218501123,10889.102175498803,11116.358384623047,-227.25620912424347,-343.9084196215845,116.65221049734106,54.30274320591286,0.0319417805837409,437101.15,0.7562391451040565,0.015024458420684677,0.3372093023255717,0.9163731682316865,0.9946287705771821,0.01231657575935352
2026-04-10,11269.961935213349,11410.101461886,11246.442014652905,11357.181640625,420339,ULTRACEMCO,0.01231657575935352,0.09124297925581093,-0.005577434834871942,10797.897509765626,11771.485,11851.604858398438,1.051795650991645,0.9648044949830034,0.9582821715977923,10961.114400902834,11134.197144326896,-173.08274342406185,-309.74328438208,136.66054095801815,54.420894883322624,0.031589703612873186,435073.85,0.9661325312932506,0.014410216584692206,0.6766467065868285,0.9172927213317288,0.9932397460634489,-0.0075071235384686075
2026-04-13,11138.642325791168,11291.521808707184,11056.322604221006,11271.921875,220442,ULTRACEMCO,-0.0075071235384686075,0.04993157789986169,0.003489821650560998,10799.85751953125,11750.1798828125,11852.174096679688,1.0437102391966777,0.959297813941379,0.9510425499198293,11008.930935379321,11144.398976228607,-135.4680408492859,-274.8882356755212,139.42019482623527,59.767173072543024,0.03140376687748261,434539.0,0.5073008406610223,0.020865936358894267,0.9166666666666544,0.9191227391615232,0.9913944721841572,0.024604399344055894
2026-04-15,11603.160558973272,11710.960192544811,11476.740988693917,11549.2607421875,274811,ULTRACEMCO,0.024604399344055894,0.07763344668137595,0.06276485002331067,10833.961376953124,11730.93275390625,11854.17384765625,1.0660238060988494,0.9845134214363085,0.9742779961398124,11092.058597965195,11174.388736670007,-82.33013870481227,-236.3766162813794,154.04647757656713,61.5468050205005,0.03081999928883405,421493.05,0.651994143201175,0.020280016970725363,0.3096234309623465,0.9235379320834955,0.9896035695668184,0.003478983494868304
2026-04-16,11603.160382842889,11621.78031926806,11475.760817828566,11589.4404296875,308549,ULTRACEMCO,0.003478983494868304,0.019219150306819754,0.1139788941150055,10893.251171875,11713.46919921875,11855.741513671876,1.0639101446233035,0.9894114401615942,0.9775382177759796,11168.578879768627,11205.133306523156,-36.55442675452832,-196.4121783760092,159.85775162148087,73.20862913850792,0.028847185658196703,400725.3,0.7699763404007683,0.012599357348215929,0.7785234899328772,0.9299765070967654,0.98799971184518,0.005073567187668493
2026-04-17,11583.56045518362,11691.360087169254,11502.220732867188,11648.240234375,165109,ULTRACEMCO,0.005073567187668493,0.03825993462194188,0.07090723665610188,10931.814013671876,11697.63244140625,11856.853334960937,1.0655358954888114,0.9957775894157509,0.9824056944374252,11242.372934323454,11237.95604191959,4.41689240386404,-156.24636422003454,160.66325662389858,69.95021416520223,0.027294090717162853,372576.9,0.44315415153220716,0.01623759044253729,0.7720207253885962,0.9345321857589236,0.9865714039756897,0.0026081092251897253
2026-04-20,11730.55993981156,11820.719631913706,11579.640455205796,11678.6201171875,335624,ULTRACEMCO,0.0026081092251897253,0.02830266229191092,0.0720582198746742,10971.062841796875,11685.51966796875,11857.0555859375,1.0644930473549945,0.9994095640607099,0.9849511147639701,11309.487885533306,11270.597825272767,38.89006026053903,-117.21907932391983,156.10913958445886,64.83562372664734,0.027290477235647446,372711.45,0.90049286116646,0.020642779222959068,0.41056910569106303,0.9388596445453532,0.9855330088717648,0.01023747404340547
2026-04-21,11563.960487789684,11823.659600439198,11563.960487789684,11798.1796875,320111,ULTRACEMCO,0.01023747404340547,0.04668749644789383,0.0704187665479028,11009.870703125,11674.72009765625,11856.579931640625,1.0716002036382906,1.010574950732098,0.9950744443610777,11384.67123968203,11309.677963215525,74.99327646650454,-78.77660816583496,153.76988463233948,70.88607861052259,0.02726894718191462,378123.75,0.8465773440573358,0.02201179499958468,0.9018867924528299,0.9430522197560246,0.9846616954439736,0.012791797198588029
2026-04-22,11772.700205644376,11977.519513309378,11760.940245395666,11949.099609375,312307,ULTRACEMCO,0.012791797198588029,0.03462029961164137,0.127519839838246,11077.441455078126,11662.70533203125,11857.443168945312,1.078687678723618,1.024556418874545,1.0077298654628797,11471.506373480948,11357.04252959771,114.46384388323895,-40.12851775602018,154.59236163925914,82.61262425902436,0.025435675396748163,379548.25,0.8228387299901923,0.01812515377675727,0.8687782805429867,0.949817485712709,0.9835767429673135,-0.0021324174693471143
2026-04-23,11862.859348834194,11968.698986147212,11697.239916372157,11923.619140625,227223,ULTRACEMCO,-0.0021324174693471143,0.028834758068341904,0.11276742087980152,11137.858203125,11650.82775390625,11857.60931640625,1.0705486569473055,1.0234139060743808,1.005566874608309,11541.062183810804,11399.011167451583,142.05101635922074,-3.6926109329719985,145.74362729219274,82.79908709283697,0.025477027153826583,372613.7,0.6098084960375852,0.022766499547957418,0.833935018050539,0.9559714072153147,0.9825612771527312,-0.013890005934583893
2026-04-24,11958.89931655276,12001.039173195531,11714.880146691115,11758.0,349586,ULTRACEMCO,-0.013890005934583893,0.009422862459609105,0.15788456325031097,11218.021923828124,11636.63740234375,11855.846948242188,1.0481348743868035,1.0104293528671613,0.9917469457332447,11574.437232455297,11425.60293282554,148.83429962975606,26.812771179573613,122.02152845018244,80.08735224442268,0.022099837283855922,357873.7,0.9768418299528576,0.02433738956492737,0.15068493150684914,0.9640260786650179,0.9815104271457435,0.0010001501637182386
2026-04-27,11904.999303314946,11995.158995108244,11631.580237985274,11769.759765625,567601,ULTRACEMCO,0.0010001501637182386,0.007803974058833374,0.11575615776293202,11279.07568359375,11616.29265625,11854.328403320313,1.0435039267220263,1.0132113673369298,0.9928660119056913,11604.486852942944,11451.096031551428,153.3908213915165,52.128381221962194,101.26244016955431,76.817503885677,0.02087235159575978,367771.4,1.5433527457545637,0.030890924229808478,0.38005390835579195,0.970970344615516,0.9799199297529465,-0.01606988380743357
2026-04-28,12036.319562785606,12036.319562785606,11554.161182644708,11580.62109375,509322,ULTRACEMCO,-0.01606988380743357,-0.01844001358790126,0.05471263141042737,11309.11259765625,11592.65513671875,11851.33830078125,1.0240079399465893,0.9989619252167148,0.9771572458602921,11600.815197682492,11460.690480603174,140.12471707931763,69.72764839343328,70.39706868588435,70.5745049633982,0.0196699144572049,370415.65,1.3750012992161642,0.04163493272404156,0.05487804878048562,0.9755411908903939,0.9781726622346568,0.0013539591161015885
2026-04-29,11632.560658618904,11818.76002889166,11580.620834279664,11596.30078125,361932,ULTRACEMCO,0.0013539591161015885,-0.029525139103217635,0.07095664580750749,11347.528466796875,11570.389609375,11849.21052734375,1.0219230394689944,1.0022394381477011,0.9786559834083356,11600.120672077492,11470.735688058494,129.38498401899778,81.65911551854619,47.7258685004516,57.71813068011201,0.01928132709966579,367588.8,0.9846110654078688,0.02053578974055611,0.06584362139917375,0.9807386656714178,0.9764692409401174,-0.02087386097331012
2026-04-30,11541.420571483768,11541.420571483768,11254.28155242588,11354.2412109375,719688,ULTRACEMCO,-0.02087386097331012,-0.04775210638417415,0.07826891862641072,11388.7373046875,11542.10689453125,11845.385541992187,0.9969710343800975,0.9837234496864031,0.9585370751071319,11562.293062671339,11462.106467531014,100.18659514032515,85.36461144290197,14.821983697423178,54.3615591948162,0.018767593685130608,371959.95,1.9348534701114999,0.025289142068013117,0.348122866894198,0.9867121669167335,0.9743968951972221,0.0
2026-05-04,11436.56107477356,11562.0006478302,11358.161341613157,11522.80078125,461238,ULTRACEMCO,0.014845516065849163,-0.020982500007882376,0.10715632203364711,11487.226953125,11491.14705078125,11837.662973632812,1.0030968159913758,1.00275461886693,0.9734016593406878,11529.133654061283,11459.204176874155,69.92947718712821,80.80622867407185,-10.876751486943633,58.38793599962386,0.01861437846082398,356763.85,1.29283838595194,0.01769008334750806,0.8076923076923097,0.9996588593254506,0.970727674573656,0.01743494640551324
2026-05-05,11437.541166888925,11747.220115456905,11391.4813232728,11723.7001953125,350047,ULTRACEMCO,0.01743494640551324,0.01235504558902445,0.09201280681244706,11536.618798828125,11471.1355078125,11835.441826171875,1.016216310839999,1.0220174094646506,0.9905587275489557,11559.06696809993,11478.796474536255,80.2704935636757,80.69908165199261,-0.4285880883169142,56.14641055074283,0.017816215243191918,355545.2,0.9845358621069839,0.030343559307866037,0.9338842975206582,1.0057085273703747,0.9692190351902386,0.01086682633810776
2026-05-06,11781.51984651503,11898.13944905498,11703.120113715062,11851.099609375,355092,ULTRACEMCO,0.01086682633810776,0.021972423183174383,0.10579729768886992,11593.311572265626,11452.33916015625,11833.755424804687,1.0222359276296924,1.0348191267864362,1.0014656534589144,11603.995066757634,11506.37448452431,97.62058223332315,84.08338176825873,13.537200465064416,58.68575374172153,0.01780477276926265,360116.9,0.9860464754639395,0.016455800876540107,0.7587939698492505,1.012309486309996,0.9677687892848494,0.0043827519301593565
2026-05-07,12024.5596310964,12029.459614646155,11877.56012460378,11903.0400390625,227651,ULTRACEMCO,0.0043827519301593565,0.04833425835592986,0.046798284031428494,11619.918505859376,11441.71599609375,11832.396889648437,1.0243651909486593,1.040319480323253,1.0059703160799032,11650.001985573768,11535.757118193806,114.24486737996267,90.11567889059953,24.129188489363145,58.496750969303385,0.012029970445801726,340861.25,0.6678699910887494,0.012761402931006085,0.16774193548386185,1.0155748062464114,0.9669821003133799,-0.01613706057399167
2026-05-08,11848.159491860615,11867.759424849635,11639.42020552759,11710.9599609375,258727,ULTRACEMCO,-0.01613706057399167,0.03141722492704968,0.0438504253647507,11644.51640625,11425.72244140625,11830.316547851562,1.005705995197176,1.024964506270305,0.9899109557693333,11659.380135629728,11548.735106545191,110.64502908453687,94.221548929387,16.423480155149875,50.97344914230887,0.012235311225827158,337269.95,0.767121411201917,0.019497907949790894,0.31330472103004037,1.0191492455698778,0.9658002298747629,-0.007029256031280129
2026-05-11,11564.940840689786,11698.220389400389,11537.500933602309,11628.640625,198930,ULTRACEMCO,-0.007029256031280129,0.009185253286876582,0.02390196731590377,11658.08935546875,11403.9665234375,11827.620102539062,0.9974739659672504,1.0197013996051942,0.9831767104612747,11654.650980148232,11554.65403383814,99.99694631009152,95.3766284055279,4.6203179045636205,44.779736689543356,0.012159508339949242,326199.5,0.609841523362237,0.013821001179841703,0.5670731707317049,1.0222837230808224,0.964180995379568,-0.029496054998904953
2026-05-12,11628.640434538089,11628.640434538089,11272.90164490912,11285.6416015625,343980,ULTRACEMCO,-0.029496054998904953,-0.0373652163098771,0.0012171594795142848,11658.775341796874,11375.66421875,11823.194057617187,0.9679954601323619,0.992086385862276,0.9545340748502419,11597.880306519657,11534.727187002907,63.15311951674994,88.9319266277723,-25.77880711102236,31.732326190080542,0.013867344685848453,332376.4,1.0349110225635754,0.03152136158388347,0.035812672176312385,1.0248874366896514,0.9621481440052265,0.004949683282053474
2026-05-13,11269.962193116522,11418.921693408149,11202.342419957822,11341.501953125,453482,ULTRACEMCO,0.004949683282053474,-0.04300003147782794,-0.017988925326067995,11648.38740234375,11346.8915234375,11818.662651367187,0.973654254566001,0.9995250179045629,0.9596265066261969,11558.437482920479,11520.414206715654,38.02327620482538,78.75019654318291,-40.72692033835753,34.23569759434177,0.012689746794201033,341309.95,1.3286515672924273,0.019096172124773214,0.6425339366515823,1.0265707906243307,0.9600825286374417,0.01028251294290583
2026-05-14,11367.961399888813,11533.580837525124,11318.9615662686,11458.12109375,220410,ULTRACEMCO,0.01028251294290583,-0.037378597723976226,-0.011330947057729635,11641.821435546875,11322.489609375,11815.322978515625,0.9842206528579824,1.011978945360453,0.9697679119381549,11543.004192278868,11515.79990205153,27.20429022733697,68.44101528001372,-41.236725052676746,41.65758374310631,0.01290078180766878,336903.0,0.6542239160826707,0.01873075607252847,0.648401826484025,1.028203322519057,0.9582886248613967,-0.017533364538456775
2026-05-15,11451.261019165007,11495.36086904626,11233.701759750831,11257.2216796875,284388,ULTRACEMCO,-0.017533364538456775,-0.03874475557626933,-0.033568895113750274,11622.2705078125,11299.16568359375,11811.368344726563,0.9685905754921456,0.9962878671681793,0.9530836183526125,11499.037651880195,11496.645959654194,2.391692226001396,55.23115066921125,-52.83945844320986,37.09917119317407,0.013369524976787447,342866.95,0.8294412745235433,0.02324366675372188,0.08988764044944227,1.0285954585733612,0.956634773704141,0.006442045232248894
2026-05-18,11218.021593426309,11366.98108344123,11027.902244328316,11329.7412109375,233668,ULTRACEMCO,0.006442045232248894,-0.025703727864795023,-0.029873298621688416,11604.8265625,11280.34974609375,11808.107407226562,0.976295608548652,1.0043785402009235,0.9594883261312221,11472.992045581319,11484.28264493444,-11.290599353120342,41.92680066474493,-53.21740001786527,43.29138966663899,0.01346052241826727,337769.15,0.6917979335886655,0.029928206902517226,0.8901734104046278,1.028764783336493,0.9553054826711838,-0.01669399753742029
2026-05-19,11309.1619722714,11324.841919546643,11120.02260826374,11140.6025390625,347784,ULTRACEMCO,-0.01669399753742029,-0.012851645269323364,-0.05573547495078357,11571.947705078124,11265.86541015625,11803.785625,0.9627249295443725,0.9888812029495023,0.9438160682507736,11421.855198424577,11458.824859314296,-36.96966088971931,26.14750835385209,-63.1171692435714,38.84893083462335,0.013578604387267865,339152.8,1.0254492960105297,0.01838494018296958,0.10047846889951843,1.0271689997863758,0.954428161275273,0.0036065991367268957
2026-05-20,11073.96258744467,11201.362157034742,10986.74288210993,11180.7822265625,168245,ULTRACEMCO,0.0036065991367268957,-0.014170938490048579,-0.06429918637632703,11533.5318359375,11248.6370703125,11799.713740234374,0.9694153001532573,0.9939677275277125,0.9475469043319706,11384.767048907333,11438.22910874009,-53.462059832756495,10.225594716530372,-63.68765454928687,45.29006028824654,0.013173672781812534,331949.7,0.5068388373298726,0.01919537207467792,0.9041095890410963,1.0253270475208855,0.9532974543235886,0.005697205925240922
2026-05-21,11254.281411710715,11286.621300824829,11145.501784690525,11244.4814453125,244967,ULTRACEMCO,0.005697205925240922,-0.018645260133795638,-0.05695734552595766,11499.574951171875,11238.58228515625,11796.053452148437,0.9778171361165502,1.0005249025194256,0.953240970882895,11363.184648354283,11423.877429967675,-60.69278161339207,-3.9580805494541167,-56.734701063937955,47.11933755579659,0.013323631133133227,332836.9,0.7359971205115778,0.012550113299633979,0.7013888888888757,1.0232229172144196,0.952740874797354,0.008279669132835954
2026-05-22,11300.342155963675,11416.961765412958,11280.74222160245,11337.58203125,340427,ULTRACEMCO,0.008279669132835954,0.0071385599261584165,-0.03575590821143049,11478.554052734375,11242.32587890625,11792.628364257813,0.9877186603088921,1.0084729933440622,0.9614126453448657,11359.245784184393,11417.48517821081,-58.23939402641736,-14.814343244846766,-43.42505078157059,44.93842223866147,0.013278334835146005,332378.95,1.0242134768161462,0.012014867317832283,0.4172661870503605,1.0210123933759432,0.9533350438635486,0.01357073973761902
2026-05-25,11456.161524736695,11560.041175859202,11381.681774875276,11491.44140625,229618,ULTRACEMCO,0.01357073973761902,0.014272187890434607,-0.023646902308733786,11464.638134765624,11243.73708984375,11790.065673828125,1.0023379081981747,1.0220304258652577,0.9746715348464073,11379.583572194486,11422.963417324823,-43.379845130337344,-20.527443621944883,-22.85240150839246,43.48544453617487,0.013705247625517603,315479.8,0.7278374082904833,0.015521064301552166,0.615384615384617,1.0196465857531845,0.9536619558280215,-0.008783965920289183
2026-05-26,11456.160751614523,11513.98055352601,11348.361120932095,11390.5009765625,210716,ULTRACEMCO,-0.008783965920289183,0.02243132152177374,-0.01641709159192739,11455.13212890625,11246.89267578125,11787.664677734376,0.9943578867867741,1.0127687090933564,0.9663068375263444,11381.263172866487,11420.558792083171,-39.29561921668392,-24.28107874089269,-15.014540475791229,36.88616434494075,0.013379525392146107,300549.5,0.7011024806229922,0.014540135937365577,0.25443786982248884,1.018515287655711,0.954123906919868,0.00567847403688293
2026-05-27,11407.161801426557,11514.961440443472,11368.941929411463,11455.181640625,243628,ULTRACEMCO,0.00567847403688293,0.024542058730971483,-0.012169323932436749,11448.076171875,11258.65263671875,11784.881489257812,1.0006206692411304,1.0174558191150949,0.9720234905261168,11392.635244829335,11423.123447530714,-30.488202701379123,-25.52250353298998,-4.965699168389143,37.34073334293943,0.01344993552857058,294634.3,0.826882681344297,0.012747027119514299,0.5906040268456456,1.016824707295655,0.9553471239385198,0.0
2026-05-29,11367.961877830518,11543.381289566005,11111.202738865724,11252.322265625,1776975,ULTRACEMCO,-0.017708961879798868,-0.007520101322309847,-0.008976288544435884,11448.02724609375,11287.19015625,11778.25181640625,0.9829049166060005,0.9969108440504395,0.9553474013818699,11379.190767007984,11412.670286806167,-33.4795197981839,-26.74876401934643,-6.7307557788374694,38.91456838878494,0.013214484624934911,347498.65,5.1136169881523275,0.0384079428670963,0.3265306122448989,1.0142495242498144,0.9583077635110301,-0.02177328325802186
2026-06-01,11276.821341750969,11338.561130099826,10986.74233617538,11007.322265625,497866,ULTRACEMCO,-0.02177328325802186,-0.04212866980827101,-0.04473552267464265,11422.2533203125,11289.46373046875,11773.150932617187,0.9636734501458116,0.9750084263008625,0.9349512571973846,11321.98022833368,11382.644507459414,-60.66427912573454,-33.53186704062405,-27.132412085110488,41.299021029576714,0.013528858293749063,349330.05,1.4252023265676685,0.03196225071225067,0.05849582172701891,1.011762258422016,0.9589160790584621,-0.005965045639896305
2026-06-02,10919.1231619808,10976.942966913206,10852.483386804468,10941.6630859375,413041,ULTRACEMCO,-0.005965045639896305,-0.039404578564941506,-0.06670565575258247,11383.15146484375,11287.85654296875,11768.290151367188,0.9612156281790888,0.9693304520912879,0.9297580995371997,11263.469898734267,11349.979216976308,-86.50931824204054,-44.12735728090735,-42.38196096113319,37.57612538119586,0.012729823430227301,352479.75,1.1718148347529185,0.011374832064487216,0.7165354330708605,1.0084422513266578,0.9591755809706456,-0.005732193183969336
2026-06-03,10956.363098622873,11014.18290388394,10799.563626728448,10878.943359375,412934,ULTRACEMCO,-0.005732193183969336,-0.0503037227455575,-0.0820308901319976,11334.54365234375,11293.48171875,11761.900576171874,0.9598042667668812,0.9632940159909444,0.9249307362293442,11204.311969602071,11315.087671968804,-110.77570236673273,-57.45702629807243,-53.3186760686603,31.37998545757769,0.012286267477395701,355371.85,1.1619772359572094,0.019727952436717384,0.3698630136986298,1.0036358967603034,0.9601749007833962,-0.009368549730261244
2026-06-04,10838.763228039466,10926.96292881013,10741.743557191734,10777.0234375,541327,ULTRACEMCO,-0.009368549730261244,-0.05920099954765967,-0.09459907703134862,11278.242822265625,11294.71650390625,11754.78580078125,0.9555587343999977,0.954165023422482,0.9168200612199785,11138.575272355598,11275.231062008152,-136.65578965255372,-73.2967789689687,-63.359010683585026,33.51280522683669,0.012164963824045241,371055.65,1.4588835933370101,0.01718650541056649,0.1904761904761914,0.9985414701081761,0.9608611075801633,-0.007729388840117757
2026-06-05,10877.96300625172,10898.542936263546,10629.043852775329,10693.7236328125,424664,ULTRACEMCO,-0.007729388840117757,-0.04964296432559323,-0.08686190812008954,11227.381005859375,11305.49646484375,11747.4897265625,0.9524682227521833,0.9458871325170322,0.9102986154252761,11070.136558579738,11232.15643762329,-162.01987904355155,-91.04139898388527,-70.97848005966628,28.32334619834303,0.011898032194850812,379352.5,1.1194443163021202,0.025201612903225725,0.2399999999999973,0.9930904883985159,0.9623755140879715,-0.01072210051657596
2026-06-08,10542.804574962369,10677.06412383482,10534.96460130558,10579.064453125,285585,ULTRACEMCO,-0.01072210051657596,-0.038906629802001436,-0.09025785607464332,11174.902197265625,11306.1040625,11740.031953125,0.9466807195604433,0.9356949480248957,0.9011103628477799,10994.587003894392,11183.779253586377,-189.19224969198513,-110.67156912550524,-78.52068056647988,29.838169591984283,0.011968361012444821,383685.25,0.7443210287599015,0.013432144511347938,0.31034482758620824,0.9883954840226931,0.9630386107671968,0.010745722176446204
2026-06-09,10594.744469278425,10763.303903994534,10556.524597453255,10692.744140625,257371,ULTRACEMCO,0.010745722176446204,-0.022749644487995324,-0.05253555640606322,11145.25732421875,11300.3612890625,11730.947387695312,0.9593985880783179,0.9462302900858924,0.9114987721998231,10948.149640314487,11147.406282255904,-199.2566419414179,-128.3885836886878,-70.86805825273012,33.3556478778202,0.010907079612699665,379354.8,0.6784440318140169,0.01933828246723506,0.6587677725118563,0.9862744242528003,0.9632948572351064,-0.004124346880231444
2026-06-10,10705.483360151504,10737.82324946723,10597.68372909908,10648.6435546875,470400,ULTRACEMCO,-0.004124346880231444,-0.021169317375757557,-0.06109053292069422,11110.614404296875,11296.7744921875,11721.162119140625,0.958420764793105,0.9426269031086504,0.9084972502255809,10902.071780987259,11110.460895028617,-208.38911404135797,-144.38868975922185,-64.00042428213612,29.40384581628065,0.010762616464312258,380200.7,1.237241278093386,0.013160316583839503,0.3636363636363731,0.9835209521072261,0.9637930417957362,-0.0033130320020403614
2026-06-11,10582.004363421918,10719.203901380712,10491.844667048996,10613.3642578125,236130,ULTRACEMCO,-0.0033130320020403614,-0.015185935210832668,-0.07372559855370053,11068.3765625,11298.44048828125,11711.146552734375,0.9588907820294897,0.9393654167423096,0.9062617575504971,10857.655238960371,11073.638921901498,-215.98368294112697,-158.70768839560287,-57.2759945455241,23.923810729367744,0.010292522147157727,380986.7,0.6197854150814188,0.021421975992612967,0.5344827586206939,0.9796375503309618,0.9647595508608195,0.02650043682948744
2026-06-12,10730.96360198626,10930.882923886278,10626.103957656347,10894.623046875,192524,ULTRACEMCO,0.02650043682948744,0.018786665988455464,-0.03221031291111309,11050.246630859376,11306.3392578125,11702.556879882812,0.985916732070959,0.9635853655591476,0.9309609138156223,10863.34259402416,11060.378486714351,-197.03589269019176,-166.37332925452066,-30.662563435671103,30.31675257433129,0.011793903179691029,376393.5,0.5114966119234259,0.027975173158226292,0.8810289389067518,0.9773496424338967,0.9661426450529434,0.03139333533761901
2026-06-15,11017.122351715125,11333.66127002183,11017.122351715125,11236.6416015625,404414,ULTRACEMCO,0.03139333533761901,0.062158345981459195,-0.008217275897275056,11045.591650390625,11322.92080078125,11697.05419921875,1.0172964887005504,0.9923801287020574,0.9606385855947388,10920.773210568519,11073.435013740142,-152.66180317162252,-163.63102403794105,10.969220866318523,45.62186754226352,0.013829929630708459,384930.8,1.0506148118051348,0.028170242455956722,0.6934984520123857,0.9755072780892815,0.9680147332768204,-0.006541013413409846
2026-06-16,11255.262269314864,11280.742183899294,11140.602653684926,11163.142578125,234423,ULTRACEMCO,-0.006541013413409846,0.04399230275349186,0.002023233391862611,11046.71865234375,11331.46638671875,11691.10072265625,1.0105392315533037,0.9851454522434063,0.954841023351367,10958.060805577208,11080.08001850939,-122.0192129321822,-155.30866181678928,33.28944888460708,41.73140389839056,0.01337624467888567,379262.75,0.6181018304592265,0.012553770520586382,0.16083916083916763,0.9748710604032023,0.969238624790858,-0.0015802561757625178
2026-06-17,11152.361929707422,11191.561795892683,11087.682150501736,11145.501953125,177587,ULTRACEMCO,-0.0015802561757625178,0.0466593135440978,-0.0031554387450355437,11044.954638671876,11340.03154296875,11685.039443359376,1.0091034610591407,0.9828457628969853,0.9538266436455209,10986.897905199945,11084.926087740176,-98.02818254023077,-143.85256596147758,45.82438342124681,41.31865965834428,0.013356692528655106,379729.85,0.4676666846180252,0.00932032005627357,0.5566037735849144,0.9739791813471776,0.9704743914590127,0.0050119188707187234
2026-06-18,11162.162436604603,11230.762205749672,11010.262947783382,11201.3623046875,321556,ULTRACEMCO,0.0050119188707187234,0.05540166459868501,-0.0038346935636569546,11042.798681640625,11336.64076171875,11679.693564453126,1.0143590069526938,0.9880671479431495,0.9590459067161303,11019.892428198029,11093.550992699238,-73.65856450120918,-129.8137656694239,56.15520116821472,48.443109949262265,0.013341979611141204,383559.3,0.8383475514737878,0.019685039370078823,0.8666666666666673,0.9740803218295173,0.9706282702674283,-0.00551185049600289
2026-06-19,11084.742257174688,11246.441706598598,11073.962293879762,11139.6220703125,403613,ULTRACEMCO,-0.00551185049600289,0.022488067956401236,-0.017460509691736625,11032.90068359375,11335.0531640625,11673.455883789062,1.0096730125448738,0.982758696327106,0.9542694281118672,11038.312373138717,11096.963665115036,-58.651291976319044,-115.58127093080293,56.929978954483886,54.55159368774001,0.013241672150523897,386718.6,1.043686546238014,0.015483416908595135,0.38068181818181385,0.9733435321303374,0.9710109222928146,0.0030790815407382155
2026-06-22,11143.54197865506,11189.601821500615,11088.662165902912,11173.921875,226862,ULTRACEMCO,0.0030790815407382155,-0.005581714607127641,-0.02763095768624002,11017.02470703125,11331.38796875,11666.478305664063,1.0142413375789758,0.9861035475809086,0.957780195723252,11059.175373425069,11102.664273254662,-43.48889982959372,-101.1627967105611,57.673896880967376,58.166764301701186,0.012844351709694245,386580.8,0.5868423884476415,0.009033502894229219,0.8446601941747471,0.9722573031136426,0.971277507390437,-0.008331865070875133
2026-06-23,11130.802095424848,11194.501878503084,11040.642402452571,11080.822265625,324599,ULTRACEMCO,-0.008331865070875133,-0.0073742955376483454,-0.027187453086980673,11001.540771484375,11327.5659765625,11659.505629882813,1.0072063991569362,0.9782174112736991,0.9503681045639987,11062.50566453275,11101.046346763576,-38.54068223082686,-88.63837381461425,50.097691583787395,56.95005150577053,0.012830919329735761,392274.95,0.8274782776723316,0.013885203856018597,0.2611464968152978,0.9712184236443474,0.9715305550803487,0.010878257603358588
2026-06-24,11080.822710332595,11249.382143089048,11049.462815866278,11201.3623046875,233046,ULTRACEMCO,0.010878257603358588,0.0050119188707187234,-0.02215760028085001,10988.8498046875,11320.6080078125,11653.120952148438,1.0193389211589141,0.9894664930503109,0.9612328191463894,11083.868224556556,11108.477158461645,-24.608933905088634,-75.83248583270914,51.223551927620505,64.42372229845866,0.013030879549135867,391745.85,0.5948907946312642,0.017847769028871426,0.7598039215686276,0.9706943122758027,0.9714657604858521,0.005161812854968861
2026-06-25,11257.221647302584,11440.48102294858,11221.941767499076,11259.181640625,402451,ULTRACEMCO,0.005161812854968861,0.005161812854968861,-0.01711016081184602,10979.0498046875,11314.00283203125,11647.42716796875,1.0255151257095034,0.9951545715322746,0.9666668422352146,11110.839519336316,11119.640453436708,-8.800934100392624,-62.42617548624584,53.625241385853215,69.55931919412885,0.013103470287682958,411868.4,0.9771349295066093,0.019409870310731724,0.17040358744394327,0.9703948255700043,0.9713735633518756,0.0
2026-06-29,11227.821783890922,11308.18151037072,11086.70226421908,11109.2421875,230886,ULTRACEMCO,-0.013317082707325123,-0.005788449948331165,0.009259283903523707,10984.48876953125,11294.8341015625,11635.471206054688,1.0113572347868196,0.9835684249636898,0.9547737251688735,11129.904584665352,11128.440937660074,1.4636470052773802,-39.070495473808855,40.534142479086235,65.23295135530529,0.011829152339820855,309670.65,0.7455856730368214,0.01993648553281565,0.10176991150442714,0.9725232500769253,0.9707242535811585,-0.007321817490082538
2026-06-30,11090.622129584888,11149.421928805095,10994.582457525215,11027.90234375,331714,ULTRACEMCO,-0.007321817490082538,-0.004775811813096942,0.007881732158554255,10988.800732421874,11279.4285546875,11629.008125,1.003558314713339,0.9777004473481974,0.9483097978100347,11114.211932216836,11120.993634407476,-6.7817021906394075,-32.61273681717497,25.831034626535562,63.50314560314428,0.011872153306900998,305604.3,1.0854362978531389,0.014040700257708967,0.2151898734177233,0.9742338168235618,0.9699390036918991,0.018039645884037725
2026-07-01,11073.962317099118,11255.261700166671,11072.002323768658,11226.841796875,119013,ULTRACEMCO,0.018039645884037725,0.0022746779806270823,0.0319790650624352,11006.195654296875,11264.9833984375,11624.000341796875,1.0200474486833226,0.9966141448936542,0.965832885990738,11131.539603702708,11128.8342390347,2.7053646680069505,-25.549116520138586,28.254481188145537,69.56248244455281,0.01239803177706443,290908.25,0.40910837007888223,0.016323324022346465,0.8449197860962522,0.9770272414092931,0.969114166138791,0.006983298780145253
2026-07-02,11300.342203888911,11336.602082610958,11214.10249233378,11305.2421875,137631,ULTRACEMCO,0.006983298780145253,0.004090932036197481,0.049013417578920526,11032.606591796875,11252.615859375,11619.80595703125,1.0247118025495296,1.0046768083779518,0.972928655547737,11158.26307813306,11141.901494476575,16.36158365648589,-17.16697648481369,33.52856014129958,65.03948780313328,0.012170418585597354,270723.45,0.5083822624157605,0.010835644937586797,0.7439999999999949,0.9804481668682552,0.968399636016808,0.016210071931508585
2026-07-03,11345.421462566244,11509.080906657851,11345.421462566244,11488.5009765625,157877,ULTRACEMCO,0.016210071931508585,0.02036731827027971,0.07432185186751172,11072.345458984375,11247.22587890625,11616.635668945313,1.0375851276605939,1.0214519651560259,0.9889697244508274,11209.068908660667,11167.575530186645,41.49337847402239,-5.434905493046475,46.928283967068865,60.4386682101139,0.01229164761641372,257384.1,0.6133906484510893,0.01424550029855817,0.8742514970059909,0.98445123963858,0.9681999332193396,-0.00528874617749997
2026-07-06,11488.501004701167,11515.940911562178,11395.401320708452,11427.7412109375,158010,ULTRACEMCO,-0.00528874617749997,0.02866973444830223,0.08022228823474142,11114.779296875,11240.3855078125,11612.843081054687,1.0281572765147475,1.0166680851822014,0.9840605897431642,11242.710801318643,11186.847062094117,55.86373922452549,6.8248234504679175,49.03891577405757,61.083707973181376,0.012013905859363789,251005.35,0.6295084945400566,0.010547980447645952,0.26829268292682634,0.9888254534641896,0.9679270984165955,-0.0010290542468484043
2026-07-07,11421.861425454304,11514.961111032868,11375.801581010172,11415.9814453125,152287,ULTRACEMCO,-0.0010290542468484043,0.03519065452936676,0.0676381380846569,11150.941162109375,11237.09271484375,11608.29099609375,1.023768422714284,1.0159194851380415,0.9834334312565076,11269.367823471544,11203.819979369553,65.54784410199136,18.569427580772608,46.97841652121875,61.386147568412426,0.011950858275443253,245751.15,0.6196797044489925,0.012189887543995304,0.28873239436620207,0.9923332880736516,0.9680230034399627,-0.025409913545506813
2026-07-08,11324.84167042852,11367.96152448692,11062.202559345547,11125.90234375,213785,ULTRACEMCO,-0.025409913545506813,-0.00899090367097688,0.04481874020963095,11174.8041015625,11227.68474609375,11601.587817382813,0.9956239270623399,0.9909346936037582,0.9589982439369129,11247.29621120669,11198.048302656995,49.24790854969615,24.705123774557315,24.542784775138834,47.346650614688656,0.0134986058435771,232920.4,0.9178457533131491,0.027481722892627538,0.20833333333333334,0.9952901559202001,0.9677713880914783,0.015062068350495394
2026-07-09,11130.802000682,11377.761157590952,11130.802000682,11293.4814453125,161622,ULTRACEMCO,0.015062068350495394,-0.0010402910430794554,0.06408120657871197,11208.8099609375,11226.46955078125,11596.188032226562,1.007554011948644,1.0059690977852058,0.9738960263430688,11254.401631838353,11205.11742433518,49.28420750317309,29.620940520280474,19.66326698289262,55.035276852018754,0.013721338695297193,229195.0,0.705172451406008,0.0218674071502951,0.6587301587301566,0.998426968535044,0.9681172398707368,0.01622703915638568
2026-07-10,11352.281631585687,11490.461164566834,11352.281631585687,11476.7412109375,135130,ULTRACEMCO,0.01622703915638568,-0.0010236118401339978,0.053431693924414825,11237.915869140625,11228.91955078125,11592.282744140624,1.0212517467275841,1.0220699470715335,0.9900328920754176,11288.60772093053,11225.237704824242,63.37001610628795,36.37075563748197,26.99926046880598,59.02981741007806,0.012975141908863485,226325.3,0.5970609560663347,0.012039962428486192,0.9007092198581557,1.0008011739970788,0.9686547333791493,-0.011954544955605217
2026-07-13,11367.961896929824,11406.181768824674,11304.262110438409,11339.5419921875,121301,ULTRACEMCO,-0.011954544955605217,-0.007717992306789712,0.009157575214527647,11243.060888671875,11225.254375,11586.9956640625,1.008581391177276,1.0101812941933888,0.9786438453030161,11296.443762662371,11233.704689073373,62.73907358899851,41.64441922778528,21.09465436121323,57.51710244442238,0.01145929268636602,212169.65,0.5717170198470893,0.0089879872094026,0.34615384615384065,1.0015862904373491,0.9687804069708549,-0.006481743270639884
2026-07-14,11232.722104597522,11312.101836797174,11127.862458358475,11266.0419921875,404659,ULTRACEMCO,-0.006481743270639884,-0.013134171060392386,0.009217781941094128,11248.205859375,11216.1012109375,11582.561181640625,1.001585686911805,1.004452597235954,0.9726727807011427,11291.766567204699,11236.100044859604,55.66652234509456,44.44883985124714,11.21768249384742,51.93208191803296,0.011457378469815746,220681.45,1.8336792693722104,0.01635351426583182,0.7500000000000049,1.002862371499126,0.96836105892676,0.027487800165510556
2026-07-15,11273.881727798002,11617.860560070005,11273.881727798002,11575.720703125,379635,ULTRACEMCO,0.027487800165510556,0.040429831709577035,0.038600213055399735,11269.716796875,11210.5936328125,11580.59138671875,1.027152759183341,1.0325698247810715,0.9995794097700972,11335.451818884747,11261.257130657043,74.19468822770432,50.39800952653858,23.79667870116574,58.21883351674265,0.012926280801543066,230783.85,1.6449807904669238,0.029715543515069623,0.877492877492873,1.005273865595257,0.9680501848696101,-0.0034710311807326644
2026-07-16,11622.7607208659,11638.4406678755,11471.8412308985,11535.541015625,260149,ULTRACEMCO,-0.0034710311807326644,0.021433565148590183,0.029833756095689834,11286.425732421874,11203.24365234375,11578.778393554687,1.0220721146897291,1.0296608173126478,0.996265808321044,11366.2347722294,11281.574455469483,84.6603167599169,57.25047097321425,27.409845786702647,57.02892222463977,0.012960505917979462,227713.5,1.1424399519571742,0.014442273383739794,0.38235294117646706,1.007424821119616,0.9675669808638899,-0.003738022961306542
2026-07-17,11534.56075506177,11565.920648363552,11429.701111833936,11492.4208984375,247044,ULTRACEMCO,-0.003738022961306542,0.0013662142599379923,0.03167062813245902,11304.065673828125,11198.87287109375,11577.097700195312,1.016662608838647,1.026212283211237,0.9926858350900516,11385.648022415262,11297.19271050415,88.4553119111115,63.4914391607937,24.96387275031779,60.305746108439955,0.012915624286681901,219885.05,1.1235143089537012,0.011852988829197506,0.46043165467625863,1.0093931598246726,0.9673299095424251,0.015008107840094098
2026-07-20,11532.6008398618,11760.94006451236,11418.921225872678,11664.900390625,456048,ULTRACEMCO,0.015008107840094098,0.028692375641067303,0.0439396767864908,11328.614599609375,11199.59806640625,11576.42150390625,1.0296846351386357,1.0415463413472352,1.0076430256697975,11428.60992521676,11324.43031643903,104.17960877773112,71.62907308418119,32.55053569354993,66.33166382740492,0.01325656048400341,231344.35,1.9712951710296793,0.029320339410232796,0.7191977077363898,1.0115197467300292,0.9674490569151402,0.016046402560834228
2026-07-21,11828.560157348167,11883.439972494109,11687.44063268718,11852.080078125,830840,ULTRACEMCO,0.016046402560834228,0.05201809884464237,0.06960294046883164,11367.177490234375,11210.9268359375,11575.794306640624,1.0426581346431167,1.0571900300100285,1.0238675432687916,11493.759179510336,11363.515483971323,130.24369553901306,83.35199757514756,46.8916979638655,66.12741038088501,0.013354159441878727,256656.4,3.237168447776872,0.016537125847527707,0.8400000000000004,1.0139373538498173,0.9684801352686604,-0.016619824612142065
2026-07-22,11839.33996289506,11928.519661316004,11618.840708557556,11655.1005859375,283753,ULTRACEMCO,-0.016619824612142065,0.006857446274690204,0.040507419446661475,11389.864404296875,11217.19880859375,11574.80451171875,1.0232870359317503,1.0390384252624874,1.0069371430107052,11518.580934345286,11385.114380413263,133.4665539320231,93.37490884652267,40.09164508550042,58.50404081692724,0.013951804311017542,259191.75,1.094760925068024,0.026570251408391275,0.11708860759493284,1.0153929335344258,0.9691048170392038,0.001261267133999322
2026-07-23,11557.101160000106,11728.60058364125,11524.76126868492,11669.80078125,415137,ULTRACEMCO,0.001261267133999322,0.011638792271913667,0.03646971456108483,11410.395361328125,11221.43240234375,11574.260615234374,1.0227341307384534,1.0399564300554538,1.0082545373040825,11541.845526176781,11406.202261956725,135.64326422005615,101.82857992122936,33.81468429882679,54.800217398386685,0.013933703759886347,259826.05,1.5977497252488733,0.017467248908296693,0.7115384615384572,1.0168394686354754,0.969516133719486,-0.005206581223102247
2026-07-24,11514.961331554428,11660.980841205628,11456.16152901032,11609.041015625,229015,ULTRACEMCO,-0.005206581223102247,0.010147567533256296,0.031073250806936903,11427.888330078125,11228.4687890625,11573.236518554688,1.0158518074656087,1.033893510656877,1.0030937324241935,11552.1832937842,11421.227354821041,130.95593896315768,107.65405172961503,23.301887233542644,54.800217398386685,0.014019145965577481,271276.8,0.8442115212211292,0.01764308627384768,0.7464114832535895,1.0177601723584857,0.9702099124182382,0.00295457692339407
2026-07-27,11666.86074116828,11759.960427889066,11516.921245712692,11643.3408203125,250956,ULTRACEMCO,0.00295457692339407,-0.001848242984554549,0.048076963648651105,11454.59326171875,11234.74078125,11571.751826171874,1.0164778926917069,1.0363693339275282,1.0061865303729305,11566.207528634706,11437.680204116705,128.52732451800148,111.82870628729233,16.698618230709144,55.948719835573144,0.013571403397023202,272280.3,0.9216825455238591,0.020873663833010623,0.5201612903225831,1.0195689855911645,0.9708764022954887,0.006312537318264866
2026-07-28,11656.080051987496,11807.979531393756,11585.520293811684,11716.83984375,406573,ULTRACEMCO,0.006312537318264866,-0.011410675044679186,0.06247221624976129,11489.04013671875,11246.26552734375,11571.580322265625,1.0198275664738263,1.0418427179459806,1.0125531273550314,11589.381730960136,11458.358695941393,131.02303501874303,115.66757203358247,15.355462985160557,67.43781266569842,0.013396663760413478,276023.25,1.4729664982931692,0.018986283037805314,0.5903083700440561,1.0215871311934372,0.9718867444323127,0.003512905937001154
2026-07-29,11808.959826637774,11848.159693282214,11740.360060010002,11758.0,282068,ULTRACEMCO,0.003512905937001154,0.008828702361149299,0.04731145345548993,11515.598046875,11257.8098828125,11570.6297265625,1.0210498796622014,1.0444304995726699,1.0161936107079252,11615.323003120116,11480.554348093883,134.76865502623332,119.48778863211265,15.280866394120665,64.8125000389256,0.012930866736772859,284176.0,0.9925820618208434,0.009168194699116542,0.16363636363636302,1.0228986069889197,0.9729643199080285,0.007569314509270342
2026-07-30,11800.0,11861.0,11730.0,11847.0,291418,ULTRACEMCO,0.007569314509270342,0.015184425344664687,0.04792093822625154,11542.6859375,11269.86025390625,11569.688032226562,1.0263642330864553,1.0512109052899488,1.023968837102695,11650.965618024715,11507.698470457299,143.26714756741603,124.24366041917334,19.023487148242694,62.561915837532844,0.012942473544230807,291865.35,0.998467272665289,0.011057651726175403,0.8931297709923665,1.0242084353707213,0.9740850593823133,0.004726935089051976
2026-07-31,11850.0,12009.0,11799.0,11903.0,390471,ULTRACEMCO,0.004726935089051976,0.02532155618878007,0.03607946974832599,11563.410888671875,11281.16861328125,11569.560434570312,1.0293675555247115,1.0551211854050893,1.028820417795075,11689.740138328605,11536.98006523824,152.76007309036504,129.94694295341168,22.81313013695336,70.23136041269127,0.012547316733096298,303495.05,1.2865811155733842,0.017642611106443752,0.49523809523809526,1.0250188863464325,0.975073225735756,0.01268587750987149
2026-08-03,11940.0,12054.0,11905.0,12054.0,159579,ULTRACEMCO,0.01268587750987149,0.03526987537555204,0.05480162505457398,11594.723828125,11292.41978515625,11570.68763671875,1.0396107901044567,1.0674417201391007,1.04177040971597,11745.780117047281,11575.277838183556,170.50227886372522,138.0580101354744,32.44426872825082,76.80063401927967,0.01265248677850268,303573.5,0.5256684130861224,0.012361041977766716,1.0,1.0267705282587993,0.9759506210608055,-0.0003318400530943899
2026-08-04,11920.0,12050.0,11905.0,12050.0,126569,ULTRACEMCO,-0.0003318400530943899,0.028434301457804345,0.05553780528855312,11626.424755859374,11305.609765625,11570.613940429688,1.036432115034087,1.0658425551391608,1.0414313416762835,11792.583175963084,11610.442442762553,182.14073320053103,146.87455474848574,35.266178452045295,70.36656820168045,0.012642491197568228,302287.6,0.4187039097865741,0.012033195020746889,1.0,1.028376619827249,0.9770967922558786,0.011618257261410747
2026-08-05,12049.0,12239.0,11970.0,12190.0,215254,ULTRACEMCO,0.011618257261410747,0.0367409423371321,0.09564147009143564,11679.629638671875,11320.3061328125,11571.009946289063,1.043697478183577,1.0768260024935763,1.053494902915493,11853.724225814916,11653.37263218755,200.35159362736704,157.569962524262,42.78163110310504,75.88476946631874,0.010885904318959246,302361.05,0.7119104792102026,0.022067268252666118,0.8178438661710037,1.0317415007724797,0.9783334545004894,-0.009433962264150941
2026-08-06,12190.0,12204.0,12011.0,12075.0,208304,ULTRACEMCO,-0.009433962264150941,0.019245378576854932,0.06920085347214866,11718.70556640625,11332.7025,11570.772153320313,1.0304039069481472,1.0655004841078286,1.0435777180639578,11887.766652612621,11684.604289062547,203.1623635500746,166.68844272942454,36.47392082065005,71.80216983414502,0.011027930577874994,304695.15,0.6836472454517244,0.015983436853002072,0.3316062176165803,1.0340609899894797,0.9794249121695826,0.00248447204968949
2026-08-07,12051.0,12105.0,11970.0,12105.0,171352,ULTRACEMCO,0.00248447204968949,0.016970511635722163,0.054741914757453936,11750.118505859375,11349.7560546875,11570.801958007813,1.0302023757431602,1.0665427469694895,1.0461677629546227,11921.187167595293,11715.744712094951,205.44245550034248,174.43924528360813,31.003210216734345,68.43614591106049,0.01060732256430061,306506.25,0.5590489590342774,0.011152416356877323,1.0,1.0352749829373227,0.9808962331113675,-0.0055349029326724475
2026-08-10,12040.0,12124.0,11921.0,12038.0,138801,ULTRACEMCO,-0.0055349029326724475,-0.0013273602123776707,0.06159490465256101,11785.04140625,11370.369609375,11570.516362304688,1.021464378870646,1.058716683235568,1.0404030056271574,11939.158372580632,11739.615474161992,199.5428984186401,179.45997591061453,20.082922508025575,58.66034062374904,0.010230273112444739,307381.25,0.4515597486834347,0.01686326632330952,0.5763546798029556,1.0364695090063825,0.9827020033797506,-0.02143213158331947
2026-08-11,12036.0,12061.0,11720.0,11780.0,184916,ULTRACEMCO,-0.02143213158331947,-0.02240663900414941,0.04562010404087857,11810.739306640626,11387.13634765625,11569.906064453126,0.9973973427198294,1.0345006541020836,1.0181586552541129,11914.672469106688,11742.606920520364,172.06554858632444,177.9810904457565,-5.915541859432068,55.504995071644096,0.01143777849903762,296394.1,0.6238855631741658,0.02894736842105263,0.17595307917888564,1.037200130572913,0.9842030077185838,0.009422750424448179
2026-08-12,11790.0,11891.0,11650.0,11891.0,328113,ULTRACEMCO,0.009422750424448179,-0.024528301886792447,0.027236256381849788,11826.503271484375,11407.37748046875,11570.963061523438,1.0054535755019944,1.0423955918316274,1.027658625887483,11911.030550782581,11753.59900048182,157.43155030076196,173.8711824167576,-16.439632115995636,58.98658685219511,0.009961619484160827,293818.0,1.1167219162883146,0.0202674291480952,1.0,1.0367416430054353,0.9858624057319261,-0.015557985030695498
2026-08-13,11875.0,11905.0,11570.0,11706.0,309798,ULTRACEMCO,-0.015557985030695498,-0.03055900621118013,0.014776852177467159,11835.026220703125,11425.95701171875,11570.619760742187,0.989097935374455,1.0245093682738373,1.011700344671004,11879.487389123722,11750.073148594278,129.4142405294442,164.97979403929494,-35.56555350985073,53.57793060502581,0.010617229484392096,296300.45,1.045553592645573,0.028617802836152402,0.4059701492537313,1.035801745846306,0.9874974070521044,-0.007432086109687375
2026-08-14,11657.0,11698.0,11587.0,11619.0,198920,ULTRACEMCO,-0.007432086109687375,-0.04014869888475836,0.01101413728935996,11841.35517578125,11444.4625390625,11570.253056640626,0.9812221513095034,1.0152508219885175,1.0042131268106878,11839.412406181611,11740.364026476183,99.04837970542758,151.79351117252148,-52.7451314670939,49.13541499733253,0.01073161568061627,293894.25,0.6768420954135714,0.009553317841466564,0.2882882882882883,1.0346798842989844,0.9891281100800186,0.005336087442981308
2026-08-17,11610.0,11709.0,11541.0,11681.0,194270,ULTRACEMCO,0.005336087442981308,-0.02965608905133743,0.0013801754696456392,11842.16015625,11466.50125,11569.863154296874,0.9863909832223521,1.0187065561955964,1.0096057182544853,11815.041266769056,11735.966691181651,79.07457558740498,137.24972405549818,-58.1751484680932,48.716485225940566,0.010255668003346536,280805.35,0.6918315480812599,0.014382330279941785,0.8333333333333334,1.032761423738562,0.9910662811721772,-0.015580857803270232
2026-08-18,11626.0,11674.0,11499.0,11499.0,210406,ULTRACEMCO,-0.015580857803270232,-0.023853989813242826,-0.029790557927183436,11824.50615234375,11482.6263671875,11568.29865234375,0.9724719029995826,1.001425948410138,0.9940096072528599,11766.41953341997,11718.413602945973,48.00593047399707,119.40096533919797,-71.3950348652009,41.574495770982445,0.010107817580200703,249783.65,0.8423529722621957,0.015218714670840943,0.0,1.0297736575434693,0.9925942191042161,-0.004261240107835462
2026-08-19,11499.0,11499.0,11396.0,11450.0,251888,ULTRACEMCO,-0.004261240107835462,-0.0370868724245228,-0.01759749599973126,11814.251123046875,11498.65349609375,11567.008549804688,0.9691684966526312,0.9957687657854654,0.9898842860450151,11717.739605201512,11698.531113838864,19.208491362647692,99.36247054388792,-80.15397918124023,36.74014696058784,0.009491373729645088,248190.4,1.0148982394161903,0.008995633187772925,0.5242718446601942,1.0274464855437497,0.9940905158480157,0.01091703056768556
2026-08-20,11500.0,11643.0,11422.0,11575.0,209955,ULTRACEMCO,0.01091703056768556,-0.011190842303092419,-0.008123598939436705,11809.511083984375,11517.8862109375,11566.32875,0.9801421851999944,1.004958704055286,1.0007496976946983,11695.77966593974,11689.380660961911,6.399004977829463,80.76977743067624,-74.37077245284678,39.52745849297573,0.009843169446498106,237931.3,0.8824185804894102,0.019092872570194385,0.6923076923076923,1.0253193049233238,0.9958117618727982,-0.0004319654427645814
2026-08-21,11549.0,11620.0,11526.0,11570.0,133753,ULTRACEMCO,-0.0004319654427645814,-0.0042172303984852055,-0.003362983692835053,11807.559033203124,11531.39375,11566.265844726562,0.9798807668430788,1.0033479257440152,1.000322848819452,11676.428948102857,11680.537649038806,-4.108700935948946,63.79408175735121,-67.90278269330015,32.95774647887325,0.009777154945890366,233168.2,0.5736331112047012,0.008124459809853069,0.46808510638297873,1.023948994301155,0.9969850170145914,-0.005704407951598989
2026-08-24,11566.0,11606.0,11484.0,11504.0,297744,ULTRACEMCO,-0.005704407951598989,-0.01515281225922438,-0.011967426056051833,11800.5919921875,11536.74091796875,11565.427041015624,0.9748663463338233,0.997162030576785,0.994688735591191,11649.901417625495,11667.460786147043,-17.559368521548095,47.52339170157135,-65.08276022311944,31.578947368421055,0.00982530947571646,235507.6,1.2642649324268092,0.01060500695410292,0.16393442622950818,1.022870503558574,0.9975196659020767,0.0031293463143253764
2026-08-25,11505.0,11554.0,11445.0,11540.0,225470,ULTRACEMCO,0.0031293463143253764,0.0035655274371684254,-0.015092793458667098,11791.75,11544.27806640625,11565.067138671875,0.9786503275595225,0.9996294210533009,0.9978325124816566,11632.993507221572,11658.019246432446,-25.025739210874235,33.01356551908223,-58.03930472995646,26.41509433962264,0.009733548282724493,226452.45,0.9956615616214353,0.009445407279029462,0.8715596330275229,1.0214367613262791,0.9982024252850111,0.015337954939341314
2026-08-26,11580.0,11820.0,11580.0,11717.0,207929,ULTRACEMCO,0.015337954939341314,0.023318777292576476,-0.0034869875829223185,11789.7,11555.70802734375,11566.185131835937,0.9938336005157044,1.0139577750038848,1.0130392922510765,11645.917583033637,11662.388191141154,-16.470608107516455,23.116730793762493,-39.58733890127895,37.56944444444445,0.010343892111593955,222745.5,0.9334823823601375,0.02048305880344798,0.5708333333333333,1.020249038146565,0.9990941607476653,0.0
2026-08-27,11674.0,11815.0,11674.0,11717.0,319993,ULTRACEMCO,0.0,0.012267818574513978,-0.010973242171013808,11783.2,11566.02078125,11566.827827148438,0.9943818317604725,1.013053687314375,1.0129830040781875,11656.85333949,11666.433510315883,-9.580170825882306,16.577350469833533,-26.15752129571584,36.24113475177305,0.010184856067654572,224174.25,1.4274297783978311,0.01203379704702569,0.3049645390070922,1.0187773498645338,0.999930227551538,-0.010924298028505586
2026-08-28,11705.0,11746.0,11523.0,11589.0,235738,ULTRACEMCO,-0.010924298028505586,0.0016421780466724378,-0.026379904225825368,11767.5,11575.00833984375,11566.360126953125,0.9848311026131293,1.0012087818639481,1.00195738960212,11646.414364183845,11660.69769473693,-14.283330553083943,10.405214265250038,-24.68854481833398,34.73827328348062,0.01036168263396653,216437.6,1.0891730457184887,0.01924238502027785,0.29596412556053814,1.0166299370596263,1.0007477039272252,-0.011994132366899612
2026-08-31,11550.0,11560.0,11415.0,11450.0,381057,ULTRACEMCO,-0.011994132366899612,-0.0046940194714881756,-0.05010784801725565,11737.3,11580.52990234375,11565.133725585938,0.9755224796162661,0.9887285034929765,0.9900447562200493,11616.196769694023,11645.09045808975,-28.893688395726713,2.5454337330546872,-31.4391221287814,37.79585798816568,0.010075987294581652,227511.5,1.674891159347989,0.012663755458515284,0.2413793103448276,1.0135373855063854,1.0013312579969351,-0.004366812227074246
2026-09-01,11450.0,11550.0,11390.0,11400.0,168152,ULTRACEMCO,-0.004366812227074246,-0.012131715771230511,-0.053941908713692976,11704.8,11586.91345703125,11563.951323242187,0.9739594012712733,0.9838685722712612,0.9858222056925591,11582.935728202636,11626.93560934236,-43.999881139723584,-6.763629241500967,-37.23625189822262,30.98373353989156,0.010070289881490198,229590.65,0.7323991634676761,0.014035087719298246,0.0625,1.0101741109404085,1.0019856650332757,-0.000614035087719289
2026-09-02,11350.0,11398.0,11180.0,11393.0,228820,ULTRACEMCO,-0.000614035087719289,-0.027652129384654778,-0.06538146021328961,11664.95,11590.7462109375,11563.20431640625,0.9766865695952404,0.9829393028422193,0.9852805233092042,11553.714846940691,11609.60704568737,-55.89219874667833,-16.58934314253644,-39.3028556041419,35.93890386343216,0.00950944455735614,230268.95,0.9937075754243027,0.019134556306503993,0.9770642201834863,1.006401985490156,1.0023818566011302,-0.010357236899850797
2026-09-03,11450.0,11450.0,11275.0,11275.0,247614,ULTRACEMCO,-0.010357236899850797,-0.03772296662968333,-0.0662525879917184,11624.95,11591.062578125,11562.215209960938,0.9698966447167514,0.9727322170858189,0.9751591537827891,11510.835639719046,11584.821338599415,-73.98569888036945,-28.068614290103042,-45.91708459026641,34.96503496503496,0.009542807872450076,232234.45,1.0662242402020887,0.015521064301552107,0.0,1.0029235819966114,1.0024949689691998,
